[0.103s] DEBUG:colcon:Command line arguments: ['/usr/bin/colcon', 'build', '--symlink-install', '--cmake-args', '-DCMAKE_MODULE_PATH=/home/starry1n/WUTA-FSD1/ros2_ws/cmake']
[0.103s] DEBUG:colcon:Parsed command line arguments: Namespace(log_base=None, log_level=None, verb_name='build', build_base='build', install_base='install', merge_install=False, symlink_install=True, test_result_base=None, continue_on_error=False, executor='parallel', parallel_workers=8, event_handlers=None, ignore_user_meta=False, metas=['./colcon.meta'], base_paths=['.'], packages_ignore=None, packages_ignore_regex=None, paths=None, packages_up_to=None, packages_up_to_regex=None, packages_above=None, packages_above_and_dependencies=None, packages_above_depth=None, packages_select_by_dep=None, packages_skip_by_dep=None, packages_skip_up_to=None, packages_select_build_failed=False, packages_skip_build_finished=False, packages_select_test_failures=False, packages_skip_test_passed=False, packages_select=None, packages_skip=None, packages_select_regex=None, packages_skip_regex=None, packages_start=None, packages_end=None, allow_overriding=[], cmake_args=['-DCMAKE_MODULE_PATH=/home/starry1n/WUTA-FSD1/ros2_ws/cmake'], cmake_target=None, cmake_target_skip_unavailable=False, cmake_clean_cache=False, cmake_clean_first=False, cmake_force_configure=False, ament_cmake_args=None, catkin_cmake_args=None, catkin_skip_building_tests=False, verb_parser=<colcon_defaults.argument_parser.defaults.DefaultArgumentsDecorator object at 0x7cc8b931f130>, verb_extension=<colcon_core.verb.build.BuildVerb object at 0x7cc8b94fd000>, main=<bound method BuildVerb.main of <colcon_core.verb.build.BuildVerb object at 0x7cc8b94fd000>>)
[0.241s] Level 1:colcon.colcon_core.package_discovery:discover_packages(colcon_meta) check parameters
[0.241s] Level 1:colcon.colcon_core.package_discovery:discover_packages(recursive) check parameters
[0.241s] Level 1:colcon.colcon_core.package_discovery:discover_packages(ignore) check parameters
[0.241s] Level 1:colcon.colcon_core.package_discovery:discover_packages(path) check parameters
[0.241s] Level 1:colcon.colcon_core.package_discovery:discover_packages(colcon_meta) discover
[0.241s] Level 1:colcon.colcon_core.package_discovery:discover_packages(recursive) discover
[0.241s] INFO:colcon.colcon_core.package_discovery:Crawling recursively for packages in '/home/starry1n/WUTA-FSD1/ros2_ws'
[0.242s] Level 1:colcon.colcon_core.package_identification:_identify(.) by extensions ['ignore', 'ignore_ament_install']
[0.242s] Level 1:colcon.colcon_core.package_identification:_identify(.) by extension 'ignore'
[0.242s] Level 1:colcon.colcon_core.package_identification:_identify(.) by extension 'ignore_ament_install'
[0.242s] Level 1:colcon.colcon_core.package_identification:_identify(.) by extensions ['colcon_pkg']
[0.242s] Level 1:colcon.colcon_core.package_identification:_identify(.) by extension 'colcon_pkg'
[0.242s] Level 1:colcon.colcon_core.package_identification:_identify(.) by extensions ['colcon_meta']
[0.242s] Level 1:colcon.colcon_core.package_identification:_identify(.) by extension 'colcon_meta'
[0.242s] Level 1:colcon.colcon_core.package_identification:_identify(.) by extensions ['ros']
[0.242s] Level 1:colcon.colcon_core.package_identification:_identify(.) by extension 'ros'
[0.250s] Level 1:colcon.colcon_core.package_identification:_identify(.) by extensions ['cmake', 'python']
[0.250s] Level 1:colcon.colcon_core.package_identification:_identify(.) by extension 'cmake'
[0.250s] Level 1:colcon.colcon_core.package_identification:_identify(.) by extension 'python'
[0.250s] Level 1:colcon.colcon_core.package_identification:_identify(.) by extensions ['python_setup_py']
[0.250s] Level 1:colcon.colcon_core.package_identification:_identify(.) by extension 'python_setup_py'
[0.250s] Level 1:colcon.colcon_core.package_identification:_identify(build) by extensions ['ignore', 'ignore_ament_install']
[0.250s] Level 1:colcon.colcon_core.package_identification:_identify(build) by extension 'ignore'
[0.250s] Level 1:colcon.colcon_core.package_identification:_identify(build) ignored
[0.250s] Level 1:colcon.colcon_core.package_identification:_identify(cmake) by extensions ['ignore', 'ignore_ament_install']
[0.250s] Level 1:colcon.colcon_core.package_identification:_identify(cmake) by extension 'ignore'
[0.251s] Level 1:colcon.colcon_core.package_identification:_identify(cmake) by extension 'ignore_ament_install'
[0.251s] Level 1:colcon.colcon_core.package_identification:_identify(cmake) by extensions ['colcon_pkg']
[0.251s] Level 1:colcon.colcon_core.package_identification:_identify(cmake) by extension 'colcon_pkg'
[0.251s] Level 1:colcon.colcon_core.package_identification:_identify(cmake) by extensions ['colcon_meta']
[0.251s] Level 1:colcon.colcon_core.package_identification:_identify(cmake) by extension 'colcon_meta'
[0.251s] Level 1:colcon.colcon_core.package_identification:_identify(cmake) by extensions ['ros']
[0.251s] Level 1:colcon.colcon_core.package_identification:_identify(cmake) by extension 'ros'
[0.251s] Level 1:colcon.colcon_core.package_identification:_identify(cmake) by extensions ['cmake', 'python']
[0.251s] Level 1:colcon.colcon_core.package_identification:_identify(cmake) by extension 'cmake'
[0.251s] Level 1:colcon.colcon_core.package_identification:_identify(cmake) by extension 'python'
[0.251s] Level 1:colcon.colcon_core.package_identification:_identify(cmake) by extensions ['python_setup_py']
[0.251s] Level 1:colcon.colcon_core.package_identification:_identify(cmake) by extension 'python_setup_py'
[0.251s] Level 1:colcon.colcon_core.package_identification:_identify(install) by extensions ['ignore', 'ignore_ament_install']
[0.251s] Level 1:colcon.colcon_core.package_identification:_identify(install) by extension 'ignore'
[0.251s] Level 1:colcon.colcon_core.package_identification:_identify(install) ignored
[0.251s] Level 1:colcon.colcon_core.package_identification:_identify(log) by extensions ['ignore', 'ignore_ament_install']
[0.251s] Level 1:colcon.colcon_core.package_identification:_identify(log) by extension 'ignore'
[0.251s] Level 1:colcon.colcon_core.package_identification:_identify(log) ignored
[0.251s] Level 1:colcon.colcon_core.package_identification:_identify(src) by extensions ['ignore', 'ignore_ament_install']
[0.251s] Level 1:colcon.colcon_core.package_identification:_identify(src) by extension 'ignore'
[0.251s] Level 1:colcon.colcon_core.package_identification:_identify(src) by extension 'ignore_ament_install'
[0.251s] Level 1:colcon.colcon_core.package_identification:_identify(src) by extensions ['colcon_pkg']
[0.251s] Level 1:colcon.colcon_core.package_identification:_identify(src) by extension 'colcon_pkg'
[0.251s] Level 1:colcon.colcon_core.package_identification:_identify(src) by extensions ['colcon_meta']
[0.251s] Level 1:colcon.colcon_core.package_identification:_identify(src) by extension 'colcon_meta'
[0.251s] Level 1:colcon.colcon_core.package_identification:_identify(src) by extensions ['ros']
[0.251s] Level 1:colcon.colcon_core.package_identification:_identify(src) by extension 'ros'
[0.251s] Level 1:colcon.colcon_core.package_identification:_identify(src) by extensions ['cmake', 'python']
[0.251s] Level 1:colcon.colcon_core.package_identification:_identify(src) by extension 'cmake'
[0.251s] Level 1:colcon.colcon_core.package_identification:_identify(src) by extension 'python'
[0.251s] Level 1:colcon.colcon_core.package_identification:_identify(src) by extensions ['python_setup_py']
[0.251s] Level 1:colcon.colcon_core.package_identification:_identify(src) by extension 'python_setup_py'
[0.251s] Level 1:colcon.colcon_core.package_identification:_identify(src/common) by extensions ['ignore', 'ignore_ament_install']
[0.251s] Level 1:colcon.colcon_core.package_identification:_identify(src/common) by extension 'ignore'
[0.252s] Level 1:colcon.colcon_core.package_identification:_identify(src/common) by extension 'ignore_ament_install'
[0.252s] Level 1:colcon.colcon_core.package_identification:_identify(src/common) by extensions ['colcon_pkg']
[0.252s] Level 1:colcon.colcon_core.package_identification:_identify(src/common) by extension 'colcon_pkg'
[0.252s] Level 1:colcon.colcon_core.package_identification:_identify(src/common) by extensions ['colcon_meta']
[0.252s] Level 1:colcon.colcon_core.package_identification:_identify(src/common) by extension 'colcon_meta'
[0.252s] Level 1:colcon.colcon_core.package_identification:_identify(src/common) by extensions ['ros']
[0.252s] Level 1:colcon.colcon_core.package_identification:_identify(src/common) by extension 'ros'
[0.252s] Level 1:colcon.colcon_core.package_identification:_identify(src/common) by extensions ['cmake', 'python']
[0.252s] Level 1:colcon.colcon_core.package_identification:_identify(src/common) by extension 'cmake'
[0.252s] Level 1:colcon.colcon_core.package_identification:_identify(src/common) by extension 'python'
[0.252s] Level 1:colcon.colcon_core.package_identification:_identify(src/common) by extensions ['python_setup_py']
[0.252s] Level 1:colcon.colcon_core.package_identification:_identify(src/common) by extension 'python_setup_py'
[0.252s] Level 1:colcon.colcon_core.package_identification:_identify(src/common/autoware_msgs) by extensions ['ignore', 'ignore_ament_install']
[0.252s] Level 1:colcon.colcon_core.package_identification:_identify(src/common/autoware_msgs) by extension 'ignore'
[0.252s] Level 1:colcon.colcon_core.package_identification:_identify(src/common/autoware_msgs) by extension 'ignore_ament_install'
[0.252s] Level 1:colcon.colcon_core.package_identification:_identify(src/common/autoware_msgs) by extensions ['colcon_pkg']
[0.252s] Level 1:colcon.colcon_core.package_identification:_identify(src/common/autoware_msgs) by extension 'colcon_pkg'
[0.252s] Level 1:colcon.colcon_core.package_identification:_identify(src/common/autoware_msgs) by extensions ['colcon_meta']
[0.252s] Level 1:colcon.colcon_core.package_identification:_identify(src/common/autoware_msgs) by extension 'colcon_meta'
[0.252s] Level 1:colcon.colcon_core.package_identification:_identify(src/common/autoware_msgs) by extensions ['ros']
[0.252s] Level 1:colcon.colcon_core.package_identification:_identify(src/common/autoware_msgs) by extension 'ros'
[0.254s] DEBUG:colcon.colcon_core.package_identification:Package 'src/common/autoware_msgs' with type 'ros.ament_cmake' and name 'autoware_msgs'
[0.254s] Level 1:colcon.colcon_core.package_identification:_identify(src/common/wuta_msgs) by extensions ['ignore', 'ignore_ament_install']
[0.254s] Level 1:colcon.colcon_core.package_identification:_identify(src/common/wuta_msgs) by extension 'ignore'
[0.254s] Level 1:colcon.colcon_core.package_identification:_identify(src/common/wuta_msgs) by extension 'ignore_ament_install'
[0.254s] Level 1:colcon.colcon_core.package_identification:_identify(src/common/wuta_msgs) by extensions ['colcon_pkg']
[0.254s] Level 1:colcon.colcon_core.package_identification:_identify(src/common/wuta_msgs) by extension 'colcon_pkg'
[0.254s] Level 1:colcon.colcon_core.package_identification:_identify(src/common/wuta_msgs) by extensions ['colcon_meta']
[0.254s] Level 1:colcon.colcon_core.package_identification:_identify(src/common/wuta_msgs) by extension 'colcon_meta'
[0.254s] Level 1:colcon.colcon_core.package_identification:_identify(src/common/wuta_msgs) by extensions ['ros']
[0.254s] Level 1:colcon.colcon_core.package_identification:_identify(src/common/wuta_msgs) by extension 'ros'
[0.254s] DEBUG:colcon.colcon_core.package_identification:Package 'src/common/wuta_msgs' with type 'ros.ament_cmake' and name 'wuta_msgs'
[0.255s] Level 1:colcon.colcon_core.package_identification:_identify(src/common/wuta_tools) by extensions ['ignore', 'ignore_ament_install']
[0.255s] Level 1:colcon.colcon_core.package_identification:_identify(src/common/wuta_tools) by extension 'ignore'
[0.255s] Level 1:colcon.colcon_core.package_identification:_identify(src/common/wuta_tools) by extension 'ignore_ament_install'
[0.255s] Level 1:colcon.colcon_core.package_identification:_identify(src/common/wuta_tools) by extensions ['colcon_pkg']
[0.255s] Level 1:colcon.colcon_core.package_identification:_identify(src/common/wuta_tools) by extension 'colcon_pkg'
[0.255s] Level 1:colcon.colcon_core.package_identification:_identify(src/common/wuta_tools) by extensions ['colcon_meta']
[0.255s] Level 1:colcon.colcon_core.package_identification:_identify(src/common/wuta_tools) by extension 'colcon_meta'
[0.255s] Level 1:colcon.colcon_core.package_identification:_identify(src/common/wuta_tools) by extensions ['ros']
[0.255s] Level 1:colcon.colcon_core.package_identification:_identify(src/common/wuta_tools) by extension 'ros'
[0.255s] DEBUG:colcon.colcon_core.package_identification:Package 'src/common/wuta_tools' with type 'ros.ament_cmake' and name 'wuta_tools'
[0.255s] Level 1:colcon.colcon_core.package_identification:_identify(src/control) by extensions ['ignore', 'ignore_ament_install']
[0.255s] Level 1:colcon.colcon_core.package_identification:_identify(src/control) by extension 'ignore'
[0.255s] Level 1:colcon.colcon_core.package_identification:_identify(src/control) by extension 'ignore_ament_install'
[0.255s] Level 1:colcon.colcon_core.package_identification:_identify(src/control) by extensions ['colcon_pkg']
[0.255s] Level 1:colcon.colcon_core.package_identification:_identify(src/control) by extension 'colcon_pkg'
[0.255s] Level 1:colcon.colcon_core.package_identification:_identify(src/control) by extensions ['colcon_meta']
[0.255s] Level 1:colcon.colcon_core.package_identification:_identify(src/control) by extension 'colcon_meta'
[0.255s] Level 1:colcon.colcon_core.package_identification:_identify(src/control) by extensions ['ros']
[0.255s] Level 1:colcon.colcon_core.package_identification:_identify(src/control) by extension 'ros'
[0.255s] Level 1:colcon.colcon_core.package_identification:_identify(src/control) by extensions ['cmake', 'python']
[0.255s] Level 1:colcon.colcon_core.package_identification:_identify(src/control) by extension 'cmake'
[0.255s] Level 1:colcon.colcon_core.package_identification:_identify(src/control) by extension 'python'
[0.255s] Level 1:colcon.colcon_core.package_identification:_identify(src/control) by extensions ['python_setup_py']
[0.255s] Level 1:colcon.colcon_core.package_identification:_identify(src/control) by extension 'python_setup_py'
[0.255s] Level 1:colcon.colcon_core.package_identification:_identify(src/control/controller) by extensions ['ignore', 'ignore_ament_install']
[0.256s] Level 1:colcon.colcon_core.package_identification:_identify(src/control/controller) by extension 'ignore'
[0.256s] Level 1:colcon.colcon_core.package_identification:_identify(src/control/controller) by extension 'ignore_ament_install'
[0.256s] Level 1:colcon.colcon_core.package_identification:_identify(src/control/controller) by extensions ['colcon_pkg']
[0.256s] Level 1:colcon.colcon_core.package_identification:_identify(src/control/controller) by extension 'colcon_pkg'
[0.256s] Level 1:colcon.colcon_core.package_identification:_identify(src/control/controller) by extensions ['colcon_meta']
[0.256s] Level 1:colcon.colcon_core.package_identification:_identify(src/control/controller) by extension 'colcon_meta'
[0.256s] Level 1:colcon.colcon_core.package_identification:_identify(src/control/controller) by extensions ['ros']
[0.256s] Level 1:colcon.colcon_core.package_identification:_identify(src/control/controller) by extension 'ros'
[0.256s] DEBUG:colcon.colcon_core.package_identification:Package 'src/control/controller' with type 'ros.ament_cmake' and name 'controller'
[0.256s] Level 1:colcon.colcon_core.package_identification:_identify(src/localization) by extensions ['ignore', 'ignore_ament_install']
[0.256s] Level 1:colcon.colcon_core.package_identification:_identify(src/localization) by extension 'ignore'
[0.256s] Level 1:colcon.colcon_core.package_identification:_identify(src/localization) by extension 'ignore_ament_install'
[0.256s] Level 1:colcon.colcon_core.package_identification:_identify(src/localization) by extensions ['colcon_pkg']
[0.256s] Level 1:colcon.colcon_core.package_identification:_identify(src/localization) by extension 'colcon_pkg'
[0.256s] Level 1:colcon.colcon_core.package_identification:_identify(src/localization) by extensions ['colcon_meta']
[0.256s] Level 1:colcon.colcon_core.package_identification:_identify(src/localization) by extension 'colcon_meta'
[0.256s] Level 1:colcon.colcon_core.package_identification:_identify(src/localization) by extensions ['ros']
[0.256s] Level 1:colcon.colcon_core.package_identification:_identify(src/localization) by extension 'ros'
[0.256s] Level 1:colcon.colcon_core.package_identification:_identify(src/localization) by extensions ['cmake', 'python']
[0.257s] Level 1:colcon.colcon_core.package_identification:_identify(src/localization) by extension 'cmake'
[0.257s] Level 1:colcon.colcon_core.package_identification:_identify(src/localization) by extension 'python'
[0.257s] Level 1:colcon.colcon_core.package_identification:_identify(src/localization) by extensions ['python_setup_py']
[0.257s] Level 1:colcon.colcon_core.package_identification:_identify(src/localization) by extension 'python_setup_py'
[0.257s] Level 1:colcon.colcon_core.package_identification:_identify(src/localization/kiss-icp) by extensions ['ignore', 'ignore_ament_install']
[0.257s] Level 1:colcon.colcon_core.package_identification:_identify(src/localization/kiss-icp) by extension 'ignore'
[0.257s] Level 1:colcon.colcon_core.package_identification:_identify(src/localization/kiss-icp) by extension 'ignore_ament_install'
[0.257s] Level 1:colcon.colcon_core.package_identification:_identify(src/localization/kiss-icp) by extensions ['colcon_pkg']
[0.257s] Level 1:colcon.colcon_core.package_identification:_identify(src/localization/kiss-icp) by extension 'colcon_pkg'
[0.257s] Level 1:colcon.colcon_core.package_identification:_identify(src/localization/kiss-icp) by extensions ['colcon_meta']
[0.257s] Level 1:colcon.colcon_core.package_identification:_identify(src/localization/kiss-icp) by extension 'colcon_meta'
[0.257s] Level 1:colcon.colcon_core.package_identification:_identify(src/localization/kiss-icp) by extensions ['ros']
[0.257s] Level 1:colcon.colcon_core.package_identification:_identify(src/localization/kiss-icp) by extension 'ros'
[0.257s] Level 1:colcon.colcon_core.package_identification:_identify(src/localization/kiss-icp) by extensions ['cmake', 'python']
[0.257s] Level 1:colcon.colcon_core.package_identification:_identify(src/localization/kiss-icp) by extension 'cmake'
[0.257s] Level 1:colcon.colcon_core.package_identification:_identify(src/localization/kiss-icp) by extension 'python'
[0.257s] Level 1:colcon.colcon_core.package_identification:_identify(src/localization/kiss-icp) by extensions ['python_setup_py']
[0.257s] Level 1:colcon.colcon_core.package_identification:_identify(src/localization/kiss-icp) by extension 'python_setup_py'
[0.257s] Level 1:colcon.colcon_core.package_identification:_identify(src/localization/kiss-icp/config) by extensions ['ignore', 'ignore_ament_install']
[0.257s] Level 1:colcon.colcon_core.package_identification:_identify(src/localization/kiss-icp/config) by extension 'ignore'
[0.257s] Level 1:colcon.colcon_core.package_identification:_identify(src/localization/kiss-icp/config) by extension 'ignore_ament_install'
[0.257s] Level 1:colcon.colcon_core.package_identification:_identify(src/localization/kiss-icp/config) by extensions ['colcon_pkg']
[0.257s] Level 1:colcon.colcon_core.package_identification:_identify(src/localization/kiss-icp/config) by extension 'colcon_pkg'
[0.257s] Level 1:colcon.colcon_core.package_identification:_identify(src/localization/kiss-icp/config) by extensions ['colcon_meta']
[0.257s] Level 1:colcon.colcon_core.package_identification:_identify(src/localization/kiss-icp/config) by extension 'colcon_meta'
[0.257s] Level 1:colcon.colcon_core.package_identification:_identify(src/localization/kiss-icp/config) by extensions ['ros']
[0.257s] Level 1:colcon.colcon_core.package_identification:_identify(src/localization/kiss-icp/config) by extension 'ros'
[0.257s] Level 1:colcon.colcon_core.package_identification:_identify(src/localization/kiss-icp/config) by extensions ['cmake', 'python']
[0.257s] Level 1:colcon.colcon_core.package_identification:_identify(src/localization/kiss-icp/config) by extension 'cmake'
[0.257s] Level 1:colcon.colcon_core.package_identification:_identify(src/localization/kiss-icp/config) by extension 'python'
[0.257s] Level 1:colcon.colcon_core.package_identification:_identify(src/localization/kiss-icp/config) by extensions ['python_setup_py']
[0.257s] Level 1:colcon.colcon_core.package_identification:_identify(src/localization/kiss-icp/config) by extension 'python_setup_py'
[0.257s] Level 1:colcon.colcon_core.package_identification:_identify(src/localization/kiss-icp/cpp) by extensions ['ignore', 'ignore_ament_install']
[0.257s] Level 1:colcon.colcon_core.package_identification:_identify(src/localization/kiss-icp/cpp) by extension 'ignore'
[0.257s] Level 1:colcon.colcon_core.package_identification:_identify(src/localization/kiss-icp/cpp) ignored
[0.257s] Level 1:colcon.colcon_core.package_identification:_identify(src/localization/kiss-icp/eval) by extensions ['ignore', 'ignore_ament_install']
[0.258s] Level 1:colcon.colcon_core.package_identification:_identify(src/localization/kiss-icp/eval) by extension 'ignore'
[0.258s] Level 1:colcon.colcon_core.package_identification:_identify(src/localization/kiss-icp/eval) by extension 'ignore_ament_install'
[0.258s] Level 1:colcon.colcon_core.package_identification:_identify(src/localization/kiss-icp/eval) by extensions ['colcon_pkg']
[0.258s] Level 1:colcon.colcon_core.package_identification:_identify(src/localization/kiss-icp/eval) by extension 'colcon_pkg'
[0.258s] Level 1:colcon.colcon_core.package_identification:_identify(src/localization/kiss-icp/eval) by extensions ['colcon_meta']
[0.258s] Level 1:colcon.colcon_core.package_identification:_identify(src/localization/kiss-icp/eval) by extension 'colcon_meta'
[0.258s] Level 1:colcon.colcon_core.package_identification:_identify(src/localization/kiss-icp/eval) by extensions ['ros']
[0.258s] Level 1:colcon.colcon_core.package_identification:_identify(src/localization/kiss-icp/eval) by extension 'ros'
[0.258s] Level 1:colcon.colcon_core.package_identification:_identify(src/localization/kiss-icp/eval) by extensions ['cmake', 'python']
[0.258s] Level 1:colcon.colcon_core.package_identification:_identify(src/localization/kiss-icp/eval) by extension 'cmake'
[0.258s] Level 1:colcon.colcon_core.package_identification:_identify(src/localization/kiss-icp/eval) by extension 'python'
[0.258s] Level 1:colcon.colcon_core.package_identification:_identify(src/localization/kiss-icp/eval) by extensions ['python_setup_py']
[0.258s] Level 1:colcon.colcon_core.package_identification:_identify(src/localization/kiss-icp/eval) by extension 'python_setup_py'
[0.258s] Level 1:colcon.colcon_core.package_identification:_identify(src/localization/kiss-icp/python) by extensions ['ignore', 'ignore_ament_install']
[0.258s] Level 1:colcon.colcon_core.package_identification:_identify(src/localization/kiss-icp/python) by extension 'ignore'
[0.258s] Level 1:colcon.colcon_core.package_identification:_identify(src/localization/kiss-icp/python) ignored
[0.258s] Level 1:colcon.colcon_core.package_identification:_identify(src/localization/kiss-icp/ros) by extensions ['ignore', 'ignore_ament_install']
[0.258s] Level 1:colcon.colcon_core.package_identification:_identify(src/localization/kiss-icp/ros) by extension 'ignore'
[0.258s] Level 1:colcon.colcon_core.package_identification:_identify(src/localization/kiss-icp/ros) by extension 'ignore_ament_install'
[0.258s] Level 1:colcon.colcon_core.package_identification:_identify(src/localization/kiss-icp/ros) by extensions ['colcon_pkg']
[0.258s] Level 1:colcon.colcon_core.package_identification:_identify(src/localization/kiss-icp/ros) by extension 'colcon_pkg'
[0.258s] Level 1:colcon.colcon_core.package_identification:_identify(src/localization/kiss-icp/ros) by extensions ['colcon_meta']
[0.258s] Level 1:colcon.colcon_core.package_identification:_identify(src/localization/kiss-icp/ros) by extension 'colcon_meta'
[0.258s] Level 1:colcon.colcon_core.package_identification:_identify(src/localization/kiss-icp/ros) by extensions ['ros']
[0.258s] Level 1:colcon.colcon_core.package_identification:_identify(src/localization/kiss-icp/ros) by extension 'ros'
[0.260s] DEBUG:colcon.colcon_core.package_identification:Package 'src/localization/kiss-icp/ros' with type 'ros.ament_cmake' and name 'kiss_icp'
[0.260s] Level 1:colcon.colcon_core.package_identification:_identify(src/localization/kiss_icp_wrapper) by extensions ['ignore', 'ignore_ament_install']
[0.260s] Level 1:colcon.colcon_core.package_identification:_identify(src/localization/kiss_icp_wrapper) by extension 'ignore'
[0.260s] Level 1:colcon.colcon_core.package_identification:_identify(src/localization/kiss_icp_wrapper) by extension 'ignore_ament_install'
[0.260s] Level 1:colcon.colcon_core.package_identification:_identify(src/localization/kiss_icp_wrapper) by extensions ['colcon_pkg']
[0.260s] Level 1:colcon.colcon_core.package_identification:_identify(src/localization/kiss_icp_wrapper) by extension 'colcon_pkg'
[0.260s] Level 1:colcon.colcon_core.package_identification:_identify(src/localization/kiss_icp_wrapper) by extensions ['colcon_meta']
[0.260s] Level 1:colcon.colcon_core.package_identification:_identify(src/localization/kiss_icp_wrapper) by extension 'colcon_meta'
[0.261s] Level 1:colcon.colcon_core.package_identification:_identify(src/localization/kiss_icp_wrapper) by extensions ['ros']
[0.261s] Level 1:colcon.colcon_core.package_identification:_identify(src/localization/kiss_icp_wrapper) by extension 'ros'
[0.261s] DEBUG:colcon.colcon_core.package_identification:Package 'src/localization/kiss_icp_wrapper' with type 'ros.ament_cmake' and name 'kiss_icp_wrapper'
[0.261s] Level 1:colcon.colcon_core.package_identification:_identify(src/localization/localization_manager) by extensions ['ignore', 'ignore_ament_install']
[0.262s] Level 1:colcon.colcon_core.package_identification:_identify(src/localization/localization_manager) by extension 'ignore'
[0.262s] Level 1:colcon.colcon_core.package_identification:_identify(src/localization/localization_manager) by extension 'ignore_ament_install'
[0.262s] Level 1:colcon.colcon_core.package_identification:_identify(src/localization/localization_manager) by extensions ['colcon_pkg']
[0.262s] Level 1:colcon.colcon_core.package_identification:_identify(src/localization/localization_manager) by extension 'colcon_pkg'
[0.262s] Level 1:colcon.colcon_core.package_identification:_identify(src/localization/localization_manager) by extensions ['colcon_meta']
[0.262s] Level 1:colcon.colcon_core.package_identification:_identify(src/localization/localization_manager) by extension 'colcon_meta'
[0.262s] Level 1:colcon.colcon_core.package_identification:_identify(src/localization/localization_manager) by extensions ['ros']
[0.262s] Level 1:colcon.colcon_core.package_identification:_identify(src/localization/localization_manager) by extension 'ros'
[0.263s] DEBUG:colcon.colcon_core.package_identification:Package 'src/localization/localization_manager' with type 'ros.ament_cmake' and name 'localization_manager'
[0.263s] Level 1:colcon.colcon_core.package_identification:_identify(src/localization/ndt_localization) by extensions ['ignore', 'ignore_ament_install']
[0.263s] Level 1:colcon.colcon_core.package_identification:_identify(src/localization/ndt_localization) by extension 'ignore'
[0.263s] Level 1:colcon.colcon_core.package_identification:_identify(src/localization/ndt_localization) by extension 'ignore_ament_install'
[0.263s] Level 1:colcon.colcon_core.package_identification:_identify(src/localization/ndt_localization) by extensions ['colcon_pkg']
[0.263s] Level 1:colcon.colcon_core.package_identification:_identify(src/localization/ndt_localization) by extension 'colcon_pkg'
[0.263s] Level 1:colcon.colcon_core.package_identification:_identify(src/localization/ndt_localization) by extensions ['colcon_meta']
[0.263s] Level 1:colcon.colcon_core.package_identification:_identify(src/localization/ndt_localization) by extension 'colcon_meta'
[0.263s] Level 1:colcon.colcon_core.package_identification:_identify(src/localization/ndt_localization) by extensions ['ros']
[0.263s] Level 1:colcon.colcon_core.package_identification:_identify(src/localization/ndt_localization) by extension 'ros'
[0.264s] DEBUG:colcon.colcon_core.package_identification:Package 'src/localization/ndt_localization' with type 'ros.ament_cmake' and name 'ndt_localization'
[0.264s] Level 1:colcon.colcon_core.package_identification:_identify(src/localization/robot_localization) by extensions ['ignore', 'ignore_ament_install']
[0.264s] Level 1:colcon.colcon_core.package_identification:_identify(src/localization/robot_localization) by extension 'ignore'
[0.264s] Level 1:colcon.colcon_core.package_identification:_identify(src/localization/robot_localization) by extension 'ignore_ament_install'
[0.264s] Level 1:colcon.colcon_core.package_identification:_identify(src/localization/robot_localization) by extensions ['colcon_pkg']
[0.264s] Level 1:colcon.colcon_core.package_identification:_identify(src/localization/robot_localization) by extension 'colcon_pkg'
[0.264s] Level 1:colcon.colcon_core.package_identification:_identify(src/localization/robot_localization) by extensions ['colcon_meta']
[0.265s] Level 1:colcon.colcon_core.package_identification:_identify(src/localization/robot_localization) by extension 'colcon_meta'
[0.265s] Level 1:colcon.colcon_core.package_identification:_identify(src/localization/robot_localization) by extensions ['ros']
[0.265s] Level 1:colcon.colcon_core.package_identification:_identify(src/localization/robot_localization) by extension 'ros'
[0.266s] DEBUG:colcon.colcon_core.package_identification:Package 'src/localization/robot_localization' with type 'ros.ament_cmake' and name 'robot_localization'
[0.266s] Level 1:colcon.colcon_core.package_identification:_identify(src/mapping) by extensions ['ignore', 'ignore_ament_install']
[0.266s] Level 1:colcon.colcon_core.package_identification:_identify(src/mapping) by extension 'ignore'
[0.266s] Level 1:colcon.colcon_core.package_identification:_identify(src/mapping) by extension 'ignore_ament_install'
[0.267s] Level 1:colcon.colcon_core.package_identification:_identify(src/mapping) by extensions ['colcon_pkg']
[0.267s] Level 1:colcon.colcon_core.package_identification:_identify(src/mapping) by extension 'colcon_pkg'
[0.267s] Level 1:colcon.colcon_core.package_identification:_identify(src/mapping) by extensions ['colcon_meta']
[0.267s] Level 1:colcon.colcon_core.package_identification:_identify(src/mapping) by extension 'colcon_meta'
[0.267s] Level 1:colcon.colcon_core.package_identification:_identify(src/mapping) by extensions ['ros']
[0.267s] Level 1:colcon.colcon_core.package_identification:_identify(src/mapping) by extension 'ros'
[0.267s] Level 1:colcon.colcon_core.package_identification:_identify(src/mapping) by extensions ['cmake', 'python']
[0.267s] Level 1:colcon.colcon_core.package_identification:_identify(src/mapping) by extension 'cmake'
[0.267s] Level 1:colcon.colcon_core.package_identification:_identify(src/mapping) by extension 'python'
[0.267s] Level 1:colcon.colcon_core.package_identification:_identify(src/mapping) by extensions ['python_setup_py']
[0.267s] Level 1:colcon.colcon_core.package_identification:_identify(src/mapping) by extension 'python_setup_py'
[0.267s] Level 1:colcon.colcon_core.package_identification:_identify(src/mapping/cone_map_builder) by extensions ['ignore', 'ignore_ament_install']
[0.267s] Level 1:colcon.colcon_core.package_identification:_identify(src/mapping/cone_map_builder) by extension 'ignore'
[0.267s] Level 1:colcon.colcon_core.package_identification:_identify(src/mapping/cone_map_builder) by extension 'ignore_ament_install'
[0.267s] Level 1:colcon.colcon_core.package_identification:_identify(src/mapping/cone_map_builder) by extensions ['colcon_pkg']
[0.267s] Level 1:colcon.colcon_core.package_identification:_identify(src/mapping/cone_map_builder) by extension 'colcon_pkg'
[0.267s] Level 1:colcon.colcon_core.package_identification:_identify(src/mapping/cone_map_builder) by extensions ['colcon_meta']
[0.267s] Level 1:colcon.colcon_core.package_identification:_identify(src/mapping/cone_map_builder) by extension 'colcon_meta'
[0.267s] Level 1:colcon.colcon_core.package_identification:_identify(src/mapping/cone_map_builder) by extensions ['ros']
[0.267s] Level 1:colcon.colcon_core.package_identification:_identify(src/mapping/cone_map_builder) by extension 'ros'
[0.268s] DEBUG:colcon.colcon_core.package_identification:Package 'src/mapping/cone_map_builder' with type 'ros.ament_cmake' and name 'cone_map_builder'
[0.268s] Level 1:colcon.colcon_core.package_identification:_identify(src/perception) by extensions ['ignore', 'ignore_ament_install']
[0.268s] Level 1:colcon.colcon_core.package_identification:_identify(src/perception) by extension 'ignore'
[0.268s] Level 1:colcon.colcon_core.package_identification:_identify(src/perception) by extension 'ignore_ament_install'
[0.268s] Level 1:colcon.colcon_core.package_identification:_identify(src/perception) by extensions ['colcon_pkg']
[0.268s] Level 1:colcon.colcon_core.package_identification:_identify(src/perception) by extension 'colcon_pkg'
[0.268s] Level 1:colcon.colcon_core.package_identification:_identify(src/perception) by extensions ['colcon_meta']
[0.268s] Level 1:colcon.colcon_core.package_identification:_identify(src/perception) by extension 'colcon_meta'
[0.268s] Level 1:colcon.colcon_core.package_identification:_identify(src/perception) by extensions ['ros']
[0.268s] Level 1:colcon.colcon_core.package_identification:_identify(src/perception) by extension 'ros'
[0.268s] Level 1:colcon.colcon_core.package_identification:_identify(src/perception) by extensions ['cmake', 'python']
[0.268s] Level 1:colcon.colcon_core.package_identification:_identify(src/perception) by extension 'cmake'
[0.269s] Level 1:colcon.colcon_core.package_identification:_identify(src/perception) by extension 'python'
[0.269s] Level 1:colcon.colcon_core.package_identification:_identify(src/perception) by extensions ['python_setup_py']
[0.269s] Level 1:colcon.colcon_core.package_identification:_identify(src/perception) by extension 'python_setup_py'
[0.269s] Level 1:colcon.colcon_core.package_identification:_identify(src/perception/camera_detection) by extensions ['ignore', 'ignore_ament_install']
[0.269s] Level 1:colcon.colcon_core.package_identification:_identify(src/perception/camera_detection) by extension 'ignore'
[0.269s] Level 1:colcon.colcon_core.package_identification:_identify(src/perception/camera_detection) by extension 'ignore_ament_install'
[0.269s] Level 1:colcon.colcon_core.package_identification:_identify(src/perception/camera_detection) by extensions ['colcon_pkg']
[0.269s] Level 1:colcon.colcon_core.package_identification:_identify(src/perception/camera_detection) by extension 'colcon_pkg'
[0.269s] Level 1:colcon.colcon_core.package_identification:_identify(src/perception/camera_detection) by extensions ['colcon_meta']
[0.269s] Level 1:colcon.colcon_core.package_identification:_identify(src/perception/camera_detection) by extension 'colcon_meta'
[0.269s] Level 1:colcon.colcon_core.package_identification:_identify(src/perception/camera_detection) by extensions ['ros']
[0.269s] Level 1:colcon.colcon_core.package_identification:_identify(src/perception/camera_detection) by extension 'ros'
[0.269s] DEBUG:colcon.colcon_core.package_identification:Package 'src/perception/camera_detection' with type 'ros.ament_cmake' and name 'camera_detection'
[0.269s] Level 1:colcon.colcon_core.package_identification:_identify(src/perception/detection_fusion) by extensions ['ignore', 'ignore_ament_install']
[0.269s] Level 1:colcon.colcon_core.package_identification:_identify(src/perception/detection_fusion) by extension 'ignore'
[0.270s] Level 1:colcon.colcon_core.package_identification:_identify(src/perception/detection_fusion) by extension 'ignore_ament_install'
[0.270s] Level 1:colcon.colcon_core.package_identification:_identify(src/perception/detection_fusion) by extensions ['colcon_pkg']
[0.270s] Level 1:colcon.colcon_core.package_identification:_identify(src/perception/detection_fusion) by extension 'colcon_pkg'
[0.270s] Level 1:colcon.colcon_core.package_identification:_identify(src/perception/detection_fusion) by extensions ['colcon_meta']
[0.270s] Level 1:colcon.colcon_core.package_identification:_identify(src/perception/detection_fusion) by extension 'colcon_meta'
[0.270s] Level 1:colcon.colcon_core.package_identification:_identify(src/perception/detection_fusion) by extensions ['ros']
[0.270s] Level 1:colcon.colcon_core.package_identification:_identify(src/perception/detection_fusion) by extension 'ros'
[0.270s] DEBUG:colcon.colcon_core.package_identification:Package 'src/perception/detection_fusion' with type 'ros.ament_cmake' and name 'detection_fusion'
[0.270s] Level 1:colcon.colcon_core.package_identification:_identify(src/perception/lidar_detection) by extensions ['ignore', 'ignore_ament_install']
[0.270s] Level 1:colcon.colcon_core.package_identification:_identify(src/perception/lidar_detection) by extension 'ignore'
[0.270s] Level 1:colcon.colcon_core.package_identification:_identify(src/perception/lidar_detection) by extension 'ignore_ament_install'
[0.270s] Level 1:colcon.colcon_core.package_identification:_identify(src/perception/lidar_detection) by extensions ['colcon_pkg']
[0.270s] Level 1:colcon.colcon_core.package_identification:_identify(src/perception/lidar_detection) by extension 'colcon_pkg'
[0.270s] Level 1:colcon.colcon_core.package_identification:_identify(src/perception/lidar_detection) by extensions ['colcon_meta']
[0.270s] Level 1:colcon.colcon_core.package_identification:_identify(src/perception/lidar_detection) by extension 'colcon_meta'
[0.270s] Level 1:colcon.colcon_core.package_identification:_identify(src/perception/lidar_detection) by extensions ['ros']
[0.270s] Level 1:colcon.colcon_core.package_identification:_identify(src/perception/lidar_detection) by extension 'ros'
[0.271s] DEBUG:colcon.colcon_core.package_identification:Package 'src/perception/lidar_detection' with type 'ros.ament_cmake' and name 'lidar_detection'
[0.271s] Level 1:colcon.colcon_core.package_identification:_identify(src/planning) by extensions ['ignore', 'ignore_ament_install']
[0.271s] Level 1:colcon.colcon_core.package_identification:_identify(src/planning) by extension 'ignore'
[0.271s] Level 1:colcon.colcon_core.package_identification:_identify(src/planning) by extension 'ignore_ament_install'
[0.271s] Level 1:colcon.colcon_core.package_identification:_identify(src/planning) by extensions ['colcon_pkg']
[0.271s] Level 1:colcon.colcon_core.package_identification:_identify(src/planning) by extension 'colcon_pkg'
[0.271s] Level 1:colcon.colcon_core.package_identification:_identify(src/planning) by extensions ['colcon_meta']
[0.271s] Level 1:colcon.colcon_core.package_identification:_identify(src/planning) by extension 'colcon_meta'
[0.271s] Level 1:colcon.colcon_core.package_identification:_identify(src/planning) by extensions ['ros']
[0.271s] Level 1:colcon.colcon_core.package_identification:_identify(src/planning) by extension 'ros'
[0.271s] Level 1:colcon.colcon_core.package_identification:_identify(src/planning) by extensions ['cmake', 'python']
[0.271s] Level 1:colcon.colcon_core.package_identification:_identify(src/planning) by extension 'cmake'
[0.271s] Level 1:colcon.colcon_core.package_identification:_identify(src/planning) by extension 'python'
[0.271s] Level 1:colcon.colcon_core.package_identification:_identify(src/planning) by extensions ['python_setup_py']
[0.271s] Level 1:colcon.colcon_core.package_identification:_identify(src/planning) by extension 'python_setup_py'
[0.272s] Level 1:colcon.colcon_core.package_identification:_identify(src/planning/boundary_detector) by extensions ['ignore', 'ignore_ament_install']
[0.272s] Level 1:colcon.colcon_core.package_identification:_identify(src/planning/boundary_detector) by extension 'ignore'
[0.272s] Level 1:colcon.colcon_core.package_identification:_identify(src/planning/boundary_detector) by extension 'ignore_ament_install'
[0.272s] Level 1:colcon.colcon_core.package_identification:_identify(src/planning/boundary_detector) by extensions ['colcon_pkg']
[0.272s] Level 1:colcon.colcon_core.package_identification:_identify(src/planning/boundary_detector) by extension 'colcon_pkg'
[0.272s] Level 1:colcon.colcon_core.package_identification:_identify(src/planning/boundary_detector) by extensions ['colcon_meta']
[0.272s] Level 1:colcon.colcon_core.package_identification:_identify(src/planning/boundary_detector) by extension 'colcon_meta'
[0.272s] Level 1:colcon.colcon_core.package_identification:_identify(src/planning/boundary_detector) by extensions ['ros']
[0.272s] Level 1:colcon.colcon_core.package_identification:_identify(src/planning/boundary_detector) by extension 'ros'
[0.272s] DEBUG:colcon.colcon_core.package_identification:Package 'src/planning/boundary_detector' with type 'ros.ament_cmake' and name 'boundary_detector'
[0.272s] Level 1:colcon.colcon_core.package_identification:_identify(src/planning/path_generator) by extensions ['ignore', 'ignore_ament_install']
[0.272s] Level 1:colcon.colcon_core.package_identification:_identify(src/planning/path_generator) by extension 'ignore'
[0.272s] Level 1:colcon.colcon_core.package_identification:_identify(src/planning/path_generator) by extension 'ignore_ament_install'
[0.273s] Level 1:colcon.colcon_core.package_identification:_identify(src/planning/path_generator) by extensions ['colcon_pkg']
[0.273s] Level 1:colcon.colcon_core.package_identification:_identify(src/planning/path_generator) by extension 'colcon_pkg'
[0.273s] Level 1:colcon.colcon_core.package_identification:_identify(src/planning/path_generator) by extensions ['colcon_meta']
[0.273s] Level 1:colcon.colcon_core.package_identification:_identify(src/planning/path_generator) by extension 'colcon_meta'
[0.273s] Level 1:colcon.colcon_core.package_identification:_identify(src/planning/path_generator) by extensions ['ros']
[0.273s] Level 1:colcon.colcon_core.package_identification:_identify(src/planning/path_generator) by extension 'ros'
[0.273s] DEBUG:colcon.colcon_core.package_identification:Package 'src/planning/path_generator' with type 'ros.ament_cmake' and name 'path_generator'
[0.273s] Level 1:colcon.colcon_core.package_identification:_identify(src/system) by extensions ['ignore', 'ignore_ament_install']
[0.273s] Level 1:colcon.colcon_core.package_identification:_identify(src/system) by extension 'ignore'
[0.273s] Level 1:colcon.colcon_core.package_identification:_identify(src/system) by extension 'ignore_ament_install'
[0.273s] Level 1:colcon.colcon_core.package_identification:_identify(src/system) by extensions ['colcon_pkg']
[0.273s] Level 1:colcon.colcon_core.package_identification:_identify(src/system) by extension 'colcon_pkg'
[0.273s] Level 1:colcon.colcon_core.package_identification:_identify(src/system) by extensions ['colcon_meta']
[0.273s] Level 1:colcon.colcon_core.package_identification:_identify(src/system) by extension 'colcon_meta'
[0.273s] Level 1:colcon.colcon_core.package_identification:_identify(src/system) by extensions ['ros']
[0.273s] Level 1:colcon.colcon_core.package_identification:_identify(src/system) by extension 'ros'
[0.273s] Level 1:colcon.colcon_core.package_identification:_identify(src/system) by extensions ['cmake', 'python']
[0.273s] Level 1:colcon.colcon_core.package_identification:_identify(src/system) by extension 'cmake'
[0.273s] Level 1:colcon.colcon_core.package_identification:_identify(src/system) by extension 'python'
[0.273s] Level 1:colcon.colcon_core.package_identification:_identify(src/system) by extensions ['python_setup_py']
[0.274s] Level 1:colcon.colcon_core.package_identification:_identify(src/system) by extension 'python_setup_py'
[0.274s] Level 1:colcon.colcon_core.package_identification:_identify(src/system/mission_manager) by extensions ['ignore', 'ignore_ament_install']
[0.274s] Level 1:colcon.colcon_core.package_identification:_identify(src/system/mission_manager) by extension 'ignore'
[0.274s] Level 1:colcon.colcon_core.package_identification:_identify(src/system/mission_manager) by extension 'ignore_ament_install'
[0.274s] Level 1:colcon.colcon_core.package_identification:_identify(src/system/mission_manager) by extensions ['colcon_pkg']
[0.274s] Level 1:colcon.colcon_core.package_identification:_identify(src/system/mission_manager) by extension 'colcon_pkg'
[0.274s] Level 1:colcon.colcon_core.package_identification:_identify(src/system/mission_manager) by extensions ['colcon_meta']
[0.274s] Level 1:colcon.colcon_core.package_identification:_identify(src/system/mission_manager) by extension 'colcon_meta'
[0.274s] Level 1:colcon.colcon_core.package_identification:_identify(src/system/mission_manager) by extensions ['ros']
[0.274s] Level 1:colcon.colcon_core.package_identification:_identify(src/system/mission_manager) by extension 'ros'
[0.274s] DEBUG:colcon.colcon_core.package_identification:Package 'src/system/mission_manager' with type 'ros.ament_cmake' and name 'mission_manager'
[0.274s] Level 1:colcon.colcon_core.package_discovery:discover_packages(recursive) using defaults
[0.274s] Level 1:colcon.colcon_core.package_discovery:discover_packages(ignore) discover
[0.274s] Level 1:colcon.colcon_core.package_discovery:discover_packages(ignore) using defaults
[0.275s] Level 1:colcon.colcon_core.package_discovery:discover_packages(path) discover
[0.275s] Level 1:colcon.colcon_core.package_discovery:discover_packages(path) using defaults
[0.303s] Level 1:colcon.colcon_core.package_discovery:discover_packages(prefix_path) check parameters
[0.304s] Level 1:colcon.colcon_core.package_discovery:discover_packages(prefix_path) discover
[0.306s] DEBUG:colcon.colcon_installed_package_information.package_discovery:Found 289 installed packages in /opt/ros/humble
[0.307s] Level 1:colcon.colcon_core.package_discovery:discover_packages(prefix_path) using defaults
[0.338s] Level 5:colcon.colcon_core.verb:set package 'autoware_msgs' build argument 'cmake_args' from command line to '['-DCMAKE_MODULE_PATH=/home/starry1n/WUTA-FSD1/ros2_ws/cmake']'
[0.339s] Level 5:colcon.colcon_core.verb:set package 'autoware_msgs' build argument 'cmake_target' from command line to 'None'
[0.339s] Level 5:colcon.colcon_core.verb:set package 'autoware_msgs' build argument 'cmake_target_skip_unavailable' from command line to 'False'
[0.339s] Level 5:colcon.colcon_core.verb:set package 'autoware_msgs' build argument 'cmake_clean_cache' from command line to 'False'
[0.339s] Level 5:colcon.colcon_core.verb:set package 'autoware_msgs' build argument 'cmake_clean_first' from command line to 'False'
[0.339s] Level 5:colcon.colcon_core.verb:set package 'autoware_msgs' build argument 'cmake_force_configure' from command line to 'False'
[0.339s] Level 5:colcon.colcon_core.verb:set package 'autoware_msgs' build argument 'ament_cmake_args' from command line to 'None'
[0.339s] Level 5:colcon.colcon_core.verb:set package 'autoware_msgs' build argument 'catkin_cmake_args' from command line to 'None'
[0.339s] Level 5:colcon.colcon_core.verb:set package 'autoware_msgs' build argument 'catkin_skip_building_tests' from command line to 'False'
[0.339s] DEBUG:colcon.colcon_core.verb:Building package 'autoware_msgs' with the following arguments: {'ament_cmake_args': None, 'build_base': '/home/starry1n/WUTA-FSD1/ros2_ws/build/autoware_msgs', 'catkin_cmake_args': None, 'catkin_skip_building_tests': False, 'cmake_args': ['-DCMAKE_MODULE_PATH=/home/starry1n/WUTA-FSD1/ros2_ws/cmake'], 'cmake_clean_cache': False, 'cmake_clean_first': False, 'cmake_force_configure': False, 'cmake_target': None, 'cmake_target_skip_unavailable': False, 'install_base': '/home/starry1n/WUTA-FSD1/ros2_ws/install/autoware_msgs', 'merge_install': False, 'path': '/home/starry1n/WUTA-FSD1/ros2_ws/src/common/autoware_msgs', 'symlink_install': True, 'test_result_base': None}
[0.339s] Level 5:colcon.colcon_core.verb:set package 'kiss_icp' build argument 'cmake_args' from command line to '['-DCMAKE_MODULE_PATH=/home/starry1n/WUTA-FSD1/ros2_ws/cmake']'
[0.339s] Level 5:colcon.colcon_core.verb:set package 'kiss_icp' build argument 'cmake_target' from command line to 'None'
[0.339s] Level 5:colcon.colcon_core.verb:set package 'kiss_icp' build argument 'cmake_target_skip_unavailable' from command line to 'False'
[0.339s] Level 5:colcon.colcon_core.verb:set package 'kiss_icp' build argument 'cmake_clean_cache' from command line to 'False'
[0.339s] Level 5:colcon.colcon_core.verb:set package 'kiss_icp' build argument 'cmake_clean_first' from command line to 'False'
[0.339s] Level 5:colcon.colcon_core.verb:set package 'kiss_icp' build argument 'cmake_force_configure' from command line to 'False'
[0.339s] Level 5:colcon.colcon_core.verb:set package 'kiss_icp' build argument 'ament_cmake_args' from command line to 'None'
[0.339s] Level 5:colcon.colcon_core.verb:set package 'kiss_icp' build argument 'catkin_cmake_args' from command line to 'None'
[0.339s] Level 5:colcon.colcon_core.verb:set package 'kiss_icp' build argument 'catkin_skip_building_tests' from command line to 'False'
[0.339s] DEBUG:colcon.colcon_core.verb:Building package 'kiss_icp' with the following arguments: {'ament_cmake_args': None, 'build_base': '/home/starry1n/WUTA-FSD1/ros2_ws/build/kiss_icp', 'catkin_cmake_args': None, 'catkin_skip_building_tests': False, 'cmake_args': ['-DCMAKE_MODULE_PATH=/home/starry1n/WUTA-FSD1/ros2_ws/cmake'], 'cmake_clean_cache': False, 'cmake_clean_first': False, 'cmake_force_configure': False, 'cmake_target': None, 'cmake_target_skip_unavailable': False, 'install_base': '/home/starry1n/WUTA-FSD1/ros2_ws/install/kiss_icp', 'merge_install': False, 'path': '/home/starry1n/WUTA-FSD1/ros2_ws/src/localization/kiss-icp/ros', 'symlink_install': True, 'test_result_base': None}
[0.339s] Level 5:colcon.colcon_core.verb:set package 'robot_localization' build argument 'cmake_args' from command line to '['-DCMAKE_MODULE_PATH=/home/starry1n/WUTA-FSD1/ros2_ws/cmake']'
[0.339s] Level 5:colcon.colcon_core.verb:set package 'robot_localization' build argument 'cmake_target' from command line to 'None'
[0.339s] Level 5:colcon.colcon_core.verb:set package 'robot_localization' build argument 'cmake_target_skip_unavailable' from command line to 'False'
[0.339s] Level 5:colcon.colcon_core.verb:set package 'robot_localization' build argument 'cmake_clean_cache' from command line to 'False'
[0.339s] Level 5:colcon.colcon_core.verb:set package 'robot_localization' build argument 'cmake_clean_first' from command line to 'False'
[0.339s] Level 5:colcon.colcon_core.verb:set package 'robot_localization' build argument 'cmake_force_configure' from command line to 'False'
[0.339s] Level 5:colcon.colcon_core.verb:set package 'robot_localization' build argument 'ament_cmake_args' from command line to 'None'
[0.339s] Level 5:colcon.colcon_core.verb:set package 'robot_localization' build argument 'catkin_cmake_args' from command line to 'None'
[0.339s] Level 5:colcon.colcon_core.verb:set package 'robot_localization' build argument 'catkin_skip_building_tests' from command line to 'False'
[0.340s] DEBUG:colcon.colcon_core.verb:Building package 'robot_localization' with the following arguments: {'ament_cmake_args': None, 'build_base': '/home/starry1n/WUTA-FSD1/ros2_ws/build/robot_localization', 'catkin_cmake_args': None, 'catkin_skip_building_tests': False, 'cmake_args': ['-DCMAKE_MODULE_PATH=/home/starry1n/WUTA-FSD1/ros2_ws/cmake'], 'cmake_clean_cache': False, 'cmake_clean_first': False, 'cmake_force_configure': False, 'cmake_target': None, 'cmake_target_skip_unavailable': False, 'install_base': '/home/starry1n/WUTA-FSD1/ros2_ws/install/robot_localization', 'merge_install': False, 'path': '/home/starry1n/WUTA-FSD1/ros2_ws/src/localization/robot_localization', 'symlink_install': True, 'test_result_base': None}
[0.340s] Level 5:colcon.colcon_core.verb:set package 'wuta_msgs' build argument 'cmake_args' from command line to '['-DCMAKE_MODULE_PATH=/home/starry1n/WUTA-FSD1/ros2_ws/cmake']'
[0.340s] Level 5:colcon.colcon_core.verb:set package 'wuta_msgs' build argument 'cmake_target' from command line to 'None'
[0.340s] Level 5:colcon.colcon_core.verb:set package 'wuta_msgs' build argument 'cmake_target_skip_unavailable' from command line to 'False'
[0.340s] Level 5:colcon.colcon_core.verb:set package 'wuta_msgs' build argument 'cmake_clean_cache' from command line to 'False'
[0.340s] Level 5:colcon.colcon_core.verb:set package 'wuta_msgs' build argument 'cmake_clean_first' from command line to 'False'
[0.340s] Level 5:colcon.colcon_core.verb:set package 'wuta_msgs' build argument 'cmake_force_configure' from command line to 'False'
[0.340s] Level 5:colcon.colcon_core.verb:set package 'wuta_msgs' build argument 'ament_cmake_args' from command line to 'None'
[0.340s] Level 5:colcon.colcon_core.verb:set package 'wuta_msgs' build argument 'catkin_cmake_args' from command line to 'None'
[0.340s] Level 5:colcon.colcon_core.verb:set package 'wuta_msgs' build argument 'catkin_skip_building_tests' from command line to 'False'
[0.340s] DEBUG:colcon.colcon_core.verb:Building package 'wuta_msgs' with the following arguments: {'ament_cmake_args': None, 'build_base': '/home/starry1n/WUTA-FSD1/ros2_ws/build/wuta_msgs', 'catkin_cmake_args': None, 'catkin_skip_building_tests': False, 'cmake_args': ['-DCMAKE_MODULE_PATH=/home/starry1n/WUTA-FSD1/ros2_ws/cmake'], 'cmake_clean_cache': False, 'cmake_clean_first': False, 'cmake_force_configure': False, 'cmake_target': None, 'cmake_target_skip_unavailable': False, 'install_base': '/home/starry1n/WUTA-FSD1/ros2_ws/install/wuta_msgs', 'merge_install': False, 'path': '/home/starry1n/WUTA-FSD1/ros2_ws/src/common/wuta_msgs', 'symlink_install': True, 'test_result_base': None}
[0.340s] Level 5:colcon.colcon_core.verb:set package 'boundary_detector' build argument 'cmake_args' from command line to '['-DCMAKE_MODULE_PATH=/home/starry1n/WUTA-FSD1/ros2_ws/cmake']'
[0.340s] Level 5:colcon.colcon_core.verb:set package 'boundary_detector' build argument 'cmake_target' from command line to 'None'
[0.340s] Level 5:colcon.colcon_core.verb:set package 'boundary_detector' build argument 'cmake_target_skip_unavailable' from command line to 'False'
[0.340s] Level 5:colcon.colcon_core.verb:set package 'boundary_detector' build argument 'cmake_clean_cache' from command line to 'False'
[0.340s] Level 5:colcon.colcon_core.verb:set package 'boundary_detector' build argument 'cmake_clean_first' from command line to 'False'
[0.340s] Level 5:colcon.colcon_core.verb:set package 'boundary_detector' build argument 'cmake_force_configure' from command line to 'False'
[0.340s] Level 5:colcon.colcon_core.verb:set package 'boundary_detector' build argument 'ament_cmake_args' from command line to 'None'
[0.340s] Level 5:colcon.colcon_core.verb:set package 'boundary_detector' build argument 'catkin_cmake_args' from command line to 'None'
[0.340s] Level 5:colcon.colcon_core.verb:set package 'boundary_detector' build argument 'catkin_skip_building_tests' from command line to 'False'
[0.340s] DEBUG:colcon.colcon_core.verb:Building package 'boundary_detector' with the following arguments: {'ament_cmake_args': None, 'build_base': '/home/starry1n/WUTA-FSD1/ros2_ws/build/boundary_detector', 'catkin_cmake_args': None, 'catkin_skip_building_tests': False, 'cmake_args': ['-DCMAKE_MODULE_PATH=/home/starry1n/WUTA-FSD1/ros2_ws/cmake'], 'cmake_clean_cache': False, 'cmake_clean_first': False, 'cmake_force_configure': False, 'cmake_target': None, 'cmake_target_skip_unavailable': False, 'install_base': '/home/starry1n/WUTA-FSD1/ros2_ws/install/boundary_detector', 'merge_install': False, 'path': '/home/starry1n/WUTA-FSD1/ros2_ws/src/planning/boundary_detector', 'symlink_install': True, 'test_result_base': None}
[0.341s] Level 5:colcon.colcon_core.verb:set package 'camera_detection' build argument 'cmake_args' from command line to '['-DCMAKE_MODULE_PATH=/home/starry1n/WUTA-FSD1/ros2_ws/cmake']'
[0.341s] Level 5:colcon.colcon_core.verb:set package 'camera_detection' build argument 'cmake_target' from command line to 'None'
[0.341s] Level 5:colcon.colcon_core.verb:set package 'camera_detection' build argument 'cmake_target_skip_unavailable' from command line to 'False'
[0.341s] Level 5:colcon.colcon_core.verb:set package 'camera_detection' build argument 'cmake_clean_cache' from command line to 'False'
[0.341s] Level 5:colcon.colcon_core.verb:set package 'camera_detection' build argument 'cmake_clean_first' from command line to 'False'
[0.341s] Level 5:colcon.colcon_core.verb:set package 'camera_detection' build argument 'cmake_force_configure' from command line to 'False'
[0.341s] Level 5:colcon.colcon_core.verb:set package 'camera_detection' build argument 'ament_cmake_args' from command line to 'None'
[0.341s] Level 5:colcon.colcon_core.verb:set package 'camera_detection' build argument 'catkin_cmake_args' from command line to 'None'
[0.341s] Level 5:colcon.colcon_core.verb:set package 'camera_detection' build argument 'catkin_skip_building_tests' from command line to 'False'
[0.341s] DEBUG:colcon.colcon_core.verb:Building package 'camera_detection' with the following arguments: {'ament_cmake_args': None, 'build_base': '/home/starry1n/WUTA-FSD1/ros2_ws/build/camera_detection', 'catkin_cmake_args': None, 'catkin_skip_building_tests': False, 'cmake_args': ['-DCMAKE_MODULE_PATH=/home/starry1n/WUTA-FSD1/ros2_ws/cmake'], 'cmake_clean_cache': False, 'cmake_clean_first': False, 'cmake_force_configure': False, 'cmake_target': None, 'cmake_target_skip_unavailable': False, 'install_base': '/home/starry1n/WUTA-FSD1/ros2_ws/install/camera_detection', 'merge_install': False, 'path': '/home/starry1n/WUTA-FSD1/ros2_ws/src/perception/camera_detection', 'symlink_install': True, 'test_result_base': None}
[0.341s] Level 5:colcon.colcon_core.verb:set package 'cone_map_builder' build argument 'cmake_args' from command line to '['-DCMAKE_MODULE_PATH=/home/starry1n/WUTA-FSD1/ros2_ws/cmake']'
[0.341s] Level 5:colcon.colcon_core.verb:set package 'cone_map_builder' build argument 'cmake_target' from command line to 'None'
[0.341s] Level 5:colcon.colcon_core.verb:set package 'cone_map_builder' build argument 'cmake_target_skip_unavailable' from command line to 'False'
[0.341s] Level 5:colcon.colcon_core.verb:set package 'cone_map_builder' build argument 'cmake_clean_cache' from command line to 'False'
[0.341s] Level 5:colcon.colcon_core.verb:set package 'cone_map_builder' build argument 'cmake_clean_first' from command line to 'False'
[0.341s] Level 5:colcon.colcon_core.verb:set package 'cone_map_builder' build argument 'cmake_force_configure' from command line to 'False'
[0.341s] Level 5:colcon.colcon_core.verb:set package 'cone_map_builder' build argument 'ament_cmake_args' from command line to 'None'
[0.341s] Level 5:colcon.colcon_core.verb:set package 'cone_map_builder' build argument 'catkin_cmake_args' from command line to 'None'
[0.341s] Level 5:colcon.colcon_core.verb:set package 'cone_map_builder' build argument 'catkin_skip_building_tests' from command line to 'False'
[0.341s] DEBUG:colcon.colcon_core.verb:Building package 'cone_map_builder' with the following arguments: {'ament_cmake_args': None, 'build_base': '/home/starry1n/WUTA-FSD1/ros2_ws/build/cone_map_builder', 'catkin_cmake_args': None, 'catkin_skip_building_tests': False, 'cmake_args': ['-DCMAKE_MODULE_PATH=/home/starry1n/WUTA-FSD1/ros2_ws/cmake'], 'cmake_clean_cache': False, 'cmake_clean_first': False, 'cmake_force_configure': False, 'cmake_target': None, 'cmake_target_skip_unavailable': False, 'install_base': '/home/starry1n/WUTA-FSD1/ros2_ws/install/cone_map_builder', 'merge_install': False, 'path': '/home/starry1n/WUTA-FSD1/ros2_ws/src/mapping/cone_map_builder', 'symlink_install': True, 'test_result_base': None}
[0.341s] Level 5:colcon.colcon_core.verb:set package 'controller' build argument 'cmake_args' from command line to '['-DCMAKE_MODULE_PATH=/home/starry1n/WUTA-FSD1/ros2_ws/cmake']'
[0.341s] Level 5:colcon.colcon_core.verb:set package 'controller' build argument 'cmake_target' from command line to 'None'
[0.341s] Level 5:colcon.colcon_core.verb:set package 'controller' build argument 'cmake_target_skip_unavailable' from command line to 'False'
[0.341s] Level 5:colcon.colcon_core.verb:set package 'controller' build argument 'cmake_clean_cache' from command line to 'False'
[0.341s] Level 5:colcon.colcon_core.verb:set package 'controller' build argument 'cmake_clean_first' from command line to 'False'
[0.341s] Level 5:colcon.colcon_core.verb:set package 'controller' build argument 'cmake_force_configure' from command line to 'False'
[0.341s] Level 5:colcon.colcon_core.verb:set package 'controller' build argument 'ament_cmake_args' from command line to 'None'
[0.341s] Level 5:colcon.colcon_core.verb:set package 'controller' build argument 'catkin_cmake_args' from command line to 'None'
[0.341s] Level 5:colcon.colcon_core.verb:set package 'controller' build argument 'catkin_skip_building_tests' from command line to 'False'
[0.341s] DEBUG:colcon.colcon_core.verb:Building package 'controller' with the following arguments: {'ament_cmake_args': None, 'build_base': '/home/starry1n/WUTA-FSD1/ros2_ws/build/controller', 'catkin_cmake_args': None, 'catkin_skip_building_tests': False, 'cmake_args': ['-DCMAKE_MODULE_PATH=/home/starry1n/WUTA-FSD1/ros2_ws/cmake'], 'cmake_clean_cache': False, 'cmake_clean_first': False, 'cmake_force_configure': False, 'cmake_target': None, 'cmake_target_skip_unavailable': False, 'install_base': '/home/starry1n/WUTA-FSD1/ros2_ws/install/controller', 'merge_install': False, 'path': '/home/starry1n/WUTA-FSD1/ros2_ws/src/control/controller', 'symlink_install': True, 'test_result_base': None}
[0.342s] Level 5:colcon.colcon_core.verb:set package 'detection_fusion' build argument 'cmake_args' from command line to '['-DCMAKE_MODULE_PATH=/home/starry1n/WUTA-FSD1/ros2_ws/cmake']'
[0.342s] Level 5:colcon.colcon_core.verb:set package 'detection_fusion' build argument 'cmake_target' from command line to 'None'
[0.342s] Level 5:colcon.colcon_core.verb:set package 'detection_fusion' build argument 'cmake_target_skip_unavailable' from command line to 'False'
[0.342s] Level 5:colcon.colcon_core.verb:set package 'detection_fusion' build argument 'cmake_clean_cache' from command line to 'False'
[0.342s] Level 5:colcon.colcon_core.verb:set package 'detection_fusion' build argument 'cmake_clean_first' from command line to 'False'
[0.342s] Level 5:colcon.colcon_core.verb:set package 'detection_fusion' build argument 'cmake_force_configure' from command line to 'False'
[0.342s] Level 5:colcon.colcon_core.verb:set package 'detection_fusion' build argument 'ament_cmake_args' from command line to 'None'
[0.342s] Level 5:colcon.colcon_core.verb:set package 'detection_fusion' build argument 'catkin_cmake_args' from command line to 'None'
[0.342s] Level 5:colcon.colcon_core.verb:set package 'detection_fusion' build argument 'catkin_skip_building_tests' from command line to 'False'
[0.342s] DEBUG:colcon.colcon_core.verb:Building package 'detection_fusion' with the following arguments: {'ament_cmake_args': None, 'build_base': '/home/starry1n/WUTA-FSD1/ros2_ws/build/detection_fusion', 'catkin_cmake_args': None, 'catkin_skip_building_tests': False, 'cmake_args': ['-DCMAKE_MODULE_PATH=/home/starry1n/WUTA-FSD1/ros2_ws/cmake'], 'cmake_clean_cache': False, 'cmake_clean_first': False, 'cmake_force_configure': False, 'cmake_target': None, 'cmake_target_skip_unavailable': False, 'install_base': '/home/starry1n/WUTA-FSD1/ros2_ws/install/detection_fusion', 'merge_install': False, 'path': '/home/starry1n/WUTA-FSD1/ros2_ws/src/perception/detection_fusion', 'symlink_install': True, 'test_result_base': None}
[0.342s] Level 5:colcon.colcon_core.verb:set package 'kiss_icp_wrapper' build argument 'cmake_args' from command line to '['-DCMAKE_MODULE_PATH=/home/starry1n/WUTA-FSD1/ros2_ws/cmake']'
[0.342s] Level 5:colcon.colcon_core.verb:set package 'kiss_icp_wrapper' build argument 'cmake_target' from command line to 'None'
[0.342s] Level 5:colcon.colcon_core.verb:set package 'kiss_icp_wrapper' build argument 'cmake_target_skip_unavailable' from command line to 'False'
[0.342s] Level 5:colcon.colcon_core.verb:set package 'kiss_icp_wrapper' build argument 'cmake_clean_cache' from command line to 'False'
[0.342s] Level 5:colcon.colcon_core.verb:set package 'kiss_icp_wrapper' build argument 'cmake_clean_first' from command line to 'False'
[0.342s] Level 5:colcon.colcon_core.verb:set package 'kiss_icp_wrapper' build argument 'cmake_force_configure' from command line to 'False'
[0.342s] Level 5:colcon.colcon_core.verb:set package 'kiss_icp_wrapper' build argument 'ament_cmake_args' from command line to 'None'
[0.342s] Level 5:colcon.colcon_core.verb:set package 'kiss_icp_wrapper' build argument 'catkin_cmake_args' from command line to 'None'
[0.342s] Level 5:colcon.colcon_core.verb:set package 'kiss_icp_wrapper' build argument 'catkin_skip_building_tests' from command line to 'False'
[0.342s] DEBUG:colcon.colcon_core.verb:Building package 'kiss_icp_wrapper' with the following arguments: {'ament_cmake_args': None, 'build_base': '/home/starry1n/WUTA-FSD1/ros2_ws/build/kiss_icp_wrapper', 'catkin_cmake_args': None, 'catkin_skip_building_tests': False, 'cmake_args': ['-DCMAKE_MODULE_PATH=/home/starry1n/WUTA-FSD1/ros2_ws/cmake'], 'cmake_clean_cache': False, 'cmake_clean_first': False, 'cmake_force_configure': False, 'cmake_target': None, 'cmake_target_skip_unavailable': False, 'install_base': '/home/starry1n/WUTA-FSD1/ros2_ws/install/kiss_icp_wrapper', 'merge_install': False, 'path': '/home/starry1n/WUTA-FSD1/ros2_ws/src/localization/kiss_icp_wrapper', 'symlink_install': True, 'test_result_base': None}
[0.342s] Level 5:colcon.colcon_core.verb:set package 'lidar_detection' build argument 'cmake_args' from command line to '['-DCMAKE_MODULE_PATH=/home/starry1n/WUTA-FSD1/ros2_ws/cmake']'
[0.342s] Level 5:colcon.colcon_core.verb:set package 'lidar_detection' build argument 'cmake_target' from command line to 'None'
[0.342s] Level 5:colcon.colcon_core.verb:set package 'lidar_detection' build argument 'cmake_target_skip_unavailable' from command line to 'False'
[0.343s] Level 5:colcon.colcon_core.verb:set package 'lidar_detection' build argument 'cmake_clean_cache' from command line to 'False'
[0.343s] Level 5:colcon.colcon_core.verb:set package 'lidar_detection' build argument 'cmake_clean_first' from command line to 'False'
[0.343s] Level 5:colcon.colcon_core.verb:set package 'lidar_detection' build argument 'cmake_force_configure' from command line to 'False'
[0.343s] Level 5:colcon.colcon_core.verb:set package 'lidar_detection' build argument 'ament_cmake_args' from command line to 'None'
[0.343s] Level 5:colcon.colcon_core.verb:set package 'lidar_detection' build argument 'catkin_cmake_args' from command line to 'None'
[0.343s] Level 5:colcon.colcon_core.verb:set package 'lidar_detection' build argument 'catkin_skip_building_tests' from command line to 'False'
[0.343s] DEBUG:colcon.colcon_core.verb:Building package 'lidar_detection' with the following arguments: {'ament_cmake_args': None, 'build_base': '/home/starry1n/WUTA-FSD1/ros2_ws/build/lidar_detection', 'catkin_cmake_args': None, 'catkin_skip_building_tests': False, 'cmake_args': ['-DCMAKE_MODULE_PATH=/home/starry1n/WUTA-FSD1/ros2_ws/cmake'], 'cmake_clean_cache': False, 'cmake_clean_first': False, 'cmake_force_configure': False, 'cmake_target': None, 'cmake_target_skip_unavailable': False, 'install_base': '/home/starry1n/WUTA-FSD1/ros2_ws/install/lidar_detection', 'merge_install': False, 'path': '/home/starry1n/WUTA-FSD1/ros2_ws/src/perception/lidar_detection', 'symlink_install': True, 'test_result_base': None}
[0.343s] Level 5:colcon.colcon_core.verb:set package 'localization_manager' build argument 'cmake_args' from command line to '['-DCMAKE_MODULE_PATH=/home/starry1n/WUTA-FSD1/ros2_ws/cmake']'
[0.343s] Level 5:colcon.colcon_core.verb:set package 'localization_manager' build argument 'cmake_target' from command line to 'None'
[0.343s] Level 5:colcon.colcon_core.verb:set package 'localization_manager' build argument 'cmake_target_skip_unavailable' from command line to 'False'
[0.343s] Level 5:colcon.colcon_core.verb:set package 'localization_manager' build argument 'cmake_clean_cache' from command line to 'False'
[0.343s] Level 5:colcon.colcon_core.verb:set package 'localization_manager' build argument 'cmake_clean_first' from command line to 'False'
[0.343s] Level 5:colcon.colcon_core.verb:set package 'localization_manager' build argument 'cmake_force_configure' from command line to 'False'
[0.343s] Level 5:colcon.colcon_core.verb:set package 'localization_manager' build argument 'ament_cmake_args' from command line to 'None'
[0.343s] Level 5:colcon.colcon_core.verb:set package 'localization_manager' build argument 'catkin_cmake_args' from command line to 'None'
[0.343s] Level 5:colcon.colcon_core.verb:set package 'localization_manager' build argument 'catkin_skip_building_tests' from command line to 'False'
[0.343s] DEBUG:colcon.colcon_core.verb:Building package 'localization_manager' with the following arguments: {'ament_cmake_args': None, 'build_base': '/home/starry1n/WUTA-FSD1/ros2_ws/build/localization_manager', 'catkin_cmake_args': None, 'catkin_skip_building_tests': False, 'cmake_args': ['-DCMAKE_MODULE_PATH=/home/starry1n/WUTA-FSD1/ros2_ws/cmake'], 'cmake_clean_cache': False, 'cmake_clean_first': False, 'cmake_force_configure': False, 'cmake_target': None, 'cmake_target_skip_unavailable': False, 'install_base': '/home/starry1n/WUTA-FSD1/ros2_ws/install/localization_manager', 'merge_install': False, 'path': '/home/starry1n/WUTA-FSD1/ros2_ws/src/localization/localization_manager', 'symlink_install': True, 'test_result_base': None}
[0.343s] Level 5:colcon.colcon_core.verb:set package 'mission_manager' build argument 'cmake_args' from command line to '['-DCMAKE_MODULE_PATH=/home/starry1n/WUTA-FSD1/ros2_ws/cmake']'
[0.343s] Level 5:colcon.colcon_core.verb:set package 'mission_manager' build argument 'cmake_target' from command line to 'None'
[0.343s] Level 5:colcon.colcon_core.verb:set package 'mission_manager' build argument 'cmake_target_skip_unavailable' from command line to 'False'
[0.343s] Level 5:colcon.colcon_core.verb:set package 'mission_manager' build argument 'cmake_clean_cache' from command line to 'False'
[0.343s] Level 5:colcon.colcon_core.verb:set package 'mission_manager' build argument 'cmake_clean_first' from command line to 'False'
[0.343s] Level 5:colcon.colcon_core.verb:set package 'mission_manager' build argument 'cmake_force_configure' from command line to 'False'
[0.343s] Level 5:colcon.colcon_core.verb:set package 'mission_manager' build argument 'ament_cmake_args' from command line to 'None'
[0.343s] Level 5:colcon.colcon_core.verb:set package 'mission_manager' build argument 'catkin_cmake_args' from command line to 'None'
[0.343s] Level 5:colcon.colcon_core.verb:set package 'mission_manager' build argument 'catkin_skip_building_tests' from command line to 'False'
[0.343s] DEBUG:colcon.colcon_core.verb:Building package 'mission_manager' with the following arguments: {'ament_cmake_args': None, 'build_base': '/home/starry1n/WUTA-FSD1/ros2_ws/build/mission_manager', 'catkin_cmake_args': None, 'catkin_skip_building_tests': False, 'cmake_args': ['-DCMAKE_MODULE_PATH=/home/starry1n/WUTA-FSD1/ros2_ws/cmake'], 'cmake_clean_cache': False, 'cmake_clean_first': False, 'cmake_force_configure': False, 'cmake_target': None, 'cmake_target_skip_unavailable': False, 'install_base': '/home/starry1n/WUTA-FSD1/ros2_ws/install/mission_manager', 'merge_install': False, 'path': '/home/starry1n/WUTA-FSD1/ros2_ws/src/system/mission_manager', 'symlink_install': True, 'test_result_base': None}
[0.344s] Level 5:colcon.colcon_core.verb:set package 'ndt_localization' build argument 'cmake_args' from command line to '['-DCMAKE_MODULE_PATH=/home/starry1n/WUTA-FSD1/ros2_ws/cmake']'
[0.344s] Level 5:colcon.colcon_core.verb:set package 'ndt_localization' build argument 'cmake_target' from command line to 'None'
[0.344s] Level 5:colcon.colcon_core.verb:set package 'ndt_localization' build argument 'cmake_target_skip_unavailable' from command line to 'False'
[0.344s] Level 5:colcon.colcon_core.verb:set package 'ndt_localization' build argument 'cmake_clean_cache' from command line to 'False'
[0.344s] Level 5:colcon.colcon_core.verb:set package 'ndt_localization' build argument 'cmake_clean_first' from command line to 'False'
[0.344s] Level 5:colcon.colcon_core.verb:set package 'ndt_localization' build argument 'cmake_force_configure' from command line to 'False'
[0.344s] Level 5:colcon.colcon_core.verb:set package 'ndt_localization' build argument 'ament_cmake_args' from command line to 'None'
[0.344s] Level 5:colcon.colcon_core.verb:set package 'ndt_localization' build argument 'catkin_cmake_args' from command line to 'None'
[0.344s] Level 5:colcon.colcon_core.verb:set package 'ndt_localization' build argument 'catkin_skip_building_tests' from command line to 'False'
[0.344s] DEBUG:colcon.colcon_core.verb:Building package 'ndt_localization' with the following arguments: {'ament_cmake_args': None, 'build_base': '/home/starry1n/WUTA-FSD1/ros2_ws/build/ndt_localization', 'catkin_cmake_args': None, 'catkin_skip_building_tests': False, 'cmake_args': ['-DCMAKE_MODULE_PATH=/home/starry1n/WUTA-FSD1/ros2_ws/cmake'], 'cmake_clean_cache': False, 'cmake_clean_first': False, 'cmake_force_configure': False, 'cmake_target': None, 'cmake_target_skip_unavailable': False, 'install_base': '/home/starry1n/WUTA-FSD1/ros2_ws/install/ndt_localization', 'merge_install': False, 'path': '/home/starry1n/WUTA-FSD1/ros2_ws/src/localization/ndt_localization', 'symlink_install': True, 'test_result_base': None}
[0.344s] Level 5:colcon.colcon_core.verb:set package 'path_generator' build argument 'cmake_args' from command line to '['-DCMAKE_MODULE_PATH=/home/starry1n/WUTA-FSD1/ros2_ws/cmake']'
[0.344s] Level 5:colcon.colcon_core.verb:set package 'path_generator' build argument 'cmake_target' from command line to 'None'
[0.344s] Level 5:colcon.colcon_core.verb:set package 'path_generator' build argument 'cmake_target_skip_unavailable' from command line to 'False'
[0.344s] Level 5:colcon.colcon_core.verb:set package 'path_generator' build argument 'cmake_clean_cache' from command line to 'False'
[0.344s] Level 5:colcon.colcon_core.verb:set package 'path_generator' build argument 'cmake_clean_first' from command line to 'False'
[0.344s] Level 5:colcon.colcon_core.verb:set package 'path_generator' build argument 'cmake_force_configure' from command line to 'False'
[0.344s] Level 5:colcon.colcon_core.verb:set package 'path_generator' build argument 'ament_cmake_args' from command line to 'None'
[0.344s] Level 5:colcon.colcon_core.verb:set package 'path_generator' build argument 'catkin_cmake_args' from command line to 'None'
[0.344s] Level 5:colcon.colcon_core.verb:set package 'path_generator' build argument 'catkin_skip_building_tests' from command line to 'False'
[0.344s] DEBUG:colcon.colcon_core.verb:Building package 'path_generator' with the following arguments: {'ament_cmake_args': None, 'build_base': '/home/starry1n/WUTA-FSD1/ros2_ws/build/path_generator', 'catkin_cmake_args': None, 'catkin_skip_building_tests': False, 'cmake_args': ['-DCMAKE_MODULE_PATH=/home/starry1n/WUTA-FSD1/ros2_ws/cmake'], 'cmake_clean_cache': False, 'cmake_clean_first': False, 'cmake_force_configure': False, 'cmake_target': None, 'cmake_target_skip_unavailable': False, 'install_base': '/home/starry1n/WUTA-FSD1/ros2_ws/install/path_generator', 'merge_install': False, 'path': '/home/starry1n/WUTA-FSD1/ros2_ws/src/planning/path_generator', 'symlink_install': True, 'test_result_base': None}
[0.344s] Level 5:colcon.colcon_core.verb:set package 'wuta_tools' build argument 'cmake_args' from command line to '['-DCMAKE_MODULE_PATH=/home/starry1n/WUTA-FSD1/ros2_ws/cmake']'
[0.344s] Level 5:colcon.colcon_core.verb:set package 'wuta_tools' build argument 'cmake_target' from command line to 'None'
[0.344s] Level 5:colcon.colcon_core.verb:set package 'wuta_tools' build argument 'cmake_target_skip_unavailable' from command line to 'False'
[0.344s] Level 5:colcon.colcon_core.verb:set package 'wuta_tools' build argument 'cmake_clean_cache' from command line to 'False'
[0.344s] Level 5:colcon.colcon_core.verb:set package 'wuta_tools' build argument 'cmake_clean_first' from command line to 'False'
[0.344s] Level 5:colcon.colcon_core.verb:set package 'wuta_tools' build argument 'cmake_force_configure' from command line to 'False'
[0.344s] Level 5:colcon.colcon_core.verb:set package 'wuta_tools' build argument 'ament_cmake_args' from command line to 'None'
[0.344s] Level 5:colcon.colcon_core.verb:set package 'wuta_tools' build argument 'catkin_cmake_args' from command line to 'None'
[0.345s] Level 5:colcon.colcon_core.verb:set package 'wuta_tools' build argument 'catkin_skip_building_tests' from command line to 'False'
[0.345s] DEBUG:colcon.colcon_core.verb:Building package 'wuta_tools' with the following arguments: {'ament_cmake_args': None, 'build_base': '/home/starry1n/WUTA-FSD1/ros2_ws/build/wuta_tools', 'catkin_cmake_args': None, 'catkin_skip_building_tests': False, 'cmake_args': ['-DCMAKE_MODULE_PATH=/home/starry1n/WUTA-FSD1/ros2_ws/cmake'], 'cmake_clean_cache': False, 'cmake_clean_first': False, 'cmake_force_configure': False, 'cmake_target': None, 'cmake_target_skip_unavailable': False, 'install_base': '/home/starry1n/WUTA-FSD1/ros2_ws/install/wuta_tools', 'merge_install': False, 'path': '/home/starry1n/WUTA-FSD1/ros2_ws/src/common/wuta_tools', 'symlink_install': True, 'test_result_base': None}
[0.345s] INFO:colcon.colcon_core.executor:Executing jobs using 'parallel' executor
[0.346s] DEBUG:colcon.colcon_parallel_executor.executor.parallel:run_until_complete
[0.346s] INFO:colcon.colcon_ros.task.ament_cmake.build:Building ROS package in '/home/starry1n/WUTA-FSD1/ros2_ws/src/common/wuta_msgs' with build type 'ament_cmake'
[0.346s] INFO:colcon.colcon_cmake.task.cmake.build:Building CMake package in '/home/starry1n/WUTA-FSD1/ros2_ws/src/common/wuta_msgs'
[0.349s] INFO:colcon.colcon_core.plugin_system:Skipping extension 'colcon_core.shell.bat': Not used on non-Windows systems
[0.349s] INFO:colcon.colcon_core.shell:Skip shell extension 'powershell' for command environment: Not usable outside of PowerShell
[0.349s] DEBUG:colcon.colcon_core.shell:Skip shell extension 'dsv' for command environment
[0.352s] INFO:colcon.colcon_ros.task.ament_cmake.build:Building ROS package in '/home/starry1n/WUTA-FSD1/ros2_ws/src/common/autoware_msgs' with build type 'ament_cmake'
[0.353s] INFO:colcon.colcon_cmake.task.cmake.build:Building CMake package in '/home/starry1n/WUTA-FSD1/ros2_ws/src/common/autoware_msgs'
[0.353s] INFO:colcon.colcon_core.shell:Skip shell extension 'powershell' for command environment: Not usable outside of PowerShell
[0.353s] DEBUG:colcon.colcon_core.shell:Skip shell extension 'dsv' for command environment
[0.356s] INFO:colcon.colcon_ros.task.ament_cmake.build:Building ROS package in '/home/starry1n/WUTA-FSD1/ros2_ws/src/localization/kiss-icp/ros' with build type 'ament_cmake'
[0.356s] INFO:colcon.colcon_cmake.task.cmake.build:Building CMake package in '/home/starry1n/WUTA-FSD1/ros2_ws/src/localization/kiss-icp/ros'
[0.357s] INFO:colcon.colcon_core.shell:Skip shell extension 'powershell' for command environment: Not usable outside of PowerShell
[0.357s] DEBUG:colcon.colcon_core.shell:Skip shell extension 'dsv' for command environment
[0.359s] INFO:colcon.colcon_ros.task.ament_cmake.build:Building ROS package in '/home/starry1n/WUTA-FSD1/ros2_ws/src/localization/robot_localization' with build type 'ament_cmake'
[0.360s] INFO:colcon.colcon_cmake.task.cmake.build:Building CMake package in '/home/starry1n/WUTA-FSD1/ros2_ws/src/localization/robot_localization'
[0.360s] INFO:colcon.colcon_core.shell:Skip shell extension 'powershell' for command environment: Not usable outside of PowerShell
[0.360s] DEBUG:colcon.colcon_core.shell:Skip shell extension 'dsv' for command environment
[0.367s] DEBUG:colcon.colcon_core.event_handler.log_command:Invoking command in '/home/starry1n/WUTA-FSD1/ros2_ws/build/wuta_msgs': CMAKE_PREFIX_PATH=/opt/ros/humble /usr/bin/cmake /home/starry1n/WUTA-FSD1/ros2_ws/src/common/wuta_msgs -DCMAKE_MODULE_PATH=/home/starry1n/WUTA-FSD1/ros2_ws/cmake -DAMENT_CMAKE_SYMLINK_INSTALL=1 -DCMAKE_INSTALL_PREFIX=/home/starry1n/WUTA-FSD1/ros2_ws/install/wuta_msgs
[0.372s] DEBUG:colcon.colcon_core.event_handler.log_command:Invoking command in '/home/starry1n/WUTA-FSD1/ros2_ws/build/autoware_msgs': CMAKE_PREFIX_PATH=/opt/ros/humble /usr/bin/cmake /home/starry1n/WUTA-FSD1/ros2_ws/src/common/autoware_msgs -DCMAKE_MODULE_PATH=/home/starry1n/WUTA-FSD1/ros2_ws/cmake -DAMENT_CMAKE_SYMLINK_INSTALL=1 -DCMAKE_INSTALL_PREFIX=/home/starry1n/WUTA-FSD1/ros2_ws/install/autoware_msgs
[0.378s] DEBUG:colcon.colcon_core.event_handler.log_command:Invoking command in '/home/starry1n/WUTA-FSD1/ros2_ws/build/kiss_icp': CMAKE_PREFIX_PATH=/opt/ros/humble /usr/bin/cmake /home/starry1n/WUTA-FSD1/ros2_ws/src/localization/kiss-icp/ros -DCMAKE_MODULE_PATH=/home/starry1n/WUTA-FSD1/ros2_ws/cmake -DAMENT_CMAKE_SYMLINK_INSTALL=1 -DCMAKE_INSTALL_PREFIX=/home/starry1n/WUTA-FSD1/ros2_ws/install/kiss_icp
[0.381s] DEBUG:colcon.colcon_core.event_handler.log_command:Invoking command in '/home/starry1n/WUTA-FSD1/ros2_ws/build/robot_localization': CMAKE_PREFIX_PATH=/opt/ros/humble /usr/bin/cmake /home/starry1n/WUTA-FSD1/ros2_ws/src/localization/robot_localization -DCMAKE_MODULE_PATH=/home/starry1n/WUTA-FSD1/ros2_ws/cmake -DAMENT_CMAKE_SYMLINK_INSTALL=1 -DCMAKE_INSTALL_PREFIX=/home/starry1n/WUTA-FSD1/ros2_ws/install/robot_localization
[3.689s] DEBUG:colcon.colcon_core.event_handler.log_command:Invoked command in '/home/starry1n/WUTA-FSD1/ros2_ws/build/autoware_msgs' returned '0': CMAKE_PREFIX_PATH=/opt/ros/humble /usr/bin/cmake /home/starry1n/WUTA-FSD1/ros2_ws/src/common/autoware_msgs -DCMAKE_MODULE_PATH=/home/starry1n/WUTA-FSD1/ros2_ws/cmake -DAMENT_CMAKE_SYMLINK_INSTALL=1 -DCMAKE_INSTALL_PREFIX=/home/starry1n/WUTA-FSD1/ros2_ws/install/autoware_msgs
[3.692s] DEBUG:colcon.colcon_core.event_handler.log_command:Invoking command in '/home/starry1n/WUTA-FSD1/ros2_ws/build/autoware_msgs': CMAKE_PREFIX_PATH=/opt/ros/humble /usr/bin/cmake --build /home/starry1n/WUTA-FSD1/ros2_ws/build/autoware_msgs -- -j8 -l8
[3.694s] DEBUG:colcon.colcon_core.event_handler.log_command:Invoked command in '/home/starry1n/WUTA-FSD1/ros2_ws/build/wuta_msgs' returned '0': CMAKE_PREFIX_PATH=/opt/ros/humble /usr/bin/cmake /home/starry1n/WUTA-FSD1/ros2_ws/src/common/wuta_msgs -DCMAKE_MODULE_PATH=/home/starry1n/WUTA-FSD1/ros2_ws/cmake -DAMENT_CMAKE_SYMLINK_INSTALL=1 -DCMAKE_INSTALL_PREFIX=/home/starry1n/WUTA-FSD1/ros2_ws/install/wuta_msgs
[3.696s] DEBUG:colcon.colcon_core.event_handler.log_command:Invoking command in '/home/starry1n/WUTA-FSD1/ros2_ws/build/wuta_msgs': CMAKE_PREFIX_PATH=/opt/ros/humble /usr/bin/cmake --build /home/starry1n/WUTA-FSD1/ros2_ws/build/wuta_msgs -- -j8 -l8
[5.886s] DEBUG:colcon.colcon_core.event_handler.log_command:Invoked command in '/home/starry1n/WUTA-FSD1/ros2_ws/build/robot_localization' returned '0': CMAKE_PREFIX_PATH=/opt/ros/humble /usr/bin/cmake /home/starry1n/WUTA-FSD1/ros2_ws/src/localization/robot_localization -DCMAKE_MODULE_PATH=/home/starry1n/WUTA-FSD1/ros2_ws/cmake -DAMENT_CMAKE_SYMLINK_INSTALL=1 -DCMAKE_INSTALL_PREFIX=/home/starry1n/WUTA-FSD1/ros2_ws/install/robot_localization
[5.898s] DEBUG:colcon.colcon_core.event_handler.log_command:Invoking command in '/home/starry1n/WUTA-FSD1/ros2_ws/build/robot_localization': CMAKE_PREFIX_PATH=/opt/ros/humble /usr/bin/cmake --build /home/starry1n/WUTA-FSD1/ros2_ws/build/robot_localization -- -j8 -l8
[9.164s] DEBUG:colcon.colcon_core.event_handler.log_command:Invoked command in '/home/starry1n/WUTA-FSD1/ros2_ws/build/autoware_msgs' returned '0': CMAKE_PREFIX_PATH=/opt/ros/humble /usr/bin/cmake --build /home/starry1n/WUTA-FSD1/ros2_ws/build/autoware_msgs -- -j8 -l8
[9.183s] DEBUG:colcon.colcon_core.event_handler.log_command:Invoking command in '/home/starry1n/WUTA-FSD1/ros2_ws/build/autoware_msgs': CMAKE_PREFIX_PATH=/opt/ros/humble /usr/bin/cmake --install /home/starry1n/WUTA-FSD1/ros2_ws/build/autoware_msgs
[10.919s] DEBUG:colcon.colcon_core.event_handler.log_command:Invoked command in '/home/starry1n/WUTA-FSD1/ros2_ws/build/wuta_msgs' returned '0': CMAKE_PREFIX_PATH=/opt/ros/humble /usr/bin/cmake --build /home/starry1n/WUTA-FSD1/ros2_ws/build/wuta_msgs -- -j8 -l8
[10.920s] DEBUG:colcon.colcon_core.event_handler.log_command:Invoking command in '/home/starry1n/WUTA-FSD1/ros2_ws/build/wuta_msgs': CMAKE_PREFIX_PATH=/opt/ros/humble /usr/bin/cmake --install /home/starry1n/WUTA-FSD1/ros2_ws/build/wuta_msgs
[11.309s] Level 1:colcon.colcon_core.environment:create_environment_scripts_only(autoware_msgs)
[11.310s] DEBUG:colcon.colcon_core.event_handler.log_command:Invoked command in '/home/starry1n/WUTA-FSD1/ros2_ws/build/autoware_msgs' returned '0': CMAKE_PREFIX_PATH=/opt/ros/humble /usr/bin/cmake --install /home/starry1n/WUTA-FSD1/ros2_ws/build/autoware_msgs
[11.313s] Level 1:colcon.colcon_core.environment:checking '/home/starry1n/WUTA-FSD1/ros2_ws/install/autoware_msgs' for CMake module files
[11.320s] Level 1:colcon.colcon_core.environment:checking '/home/starry1n/WUTA-FSD1/ros2_ws/install/autoware_msgs' for CMake config files
[11.320s] Level 1:colcon.colcon_core.shell:create_environment_hook('autoware_msgs', 'cmake_prefix_path')
[11.320s] INFO:colcon.colcon_core.shell:Creating environment hook '/home/starry1n/WUTA-FSD1/ros2_ws/install/autoware_msgs/share/autoware_msgs/hook/cmake_prefix_path.ps1'
[11.321s] INFO:colcon.colcon_core.shell:Creating environment descriptor '/home/starry1n/WUTA-FSD1/ros2_ws/install/autoware_msgs/share/autoware_msgs/hook/cmake_prefix_path.dsv'
[11.322s] INFO:colcon.colcon_core.shell:Creating environment hook '/home/starry1n/WUTA-FSD1/ros2_ws/install/autoware_msgs/share/autoware_msgs/hook/cmake_prefix_path.sh'
[11.323s] Level 1:colcon.colcon_core.environment:checking '/home/starry1n/WUTA-FSD1/ros2_ws/install/autoware_msgs/lib'
[11.323s] Level 1:colcon.colcon_core.shell:create_environment_hook('autoware_msgs', 'ld_library_path_lib')
[11.326s] INFO:colcon.colcon_core.shell:Creating environment hook '/home/starry1n/WUTA-FSD1/ros2_ws/install/autoware_msgs/share/autoware_msgs/hook/ld_library_path_lib.ps1'
[11.327s] INFO:colcon.colcon_core.shell:Creating environment descriptor '/home/starry1n/WUTA-FSD1/ros2_ws/install/autoware_msgs/share/autoware_msgs/hook/ld_library_path_lib.dsv'
[11.331s] INFO:colcon.colcon_core.shell:Creating environment hook '/home/starry1n/WUTA-FSD1/ros2_ws/install/autoware_msgs/share/autoware_msgs/hook/ld_library_path_lib.sh'
[11.332s] Level 1:colcon.colcon_core.environment:checking '/home/starry1n/WUTA-FSD1/ros2_ws/install/autoware_msgs/bin'
[11.332s] Level 1:colcon.colcon_core.environment:checking '/home/starry1n/WUTA-FSD1/ros2_ws/install/autoware_msgs/lib/pkgconfig/autoware_msgs.pc'
[11.332s] Level 1:colcon.colcon_core.environment:checking '/home/starry1n/WUTA-FSD1/ros2_ws/install/autoware_msgs/lib/python3.10/site-packages'
[11.333s] Level 1:colcon.colcon_core.environment:checking '/home/starry1n/WUTA-FSD1/ros2_ws/install/autoware_msgs/bin'
[11.333s] INFO:colcon.colcon_core.shell:Creating package script '/home/starry1n/WUTA-FSD1/ros2_ws/install/autoware_msgs/share/autoware_msgs/package.ps1'
[11.337s] INFO:colcon.colcon_core.shell:Creating package descriptor '/home/starry1n/WUTA-FSD1/ros2_ws/install/autoware_msgs/share/autoware_msgs/package.dsv'
[11.338s] INFO:colcon.colcon_core.shell:Creating package script '/home/starry1n/WUTA-FSD1/ros2_ws/install/autoware_msgs/share/autoware_msgs/package.sh'
[11.339s] INFO:colcon.colcon_core.shell:Creating package script '/home/starry1n/WUTA-FSD1/ros2_ws/install/autoware_msgs/share/autoware_msgs/package.bash'
[11.340s] INFO:colcon.colcon_core.shell:Creating package script '/home/starry1n/WUTA-FSD1/ros2_ws/install/autoware_msgs/share/autoware_msgs/package.zsh'
[11.341s] Level 1:colcon.colcon_core.environment:create_file_with_runtime_dependencies(/home/starry1n/WUTA-FSD1/ros2_ws/install/autoware_msgs/share/colcon-core/packages/autoware_msgs)
[11.342s] Level 1:colcon.colcon_core.environment:create_environment_scripts_only(autoware_msgs)
[11.342s] Level 1:colcon.colcon_core.environment:checking '/home/starry1n/WUTA-FSD1/ros2_ws/install/autoware_msgs' for CMake module files
[11.343s] Level 1:colcon.colcon_core.environment:checking '/home/starry1n/WUTA-FSD1/ros2_ws/install/autoware_msgs' for CMake config files
[11.347s] Level 1:colcon.colcon_core.shell:create_environment_hook('autoware_msgs', 'cmake_prefix_path')
[11.348s] INFO:colcon.colcon_core.shell:Creating environment hook '/home/starry1n/WUTA-FSD1/ros2_ws/install/autoware_msgs/share/autoware_msgs/hook/cmake_prefix_path.ps1'
[11.348s] INFO:colcon.colcon_core.shell:Creating environment descriptor '/home/starry1n/WUTA-FSD1/ros2_ws/install/autoware_msgs/share/autoware_msgs/hook/cmake_prefix_path.dsv'
[11.349s] INFO:colcon.colcon_core.shell:Creating environment hook '/home/starry1n/WUTA-FSD1/ros2_ws/install/autoware_msgs/share/autoware_msgs/hook/cmake_prefix_path.sh'
[11.353s] Level 1:colcon.colcon_core.environment:checking '/home/starry1n/WUTA-FSD1/ros2_ws/install/autoware_msgs/lib'
[11.353s] Level 1:colcon.colcon_core.shell:create_environment_hook('autoware_msgs', 'ld_library_path_lib')
[11.354s] INFO:colcon.colcon_core.shell:Creating environment hook '/home/starry1n/WUTA-FSD1/ros2_ws/install/autoware_msgs/share/autoware_msgs/hook/ld_library_path_lib.ps1'
[11.354s] INFO:colcon.colcon_core.shell:Creating environment descriptor '/home/starry1n/WUTA-FSD1/ros2_ws/install/autoware_msgs/share/autoware_msgs/hook/ld_library_path_lib.dsv'
[11.355s] INFO:colcon.colcon_core.shell:Creating environment hook '/home/starry1n/WUTA-FSD1/ros2_ws/install/autoware_msgs/share/autoware_msgs/hook/ld_library_path_lib.sh'
[11.356s] Level 1:colcon.colcon_core.environment:checking '/home/starry1n/WUTA-FSD1/ros2_ws/install/autoware_msgs/bin'
[11.359s] Level 1:colcon.colcon_core.environment:checking '/home/starry1n/WUTA-FSD1/ros2_ws/install/autoware_msgs/lib/pkgconfig/autoware_msgs.pc'
[11.361s] Level 1:colcon.colcon_core.environment:checking '/home/starry1n/WUTA-FSD1/ros2_ws/install/autoware_msgs/lib/python3.10/site-packages'
[11.362s] Level 1:colcon.colcon_core.environment:checking '/home/starry1n/WUTA-FSD1/ros2_ws/install/autoware_msgs/bin'
[11.362s] INFO:colcon.colcon_core.shell:Creating package script '/home/starry1n/WUTA-FSD1/ros2_ws/install/autoware_msgs/share/autoware_msgs/package.ps1'
[11.363s] INFO:colcon.colcon_core.shell:Creating package descriptor '/home/starry1n/WUTA-FSD1/ros2_ws/install/autoware_msgs/share/autoware_msgs/package.dsv'
[11.367s] INFO:colcon.colcon_core.shell:Creating package script '/home/starry1n/WUTA-FSD1/ros2_ws/install/autoware_msgs/share/autoware_msgs/package.sh'
[11.368s] INFO:colcon.colcon_core.shell:Creating package script '/home/starry1n/WUTA-FSD1/ros2_ws/install/autoware_msgs/share/autoware_msgs/package.bash'
[11.368s] INFO:colcon.colcon_core.shell:Creating package script '/home/starry1n/WUTA-FSD1/ros2_ws/install/autoware_msgs/share/autoware_msgs/package.zsh'
[11.372s] Level 1:colcon.colcon_core.environment:create_file_with_runtime_dependencies(/home/starry1n/WUTA-FSD1/ros2_ws/install/autoware_msgs/share/colcon-core/packages/autoware_msgs)
[13.393s] Level 1:colcon.colcon_core.environment:create_environment_scripts_only(wuta_msgs)
[13.394s] Level 1:colcon.colcon_core.environment:checking '/home/starry1n/WUTA-FSD1/ros2_ws/install/wuta_msgs' for CMake module files
[13.395s] Level 1:colcon.colcon_core.environment:checking '/home/starry1n/WUTA-FSD1/ros2_ws/install/wuta_msgs' for CMake config files
[13.396s] Level 1:colcon.colcon_core.shell:create_environment_hook('wuta_msgs', 'cmake_prefix_path')
[13.396s] INFO:colcon.colcon_core.shell:Creating environment hook '/home/starry1n/WUTA-FSD1/ros2_ws/install/wuta_msgs/share/wuta_msgs/hook/cmake_prefix_path.ps1'
[13.397s] INFO:colcon.colcon_core.shell:Creating environment descriptor '/home/starry1n/WUTA-FSD1/ros2_ws/install/wuta_msgs/share/wuta_msgs/hook/cmake_prefix_path.dsv'
[13.401s] DEBUG:colcon.colcon_core.event_handler.log_command:Invoked command in '/home/starry1n/WUTA-FSD1/ros2_ws/build/wuta_msgs' returned '0': CMAKE_PREFIX_PATH=/opt/ros/humble /usr/bin/cmake --install /home/starry1n/WUTA-FSD1/ros2_ws/build/wuta_msgs
[13.401s] INFO:colcon.colcon_core.shell:Creating environment hook '/home/starry1n/WUTA-FSD1/ros2_ws/install/wuta_msgs/share/wuta_msgs/hook/cmake_prefix_path.sh'
[13.402s] Level 1:colcon.colcon_core.environment:checking '/home/starry1n/WUTA-FSD1/ros2_ws/install/wuta_msgs/lib'
[13.402s] Level 1:colcon.colcon_core.shell:create_environment_hook('wuta_msgs', 'ld_library_path_lib')
[13.403s] INFO:colcon.colcon_core.shell:Creating environment hook '/home/starry1n/WUTA-FSD1/ros2_ws/install/wuta_msgs/share/wuta_msgs/hook/ld_library_path_lib.ps1'
[13.403s] INFO:colcon.colcon_core.shell:Creating environment descriptor '/home/starry1n/WUTA-FSD1/ros2_ws/install/wuta_msgs/share/wuta_msgs/hook/ld_library_path_lib.dsv'
[13.404s] INFO:colcon.colcon_core.shell:Creating environment hook '/home/starry1n/WUTA-FSD1/ros2_ws/install/wuta_msgs/share/wuta_msgs/hook/ld_library_path_lib.sh'
[13.407s] Level 1:colcon.colcon_core.environment:checking '/home/starry1n/WUTA-FSD1/ros2_ws/install/wuta_msgs/bin'
[13.408s] Level 1:colcon.colcon_core.environment:checking '/home/starry1n/WUTA-FSD1/ros2_ws/install/wuta_msgs/lib/pkgconfig/wuta_msgs.pc'
[13.408s] Level 1:colcon.colcon_core.environment:checking '/home/starry1n/WUTA-FSD1/ros2_ws/install/wuta_msgs/lib/python3.10/site-packages'
[13.408s] Level 1:colcon.colcon_core.environment:checking '/home/starry1n/WUTA-FSD1/ros2_ws/install/wuta_msgs/bin'
[13.409s] INFO:colcon.colcon_core.shell:Creating package script '/home/starry1n/WUTA-FSD1/ros2_ws/install/wuta_msgs/share/wuta_msgs/package.ps1'
[13.410s] INFO:colcon.colcon_core.shell:Creating package descriptor '/home/starry1n/WUTA-FSD1/ros2_ws/install/wuta_msgs/share/wuta_msgs/package.dsv'
[13.413s] INFO:colcon.colcon_core.shell:Creating package script '/home/starry1n/WUTA-FSD1/ros2_ws/install/wuta_msgs/share/wuta_msgs/package.sh'
[13.414s] INFO:colcon.colcon_core.shell:Creating package script '/home/starry1n/WUTA-FSD1/ros2_ws/install/wuta_msgs/share/wuta_msgs/package.bash'
[13.415s] INFO:colcon.colcon_core.shell:Creating package script '/home/starry1n/WUTA-FSD1/ros2_ws/install/wuta_msgs/share/wuta_msgs/package.zsh'
[13.416s] Level 1:colcon.colcon_core.environment:create_file_with_runtime_dependencies(/home/starry1n/WUTA-FSD1/ros2_ws/install/wuta_msgs/share/colcon-core/packages/wuta_msgs)
[13.420s] Level 1:colcon.colcon_core.environment:create_environment_scripts_only(wuta_msgs)
[13.420s] Level 1:colcon.colcon_core.environment:checking '/home/starry1n/WUTA-FSD1/ros2_ws/install/wuta_msgs' for CMake module files
[13.421s] Level 1:colcon.colcon_core.environment:checking '/home/starry1n/WUTA-FSD1/ros2_ws/install/wuta_msgs' for CMake config files
[13.422s] Level 1:colcon.colcon_core.shell:create_environment_hook('wuta_msgs', 'cmake_prefix_path')
[13.422s] INFO:colcon.colcon_core.shell:Creating environment hook '/home/starry1n/WUTA-FSD1/ros2_ws/install/wuta_msgs/share/wuta_msgs/hook/cmake_prefix_path.ps1'
[13.426s] INFO:colcon.colcon_core.shell:Creating environment descriptor '/home/starry1n/WUTA-FSD1/ros2_ws/install/wuta_msgs/share/wuta_msgs/hook/cmake_prefix_path.dsv'
[13.431s] INFO:colcon.colcon_core.shell:Creating environment hook '/home/starry1n/WUTA-FSD1/ros2_ws/install/wuta_msgs/share/wuta_msgs/hook/cmake_prefix_path.sh'
[13.432s] Level 1:colcon.colcon_core.environment:checking '/home/starry1n/WUTA-FSD1/ros2_ws/install/wuta_msgs/lib'
[13.433s] Level 1:colcon.colcon_core.shell:create_environment_hook('wuta_msgs', 'ld_library_path_lib')
[13.433s] INFO:colcon.colcon_core.shell:Creating environment hook '/home/starry1n/WUTA-FSD1/ros2_ws/install/wuta_msgs/share/wuta_msgs/hook/ld_library_path_lib.ps1'
[13.434s] INFO:colcon.colcon_core.shell:Creating environment descriptor '/home/starry1n/WUTA-FSD1/ros2_ws/install/wuta_msgs/share/wuta_msgs/hook/ld_library_path_lib.dsv'
[13.437s] INFO:colcon.colcon_core.shell:Creating environment hook '/home/starry1n/WUTA-FSD1/ros2_ws/install/wuta_msgs/share/wuta_msgs/hook/ld_library_path_lib.sh'
[13.440s] Level 1:colcon.colcon_core.environment:checking '/home/starry1n/WUTA-FSD1/ros2_ws/install/wuta_msgs/bin'
[13.440s] Level 1:colcon.colcon_core.environment:checking '/home/starry1n/WUTA-FSD1/ros2_ws/install/wuta_msgs/lib/pkgconfig/wuta_msgs.pc'
[13.441s] Level 1:colcon.colcon_core.environment:checking '/home/starry1n/WUTA-FSD1/ros2_ws/install/wuta_msgs/lib/python3.10/site-packages'
[13.441s] Level 1:colcon.colcon_core.environment:checking '/home/starry1n/WUTA-FSD1/ros2_ws/install/wuta_msgs/bin'
[13.441s] INFO:colcon.colcon_core.shell:Creating package script '/home/starry1n/WUTA-FSD1/ros2_ws/install/wuta_msgs/share/wuta_msgs/package.ps1'
[13.446s] INFO:colcon.colcon_core.shell:Creating package descriptor '/home/starry1n/WUTA-FSD1/ros2_ws/install/wuta_msgs/share/wuta_msgs/package.dsv'
[13.447s] INFO:colcon.colcon_core.shell:Creating package script '/home/starry1n/WUTA-FSD1/ros2_ws/install/wuta_msgs/share/wuta_msgs/package.sh'
[13.451s] INFO:colcon.colcon_core.shell:Creating package script '/home/starry1n/WUTA-FSD1/ros2_ws/install/wuta_msgs/share/wuta_msgs/package.bash'
[13.452s] INFO:colcon.colcon_core.shell:Creating package script '/home/starry1n/WUTA-FSD1/ros2_ws/install/wuta_msgs/share/wuta_msgs/package.zsh'
[13.457s] Level 1:colcon.colcon_core.environment:create_file_with_runtime_dependencies(/home/starry1n/WUTA-FSD1/ros2_ws/install/wuta_msgs/share/colcon-core/packages/wuta_msgs)
[13.458s] INFO:colcon.colcon_ros.task.ament_cmake.build:Building ROS package in '/home/starry1n/WUTA-FSD1/ros2_ws/src/planning/boundary_detector' with build type 'ament_cmake'
[13.458s] INFO:colcon.colcon_cmake.task.cmake.build:Building CMake package in '/home/starry1n/WUTA-FSD1/ros2_ws/src/planning/boundary_detector'
[13.459s] INFO:colcon.colcon_core.shell:Skip shell extension 'powershell' for command environment: Not usable outside of PowerShell
[13.459s] DEBUG:colcon.colcon_core.shell:Skip shell extension 'dsv' for command environment
[13.470s] INFO:colcon.colcon_ros.task.ament_cmake.build:Building ROS package in '/home/starry1n/WUTA-FSD1/ros2_ws/src/perception/camera_detection' with build type 'ament_cmake'
[13.471s] INFO:colcon.colcon_cmake.task.cmake.build:Building CMake package in '/home/starry1n/WUTA-FSD1/ros2_ws/src/perception/camera_detection'
[13.471s] INFO:colcon.colcon_core.shell:Skip shell extension 'powershell' for command environment: Not usable outside of PowerShell
[13.471s] DEBUG:colcon.colcon_core.shell:Skip shell extension 'dsv' for command environment
[13.482s] INFO:colcon.colcon_ros.task.ament_cmake.build:Building ROS package in '/home/starry1n/WUTA-FSD1/ros2_ws/src/mapping/cone_map_builder' with build type 'ament_cmake'
[13.482s] INFO:colcon.colcon_cmake.task.cmake.build:Building CMake package in '/home/starry1n/WUTA-FSD1/ros2_ws/src/mapping/cone_map_builder'
[13.482s] INFO:colcon.colcon_core.shell:Skip shell extension 'powershell' for command environment: Not usable outside of PowerShell
[13.482s] DEBUG:colcon.colcon_core.shell:Skip shell extension 'dsv' for command environment
[13.494s] INFO:colcon.colcon_ros.task.ament_cmake.build:Building ROS package in '/home/starry1n/WUTA-FSD1/ros2_ws/src/control/controller' with build type 'ament_cmake'
[13.495s] INFO:colcon.colcon_cmake.task.cmake.build:Building CMake package in '/home/starry1n/WUTA-FSD1/ros2_ws/src/control/controller'
[13.495s] INFO:colcon.colcon_core.shell:Skip shell extension 'powershell' for command environment: Not usable outside of PowerShell
[13.495s] DEBUG:colcon.colcon_core.shell:Skip shell extension 'dsv' for command environment
[13.504s] INFO:colcon.colcon_ros.task.ament_cmake.build:Building ROS package in '/home/starry1n/WUTA-FSD1/ros2_ws/src/perception/detection_fusion' with build type 'ament_cmake'
[13.505s] INFO:colcon.colcon_cmake.task.cmake.build:Building CMake package in '/home/starry1n/WUTA-FSD1/ros2_ws/src/perception/detection_fusion'
[13.505s] INFO:colcon.colcon_core.shell:Skip shell extension 'powershell' for command environment: Not usable outside of PowerShell
[13.505s] DEBUG:colcon.colcon_core.shell:Skip shell extension 'dsv' for command environment
[13.519s] INFO:colcon.colcon_ros.task.ament_cmake.build:Building ROS package in '/home/starry1n/WUTA-FSD1/ros2_ws/src/localization/kiss_icp_wrapper' with build type 'ament_cmake'
[13.519s] INFO:colcon.colcon_cmake.task.cmake.build:Building CMake package in '/home/starry1n/WUTA-FSD1/ros2_ws/src/localization/kiss_icp_wrapper'
[13.520s] INFO:colcon.colcon_core.shell:Skip shell extension 'powershell' for command environment: Not usable outside of PowerShell
[13.520s] DEBUG:colcon.colcon_core.shell:Skip shell extension 'dsv' for command environment
[13.546s] DEBUG:colcon.colcon_core.event_handler.log_command:Invoking command in '/home/starry1n/WUTA-FSD1/ros2_ws/build/boundary_detector': AMENT_PREFIX_PATH=/home/starry1n/WUTA-FSD1/ros2_ws/install/wuta_msgs:/home/starry1n/WUTA-FSD1/ros2_ws/install/autoware_msgs:${AMENT_PREFIX_PATH} CMAKE_PREFIX_PATH=/home/starry1n/WUTA-FSD1/ros2_ws/install/wuta_msgs:/home/starry1n/WUTA-FSD1/ros2_ws/install/autoware_msgs:/opt/ros/humble LD_LIBRARY_PATH=/home/starry1n/WUTA-FSD1/ros2_ws/install/wuta_msgs/lib:/home/starry1n/WUTA-FSD1/ros2_ws/install/autoware_msgs/lib:${LD_LIBRARY_PATH} PYTHONPATH=/home/starry1n/WUTA-FSD1/ros2_ws/install/wuta_msgs/local/lib/python3.10/dist-packages:/home/starry1n/WUTA-FSD1/ros2_ws/install/autoware_msgs/local/lib/python3.10/dist-packages:${PYTHONPATH} /usr/bin/cmake /home/starry1n/WUTA-FSD1/ros2_ws/src/planning/boundary_detector -DCMAKE_MODULE_PATH=/home/starry1n/WUTA-FSD1/ros2_ws/cmake -DAMENT_CMAKE_SYMLINK_INSTALL=1 -DCMAKE_INSTALL_PREFIX=/home/starry1n/WUTA-FSD1/ros2_ws/install/boundary_detector
[13.560s] DEBUG:colcon.colcon_core.event_handler.log_command:Invoking command in '/home/starry1n/WUTA-FSD1/ros2_ws/build/camera_detection': AMENT_PREFIX_PATH=/home/starry1n/WUTA-FSD1/ros2_ws/install/wuta_msgs:${AMENT_PREFIX_PATH} CMAKE_PREFIX_PATH=/home/starry1n/WUTA-FSD1/ros2_ws/install/wuta_msgs:/opt/ros/humble LD_LIBRARY_PATH=/home/starry1n/WUTA-FSD1/ros2_ws/install/wuta_msgs/lib:${LD_LIBRARY_PATH} PYTHONPATH=/home/starry1n/WUTA-FSD1/ros2_ws/install/wuta_msgs/local/lib/python3.10/dist-packages:${PYTHONPATH} /usr/bin/cmake /home/starry1n/WUTA-FSD1/ros2_ws/src/perception/camera_detection -DCMAKE_MODULE_PATH=/home/starry1n/WUTA-FSD1/ros2_ws/cmake -DAMENT_CMAKE_SYMLINK_INSTALL=1 -DCMAKE_INSTALL_PREFIX=/home/starry1n/WUTA-FSD1/ros2_ws/install/camera_detection
[13.571s] DEBUG:colcon.colcon_core.event_handler.log_command:Invoking command in '/home/starry1n/WUTA-FSD1/ros2_ws/build/cone_map_builder': AMENT_PREFIX_PATH=/home/starry1n/WUTA-FSD1/ros2_ws/install/wuta_msgs:${AMENT_PREFIX_PATH} CMAKE_PREFIX_PATH=/home/starry1n/WUTA-FSD1/ros2_ws/install/wuta_msgs:/opt/ros/humble LD_LIBRARY_PATH=/home/starry1n/WUTA-FSD1/ros2_ws/install/wuta_msgs/lib:${LD_LIBRARY_PATH} PYTHONPATH=/home/starry1n/WUTA-FSD1/ros2_ws/install/wuta_msgs/local/lib/python3.10/dist-packages:${PYTHONPATH} /usr/bin/cmake /home/starry1n/WUTA-FSD1/ros2_ws/src/mapping/cone_map_builder -DCMAKE_MODULE_PATH=/home/starry1n/WUTA-FSD1/ros2_ws/cmake -DAMENT_CMAKE_SYMLINK_INSTALL=1 -DCMAKE_INSTALL_PREFIX=/home/starry1n/WUTA-FSD1/ros2_ws/install/cone_map_builder
[13.586s] DEBUG:colcon.colcon_core.event_handler.log_command:Invoking command in '/home/starry1n/WUTA-FSD1/ros2_ws/build/detection_fusion': AMENT_PREFIX_PATH=/home/starry1n/WUTA-FSD1/ros2_ws/install/wuta_msgs:${AMENT_PREFIX_PATH} CMAKE_PREFIX_PATH=/home/starry1n/WUTA-FSD1/ros2_ws/install/wuta_msgs:/opt/ros/humble LD_LIBRARY_PATH=/home/starry1n/WUTA-FSD1/ros2_ws/install/wuta_msgs/lib:${LD_LIBRARY_PATH} PYTHONPATH=/home/starry1n/WUTA-FSD1/ros2_ws/install/wuta_msgs/local/lib/python3.10/dist-packages:${PYTHONPATH} /usr/bin/cmake /home/starry1n/WUTA-FSD1/ros2_ws/src/perception/detection_fusion -DCMAKE_MODULE_PATH=/home/starry1n/WUTA-FSD1/ros2_ws/cmake -DAMENT_CMAKE_SYMLINK_INSTALL=1 -DCMAKE_INSTALL_PREFIX=/home/starry1n/WUTA-FSD1/ros2_ws/install/detection_fusion
[13.595s] DEBUG:colcon.colcon_core.event_handler.log_command:Invoking command in '/home/starry1n/WUTA-FSD1/ros2_ws/build/controller': AMENT_PREFIX_PATH=/home/starry1n/WUTA-FSD1/ros2_ws/install/wuta_msgs:/home/starry1n/WUTA-FSD1/ros2_ws/install/autoware_msgs:${AMENT_PREFIX_PATH} CMAKE_PREFIX_PATH=/home/starry1n/WUTA-FSD1/ros2_ws/install/wuta_msgs:/home/starry1n/WUTA-FSD1/ros2_ws/install/autoware_msgs:/opt/ros/humble LD_LIBRARY_PATH=/home/starry1n/WUTA-FSD1/ros2_ws/install/wuta_msgs/lib:/home/starry1n/WUTA-FSD1/ros2_ws/install/autoware_msgs/lib:${LD_LIBRARY_PATH} PYTHONPATH=/home/starry1n/WUTA-FSD1/ros2_ws/install/wuta_msgs/local/lib/python3.10/dist-packages:/home/starry1n/WUTA-FSD1/ros2_ws/install/autoware_msgs/local/lib/python3.10/dist-packages:${PYTHONPATH} /usr/bin/cmake /home/starry1n/WUTA-FSD1/ros2_ws/src/control/controller -DCMAKE_MODULE_PATH=/home/starry1n/WUTA-FSD1/ros2_ws/cmake -DAMENT_CMAKE_SYMLINK_INSTALL=1 -DCMAKE_INSTALL_PREFIX=/home/starry1n/WUTA-FSD1/ros2_ws/install/controller
[13.612s] DEBUG:colcon.colcon_core.event_handler.log_command:Invoking command in '/home/starry1n/WUTA-FSD1/ros2_ws/build/kiss_icp_wrapper': AMENT_PREFIX_PATH=/home/starry1n/WUTA-FSD1/ros2_ws/install/wuta_msgs:${AMENT_PREFIX_PATH} CMAKE_PREFIX_PATH=/home/starry1n/WUTA-FSD1/ros2_ws/install/wuta_msgs:/opt/ros/humble LD_LIBRARY_PATH=/home/starry1n/WUTA-FSD1/ros2_ws/install/wuta_msgs/lib:${LD_LIBRARY_PATH} PYTHONPATH=/home/starry1n/WUTA-FSD1/ros2_ws/install/wuta_msgs/local/lib/python3.10/dist-packages:${PYTHONPATH} /usr/bin/cmake /home/starry1n/WUTA-FSD1/ros2_ws/src/localization/kiss_icp_wrapper -DCMAKE_MODULE_PATH=/home/starry1n/WUTA-FSD1/ros2_ws/cmake -DAMENT_CMAKE_SYMLINK_INSTALL=1 -DCMAKE_INSTALL_PREFIX=/home/starry1n/WUTA-FSD1/ros2_ws/install/kiss_icp_wrapper
[17.108s] DEBUG:colcon.colcon_core.event_handler.log_command:Invoked command in '/home/starry1n/WUTA-FSD1/ros2_ws/build/detection_fusion' returned '0': AMENT_PREFIX_PATH=/home/starry1n/WUTA-FSD1/ros2_ws/install/wuta_msgs:${AMENT_PREFIX_PATH} CMAKE_PREFIX_PATH=/home/starry1n/WUTA-FSD1/ros2_ws/install/wuta_msgs:/opt/ros/humble LD_LIBRARY_PATH=/home/starry1n/WUTA-FSD1/ros2_ws/install/wuta_msgs/lib:${LD_LIBRARY_PATH} PYTHONPATH=/home/starry1n/WUTA-FSD1/ros2_ws/install/wuta_msgs/local/lib/python3.10/dist-packages:${PYTHONPATH} /usr/bin/cmake /home/starry1n/WUTA-FSD1/ros2_ws/src/perception/detection_fusion -DCMAKE_MODULE_PATH=/home/starry1n/WUTA-FSD1/ros2_ws/cmake -DAMENT_CMAKE_SYMLINK_INSTALL=1 -DCMAKE_INSTALL_PREFIX=/home/starry1n/WUTA-FSD1/ros2_ws/install/detection_fusion
[17.115s] DEBUG:colcon.colcon_core.event_handler.log_command:Invoking command in '/home/starry1n/WUTA-FSD1/ros2_ws/build/detection_fusion': AMENT_PREFIX_PATH=/home/starry1n/WUTA-FSD1/ros2_ws/install/wuta_msgs:${AMENT_PREFIX_PATH} CMAKE_PREFIX_PATH=/home/starry1n/WUTA-FSD1/ros2_ws/install/wuta_msgs:/opt/ros/humble LD_LIBRARY_PATH=/home/starry1n/WUTA-FSD1/ros2_ws/install/wuta_msgs/lib:${LD_LIBRARY_PATH} PYTHONPATH=/home/starry1n/WUTA-FSD1/ros2_ws/install/wuta_msgs/local/lib/python3.10/dist-packages:${PYTHONPATH} /usr/bin/cmake --build /home/starry1n/WUTA-FSD1/ros2_ws/build/detection_fusion -- -j8 -l8
[17.250s] DEBUG:colcon.colcon_core.event_handler.log_command:Invoked command in '/home/starry1n/WUTA-FSD1/ros2_ws/build/kiss_icp_wrapper' returned '0': AMENT_PREFIX_PATH=/home/starry1n/WUTA-FSD1/ros2_ws/install/wuta_msgs:${AMENT_PREFIX_PATH} CMAKE_PREFIX_PATH=/home/starry1n/WUTA-FSD1/ros2_ws/install/wuta_msgs:/opt/ros/humble LD_LIBRARY_PATH=/home/starry1n/WUTA-FSD1/ros2_ws/install/wuta_msgs/lib:${LD_LIBRARY_PATH} PYTHONPATH=/home/starry1n/WUTA-FSD1/ros2_ws/install/wuta_msgs/local/lib/python3.10/dist-packages:${PYTHONPATH} /usr/bin/cmake /home/starry1n/WUTA-FSD1/ros2_ws/src/localization/kiss_icp_wrapper -DCMAKE_MODULE_PATH=/home/starry1n/WUTA-FSD1/ros2_ws/cmake -DAMENT_CMAKE_SYMLINK_INSTALL=1 -DCMAKE_INSTALL_PREFIX=/home/starry1n/WUTA-FSD1/ros2_ws/install/kiss_icp_wrapper
[17.254s] DEBUG:colcon.colcon_core.event_handler.log_command:Invoking command in '/home/starry1n/WUTA-FSD1/ros2_ws/build/kiss_icp_wrapper': AMENT_PREFIX_PATH=/home/starry1n/WUTA-FSD1/ros2_ws/install/wuta_msgs:${AMENT_PREFIX_PATH} CMAKE_PREFIX_PATH=/home/starry1n/WUTA-FSD1/ros2_ws/install/wuta_msgs:/opt/ros/humble LD_LIBRARY_PATH=/home/starry1n/WUTA-FSD1/ros2_ws/install/wuta_msgs/lib:${LD_LIBRARY_PATH} PYTHONPATH=/home/starry1n/WUTA-FSD1/ros2_ws/install/wuta_msgs/local/lib/python3.10/dist-packages:${PYTHONPATH} /usr/bin/cmake --build /home/starry1n/WUTA-FSD1/ros2_ws/build/kiss_icp_wrapper -- -j8 -l8
[17.255s] DEBUG:colcon.colcon_core.event_handler.log_command:Invoked command in '/home/starry1n/WUTA-FSD1/ros2_ws/build/detection_fusion' returned '0': AMENT_PREFIX_PATH=/home/starry1n/WUTA-FSD1/ros2_ws/install/wuta_msgs:${AMENT_PREFIX_PATH} CMAKE_PREFIX_PATH=/home/starry1n/WUTA-FSD1/ros2_ws/install/wuta_msgs:/opt/ros/humble LD_LIBRARY_PATH=/home/starry1n/WUTA-FSD1/ros2_ws/install/wuta_msgs/lib:${LD_LIBRARY_PATH} PYTHONPATH=/home/starry1n/WUTA-FSD1/ros2_ws/install/wuta_msgs/local/lib/python3.10/dist-packages:${PYTHONPATH} /usr/bin/cmake --build /home/starry1n/WUTA-FSD1/ros2_ws/build/detection_fusion -- -j8 -l8
[17.255s] DEBUG:colcon.colcon_core.event_handler.log_command:Invoking command in '/home/starry1n/WUTA-FSD1/ros2_ws/build/detection_fusion': AMENT_PREFIX_PATH=/home/starry1n/WUTA-FSD1/ros2_ws/install/wuta_msgs:${AMENT_PREFIX_PATH} CMAKE_PREFIX_PATH=/home/starry1n/WUTA-FSD1/ros2_ws/install/wuta_msgs:/opt/ros/humble LD_LIBRARY_PATH=/home/starry1n/WUTA-FSD1/ros2_ws/install/wuta_msgs/lib:${LD_LIBRARY_PATH} PYTHONPATH=/home/starry1n/WUTA-FSD1/ros2_ws/install/wuta_msgs/local/lib/python3.10/dist-packages:${PYTHONPATH} /usr/bin/cmake --install /home/starry1n/WUTA-FSD1/ros2_ws/build/detection_fusion
[17.257s] DEBUG:colcon.colcon_core.event_handler.log_command:Invoked command in '/home/starry1n/WUTA-FSD1/ros2_ws/build/camera_detection' returned '0': AMENT_PREFIX_PATH=/home/starry1n/WUTA-FSD1/ros2_ws/install/wuta_msgs:${AMENT_PREFIX_PATH} CMAKE_PREFIX_PATH=/home/starry1n/WUTA-FSD1/ros2_ws/install/wuta_msgs:/opt/ros/humble LD_LIBRARY_PATH=/home/starry1n/WUTA-FSD1/ros2_ws/install/wuta_msgs/lib:${LD_LIBRARY_PATH} PYTHONPATH=/home/starry1n/WUTA-FSD1/ros2_ws/install/wuta_msgs/local/lib/python3.10/dist-packages:${PYTHONPATH} /usr/bin/cmake /home/starry1n/WUTA-FSD1/ros2_ws/src/perception/camera_detection -DCMAKE_MODULE_PATH=/home/starry1n/WUTA-FSD1/ros2_ws/cmake -DAMENT_CMAKE_SYMLINK_INSTALL=1 -DCMAKE_INSTALL_PREFIX=/home/starry1n/WUTA-FSD1/ros2_ws/install/camera_detection
[17.263s] DEBUG:colcon.colcon_core.event_handler.log_command:Invoking command in '/home/starry1n/WUTA-FSD1/ros2_ws/build/camera_detection': AMENT_PREFIX_PATH=/home/starry1n/WUTA-FSD1/ros2_ws/install/wuta_msgs:${AMENT_PREFIX_PATH} CMAKE_PREFIX_PATH=/home/starry1n/WUTA-FSD1/ros2_ws/install/wuta_msgs:/opt/ros/humble LD_LIBRARY_PATH=/home/starry1n/WUTA-FSD1/ros2_ws/install/wuta_msgs/lib:${LD_LIBRARY_PATH} PYTHONPATH=/home/starry1n/WUTA-FSD1/ros2_ws/install/wuta_msgs/local/lib/python3.10/dist-packages:${PYTHONPATH} /usr/bin/cmake --build /home/starry1n/WUTA-FSD1/ros2_ws/build/camera_detection -- -j8 -l8
[17.265s] DEBUG:colcon.colcon_core.event_handler.log_command:Invoked command in '/home/starry1n/WUTA-FSD1/ros2_ws/build/cone_map_builder' returned '0': AMENT_PREFIX_PATH=/home/starry1n/WUTA-FSD1/ros2_ws/install/wuta_msgs:${AMENT_PREFIX_PATH} CMAKE_PREFIX_PATH=/home/starry1n/WUTA-FSD1/ros2_ws/install/wuta_msgs:/opt/ros/humble LD_LIBRARY_PATH=/home/starry1n/WUTA-FSD1/ros2_ws/install/wuta_msgs/lib:${LD_LIBRARY_PATH} PYTHONPATH=/home/starry1n/WUTA-FSD1/ros2_ws/install/wuta_msgs/local/lib/python3.10/dist-packages:${PYTHONPATH} /usr/bin/cmake /home/starry1n/WUTA-FSD1/ros2_ws/src/mapping/cone_map_builder -DCMAKE_MODULE_PATH=/home/starry1n/WUTA-FSD1/ros2_ws/cmake -DAMENT_CMAKE_SYMLINK_INSTALL=1 -DCMAKE_INSTALL_PREFIX=/home/starry1n/WUTA-FSD1/ros2_ws/install/cone_map_builder
[17.274s] DEBUG:colcon.colcon_core.event_handler.log_command:Invoking command in '/home/starry1n/WUTA-FSD1/ros2_ws/build/cone_map_builder': AMENT_PREFIX_PATH=/home/starry1n/WUTA-FSD1/ros2_ws/install/wuta_msgs:${AMENT_PREFIX_PATH} CMAKE_PREFIX_PATH=/home/starry1n/WUTA-FSD1/ros2_ws/install/wuta_msgs:/opt/ros/humble LD_LIBRARY_PATH=/home/starry1n/WUTA-FSD1/ros2_ws/install/wuta_msgs/lib:${LD_LIBRARY_PATH} PYTHONPATH=/home/starry1n/WUTA-FSD1/ros2_ws/install/wuta_msgs/local/lib/python3.10/dist-packages:${PYTHONPATH} /usr/bin/cmake --build /home/starry1n/WUTA-FSD1/ros2_ws/build/cone_map_builder -- -j8 -l8
[17.355s] DEBUG:colcon.colcon_core.event_handler.log_command:Invoked command in '/home/starry1n/WUTA-FSD1/ros2_ws/build/kiss_icp_wrapper' returned '0': AMENT_PREFIX_PATH=/home/starry1n/WUTA-FSD1/ros2_ws/install/wuta_msgs:${AMENT_PREFIX_PATH} CMAKE_PREFIX_PATH=/home/starry1n/WUTA-FSD1/ros2_ws/install/wuta_msgs:/opt/ros/humble LD_LIBRARY_PATH=/home/starry1n/WUTA-FSD1/ros2_ws/install/wuta_msgs/lib:${LD_LIBRARY_PATH} PYTHONPATH=/home/starry1n/WUTA-FSD1/ros2_ws/install/wuta_msgs/local/lib/python3.10/dist-packages:${PYTHONPATH} /usr/bin/cmake --build /home/starry1n/WUTA-FSD1/ros2_ws/build/kiss_icp_wrapper -- -j8 -l8
[17.356s] DEBUG:colcon.colcon_core.event_handler.log_command:Invoking command in '/home/starry1n/WUTA-FSD1/ros2_ws/build/kiss_icp_wrapper': AMENT_PREFIX_PATH=/home/starry1n/WUTA-FSD1/ros2_ws/install/wuta_msgs:${AMENT_PREFIX_PATH} CMAKE_PREFIX_PATH=/home/starry1n/WUTA-FSD1/ros2_ws/install/wuta_msgs:/opt/ros/humble LD_LIBRARY_PATH=/home/starry1n/WUTA-FSD1/ros2_ws/install/wuta_msgs/lib:${LD_LIBRARY_PATH} PYTHONPATH=/home/starry1n/WUTA-FSD1/ros2_ws/install/wuta_msgs/local/lib/python3.10/dist-packages:${PYTHONPATH} /usr/bin/cmake --install /home/starry1n/WUTA-FSD1/ros2_ws/build/kiss_icp_wrapper
[17.378s] DEBUG:colcon.colcon_core.event_handler.log_command:Invoked command in '/home/starry1n/WUTA-FSD1/ros2_ws/build/camera_detection' returned '0': AMENT_PREFIX_PATH=/home/starry1n/WUTA-FSD1/ros2_ws/install/wuta_msgs:${AMENT_PREFIX_PATH} CMAKE_PREFIX_PATH=/home/starry1n/WUTA-FSD1/ros2_ws/install/wuta_msgs:/opt/ros/humble LD_LIBRARY_PATH=/home/starry1n/WUTA-FSD1/ros2_ws/install/wuta_msgs/lib:${LD_LIBRARY_PATH} PYTHONPATH=/home/starry1n/WUTA-FSD1/ros2_ws/install/wuta_msgs/local/lib/python3.10/dist-packages:${PYTHONPATH} /usr/bin/cmake --build /home/starry1n/WUTA-FSD1/ros2_ws/build/camera_detection -- -j8 -l8
[17.378s] DEBUG:colcon.colcon_core.event_handler.log_command:Invoking command in '/home/starry1n/WUTA-FSD1/ros2_ws/build/camera_detection': AMENT_PREFIX_PATH=/home/starry1n/WUTA-FSD1/ros2_ws/install/wuta_msgs:${AMENT_PREFIX_PATH} CMAKE_PREFIX_PATH=/home/starry1n/WUTA-FSD1/ros2_ws/install/wuta_msgs:/opt/ros/humble LD_LIBRARY_PATH=/home/starry1n/WUTA-FSD1/ros2_ws/install/wuta_msgs/lib:${LD_LIBRARY_PATH} PYTHONPATH=/home/starry1n/WUTA-FSD1/ros2_ws/install/wuta_msgs/local/lib/python3.10/dist-packages:${PYTHONPATH} /usr/bin/cmake --install /home/starry1n/WUTA-FSD1/ros2_ws/build/camera_detection
[17.400s] DEBUG:colcon.colcon_core.event_handler.log_command:Invoked command in '/home/starry1n/WUTA-FSD1/ros2_ws/build/boundary_detector' returned '0': AMENT_PREFIX_PATH=/home/starry1n/WUTA-FSD1/ros2_ws/install/wuta_msgs:/home/starry1n/WUTA-FSD1/ros2_ws/install/autoware_msgs:${AMENT_PREFIX_PATH} CMAKE_PREFIX_PATH=/home/starry1n/WUTA-FSD1/ros2_ws/install/wuta_msgs:/home/starry1n/WUTA-FSD1/ros2_ws/install/autoware_msgs:/opt/ros/humble LD_LIBRARY_PATH=/home/starry1n/WUTA-FSD1/ros2_ws/install/wuta_msgs/lib:/home/starry1n/WUTA-FSD1/ros2_ws/install/autoware_msgs/lib:${LD_LIBRARY_PATH} PYTHONPATH=/home/starry1n/WUTA-FSD1/ros2_ws/install/wuta_msgs/local/lib/python3.10/dist-packages:/home/starry1n/WUTA-FSD1/ros2_ws/install/autoware_msgs/local/lib/python3.10/dist-packages:${PYTHONPATH} /usr/bin/cmake /home/starry1n/WUTA-FSD1/ros2_ws/src/planning/boundary_detector -DCMAKE_MODULE_PATH=/home/starry1n/WUTA-FSD1/ros2_ws/cmake -DAMENT_CMAKE_SYMLINK_INSTALL=1 -DCMAKE_INSTALL_PREFIX=/home/starry1n/WUTA-FSD1/ros2_ws/install/boundary_detector
[17.401s] DEBUG:colcon.colcon_core.event_handler.log_command:Invoking command in '/home/starry1n/WUTA-FSD1/ros2_ws/build/boundary_detector': AMENT_PREFIX_PATH=/home/starry1n/WUTA-FSD1/ros2_ws/install/wuta_msgs:/home/starry1n/WUTA-FSD1/ros2_ws/install/autoware_msgs:${AMENT_PREFIX_PATH} CMAKE_PREFIX_PATH=/home/starry1n/WUTA-FSD1/ros2_ws/install/wuta_msgs:/home/starry1n/WUTA-FSD1/ros2_ws/install/autoware_msgs:/opt/ros/humble LD_LIBRARY_PATH=/home/starry1n/WUTA-FSD1/ros2_ws/install/wuta_msgs/lib:/home/starry1n/WUTA-FSD1/ros2_ws/install/autoware_msgs/lib:${LD_LIBRARY_PATH} PYTHONPATH=/home/starry1n/WUTA-FSD1/ros2_ws/install/wuta_msgs/local/lib/python3.10/dist-packages:/home/starry1n/WUTA-FSD1/ros2_ws/install/autoware_msgs/local/lib/python3.10/dist-packages:${PYTHONPATH} /usr/bin/cmake --build /home/starry1n/WUTA-FSD1/ros2_ws/build/boundary_detector -- -j8 -l8
[17.623s] Level 1:colcon.colcon_core.environment:create_environment_scripts_only(detection_fusion)
[17.624s] Level 1:colcon.colcon_core.environment:checking '/home/starry1n/WUTA-FSD1/ros2_ws/install/detection_fusion' for CMake module files
[17.624s] Level 1:colcon.colcon_core.environment:checking '/home/starry1n/WUTA-FSD1/ros2_ws/install/detection_fusion' for CMake config files
[17.624s] Level 1:colcon.colcon_core.shell:create_environment_hook('detection_fusion', 'cmake_prefix_path')
[17.624s] INFO:colcon.colcon_core.shell:Creating environment hook '/home/starry1n/WUTA-FSD1/ros2_ws/install/detection_fusion/share/detection_fusion/hook/cmake_prefix_path.ps1'
[17.625s] INFO:colcon.colcon_core.shell:Creating environment descriptor '/home/starry1n/WUTA-FSD1/ros2_ws/install/detection_fusion/share/detection_fusion/hook/cmake_prefix_path.dsv'
[17.625s] INFO:colcon.colcon_core.shell:Creating environment hook '/home/starry1n/WUTA-FSD1/ros2_ws/install/detection_fusion/share/detection_fusion/hook/cmake_prefix_path.sh'
[17.625s] Level 1:colcon.colcon_core.environment:checking '/home/starry1n/WUTA-FSD1/ros2_ws/install/detection_fusion/bin'
[17.625s] Level 1:colcon.colcon_core.environment:checking '/home/starry1n/WUTA-FSD1/ros2_ws/install/detection_fusion/lib/pkgconfig/detection_fusion.pc'
[17.626s] Level 1:colcon.colcon_core.environment:checking '/home/starry1n/WUTA-FSD1/ros2_ws/install/detection_fusion/lib/python3.10/site-packages'
[17.626s] Level 1:colcon.colcon_core.environment:checking '/home/starry1n/WUTA-FSD1/ros2_ws/install/detection_fusion/bin'
[17.626s] INFO:colcon.colcon_core.shell:Creating package script '/home/starry1n/WUTA-FSD1/ros2_ws/install/detection_fusion/share/detection_fusion/package.ps1'
[17.628s] DEBUG:colcon.colcon_core.event_handler.log_command:Invoked command in '/home/starry1n/WUTA-FSD1/ros2_ws/build/detection_fusion' returned '0': AMENT_PREFIX_PATH=/home/starry1n/WUTA-FSD1/ros2_ws/install/wuta_msgs:${AMENT_PREFIX_PATH} CMAKE_PREFIX_PATH=/home/starry1n/WUTA-FSD1/ros2_ws/install/wuta_msgs:/opt/ros/humble LD_LIBRARY_PATH=/home/starry1n/WUTA-FSD1/ros2_ws/install/wuta_msgs/lib:${LD_LIBRARY_PATH} PYTHONPATH=/home/starry1n/WUTA-FSD1/ros2_ws/install/wuta_msgs/local/lib/python3.10/dist-packages:${PYTHONPATH} /usr/bin/cmake --install /home/starry1n/WUTA-FSD1/ros2_ws/build/detection_fusion
[17.634s] INFO:colcon.colcon_core.shell:Creating package descriptor '/home/starry1n/WUTA-FSD1/ros2_ws/install/detection_fusion/share/detection_fusion/package.dsv'
[17.635s] INFO:colcon.colcon_core.shell:Creating package script '/home/starry1n/WUTA-FSD1/ros2_ws/install/detection_fusion/share/detection_fusion/package.sh'
[17.636s] INFO:colcon.colcon_core.shell:Creating package script '/home/starry1n/WUTA-FSD1/ros2_ws/install/detection_fusion/share/detection_fusion/package.bash'
[17.636s] INFO:colcon.colcon_core.shell:Creating package script '/home/starry1n/WUTA-FSD1/ros2_ws/install/detection_fusion/share/detection_fusion/package.zsh'
[17.637s] Level 1:colcon.colcon_core.environment:create_file_with_runtime_dependencies(/home/starry1n/WUTA-FSD1/ros2_ws/install/detection_fusion/share/colcon-core/packages/detection_fusion)
[17.639s] Level 1:colcon.colcon_core.environment:create_environment_scripts_only(detection_fusion)
[17.640s] Level 1:colcon.colcon_core.environment:checking '/home/starry1n/WUTA-FSD1/ros2_ws/install/detection_fusion' for CMake module files
[17.640s] Level 1:colcon.colcon_core.environment:checking '/home/starry1n/WUTA-FSD1/ros2_ws/install/detection_fusion' for CMake config files
[17.641s] Level 1:colcon.colcon_core.shell:create_environment_hook('detection_fusion', 'cmake_prefix_path')
[17.641s] INFO:colcon.colcon_core.shell:Creating environment hook '/home/starry1n/WUTA-FSD1/ros2_ws/install/detection_fusion/share/detection_fusion/hook/cmake_prefix_path.ps1'
[17.645s] INFO:colcon.colcon_core.shell:Creating environment descriptor '/home/starry1n/WUTA-FSD1/ros2_ws/install/detection_fusion/share/detection_fusion/hook/cmake_prefix_path.dsv'
[17.650s] INFO:colcon.colcon_core.shell:Creating environment hook '/home/starry1n/WUTA-FSD1/ros2_ws/install/detection_fusion/share/detection_fusion/hook/cmake_prefix_path.sh'
[17.651s] Level 1:colcon.colcon_core.environment:checking '/home/starry1n/WUTA-FSD1/ros2_ws/install/detection_fusion/bin'
[17.655s] Level 1:colcon.colcon_core.environment:checking '/home/starry1n/WUTA-FSD1/ros2_ws/install/detection_fusion/lib/pkgconfig/detection_fusion.pc'
[17.656s] Level 1:colcon.colcon_core.environment:checking '/home/starry1n/WUTA-FSD1/ros2_ws/install/detection_fusion/lib/python3.10/site-packages'
[17.656s] Level 1:colcon.colcon_core.environment:checking '/home/starry1n/WUTA-FSD1/ros2_ws/install/detection_fusion/bin'
[17.656s] INFO:colcon.colcon_core.shell:Creating package script '/home/starry1n/WUTA-FSD1/ros2_ws/install/detection_fusion/share/detection_fusion/package.ps1'
[17.658s] INFO:colcon.colcon_core.shell:Creating package descriptor '/home/starry1n/WUTA-FSD1/ros2_ws/install/detection_fusion/share/detection_fusion/package.dsv'
[17.668s] INFO:colcon.colcon_core.shell:Creating package script '/home/starry1n/WUTA-FSD1/ros2_ws/install/detection_fusion/share/detection_fusion/package.sh'
[17.670s] INFO:colcon.colcon_core.shell:Creating package script '/home/starry1n/WUTA-FSD1/ros2_ws/install/detection_fusion/share/detection_fusion/package.bash'
[17.671s] INFO:colcon.colcon_core.shell:Creating package script '/home/starry1n/WUTA-FSD1/ros2_ws/install/detection_fusion/share/detection_fusion/package.zsh'
[17.679s] Level 1:colcon.colcon_core.environment:create_file_with_runtime_dependencies(/home/starry1n/WUTA-FSD1/ros2_ws/install/detection_fusion/share/colcon-core/packages/detection_fusion)
[17.680s] INFO:colcon.colcon_ros.task.ament_cmake.build:Building ROS package in '/home/starry1n/WUTA-FSD1/ros2_ws/src/perception/lidar_detection' with build type 'ament_cmake'
[17.680s] INFO:colcon.colcon_cmake.task.cmake.build:Building CMake package in '/home/starry1n/WUTA-FSD1/ros2_ws/src/perception/lidar_detection'
[17.681s] INFO:colcon.colcon_core.shell:Skip shell extension 'powershell' for command environment: Not usable outside of PowerShell
[17.681s] DEBUG:colcon.colcon_core.shell:Skip shell extension 'dsv' for command environment
[17.756s] DEBUG:colcon.colcon_core.event_handler.log_command:Invoking command in '/home/starry1n/WUTA-FSD1/ros2_ws/build/lidar_detection': AMENT_PREFIX_PATH=/home/starry1n/WUTA-FSD1/ros2_ws/install/wuta_msgs:${AMENT_PREFIX_PATH} CMAKE_PREFIX_PATH=/home/starry1n/WUTA-FSD1/ros2_ws/install/wuta_msgs:/opt/ros/humble LD_LIBRARY_PATH=/home/starry1n/WUTA-FSD1/ros2_ws/install/wuta_msgs/lib:${LD_LIBRARY_PATH} PYTHONPATH=/home/starry1n/WUTA-FSD1/ros2_ws/install/wuta_msgs/local/lib/python3.10/dist-packages:${PYTHONPATH} /usr/bin/cmake /home/starry1n/WUTA-FSD1/ros2_ws/src/perception/lidar_detection -DCMAKE_MODULE_PATH=/home/starry1n/WUTA-FSD1/ros2_ws/cmake -DAMENT_CMAKE_SYMLINK_INSTALL=1 -DCMAKE_INSTALL_PREFIX=/home/starry1n/WUTA-FSD1/ros2_ws/install/lidar_detection
[17.905s] DEBUG:colcon.colcon_core.event_handler.log_command:Invoked command in '/home/starry1n/WUTA-FSD1/ros2_ws/build/controller' returned '0': AMENT_PREFIX_PATH=/home/starry1n/WUTA-FSD1/ros2_ws/install/wuta_msgs:/home/starry1n/WUTA-FSD1/ros2_ws/install/autoware_msgs:${AMENT_PREFIX_PATH} CMAKE_PREFIX_PATH=/home/starry1n/WUTA-FSD1/ros2_ws/install/wuta_msgs:/home/starry1n/WUTA-FSD1/ros2_ws/install/autoware_msgs:/opt/ros/humble LD_LIBRARY_PATH=/home/starry1n/WUTA-FSD1/ros2_ws/install/wuta_msgs/lib:/home/starry1n/WUTA-FSD1/ros2_ws/install/autoware_msgs/lib:${LD_LIBRARY_PATH} PYTHONPATH=/home/starry1n/WUTA-FSD1/ros2_ws/install/wuta_msgs/local/lib/python3.10/dist-packages:/home/starry1n/WUTA-FSD1/ros2_ws/install/autoware_msgs/local/lib/python3.10/dist-packages:${PYTHONPATH} /usr/bin/cmake /home/starry1n/WUTA-FSD1/ros2_ws/src/control/controller -DCMAKE_MODULE_PATH=/home/starry1n/WUTA-FSD1/ros2_ws/cmake -DAMENT_CMAKE_SYMLINK_INSTALL=1 -DCMAKE_INSTALL_PREFIX=/home/starry1n/WUTA-FSD1/ros2_ws/install/controller
[17.922s] DEBUG:colcon.colcon_core.event_handler.log_command:Invoking command in '/home/starry1n/WUTA-FSD1/ros2_ws/build/controller': AMENT_PREFIX_PATH=/home/starry1n/WUTA-FSD1/ros2_ws/install/wuta_msgs:/home/starry1n/WUTA-FSD1/ros2_ws/install/autoware_msgs:${AMENT_PREFIX_PATH} CMAKE_PREFIX_PATH=/home/starry1n/WUTA-FSD1/ros2_ws/install/wuta_msgs:/home/starry1n/WUTA-FSD1/ros2_ws/install/autoware_msgs:/opt/ros/humble LD_LIBRARY_PATH=/home/starry1n/WUTA-FSD1/ros2_ws/install/wuta_msgs/lib:/home/starry1n/WUTA-FSD1/ros2_ws/install/autoware_msgs/lib:${LD_LIBRARY_PATH} PYTHONPATH=/home/starry1n/WUTA-FSD1/ros2_ws/install/wuta_msgs/local/lib/python3.10/dist-packages:/home/starry1n/WUTA-FSD1/ros2_ws/install/autoware_msgs/local/lib/python3.10/dist-packages:${PYTHONPATH} /usr/bin/cmake --build /home/starry1n/WUTA-FSD1/ros2_ws/build/controller -- -j8 -l8
[17.931s] Level 1:colcon.colcon_core.environment:create_environment_scripts_only(camera_detection)
[17.931s] Level 1:colcon.colcon_core.environment:checking '/home/starry1n/WUTA-FSD1/ros2_ws/install/camera_detection' for CMake module files
[17.932s] Level 1:colcon.colcon_core.environment:checking '/home/starry1n/WUTA-FSD1/ros2_ws/install/camera_detection' for CMake config files
[17.932s] Level 1:colcon.colcon_core.shell:create_environment_hook('camera_detection', 'cmake_prefix_path')
[17.932s] INFO:colcon.colcon_core.shell:Creating environment hook '/home/starry1n/WUTA-FSD1/ros2_ws/install/camera_detection/share/camera_detection/hook/cmake_prefix_path.ps1'
[17.933s] INFO:colcon.colcon_core.shell:Creating environment descriptor '/home/starry1n/WUTA-FSD1/ros2_ws/install/camera_detection/share/camera_detection/hook/cmake_prefix_path.dsv'
[17.934s] INFO:colcon.colcon_core.shell:Creating environment hook '/home/starry1n/WUTA-FSD1/ros2_ws/install/camera_detection/share/camera_detection/hook/cmake_prefix_path.sh'
[17.944s] Level 1:colcon.colcon_core.environment:checking '/home/starry1n/WUTA-FSD1/ros2_ws/install/camera_detection/bin'
[17.944s] Level 1:colcon.colcon_core.environment:checking '/home/starry1n/WUTA-FSD1/ros2_ws/install/camera_detection/lib/pkgconfig/camera_detection.pc'
[17.945s] Level 1:colcon.colcon_core.environment:checking '/home/starry1n/WUTA-FSD1/ros2_ws/install/camera_detection/lib/python3.10/site-packages'
[17.945s] Level 1:colcon.colcon_core.environment:checking '/home/starry1n/WUTA-FSD1/ros2_ws/install/camera_detection/bin'
[17.945s] INFO:colcon.colcon_core.shell:Creating package script '/home/starry1n/WUTA-FSD1/ros2_ws/install/camera_detection/share/camera_detection/package.ps1'
[17.950s] DEBUG:colcon.colcon_core.event_handler.log_command:Invoked command in '/home/starry1n/WUTA-FSD1/ros2_ws/build/camera_detection' returned '0': AMENT_PREFIX_PATH=/home/starry1n/WUTA-FSD1/ros2_ws/install/wuta_msgs:${AMENT_PREFIX_PATH} CMAKE_PREFIX_PATH=/home/starry1n/WUTA-FSD1/ros2_ws/install/wuta_msgs:/opt/ros/humble LD_LIBRARY_PATH=/home/starry1n/WUTA-FSD1/ros2_ws/install/wuta_msgs/lib:${LD_LIBRARY_PATH} PYTHONPATH=/home/starry1n/WUTA-FSD1/ros2_ws/install/wuta_msgs/local/lib/python3.10/dist-packages:${PYTHONPATH} /usr/bin/cmake --install /home/starry1n/WUTA-FSD1/ros2_ws/build/camera_detection
[17.950s] INFO:colcon.colcon_core.shell:Creating package descriptor '/home/starry1n/WUTA-FSD1/ros2_ws/install/camera_detection/share/camera_detection/package.dsv'
[17.951s] INFO:colcon.colcon_core.shell:Creating package script '/home/starry1n/WUTA-FSD1/ros2_ws/install/camera_detection/share/camera_detection/package.sh'
[17.952s] INFO:colcon.colcon_core.shell:Creating package script '/home/starry1n/WUTA-FSD1/ros2_ws/install/camera_detection/share/camera_detection/package.bash'
[17.952s] INFO:colcon.colcon_core.shell:Creating package script '/home/starry1n/WUTA-FSD1/ros2_ws/install/camera_detection/share/camera_detection/package.zsh'
[17.953s] Level 1:colcon.colcon_core.environment:create_file_with_runtime_dependencies(/home/starry1n/WUTA-FSD1/ros2_ws/install/camera_detection/share/colcon-core/packages/camera_detection)
[17.960s] Level 1:colcon.colcon_core.environment:create_environment_scripts_only(camera_detection)
[17.961s] Level 1:colcon.colcon_core.environment:checking '/home/starry1n/WUTA-FSD1/ros2_ws/install/camera_detection' for CMake module files
[17.961s] Level 1:colcon.colcon_core.environment:checking '/home/starry1n/WUTA-FSD1/ros2_ws/install/camera_detection' for CMake config files
[17.961s] Level 1:colcon.colcon_core.shell:create_environment_hook('camera_detection', 'cmake_prefix_path')
[17.961s] INFO:colcon.colcon_core.shell:Creating environment hook '/home/starry1n/WUTA-FSD1/ros2_ws/install/camera_detection/share/camera_detection/hook/cmake_prefix_path.ps1'
[17.974s] INFO:colcon.colcon_core.shell:Creating environment descriptor '/home/starry1n/WUTA-FSD1/ros2_ws/install/camera_detection/share/camera_detection/hook/cmake_prefix_path.dsv'
[17.974s] INFO:colcon.colcon_core.shell:Creating environment hook '/home/starry1n/WUTA-FSD1/ros2_ws/install/camera_detection/share/camera_detection/hook/cmake_prefix_path.sh'
[17.976s] Level 1:colcon.colcon_core.environment:checking '/home/starry1n/WUTA-FSD1/ros2_ws/install/camera_detection/bin'
[17.976s] Level 1:colcon.colcon_core.environment:checking '/home/starry1n/WUTA-FSD1/ros2_ws/install/camera_detection/lib/pkgconfig/camera_detection.pc'
[17.977s] Level 1:colcon.colcon_core.environment:checking '/home/starry1n/WUTA-FSD1/ros2_ws/install/camera_detection/lib/python3.10/site-packages'
[17.977s] Level 1:colcon.colcon_core.environment:checking '/home/starry1n/WUTA-FSD1/ros2_ws/install/camera_detection/bin'
[17.980s] INFO:colcon.colcon_core.shell:Creating package script '/home/starry1n/WUTA-FSD1/ros2_ws/install/camera_detection/share/camera_detection/package.ps1'
[17.981s] INFO:colcon.colcon_core.shell:Creating package descriptor '/home/starry1n/WUTA-FSD1/ros2_ws/install/camera_detection/share/camera_detection/package.dsv'
[17.983s] INFO:colcon.colcon_core.shell:Creating package script '/home/starry1n/WUTA-FSD1/ros2_ws/install/camera_detection/share/camera_detection/package.sh'
[17.987s] INFO:colcon.colcon_core.shell:Creating package script '/home/starry1n/WUTA-FSD1/ros2_ws/install/camera_detection/share/camera_detection/package.bash'
[17.988s] INFO:colcon.colcon_core.shell:Creating package script '/home/starry1n/WUTA-FSD1/ros2_ws/install/camera_detection/share/camera_detection/package.zsh'
[17.992s] Level 1:colcon.colcon_core.environment:create_file_with_runtime_dependencies(/home/starry1n/WUTA-FSD1/ros2_ws/install/camera_detection/share/colcon-core/packages/camera_detection)
[17.993s] INFO:colcon.colcon_ros.task.ament_cmake.build:Building ROS package in '/home/starry1n/WUTA-FSD1/ros2_ws/src/system/mission_manager' with build type 'ament_cmake'
[17.993s] INFO:colcon.colcon_cmake.task.cmake.build:Building CMake package in '/home/starry1n/WUTA-FSD1/ros2_ws/src/system/mission_manager'
[17.994s] INFO:colcon.colcon_core.shell:Skip shell extension 'powershell' for command environment: Not usable outside of PowerShell
[17.994s] DEBUG:colcon.colcon_core.shell:Skip shell extension 'dsv' for command environment
[18.015s] Level 1:colcon.colcon_core.environment:create_environment_scripts_only(kiss_icp_wrapper)
[18.015s] Level 1:colcon.colcon_core.environment:checking '/home/starry1n/WUTA-FSD1/ros2_ws/install/kiss_icp_wrapper' for CMake module files
[18.016s] Level 1:colcon.colcon_core.environment:checking '/home/starry1n/WUTA-FSD1/ros2_ws/install/kiss_icp_wrapper' for CMake config files
[18.016s] Level 1:colcon.colcon_core.shell:create_environment_hook('kiss_icp_wrapper', 'cmake_prefix_path')
[18.016s] INFO:colcon.colcon_core.shell:Creating environment hook '/home/starry1n/WUTA-FSD1/ros2_ws/install/kiss_icp_wrapper/share/kiss_icp_wrapper/hook/cmake_prefix_path.ps1'
[18.017s] INFO:colcon.colcon_core.shell:Creating environment descriptor '/home/starry1n/WUTA-FSD1/ros2_ws/install/kiss_icp_wrapper/share/kiss_icp_wrapper/hook/cmake_prefix_path.dsv'
[18.017s] INFO:colcon.colcon_core.shell:Creating environment hook '/home/starry1n/WUTA-FSD1/ros2_ws/install/kiss_icp_wrapper/share/kiss_icp_wrapper/hook/cmake_prefix_path.sh'
[18.017s] DEBUG:colcon.colcon_core.event_handler.log_command:Invoked command in '/home/starry1n/WUTA-FSD1/ros2_ws/build/kiss_icp_wrapper' returned '0': AMENT_PREFIX_PATH=/home/starry1n/WUTA-FSD1/ros2_ws/install/wuta_msgs:${AMENT_PREFIX_PATH} CMAKE_PREFIX_PATH=/home/starry1n/WUTA-FSD1/ros2_ws/install/wuta_msgs:/opt/ros/humble LD_LIBRARY_PATH=/home/starry1n/WUTA-FSD1/ros2_ws/install/wuta_msgs/lib:${LD_LIBRARY_PATH} PYTHONPATH=/home/starry1n/WUTA-FSD1/ros2_ws/install/wuta_msgs/local/lib/python3.10/dist-packages:${PYTHONPATH} /usr/bin/cmake --install /home/starry1n/WUTA-FSD1/ros2_ws/build/kiss_icp_wrapper
[18.018s] Level 1:colcon.colcon_core.environment:checking '/home/starry1n/WUTA-FSD1/ros2_ws/install/kiss_icp_wrapper/bin'
[18.018s] Level 1:colcon.colcon_core.environment:checking '/home/starry1n/WUTA-FSD1/ros2_ws/install/kiss_icp_wrapper/lib/pkgconfig/kiss_icp_wrapper.pc'
[18.021s] Level 1:colcon.colcon_core.environment:checking '/home/starry1n/WUTA-FSD1/ros2_ws/install/kiss_icp_wrapper/lib/python3.10/site-packages'
[18.022s] Level 1:colcon.colcon_core.environment:checking '/home/starry1n/WUTA-FSD1/ros2_ws/install/kiss_icp_wrapper/bin'
[18.022s] INFO:colcon.colcon_core.shell:Creating package script '/home/starry1n/WUTA-FSD1/ros2_ws/install/kiss_icp_wrapper/share/kiss_icp_wrapper/package.ps1'
[18.026s] INFO:colcon.colcon_core.shell:Creating package descriptor '/home/starry1n/WUTA-FSD1/ros2_ws/install/kiss_icp_wrapper/share/kiss_icp_wrapper/package.dsv'
[18.027s] INFO:colcon.colcon_core.shell:Creating package script '/home/starry1n/WUTA-FSD1/ros2_ws/install/kiss_icp_wrapper/share/kiss_icp_wrapper/package.sh'
[18.028s] INFO:colcon.colcon_core.shell:Creating package script '/home/starry1n/WUTA-FSD1/ros2_ws/install/kiss_icp_wrapper/share/kiss_icp_wrapper/package.bash'
[18.028s] INFO:colcon.colcon_core.shell:Creating package script '/home/starry1n/WUTA-FSD1/ros2_ws/install/kiss_icp_wrapper/share/kiss_icp_wrapper/package.zsh'
[18.032s] Level 1:colcon.colcon_core.environment:create_file_with_runtime_dependencies(/home/starry1n/WUTA-FSD1/ros2_ws/install/kiss_icp_wrapper/share/colcon-core/packages/kiss_icp_wrapper)
[18.033s] Level 1:colcon.colcon_core.environment:create_environment_scripts_only(kiss_icp_wrapper)
[18.034s] Level 1:colcon.colcon_core.environment:checking '/home/starry1n/WUTA-FSD1/ros2_ws/install/kiss_icp_wrapper' for CMake module files
[18.034s] Level 1:colcon.colcon_core.environment:checking '/home/starry1n/WUTA-FSD1/ros2_ws/install/kiss_icp_wrapper' for CMake config files
[18.034s] Level 1:colcon.colcon_core.shell:create_environment_hook('kiss_icp_wrapper', 'cmake_prefix_path')
[18.035s] INFO:colcon.colcon_core.shell:Creating environment hook '/home/starry1n/WUTA-FSD1/ros2_ws/install/kiss_icp_wrapper/share/kiss_icp_wrapper/hook/cmake_prefix_path.ps1'
[18.045s] INFO:colcon.colcon_core.shell:Creating environment descriptor '/home/starry1n/WUTA-FSD1/ros2_ws/install/kiss_icp_wrapper/share/kiss_icp_wrapper/hook/cmake_prefix_path.dsv'
[18.046s] INFO:colcon.colcon_core.shell:Creating environment hook '/home/starry1n/WUTA-FSD1/ros2_ws/install/kiss_icp_wrapper/share/kiss_icp_wrapper/hook/cmake_prefix_path.sh'
[18.047s] Level 1:colcon.colcon_core.environment:checking '/home/starry1n/WUTA-FSD1/ros2_ws/install/kiss_icp_wrapper/bin'
[18.047s] Level 1:colcon.colcon_core.environment:checking '/home/starry1n/WUTA-FSD1/ros2_ws/install/kiss_icp_wrapper/lib/pkgconfig/kiss_icp_wrapper.pc'
[18.048s] Level 1:colcon.colcon_core.environment:checking '/home/starry1n/WUTA-FSD1/ros2_ws/install/kiss_icp_wrapper/lib/python3.10/site-packages'
[18.052s] Level 1:colcon.colcon_core.environment:checking '/home/starry1n/WUTA-FSD1/ros2_ws/install/kiss_icp_wrapper/bin'
[18.052s] INFO:colcon.colcon_core.shell:Creating package script '/home/starry1n/WUTA-FSD1/ros2_ws/install/kiss_icp_wrapper/share/kiss_icp_wrapper/package.ps1'
[18.053s] INFO:colcon.colcon_core.shell:Creating package descriptor '/home/starry1n/WUTA-FSD1/ros2_ws/install/kiss_icp_wrapper/share/kiss_icp_wrapper/package.dsv'
[18.057s] INFO:colcon.colcon_core.shell:Creating package script '/home/starry1n/WUTA-FSD1/ros2_ws/install/kiss_icp_wrapper/share/kiss_icp_wrapper/package.sh'
[18.058s] INFO:colcon.colcon_core.shell:Creating package script '/home/starry1n/WUTA-FSD1/ros2_ws/install/kiss_icp_wrapper/share/kiss_icp_wrapper/package.bash'
[18.059s] INFO:colcon.colcon_core.shell:Creating package script '/home/starry1n/WUTA-FSD1/ros2_ws/install/kiss_icp_wrapper/share/kiss_icp_wrapper/package.zsh'
[18.063s] Level 1:colcon.colcon_core.environment:create_file_with_runtime_dependencies(/home/starry1n/WUTA-FSD1/ros2_ws/install/kiss_icp_wrapper/share/colcon-core/packages/kiss_icp_wrapper)
[18.069s] INFO:colcon.colcon_ros.task.ament_cmake.build:Building ROS package in '/home/starry1n/WUTA-FSD1/ros2_ws/src/localization/ndt_localization' with build type 'ament_cmake'
[18.069s] INFO:colcon.colcon_cmake.task.cmake.build:Building CMake package in '/home/starry1n/WUTA-FSD1/ros2_ws/src/localization/ndt_localization'
[18.069s] INFO:colcon.colcon_core.shell:Skip shell extension 'powershell' for command environment: Not usable outside of PowerShell
[18.069s] DEBUG:colcon.colcon_core.shell:Skip shell extension 'dsv' for command environment
[18.097s] DEBUG:colcon.colcon_core.event_handler.log_command:Invoking command in '/home/starry1n/WUTA-FSD1/ros2_ws/build/mission_manager': AMENT_PREFIX_PATH=/home/starry1n/WUTA-FSD1/ros2_ws/install/wuta_msgs:${AMENT_PREFIX_PATH} CMAKE_PREFIX_PATH=/home/starry1n/WUTA-FSD1/ros2_ws/install/wuta_msgs:/opt/ros/humble LD_LIBRARY_PATH=/home/starry1n/WUTA-FSD1/ros2_ws/install/wuta_msgs/lib:${LD_LIBRARY_PATH} PYTHONPATH=/home/starry1n/WUTA-FSD1/ros2_ws/install/wuta_msgs/local/lib/python3.10/dist-packages:${PYTHONPATH} /usr/bin/cmake /home/starry1n/WUTA-FSD1/ros2_ws/src/system/mission_manager -DCMAKE_MODULE_PATH=/home/starry1n/WUTA-FSD1/ros2_ws/cmake -DAMENT_CMAKE_SYMLINK_INSTALL=1 -DCMAKE_INSTALL_PREFIX=/home/starry1n/WUTA-FSD1/ros2_ws/install/mission_manager
[18.107s] DEBUG:colcon.colcon_core.event_handler.log_command:Invoking command in '/home/starry1n/WUTA-FSD1/ros2_ws/build/ndt_localization': AMENT_PREFIX_PATH=/home/starry1n/WUTA-FSD1/ros2_ws/install/wuta_msgs:${AMENT_PREFIX_PATH} CMAKE_PREFIX_PATH=/home/starry1n/WUTA-FSD1/ros2_ws/install/wuta_msgs:/opt/ros/humble LD_LIBRARY_PATH=/home/starry1n/WUTA-FSD1/ros2_ws/install/wuta_msgs/lib:${LD_LIBRARY_PATH} PYTHONPATH=/home/starry1n/WUTA-FSD1/ros2_ws/install/wuta_msgs/local/lib/python3.10/dist-packages:${PYTHONPATH} /usr/bin/cmake /home/starry1n/WUTA-FSD1/ros2_ws/src/localization/ndt_localization -DCMAKE_MODULE_PATH=/home/starry1n/WUTA-FSD1/ros2_ws/cmake -DAMENT_CMAKE_SYMLINK_INSTALL=1 -DCMAKE_INSTALL_PREFIX=/home/starry1n/WUTA-FSD1/ros2_ws/install/ndt_localization
[28.328s] DEBUG:colcon.colcon_core.event_handler.log_command:Invoked command in '/home/starry1n/WUTA-FSD1/ros2_ws/build/lidar_detection' returned '0': AMENT_PREFIX_PATH=/home/starry1n/WUTA-FSD1/ros2_ws/install/wuta_msgs:${AMENT_PREFIX_PATH} CMAKE_PREFIX_PATH=/home/starry1n/WUTA-FSD1/ros2_ws/install/wuta_msgs:/opt/ros/humble LD_LIBRARY_PATH=/home/starry1n/WUTA-FSD1/ros2_ws/install/wuta_msgs/lib:${LD_LIBRARY_PATH} PYTHONPATH=/home/starry1n/WUTA-FSD1/ros2_ws/install/wuta_msgs/local/lib/python3.10/dist-packages:${PYTHONPATH} /usr/bin/cmake /home/starry1n/WUTA-FSD1/ros2_ws/src/perception/lidar_detection -DCMAKE_MODULE_PATH=/home/starry1n/WUTA-FSD1/ros2_ws/cmake -DAMENT_CMAKE_SYMLINK_INSTALL=1 -DCMAKE_INSTALL_PREFIX=/home/starry1n/WUTA-FSD1/ros2_ws/install/lidar_detection
[28.329s] DEBUG:colcon.colcon_core.event_handler.log_command:Invoking command in '/home/starry1n/WUTA-FSD1/ros2_ws/build/lidar_detection': AMENT_PREFIX_PATH=/home/starry1n/WUTA-FSD1/ros2_ws/install/wuta_msgs:${AMENT_PREFIX_PATH} CMAKE_PREFIX_PATH=/home/starry1n/WUTA-FSD1/ros2_ws/install/wuta_msgs:/opt/ros/humble LD_LIBRARY_PATH=/home/starry1n/WUTA-FSD1/ros2_ws/install/wuta_msgs/lib:${LD_LIBRARY_PATH} PYTHONPATH=/home/starry1n/WUTA-FSD1/ros2_ws/install/wuta_msgs/local/lib/python3.10/dist-packages:${PYTHONPATH} /usr/bin/cmake --build /home/starry1n/WUTA-FSD1/ros2_ws/build/lidar_detection -- -j8 -l8
[28.340s] DEBUG:colcon.colcon_core.event_handler.log_command:Invoked command in '/home/starry1n/WUTA-FSD1/ros2_ws/build/mission_manager' returned '0': AMENT_PREFIX_PATH=/home/starry1n/WUTA-FSD1/ros2_ws/install/wuta_msgs:${AMENT_PREFIX_PATH} CMAKE_PREFIX_PATH=/home/starry1n/WUTA-FSD1/ros2_ws/install/wuta_msgs:/opt/ros/humble LD_LIBRARY_PATH=/home/starry1n/WUTA-FSD1/ros2_ws/install/wuta_msgs/lib:${LD_LIBRARY_PATH} PYTHONPATH=/home/starry1n/WUTA-FSD1/ros2_ws/install/wuta_msgs/local/lib/python3.10/dist-packages:${PYTHONPATH} /usr/bin/cmake /home/starry1n/WUTA-FSD1/ros2_ws/src/system/mission_manager -DCMAKE_MODULE_PATH=/home/starry1n/WUTA-FSD1/ros2_ws/cmake -DAMENT_CMAKE_SYMLINK_INSTALL=1 -DCMAKE_INSTALL_PREFIX=/home/starry1n/WUTA-FSD1/ros2_ws/install/mission_manager
[28.347s] DEBUG:colcon.colcon_core.event_handler.log_command:Invoking command in '/home/starry1n/WUTA-FSD1/ros2_ws/build/mission_manager': AMENT_PREFIX_PATH=/home/starry1n/WUTA-FSD1/ros2_ws/install/wuta_msgs:${AMENT_PREFIX_PATH} CMAKE_PREFIX_PATH=/home/starry1n/WUTA-FSD1/ros2_ws/install/wuta_msgs:/opt/ros/humble LD_LIBRARY_PATH=/home/starry1n/WUTA-FSD1/ros2_ws/install/wuta_msgs/lib:${LD_LIBRARY_PATH} PYTHONPATH=/home/starry1n/WUTA-FSD1/ros2_ws/install/wuta_msgs/local/lib/python3.10/dist-packages:${PYTHONPATH} /usr/bin/cmake --build /home/starry1n/WUTA-FSD1/ros2_ws/build/mission_manager -- -j8 -l8
[29.118s] DEBUG:colcon.colcon_core.event_handler.log_command:Invoked command in '/home/starry1n/WUTA-FSD1/ros2_ws/build/ndt_localization' returned '0': AMENT_PREFIX_PATH=/home/starry1n/WUTA-FSD1/ros2_ws/install/wuta_msgs:${AMENT_PREFIX_PATH} CMAKE_PREFIX_PATH=/home/starry1n/WUTA-FSD1/ros2_ws/install/wuta_msgs:/opt/ros/humble LD_LIBRARY_PATH=/home/starry1n/WUTA-FSD1/ros2_ws/install/wuta_msgs/lib:${LD_LIBRARY_PATH} PYTHONPATH=/home/starry1n/WUTA-FSD1/ros2_ws/install/wuta_msgs/local/lib/python3.10/dist-packages:${PYTHONPATH} /usr/bin/cmake /home/starry1n/WUTA-FSD1/ros2_ws/src/localization/ndt_localization -DCMAKE_MODULE_PATH=/home/starry1n/WUTA-FSD1/ros2_ws/cmake -DAMENT_CMAKE_SYMLINK_INSTALL=1 -DCMAKE_INSTALL_PREFIX=/home/starry1n/WUTA-FSD1/ros2_ws/install/ndt_localization
[29.118s] DEBUG:colcon.colcon_core.event_handler.log_command:Invoking command in '/home/starry1n/WUTA-FSD1/ros2_ws/build/ndt_localization': AMENT_PREFIX_PATH=/home/starry1n/WUTA-FSD1/ros2_ws/install/wuta_msgs:${AMENT_PREFIX_PATH} CMAKE_PREFIX_PATH=/home/starry1n/WUTA-FSD1/ros2_ws/install/wuta_msgs:/opt/ros/humble LD_LIBRARY_PATH=/home/starry1n/WUTA-FSD1/ros2_ws/install/wuta_msgs/lib:${LD_LIBRARY_PATH} PYTHONPATH=/home/starry1n/WUTA-FSD1/ros2_ws/install/wuta_msgs/local/lib/python3.10/dist-packages:${PYTHONPATH} /usr/bin/cmake --build /home/starry1n/WUTA-FSD1/ros2_ws/build/ndt_localization -- -j8 -l8
[54.528s] DEBUG:colcon.colcon_core.event_handler.log_command:Invoked command in '/home/starry1n/WUTA-FSD1/ros2_ws/build/boundary_detector' returned '0': AMENT_PREFIX_PATH=/home/starry1n/WUTA-FSD1/ros2_ws/install/wuta_msgs:/home/starry1n/WUTA-FSD1/ros2_ws/install/autoware_msgs:${AMENT_PREFIX_PATH} CMAKE_PREFIX_PATH=/home/starry1n/WUTA-FSD1/ros2_ws/install/wuta_msgs:/home/starry1n/WUTA-FSD1/ros2_ws/install/autoware_msgs:/opt/ros/humble LD_LIBRARY_PATH=/home/starry1n/WUTA-FSD1/ros2_ws/install/wuta_msgs/lib:/home/starry1n/WUTA-FSD1/ros2_ws/install/autoware_msgs/lib:${LD_LIBRARY_PATH} PYTHONPATH=/home/starry1n/WUTA-FSD1/ros2_ws/install/wuta_msgs/local/lib/python3.10/dist-packages:/home/starry1n/WUTA-FSD1/ros2_ws/install/autoware_msgs/local/lib/python3.10/dist-packages:${PYTHONPATH} /usr/bin/cmake --build /home/starry1n/WUTA-FSD1/ros2_ws/build/boundary_detector -- -j8 -l8
[54.554s] DEBUG:colcon.colcon_core.event_handler.log_command:Invoking command in '/home/starry1n/WUTA-FSD1/ros2_ws/build/boundary_detector': AMENT_PREFIX_PATH=/home/starry1n/WUTA-FSD1/ros2_ws/install/wuta_msgs:/home/starry1n/WUTA-FSD1/ros2_ws/install/autoware_msgs:${AMENT_PREFIX_PATH} CMAKE_PREFIX_PATH=/home/starry1n/WUTA-FSD1/ros2_ws/install/wuta_msgs:/home/starry1n/WUTA-FSD1/ros2_ws/install/autoware_msgs:/opt/ros/humble LD_LIBRARY_PATH=/home/starry1n/WUTA-FSD1/ros2_ws/install/wuta_msgs/lib:/home/starry1n/WUTA-FSD1/ros2_ws/install/autoware_msgs/lib:${LD_LIBRARY_PATH} PYTHONPATH=/home/starry1n/WUTA-FSD1/ros2_ws/install/wuta_msgs/local/lib/python3.10/dist-packages:/home/starry1n/WUTA-FSD1/ros2_ws/install/autoware_msgs/local/lib/python3.10/dist-packages:${PYTHONPATH} /usr/bin/cmake --install /home/starry1n/WUTA-FSD1/ros2_ws/build/boundary_detector
[54.557s] DEBUG:colcon.colcon_core.event_handler.log_command:Invoked command in '/home/starry1n/WUTA-FSD1/ros2_ws/build/cone_map_builder' returned '0': AMENT_PREFIX_PATH=/home/starry1n/WUTA-FSD1/ros2_ws/install/wuta_msgs:${AMENT_PREFIX_PATH} CMAKE_PREFIX_PATH=/home/starry1n/WUTA-FSD1/ros2_ws/install/wuta_msgs:/opt/ros/humble LD_LIBRARY_PATH=/home/starry1n/WUTA-FSD1/ros2_ws/install/wuta_msgs/lib:${LD_LIBRARY_PATH} PYTHONPATH=/home/starry1n/WUTA-FSD1/ros2_ws/install/wuta_msgs/local/lib/python3.10/dist-packages:${PYTHONPATH} /usr/bin/cmake --build /home/starry1n/WUTA-FSD1/ros2_ws/build/cone_map_builder -- -j8 -l8
[54.568s] DEBUG:colcon.colcon_core.event_handler.log_command:Invoking command in '/home/starry1n/WUTA-FSD1/ros2_ws/build/cone_map_builder': AMENT_PREFIX_PATH=/home/starry1n/WUTA-FSD1/ros2_ws/install/wuta_msgs:${AMENT_PREFIX_PATH} CMAKE_PREFIX_PATH=/home/starry1n/WUTA-FSD1/ros2_ws/install/wuta_msgs:/opt/ros/humble LD_LIBRARY_PATH=/home/starry1n/WUTA-FSD1/ros2_ws/install/wuta_msgs/lib:${LD_LIBRARY_PATH} PYTHONPATH=/home/starry1n/WUTA-FSD1/ros2_ws/install/wuta_msgs/local/lib/python3.10/dist-packages:${PYTHONPATH} /usr/bin/cmake --install /home/starry1n/WUTA-FSD1/ros2_ws/build/cone_map_builder
[54.571s] DEBUG:colcon.colcon_core.event_handler.log_command:Invoked command in '/home/starry1n/WUTA-FSD1/ros2_ws/build/controller' returned '0': AMENT_PREFIX_PATH=/home/starry1n/WUTA-FSD1/ros2_ws/install/wuta_msgs:/home/starry1n/WUTA-FSD1/ros2_ws/install/autoware_msgs:${AMENT_PREFIX_PATH} CMAKE_PREFIX_PATH=/home/starry1n/WUTA-FSD1/ros2_ws/install/wuta_msgs:/home/starry1n/WUTA-FSD1/ros2_ws/install/autoware_msgs:/opt/ros/humble LD_LIBRARY_PATH=/home/starry1n/WUTA-FSD1/ros2_ws/install/wuta_msgs/lib:/home/starry1n/WUTA-FSD1/ros2_ws/install/autoware_msgs/lib:${LD_LIBRARY_PATH} PYTHONPATH=/home/starry1n/WUTA-FSD1/ros2_ws/install/wuta_msgs/local/lib/python3.10/dist-packages:/home/starry1n/WUTA-FSD1/ros2_ws/install/autoware_msgs/local/lib/python3.10/dist-packages:${PYTHONPATH} /usr/bin/cmake --build /home/starry1n/WUTA-FSD1/ros2_ws/build/controller -- -j8 -l8
[54.580s] DEBUG:colcon.colcon_core.event_handler.log_command:Invoking command in '/home/starry1n/WUTA-FSD1/ros2_ws/build/controller': AMENT_PREFIX_PATH=/home/starry1n/WUTA-FSD1/ros2_ws/install/wuta_msgs:/home/starry1n/WUTA-FSD1/ros2_ws/install/autoware_msgs:${AMENT_PREFIX_PATH} CMAKE_PREFIX_PATH=/home/starry1n/WUTA-FSD1/ros2_ws/install/wuta_msgs:/home/starry1n/WUTA-FSD1/ros2_ws/install/autoware_msgs:/opt/ros/humble LD_LIBRARY_PATH=/home/starry1n/WUTA-FSD1/ros2_ws/install/wuta_msgs/lib:/home/starry1n/WUTA-FSD1/ros2_ws/install/autoware_msgs/lib:${LD_LIBRARY_PATH} PYTHONPATH=/home/starry1n/WUTA-FSD1/ros2_ws/install/wuta_msgs/local/lib/python3.10/dist-packages:/home/starry1n/WUTA-FSD1/ros2_ws/install/autoware_msgs/local/lib/python3.10/dist-packages:${PYTHONPATH} /usr/bin/cmake --install /home/starry1n/WUTA-FSD1/ros2_ws/build/controller
[54.977s] Level 1:colcon.colcon_core.environment:create_environment_scripts_only(boundary_detector)
[54.977s] Level 1:colcon.colcon_core.environment:checking '/home/starry1n/WUTA-FSD1/ros2_ws/install/boundary_detector' for CMake module files
[54.978s] Level 1:colcon.colcon_core.environment:checking '/home/starry1n/WUTA-FSD1/ros2_ws/install/boundary_detector' for CMake config files
[54.978s] Level 1:colcon.colcon_core.shell:create_environment_hook('boundary_detector', 'cmake_prefix_path')
[54.978s] INFO:colcon.colcon_core.shell:Creating environment hook '/home/starry1n/WUTA-FSD1/ros2_ws/install/boundary_detector/share/boundary_detector/hook/cmake_prefix_path.ps1'
[54.979s] DEBUG:colcon.colcon_core.event_handler.log_command:Invoked command in '/home/starry1n/WUTA-FSD1/ros2_ws/build/boundary_detector' returned '0': AMENT_PREFIX_PATH=/home/starry1n/WUTA-FSD1/ros2_ws/install/wuta_msgs:/home/starry1n/WUTA-FSD1/ros2_ws/install/autoware_msgs:${AMENT_PREFIX_PATH} CMAKE_PREFIX_PATH=/home/starry1n/WUTA-FSD1/ros2_ws/install/wuta_msgs:/home/starry1n/WUTA-FSD1/ros2_ws/install/autoware_msgs:/opt/ros/humble LD_LIBRARY_PATH=/home/starry1n/WUTA-FSD1/ros2_ws/install/wuta_msgs/lib:/home/starry1n/WUTA-FSD1/ros2_ws/install/autoware_msgs/lib:${LD_LIBRARY_PATH} PYTHONPATH=/home/starry1n/WUTA-FSD1/ros2_ws/install/wuta_msgs/local/lib/python3.10/dist-packages:/home/starry1n/WUTA-FSD1/ros2_ws/install/autoware_msgs/local/lib/python3.10/dist-packages:${PYTHONPATH} /usr/bin/cmake --install /home/starry1n/WUTA-FSD1/ros2_ws/build/boundary_detector
[55.026s] INFO:colcon.colcon_core.shell:Creating environment descriptor '/home/starry1n/WUTA-FSD1/ros2_ws/install/boundary_detector/share/boundary_detector/hook/cmake_prefix_path.dsv'
[55.027s] INFO:colcon.colcon_core.shell:Creating environment hook '/home/starry1n/WUTA-FSD1/ros2_ws/install/boundary_detector/share/boundary_detector/hook/cmake_prefix_path.sh'
[55.033s] Level 1:colcon.colcon_core.environment:checking '/home/starry1n/WUTA-FSD1/ros2_ws/install/boundary_detector/lib'
[55.033s] Level 1:colcon.colcon_core.environment:checking '/home/starry1n/WUTA-FSD1/ros2_ws/install/boundary_detector/bin'
[55.033s] Level 1:colcon.colcon_core.environment:checking '/home/starry1n/WUTA-FSD1/ros2_ws/install/boundary_detector/lib/pkgconfig/boundary_detector.pc'
[55.034s] Level 1:colcon.colcon_core.environment:checking '/home/starry1n/WUTA-FSD1/ros2_ws/install/boundary_detector/lib/python3.10/site-packages'
[55.034s] Level 1:colcon.colcon_core.environment:checking '/home/starry1n/WUTA-FSD1/ros2_ws/install/boundary_detector/bin'
[55.035s] INFO:colcon.colcon_core.shell:Creating package script '/home/starry1n/WUTA-FSD1/ros2_ws/install/boundary_detector/share/boundary_detector/package.ps1'
[55.048s] INFO:colcon.colcon_core.shell:Creating package descriptor '/home/starry1n/WUTA-FSD1/ros2_ws/install/boundary_detector/share/boundary_detector/package.dsv'
[55.052s] INFO:colcon.colcon_core.shell:Creating package script '/home/starry1n/WUTA-FSD1/ros2_ws/install/boundary_detector/share/boundary_detector/package.sh'
[55.053s] INFO:colcon.colcon_core.shell:Creating package script '/home/starry1n/WUTA-FSD1/ros2_ws/install/boundary_detector/share/boundary_detector/package.bash'
[55.058s] INFO:colcon.colcon_core.shell:Creating package script '/home/starry1n/WUTA-FSD1/ros2_ws/install/boundary_detector/share/boundary_detector/package.zsh'
[55.063s] Level 1:colcon.colcon_core.environment:create_file_with_runtime_dependencies(/home/starry1n/WUTA-FSD1/ros2_ws/install/boundary_detector/share/colcon-core/packages/boundary_detector)
[55.064s] Level 1:colcon.colcon_core.environment:create_environment_scripts_only(boundary_detector)
[55.064s] Level 1:colcon.colcon_core.environment:checking '/home/starry1n/WUTA-FSD1/ros2_ws/install/boundary_detector' for CMake module files
[55.065s] Level 1:colcon.colcon_core.environment:checking '/home/starry1n/WUTA-FSD1/ros2_ws/install/boundary_detector' for CMake config files
[55.068s] Level 1:colcon.colcon_core.shell:create_environment_hook('boundary_detector', 'cmake_prefix_path')
[55.069s] INFO:colcon.colcon_core.shell:Creating environment hook '/home/starry1n/WUTA-FSD1/ros2_ws/install/boundary_detector/share/boundary_detector/hook/cmake_prefix_path.ps1'
[55.070s] INFO:colcon.colcon_core.shell:Creating environment descriptor '/home/starry1n/WUTA-FSD1/ros2_ws/install/boundary_detector/share/boundary_detector/hook/cmake_prefix_path.dsv'
[55.070s] INFO:colcon.colcon_core.shell:Creating environment hook '/home/starry1n/WUTA-FSD1/ros2_ws/install/boundary_detector/share/boundary_detector/hook/cmake_prefix_path.sh'
[55.071s] Level 1:colcon.colcon_core.environment:checking '/home/starry1n/WUTA-FSD1/ros2_ws/install/boundary_detector/lib'
[55.071s] Level 1:colcon.colcon_core.environment:checking '/home/starry1n/WUTA-FSD1/ros2_ws/install/boundary_detector/bin'
[55.071s] Level 1:colcon.colcon_core.environment:checking '/home/starry1n/WUTA-FSD1/ros2_ws/install/boundary_detector/lib/pkgconfig/boundary_detector.pc'
[55.072s] Level 1:colcon.colcon_core.environment:checking '/home/starry1n/WUTA-FSD1/ros2_ws/install/boundary_detector/lib/python3.10/site-packages'
[55.072s] Level 1:colcon.colcon_core.environment:checking '/home/starry1n/WUTA-FSD1/ros2_ws/install/boundary_detector/bin'
[55.072s] INFO:colcon.colcon_core.shell:Creating package script '/home/starry1n/WUTA-FSD1/ros2_ws/install/boundary_detector/share/boundary_detector/package.ps1'
[55.077s] INFO:colcon.colcon_core.shell:Creating package descriptor '/home/starry1n/WUTA-FSD1/ros2_ws/install/boundary_detector/share/boundary_detector/package.dsv'
[55.082s] INFO:colcon.colcon_core.shell:Creating package script '/home/starry1n/WUTA-FSD1/ros2_ws/install/boundary_detector/share/boundary_detector/package.sh'
[55.085s] INFO:colcon.colcon_core.shell:Creating package script '/home/starry1n/WUTA-FSD1/ros2_ws/install/boundary_detector/share/boundary_detector/package.bash'
[55.088s] INFO:colcon.colcon_core.shell:Creating package script '/home/starry1n/WUTA-FSD1/ros2_ws/install/boundary_detector/share/boundary_detector/package.zsh'
[55.089s] Level 1:colcon.colcon_core.environment:create_file_with_runtime_dependencies(/home/starry1n/WUTA-FSD1/ros2_ws/install/boundary_detector/share/colcon-core/packages/boundary_detector)
[55.091s] Level 1:colcon.colcon_core.environment:create_environment_scripts_only(cone_map_builder)
[55.091s] Level 1:colcon.colcon_core.environment:checking '/home/starry1n/WUTA-FSD1/ros2_ws/install/cone_map_builder' for CMake module files
[55.091s] Level 1:colcon.colcon_core.environment:checking '/home/starry1n/WUTA-FSD1/ros2_ws/install/cone_map_builder' for CMake config files
[55.092s] Level 1:colcon.colcon_core.shell:create_environment_hook('cone_map_builder', 'cmake_prefix_path')
[55.092s] INFO:colcon.colcon_core.shell:Creating environment hook '/home/starry1n/WUTA-FSD1/ros2_ws/install/cone_map_builder/share/cone_map_builder/hook/cmake_prefix_path.ps1'
[55.092s] INFO:colcon.colcon_core.shell:Creating environment descriptor '/home/starry1n/WUTA-FSD1/ros2_ws/install/cone_map_builder/share/cone_map_builder/hook/cmake_prefix_path.dsv'
[55.093s] INFO:colcon.colcon_core.shell:Creating environment hook '/home/starry1n/WUTA-FSD1/ros2_ws/install/cone_map_builder/share/cone_map_builder/hook/cmake_prefix_path.sh'
[55.097s] Level 1:colcon.colcon_core.environment:checking '/home/starry1n/WUTA-FSD1/ros2_ws/install/cone_map_builder/lib'
[55.103s] Level 1:colcon.colcon_core.environment:checking '/home/starry1n/WUTA-FSD1/ros2_ws/install/cone_map_builder/bin'
[55.103s] Level 1:colcon.colcon_core.environment:checking '/home/starry1n/WUTA-FSD1/ros2_ws/install/cone_map_builder/lib/pkgconfig/cone_map_builder.pc'
[55.103s] Level 1:colcon.colcon_core.environment:checking '/home/starry1n/WUTA-FSD1/ros2_ws/install/cone_map_builder/lib/python3.10/site-packages'
[55.103s] Level 1:colcon.colcon_core.environment:checking '/home/starry1n/WUTA-FSD1/ros2_ws/install/cone_map_builder/bin'
[55.104s] INFO:colcon.colcon_core.shell:Creating package script '/home/starry1n/WUTA-FSD1/ros2_ws/install/cone_map_builder/share/cone_map_builder/package.ps1'
[55.105s] INFO:colcon.colcon_core.shell:Creating package descriptor '/home/starry1n/WUTA-FSD1/ros2_ws/install/cone_map_builder/share/cone_map_builder/package.dsv'
[55.098s] DEBUG:colcon.colcon_core.event_handler.log_command:Invoked command in '/home/starry1n/WUTA-FSD1/ros2_ws/build/cone_map_builder' returned '0': AMENT_PREFIX_PATH=/home/starry1n/WUTA-FSD1/ros2_ws/install/wuta_msgs:${AMENT_PREFIX_PATH} CMAKE_PREFIX_PATH=/home/starry1n/WUTA-FSD1/ros2_ws/install/wuta_msgs:/opt/ros/humble LD_LIBRARY_PATH=/home/starry1n/WUTA-FSD1/ros2_ws/install/wuta_msgs/lib:${LD_LIBRARY_PATH} PYTHONPATH=/home/starry1n/WUTA-FSD1/ros2_ws/install/wuta_msgs/local/lib/python3.10/dist-packages:${PYTHONPATH} /usr/bin/cmake --install /home/starry1n/WUTA-FSD1/ros2_ws/build/cone_map_builder
[55.112s] INFO:colcon.colcon_core.shell:Creating package script '/home/starry1n/WUTA-FSD1/ros2_ws/install/cone_map_builder/share/cone_map_builder/package.sh'
[55.113s] INFO:colcon.colcon_core.shell:Creating package script '/home/starry1n/WUTA-FSD1/ros2_ws/install/cone_map_builder/share/cone_map_builder/package.bash'
[55.113s] INFO:colcon.colcon_core.shell:Creating package script '/home/starry1n/WUTA-FSD1/ros2_ws/install/cone_map_builder/share/cone_map_builder/package.zsh'
[55.114s] Level 1:colcon.colcon_core.environment:create_file_with_runtime_dependencies(/home/starry1n/WUTA-FSD1/ros2_ws/install/cone_map_builder/share/colcon-core/packages/cone_map_builder)
[55.121s] Level 1:colcon.colcon_core.environment:create_environment_scripts_only(cone_map_builder)
[55.121s] Level 1:colcon.colcon_core.environment:checking '/home/starry1n/WUTA-FSD1/ros2_ws/install/cone_map_builder' for CMake module files
[55.121s] Level 1:colcon.colcon_core.environment:checking '/home/starry1n/WUTA-FSD1/ros2_ws/install/cone_map_builder' for CMake config files
[55.121s] Level 1:colcon.colcon_core.shell:create_environment_hook('cone_map_builder', 'cmake_prefix_path')
[55.122s] INFO:colcon.colcon_core.shell:Creating environment hook '/home/starry1n/WUTA-FSD1/ros2_ws/install/cone_map_builder/share/cone_map_builder/hook/cmake_prefix_path.ps1'
[55.123s] INFO:colcon.colcon_core.shell:Creating environment descriptor '/home/starry1n/WUTA-FSD1/ros2_ws/install/cone_map_builder/share/cone_map_builder/hook/cmake_prefix_path.dsv'
[55.125s] INFO:colcon.colcon_core.shell:Creating environment hook '/home/starry1n/WUTA-FSD1/ros2_ws/install/cone_map_builder/share/cone_map_builder/hook/cmake_prefix_path.sh'
[55.127s] Level 1:colcon.colcon_core.environment:checking '/home/starry1n/WUTA-FSD1/ros2_ws/install/cone_map_builder/lib'
[55.127s] Level 1:colcon.colcon_core.environment:checking '/home/starry1n/WUTA-FSD1/ros2_ws/install/cone_map_builder/bin'
[55.127s] Level 1:colcon.colcon_core.environment:checking '/home/starry1n/WUTA-FSD1/ros2_ws/install/cone_map_builder/lib/pkgconfig/cone_map_builder.pc'
[55.127s] Level 1:colcon.colcon_core.environment:checking '/home/starry1n/WUTA-FSD1/ros2_ws/install/cone_map_builder/lib/python3.10/site-packages'
[55.128s] Level 1:colcon.colcon_core.environment:checking '/home/starry1n/WUTA-FSD1/ros2_ws/install/cone_map_builder/bin'
[55.129s] INFO:colcon.colcon_core.shell:Creating package script '/home/starry1n/WUTA-FSD1/ros2_ws/install/cone_map_builder/share/cone_map_builder/package.ps1'
[55.132s] INFO:colcon.colcon_core.shell:Creating package descriptor '/home/starry1n/WUTA-FSD1/ros2_ws/install/cone_map_builder/share/cone_map_builder/package.dsv'
[55.138s] INFO:colcon.colcon_core.shell:Creating package script '/home/starry1n/WUTA-FSD1/ros2_ws/install/cone_map_builder/share/cone_map_builder/package.sh'
[55.143s] INFO:colcon.colcon_core.shell:Creating package script '/home/starry1n/WUTA-FSD1/ros2_ws/install/cone_map_builder/share/cone_map_builder/package.bash'
[55.152s] INFO:colcon.colcon_core.shell:Creating package script '/home/starry1n/WUTA-FSD1/ros2_ws/install/cone_map_builder/share/cone_map_builder/package.zsh'
[55.154s] Level 1:colcon.colcon_core.environment:create_file_with_runtime_dependencies(/home/starry1n/WUTA-FSD1/ros2_ws/install/cone_map_builder/share/colcon-core/packages/cone_map_builder)
[55.159s] INFO:colcon.colcon_ros.task.ament_cmake.build:Building ROS package in '/home/starry1n/WUTA-FSD1/ros2_ws/src/planning/path_generator' with build type 'ament_cmake'
[55.159s] INFO:colcon.colcon_cmake.task.cmake.build:Building CMake package in '/home/starry1n/WUTA-FSD1/ros2_ws/src/planning/path_generator'
[55.160s] INFO:colcon.colcon_core.shell:Skip shell extension 'powershell' for command environment: Not usable outside of PowerShell
[55.160s] DEBUG:colcon.colcon_core.shell:Skip shell extension 'dsv' for command environment
[55.229s] INFO:colcon.colcon_ros.task.ament_cmake.build:Building ROS package in '/home/starry1n/WUTA-FSD1/ros2_ws/src/common/wuta_tools' with build type 'ament_cmake'
[55.230s] INFO:colcon.colcon_cmake.task.cmake.build:Building CMake package in '/home/starry1n/WUTA-FSD1/ros2_ws/src/common/wuta_tools'
[55.230s] INFO:colcon.colcon_core.shell:Skip shell extension 'powershell' for command environment: Not usable outside of PowerShell
[55.232s] DEBUG:colcon.colcon_core.shell:Skip shell extension 'dsv' for command environment
[55.248s] Level 1:colcon.colcon_core.environment:create_environment_scripts_only(controller)
[55.249s] Level 1:colcon.colcon_core.environment:checking '/home/starry1n/WUTA-FSD1/ros2_ws/install/controller' for CMake module files
[55.250s] Level 1:colcon.colcon_core.environment:checking '/home/starry1n/WUTA-FSD1/ros2_ws/install/controller' for CMake config files
[55.250s] Level 1:colcon.colcon_core.shell:create_environment_hook('controller', 'cmake_prefix_path')
[55.250s] INFO:colcon.colcon_core.shell:Creating environment hook '/home/starry1n/WUTA-FSD1/ros2_ws/install/controller/share/controller/hook/cmake_prefix_path.ps1'
[55.251s] INFO:colcon.colcon_core.shell:Creating environment descriptor '/home/starry1n/WUTA-FSD1/ros2_ws/install/controller/share/controller/hook/cmake_prefix_path.dsv'
[55.252s] INFO:colcon.colcon_core.shell:Creating environment hook '/home/starry1n/WUTA-FSD1/ros2_ws/install/controller/share/controller/hook/cmake_prefix_path.sh'
[55.253s] DEBUG:colcon.colcon_core.event_handler.log_command:Invoked command in '/home/starry1n/WUTA-FSD1/ros2_ws/build/controller' returned '0': AMENT_PREFIX_PATH=/home/starry1n/WUTA-FSD1/ros2_ws/install/wuta_msgs:/home/starry1n/WUTA-FSD1/ros2_ws/install/autoware_msgs:${AMENT_PREFIX_PATH} CMAKE_PREFIX_PATH=/home/starry1n/WUTA-FSD1/ros2_ws/install/wuta_msgs:/home/starry1n/WUTA-FSD1/ros2_ws/install/autoware_msgs:/opt/ros/humble LD_LIBRARY_PATH=/home/starry1n/WUTA-FSD1/ros2_ws/install/wuta_msgs/lib:/home/starry1n/WUTA-FSD1/ros2_ws/install/autoware_msgs/lib:${LD_LIBRARY_PATH} PYTHONPATH=/home/starry1n/WUTA-FSD1/ros2_ws/install/wuta_msgs/local/lib/python3.10/dist-packages:/home/starry1n/WUTA-FSD1/ros2_ws/install/autoware_msgs/local/lib/python3.10/dist-packages:${PYTHONPATH} /usr/bin/cmake --install /home/starry1n/WUTA-FSD1/ros2_ws/build/controller
[55.253s] Level 1:colcon.colcon_core.environment:checking '/home/starry1n/WUTA-FSD1/ros2_ws/install/controller/lib'
[55.254s] Level 1:colcon.colcon_core.environment:checking '/home/starry1n/WUTA-FSD1/ros2_ws/install/controller/bin'
[55.254s] Level 1:colcon.colcon_core.environment:checking '/home/starry1n/WUTA-FSD1/ros2_ws/install/controller/lib/pkgconfig/controller.pc'
[55.254s] Level 1:colcon.colcon_core.environment:checking '/home/starry1n/WUTA-FSD1/ros2_ws/install/controller/lib/python3.10/site-packages'
[55.254s] Level 1:colcon.colcon_core.environment:checking '/home/starry1n/WUTA-FSD1/ros2_ws/install/controller/bin'
[55.255s] INFO:colcon.colcon_core.shell:Creating package script '/home/starry1n/WUTA-FSD1/ros2_ws/install/controller/share/controller/package.ps1'
[55.256s] INFO:colcon.colcon_core.shell:Creating package descriptor '/home/starry1n/WUTA-FSD1/ros2_ws/install/controller/share/controller/package.dsv'
[55.258s] INFO:colcon.colcon_core.shell:Creating package script '/home/starry1n/WUTA-FSD1/ros2_ws/install/controller/share/controller/package.sh'
[55.260s] INFO:colcon.colcon_core.shell:Creating package script '/home/starry1n/WUTA-FSD1/ros2_ws/install/controller/share/controller/package.bash'
[55.261s] INFO:colcon.colcon_core.shell:Creating package script '/home/starry1n/WUTA-FSD1/ros2_ws/install/controller/share/controller/package.zsh'
[55.262s] Level 1:colcon.colcon_core.environment:create_file_with_runtime_dependencies(/home/starry1n/WUTA-FSD1/ros2_ws/install/controller/share/colcon-core/packages/controller)
[55.262s] Level 1:colcon.colcon_core.environment:create_environment_scripts_only(controller)
[55.263s] Level 1:colcon.colcon_core.environment:checking '/home/starry1n/WUTA-FSD1/ros2_ws/install/controller' for CMake module files
[55.263s] Level 1:colcon.colcon_core.environment:checking '/home/starry1n/WUTA-FSD1/ros2_ws/install/controller' for CMake config files
[55.263s] Level 1:colcon.colcon_core.shell:create_environment_hook('controller', 'cmake_prefix_path')
[55.263s] INFO:colcon.colcon_core.shell:Creating environment hook '/home/starry1n/WUTA-FSD1/ros2_ws/install/controller/share/controller/hook/cmake_prefix_path.ps1'
[55.264s] INFO:colcon.colcon_core.shell:Creating environment descriptor '/home/starry1n/WUTA-FSD1/ros2_ws/install/controller/share/controller/hook/cmake_prefix_path.dsv'
[55.265s] INFO:colcon.colcon_core.shell:Creating environment hook '/home/starry1n/WUTA-FSD1/ros2_ws/install/controller/share/controller/hook/cmake_prefix_path.sh'
[55.266s] Level 1:colcon.colcon_core.environment:checking '/home/starry1n/WUTA-FSD1/ros2_ws/install/controller/lib'
[55.266s] Level 1:colcon.colcon_core.environment:checking '/home/starry1n/WUTA-FSD1/ros2_ws/install/controller/bin'
[55.266s] Level 1:colcon.colcon_core.environment:checking '/home/starry1n/WUTA-FSD1/ros2_ws/install/controller/lib/pkgconfig/controller.pc'
[55.266s] Level 1:colcon.colcon_core.environment:checking '/home/starry1n/WUTA-FSD1/ros2_ws/install/controller/lib/python3.10/site-packages'
[55.267s] Level 1:colcon.colcon_core.environment:checking '/home/starry1n/WUTA-FSD1/ros2_ws/install/controller/bin'
[55.267s] INFO:colcon.colcon_core.shell:Creating package script '/home/starry1n/WUTA-FSD1/ros2_ws/install/controller/share/controller/package.ps1'
[55.268s] INFO:colcon.colcon_core.shell:Creating package descriptor '/home/starry1n/WUTA-FSD1/ros2_ws/install/controller/share/controller/package.dsv'
[55.270s] INFO:colcon.colcon_core.shell:Creating package script '/home/starry1n/WUTA-FSD1/ros2_ws/install/controller/share/controller/package.sh'
[55.271s] INFO:colcon.colcon_core.shell:Creating package script '/home/starry1n/WUTA-FSD1/ros2_ws/install/controller/share/controller/package.bash'
[55.272s] INFO:colcon.colcon_core.shell:Creating package script '/home/starry1n/WUTA-FSD1/ros2_ws/install/controller/share/controller/package.zsh'
[55.273s] Level 1:colcon.colcon_core.environment:create_file_with_runtime_dependencies(/home/starry1n/WUTA-FSD1/ros2_ws/install/controller/share/colcon-core/packages/controller)
[55.285s] DEBUG:colcon.colcon_core.event_handler.log_command:Invoked command in '/home/starry1n/WUTA-FSD1/ros2_ws/build/mission_manager' returned '0': AMENT_PREFIX_PATH=/home/starry1n/WUTA-FSD1/ros2_ws/install/wuta_msgs:${AMENT_PREFIX_PATH} CMAKE_PREFIX_PATH=/home/starry1n/WUTA-FSD1/ros2_ws/install/wuta_msgs:/opt/ros/humble LD_LIBRARY_PATH=/home/starry1n/WUTA-FSD1/ros2_ws/install/wuta_msgs/lib:${LD_LIBRARY_PATH} PYTHONPATH=/home/starry1n/WUTA-FSD1/ros2_ws/install/wuta_msgs/local/lib/python3.10/dist-packages:${PYTHONPATH} /usr/bin/cmake --build /home/starry1n/WUTA-FSD1/ros2_ws/build/mission_manager -- -j8 -l8
[55.287s] DEBUG:colcon.colcon_core.event_handler.log_command:Invoking command in '/home/starry1n/WUTA-FSD1/ros2_ws/build/mission_manager': AMENT_PREFIX_PATH=/home/starry1n/WUTA-FSD1/ros2_ws/install/wuta_msgs:${AMENT_PREFIX_PATH} CMAKE_PREFIX_PATH=/home/starry1n/WUTA-FSD1/ros2_ws/install/wuta_msgs:/opt/ros/humble LD_LIBRARY_PATH=/home/starry1n/WUTA-FSD1/ros2_ws/install/wuta_msgs/lib:${LD_LIBRARY_PATH} PYTHONPATH=/home/starry1n/WUTA-FSD1/ros2_ws/install/wuta_msgs/local/lib/python3.10/dist-packages:${PYTHONPATH} /usr/bin/cmake --install /home/starry1n/WUTA-FSD1/ros2_ws/build/mission_manager
[55.328s] DEBUG:colcon.colcon_core.event_handler.log_command:Invoking command in '/home/starry1n/WUTA-FSD1/ros2_ws/build/path_generator': AMENT_PREFIX_PATH=/home/starry1n/WUTA-FSD1/ros2_ws/install/wuta_msgs:/home/starry1n/WUTA-FSD1/ros2_ws/install/autoware_msgs:${AMENT_PREFIX_PATH} CMAKE_PREFIX_PATH=/home/starry1n/WUTA-FSD1/ros2_ws/install/wuta_msgs:/home/starry1n/WUTA-FSD1/ros2_ws/install/autoware_msgs:/opt/ros/humble LD_LIBRARY_PATH=/home/starry1n/WUTA-FSD1/ros2_ws/install/wuta_msgs/lib:/home/starry1n/WUTA-FSD1/ros2_ws/install/autoware_msgs/lib:${LD_LIBRARY_PATH} PYTHONPATH=/home/starry1n/WUTA-FSD1/ros2_ws/install/wuta_msgs/local/lib/python3.10/dist-packages:/home/starry1n/WUTA-FSD1/ros2_ws/install/autoware_msgs/local/lib/python3.10/dist-packages:${PYTHONPATH} /usr/bin/cmake /home/starry1n/WUTA-FSD1/ros2_ws/src/planning/path_generator -DCMAKE_MODULE_PATH=/home/starry1n/WUTA-FSD1/ros2_ws/cmake -DAMENT_CMAKE_SYMLINK_INSTALL=1 -DCMAKE_INSTALL_PREFIX=/home/starry1n/WUTA-FSD1/ros2_ws/install/path_generator
[55.341s] DEBUG:colcon.colcon_core.event_handler.log_command:Invoking command in '/home/starry1n/WUTA-FSD1/ros2_ws/build/wuta_tools': AMENT_PREFIX_PATH=/home/starry1n/WUTA-FSD1/ros2_ws/install/wuta_msgs:${AMENT_PREFIX_PATH} CMAKE_PREFIX_PATH=/home/starry1n/WUTA-FSD1/ros2_ws/install/wuta_msgs:/opt/ros/humble LD_LIBRARY_PATH=/home/starry1n/WUTA-FSD1/ros2_ws/install/wuta_msgs/lib:${LD_LIBRARY_PATH} PYTHONPATH=/home/starry1n/WUTA-FSD1/ros2_ws/install/wuta_msgs/local/lib/python3.10/dist-packages:${PYTHONPATH} /usr/bin/cmake /home/starry1n/WUTA-FSD1/ros2_ws/src/common/wuta_tools -DCMAKE_MODULE_PATH=/home/starry1n/WUTA-FSD1/ros2_ws/cmake -DAMENT_CMAKE_SYMLINK_INSTALL=1 -DCMAKE_INSTALL_PREFIX=/home/starry1n/WUTA-FSD1/ros2_ws/install/wuta_tools
[55.585s] Level 1:colcon.colcon_core.environment:create_environment_scripts_only(mission_manager)
[55.586s] Level 1:colcon.colcon_core.environment:checking '/home/starry1n/WUTA-FSD1/ros2_ws/install/mission_manager' for CMake module files
[55.587s] Level 1:colcon.colcon_core.environment:checking '/home/starry1n/WUTA-FSD1/ros2_ws/install/mission_manager' for CMake config files
[55.587s] Level 1:colcon.colcon_core.shell:create_environment_hook('mission_manager', 'cmake_prefix_path')
[55.587s] INFO:colcon.colcon_core.shell:Creating environment hook '/home/starry1n/WUTA-FSD1/ros2_ws/install/mission_manager/share/mission_manager/hook/cmake_prefix_path.ps1'
[55.589s] DEBUG:colcon.colcon_core.event_handler.log_command:Invoked command in '/home/starry1n/WUTA-FSD1/ros2_ws/build/mission_manager' returned '0': AMENT_PREFIX_PATH=/home/starry1n/WUTA-FSD1/ros2_ws/install/wuta_msgs:${AMENT_PREFIX_PATH} CMAKE_PREFIX_PATH=/home/starry1n/WUTA-FSD1/ros2_ws/install/wuta_msgs:/opt/ros/humble LD_LIBRARY_PATH=/home/starry1n/WUTA-FSD1/ros2_ws/install/wuta_msgs/lib:${LD_LIBRARY_PATH} PYTHONPATH=/home/starry1n/WUTA-FSD1/ros2_ws/install/wuta_msgs/local/lib/python3.10/dist-packages:${PYTHONPATH} /usr/bin/cmake --install /home/starry1n/WUTA-FSD1/ros2_ws/build/mission_manager
[55.590s] INFO:colcon.colcon_core.shell:Creating environment descriptor '/home/starry1n/WUTA-FSD1/ros2_ws/install/mission_manager/share/mission_manager/hook/cmake_prefix_path.dsv'
[55.590s] INFO:colcon.colcon_core.shell:Creating environment hook '/home/starry1n/WUTA-FSD1/ros2_ws/install/mission_manager/share/mission_manager/hook/cmake_prefix_path.sh'
[55.591s] Level 1:colcon.colcon_core.environment:checking '/home/starry1n/WUTA-FSD1/ros2_ws/install/mission_manager/lib'
[55.591s] Level 1:colcon.colcon_core.environment:checking '/home/starry1n/WUTA-FSD1/ros2_ws/install/mission_manager/bin'
[55.592s] Level 1:colcon.colcon_core.environment:checking '/home/starry1n/WUTA-FSD1/ros2_ws/install/mission_manager/lib/pkgconfig/mission_manager.pc'
[55.592s] Level 1:colcon.colcon_core.environment:checking '/home/starry1n/WUTA-FSD1/ros2_ws/install/mission_manager/lib/python3.10/site-packages'
[55.592s] Level 1:colcon.colcon_core.environment:checking '/home/starry1n/WUTA-FSD1/ros2_ws/install/mission_manager/bin'
[55.593s] INFO:colcon.colcon_core.shell:Creating package script '/home/starry1n/WUTA-FSD1/ros2_ws/install/mission_manager/share/mission_manager/package.ps1'
[55.594s] INFO:colcon.colcon_core.shell:Creating package descriptor '/home/starry1n/WUTA-FSD1/ros2_ws/install/mission_manager/share/mission_manager/package.dsv'
[55.594s] INFO:colcon.colcon_core.shell:Creating package script '/home/starry1n/WUTA-FSD1/ros2_ws/install/mission_manager/share/mission_manager/package.sh'
[55.595s] INFO:colcon.colcon_core.shell:Creating package script '/home/starry1n/WUTA-FSD1/ros2_ws/install/mission_manager/share/mission_manager/package.bash'
[55.596s] INFO:colcon.colcon_core.shell:Creating package script '/home/starry1n/WUTA-FSD1/ros2_ws/install/mission_manager/share/mission_manager/package.zsh'
[55.597s] Level 1:colcon.colcon_core.environment:create_file_with_runtime_dependencies(/home/starry1n/WUTA-FSD1/ros2_ws/install/mission_manager/share/colcon-core/packages/mission_manager)
[55.599s] Level 1:colcon.colcon_core.environment:create_environment_scripts_only(mission_manager)
[55.600s] Level 1:colcon.colcon_core.environment:checking '/home/starry1n/WUTA-FSD1/ros2_ws/install/mission_manager' for CMake module files
[55.601s] Level 1:colcon.colcon_core.environment:checking '/home/starry1n/WUTA-FSD1/ros2_ws/install/mission_manager' for CMake config files
[55.601s] Level 1:colcon.colcon_core.shell:create_environment_hook('mission_manager', 'cmake_prefix_path')
[55.602s] INFO:colcon.colcon_core.shell:Creating environment hook '/home/starry1n/WUTA-FSD1/ros2_ws/install/mission_manager/share/mission_manager/hook/cmake_prefix_path.ps1'
[55.606s] INFO:colcon.colcon_core.shell:Creating environment descriptor '/home/starry1n/WUTA-FSD1/ros2_ws/install/mission_manager/share/mission_manager/hook/cmake_prefix_path.dsv'
[55.607s] INFO:colcon.colcon_core.shell:Creating environment hook '/home/starry1n/WUTA-FSD1/ros2_ws/install/mission_manager/share/mission_manager/hook/cmake_prefix_path.sh'
[55.612s] Level 1:colcon.colcon_core.environment:checking '/home/starry1n/WUTA-FSD1/ros2_ws/install/mission_manager/lib'
[55.612s] Level 1:colcon.colcon_core.environment:checking '/home/starry1n/WUTA-FSD1/ros2_ws/install/mission_manager/bin'
[55.612s] Level 1:colcon.colcon_core.environment:checking '/home/starry1n/WUTA-FSD1/ros2_ws/install/mission_manager/lib/pkgconfig/mission_manager.pc'
[55.612s] Level 1:colcon.colcon_core.environment:checking '/home/starry1n/WUTA-FSD1/ros2_ws/install/mission_manager/lib/python3.10/site-packages'
[55.613s] Level 1:colcon.colcon_core.environment:checking '/home/starry1n/WUTA-FSD1/ros2_ws/install/mission_manager/bin'
[55.613s] INFO:colcon.colcon_core.shell:Creating package script '/home/starry1n/WUTA-FSD1/ros2_ws/install/mission_manager/share/mission_manager/package.ps1'
[55.617s] INFO:colcon.colcon_core.shell:Creating package descriptor '/home/starry1n/WUTA-FSD1/ros2_ws/install/mission_manager/share/mission_manager/package.dsv'
[55.619s] INFO:colcon.colcon_core.shell:Creating package script '/home/starry1n/WUTA-FSD1/ros2_ws/install/mission_manager/share/mission_manager/package.sh'
[55.620s] INFO:colcon.colcon_core.shell:Creating package script '/home/starry1n/WUTA-FSD1/ros2_ws/install/mission_manager/share/mission_manager/package.bash'
[55.621s] INFO:colcon.colcon_core.shell:Creating package script '/home/starry1n/WUTA-FSD1/ros2_ws/install/mission_manager/share/mission_manager/package.zsh'
[55.622s] Level 1:colcon.colcon_core.environment:create_file_with_runtime_dependencies(/home/starry1n/WUTA-FSD1/ros2_ws/install/mission_manager/share/colcon-core/packages/mission_manager)
[58.009s] DEBUG:colcon.colcon_core.event_handler.log_command:Invoked command in '/home/starry1n/WUTA-FSD1/ros2_ws/build/lidar_detection' returned '0': AMENT_PREFIX_PATH=/home/starry1n/WUTA-FSD1/ros2_ws/install/wuta_msgs:${AMENT_PREFIX_PATH} CMAKE_PREFIX_PATH=/home/starry1n/WUTA-FSD1/ros2_ws/install/wuta_msgs:/opt/ros/humble LD_LIBRARY_PATH=/home/starry1n/WUTA-FSD1/ros2_ws/install/wuta_msgs/lib:${LD_LIBRARY_PATH} PYTHONPATH=/home/starry1n/WUTA-FSD1/ros2_ws/install/wuta_msgs/local/lib/python3.10/dist-packages:${PYTHONPATH} /usr/bin/cmake --build /home/starry1n/WUTA-FSD1/ros2_ws/build/lidar_detection -- -j8 -l8
[58.014s] DEBUG:colcon.colcon_core.event_handler.log_command:Invoking command in '/home/starry1n/WUTA-FSD1/ros2_ws/build/lidar_detection': AMENT_PREFIX_PATH=/home/starry1n/WUTA-FSD1/ros2_ws/install/wuta_msgs:${AMENT_PREFIX_PATH} CMAKE_PREFIX_PATH=/home/starry1n/WUTA-FSD1/ros2_ws/install/wuta_msgs:/opt/ros/humble LD_LIBRARY_PATH=/home/starry1n/WUTA-FSD1/ros2_ws/install/wuta_msgs/lib:${LD_LIBRARY_PATH} PYTHONPATH=/home/starry1n/WUTA-FSD1/ros2_ws/install/wuta_msgs/local/lib/python3.10/dist-packages:${PYTHONPATH} /usr/bin/cmake --install /home/starry1n/WUTA-FSD1/ros2_ws/build/lidar_detection
[58.303s] Level 1:colcon.colcon_core.environment:create_environment_scripts_only(lidar_detection)
[58.305s] DEBUG:colcon.colcon_core.event_handler.log_command:Invoked command in '/home/starry1n/WUTA-FSD1/ros2_ws/build/lidar_detection' returned '0': AMENT_PREFIX_PATH=/home/starry1n/WUTA-FSD1/ros2_ws/install/wuta_msgs:${AMENT_PREFIX_PATH} CMAKE_PREFIX_PATH=/home/starry1n/WUTA-FSD1/ros2_ws/install/wuta_msgs:/opt/ros/humble LD_LIBRARY_PATH=/home/starry1n/WUTA-FSD1/ros2_ws/install/wuta_msgs/lib:${LD_LIBRARY_PATH} PYTHONPATH=/home/starry1n/WUTA-FSD1/ros2_ws/install/wuta_msgs/local/lib/python3.10/dist-packages:${PYTHONPATH} /usr/bin/cmake --install /home/starry1n/WUTA-FSD1/ros2_ws/build/lidar_detection
[58.305s] Level 1:colcon.colcon_core.environment:checking '/home/starry1n/WUTA-FSD1/ros2_ws/install/lidar_detection' for CMake module files
[58.305s] Level 1:colcon.colcon_core.environment:checking '/home/starry1n/WUTA-FSD1/ros2_ws/install/lidar_detection' for CMake config files
[58.305s] Level 1:colcon.colcon_core.shell:create_environment_hook('lidar_detection', 'cmake_prefix_path')
[58.306s] INFO:colcon.colcon_core.shell:Creating environment hook '/home/starry1n/WUTA-FSD1/ros2_ws/install/lidar_detection/share/lidar_detection/hook/cmake_prefix_path.ps1'
[58.306s] INFO:colcon.colcon_core.shell:Creating environment descriptor '/home/starry1n/WUTA-FSD1/ros2_ws/install/lidar_detection/share/lidar_detection/hook/cmake_prefix_path.dsv'
[58.306s] INFO:colcon.colcon_core.shell:Creating environment hook '/home/starry1n/WUTA-FSD1/ros2_ws/install/lidar_detection/share/lidar_detection/hook/cmake_prefix_path.sh'
[58.307s] Level 1:colcon.colcon_core.environment:checking '/home/starry1n/WUTA-FSD1/ros2_ws/install/lidar_detection/lib'
[58.307s] Level 1:colcon.colcon_core.environment:checking '/home/starry1n/WUTA-FSD1/ros2_ws/install/lidar_detection/bin'
[58.307s] Level 1:colcon.colcon_core.environment:checking '/home/starry1n/WUTA-FSD1/ros2_ws/install/lidar_detection/lib/pkgconfig/lidar_detection.pc'
[58.307s] Level 1:colcon.colcon_core.environment:checking '/home/starry1n/WUTA-FSD1/ros2_ws/install/lidar_detection/lib/python3.10/site-packages'
[58.310s] Level 1:colcon.colcon_core.environment:checking '/home/starry1n/WUTA-FSD1/ros2_ws/install/lidar_detection/bin'
[58.310s] INFO:colcon.colcon_core.shell:Creating package script '/home/starry1n/WUTA-FSD1/ros2_ws/install/lidar_detection/share/lidar_detection/package.ps1'
[58.311s] INFO:colcon.colcon_core.shell:Creating package descriptor '/home/starry1n/WUTA-FSD1/ros2_ws/install/lidar_detection/share/lidar_detection/package.dsv'
[58.311s] INFO:colcon.colcon_core.shell:Creating package script '/home/starry1n/WUTA-FSD1/ros2_ws/install/lidar_detection/share/lidar_detection/package.sh'
[58.311s] INFO:colcon.colcon_core.shell:Creating package script '/home/starry1n/WUTA-FSD1/ros2_ws/install/lidar_detection/share/lidar_detection/package.bash'
[58.311s] INFO:colcon.colcon_core.shell:Creating package script '/home/starry1n/WUTA-FSD1/ros2_ws/install/lidar_detection/share/lidar_detection/package.zsh'
[58.311s] Level 1:colcon.colcon_core.environment:create_file_with_runtime_dependencies(/home/starry1n/WUTA-FSD1/ros2_ws/install/lidar_detection/share/colcon-core/packages/lidar_detection)
[58.313s] Level 1:colcon.colcon_core.environment:create_environment_scripts_only(lidar_detection)
[58.313s] Level 1:colcon.colcon_core.environment:checking '/home/starry1n/WUTA-FSD1/ros2_ws/install/lidar_detection' for CMake module files
[58.314s] Level 1:colcon.colcon_core.environment:checking '/home/starry1n/WUTA-FSD1/ros2_ws/install/lidar_detection' for CMake config files
[58.314s] Level 1:colcon.colcon_core.shell:create_environment_hook('lidar_detection', 'cmake_prefix_path')
[58.314s] INFO:colcon.colcon_core.shell:Creating environment hook '/home/starry1n/WUTA-FSD1/ros2_ws/install/lidar_detection/share/lidar_detection/hook/cmake_prefix_path.ps1'
[58.314s] INFO:colcon.colcon_core.shell:Creating environment descriptor '/home/starry1n/WUTA-FSD1/ros2_ws/install/lidar_detection/share/lidar_detection/hook/cmake_prefix_path.dsv'
[58.315s] INFO:colcon.colcon_core.shell:Creating environment hook '/home/starry1n/WUTA-FSD1/ros2_ws/install/lidar_detection/share/lidar_detection/hook/cmake_prefix_path.sh'
[58.316s] Level 1:colcon.colcon_core.environment:checking '/home/starry1n/WUTA-FSD1/ros2_ws/install/lidar_detection/lib'
[58.316s] Level 1:colcon.colcon_core.environment:checking '/home/starry1n/WUTA-FSD1/ros2_ws/install/lidar_detection/bin'
[58.316s] Level 1:colcon.colcon_core.environment:checking '/home/starry1n/WUTA-FSD1/ros2_ws/install/lidar_detection/lib/pkgconfig/lidar_detection.pc'
[58.316s] Level 1:colcon.colcon_core.environment:checking '/home/starry1n/WUTA-FSD1/ros2_ws/install/lidar_detection/lib/python3.10/site-packages'
[58.316s] Level 1:colcon.colcon_core.environment:checking '/home/starry1n/WUTA-FSD1/ros2_ws/install/lidar_detection/bin'
[58.317s] INFO:colcon.colcon_core.shell:Creating package script '/home/starry1n/WUTA-FSD1/ros2_ws/install/lidar_detection/share/lidar_detection/package.ps1'
[58.318s] INFO:colcon.colcon_core.shell:Creating package descriptor '/home/starry1n/WUTA-FSD1/ros2_ws/install/lidar_detection/share/lidar_detection/package.dsv'
[58.320s] INFO:colcon.colcon_core.shell:Creating package script '/home/starry1n/WUTA-FSD1/ros2_ws/install/lidar_detection/share/lidar_detection/package.sh'
[58.321s] INFO:colcon.colcon_core.shell:Creating package script '/home/starry1n/WUTA-FSD1/ros2_ws/install/lidar_detection/share/lidar_detection/package.bash'
[58.322s] INFO:colcon.colcon_core.shell:Creating package script '/home/starry1n/WUTA-FSD1/ros2_ws/install/lidar_detection/share/lidar_detection/package.zsh'
[58.323s] Level 1:colcon.colcon_core.environment:create_file_with_runtime_dependencies(/home/starry1n/WUTA-FSD1/ros2_ws/install/lidar_detection/share/colcon-core/packages/lidar_detection)
[59.206s] DEBUG:colcon.colcon_core.event_handler.log_command:Invoked command in '/home/starry1n/WUTA-FSD1/ros2_ws/build/wuta_tools' returned '0': AMENT_PREFIX_PATH=/home/starry1n/WUTA-FSD1/ros2_ws/install/wuta_msgs:${AMENT_PREFIX_PATH} CMAKE_PREFIX_PATH=/home/starry1n/WUTA-FSD1/ros2_ws/install/wuta_msgs:/opt/ros/humble LD_LIBRARY_PATH=/home/starry1n/WUTA-FSD1/ros2_ws/install/wuta_msgs/lib:${LD_LIBRARY_PATH} PYTHONPATH=/home/starry1n/WUTA-FSD1/ros2_ws/install/wuta_msgs/local/lib/python3.10/dist-packages:${PYTHONPATH} /usr/bin/cmake /home/starry1n/WUTA-FSD1/ros2_ws/src/common/wuta_tools -DCMAKE_MODULE_PATH=/home/starry1n/WUTA-FSD1/ros2_ws/cmake -DAMENT_CMAKE_SYMLINK_INSTALL=1 -DCMAKE_INSTALL_PREFIX=/home/starry1n/WUTA-FSD1/ros2_ws/install/wuta_tools
[59.208s] DEBUG:colcon.colcon_core.event_handler.log_command:Invoking command in '/home/starry1n/WUTA-FSD1/ros2_ws/build/wuta_tools': AMENT_PREFIX_PATH=/home/starry1n/WUTA-FSD1/ros2_ws/install/wuta_msgs:${AMENT_PREFIX_PATH} CMAKE_PREFIX_PATH=/home/starry1n/WUTA-FSD1/ros2_ws/install/wuta_msgs:/opt/ros/humble LD_LIBRARY_PATH=/home/starry1n/WUTA-FSD1/ros2_ws/install/wuta_msgs/lib:${LD_LIBRARY_PATH} PYTHONPATH=/home/starry1n/WUTA-FSD1/ros2_ws/install/wuta_msgs/local/lib/python3.10/dist-packages:${PYTHONPATH} /usr/bin/cmake --build /home/starry1n/WUTA-FSD1/ros2_ws/build/wuta_tools -- -j8 -l8
[59.226s] DEBUG:colcon.colcon_core.event_handler.log_command:Invoked command in '/home/starry1n/WUTA-FSD1/ros2_ws/build/path_generator' returned '0': AMENT_PREFIX_PATH=/home/starry1n/WUTA-FSD1/ros2_ws/install/wuta_msgs:/home/starry1n/WUTA-FSD1/ros2_ws/install/autoware_msgs:${AMENT_PREFIX_PATH} CMAKE_PREFIX_PATH=/home/starry1n/WUTA-FSD1/ros2_ws/install/wuta_msgs:/home/starry1n/WUTA-FSD1/ros2_ws/install/autoware_msgs:/opt/ros/humble LD_LIBRARY_PATH=/home/starry1n/WUTA-FSD1/ros2_ws/install/wuta_msgs/lib:/home/starry1n/WUTA-FSD1/ros2_ws/install/autoware_msgs/lib:${LD_LIBRARY_PATH} PYTHONPATH=/home/starry1n/WUTA-FSD1/ros2_ws/install/wuta_msgs/local/lib/python3.10/dist-packages:/home/starry1n/WUTA-FSD1/ros2_ws/install/autoware_msgs/local/lib/python3.10/dist-packages:${PYTHONPATH} /usr/bin/cmake /home/starry1n/WUTA-FSD1/ros2_ws/src/planning/path_generator -DCMAKE_MODULE_PATH=/home/starry1n/WUTA-FSD1/ros2_ws/cmake -DAMENT_CMAKE_SYMLINK_INSTALL=1 -DCMAKE_INSTALL_PREFIX=/home/starry1n/WUTA-FSD1/ros2_ws/install/path_generator
[59.227s] DEBUG:colcon.colcon_core.event_handler.log_command:Invoking command in '/home/starry1n/WUTA-FSD1/ros2_ws/build/path_generator': AMENT_PREFIX_PATH=/home/starry1n/WUTA-FSD1/ros2_ws/install/wuta_msgs:/home/starry1n/WUTA-FSD1/ros2_ws/install/autoware_msgs:${AMENT_PREFIX_PATH} CMAKE_PREFIX_PATH=/home/starry1n/WUTA-FSD1/ros2_ws/install/wuta_msgs:/home/starry1n/WUTA-FSD1/ros2_ws/install/autoware_msgs:/opt/ros/humble LD_LIBRARY_PATH=/home/starry1n/WUTA-FSD1/ros2_ws/install/wuta_msgs/lib:/home/starry1n/WUTA-FSD1/ros2_ws/install/autoware_msgs/lib:${LD_LIBRARY_PATH} PYTHONPATH=/home/starry1n/WUTA-FSD1/ros2_ws/install/wuta_msgs/local/lib/python3.10/dist-packages:/home/starry1n/WUTA-FSD1/ros2_ws/install/autoware_msgs/local/lib/python3.10/dist-packages:${PYTHONPATH} /usr/bin/cmake --build /home/starry1n/WUTA-FSD1/ros2_ws/build/path_generator -- -j8 -l8
[59.285s] DEBUG:colcon.colcon_core.event_handler.log_command:Invoked command in '/home/starry1n/WUTA-FSD1/ros2_ws/build/wuta_tools' returned '0': AMENT_PREFIX_PATH=/home/starry1n/WUTA-FSD1/ros2_ws/install/wuta_msgs:${AMENT_PREFIX_PATH} CMAKE_PREFIX_PATH=/home/starry1n/WUTA-FSD1/ros2_ws/install/wuta_msgs:/opt/ros/humble LD_LIBRARY_PATH=/home/starry1n/WUTA-FSD1/ros2_ws/install/wuta_msgs/lib:${LD_LIBRARY_PATH} PYTHONPATH=/home/starry1n/WUTA-FSD1/ros2_ws/install/wuta_msgs/local/lib/python3.10/dist-packages:${PYTHONPATH} /usr/bin/cmake --build /home/starry1n/WUTA-FSD1/ros2_ws/build/wuta_tools -- -j8 -l8
[59.288s] DEBUG:colcon.colcon_core.event_handler.log_command:Invoking command in '/home/starry1n/WUTA-FSD1/ros2_ws/build/wuta_tools': AMENT_PREFIX_PATH=/home/starry1n/WUTA-FSD1/ros2_ws/install/wuta_msgs:${AMENT_PREFIX_PATH} CMAKE_PREFIX_PATH=/home/starry1n/WUTA-FSD1/ros2_ws/install/wuta_msgs:/opt/ros/humble LD_LIBRARY_PATH=/home/starry1n/WUTA-FSD1/ros2_ws/install/wuta_msgs/lib:${LD_LIBRARY_PATH} PYTHONPATH=/home/starry1n/WUTA-FSD1/ros2_ws/install/wuta_msgs/local/lib/python3.10/dist-packages:${PYTHONPATH} /usr/bin/cmake --install /home/starry1n/WUTA-FSD1/ros2_ws/build/wuta_tools
[59.536s] Level 1:colcon.colcon_core.environment:create_environment_scripts_only(wuta_tools)
[59.536s] Level 1:colcon.colcon_core.environment:checking '/home/starry1n/WUTA-FSD1/ros2_ws/install/wuta_tools' for CMake module files
[59.537s] Level 1:colcon.colcon_core.environment:checking '/home/starry1n/WUTA-FSD1/ros2_ws/install/wuta_tools' for CMake config files
[59.537s] Level 1:colcon.colcon_core.shell:create_environment_hook('wuta_tools', 'cmake_prefix_path')
[59.538s] INFO:colcon.colcon_core.shell:Creating environment hook '/home/starry1n/WUTA-FSD1/ros2_ws/install/wuta_tools/share/wuta_tools/hook/cmake_prefix_path.ps1'
[59.538s] INFO:colcon.colcon_core.shell:Creating environment descriptor '/home/starry1n/WUTA-FSD1/ros2_ws/install/wuta_tools/share/wuta_tools/hook/cmake_prefix_path.dsv'
[59.539s] DEBUG:colcon.colcon_core.event_handler.log_command:Invoked command in '/home/starry1n/WUTA-FSD1/ros2_ws/build/wuta_tools' returned '0': AMENT_PREFIX_PATH=/home/starry1n/WUTA-FSD1/ros2_ws/install/wuta_msgs:${AMENT_PREFIX_PATH} CMAKE_PREFIX_PATH=/home/starry1n/WUTA-FSD1/ros2_ws/install/wuta_msgs:/opt/ros/humble LD_LIBRARY_PATH=/home/starry1n/WUTA-FSD1/ros2_ws/install/wuta_msgs/lib:${LD_LIBRARY_PATH} PYTHONPATH=/home/starry1n/WUTA-FSD1/ros2_ws/install/wuta_msgs/local/lib/python3.10/dist-packages:${PYTHONPATH} /usr/bin/cmake --install /home/starry1n/WUTA-FSD1/ros2_ws/build/wuta_tools
[59.542s] INFO:colcon.colcon_core.shell:Creating environment hook '/home/starry1n/WUTA-FSD1/ros2_ws/install/wuta_tools/share/wuta_tools/hook/cmake_prefix_path.sh'
[59.543s] Level 1:colcon.colcon_core.environment:checking '/home/starry1n/WUTA-FSD1/ros2_ws/install/wuta_tools/bin'
[59.543s] Level 1:colcon.colcon_core.environment:checking '/home/starry1n/WUTA-FSD1/ros2_ws/install/wuta_tools/lib/pkgconfig/wuta_tools.pc'
[59.544s] Level 1:colcon.colcon_core.environment:checking '/home/starry1n/WUTA-FSD1/ros2_ws/install/wuta_tools/lib/python3.10/site-packages'
[59.544s] Level 1:colcon.colcon_core.environment:checking '/home/starry1n/WUTA-FSD1/ros2_ws/install/wuta_tools/bin'
[59.544s] INFO:colcon.colcon_core.shell:Creating package script '/home/starry1n/WUTA-FSD1/ros2_ws/install/wuta_tools/share/wuta_tools/package.ps1'
[59.545s] INFO:colcon.colcon_core.shell:Creating package descriptor '/home/starry1n/WUTA-FSD1/ros2_ws/install/wuta_tools/share/wuta_tools/package.dsv'
[59.546s] INFO:colcon.colcon_core.shell:Creating package script '/home/starry1n/WUTA-FSD1/ros2_ws/install/wuta_tools/share/wuta_tools/package.sh'
[59.546s] INFO:colcon.colcon_core.shell:Creating package script '/home/starry1n/WUTA-FSD1/ros2_ws/install/wuta_tools/share/wuta_tools/package.bash'
[59.547s] INFO:colcon.colcon_core.shell:Creating package script '/home/starry1n/WUTA-FSD1/ros2_ws/install/wuta_tools/share/wuta_tools/package.zsh'
[59.547s] Level 1:colcon.colcon_core.environment:create_file_with_runtime_dependencies(/home/starry1n/WUTA-FSD1/ros2_ws/install/wuta_tools/share/colcon-core/packages/wuta_tools)
[59.548s] Level 1:colcon.colcon_core.environment:create_environment_scripts_only(wuta_tools)
[59.549s] Level 1:colcon.colcon_core.environment:checking '/home/starry1n/WUTA-FSD1/ros2_ws/install/wuta_tools' for CMake module files
[59.549s] Level 1:colcon.colcon_core.environment:checking '/home/starry1n/WUTA-FSD1/ros2_ws/install/wuta_tools' for CMake config files
[59.550s] Level 1:colcon.colcon_core.shell:create_environment_hook('wuta_tools', 'cmake_prefix_path')
[59.550s] INFO:colcon.colcon_core.shell:Creating environment hook '/home/starry1n/WUTA-FSD1/ros2_ws/install/wuta_tools/share/wuta_tools/hook/cmake_prefix_path.ps1'
[59.551s] INFO:colcon.colcon_core.shell:Creating environment descriptor '/home/starry1n/WUTA-FSD1/ros2_ws/install/wuta_tools/share/wuta_tools/hook/cmake_prefix_path.dsv'
[59.552s] INFO:colcon.colcon_core.shell:Creating environment hook '/home/starry1n/WUTA-FSD1/ros2_ws/install/wuta_tools/share/wuta_tools/hook/cmake_prefix_path.sh'
[59.553s] Level 1:colcon.colcon_core.environment:checking '/home/starry1n/WUTA-FSD1/ros2_ws/install/wuta_tools/bin'
[59.553s] Level 1:colcon.colcon_core.environment:checking '/home/starry1n/WUTA-FSD1/ros2_ws/install/wuta_tools/lib/pkgconfig/wuta_tools.pc'
[59.554s] Level 1:colcon.colcon_core.environment:checking '/home/starry1n/WUTA-FSD1/ros2_ws/install/wuta_tools/lib/python3.10/site-packages'
[59.554s] Level 1:colcon.colcon_core.environment:checking '/home/starry1n/WUTA-FSD1/ros2_ws/install/wuta_tools/bin'
[59.555s] INFO:colcon.colcon_core.shell:Creating package script '/home/starry1n/WUTA-FSD1/ros2_ws/install/wuta_tools/share/wuta_tools/package.ps1'
[59.556s] INFO:colcon.colcon_core.shell:Creating package descriptor '/home/starry1n/WUTA-FSD1/ros2_ws/install/wuta_tools/share/wuta_tools/package.dsv'
[59.558s] INFO:colcon.colcon_core.shell:Creating package script '/home/starry1n/WUTA-FSD1/ros2_ws/install/wuta_tools/share/wuta_tools/package.sh'
[59.560s] INFO:colcon.colcon_core.shell:Creating package script '/home/starry1n/WUTA-FSD1/ros2_ws/install/wuta_tools/share/wuta_tools/package.bash'
[59.561s] INFO:colcon.colcon_core.shell:Creating package script '/home/starry1n/WUTA-FSD1/ros2_ws/install/wuta_tools/share/wuta_tools/package.zsh'
[59.562s] Level 1:colcon.colcon_core.environment:create_file_with_runtime_dependencies(/home/starry1n/WUTA-FSD1/ros2_ws/install/wuta_tools/share/colcon-core/packages/wuta_tools)
[67.140s] DEBUG:colcon.colcon_core.event_handler.log_command:Invoked command in '/home/starry1n/WUTA-FSD1/ros2_ws/build/kiss_icp' returned '0': CMAKE_PREFIX_PATH=/opt/ros/humble /usr/bin/cmake /home/starry1n/WUTA-FSD1/ros2_ws/src/localization/kiss-icp/ros -DCMAKE_MODULE_PATH=/home/starry1n/WUTA-FSD1/ros2_ws/cmake -DAMENT_CMAKE_SYMLINK_INSTALL=1 -DCMAKE_INSTALL_PREFIX=/home/starry1n/WUTA-FSD1/ros2_ws/install/kiss_icp
[67.141s] DEBUG:colcon.colcon_core.event_handler.log_command:Invoking command in '/home/starry1n/WUTA-FSD1/ros2_ws/build/kiss_icp': CMAKE_PREFIX_PATH=/opt/ros/humble /usr/bin/cmake --build /home/starry1n/WUTA-FSD1/ros2_ws/build/kiss_icp -- -j8 -l8
[76.680s] DEBUG:colcon.colcon_core.event_handler.log_command:Invoked command in '/home/starry1n/WUTA-FSD1/ros2_ws/build/ndt_localization' returned '0': AMENT_PREFIX_PATH=/home/starry1n/WUTA-FSD1/ros2_ws/install/wuta_msgs:${AMENT_PREFIX_PATH} CMAKE_PREFIX_PATH=/home/starry1n/WUTA-FSD1/ros2_ws/install/wuta_msgs:/opt/ros/humble LD_LIBRARY_PATH=/home/starry1n/WUTA-FSD1/ros2_ws/install/wuta_msgs/lib:${LD_LIBRARY_PATH} PYTHONPATH=/home/starry1n/WUTA-FSD1/ros2_ws/install/wuta_msgs/local/lib/python3.10/dist-packages:${PYTHONPATH} /usr/bin/cmake --build /home/starry1n/WUTA-FSD1/ros2_ws/build/ndt_localization -- -j8 -l8
[76.683s] DEBUG:colcon.colcon_core.event_handler.log_command:Invoking command in '/home/starry1n/WUTA-FSD1/ros2_ws/build/ndt_localization': AMENT_PREFIX_PATH=/home/starry1n/WUTA-FSD1/ros2_ws/install/wuta_msgs:${AMENT_PREFIX_PATH} CMAKE_PREFIX_PATH=/home/starry1n/WUTA-FSD1/ros2_ws/install/wuta_msgs:/opt/ros/humble LD_LIBRARY_PATH=/home/starry1n/WUTA-FSD1/ros2_ws/install/wuta_msgs/lib:${LD_LIBRARY_PATH} PYTHONPATH=/home/starry1n/WUTA-FSD1/ros2_ws/install/wuta_msgs/local/lib/python3.10/dist-packages:${PYTHONPATH} /usr/bin/cmake --install /home/starry1n/WUTA-FSD1/ros2_ws/build/ndt_localization
[76.903s] Level 1:colcon.colcon_core.environment:create_environment_scripts_only(ndt_localization)
[76.904s] Level 1:colcon.colcon_core.environment:checking '/home/starry1n/WUTA-FSD1/ros2_ws/install/ndt_localization' for CMake module files
[76.904s] DEBUG:colcon.colcon_core.event_handler.log_command:Invoked command in '/home/starry1n/WUTA-FSD1/ros2_ws/build/ndt_localization' returned '0': AMENT_PREFIX_PATH=/home/starry1n/WUTA-FSD1/ros2_ws/install/wuta_msgs:${AMENT_PREFIX_PATH} CMAKE_PREFIX_PATH=/home/starry1n/WUTA-FSD1/ros2_ws/install/wuta_msgs:/opt/ros/humble LD_LIBRARY_PATH=/home/starry1n/WUTA-FSD1/ros2_ws/install/wuta_msgs/lib:${LD_LIBRARY_PATH} PYTHONPATH=/home/starry1n/WUTA-FSD1/ros2_ws/install/wuta_msgs/local/lib/python3.10/dist-packages:${PYTHONPATH} /usr/bin/cmake --install /home/starry1n/WUTA-FSD1/ros2_ws/build/ndt_localization
[76.905s] Level 1:colcon.colcon_core.environment:checking '/home/starry1n/WUTA-FSD1/ros2_ws/install/ndt_localization' for CMake config files
[76.905s] Level 1:colcon.colcon_core.shell:create_environment_hook('ndt_localization', 'cmake_prefix_path')
[76.906s] INFO:colcon.colcon_core.shell:Creating environment hook '/home/starry1n/WUTA-FSD1/ros2_ws/install/ndt_localization/share/ndt_localization/hook/cmake_prefix_path.ps1'
[76.907s] INFO:colcon.colcon_core.shell:Creating environment descriptor '/home/starry1n/WUTA-FSD1/ros2_ws/install/ndt_localization/share/ndt_localization/hook/cmake_prefix_path.dsv'
[76.907s] INFO:colcon.colcon_core.shell:Creating environment hook '/home/starry1n/WUTA-FSD1/ros2_ws/install/ndt_localization/share/ndt_localization/hook/cmake_prefix_path.sh'
[76.909s] Level 1:colcon.colcon_core.environment:checking '/home/starry1n/WUTA-FSD1/ros2_ws/install/ndt_localization/lib'
[76.909s] Level 1:colcon.colcon_core.environment:checking '/home/starry1n/WUTA-FSD1/ros2_ws/install/ndt_localization/bin'
[76.909s] Level 1:colcon.colcon_core.environment:checking '/home/starry1n/WUTA-FSD1/ros2_ws/install/ndt_localization/lib/pkgconfig/ndt_localization.pc'
[76.909s] Level 1:colcon.colcon_core.environment:checking '/home/starry1n/WUTA-FSD1/ros2_ws/install/ndt_localization/lib/python3.10/site-packages'
[76.910s] Level 1:colcon.colcon_core.environment:checking '/home/starry1n/WUTA-FSD1/ros2_ws/install/ndt_localization/bin'
[76.911s] INFO:colcon.colcon_core.shell:Creating package script '/home/starry1n/WUTA-FSD1/ros2_ws/install/ndt_localization/share/ndt_localization/package.ps1'
[76.912s] INFO:colcon.colcon_core.shell:Creating package descriptor '/home/starry1n/WUTA-FSD1/ros2_ws/install/ndt_localization/share/ndt_localization/package.dsv'
[76.912s] INFO:colcon.colcon_core.shell:Creating package script '/home/starry1n/WUTA-FSD1/ros2_ws/install/ndt_localization/share/ndt_localization/package.sh'
[76.912s] INFO:colcon.colcon_core.shell:Creating package script '/home/starry1n/WUTA-FSD1/ros2_ws/install/ndt_localization/share/ndt_localization/package.bash'
[76.912s] INFO:colcon.colcon_core.shell:Creating package script '/home/starry1n/WUTA-FSD1/ros2_ws/install/ndt_localization/share/ndt_localization/package.zsh'
[76.913s] Level 1:colcon.colcon_core.environment:create_file_with_runtime_dependencies(/home/starry1n/WUTA-FSD1/ros2_ws/install/ndt_localization/share/colcon-core/packages/ndt_localization)
[76.914s] Level 1:colcon.colcon_core.environment:create_environment_scripts_only(ndt_localization)
[76.914s] Level 1:colcon.colcon_core.environment:checking '/home/starry1n/WUTA-FSD1/ros2_ws/install/ndt_localization' for CMake module files
[76.915s] Level 1:colcon.colcon_core.environment:checking '/home/starry1n/WUTA-FSD1/ros2_ws/install/ndt_localization' for CMake config files
[76.915s] Level 1:colcon.colcon_core.shell:create_environment_hook('ndt_localization', 'cmake_prefix_path')
[76.915s] INFO:colcon.colcon_core.shell:Creating environment hook '/home/starry1n/WUTA-FSD1/ros2_ws/install/ndt_localization/share/ndt_localization/hook/cmake_prefix_path.ps1'
[76.916s] INFO:colcon.colcon_core.shell:Creating environment descriptor '/home/starry1n/WUTA-FSD1/ros2_ws/install/ndt_localization/share/ndt_localization/hook/cmake_prefix_path.dsv'
[76.916s] INFO:colcon.colcon_core.shell:Creating environment hook '/home/starry1n/WUTA-FSD1/ros2_ws/install/ndt_localization/share/ndt_localization/hook/cmake_prefix_path.sh'
[76.919s] Level 1:colcon.colcon_core.environment:checking '/home/starry1n/WUTA-FSD1/ros2_ws/install/ndt_localization/lib'
[76.919s] Level 1:colcon.colcon_core.environment:checking '/home/starry1n/WUTA-FSD1/ros2_ws/install/ndt_localization/bin'
[76.919s] Level 1:colcon.colcon_core.environment:checking '/home/starry1n/WUTA-FSD1/ros2_ws/install/ndt_localization/lib/pkgconfig/ndt_localization.pc'
[76.920s] Level 1:colcon.colcon_core.environment:checking '/home/starry1n/WUTA-FSD1/ros2_ws/install/ndt_localization/lib/python3.10/site-packages'
[76.922s] Level 1:colcon.colcon_core.environment:checking '/home/starry1n/WUTA-FSD1/ros2_ws/install/ndt_localization/bin'
[76.922s] INFO:colcon.colcon_core.shell:Creating package script '/home/starry1n/WUTA-FSD1/ros2_ws/install/ndt_localization/share/ndt_localization/package.ps1'
[76.924s] INFO:colcon.colcon_core.shell:Creating package descriptor '/home/starry1n/WUTA-FSD1/ros2_ws/install/ndt_localization/share/ndt_localization/package.dsv'
[76.925s] INFO:colcon.colcon_core.shell:Creating package script '/home/starry1n/WUTA-FSD1/ros2_ws/install/ndt_localization/share/ndt_localization/package.sh'
[76.927s] INFO:colcon.colcon_core.shell:Creating package script '/home/starry1n/WUTA-FSD1/ros2_ws/install/ndt_localization/share/ndt_localization/package.bash'
[76.928s] INFO:colcon.colcon_core.shell:Creating package script '/home/starry1n/WUTA-FSD1/ros2_ws/install/ndt_localization/share/ndt_localization/package.zsh'
[76.929s] Level 1:colcon.colcon_core.environment:create_file_with_runtime_dependencies(/home/starry1n/WUTA-FSD1/ros2_ws/install/ndt_localization/share/colcon-core/packages/ndt_localization)
[79.895s] DEBUG:colcon.colcon_core.event_handler.log_command:Invoked command in '/home/starry1n/WUTA-FSD1/ros2_ws/build/path_generator' returned '0': AMENT_PREFIX_PATH=/home/starry1n/WUTA-FSD1/ros2_ws/install/wuta_msgs:/home/starry1n/WUTA-FSD1/ros2_ws/install/autoware_msgs:${AMENT_PREFIX_PATH} CMAKE_PREFIX_PATH=/home/starry1n/WUTA-FSD1/ros2_ws/install/wuta_msgs:/home/starry1n/WUTA-FSD1/ros2_ws/install/autoware_msgs:/opt/ros/humble LD_LIBRARY_PATH=/home/starry1n/WUTA-FSD1/ros2_ws/install/wuta_msgs/lib:/home/starry1n/WUTA-FSD1/ros2_ws/install/autoware_msgs/lib:${LD_LIBRARY_PATH} PYTHONPATH=/home/starry1n/WUTA-FSD1/ros2_ws/install/wuta_msgs/local/lib/python3.10/dist-packages:/home/starry1n/WUTA-FSD1/ros2_ws/install/autoware_msgs/local/lib/python3.10/dist-packages:${PYTHONPATH} /usr/bin/cmake --build /home/starry1n/WUTA-FSD1/ros2_ws/build/path_generator -- -j8 -l8
[79.897s] DEBUG:colcon.colcon_core.event_handler.log_command:Invoking command in '/home/starry1n/WUTA-FSD1/ros2_ws/build/path_generator': AMENT_PREFIX_PATH=/home/starry1n/WUTA-FSD1/ros2_ws/install/wuta_msgs:/home/starry1n/WUTA-FSD1/ros2_ws/install/autoware_msgs:${AMENT_PREFIX_PATH} CMAKE_PREFIX_PATH=/home/starry1n/WUTA-FSD1/ros2_ws/install/wuta_msgs:/home/starry1n/WUTA-FSD1/ros2_ws/install/autoware_msgs:/opt/ros/humble LD_LIBRARY_PATH=/home/starry1n/WUTA-FSD1/ros2_ws/install/wuta_msgs/lib:/home/starry1n/WUTA-FSD1/ros2_ws/install/autoware_msgs/lib:${LD_LIBRARY_PATH} PYTHONPATH=/home/starry1n/WUTA-FSD1/ros2_ws/install/wuta_msgs/local/lib/python3.10/dist-packages:/home/starry1n/WUTA-FSD1/ros2_ws/install/autoware_msgs/local/lib/python3.10/dist-packages:${PYTHONPATH} /usr/bin/cmake --install /home/starry1n/WUTA-FSD1/ros2_ws/build/path_generator
[80.146s] Level 1:colcon.colcon_core.environment:create_environment_scripts_only(path_generator)
[80.146s] DEBUG:colcon.colcon_core.event_handler.log_command:Invoked command in '/home/starry1n/WUTA-FSD1/ros2_ws/build/path_generator' returned '0': AMENT_PREFIX_PATH=/home/starry1n/WUTA-FSD1/ros2_ws/install/wuta_msgs:/home/starry1n/WUTA-FSD1/ros2_ws/install/autoware_msgs:${AMENT_PREFIX_PATH} CMAKE_PREFIX_PATH=/home/starry1n/WUTA-FSD1/ros2_ws/install/wuta_msgs:/home/starry1n/WUTA-FSD1/ros2_ws/install/autoware_msgs:/opt/ros/humble LD_LIBRARY_PATH=/home/starry1n/WUTA-FSD1/ros2_ws/install/wuta_msgs/lib:/home/starry1n/WUTA-FSD1/ros2_ws/install/autoware_msgs/lib:${LD_LIBRARY_PATH} PYTHONPATH=/home/starry1n/WUTA-FSD1/ros2_ws/install/wuta_msgs/local/lib/python3.10/dist-packages:/home/starry1n/WUTA-FSD1/ros2_ws/install/autoware_msgs/local/lib/python3.10/dist-packages:${PYTHONPATH} /usr/bin/cmake --install /home/starry1n/WUTA-FSD1/ros2_ws/build/path_generator
[80.147s] Level 1:colcon.colcon_core.environment:checking '/home/starry1n/WUTA-FSD1/ros2_ws/install/path_generator' for CMake module files
[80.147s] Level 1:colcon.colcon_core.environment:checking '/home/starry1n/WUTA-FSD1/ros2_ws/install/path_generator' for CMake config files
[80.148s] Level 1:colcon.colcon_core.shell:create_environment_hook('path_generator', 'cmake_prefix_path')
[80.148s] INFO:colcon.colcon_core.shell:Creating environment hook '/home/starry1n/WUTA-FSD1/ros2_ws/install/path_generator/share/path_generator/hook/cmake_prefix_path.ps1'
[80.148s] INFO:colcon.colcon_core.shell:Creating environment descriptor '/home/starry1n/WUTA-FSD1/ros2_ws/install/path_generator/share/path_generator/hook/cmake_prefix_path.dsv'
[80.148s] INFO:colcon.colcon_core.shell:Creating environment hook '/home/starry1n/WUTA-FSD1/ros2_ws/install/path_generator/share/path_generator/hook/cmake_prefix_path.sh'
[80.149s] Level 1:colcon.colcon_core.environment:checking '/home/starry1n/WUTA-FSD1/ros2_ws/install/path_generator/lib'
[80.149s] Level 1:colcon.colcon_core.environment:checking '/home/starry1n/WUTA-FSD1/ros2_ws/install/path_generator/bin'
[80.149s] Level 1:colcon.colcon_core.environment:checking '/home/starry1n/WUTA-FSD1/ros2_ws/install/path_generator/lib/pkgconfig/path_generator.pc'
[80.149s] Level 1:colcon.colcon_core.environment:checking '/home/starry1n/WUTA-FSD1/ros2_ws/install/path_generator/lib/python3.10/site-packages'
[80.149s] Level 1:colcon.colcon_core.environment:checking '/home/starry1n/WUTA-FSD1/ros2_ws/install/path_generator/bin'
[80.150s] INFO:colcon.colcon_core.shell:Creating package script '/home/starry1n/WUTA-FSD1/ros2_ws/install/path_generator/share/path_generator/package.ps1'
[80.151s] INFO:colcon.colcon_core.shell:Creating package descriptor '/home/starry1n/WUTA-FSD1/ros2_ws/install/path_generator/share/path_generator/package.dsv'
[80.152s] INFO:colcon.colcon_core.shell:Creating package script '/home/starry1n/WUTA-FSD1/ros2_ws/install/path_generator/share/path_generator/package.sh'
[80.153s] INFO:colcon.colcon_core.shell:Creating package script '/home/starry1n/WUTA-FSD1/ros2_ws/install/path_generator/share/path_generator/package.bash'
[80.153s] INFO:colcon.colcon_core.shell:Creating package script '/home/starry1n/WUTA-FSD1/ros2_ws/install/path_generator/share/path_generator/package.zsh'
[80.154s] Level 1:colcon.colcon_core.environment:create_file_with_runtime_dependencies(/home/starry1n/WUTA-FSD1/ros2_ws/install/path_generator/share/colcon-core/packages/path_generator)
[80.156s] Level 1:colcon.colcon_core.environment:create_environment_scripts_only(path_generator)
[80.156s] Level 1:colcon.colcon_core.environment:checking '/home/starry1n/WUTA-FSD1/ros2_ws/install/path_generator' for CMake module files
[80.157s] Level 1:colcon.colcon_core.environment:checking '/home/starry1n/WUTA-FSD1/ros2_ws/install/path_generator' for CMake config files
[80.158s] Level 1:colcon.colcon_core.shell:create_environment_hook('path_generator', 'cmake_prefix_path')
[80.158s] INFO:colcon.colcon_core.shell:Creating environment hook '/home/starry1n/WUTA-FSD1/ros2_ws/install/path_generator/share/path_generator/hook/cmake_prefix_path.ps1'
[80.159s] INFO:colcon.colcon_core.shell:Creating environment descriptor '/home/starry1n/WUTA-FSD1/ros2_ws/install/path_generator/share/path_generator/hook/cmake_prefix_path.dsv'
[80.160s] INFO:colcon.colcon_core.shell:Creating environment hook '/home/starry1n/WUTA-FSD1/ros2_ws/install/path_generator/share/path_generator/hook/cmake_prefix_path.sh'
[80.161s] Level 1:colcon.colcon_core.environment:checking '/home/starry1n/WUTA-FSD1/ros2_ws/install/path_generator/lib'
[80.162s] Level 1:colcon.colcon_core.environment:checking '/home/starry1n/WUTA-FSD1/ros2_ws/install/path_generator/bin'
[80.162s] Level 1:colcon.colcon_core.environment:checking '/home/starry1n/WUTA-FSD1/ros2_ws/install/path_generator/lib/pkgconfig/path_generator.pc'
[80.162s] Level 1:colcon.colcon_core.environment:checking '/home/starry1n/WUTA-FSD1/ros2_ws/install/path_generator/lib/python3.10/site-packages'
[80.162s] Level 1:colcon.colcon_core.environment:checking '/home/starry1n/WUTA-FSD1/ros2_ws/install/path_generator/bin'
[80.163s] INFO:colcon.colcon_core.shell:Creating package script '/home/starry1n/WUTA-FSD1/ros2_ws/install/path_generator/share/path_generator/package.ps1'
[80.164s] INFO:colcon.colcon_core.shell:Creating package descriptor '/home/starry1n/WUTA-FSD1/ros2_ws/install/path_generator/share/path_generator/package.dsv'
[80.165s] INFO:colcon.colcon_core.shell:Creating package script '/home/starry1n/WUTA-FSD1/ros2_ws/install/path_generator/share/path_generator/package.sh'
[80.166s] INFO:colcon.colcon_core.shell:Creating package script '/home/starry1n/WUTA-FSD1/ros2_ws/install/path_generator/share/path_generator/package.bash'
[80.167s] INFO:colcon.colcon_core.shell:Creating package script '/home/starry1n/WUTA-FSD1/ros2_ws/install/path_generator/share/path_generator/package.zsh'
[80.168s] Level 1:colcon.colcon_core.environment:create_file_with_runtime_dependencies(/home/starry1n/WUTA-FSD1/ros2_ws/install/path_generator/share/colcon-core/packages/path_generator)
[113.872s] DEBUG:colcon.colcon_core.event_handler.log_command:Invoked command in '/home/starry1n/WUTA-FSD1/ros2_ws/build/kiss_icp' returned '0': CMAKE_PREFIX_PATH=/opt/ros/humble /usr/bin/cmake --build /home/starry1n/WUTA-FSD1/ros2_ws/build/kiss_icp -- -j8 -l8
[113.874s] DEBUG:colcon.colcon_core.event_handler.log_command:Invoking command in '/home/starry1n/WUTA-FSD1/ros2_ws/build/kiss_icp': CMAKE_PREFIX_PATH=/opt/ros/humble /usr/bin/cmake --install /home/starry1n/WUTA-FSD1/ros2_ws/build/kiss_icp
[114.118s] Level 1:colcon.colcon_core.environment:create_environment_scripts_only(kiss_icp)
[114.119s] Level 1:colcon.colcon_core.environment:checking '/home/starry1n/WUTA-FSD1/ros2_ws/install/kiss_icp' for CMake module files
[114.120s] DEBUG:colcon.colcon_core.event_handler.log_command:Invoked command in '/home/starry1n/WUTA-FSD1/ros2_ws/build/kiss_icp' returned '0': CMAKE_PREFIX_PATH=/opt/ros/humble /usr/bin/cmake --install /home/starry1n/WUTA-FSD1/ros2_ws/build/kiss_icp
[114.121s] Level 1:colcon.colcon_core.environment:checking '/home/starry1n/WUTA-FSD1/ros2_ws/install/kiss_icp' for CMake config files
[114.122s] Level 1:colcon.colcon_core.shell:create_environment_hook('kiss_icp', 'cmake_prefix_path')
[114.122s] INFO:colcon.colcon_core.shell:Creating environment hook '/home/starry1n/WUTA-FSD1/ros2_ws/install/kiss_icp/share/kiss_icp/hook/cmake_prefix_path.ps1'
[114.123s] INFO:colcon.colcon_core.shell:Creating environment descriptor '/home/starry1n/WUTA-FSD1/ros2_ws/install/kiss_icp/share/kiss_icp/hook/cmake_prefix_path.dsv'
[114.124s] INFO:colcon.colcon_core.shell:Creating environment hook '/home/starry1n/WUTA-FSD1/ros2_ws/install/kiss_icp/share/kiss_icp/hook/cmake_prefix_path.sh'
[114.125s] Level 1:colcon.colcon_core.environment:checking '/home/starry1n/WUTA-FSD1/ros2_ws/install/kiss_icp/lib'
[114.125s] Level 1:colcon.colcon_core.shell:create_environment_hook('kiss_icp', 'ld_library_path_lib')
[114.125s] INFO:colcon.colcon_core.shell:Creating environment hook '/home/starry1n/WUTA-FSD1/ros2_ws/install/kiss_icp/share/kiss_icp/hook/ld_library_path_lib.ps1'
[114.126s] INFO:colcon.colcon_core.shell:Creating environment descriptor '/home/starry1n/WUTA-FSD1/ros2_ws/install/kiss_icp/share/kiss_icp/hook/ld_library_path_lib.dsv'
[114.126s] INFO:colcon.colcon_core.shell:Creating environment hook '/home/starry1n/WUTA-FSD1/ros2_ws/install/kiss_icp/share/kiss_icp/hook/ld_library_path_lib.sh'
[114.127s] Level 1:colcon.colcon_core.environment:checking '/home/starry1n/WUTA-FSD1/ros2_ws/install/kiss_icp/bin'
[114.127s] Level 1:colcon.colcon_core.environment:checking '/home/starry1n/WUTA-FSD1/ros2_ws/install/kiss_icp/lib/pkgconfig/kiss_icp.pc'
[114.128s] Level 1:colcon.colcon_core.environment:checking '/home/starry1n/WUTA-FSD1/ros2_ws/install/kiss_icp/lib/python3.10/site-packages'
[114.128s] Level 1:colcon.colcon_core.environment:checking '/home/starry1n/WUTA-FSD1/ros2_ws/install/kiss_icp/bin'
[114.129s] INFO:colcon.colcon_core.shell:Creating package script '/home/starry1n/WUTA-FSD1/ros2_ws/install/kiss_icp/share/kiss_icp/package.ps1'
[114.130s] INFO:colcon.colcon_core.shell:Creating package descriptor '/home/starry1n/WUTA-FSD1/ros2_ws/install/kiss_icp/share/kiss_icp/package.dsv'
[114.131s] INFO:colcon.colcon_core.shell:Creating package script '/home/starry1n/WUTA-FSD1/ros2_ws/install/kiss_icp/share/kiss_icp/package.sh'
[114.131s] INFO:colcon.colcon_core.shell:Creating package script '/home/starry1n/WUTA-FSD1/ros2_ws/install/kiss_icp/share/kiss_icp/package.bash'
[114.132s] INFO:colcon.colcon_core.shell:Creating package script '/home/starry1n/WUTA-FSD1/ros2_ws/install/kiss_icp/share/kiss_icp/package.zsh'
[114.133s] Level 1:colcon.colcon_core.environment:create_file_with_runtime_dependencies(/home/starry1n/WUTA-FSD1/ros2_ws/install/kiss_icp/share/colcon-core/packages/kiss_icp)
[114.136s] Level 1:colcon.colcon_core.environment:create_environment_scripts_only(kiss_icp)
[114.136s] Level 1:colcon.colcon_core.environment:checking '/home/starry1n/WUTA-FSD1/ros2_ws/install/kiss_icp' for CMake module files
[114.138s] Level 1:colcon.colcon_core.environment:checking '/home/starry1n/WUTA-FSD1/ros2_ws/install/kiss_icp' for CMake config files
[114.139s] Level 1:colcon.colcon_core.shell:create_environment_hook('kiss_icp', 'cmake_prefix_path')
[114.139s] INFO:colcon.colcon_core.shell:Creating environment hook '/home/starry1n/WUTA-FSD1/ros2_ws/install/kiss_icp/share/kiss_icp/hook/cmake_prefix_path.ps1'
[114.141s] INFO:colcon.colcon_core.shell:Creating environment descriptor '/home/starry1n/WUTA-FSD1/ros2_ws/install/kiss_icp/share/kiss_icp/hook/cmake_prefix_path.dsv'
[114.142s] INFO:colcon.colcon_core.shell:Creating environment hook '/home/starry1n/WUTA-FSD1/ros2_ws/install/kiss_icp/share/kiss_icp/hook/cmake_prefix_path.sh'
[114.144s] Level 1:colcon.colcon_core.environment:checking '/home/starry1n/WUTA-FSD1/ros2_ws/install/kiss_icp/lib'
[114.144s] Level 1:colcon.colcon_core.shell:create_environment_hook('kiss_icp', 'ld_library_path_lib')
[114.145s] INFO:colcon.colcon_core.shell:Creating environment hook '/home/starry1n/WUTA-FSD1/ros2_ws/install/kiss_icp/share/kiss_icp/hook/ld_library_path_lib.ps1'
[114.146s] INFO:colcon.colcon_core.shell:Creating environment descriptor '/home/starry1n/WUTA-FSD1/ros2_ws/install/kiss_icp/share/kiss_icp/hook/ld_library_path_lib.dsv'
[114.147s] INFO:colcon.colcon_core.shell:Creating environment hook '/home/starry1n/WUTA-FSD1/ros2_ws/install/kiss_icp/share/kiss_icp/hook/ld_library_path_lib.sh'
[114.148s] Level 1:colcon.colcon_core.environment:checking '/home/starry1n/WUTA-FSD1/ros2_ws/install/kiss_icp/bin'
[114.149s] Level 1:colcon.colcon_core.environment:checking '/home/starry1n/WUTA-FSD1/ros2_ws/install/kiss_icp/lib/pkgconfig/kiss_icp.pc'
[114.149s] Level 1:colcon.colcon_core.environment:checking '/home/starry1n/WUTA-FSD1/ros2_ws/install/kiss_icp/lib/python3.10/site-packages'
[114.149s] Level 1:colcon.colcon_core.environment:checking '/home/starry1n/WUTA-FSD1/ros2_ws/install/kiss_icp/bin'
[114.150s] INFO:colcon.colcon_core.shell:Creating package script '/home/starry1n/WUTA-FSD1/ros2_ws/install/kiss_icp/share/kiss_icp/package.ps1'
[114.151s] INFO:colcon.colcon_core.shell:Creating package descriptor '/home/starry1n/WUTA-FSD1/ros2_ws/install/kiss_icp/share/kiss_icp/package.dsv'
[114.152s] INFO:colcon.colcon_core.shell:Creating package script '/home/starry1n/WUTA-FSD1/ros2_ws/install/kiss_icp/share/kiss_icp/package.sh'
[114.154s] INFO:colcon.colcon_core.shell:Creating package script '/home/starry1n/WUTA-FSD1/ros2_ws/install/kiss_icp/share/kiss_icp/package.bash'
[114.155s] INFO:colcon.colcon_core.shell:Creating package script '/home/starry1n/WUTA-FSD1/ros2_ws/install/kiss_icp/share/kiss_icp/package.zsh'
[114.156s] Level 1:colcon.colcon_core.environment:create_file_with_runtime_dependencies(/home/starry1n/WUTA-FSD1/ros2_ws/install/kiss_icp/share/colcon-core/packages/kiss_icp)
[160.346s] DEBUG:colcon.colcon_core.event_handler.log_command:Invoked command in '/home/starry1n/WUTA-FSD1/ros2_ws/build/robot_localization' returned '0': CMAKE_PREFIX_PATH=/opt/ros/humble /usr/bin/cmake --build /home/starry1n/WUTA-FSD1/ros2_ws/build/robot_localization -- -j8 -l8
[160.352s] DEBUG:colcon.colcon_core.event_handler.log_command:Invoking command in '/home/starry1n/WUTA-FSD1/ros2_ws/build/robot_localization': CMAKE_PREFIX_PATH=/opt/ros/humble /usr/bin/cmake --install /home/starry1n/WUTA-FSD1/ros2_ws/build/robot_localization
[162.414s] Level 1:colcon.colcon_core.environment:create_environment_scripts_only(robot_localization)
[162.415s] Level 1:colcon.colcon_core.environment:checking '/home/starry1n/WUTA-FSD1/ros2_ws/install/robot_localization' for CMake module files
[162.415s] DEBUG:colcon.colcon_core.event_handler.log_command:Invoked command in '/home/starry1n/WUTA-FSD1/ros2_ws/build/robot_localization' returned '0': CMAKE_PREFIX_PATH=/opt/ros/humble /usr/bin/cmake --install /home/starry1n/WUTA-FSD1/ros2_ws/build/robot_localization
[162.416s] Level 1:colcon.colcon_core.environment:checking '/home/starry1n/WUTA-FSD1/ros2_ws/install/robot_localization' for CMake config files
[162.417s] Level 1:colcon.colcon_core.shell:create_environment_hook('robot_localization', 'cmake_prefix_path')
[162.418s] INFO:colcon.colcon_core.shell:Creating environment hook '/home/starry1n/WUTA-FSD1/ros2_ws/install/robot_localization/share/robot_localization/hook/cmake_prefix_path.ps1'
[162.418s] INFO:colcon.colcon_core.shell:Creating environment descriptor '/home/starry1n/WUTA-FSD1/ros2_ws/install/robot_localization/share/robot_localization/hook/cmake_prefix_path.dsv'
[162.419s] INFO:colcon.colcon_core.shell:Creating environment hook '/home/starry1n/WUTA-FSD1/ros2_ws/install/robot_localization/share/robot_localization/hook/cmake_prefix_path.sh'
[162.420s] Level 1:colcon.colcon_core.environment:checking '/home/starry1n/WUTA-FSD1/ros2_ws/install/robot_localization/lib'
[162.420s] Level 1:colcon.colcon_core.shell:create_environment_hook('robot_localization', 'ld_library_path_lib')
[162.421s] INFO:colcon.colcon_core.shell:Creating environment hook '/home/starry1n/WUTA-FSD1/ros2_ws/install/robot_localization/share/robot_localization/hook/ld_library_path_lib.ps1'
[162.421s] INFO:colcon.colcon_core.shell:Creating environment descriptor '/home/starry1n/WUTA-FSD1/ros2_ws/install/robot_localization/share/robot_localization/hook/ld_library_path_lib.dsv'
[162.422s] INFO:colcon.colcon_core.shell:Creating environment hook '/home/starry1n/WUTA-FSD1/ros2_ws/install/robot_localization/share/robot_localization/hook/ld_library_path_lib.sh'
[162.422s] Level 1:colcon.colcon_core.environment:checking '/home/starry1n/WUTA-FSD1/ros2_ws/install/robot_localization/bin'
[162.422s] Level 1:colcon.colcon_core.environment:checking '/home/starry1n/WUTA-FSD1/ros2_ws/install/robot_localization/lib/pkgconfig/robot_localization.pc'
[162.422s] Level 1:colcon.colcon_core.environment:checking '/home/starry1n/WUTA-FSD1/ros2_ws/install/robot_localization/lib/python3.10/site-packages'
[162.423s] Level 1:colcon.colcon_core.environment:checking '/home/starry1n/WUTA-FSD1/ros2_ws/install/robot_localization/bin'
[162.423s] INFO:colcon.colcon_core.shell:Creating package script '/home/starry1n/WUTA-FSD1/ros2_ws/install/robot_localization/share/robot_localization/package.ps1'
[162.423s] INFO:colcon.colcon_core.shell:Creating package descriptor '/home/starry1n/WUTA-FSD1/ros2_ws/install/robot_localization/share/robot_localization/package.dsv'
[162.424s] INFO:colcon.colcon_core.shell:Creating package script '/home/starry1n/WUTA-FSD1/ros2_ws/install/robot_localization/share/robot_localization/package.sh'
[162.424s] INFO:colcon.colcon_core.shell:Creating package script '/home/starry1n/WUTA-FSD1/ros2_ws/install/robot_localization/share/robot_localization/package.bash'
[162.424s] INFO:colcon.colcon_core.shell:Creating package script '/home/starry1n/WUTA-FSD1/ros2_ws/install/robot_localization/share/robot_localization/package.zsh'
[162.425s] Level 1:colcon.colcon_core.environment:create_file_with_runtime_dependencies(/home/starry1n/WUTA-FSD1/ros2_ws/install/robot_localization/share/colcon-core/packages/robot_localization)
[162.426s] Level 1:colcon.colcon_core.environment:create_environment_scripts_only(robot_localization)
[162.426s] Level 1:colcon.colcon_core.environment:checking '/home/starry1n/WUTA-FSD1/ros2_ws/install/robot_localization' for CMake module files
[162.427s] Level 1:colcon.colcon_core.environment:checking '/home/starry1n/WUTA-FSD1/ros2_ws/install/robot_localization' for CMake config files
[162.428s] Level 1:colcon.colcon_core.shell:create_environment_hook('robot_localization', 'cmake_prefix_path')
[162.429s] INFO:colcon.colcon_core.shell:Creating environment hook '/home/starry1n/WUTA-FSD1/ros2_ws/install/robot_localization/share/robot_localization/hook/cmake_prefix_path.ps1'
[162.430s] INFO:colcon.colcon_core.shell:Creating environment descriptor '/home/starry1n/WUTA-FSD1/ros2_ws/install/robot_localization/share/robot_localization/hook/cmake_prefix_path.dsv'
[162.430s] INFO:colcon.colcon_core.shell:Creating environment hook '/home/starry1n/WUTA-FSD1/ros2_ws/install/robot_localization/share/robot_localization/hook/cmake_prefix_path.sh'
[162.431s] Level 1:colcon.colcon_core.environment:checking '/home/starry1n/WUTA-FSD1/ros2_ws/install/robot_localization/lib'
[162.431s] Level 1:colcon.colcon_core.shell:create_environment_hook('robot_localization', 'ld_library_path_lib')
[162.432s] INFO:colcon.colcon_core.shell:Creating environment hook '/home/starry1n/WUTA-FSD1/ros2_ws/install/robot_localization/share/robot_localization/hook/ld_library_path_lib.ps1'
[162.433s] INFO:colcon.colcon_core.shell:Creating environment descriptor '/home/starry1n/WUTA-FSD1/ros2_ws/install/robot_localization/share/robot_localization/hook/ld_library_path_lib.dsv'
[162.434s] INFO:colcon.colcon_core.shell:Creating environment hook '/home/starry1n/WUTA-FSD1/ros2_ws/install/robot_localization/share/robot_localization/hook/ld_library_path_lib.sh'
[162.434s] Level 1:colcon.colcon_core.environment:checking '/home/starry1n/WUTA-FSD1/ros2_ws/install/robot_localization/bin'
[162.435s] Level 1:colcon.colcon_core.environment:checking '/home/starry1n/WUTA-FSD1/ros2_ws/install/robot_localization/lib/pkgconfig/robot_localization.pc'
[162.435s] Level 1:colcon.colcon_core.environment:checking '/home/starry1n/WUTA-FSD1/ros2_ws/install/robot_localization/lib/python3.10/site-packages'
[162.435s] Level 1:colcon.colcon_core.environment:checking '/home/starry1n/WUTA-FSD1/ros2_ws/install/robot_localization/bin'
[162.435s] INFO:colcon.colcon_core.shell:Creating package script '/home/starry1n/WUTA-FSD1/ros2_ws/install/robot_localization/share/robot_localization/package.ps1'
[162.436s] INFO:colcon.colcon_core.shell:Creating package descriptor '/home/starry1n/WUTA-FSD1/ros2_ws/install/robot_localization/share/robot_localization/package.dsv'
[162.436s] INFO:colcon.colcon_core.shell:Creating package script '/home/starry1n/WUTA-FSD1/ros2_ws/install/robot_localization/share/robot_localization/package.sh'
[162.437s] INFO:colcon.colcon_core.shell:Creating package script '/home/starry1n/WUTA-FSD1/ros2_ws/install/robot_localization/share/robot_localization/package.bash'
[162.437s] INFO:colcon.colcon_core.shell:Creating package script '/home/starry1n/WUTA-FSD1/ros2_ws/install/robot_localization/share/robot_localization/package.zsh'
[162.438s] Level 1:colcon.colcon_core.environment:create_file_with_runtime_dependencies(/home/starry1n/WUTA-FSD1/ros2_ws/install/robot_localization/share/colcon-core/packages/robot_localization)
[162.439s] INFO:colcon.colcon_ros.task.ament_cmake.build:Building ROS package in '/home/starry1n/WUTA-FSD1/ros2_ws/src/localization/localization_manager' with build type 'ament_cmake'
[162.440s] INFO:colcon.colcon_cmake.task.cmake.build:Building CMake package in '/home/starry1n/WUTA-FSD1/ros2_ws/src/localization/localization_manager'
[162.441s] INFO:colcon.colcon_core.shell:Skip shell extension 'powershell' for command environment: Not usable outside of PowerShell
[162.441s] DEBUG:colcon.colcon_core.shell:Skip shell extension 'dsv' for command environment
[162.466s] DEBUG:colcon.colcon_core.event_handler.log_command:Invoking command in '/home/starry1n/WUTA-FSD1/ros2_ws/build/localization_manager': AMENT_PREFIX_PATH=/home/starry1n/WUTA-FSD1/ros2_ws/install/wuta_msgs:/home/starry1n/WUTA-FSD1/ros2_ws/install/robot_localization:/home/starry1n/WUTA-FSD1/ros2_ws/install/kiss_icp:${AMENT_PREFIX_PATH} CMAKE_PREFIX_PATH=/home/starry1n/WUTA-FSD1/ros2_ws/install/wuta_msgs:/home/starry1n/WUTA-FSD1/ros2_ws/install/robot_localization:/home/starry1n/WUTA-FSD1/ros2_ws/install/kiss_icp:/opt/ros/humble LD_LIBRARY_PATH=/home/starry1n/WUTA-FSD1/ros2_ws/install/wuta_msgs/lib:/home/starry1n/WUTA-FSD1/ros2_ws/install/robot_localization/lib:/home/starry1n/WUTA-FSD1/ros2_ws/install/kiss_icp/lib:${LD_LIBRARY_PATH} PYTHONPATH=/home/starry1n/WUTA-FSD1/ros2_ws/install/wuta_msgs/local/lib/python3.10/dist-packages:/home/starry1n/WUTA-FSD1/ros2_ws/install/robot_localization/local/lib/python3.10/dist-packages:${PYTHONPATH} /usr/bin/cmake /home/starry1n/WUTA-FSD1/ros2_ws/src/localization/localization_manager -DCMAKE_MODULE_PATH=/home/starry1n/WUTA-FSD1/ros2_ws/cmake -DAMENT_CMAKE_SYMLINK_INSTALL=1 -DCMAKE_INSTALL_PREFIX=/home/starry1n/WUTA-FSD1/ros2_ws/install/localization_manager
[164.162s] DEBUG:colcon.colcon_core.event_handler.log_command:Invoked command in '/home/starry1n/WUTA-FSD1/ros2_ws/build/localization_manager' returned '0': AMENT_PREFIX_PATH=/home/starry1n/WUTA-FSD1/ros2_ws/install/wuta_msgs:/home/starry1n/WUTA-FSD1/ros2_ws/install/robot_localization:/home/starry1n/WUTA-FSD1/ros2_ws/install/kiss_icp:${AMENT_PREFIX_PATH} CMAKE_PREFIX_PATH=/home/starry1n/WUTA-FSD1/ros2_ws/install/wuta_msgs:/home/starry1n/WUTA-FSD1/ros2_ws/install/robot_localization:/home/starry1n/WUTA-FSD1/ros2_ws/install/kiss_icp:/opt/ros/humble LD_LIBRARY_PATH=/home/starry1n/WUTA-FSD1/ros2_ws/install/wuta_msgs/lib:/home/starry1n/WUTA-FSD1/ros2_ws/install/robot_localization/lib:/home/starry1n/WUTA-FSD1/ros2_ws/install/kiss_icp/lib:${LD_LIBRARY_PATH} PYTHONPATH=/home/starry1n/WUTA-FSD1/ros2_ws/install/wuta_msgs/local/lib/python3.10/dist-packages:/home/starry1n/WUTA-FSD1/ros2_ws/install/robot_localization/local/lib/python3.10/dist-packages:${PYTHONPATH} /usr/bin/cmake /home/starry1n/WUTA-FSD1/ros2_ws/src/localization/localization_manager -DCMAKE_MODULE_PATH=/home/starry1n/WUTA-FSD1/ros2_ws/cmake -DAMENT_CMAKE_SYMLINK_INSTALL=1 -DCMAKE_INSTALL_PREFIX=/home/starry1n/WUTA-FSD1/ros2_ws/install/localization_manager
[164.163s] DEBUG:colcon.colcon_core.event_handler.log_command:Invoking command in '/home/starry1n/WUTA-FSD1/ros2_ws/build/localization_manager': AMENT_PREFIX_PATH=/home/starry1n/WUTA-FSD1/ros2_ws/install/wuta_msgs:/home/starry1n/WUTA-FSD1/ros2_ws/install/robot_localization:/home/starry1n/WUTA-FSD1/ros2_ws/install/kiss_icp:${AMENT_PREFIX_PATH} CMAKE_PREFIX_PATH=/home/starry1n/WUTA-FSD1/ros2_ws/install/wuta_msgs:/home/starry1n/WUTA-FSD1/ros2_ws/install/robot_localization:/home/starry1n/WUTA-FSD1/ros2_ws/install/kiss_icp:/opt/ros/humble LD_LIBRARY_PATH=/home/starry1n/WUTA-FSD1/ros2_ws/install/wuta_msgs/lib:/home/starry1n/WUTA-FSD1/ros2_ws/install/robot_localization/lib:/home/starry1n/WUTA-FSD1/ros2_ws/install/kiss_icp/lib:${LD_LIBRARY_PATH} PYTHONPATH=/home/starry1n/WUTA-FSD1/ros2_ws/install/wuta_msgs/local/lib/python3.10/dist-packages:/home/starry1n/WUTA-FSD1/ros2_ws/install/robot_localization/local/lib/python3.10/dist-packages:${PYTHONPATH} /usr/bin/cmake --build /home/starry1n/WUTA-FSD1/ros2_ws/build/localization_manager -- -j8 -l8
[179.703s] DEBUG:colcon.colcon_core.event_handler.log_command:Invoked command in '/home/starry1n/WUTA-FSD1/ros2_ws/build/localization_manager' returned '0': AMENT_PREFIX_PATH=/home/starry1n/WUTA-FSD1/ros2_ws/install/wuta_msgs:/home/starry1n/WUTA-FSD1/ros2_ws/install/robot_localization:/home/starry1n/WUTA-FSD1/ros2_ws/install/kiss_icp:${AMENT_PREFIX_PATH} CMAKE_PREFIX_PATH=/home/starry1n/WUTA-FSD1/ros2_ws/install/wuta_msgs:/home/starry1n/WUTA-FSD1/ros2_ws/install/robot_localization:/home/starry1n/WUTA-FSD1/ros2_ws/install/kiss_icp:/opt/ros/humble LD_LIBRARY_PATH=/home/starry1n/WUTA-FSD1/ros2_ws/install/wuta_msgs/lib:/home/starry1n/WUTA-FSD1/ros2_ws/install/robot_localization/lib:/home/starry1n/WUTA-FSD1/ros2_ws/install/kiss_icp/lib:${LD_LIBRARY_PATH} PYTHONPATH=/home/starry1n/WUTA-FSD1/ros2_ws/install/wuta_msgs/local/lib/python3.10/dist-packages:/home/starry1n/WUTA-FSD1/ros2_ws/install/robot_localization/local/lib/python3.10/dist-packages:${PYTHONPATH} /usr/bin/cmake --build /home/starry1n/WUTA-FSD1/ros2_ws/build/localization_manager -- -j8 -l8
[179.706s] DEBUG:colcon.colcon_core.event_handler.log_command:Invoking command in '/home/starry1n/WUTA-FSD1/ros2_ws/build/localization_manager': AMENT_PREFIX_PATH=/home/starry1n/WUTA-FSD1/ros2_ws/install/wuta_msgs:/home/starry1n/WUTA-FSD1/ros2_ws/install/robot_localization:/home/starry1n/WUTA-FSD1/ros2_ws/install/kiss_icp:${AMENT_PREFIX_PATH} CMAKE_PREFIX_PATH=/home/starry1n/WUTA-FSD1/ros2_ws/install/wuta_msgs:/home/starry1n/WUTA-FSD1/ros2_ws/install/robot_localization:/home/starry1n/WUTA-FSD1/ros2_ws/install/kiss_icp:/opt/ros/humble LD_LIBRARY_PATH=/home/starry1n/WUTA-FSD1/ros2_ws/install/wuta_msgs/lib:/home/starry1n/WUTA-FSD1/ros2_ws/install/robot_localization/lib:/home/starry1n/WUTA-FSD1/ros2_ws/install/kiss_icp/lib:${LD_LIBRARY_PATH} PYTHONPATH=/home/starry1n/WUTA-FSD1/ros2_ws/install/wuta_msgs/local/lib/python3.10/dist-packages:/home/starry1n/WUTA-FSD1/ros2_ws/install/robot_localization/local/lib/python3.10/dist-packages:${PYTHONPATH} /usr/bin/cmake --install /home/starry1n/WUTA-FSD1/ros2_ws/build/localization_manager
[179.934s] Level 1:colcon.colcon_core.environment:create_environment_scripts_only(localization_manager)
[179.934s] Level 1:colcon.colcon_core.environment:checking '/home/starry1n/WUTA-FSD1/ros2_ws/install/localization_manager' for CMake module files
[179.935s] DEBUG:colcon.colcon_core.event_handler.log_command:Invoked command in '/home/starry1n/WUTA-FSD1/ros2_ws/build/localization_manager' returned '0': AMENT_PREFIX_PATH=/home/starry1n/WUTA-FSD1/ros2_ws/install/wuta_msgs:/home/starry1n/WUTA-FSD1/ros2_ws/install/robot_localization:/home/starry1n/WUTA-FSD1/ros2_ws/install/kiss_icp:${AMENT_PREFIX_PATH} CMAKE_PREFIX_PATH=/home/starry1n/WUTA-FSD1/ros2_ws/install/wuta_msgs:/home/starry1n/WUTA-FSD1/ros2_ws/install/robot_localization:/home/starry1n/WUTA-FSD1/ros2_ws/install/kiss_icp:/opt/ros/humble LD_LIBRARY_PATH=/home/starry1n/WUTA-FSD1/ros2_ws/install/wuta_msgs/lib:/home/starry1n/WUTA-FSD1/ros2_ws/install/robot_localization/lib:/home/starry1n/WUTA-FSD1/ros2_ws/install/kiss_icp/lib:${LD_LIBRARY_PATH} PYTHONPATH=/home/starry1n/WUTA-FSD1/ros2_ws/install/wuta_msgs/local/lib/python3.10/dist-packages:/home/starry1n/WUTA-FSD1/ros2_ws/install/robot_localization/local/lib/python3.10/dist-packages:${PYTHONPATH} /usr/bin/cmake --install /home/starry1n/WUTA-FSD1/ros2_ws/build/localization_manager
[179.935s] Level 1:colcon.colcon_core.environment:checking '/home/starry1n/WUTA-FSD1/ros2_ws/install/localization_manager' for CMake config files
[179.936s] Level 1:colcon.colcon_core.shell:create_environment_hook('localization_manager', 'cmake_prefix_path')
[179.936s] INFO:colcon.colcon_core.shell:Creating environment hook '/home/starry1n/WUTA-FSD1/ros2_ws/install/localization_manager/share/localization_manager/hook/cmake_prefix_path.ps1'
[179.936s] INFO:colcon.colcon_core.shell:Creating environment descriptor '/home/starry1n/WUTA-FSD1/ros2_ws/install/localization_manager/share/localization_manager/hook/cmake_prefix_path.dsv'
[179.936s] INFO:colcon.colcon_core.shell:Creating environment hook '/home/starry1n/WUTA-FSD1/ros2_ws/install/localization_manager/share/localization_manager/hook/cmake_prefix_path.sh'
[179.937s] Level 1:colcon.colcon_core.environment:checking '/home/starry1n/WUTA-FSD1/ros2_ws/install/localization_manager/lib'
[179.937s] Level 1:colcon.colcon_core.environment:checking '/home/starry1n/WUTA-FSD1/ros2_ws/install/localization_manager/bin'
[179.937s] Level 1:colcon.colcon_core.environment:checking '/home/starry1n/WUTA-FSD1/ros2_ws/install/localization_manager/lib/pkgconfig/localization_manager.pc'
[179.937s] Level 1:colcon.colcon_core.environment:checking '/home/starry1n/WUTA-FSD1/ros2_ws/install/localization_manager/lib/python3.10/site-packages'
[179.938s] Level 1:colcon.colcon_core.environment:checking '/home/starry1n/WUTA-FSD1/ros2_ws/install/localization_manager/bin'
[179.939s] INFO:colcon.colcon_core.shell:Creating package script '/home/starry1n/WUTA-FSD1/ros2_ws/install/localization_manager/share/localization_manager/package.ps1'
[179.939s] INFO:colcon.colcon_core.shell:Creating package descriptor '/home/starry1n/WUTA-FSD1/ros2_ws/install/localization_manager/share/localization_manager/package.dsv'
[179.940s] INFO:colcon.colcon_core.shell:Creating package script '/home/starry1n/WUTA-FSD1/ros2_ws/install/localization_manager/share/localization_manager/package.sh'
[179.940s] INFO:colcon.colcon_core.shell:Creating package script '/home/starry1n/WUTA-FSD1/ros2_ws/install/localization_manager/share/localization_manager/package.bash'
[179.940s] INFO:colcon.colcon_core.shell:Creating package script '/home/starry1n/WUTA-FSD1/ros2_ws/install/localization_manager/share/localization_manager/package.zsh'
[179.941s] Level 1:colcon.colcon_core.environment:create_file_with_runtime_dependencies(/home/starry1n/WUTA-FSD1/ros2_ws/install/localization_manager/share/colcon-core/packages/localization_manager)
[179.942s] Level 1:colcon.colcon_core.environment:create_environment_scripts_only(localization_manager)
[179.942s] Level 1:colcon.colcon_core.environment:checking '/home/starry1n/WUTA-FSD1/ros2_ws/install/localization_manager' for CMake module files
[179.942s] Level 1:colcon.colcon_core.environment:checking '/home/starry1n/WUTA-FSD1/ros2_ws/install/localization_manager' for CMake config files
[179.943s] Level 1:colcon.colcon_core.shell:create_environment_hook('localization_manager', 'cmake_prefix_path')
[179.943s] INFO:colcon.colcon_core.shell:Creating environment hook '/home/starry1n/WUTA-FSD1/ros2_ws/install/localization_manager/share/localization_manager/hook/cmake_prefix_path.ps1'
[179.943s] INFO:colcon.colcon_core.shell:Creating environment descriptor '/home/starry1n/WUTA-FSD1/ros2_ws/install/localization_manager/share/localization_manager/hook/cmake_prefix_path.dsv'
[179.944s] INFO:colcon.colcon_core.shell:Creating environment hook '/home/starry1n/WUTA-FSD1/ros2_ws/install/localization_manager/share/localization_manager/hook/cmake_prefix_path.sh'
[179.945s] Level 1:colcon.colcon_core.environment:checking '/home/starry1n/WUTA-FSD1/ros2_ws/install/localization_manager/lib'
[179.945s] Level 1:colcon.colcon_core.environment:checking '/home/starry1n/WUTA-FSD1/ros2_ws/install/localization_manager/bin'
[179.945s] Level 1:colcon.colcon_core.environment:checking '/home/starry1n/WUTA-FSD1/ros2_ws/install/localization_manager/lib/pkgconfig/localization_manager.pc'
[179.945s] Level 1:colcon.colcon_core.environment:checking '/home/starry1n/WUTA-FSD1/ros2_ws/install/localization_manager/lib/python3.10/site-packages'
[179.946s] Level 1:colcon.colcon_core.environment:checking '/home/starry1n/WUTA-FSD1/ros2_ws/install/localization_manager/bin'
[179.946s] INFO:colcon.colcon_core.shell:Creating package script '/home/starry1n/WUTA-FSD1/ros2_ws/install/localization_manager/share/localization_manager/package.ps1'
[179.947s] INFO:colcon.colcon_core.shell:Creating package descriptor '/home/starry1n/WUTA-FSD1/ros2_ws/install/localization_manager/share/localization_manager/package.dsv'
[179.947s] INFO:colcon.colcon_core.shell:Creating package script '/home/starry1n/WUTA-FSD1/ros2_ws/install/localization_manager/share/localization_manager/package.sh'
[179.948s] INFO:colcon.colcon_core.shell:Creating package script '/home/starry1n/WUTA-FSD1/ros2_ws/install/localization_manager/share/localization_manager/package.bash'
[179.948s] INFO:colcon.colcon_core.shell:Creating package script '/home/starry1n/WUTA-FSD1/ros2_ws/install/localization_manager/share/localization_manager/package.zsh'
[179.949s] Level 1:colcon.colcon_core.environment:create_file_with_runtime_dependencies(/home/starry1n/WUTA-FSD1/ros2_ws/install/localization_manager/share/colcon-core/packages/localization_manager)
[179.950s] DEBUG:colcon.colcon_parallel_executor.executor.parallel:closing loop
[179.950s] DEBUG:colcon.colcon_parallel_executor.executor.parallel:loop closed
[179.951s] DEBUG:colcon.colcon_parallel_executor.executor.parallel:run_until_complete finished with '0'
[179.951s] DEBUG:colcon.colcon_core.event_reactor:joining thread
[179.969s] INFO:colcon.colcon_core.plugin_system:Skipping extension 'colcon_notification.desktop_notification.terminal_notifier': Not used on non-Darwin systems
[179.969s] INFO:colcon.colcon_core.plugin_system:Skipping extension 'colcon_notification.desktop_notification.win32': Not used on non-Windows systems
[179.969s] INFO:colcon.colcon_notification.desktop_notification:Sending desktop notification using 'notify2'
[179.991s] DEBUG:colcon.colcon_core.event_reactor:joined thread
[179.991s] INFO:colcon.colcon_core.shell:Creating prefix script '/home/starry1n/WUTA-FSD1/ros2_ws/install/local_setup.ps1'
[179.993s] INFO:colcon.colcon_core.shell:Creating prefix util module '/home/starry1n/WUTA-FSD1/ros2_ws/install/_local_setup_util_ps1.py'
[179.994s] INFO:colcon.colcon_core.shell:Creating prefix chain script '/home/starry1n/WUTA-FSD1/ros2_ws/install/setup.ps1'
[179.996s] INFO:colcon.colcon_core.shell:Creating prefix script '/home/starry1n/WUTA-FSD1/ros2_ws/install/local_setup.sh'
[179.996s] INFO:colcon.colcon_core.shell:Creating prefix util module '/home/starry1n/WUTA-FSD1/ros2_ws/install/_local_setup_util_sh.py'
[179.997s] INFO:colcon.colcon_core.shell:Creating prefix chain script '/home/starry1n/WUTA-FSD1/ros2_ws/install/setup.sh'
[179.998s] INFO:colcon.colcon_core.shell:Creating prefix script '/home/starry1n/WUTA-FSD1/ros2_ws/install/local_setup.bash'
[179.999s] INFO:colcon.colcon_core.shell:Creating prefix chain script '/home/starry1n/WUTA-FSD1/ros2_ws/install/setup.bash'
[180.001s] INFO:colcon.colcon_core.shell:Creating prefix script '/home/starry1n/WUTA-FSD1/ros2_ws/install/local_setup.zsh'
[180.001s] INFO:colcon.colcon_core.shell:Creating prefix chain script '/home/starry1n/WUTA-FSD1/ros2_ws/install/setup.zsh'
