[0.000000] (-) TimerEvent: {}
[0.000436] (autoware_msgs) JobQueued: {'identifier': 'autoware_msgs', 'dependencies': OrderedDict()}
[0.000593] (kiss_icp) JobQueued: {'identifier': 'kiss_icp', 'dependencies': OrderedDict()}
[0.000624] (robot_localization) JobQueued: {'identifier': 'robot_localization', 'dependencies': OrderedDict()}
[0.000635] (wuta_msgs) JobQueued: {'identifier': 'wuta_msgs', 'dependencies': OrderedDict()}
[0.000664] (boundary_detector) JobQueued: {'identifier': 'boundary_detector', 'dependencies': OrderedDict([('autoware_msgs', '/home/starry1n/WUTA/WUTA-FSD/ros2_ws/install/autoware_msgs'), ('wuta_msgs', '/home/starry1n/WUTA/WUTA-FSD/ros2_ws/install/wuta_msgs')])}
[0.000699] (camera_detection) JobQueued: {'identifier': 'camera_detection', 'dependencies': OrderedDict([('wuta_msgs', '/home/starry1n/WUTA/WUTA-FSD/ros2_ws/install/wuta_msgs')])}
[0.000714] (cone_map_builder) JobQueued: {'identifier': 'cone_map_builder', 'dependencies': OrderedDict([('wuta_msgs', '/home/starry1n/WUTA/WUTA-FSD/ros2_ws/install/wuta_msgs')])}
[0.000909] (controller) JobQueued: {'identifier': 'controller', 'dependencies': OrderedDict([('autoware_msgs', '/home/starry1n/WUTA/WUTA-FSD/ros2_ws/install/autoware_msgs'), ('wuta_msgs', '/home/starry1n/WUTA/WUTA-FSD/ros2_ws/install/wuta_msgs')])}
[0.000934] (detection_fusion) JobQueued: {'identifier': 'detection_fusion', 'dependencies': OrderedDict([('wuta_msgs', '/home/starry1n/WUTA/WUTA-FSD/ros2_ws/install/wuta_msgs')])}
[0.000946] (kiss_icp_wrapper) JobQueued: {'identifier': 'kiss_icp_wrapper', 'dependencies': OrderedDict([('wuta_msgs', '/home/starry1n/WUTA/WUTA-FSD/ros2_ws/install/wuta_msgs')])}
[0.000957] (lidar_detection) JobQueued: {'identifier': 'lidar_detection', 'dependencies': OrderedDict([('wuta_msgs', '/home/starry1n/WUTA/WUTA-FSD/ros2_ws/install/wuta_msgs')])}
[0.000964] (localization_manager) JobQueued: {'identifier': 'localization_manager', 'dependencies': OrderedDict([('kiss_icp', '/home/starry1n/WUTA/WUTA-FSD/ros2_ws/install/kiss_icp'), ('robot_localization', '/home/starry1n/WUTA/WUTA-FSD/ros2_ws/install/robot_localization'), ('wuta_msgs', '/home/starry1n/WUTA/WUTA-FSD/ros2_ws/install/wuta_msgs')])}
[0.000974] (mission_manager) JobQueued: {'identifier': 'mission_manager', 'dependencies': OrderedDict([('wuta_msgs', '/home/starry1n/WUTA/WUTA-FSD/ros2_ws/install/wuta_msgs')])}
[0.000981] (ndt_localization) JobQueued: {'identifier': 'ndt_localization', 'dependencies': OrderedDict([('wuta_msgs', '/home/starry1n/WUTA/WUTA-FSD/ros2_ws/install/wuta_msgs')])}
[0.001008] (path_generator) JobQueued: {'identifier': 'path_generator', 'dependencies': OrderedDict([('autoware_msgs', '/home/starry1n/WUTA/WUTA-FSD/ros2_ws/install/autoware_msgs'), ('wuta_msgs', '/home/starry1n/WUTA/WUTA-FSD/ros2_ws/install/wuta_msgs')])}
[0.001037] (wuta_tools) JobQueued: {'identifier': 'wuta_tools', 'dependencies': OrderedDict([('wuta_msgs', '/home/starry1n/WUTA/WUTA-FSD/ros2_ws/install/wuta_msgs')])}
[0.001050] (wuta_msgs) JobStarted: {'identifier': 'wuta_msgs'}
[0.004388] (autoware_msgs) JobStarted: {'identifier': 'autoware_msgs'}
[0.007014] (kiss_icp) JobStarted: {'identifier': 'kiss_icp'}
[0.010010] (robot_localization) JobStarted: {'identifier': 'robot_localization'}
[0.013196] (wuta_msgs) JobProgress: {'identifier': 'wuta_msgs', 'progress': 'cmake'}
[0.015301] (wuta_msgs) JobProgress: {'identifier': 'wuta_msgs', 'progress': 'build'}
[0.015864] (wuta_msgs) Command: {'cmd': ['/usr/bin/cmake', '--build', '/home/starry1n/WUTA/WUTA-FSD/ros2_ws/build/wuta_msgs', '--', '-j8', '-l8'], 'cwd': '/home/starry1n/WUTA/WUTA-FSD/ros2_ws/build/wuta_msgs', 'env': OrderedDict([('LESSOPEN', '| /usr/bin/lesspipe %s'), ('CODEX_CI', '1'), ('LANGUAGE', 'zh_CN:zh'), ('USER', 'starry1n'), ('XDG_SESSION_TYPE', 'wayland'), ('SHLVL', '2'), ('LD_LIBRARY_PATH', '/opt/ros/humble/opt/rviz_ogre_vendor/lib:/opt/ros/humble/lib/x86_64-linux-gnu:/opt/ros/humble/lib'), ('HOME', '/home/starry1n'), ('OLDPWD', '/home/starry1n/WUTA/WUTA-FSD'), ('DESKTOP_SESSION', 'ubuntu'), ('ROS_PYTHON_VERSION', '3'), ('GNOME_SHELL_SESSION_MODE', 'ubuntu'), ('GTK_MODULES', 'gail:atk-bridge'), ('PAGER', 'cat'), ('LC_CTYPE', 'C.UTF-8'), ('DBUS_STARTER_BUS_TYPE', 'session'), ('SYSTEMD_EXEC_PID', '2321'), ('IM_CONFIG_CHECK_ENV', '1'), ('NO_COLOR', '1'), ('DBUS_SESSION_BUS_ADDRESS', 'unix:path=/run/user/1000/bus,guid=c67e2489f73595b365ff0ae46a50c8ee'), ('COLORTERM', ''), ('IM_CONFIG_PHASE', '1'), ('WAYLAND_DISPLAY', 'wayland-0'), ('CODEX_PERMISSION_PROFILE', ':workspace'), ('ROS_DISTRO', 'humble'), ('LOGNAME', 'starry1n'), ('_', '/usr/bin/colcon'), ('ROS_VERSION', '2'), ('XDG_SESSION_CLASS', 'user'), ('USERNAME', 'starry1n'), ('TERM', 'dumb'), ('GNOME_DESKTOP_SESSION_ID', 'this-is-deprecated'), ('ROS_LOCALHOST_ONLY', '0'), ('PATH', '/home/starry1n/.local/bin:/home/starry1n/.codex/packages/standalone/releases/0.144.4-x86_64-unknown-linux-musl/codex-path:/home/starry1n/.codex/tmp/arg0/codex-arg05cnADw:/home/starry1n/.local/bin:/opt/ros/humble/bin:/home/starry1n/.local/bin:/usr/local/sbin:/usr/local/bin:/usr/sbin:/usr/bin:/sbin:/bin:/usr/games:/usr/local/games:/snap/bin:/snap/bin'), ('SESSION_MANAGER', 'local/starry1n-virtual-machine:@/tmp/.ICE-unix/2321,unix/starry1n-virtual-machine:/tmp/.ICE-unix/2321'), ('XDG_MENU_PREFIX', 'gnome-'), ('GNOME_TERMINAL_SCREEN', '/org/gnome/Terminal/screen/b41f3890_f157_4b82_b249_7c5cfcb9354a'), ('GNOME_SETUP_DISPLAY', ':1'), ('XDG_RUNTIME_DIR', '/run/user/1000'), ('DISPLAY', ':0'), ('CODEX_SANDBOX_NETWORK_DISABLED', '1'), ('LANG', 'C.UTF-8'), ('XDG_CURRENT_DESKTOP', 'ubuntu:GNOME'), ('XMODIFIERS', '@im=ibus'), ('GH_PAGER', 'cat'), ('XDG_SESSION_DESKTOP', 'ubuntu'), ('XAUTHORITY', '/run/user/1000/.mutter-Xwaylandauth.H6FRS3'), ('LS_COLORS', 'rs=0:di=01;34:ln=01;36:mh=00:pi=40;33:so=01;35:do=01;35:bd=40;33;01:cd=40;33;01:or=40;31;01:mi=00:su=37;41:sg=30;43:ca=30;41:tw=30;42:ow=34;42:st=37;44:ex=01;32:*.tar=01;31:*.tgz=01;31:*.arc=01;31:*.arj=01;31:*.taz=01;31:*.lha=01;31:*.lz4=01;31:*.lzh=01;31:*.lzma=01;31:*.tlz=01;31:*.txz=01;31:*.tzo=01;31:*.t7z=01;31:*.zip=01;31:*.z=01;31:*.dz=01;31:*.gz=01;31:*.lrz=01;31:*.lz=01;31:*.lzo=01;31:*.xz=01;31:*.zst=01;31:*.tzst=01;31:*.bz2=01;31:*.bz=01;31:*.tbz=01;31:*.tbz2=01;31:*.tz=01;31:*.deb=01;31:*.rpm=01;31:*.jar=01;31:*.war=01;31:*.ear=01;31:*.sar=01;31:*.rar=01;31:*.alz=01;31:*.ace=01;31:*.zoo=01;31:*.cpio=01;31:*.7z=01;31:*.rz=01;31:*.cab=01;31:*.wim=01;31:*.swm=01;31:*.dwm=01;31:*.esd=01;31:*.jpg=01;35:*.jpeg=01;35:*.mjpg=01;35:*.mjpeg=01;35:*.gif=01;35:*.bmp=01;35:*.pbm=01;35:*.pgm=01;35:*.ppm=01;35:*.tga=01;35:*.xbm=01;35:*.xpm=01;35:*.tif=01;35:*.tiff=01;35:*.png=01;35:*.svg=01;35:*.svgz=01;35:*.mng=01;35:*.pcx=01;35:*.mov=01;35:*.mpg=01;35:*.mpeg=01;35:*.m2v=01;35:*.mkv=01;35:*.webm=01;35:*.webp=01;35:*.ogm=01;35:*.mp4=01;35:*.m4v=01;35:*.mp4v=01;35:*.vob=01;35:*.qt=01;35:*.nuv=01;35:*.wmv=01;35:*.asf=01;35:*.rm=01;35:*.rmvb=01;35:*.flc=01;35:*.avi=01;35:*.fli=01;35:*.flv=01;35:*.gl=01;35:*.dl=01;35:*.xcf=01;35:*.xwd=01;35:*.yuv=01;35:*.cgm=01;35:*.emf=01;35:*.ogv=01;35:*.ogx=01;35:*.aac=00;36:*.au=00;36:*.flac=00;36:*.m4a=00;36:*.mid=00;36:*.midi=00;36:*.mka=00;36:*.mp3=00;36:*.mpc=00;36:*.ogg=00;36:*.ra=00;36:*.wav=00;36:*.oga=00;36:*.opus=00;36:*.spx=00;36:*.xspf=00;36:'), ('GNOME_TERMINAL_SERVICE', ':1.330'), ('SSH_AGENT_LAUNCHER', 'gnome-keyring'), ('SSH_AUTH_SOCK', '/run/user/1000/keyring/ssh'), ('AMENT_PREFIX_PATH', '/opt/ros/humble'), ('SHELL', '/bin/bash'), ('QT_ACCESSIBILITY', '1'), ('GDMSESSION', 'ubuntu'), ('LESSCLOSE', '/usr/bin/lesspipe %s %s'), ('CODEX_THREAD_ID', '019f5073-bc50-71a2-9549-8d1988512281'), ('GIT_PAGER', 'cat'), ('QT_IM_MODULE', 'ibus'), ('PWD', '/home/starry1n/WUTA/WUTA-FSD/ros2_ws/build/wuta_msgs'), ('LC_ALL', 'C.UTF-8'), ('XDG_CONFIG_DIRS', '/etc/xdg/xdg-ubuntu:/etc/xdg'), ('DBUS_STARTER_ADDRESS', 'unix:path=/run/user/1000/bus,guid=c67e2489f73595b365ff0ae46a50c8ee'), ('XDG_DATA_DIRS', '/usr/share/ubuntu:/usr/local/share/:/usr/share/:/var/lib/snapd/desktop'), ('PYTHONPATH', '/opt/ros/humble/lib/python3.10/site-packages:/opt/ros/humble/local/lib/python3.10/dist-packages'), ('COLCON', '1'), ('VTE_VERSION', '6800'), ('CMAKE_PREFIX_PATH', '/opt/ros/humble')]), 'shell': False}
[0.017428] (autoware_msgs) JobProgress: {'identifier': 'autoware_msgs', 'progress': 'cmake'}
[0.018597] (autoware_msgs) JobProgress: {'identifier': 'autoware_msgs', 'progress': 'build'}
[0.018742] (autoware_msgs) Command: {'cmd': ['/usr/bin/cmake', '--build', '/home/starry1n/WUTA/WUTA-FSD/ros2_ws/build/autoware_msgs', '--', '-j8', '-l8'], 'cwd': '/home/starry1n/WUTA/WUTA-FSD/ros2_ws/build/autoware_msgs', 'env': OrderedDict([('LESSOPEN', '| /usr/bin/lesspipe %s'), ('CODEX_CI', '1'), ('LANGUAGE', 'zh_CN:zh'), ('USER', 'starry1n'), ('XDG_SESSION_TYPE', 'wayland'), ('SHLVL', '2'), ('LD_LIBRARY_PATH', '/opt/ros/humble/opt/rviz_ogre_vendor/lib:/opt/ros/humble/lib/x86_64-linux-gnu:/opt/ros/humble/lib'), ('HOME', '/home/starry1n'), ('OLDPWD', '/home/starry1n/WUTA/WUTA-FSD'), ('DESKTOP_SESSION', 'ubuntu'), ('ROS_PYTHON_VERSION', '3'), ('GNOME_SHELL_SESSION_MODE', 'ubuntu'), ('GTK_MODULES', 'gail:atk-bridge'), ('PAGER', 'cat'), ('LC_CTYPE', 'C.UTF-8'), ('DBUS_STARTER_BUS_TYPE', 'session'), ('SYSTEMD_EXEC_PID', '2321'), ('IM_CONFIG_CHECK_ENV', '1'), ('NO_COLOR', '1'), ('DBUS_SESSION_BUS_ADDRESS', 'unix:path=/run/user/1000/bus,guid=c67e2489f73595b365ff0ae46a50c8ee'), ('COLORTERM', ''), ('IM_CONFIG_PHASE', '1'), ('WAYLAND_DISPLAY', 'wayland-0'), ('CODEX_PERMISSION_PROFILE', ':workspace'), ('ROS_DISTRO', 'humble'), ('LOGNAME', 'starry1n'), ('_', '/usr/bin/colcon'), ('ROS_VERSION', '2'), ('XDG_SESSION_CLASS', 'user'), ('USERNAME', 'starry1n'), ('TERM', 'dumb'), ('GNOME_DESKTOP_SESSION_ID', 'this-is-deprecated'), ('ROS_LOCALHOST_ONLY', '0'), ('PATH', '/home/starry1n/.local/bin:/home/starry1n/.codex/packages/standalone/releases/0.144.4-x86_64-unknown-linux-musl/codex-path:/home/starry1n/.codex/tmp/arg0/codex-arg05cnADw:/home/starry1n/.local/bin:/opt/ros/humble/bin:/home/starry1n/.local/bin:/usr/local/sbin:/usr/local/bin:/usr/sbin:/usr/bin:/sbin:/bin:/usr/games:/usr/local/games:/snap/bin:/snap/bin'), ('SESSION_MANAGER', 'local/starry1n-virtual-machine:@/tmp/.ICE-unix/2321,unix/starry1n-virtual-machine:/tmp/.ICE-unix/2321'), ('XDG_MENU_PREFIX', 'gnome-'), ('GNOME_TERMINAL_SCREEN', '/org/gnome/Terminal/screen/b41f3890_f157_4b82_b249_7c5cfcb9354a'), ('GNOME_SETUP_DISPLAY', ':1'), ('XDG_RUNTIME_DIR', '/run/user/1000'), ('DISPLAY', ':0'), ('CODEX_SANDBOX_NETWORK_DISABLED', '1'), ('LANG', 'C.UTF-8'), ('XDG_CURRENT_DESKTOP', 'ubuntu:GNOME'), ('XMODIFIERS', '@im=ibus'), ('GH_PAGER', 'cat'), ('XDG_SESSION_DESKTOP', 'ubuntu'), ('XAUTHORITY', '/run/user/1000/.mutter-Xwaylandauth.H6FRS3'), ('LS_COLORS', 'rs=0:di=01;34:ln=01;36:mh=00:pi=40;33:so=01;35:do=01;35:bd=40;33;01:cd=40;33;01:or=40;31;01:mi=00:su=37;41:sg=30;43:ca=30;41:tw=30;42:ow=34;42:st=37;44:ex=01;32:*.tar=01;31:*.tgz=01;31:*.arc=01;31:*.arj=01;31:*.taz=01;31:*.lha=01;31:*.lz4=01;31:*.lzh=01;31:*.lzma=01;31:*.tlz=01;31:*.txz=01;31:*.tzo=01;31:*.t7z=01;31:*.zip=01;31:*.z=01;31:*.dz=01;31:*.gz=01;31:*.lrz=01;31:*.lz=01;31:*.lzo=01;31:*.xz=01;31:*.zst=01;31:*.tzst=01;31:*.bz2=01;31:*.bz=01;31:*.tbz=01;31:*.tbz2=01;31:*.tz=01;31:*.deb=01;31:*.rpm=01;31:*.jar=01;31:*.war=01;31:*.ear=01;31:*.sar=01;31:*.rar=01;31:*.alz=01;31:*.ace=01;31:*.zoo=01;31:*.cpio=01;31:*.7z=01;31:*.rz=01;31:*.cab=01;31:*.wim=01;31:*.swm=01;31:*.dwm=01;31:*.esd=01;31:*.jpg=01;35:*.jpeg=01;35:*.mjpg=01;35:*.mjpeg=01;35:*.gif=01;35:*.bmp=01;35:*.pbm=01;35:*.pgm=01;35:*.ppm=01;35:*.tga=01;35:*.xbm=01;35:*.xpm=01;35:*.tif=01;35:*.tiff=01;35:*.png=01;35:*.svg=01;35:*.svgz=01;35:*.mng=01;35:*.pcx=01;35:*.mov=01;35:*.mpg=01;35:*.mpeg=01;35:*.m2v=01;35:*.mkv=01;35:*.webm=01;35:*.webp=01;35:*.ogm=01;35:*.mp4=01;35:*.m4v=01;35:*.mp4v=01;35:*.vob=01;35:*.qt=01;35:*.nuv=01;35:*.wmv=01;35:*.asf=01;35:*.rm=01;35:*.rmvb=01;35:*.flc=01;35:*.avi=01;35:*.fli=01;35:*.flv=01;35:*.gl=01;35:*.dl=01;35:*.xcf=01;35:*.xwd=01;35:*.yuv=01;35:*.cgm=01;35:*.emf=01;35:*.ogv=01;35:*.ogx=01;35:*.aac=00;36:*.au=00;36:*.flac=00;36:*.m4a=00;36:*.mid=00;36:*.midi=00;36:*.mka=00;36:*.mp3=00;36:*.mpc=00;36:*.ogg=00;36:*.ra=00;36:*.wav=00;36:*.oga=00;36:*.opus=00;36:*.spx=00;36:*.xspf=00;36:'), ('GNOME_TERMINAL_SERVICE', ':1.330'), ('SSH_AGENT_LAUNCHER', 'gnome-keyring'), ('SSH_AUTH_SOCK', '/run/user/1000/keyring/ssh'), ('AMENT_PREFIX_PATH', '/opt/ros/humble'), ('SHELL', '/bin/bash'), ('QT_ACCESSIBILITY', '1'), ('GDMSESSION', 'ubuntu'), ('LESSCLOSE', '/usr/bin/lesspipe %s %s'), ('CODEX_THREAD_ID', '019f5073-bc50-71a2-9549-8d1988512281'), ('GIT_PAGER', 'cat'), ('QT_IM_MODULE', 'ibus'), ('PWD', '/home/starry1n/WUTA/WUTA-FSD/ros2_ws/build/autoware_msgs'), ('LC_ALL', 'C.UTF-8'), ('XDG_CONFIG_DIRS', '/etc/xdg/xdg-ubuntu:/etc/xdg'), ('DBUS_STARTER_ADDRESS', 'unix:path=/run/user/1000/bus,guid=c67e2489f73595b365ff0ae46a50c8ee'), ('XDG_DATA_DIRS', '/usr/share/ubuntu:/usr/local/share/:/usr/share/:/var/lib/snapd/desktop'), ('PYTHONPATH', '/opt/ros/humble/lib/python3.10/site-packages:/opt/ros/humble/local/lib/python3.10/dist-packages'), ('COLCON', '1'), ('VTE_VERSION', '6800'), ('CMAKE_PREFIX_PATH', '/opt/ros/humble')]), 'shell': False}
[0.020029] (kiss_icp) JobProgress: {'identifier': 'kiss_icp', 'progress': 'cmake'}
[0.020242] (kiss_icp) JobProgress: {'identifier': 'kiss_icp', 'progress': 'build'}
[0.020475] (kiss_icp) Command: {'cmd': ['/usr/bin/cmake', '--build', '/home/starry1n/WUTA/WUTA-FSD/ros2_ws/build/kiss_icp', '--', '-j8', '-l8'], 'cwd': '/home/starry1n/WUTA/WUTA-FSD/ros2_ws/build/kiss_icp', 'env': OrderedDict([('LESSOPEN', '| /usr/bin/lesspipe %s'), ('CODEX_CI', '1'), ('LANGUAGE', 'zh_CN:zh'), ('USER', 'starry1n'), ('XDG_SESSION_TYPE', 'wayland'), ('SHLVL', '2'), ('LD_LIBRARY_PATH', '/opt/ros/humble/opt/rviz_ogre_vendor/lib:/opt/ros/humble/lib/x86_64-linux-gnu:/opt/ros/humble/lib'), ('HOME', '/home/starry1n'), ('OLDPWD', '/home/starry1n/WUTA/WUTA-FSD'), ('DESKTOP_SESSION', 'ubuntu'), ('ROS_PYTHON_VERSION', '3'), ('GNOME_SHELL_SESSION_MODE', 'ubuntu'), ('GTK_MODULES', 'gail:atk-bridge'), ('PAGER', 'cat'), ('LC_CTYPE', 'C.UTF-8'), ('DBUS_STARTER_BUS_TYPE', 'session'), ('SYSTEMD_EXEC_PID', '2321'), ('IM_CONFIG_CHECK_ENV', '1'), ('NO_COLOR', '1'), ('DBUS_SESSION_BUS_ADDRESS', 'unix:path=/run/user/1000/bus,guid=c67e2489f73595b365ff0ae46a50c8ee'), ('COLORTERM', ''), ('IM_CONFIG_PHASE', '1'), ('WAYLAND_DISPLAY', 'wayland-0'), ('CODEX_PERMISSION_PROFILE', ':workspace'), ('ROS_DISTRO', 'humble'), ('LOGNAME', 'starry1n'), ('_', '/usr/bin/colcon'), ('ROS_VERSION', '2'), ('XDG_SESSION_CLASS', 'user'), ('USERNAME', 'starry1n'), ('TERM', 'dumb'), ('GNOME_DESKTOP_SESSION_ID', 'this-is-deprecated'), ('ROS_LOCALHOST_ONLY', '0'), ('PATH', '/home/starry1n/.local/bin:/home/starry1n/.codex/packages/standalone/releases/0.144.4-x86_64-unknown-linux-musl/codex-path:/home/starry1n/.codex/tmp/arg0/codex-arg05cnADw:/home/starry1n/.local/bin:/opt/ros/humble/bin:/home/starry1n/.local/bin:/usr/local/sbin:/usr/local/bin:/usr/sbin:/usr/bin:/sbin:/bin:/usr/games:/usr/local/games:/snap/bin:/snap/bin'), ('SESSION_MANAGER', 'local/starry1n-virtual-machine:@/tmp/.ICE-unix/2321,unix/starry1n-virtual-machine:/tmp/.ICE-unix/2321'), ('XDG_MENU_PREFIX', 'gnome-'), ('GNOME_TERMINAL_SCREEN', '/org/gnome/Terminal/screen/b41f3890_f157_4b82_b249_7c5cfcb9354a'), ('GNOME_SETUP_DISPLAY', ':1'), ('XDG_RUNTIME_DIR', '/run/user/1000'), ('DISPLAY', ':0'), ('CODEX_SANDBOX_NETWORK_DISABLED', '1'), ('LANG', 'C.UTF-8'), ('XDG_CURRENT_DESKTOP', 'ubuntu:GNOME'), ('XMODIFIERS', '@im=ibus'), ('GH_PAGER', 'cat'), ('XDG_SESSION_DESKTOP', 'ubuntu'), ('XAUTHORITY', '/run/user/1000/.mutter-Xwaylandauth.H6FRS3'), ('LS_COLORS', 'rs=0:di=01;34:ln=01;36:mh=00:pi=40;33:so=01;35:do=01;35:bd=40;33;01:cd=40;33;01:or=40;31;01:mi=00:su=37;41:sg=30;43:ca=30;41:tw=30;42:ow=34;42:st=37;44:ex=01;32:*.tar=01;31:*.tgz=01;31:*.arc=01;31:*.arj=01;31:*.taz=01;31:*.lha=01;31:*.lz4=01;31:*.lzh=01;31:*.lzma=01;31:*.tlz=01;31:*.txz=01;31:*.tzo=01;31:*.t7z=01;31:*.zip=01;31:*.z=01;31:*.dz=01;31:*.gz=01;31:*.lrz=01;31:*.lz=01;31:*.lzo=01;31:*.xz=01;31:*.zst=01;31:*.tzst=01;31:*.bz2=01;31:*.bz=01;31:*.tbz=01;31:*.tbz2=01;31:*.tz=01;31:*.deb=01;31:*.rpm=01;31:*.jar=01;31:*.war=01;31:*.ear=01;31:*.sar=01;31:*.rar=01;31:*.alz=01;31:*.ace=01;31:*.zoo=01;31:*.cpio=01;31:*.7z=01;31:*.rz=01;31:*.cab=01;31:*.wim=01;31:*.swm=01;31:*.dwm=01;31:*.esd=01;31:*.jpg=01;35:*.jpeg=01;35:*.mjpg=01;35:*.mjpeg=01;35:*.gif=01;35:*.bmp=01;35:*.pbm=01;35:*.pgm=01;35:*.ppm=01;35:*.tga=01;35:*.xbm=01;35:*.xpm=01;35:*.tif=01;35:*.tiff=01;35:*.png=01;35:*.svg=01;35:*.svgz=01;35:*.mng=01;35:*.pcx=01;35:*.mov=01;35:*.mpg=01;35:*.mpeg=01;35:*.m2v=01;35:*.mkv=01;35:*.webm=01;35:*.webp=01;35:*.ogm=01;35:*.mp4=01;35:*.m4v=01;35:*.mp4v=01;35:*.vob=01;35:*.qt=01;35:*.nuv=01;35:*.wmv=01;35:*.asf=01;35:*.rm=01;35:*.rmvb=01;35:*.flc=01;35:*.avi=01;35:*.fli=01;35:*.flv=01;35:*.gl=01;35:*.dl=01;35:*.xcf=01;35:*.xwd=01;35:*.yuv=01;35:*.cgm=01;35:*.emf=01;35:*.ogv=01;35:*.ogx=01;35:*.aac=00;36:*.au=00;36:*.flac=00;36:*.m4a=00;36:*.mid=00;36:*.midi=00;36:*.mka=00;36:*.mp3=00;36:*.mpc=00;36:*.ogg=00;36:*.ra=00;36:*.wav=00;36:*.oga=00;36:*.opus=00;36:*.spx=00;36:*.xspf=00;36:'), ('GNOME_TERMINAL_SERVICE', ':1.330'), ('SSH_AGENT_LAUNCHER', 'gnome-keyring'), ('SSH_AUTH_SOCK', '/run/user/1000/keyring/ssh'), ('AMENT_PREFIX_PATH', '/opt/ros/humble'), ('SHELL', '/bin/bash'), ('QT_ACCESSIBILITY', '1'), ('GDMSESSION', 'ubuntu'), ('LESSCLOSE', '/usr/bin/lesspipe %s %s'), ('CODEX_THREAD_ID', '019f5073-bc50-71a2-9549-8d1988512281'), ('GIT_PAGER', 'cat'), ('QT_IM_MODULE', 'ibus'), ('PWD', '/home/starry1n/WUTA/WUTA-FSD/ros2_ws/build/kiss_icp'), ('LC_ALL', 'C.UTF-8'), ('XDG_CONFIG_DIRS', '/etc/xdg/xdg-ubuntu:/etc/xdg'), ('DBUS_STARTER_ADDRESS', 'unix:path=/run/user/1000/bus,guid=c67e2489f73595b365ff0ae46a50c8ee'), ('XDG_DATA_DIRS', '/usr/share/ubuntu:/usr/local/share/:/usr/share/:/var/lib/snapd/desktop'), ('PYTHONPATH', '/opt/ros/humble/lib/python3.10/site-packages:/opt/ros/humble/local/lib/python3.10/dist-packages'), ('COLCON', '1'), ('VTE_VERSION', '6800'), ('CMAKE_PREFIX_PATH', '/opt/ros/humble')]), 'shell': False}
[0.023091] (robot_localization) JobProgress: {'identifier': 'robot_localization', 'progress': 'cmake'}
[0.023897] (robot_localization) JobProgress: {'identifier': 'robot_localization', 'progress': 'build'}
[0.024935] (robot_localization) Command: {'cmd': ['/usr/bin/cmake', '--build', '/home/starry1n/WUTA/WUTA-FSD/ros2_ws/build/robot_localization', '--', '-j8', '-l8'], 'cwd': '/home/starry1n/WUTA/WUTA-FSD/ros2_ws/build/robot_localization', 'env': OrderedDict([('LESSOPEN', '| /usr/bin/lesspipe %s'), ('CODEX_CI', '1'), ('LANGUAGE', 'zh_CN:zh'), ('USER', 'starry1n'), ('XDG_SESSION_TYPE', 'wayland'), ('SHLVL', '2'), ('LD_LIBRARY_PATH', '/opt/ros/humble/opt/rviz_ogre_vendor/lib:/opt/ros/humble/lib/x86_64-linux-gnu:/opt/ros/humble/lib'), ('HOME', '/home/starry1n'), ('OLDPWD', '/home/starry1n/WUTA/WUTA-FSD'), ('DESKTOP_SESSION', 'ubuntu'), ('ROS_PYTHON_VERSION', '3'), ('GNOME_SHELL_SESSION_MODE', 'ubuntu'), ('GTK_MODULES', 'gail:atk-bridge'), ('PAGER', 'cat'), ('LC_CTYPE', 'C.UTF-8'), ('DBUS_STARTER_BUS_TYPE', 'session'), ('SYSTEMD_EXEC_PID', '2321'), ('IM_CONFIG_CHECK_ENV', '1'), ('NO_COLOR', '1'), ('DBUS_SESSION_BUS_ADDRESS', 'unix:path=/run/user/1000/bus,guid=c67e2489f73595b365ff0ae46a50c8ee'), ('COLORTERM', ''), ('IM_CONFIG_PHASE', '1'), ('WAYLAND_DISPLAY', 'wayland-0'), ('CODEX_PERMISSION_PROFILE', ':workspace'), ('ROS_DISTRO', 'humble'), ('LOGNAME', 'starry1n'), ('_', '/usr/bin/colcon'), ('ROS_VERSION', '2'), ('XDG_SESSION_CLASS', 'user'), ('USERNAME', 'starry1n'), ('TERM', 'dumb'), ('GNOME_DESKTOP_SESSION_ID', 'this-is-deprecated'), ('ROS_LOCALHOST_ONLY', '0'), ('PATH', '/home/starry1n/.local/bin:/home/starry1n/.codex/packages/standalone/releases/0.144.4-x86_64-unknown-linux-musl/codex-path:/home/starry1n/.codex/tmp/arg0/codex-arg05cnADw:/home/starry1n/.local/bin:/opt/ros/humble/bin:/home/starry1n/.local/bin:/usr/local/sbin:/usr/local/bin:/usr/sbin:/usr/bin:/sbin:/bin:/usr/games:/usr/local/games:/snap/bin:/snap/bin'), ('SESSION_MANAGER', 'local/starry1n-virtual-machine:@/tmp/.ICE-unix/2321,unix/starry1n-virtual-machine:/tmp/.ICE-unix/2321'), ('XDG_MENU_PREFIX', 'gnome-'), ('GNOME_TERMINAL_SCREEN', '/org/gnome/Terminal/screen/b41f3890_f157_4b82_b249_7c5cfcb9354a'), ('GNOME_SETUP_DISPLAY', ':1'), ('XDG_RUNTIME_DIR', '/run/user/1000'), ('DISPLAY', ':0'), ('CODEX_SANDBOX_NETWORK_DISABLED', '1'), ('LANG', 'C.UTF-8'), ('XDG_CURRENT_DESKTOP', 'ubuntu:GNOME'), ('XMODIFIERS', '@im=ibus'), ('GH_PAGER', 'cat'), ('XDG_SESSION_DESKTOP', 'ubuntu'), ('XAUTHORITY', '/run/user/1000/.mutter-Xwaylandauth.H6FRS3'), ('LS_COLORS', 'rs=0:di=01;34:ln=01;36:mh=00:pi=40;33:so=01;35:do=01;35:bd=40;33;01:cd=40;33;01:or=40;31;01:mi=00:su=37;41:sg=30;43:ca=30;41:tw=30;42:ow=34;42:st=37;44:ex=01;32:*.tar=01;31:*.tgz=01;31:*.arc=01;31:*.arj=01;31:*.taz=01;31:*.lha=01;31:*.lz4=01;31:*.lzh=01;31:*.lzma=01;31:*.tlz=01;31:*.txz=01;31:*.tzo=01;31:*.t7z=01;31:*.zip=01;31:*.z=01;31:*.dz=01;31:*.gz=01;31:*.lrz=01;31:*.lz=01;31:*.lzo=01;31:*.xz=01;31:*.zst=01;31:*.tzst=01;31:*.bz2=01;31:*.bz=01;31:*.tbz=01;31:*.tbz2=01;31:*.tz=01;31:*.deb=01;31:*.rpm=01;31:*.jar=01;31:*.war=01;31:*.ear=01;31:*.sar=01;31:*.rar=01;31:*.alz=01;31:*.ace=01;31:*.zoo=01;31:*.cpio=01;31:*.7z=01;31:*.rz=01;31:*.cab=01;31:*.wim=01;31:*.swm=01;31:*.dwm=01;31:*.esd=01;31:*.jpg=01;35:*.jpeg=01;35:*.mjpg=01;35:*.mjpeg=01;35:*.gif=01;35:*.bmp=01;35:*.pbm=01;35:*.pgm=01;35:*.ppm=01;35:*.tga=01;35:*.xbm=01;35:*.xpm=01;35:*.tif=01;35:*.tiff=01;35:*.png=01;35:*.svg=01;35:*.svgz=01;35:*.mng=01;35:*.pcx=01;35:*.mov=01;35:*.mpg=01;35:*.mpeg=01;35:*.m2v=01;35:*.mkv=01;35:*.webm=01;35:*.webp=01;35:*.ogm=01;35:*.mp4=01;35:*.m4v=01;35:*.mp4v=01;35:*.vob=01;35:*.qt=01;35:*.nuv=01;35:*.wmv=01;35:*.asf=01;35:*.rm=01;35:*.rmvb=01;35:*.flc=01;35:*.avi=01;35:*.fli=01;35:*.flv=01;35:*.gl=01;35:*.dl=01;35:*.xcf=01;35:*.xwd=01;35:*.yuv=01;35:*.cgm=01;35:*.emf=01;35:*.ogv=01;35:*.ogx=01;35:*.aac=00;36:*.au=00;36:*.flac=00;36:*.m4a=00;36:*.mid=00;36:*.midi=00;36:*.mka=00;36:*.mp3=00;36:*.mpc=00;36:*.ogg=00;36:*.ra=00;36:*.wav=00;36:*.oga=00;36:*.opus=00;36:*.spx=00;36:*.xspf=00;36:'), ('GNOME_TERMINAL_SERVICE', ':1.330'), ('SSH_AGENT_LAUNCHER', 'gnome-keyring'), ('SSH_AUTH_SOCK', '/run/user/1000/keyring/ssh'), ('AMENT_PREFIX_PATH', '/opt/ros/humble'), ('SHELL', '/bin/bash'), ('QT_ACCESSIBILITY', '1'), ('GDMSESSION', 'ubuntu'), ('LESSCLOSE', '/usr/bin/lesspipe %s %s'), ('CODEX_THREAD_ID', '019f5073-bc50-71a2-9549-8d1988512281'), ('GIT_PAGER', 'cat'), ('QT_IM_MODULE', 'ibus'), ('PWD', '/home/starry1n/WUTA/WUTA-FSD/ros2_ws/build/robot_localization'), ('LC_ALL', 'C.UTF-8'), ('XDG_CONFIG_DIRS', '/etc/xdg/xdg-ubuntu:/etc/xdg'), ('DBUS_STARTER_ADDRESS', 'unix:path=/run/user/1000/bus,guid=c67e2489f73595b365ff0ae46a50c8ee'), ('XDG_DATA_DIRS', '/usr/share/ubuntu:/usr/local/share/:/usr/share/:/var/lib/snapd/desktop'), ('PYTHONPATH', '/opt/ros/humble/lib/python3.10/site-packages:/opt/ros/humble/local/lib/python3.10/dist-packages'), ('COLCON', '1'), ('VTE_VERSION', '6800'), ('CMAKE_PREFIX_PATH', '/opt/ros/humble')]), 'shell': False}
[0.075486] (wuta_msgs) StdoutLine: {'line': b'[  1%] Built target wuta_msgs__rs\n'}
[0.079392] (wuta_msgs) StdoutLine: {'line': b'[  3%] Built target wuta_msgs__cpp\n'}
[0.086012] (wuta_msgs) StdoutLine: {'line': b'[ 14%] Built target wuta_msgs__rosidl_generator_c\n'}
[0.088023] (kiss_icp) StdoutLine: {'line': b'[ 42%] Built target kiss_icp_core\n'}
[0.099572] (-) TimerEvent: {}
[0.102187] (autoware_msgs) StdoutLine: {'line': b'[ 10%] Built target autoware_msgs__rosidl_generator_c\n'}
[0.102346] (autoware_msgs) StdoutLine: {'line': b'[ 10%] Built target ament_cmake_python_symlink_autoware_msgs\n'}
[0.104661] (autoware_msgs) StdoutLine: {'line': b'[ 12%] Built target autoware_msgs__rs\n'}
[0.108481] (kiss_icp) StdoutLine: {'line': b'[ 57%] Built target kiss_icp_metrics\n'}
[0.108641] (wuta_msgs) StdoutLine: {'line': b'[ 14%] Built target ament_cmake_python_symlink_wuta_msgs\n'}
[0.124436] (kiss_icp) StdoutLine: {'line': b'[ 71%] Built target kiss_icp_node\n'}
[0.124613] (wuta_msgs) StdoutLine: {'line': b'[ 25%] Built target wuta_msgs__rosidl_typesupport_introspection_cpp\n'}
[0.129424] (autoware_msgs) StdoutLine: {'line': b'[ 14%] Built target autoware_msgs__cpp\n'}
[0.129625] (robot_localization) StdoutLine: {'line': b'[  1%] Built target robot_localization__rs\n'}
[0.130942] (robot_localization) StdoutLine: {'line': b'[  8%] Built target robot_localization__rosidl_generator_c\n'}
[0.142812] (kiss_icp) StdoutLine: {'line': b'[ 85%] Built target kiss_icp_pipeline\n'}
[0.145314] (wuta_msgs) StdoutLine: {'line': b'[ 35%] Built target wuta_msgs__rosidl_typesupport_c\n'}
[0.147302] (robot_localization) StdoutLine: {'line': b'[  9%] Built target robot_localization__cpp\n'}
[0.147986] (robot_localization) StdoutLine: {'line': b'[ 11%] Built target gtest\n'}
[0.152236] (robot_localization) StdoutLine: {'line': b'[ 11%] Built target ament_cmake_python_symlink_robot_localization\n'}
[0.152401] (robot_localization) StdoutLine: {'line': b'[ 13%] Built target gtest_main\n'}
[0.157672] (wuta_msgs) StdoutLine: {'line': b'[ 46%] Built target wuta_msgs__rosidl_typesupport_introspection_c\n'}
[0.164719] (wuta_msgs) StdoutLine: {'line': b'[ 57%] Built target wuta_msgs__rosidl_typesupport_cpp\n'}
[0.172139] (wuta_msgs) StdoutLine: {'line': b'[ 67%] Built target wuta_msgs__rosidl_typesupport_fastrtps_c\n'}
[0.172277] (robot_localization) StdoutLine: {'line': b'[ 20%] Built target robot_localization__rosidl_typesupport_c\n'}
[0.182767] (wuta_msgs) StdoutLine: {'line': b'[ 78%] Built target wuta_msgs__rosidl_typesupport_fastrtps_cpp\n'}
[0.185676] (autoware_msgs) StdoutLine: {'line': b'[ 25%] Built target autoware_msgs__rosidl_typesupport_introspection_c\n'}
[0.186183] (autoware_msgs) StdoutLine: {'line': b'[ 35%] Built target autoware_msgs__rosidl_typesupport_fastrtps_c\n'}
[0.186297] (autoware_msgs) StdoutLine: {'line': b'[ 45%] Built target autoware_msgs__rosidl_typesupport_c\n'}
[0.186332] (robot_localization) StdoutLine: {'line': b'[ 27%] Built target robot_localization__rosidl_typesupport_fastrtps_c\n'}
[0.200688] (robot_localization) StdoutLine: {'line': b'[ 34%] Built target robot_localization__rosidl_typesupport_introspection_cpp\n'}
[0.200825] (-) TimerEvent: {}
[0.204336] (autoware_msgs) StdoutLine: {'line': b'[ 56%] Built target autoware_msgs__rosidl_typesupport_introspection_cpp\n'}
[0.209314] (robot_localization) StdoutLine: {'line': b'[ 41%] Built target robot_localization__rosidl_typesupport_introspection_c\n'}
[0.213920] (robot_localization) StdoutLine: {'line': b'[ 48%] Built target robot_localization__rosidl_typesupport_fastrtps_cpp\n'}
[0.215006] (autoware_msgs) StdoutLine: {'line': b'[ 66%] Built target autoware_msgs__rosidl_typesupport_fastrtps_cpp\n'}
[0.217702] (autoware_msgs) StdoutLine: {'line': b'[ 77%] Built target autoware_msgs__rosidl_typesupport_cpp\n'}
[0.218196] (kiss_icp) StdoutLine: {'line': b'[100%] Built target odometry_component\n'}
[0.226694] (robot_localization) StdoutLine: {'line': b'[ 55%] Built target robot_localization__rosidl_typesupport_cpp\n'}
[0.232014] (wuta_msgs) StdoutLine: {'line': b'[ 78%] Built target wuta_msgs\n'}
[0.235748] (kiss_icp) CommandEnded: {'returncode': 0}
[0.241518] (kiss_icp) JobProgress: {'identifier': 'kiss_icp', 'progress': 'install'}
[0.253716] (kiss_icp) Command: {'cmd': ['/usr/bin/cmake', '--install', '/home/starry1n/WUTA/WUTA-FSD/ros2_ws/build/kiss_icp'], 'cwd': '/home/starry1n/WUTA/WUTA-FSD/ros2_ws/build/kiss_icp', 'env': OrderedDict([('LESSOPEN', '| /usr/bin/lesspipe %s'), ('CODEX_CI', '1'), ('LANGUAGE', 'zh_CN:zh'), ('USER', 'starry1n'), ('XDG_SESSION_TYPE', 'wayland'), ('SHLVL', '2'), ('LD_LIBRARY_PATH', '/opt/ros/humble/opt/rviz_ogre_vendor/lib:/opt/ros/humble/lib/x86_64-linux-gnu:/opt/ros/humble/lib'), ('HOME', '/home/starry1n'), ('OLDPWD', '/home/starry1n/WUTA/WUTA-FSD'), ('DESKTOP_SESSION', 'ubuntu'), ('ROS_PYTHON_VERSION', '3'), ('GNOME_SHELL_SESSION_MODE', 'ubuntu'), ('GTK_MODULES', 'gail:atk-bridge'), ('PAGER', 'cat'), ('LC_CTYPE', 'C.UTF-8'), ('DBUS_STARTER_BUS_TYPE', 'session'), ('SYSTEMD_EXEC_PID', '2321'), ('IM_CONFIG_CHECK_ENV', '1'), ('NO_COLOR', '1'), ('DBUS_SESSION_BUS_ADDRESS', 'unix:path=/run/user/1000/bus,guid=c67e2489f73595b365ff0ae46a50c8ee'), ('COLORTERM', ''), ('IM_CONFIG_PHASE', '1'), ('WAYLAND_DISPLAY', 'wayland-0'), ('CODEX_PERMISSION_PROFILE', ':workspace'), ('ROS_DISTRO', 'humble'), ('LOGNAME', 'starry1n'), ('_', '/usr/bin/colcon'), ('ROS_VERSION', '2'), ('XDG_SESSION_CLASS', 'user'), ('USERNAME', 'starry1n'), ('TERM', 'dumb'), ('GNOME_DESKTOP_SESSION_ID', 'this-is-deprecated'), ('ROS_LOCALHOST_ONLY', '0'), ('PATH', '/home/starry1n/.local/bin:/home/starry1n/.codex/packages/standalone/releases/0.144.4-x86_64-unknown-linux-musl/codex-path:/home/starry1n/.codex/tmp/arg0/codex-arg05cnADw:/home/starry1n/.local/bin:/opt/ros/humble/bin:/home/starry1n/.local/bin:/usr/local/sbin:/usr/local/bin:/usr/sbin:/usr/bin:/sbin:/bin:/usr/games:/usr/local/games:/snap/bin:/snap/bin'), ('SESSION_MANAGER', 'local/starry1n-virtual-machine:@/tmp/.ICE-unix/2321,unix/starry1n-virtual-machine:/tmp/.ICE-unix/2321'), ('XDG_MENU_PREFIX', 'gnome-'), ('GNOME_TERMINAL_SCREEN', '/org/gnome/Terminal/screen/b41f3890_f157_4b82_b249_7c5cfcb9354a'), ('GNOME_SETUP_DISPLAY', ':1'), ('XDG_RUNTIME_DIR', '/run/user/1000'), ('DISPLAY', ':0'), ('CODEX_SANDBOX_NETWORK_DISABLED', '1'), ('LANG', 'C.UTF-8'), ('XDG_CURRENT_DESKTOP', 'ubuntu:GNOME'), ('XMODIFIERS', '@im=ibus'), ('GH_PAGER', 'cat'), ('XDG_SESSION_DESKTOP', 'ubuntu'), ('XAUTHORITY', '/run/user/1000/.mutter-Xwaylandauth.H6FRS3'), ('LS_COLORS', 'rs=0:di=01;34:ln=01;36:mh=00:pi=40;33:so=01;35:do=01;35:bd=40;33;01:cd=40;33;01:or=40;31;01:mi=00:su=37;41:sg=30;43:ca=30;41:tw=30;42:ow=34;42:st=37;44:ex=01;32:*.tar=01;31:*.tgz=01;31:*.arc=01;31:*.arj=01;31:*.taz=01;31:*.lha=01;31:*.lz4=01;31:*.lzh=01;31:*.lzma=01;31:*.tlz=01;31:*.txz=01;31:*.tzo=01;31:*.t7z=01;31:*.zip=01;31:*.z=01;31:*.dz=01;31:*.gz=01;31:*.lrz=01;31:*.lz=01;31:*.lzo=01;31:*.xz=01;31:*.zst=01;31:*.tzst=01;31:*.bz2=01;31:*.bz=01;31:*.tbz=01;31:*.tbz2=01;31:*.tz=01;31:*.deb=01;31:*.rpm=01;31:*.jar=01;31:*.war=01;31:*.ear=01;31:*.sar=01;31:*.rar=01;31:*.alz=01;31:*.ace=01;31:*.zoo=01;31:*.cpio=01;31:*.7z=01;31:*.rz=01;31:*.cab=01;31:*.wim=01;31:*.swm=01;31:*.dwm=01;31:*.esd=01;31:*.jpg=01;35:*.jpeg=01;35:*.mjpg=01;35:*.mjpeg=01;35:*.gif=01;35:*.bmp=01;35:*.pbm=01;35:*.pgm=01;35:*.ppm=01;35:*.tga=01;35:*.xbm=01;35:*.xpm=01;35:*.tif=01;35:*.tiff=01;35:*.png=01;35:*.svg=01;35:*.svgz=01;35:*.mng=01;35:*.pcx=01;35:*.mov=01;35:*.mpg=01;35:*.mpeg=01;35:*.m2v=01;35:*.mkv=01;35:*.webm=01;35:*.webp=01;35:*.ogm=01;35:*.mp4=01;35:*.m4v=01;35:*.mp4v=01;35:*.vob=01;35:*.qt=01;35:*.nuv=01;35:*.wmv=01;35:*.asf=01;35:*.rm=01;35:*.rmvb=01;35:*.flc=01;35:*.avi=01;35:*.fli=01;35:*.flv=01;35:*.gl=01;35:*.dl=01;35:*.xcf=01;35:*.xwd=01;35:*.yuv=01;35:*.cgm=01;35:*.emf=01;35:*.ogv=01;35:*.ogx=01;35:*.aac=00;36:*.au=00;36:*.flac=00;36:*.m4a=00;36:*.mid=00;36:*.midi=00;36:*.mka=00;36:*.mp3=00;36:*.mpc=00;36:*.ogg=00;36:*.ra=00;36:*.wav=00;36:*.oga=00;36:*.opus=00;36:*.spx=00;36:*.xspf=00;36:'), ('GNOME_TERMINAL_SERVICE', ':1.330'), ('SSH_AGENT_LAUNCHER', 'gnome-keyring'), ('SSH_AUTH_SOCK', '/run/user/1000/keyring/ssh'), ('AMENT_PREFIX_PATH', '/opt/ros/humble'), ('SHELL', '/bin/bash'), ('QT_ACCESSIBILITY', '1'), ('GDMSESSION', 'ubuntu'), ('LESSCLOSE', '/usr/bin/lesspipe %s %s'), ('CODEX_THREAD_ID', '019f5073-bc50-71a2-9549-8d1988512281'), ('GIT_PAGER', 'cat'), ('QT_IM_MODULE', 'ibus'), ('PWD', '/home/starry1n/WUTA/WUTA-FSD/ros2_ws/build/kiss_icp'), ('LC_ALL', 'C.UTF-8'), ('XDG_CONFIG_DIRS', '/etc/xdg/xdg-ubuntu:/etc/xdg'), ('DBUS_STARTER_ADDRESS', 'unix:path=/run/user/1000/bus,guid=c67e2489f73595b365ff0ae46a50c8ee'), ('XDG_DATA_DIRS', '/usr/share/ubuntu:/usr/local/share/:/usr/share/:/var/lib/snapd/desktop'), ('PYTHONPATH', '/opt/ros/humble/lib/python3.10/site-packages:/opt/ros/humble/local/lib/python3.10/dist-packages'), ('COLCON', '1'), ('VTE_VERSION', '6800'), ('CMAKE_PREFIX_PATH', '/opt/ros/humble')]), 'shell': False}
[0.265230] (autoware_msgs) StdoutLine: {'line': b'[ 77%] Built target autoware_msgs\n'}
[0.267229] (robot_localization) StdoutLine: {'line': b'[ 55%] Built target robot_localization\n'}
[0.267726] (wuta_msgs) StdoutLine: {'line': b'[ 80%] Built target wuta_msgs__py\n'}
[0.269788] (kiss_icp) StdoutLine: {'line': b'-- Install configuration: "Release"\n'}
[0.271645] (kiss_icp) StdoutLine: {'line': b'-- Execute custom install script\n'}
[0.272778] (kiss_icp) StdoutLine: {'line': b'-- Up-to-date symlink: /home/starry1n/WUTA/WUTA-FSD/ros2_ws/install/kiss_icp/lib/kiss_icp/kiss_icp_node\n'}
[0.273492] (kiss_icp) StdoutLine: {'line': b'-- Up-to-date symlink: /home/starry1n/WUTA/WUTA-FSD/ros2_ws/install/kiss_icp/lib/libodometry_component.so\n'}
[0.277469] (kiss_icp) StdoutLine: {'line': b'-- Up-to-date symlink: /home/starry1n/WUTA/WUTA-FSD/ros2_ws/install/kiss_icp/share/kiss_icp//launch/odometry.launch.py\n'}
[0.280550] (kiss_icp) StdoutLine: {'line': b'-- Up-to-date symlink: /home/starry1n/WUTA/WUTA-FSD/ros2_ws/install/kiss_icp/share/kiss_icp//rviz/kiss_icp.rviz\n'}
[0.280742] (kiss_icp) StdoutLine: {'line': b'-- Up-to-date symlink: /home/starry1n/WUTA/WUTA-FSD/ros2_ws/install/kiss_icp/share/kiss_icp//config/config.yaml\n'}
[0.280833] (kiss_icp) StdoutLine: {'line': b'-- Up-to-date symlink: /home/starry1n/WUTA/WUTA-FSD/ros2_ws/install/kiss_icp/share/ament_index/resource_index/package_run_dependencies/kiss_icp\n'}
[0.280874] (kiss_icp) StdoutLine: {'line': b'-- Up-to-date symlink: /home/starry1n/WUTA/WUTA-FSD/ros2_ws/install/kiss_icp/share/ament_index/resource_index/parent_prefix_path/kiss_icp\n'}
[0.280908] (kiss_icp) StdoutLine: {'line': b'-- Up-to-date symlink: /home/starry1n/WUTA/WUTA-FSD/ros2_ws/install/kiss_icp/share/kiss_icp/environment/ament_prefix_path.sh\n'}
[0.280939] (kiss_icp) StdoutLine: {'line': b'-- Up-to-date symlink: /home/starry1n/WUTA/WUTA-FSD/ros2_ws/install/kiss_icp/share/kiss_icp/environment/ament_prefix_path.dsv\n'}
[0.280967] (kiss_icp) StdoutLine: {'line': b'-- Up-to-date symlink: /home/starry1n/WUTA/WUTA-FSD/ros2_ws/install/kiss_icp/share/kiss_icp/environment/path.sh\n'}
[0.280995] (kiss_icp) StdoutLine: {'line': b'-- Up-to-date symlink: /home/starry1n/WUTA/WUTA-FSD/ros2_ws/install/kiss_icp/share/kiss_icp/environment/path.dsv\n'}
[0.281022] (kiss_icp) StdoutLine: {'line': b'-- Up-to-date symlink: /home/starry1n/WUTA/WUTA-FSD/ros2_ws/install/kiss_icp/share/kiss_icp/local_setup.bash\n'}
[0.281049] (kiss_icp) StdoutLine: {'line': b'-- Up-to-date symlink: /home/starry1n/WUTA/WUTA-FSD/ros2_ws/install/kiss_icp/share/kiss_icp/local_setup.sh\n'}
[0.281075] (kiss_icp) StdoutLine: {'line': b'-- Up-to-date symlink: /home/starry1n/WUTA/WUTA-FSD/ros2_ws/install/kiss_icp/share/kiss_icp/local_setup.zsh\n'}
[0.281102] (kiss_icp) StdoutLine: {'line': b'-- Up-to-date symlink: /home/starry1n/WUTA/WUTA-FSD/ros2_ws/install/kiss_icp/share/kiss_icp/local_setup.dsv\n'}
[0.281125] (kiss_icp) StdoutLine: {'line': b'-- Symlinking: /home/starry1n/WUTA/WUTA-FSD/ros2_ws/install/kiss_icp/share/kiss_icp/package.dsv\n'}
[0.281420] (robot_localization) StdoutLine: {'line': b'[ 64%] Built target rl_lib\n'}
[0.296409] (autoware_msgs) StdoutLine: {'line': b'[ 79%] Built target autoware_msgs__py\n'}
[0.299083] (robot_localization) StdoutLine: {'line': b'[ 65%] Built target robot_localization__py\n'}
[0.301501] (-) TimerEvent: {}
[0.310284] (kiss_icp) StdoutLine: {'line': b'-- Up-to-date symlink: /home/starry1n/WUTA/WUTA-FSD/ros2_ws/install/kiss_icp/share/ament_index/resource_index/packages/kiss_icp\n'}
[0.310667] (kiss_icp) StdoutLine: {'line': b'-- Up-to-date symlink: /home/starry1n/WUTA/WUTA-FSD/ros2_ws/install/kiss_icp/share/ament_index/resource_index/rclcpp_components/kiss_icp\n'}
[0.310731] (kiss_icp) StdoutLine: {'line': b'-- Up-to-date symlink: /home/starry1n/WUTA/WUTA-FSD/ros2_ws/install/kiss_icp/share/kiss_icp/cmake/kiss_icpConfig.cmake\n'}
[0.310768] (kiss_icp) StdoutLine: {'line': b'-- Up-to-date symlink: /home/starry1n/WUTA/WUTA-FSD/ros2_ws/install/kiss_icp/share/kiss_icp/cmake/kiss_icpConfig-version.cmake\n'}
[0.311018] (kiss_icp) StdoutLine: {'line': b'-- Up-to-date symlink: /home/starry1n/WUTA/WUTA-FSD/ros2_ws/install/kiss_icp/share/kiss_icp/package.xml\n'}
[0.311365] (wuta_msgs) StdoutLine: {'line': b'[ 89%] Built target wuta_msgs__rosidl_generator_py\n'}
[0.314495] (kiss_icp) CommandEnded: {'returncode': 0}
[0.335475] (kiss_icp) JobEnded: {'identifier': 'kiss_icp', 'rc': 0}
[0.335998] (robot_localization) StdoutLine: {'line': b'running egg_info\n'}
[0.336075] (robot_localization) StdoutLine: {'line': b'writing robot_localization.egg-info/PKG-INFO\n'}
[0.336169] (robot_localization) StdoutLine: {'line': b'writing dependency_links to robot_localization.egg-info/dependency_links.txt\n'}
[0.336223] (robot_localization) StdoutLine: {'line': b'writing top-level names to robot_localization.egg-info/top_level.txt\n'}
[0.336256] (robot_localization) StdoutLine: {'line': b"reading manifest file 'robot_localization.egg-info/SOURCES.txt'\n"}
[0.336287] (robot_localization) StdoutLine: {'line': b"writing manifest file 'robot_localization.egg-info/SOURCES.txt'\n"}
[0.338518] (robot_localization) StdoutLine: {'line': b'[ 67%] Built target test_ekf\n'}
[0.351257] (autoware_msgs) StdoutLine: {'line': b'[ 87%] Built target autoware_msgs__rosidl_generator_py\n'}
[0.351506] (robot_localization) StdoutLine: {'line': b'[ 68%] Built target ekf_node\n'}
[0.351783] (robot_localization) StdoutLine: {'line': b'[ 70%] Built target filter_base-test\n'}
[0.354807] (wuta_msgs) StdoutLine: {'line': b'running egg_info\n'}
[0.355836] (wuta_msgs) StdoutLine: {'line': b'writing wuta_msgs.egg-info/PKG-INFO\n'}
[0.356015] (wuta_msgs) StdoutLine: {'line': b'writing dependency_links to wuta_msgs.egg-info/dependency_links.txt\n'}
[0.356064] (wuta_msgs) StdoutLine: {'line': b'writing top-level names to wuta_msgs.egg-info/top_level.txt\n'}
[0.357730] (wuta_msgs) StdoutLine: {'line': b"reading manifest file 'wuta_msgs.egg-info/SOURCES.txt'\n"}
[0.358501] (wuta_msgs) StdoutLine: {'line': b"writing manifest file 'wuta_msgs.egg-info/SOURCES.txt'\n"}
[0.359704] (robot_localization) StdoutLine: {'line': b'[ 72%] Built target ukf_node\n'}
[0.360543] (robot_localization) StdoutLine: {'line': b'[ 73%] Built target navsat_transform_node\n'}
[0.366111] (robot_localization) StdoutLine: {'line': b'[ 73%] Built target ament_cmake_python_build_robot_localization_egg\n'}
[0.366288] (robot_localization) StdoutLine: {'line': b'[ 75%] Built target test_ukf\n'}
[0.371001] (wuta_msgs) StdoutLine: {'line': b'[ 92%] Built target wuta_msgs__rosidl_typesupport_fastrtps_c__pyext\n'}
[0.372938] (robot_localization) StdoutLine: {'line': b'[ 77%] Built target robot_localization_listener_node\n'}
[0.379443] (wuta_msgs) StdoutLine: {'line': b'[ 96%] Built target wuta_msgs__rosidl_typesupport_introspection_c__pyext\n'}
[0.392422] (robot_localization) StdoutLine: {'line': b'[ 79%] Built target test_navsat_conversions\n'}
[0.399421] (wuta_msgs) StdoutLine: {'line': b'[100%] Built target wuta_msgs__rosidl_typesupport_c__pyext\n'}
[0.399566] (autoware_msgs) StdoutLine: {'line': b'running egg_info\n'}
[0.399715] (wuta_msgs) StdoutLine: {'line': b'[100%] Built target ament_cmake_python_build_wuta_msgs_egg\n'}
[0.399772] (autoware_msgs) StdoutLine: {'line': b'writing autoware_msgs.egg-info/PKG-INFO\n'}
[0.399807] (autoware_msgs) StdoutLine: {'line': b'writing dependency_links to autoware_msgs.egg-info/dependency_links.txt\n'}
[0.399837] (autoware_msgs) StdoutLine: {'line': b'writing top-level names to autoware_msgs.egg-info/top_level.txt\n'}
[0.399863] (autoware_msgs) StdoutLine: {'line': b"reading manifest file 'autoware_msgs.egg-info/SOURCES.txt'\n"}
[0.399947] (autoware_msgs) StdoutLine: {'line': b"writing manifest file 'autoware_msgs.egg-info/SOURCES.txt'\n"}
[0.401602] (-) TimerEvent: {}
[0.412761] (autoware_msgs) StdoutLine: {'line': b'[ 91%] Built target autoware_msgs__rosidl_typesupport_c__pyext\n'}
[0.416407] (wuta_msgs) CommandEnded: {'returncode': 0}
[0.418921] (wuta_msgs) JobProgress: {'identifier': 'wuta_msgs', 'progress': 'install'}
[0.419103] (wuta_msgs) Command: {'cmd': ['/usr/bin/cmake', '--install', '/home/starry1n/WUTA/WUTA-FSD/ros2_ws/build/wuta_msgs'], 'cwd': '/home/starry1n/WUTA/WUTA-FSD/ros2_ws/build/wuta_msgs', 'env': OrderedDict([('LESSOPEN', '| /usr/bin/lesspipe %s'), ('CODEX_CI', '1'), ('LANGUAGE', 'zh_CN:zh'), ('USER', 'starry1n'), ('XDG_SESSION_TYPE', 'wayland'), ('SHLVL', '2'), ('LD_LIBRARY_PATH', '/opt/ros/humble/opt/rviz_ogre_vendor/lib:/opt/ros/humble/lib/x86_64-linux-gnu:/opt/ros/humble/lib'), ('HOME', '/home/starry1n'), ('OLDPWD', '/home/starry1n/WUTA/WUTA-FSD'), ('DESKTOP_SESSION', 'ubuntu'), ('ROS_PYTHON_VERSION', '3'), ('GNOME_SHELL_SESSION_MODE', 'ubuntu'), ('GTK_MODULES', 'gail:atk-bridge'), ('PAGER', 'cat'), ('LC_CTYPE', 'C.UTF-8'), ('DBUS_STARTER_BUS_TYPE', 'session'), ('SYSTEMD_EXEC_PID', '2321'), ('IM_CONFIG_CHECK_ENV', '1'), ('NO_COLOR', '1'), ('DBUS_SESSION_BUS_ADDRESS', 'unix:path=/run/user/1000/bus,guid=c67e2489f73595b365ff0ae46a50c8ee'), ('COLORTERM', ''), ('IM_CONFIG_PHASE', '1'), ('WAYLAND_DISPLAY', 'wayland-0'), ('CODEX_PERMISSION_PROFILE', ':workspace'), ('ROS_DISTRO', 'humble'), ('LOGNAME', 'starry1n'), ('_', '/usr/bin/colcon'), ('ROS_VERSION', '2'), ('XDG_SESSION_CLASS', 'user'), ('USERNAME', 'starry1n'), ('TERM', 'dumb'), ('GNOME_DESKTOP_SESSION_ID', 'this-is-deprecated'), ('ROS_LOCALHOST_ONLY', '0'), ('PATH', '/home/starry1n/.local/bin:/home/starry1n/.codex/packages/standalone/releases/0.144.4-x86_64-unknown-linux-musl/codex-path:/home/starry1n/.codex/tmp/arg0/codex-arg05cnADw:/home/starry1n/.local/bin:/opt/ros/humble/bin:/home/starry1n/.local/bin:/usr/local/sbin:/usr/local/bin:/usr/sbin:/usr/bin:/sbin:/bin:/usr/games:/usr/local/games:/snap/bin:/snap/bin'), ('SESSION_MANAGER', 'local/starry1n-virtual-machine:@/tmp/.ICE-unix/2321,unix/starry1n-virtual-machine:/tmp/.ICE-unix/2321'), ('XDG_MENU_PREFIX', 'gnome-'), ('GNOME_TERMINAL_SCREEN', '/org/gnome/Terminal/screen/b41f3890_f157_4b82_b249_7c5cfcb9354a'), ('GNOME_SETUP_DISPLAY', ':1'), ('XDG_RUNTIME_DIR', '/run/user/1000'), ('DISPLAY', ':0'), ('CODEX_SANDBOX_NETWORK_DISABLED', '1'), ('LANG', 'C.UTF-8'), ('XDG_CURRENT_DESKTOP', 'ubuntu:GNOME'), ('XMODIFIERS', '@im=ibus'), ('GH_PAGER', 'cat'), ('XDG_SESSION_DESKTOP', 'ubuntu'), ('XAUTHORITY', '/run/user/1000/.mutter-Xwaylandauth.H6FRS3'), ('LS_COLORS', 'rs=0:di=01;34:ln=01;36:mh=00:pi=40;33:so=01;35:do=01;35:bd=40;33;01:cd=40;33;01:or=40;31;01:mi=00:su=37;41:sg=30;43:ca=30;41:tw=30;42:ow=34;42:st=37;44:ex=01;32:*.tar=01;31:*.tgz=01;31:*.arc=01;31:*.arj=01;31:*.taz=01;31:*.lha=01;31:*.lz4=01;31:*.lzh=01;31:*.lzma=01;31:*.tlz=01;31:*.txz=01;31:*.tzo=01;31:*.t7z=01;31:*.zip=01;31:*.z=01;31:*.dz=01;31:*.gz=01;31:*.lrz=01;31:*.lz=01;31:*.lzo=01;31:*.xz=01;31:*.zst=01;31:*.tzst=01;31:*.bz2=01;31:*.bz=01;31:*.tbz=01;31:*.tbz2=01;31:*.tz=01;31:*.deb=01;31:*.rpm=01;31:*.jar=01;31:*.war=01;31:*.ear=01;31:*.sar=01;31:*.rar=01;31:*.alz=01;31:*.ace=01;31:*.zoo=01;31:*.cpio=01;31:*.7z=01;31:*.rz=01;31:*.cab=01;31:*.wim=01;31:*.swm=01;31:*.dwm=01;31:*.esd=01;31:*.jpg=01;35:*.jpeg=01;35:*.mjpg=01;35:*.mjpeg=01;35:*.gif=01;35:*.bmp=01;35:*.pbm=01;35:*.pgm=01;35:*.ppm=01;35:*.tga=01;35:*.xbm=01;35:*.xpm=01;35:*.tif=01;35:*.tiff=01;35:*.png=01;35:*.svg=01;35:*.svgz=01;35:*.mng=01;35:*.pcx=01;35:*.mov=01;35:*.mpg=01;35:*.mpeg=01;35:*.m2v=01;35:*.mkv=01;35:*.webm=01;35:*.webp=01;35:*.ogm=01;35:*.mp4=01;35:*.m4v=01;35:*.mp4v=01;35:*.vob=01;35:*.qt=01;35:*.nuv=01;35:*.wmv=01;35:*.asf=01;35:*.rm=01;35:*.rmvb=01;35:*.flc=01;35:*.avi=01;35:*.fli=01;35:*.flv=01;35:*.gl=01;35:*.dl=01;35:*.xcf=01;35:*.xwd=01;35:*.yuv=01;35:*.cgm=01;35:*.emf=01;35:*.ogv=01;35:*.ogx=01;35:*.aac=00;36:*.au=00;36:*.flac=00;36:*.m4a=00;36:*.mid=00;36:*.midi=00;36:*.mka=00;36:*.mp3=00;36:*.mpc=00;36:*.ogg=00;36:*.ra=00;36:*.wav=00;36:*.oga=00;36:*.opus=00;36:*.spx=00;36:*.xspf=00;36:'), ('GNOME_TERMINAL_SERVICE', ':1.330'), ('SSH_AGENT_LAUNCHER', 'gnome-keyring'), ('SSH_AUTH_SOCK', '/run/user/1000/keyring/ssh'), ('AMENT_PREFIX_PATH', '/opt/ros/humble'), ('SHELL', '/bin/bash'), ('QT_ACCESSIBILITY', '1'), ('GDMSESSION', 'ubuntu'), ('LESSCLOSE', '/usr/bin/lesspipe %s %s'), ('CODEX_THREAD_ID', '019f5073-bc50-71a2-9549-8d1988512281'), ('GIT_PAGER', 'cat'), ('QT_IM_MODULE', 'ibus'), ('PWD', '/home/starry1n/WUTA/WUTA-FSD/ros2_ws/build/wuta_msgs'), ('LC_ALL', 'C.UTF-8'), ('XDG_CONFIG_DIRS', '/etc/xdg/xdg-ubuntu:/etc/xdg'), ('DBUS_STARTER_ADDRESS', 'unix:path=/run/user/1000/bus,guid=c67e2489f73595b365ff0ae46a50c8ee'), ('XDG_DATA_DIRS', '/usr/share/ubuntu:/usr/local/share/:/usr/share/:/var/lib/snapd/desktop'), ('PYTHONPATH', '/opt/ros/humble/lib/python3.10/site-packages:/opt/ros/humble/local/lib/python3.10/dist-packages'), ('COLCON', '1'), ('VTE_VERSION', '6800'), ('CMAKE_PREFIX_PATH', '/opt/ros/humble')]), 'shell': False}
[0.420187] (autoware_msgs) StdoutLine: {'line': b'[ 95%] Built target autoware_msgs__rosidl_typesupport_fastrtps_c__pyext\n'}
[0.420458] (robot_localization) StdoutLine: {'line': b'[ 85%] Built target robot_localization__rosidl_generator_py\n'}
[0.421925] (robot_localization) StdoutLine: {'line': b'[ 87%] Built target test_robot_localization_estimator\n'}
[0.423428] (autoware_msgs) StdoutLine: {'line': b'[ 95%] Built target ament_cmake_python_build_autoware_msgs_egg\n'}
[0.423601] (robot_localization) StdoutLine: {'line': b'[ 88%] Built target test_ros_robot_localization_listener\n'}
[0.424185] (robot_localization) StdoutLine: {'line': b'[ 90%] Built target test_ros_robot_localization_listener_publisher\n'}
[0.426110] (autoware_msgs) StdoutLine: {'line': b'[100%] Built target autoware_msgs__rosidl_typesupport_introspection_c__pyext\n'}
[0.429195] (wuta_msgs) StdoutLine: {'line': b'-- Install configuration: ""\n'}
[0.429767] (wuta_msgs) StdoutLine: {'line': b'-- Execute custom install script\n'}
[0.430631] (wuta_msgs) StdoutLine: {'line': b'-- Up-to-date symlink: /home/starry1n/WUTA/WUTA-FSD/ros2_ws/install/wuta_msgs/share/ament_index/resource_index/rosidl_interfaces/wuta_msgs\n'}
[0.430922] (wuta_msgs) StdoutLine: {'line': b'-- Up-to-date symlink: /home/starry1n/WUTA/WUTA-FSD/ros2_ws/install/wuta_msgs/include/wuta_msgs/wuta_msgs/msg/cone.h\n'}
[0.431086] (wuta_msgs) StdoutLine: {'line': b'-- Up-to-date symlink: /home/starry1n/WUTA/WUTA-FSD/ros2_ws/install/wuta_msgs/include/wuta_msgs/wuta_msgs/msg/cone_array.h\n'}
[0.431118] (wuta_msgs) StdoutLine: {'line': b'-- Up-to-date symlink: /home/starry1n/WUTA/WUTA-FSD/ros2_ws/install/wuta_msgs/include/wuta_msgs/wuta_msgs/msg/cone_map.h\n'}
[0.431231] (wuta_msgs) StdoutLine: {'line': b'-- Up-to-date symlink: /home/starry1n/WUTA/WUTA-FSD/ros2_ws/install/wuta_msgs/include/wuta_msgs/wuta_msgs/msg/detail/cone__functions.h\n'}
[0.431260] (wuta_msgs) StdoutLine: {'line': b'-- Up-to-date symlink: /home/starry1n/WUTA/WUTA-FSD/ros2_ws/install/wuta_msgs/include/wuta_msgs/wuta_msgs/msg/detail/cone__struct.h\n'}
[0.431332] (wuta_msgs) StdoutLine: {'line': b'-- Up-to-date symlink: /home/starry1n/WUTA/WUTA-FSD/ros2_ws/install/wuta_msgs/include/wuta_msgs/wuta_msgs/msg/detail/cone__type_support.h\n'}
[0.431383] (wuta_msgs) StdoutLine: {'line': b'-- Up-to-date symlink: /home/starry1n/WUTA/WUTA-FSD/ros2_ws/install/wuta_msgs/include/wuta_msgs/wuta_msgs/msg/detail/cone_array__functions.h\n'}
[0.431422] (wuta_msgs) StdoutLine: {'line': b'-- Up-to-date symlink: /home/starry1n/WUTA/WUTA-FSD/ros2_ws/install/wuta_msgs/include/wuta_msgs/wuta_msgs/msg/detail/cone_array__struct.h\n'}
[0.431448] (wuta_msgs) StdoutLine: {'line': b'-- Up-to-date symlink: /home/starry1n/WUTA/WUTA-FSD/ros2_ws/install/wuta_msgs/include/wuta_msgs/wuta_msgs/msg/detail/cone_array__type_support.h\n'}
[0.431472] (wuta_msgs) StdoutLine: {'line': b'-- Up-to-date symlink: /home/starry1n/WUTA/WUTA-FSD/ros2_ws/install/wuta_msgs/include/wuta_msgs/wuta_msgs/msg/detail/cone_map__functions.h\n'}
[0.431497] (wuta_msgs) StdoutLine: {'line': b'-- Up-to-date symlink: /home/starry1n/WUTA/WUTA-FSD/ros2_ws/install/wuta_msgs/include/wuta_msgs/wuta_msgs/msg/detail/cone_map__struct.h\n'}
[0.431793] (wuta_msgs) StdoutLine: {'line': b'-- Up-to-date symlink: /home/starry1n/WUTA/WUTA-FSD/ros2_ws/install/wuta_msgs/include/wuta_msgs/wuta_msgs/msg/detail/cone_map__type_support.h\n'}
[0.431906] (wuta_msgs) StdoutLine: {'line': b'-- Up-to-date symlink: /home/starry1n/WUTA/WUTA-FSD/ros2_ws/install/wuta_msgs/include/wuta_msgs/wuta_msgs/msg/detail/mission_state__functions.h\n'}
[0.432657] (robot_localization) StdoutLine: {'line': b'[ 91%] Built target test_ekf_localization_node_interfaces\n'}
[0.433007] (wuta_msgs) StdoutLine: {'line': b'-- Up-to-date symlink: /home/starry1n/WUTA/WUTA-FSD/ros2_ws/install/wuta_msgs/include/wuta_msgs/wuta_msgs/msg/detail/mission_state__struct.h\n'}
[0.433061] (wuta_msgs) StdoutLine: {'line': b'-- Up-to-date symlink: /home/starry1n/WUTA/WUTA-FSD/ros2_ws/install/wuta_msgs/include/wuta_msgs/wuta_msgs/msg/detail/mission_state__type_support.h\n'}
[0.433089] (wuta_msgs) StdoutLine: {'line': b'-- Up-to-date symlink: /home/starry1n/WUTA/WUTA-FSD/ros2_ws/install/wuta_msgs/include/wuta_msgs/wuta_msgs/msg/mission_state.h\n'}
[0.434042] (wuta_msgs) StdoutLine: {'line': b'-- Up-to-date symlink: /home/starry1n/WUTA/WUTA-FSD/ros2_ws/install/wuta_msgs/include/wuta_msgs/wuta_msgs/msg/rosidl_generator_c__visibility_control.h\n'}
[0.434146] (wuta_msgs) StdoutLine: {'line': b'-- Up-to-date symlink: /home/starry1n/WUTA/WUTA-FSD/ros2_ws/install/wuta_msgs/share/wuta_msgs/environment/library_path.sh\n'}
[0.434189] (wuta_msgs) StdoutLine: {'line': b'-- Up-to-date symlink: /home/starry1n/WUTA/WUTA-FSD/ros2_ws/install/wuta_msgs/share/wuta_msgs/environment/library_path.dsv\n'}
[0.434702] (wuta_msgs) StdoutLine: {'line': b'-- Up-to-date symlink: /home/starry1n/WUTA/WUTA-FSD/ros2_ws/install/wuta_msgs/include/wuta_msgs/wuta_msgs/msg/detail/cone__rosidl_typesupport_fastrtps_c.h\n'}
[0.434822] (wuta_msgs) StdoutLine: {'line': b'-- Up-to-date symlink: /home/starry1n/WUTA/WUTA-FSD/ros2_ws/install/wuta_msgs/include/wuta_msgs/wuta_msgs/msg/detail/cone_array__rosidl_typesupport_fastrtps_c.h\n'}
[0.434853] (wuta_msgs) StdoutLine: {'line': b'-- Up-to-date symlink: /home/starry1n/WUTA/WUTA-FSD/ros2_ws/install/wuta_msgs/include/wuta_msgs/wuta_msgs/msg/detail/cone_map__rosidl_typesupport_fastrtps_c.h\n'}
[0.434878] (wuta_msgs) StdoutLine: {'line': b'-- Up-to-date symlink: /home/starry1n/WUTA/WUTA-FSD/ros2_ws/install/wuta_msgs/include/wuta_msgs/wuta_msgs/msg/detail/mission_state__rosidl_typesupport_fastrtps_c.h\n'}
[0.434903] (wuta_msgs) StdoutLine: {'line': b'-- Up-to-date symlink: /home/starry1n/WUTA/WUTA-FSD/ros2_ws/install/wuta_msgs/include/wuta_msgs/wuta_msgs/msg/rosidl_typesupport_fastrtps_c__visibility_control.h\n'}
[0.434927] (wuta_msgs) StdoutLine: {'line': b'-- Up-to-date symlink: /home/starry1n/WUTA/WUTA-FSD/ros2_ws/install/wuta_msgs/include/wuta_msgs/wuta_msgs/msg/detail/cone__rosidl_typesupport_introspection_c.h\n'}
[0.434950] (wuta_msgs) StdoutLine: {'line': b'-- Up-to-date symlink: /home/starry1n/WUTA/WUTA-FSD/ros2_ws/install/wuta_msgs/include/wuta_msgs/wuta_msgs/msg/detail/cone_array__rosidl_typesupport_introspection_c.h\n'}
[0.434972] (wuta_msgs) StdoutLine: {'line': b'-- Up-to-date symlink: /home/starry1n/WUTA/WUTA-FSD/ros2_ws/install/wuta_msgs/include/wuta_msgs/wuta_msgs/msg/detail/cone_map__rosidl_typesupport_introspection_c.h\n'}
[0.434993] (wuta_msgs) StdoutLine: {'line': b'-- Up-to-date symlink: /home/starry1n/WUTA/WUTA-FSD/ros2_ws/install/wuta_msgs/include/wuta_msgs/wuta_msgs/msg/detail/mission_state__rosidl_typesupport_introspection_c.h\n'}
[0.435017] (wuta_msgs) StdoutLine: {'line': b'-- Up-to-date symlink: /home/starry1n/WUTA/WUTA-FSD/ros2_ws/install/wuta_msgs/include/wuta_msgs/wuta_msgs/msg/rosidl_typesupport_introspection_c__visibility_control.h\n'}
[0.435196] (robot_localization) StdoutLine: {'line': b'[ 93%] Built target test_filter_base_diagnostics_timestamps\n'}
[0.435351] (wuta_msgs) StdoutLine: {'line': b'-- Up-to-date symlink: /home/starry1n/WUTA/WUTA-FSD/ros2_ws/install/wuta_msgs/include/wuta_msgs/wuta_msgs/msg/cone.hpp\n'}
[0.435731] (wuta_msgs) StdoutLine: {'line': b'-- Up-to-date symlink: /home/starry1n/WUTA/WUTA-FSD/ros2_ws/install/wuta_msgs/include/wuta_msgs/wuta_msgs/msg/cone_array.hpp\n'}
[0.436073] (wuta_msgs) StdoutLine: {'line': b'-- Up-to-date symlink: /home/starry1n/WUTA/WUTA-FSD/ros2_ws/install/wuta_msgs/include/wuta_msgs/wuta_msgs/msg/cone_map.hpp\n'}
[0.436789] (wuta_msgs) StdoutLine: {'line': b'-- Up-to-date symlink: /home/starry1n/WUTA/WUTA-FSD/ros2_ws/install/wuta_msgs/include/wuta_msgs/wuta_msgs/msg/detail/cone__builder.hpp\n'}
[0.436956] (wuta_msgs) StdoutLine: {'line': b'-- Up-to-date symlink: /home/starry1n/WUTA/WUTA-FSD/ros2_ws/install/wuta_msgs/include/wuta_msgs/wuta_msgs/msg/detail/cone__struct.hpp\n'}
[0.437002] (wuta_msgs) StdoutLine: {'line': b'-- Up-to-date symlink: /home/starry1n/WUTA/WUTA-FSD/ros2_ws/install/wuta_msgs/include/wuta_msgs/wuta_msgs/msg/detail/cone__traits.hpp\n'}
[0.437042] (wuta_msgs) StdoutLine: {'line': b'-- Up-to-date symlink: /home/starry1n/WUTA/WUTA-FSD/ros2_ws/install/wuta_msgs/include/wuta_msgs/wuta_msgs/msg/detail/cone__type_support.hpp\n'}
[0.437368] (wuta_msgs) StdoutLine: {'line': b'-- Up-to-date symlink: /home/starry1n/WUTA/WUTA-FSD/ros2_ws/install/wuta_msgs/include/wuta_msgs/wuta_msgs/msg/detail/cone_array__builder.hpp\n'}
[0.437440] (wuta_msgs) StdoutLine: {'line': b'-- Up-to-date symlink: /home/starry1n/WUTA/WUTA-FSD/ros2_ws/install/wuta_msgs/include/wuta_msgs/wuta_msgs/msg/detail/cone_array__struct.hpp\n'}
[0.437473] (wuta_msgs) StdoutLine: {'line': b'-- Up-to-date symlink: /home/starry1n/WUTA/WUTA-FSD/ros2_ws/install/wuta_msgs/include/wuta_msgs/wuta_msgs/msg/detail/cone_array__traits.hpp\n'}
[0.437502] (wuta_msgs) StdoutLine: {'line': b'-- Up-to-date symlink: /home/starry1n/WUTA/WUTA-FSD/ros2_ws/install/wuta_msgs/include/wuta_msgs/wuta_msgs/msg/detail/cone_array__type_support.hpp\n'}
[0.437536] (wuta_msgs) StdoutLine: {'line': b'-- Up-to-date symlink: /home/starry1n/WUTA/WUTA-FSD/ros2_ws/install/wuta_msgs/include/wuta_msgs/wuta_msgs/msg/detail/cone_map__builder.hpp\n'}
[0.437563] (wuta_msgs) StdoutLine: {'line': b'-- Up-to-date symlink: /home/starry1n/WUTA/WUTA-FSD/ros2_ws/install/wuta_msgs/include/wuta_msgs/wuta_msgs/msg/detail/cone_map__struct.hpp\n'}
[0.437587] (wuta_msgs) StdoutLine: {'line': b'-- Up-to-date symlink: /home/starry1n/WUTA/WUTA-FSD/ros2_ws/install/wuta_msgs/include/wuta_msgs/wuta_msgs/msg/detail/cone_map__traits.hpp\n'}
[0.437611] (wuta_msgs) StdoutLine: {'line': b'-- Up-to-date symlink: /home/starry1n/WUTA/WUTA-FSD/ros2_ws/install/wuta_msgs/include/wuta_msgs/wuta_msgs/msg/detail/cone_map__type_support.hpp\n'}
[0.437635] (wuta_msgs) StdoutLine: {'line': b'-- Up-to-date symlink: /home/starry1n/WUTA/WUTA-FSD/ros2_ws/install/wuta_msgs/include/wuta_msgs/wuta_msgs/msg/detail/mission_state__builder.hpp\n'}
[0.437658] (wuta_msgs) StdoutLine: {'line': b'-- Up-to-date symlink: /home/starry1n/WUTA/WUTA-FSD/ros2_ws/install/wuta_msgs/include/wuta_msgs/wuta_msgs/msg/detail/mission_state__struct.hpp\n'}
[0.437681] (wuta_msgs) StdoutLine: {'line': b'-- Up-to-date symlink: /home/starry1n/WUTA/WUTA-FSD/ros2_ws/install/wuta_msgs/include/wuta_msgs/wuta_msgs/msg/detail/mission_state__traits.hpp\n'}
[0.437704] (wuta_msgs) StdoutLine: {'line': b'-- Up-to-date symlink: /home/starry1n/WUTA/WUTA-FSD/ros2_ws/install/wuta_msgs/include/wuta_msgs/wuta_msgs/msg/detail/mission_state__type_support.hpp\n'}
[0.437835] (wuta_msgs) StdoutLine: {'line': b'-- Up-to-date symlink: /home/starry1n/WUTA/WUTA-FSD/ros2_ws/install/wuta_msgs/include/wuta_msgs/wuta_msgs/msg/mission_state.hpp\n'}
[0.437881] (wuta_msgs) StdoutLine: {'line': b'-- Up-to-date symlink: /home/starry1n/WUTA/WUTA-FSD/ros2_ws/install/wuta_msgs/include/wuta_msgs/wuta_msgs/msg/rosidl_generator_cpp__visibility_control.hpp\n'}
[0.438562] (wuta_msgs) StdoutLine: {'line': b'-- Up-to-date symlink: /home/starry1n/WUTA/WUTA-FSD/ros2_ws/install/wuta_msgs/include/wuta_msgs/wuta_msgs/msg/detail/cone__rosidl_typesupport_fastrtps_cpp.hpp\n'}
[0.438846] (wuta_msgs) StdoutLine: {'line': b'-- Up-to-date symlink: /home/starry1n/WUTA/WUTA-FSD/ros2_ws/install/wuta_msgs/include/wuta_msgs/wuta_msgs/msg/detail/cone_array__rosidl_typesupport_fastrtps_cpp.hpp\n'}
[0.438997] (wuta_msgs) StdoutLine: {'line': b'-- Up-to-date symlink: /home/starry1n/WUTA/WUTA-FSD/ros2_ws/install/wuta_msgs/include/wuta_msgs/wuta_msgs/msg/detail/cone_map__rosidl_typesupport_fastrtps_cpp.hpp\n'}
[0.441265] (wuta_msgs) StdoutLine: {'line': b'-- Up-to-date symlink: /home/starry1n/WUTA/WUTA-FSD/ros2_ws/install/wuta_msgs/include/wuta_msgs/wuta_msgs/msg/detail/mission_state__rosidl_typesupport_fastrtps_cpp.hpp\n'}
[0.441643] (wuta_msgs) StdoutLine: {'line': b'-- Up-to-date symlink: /home/starry1n/WUTA/WUTA-FSD/ros2_ws/install/wuta_msgs/include/wuta_msgs/wuta_msgs/msg/rosidl_typesupport_fastrtps_cpp__visibility_control.h\n'}
[0.441695] (wuta_msgs) StdoutLine: {'line': b'-- Up-to-date symlink: /home/starry1n/WUTA/WUTA-FSD/ros2_ws/install/wuta_msgs/include/wuta_msgs/wuta_msgs/msg/detail/cone__rosidl_typesupport_introspection_cpp.hpp\n'}
[0.441727] (wuta_msgs) StdoutLine: {'line': b'-- Up-to-date symlink: /home/starry1n/WUTA/WUTA-FSD/ros2_ws/install/wuta_msgs/include/wuta_msgs/wuta_msgs/msg/detail/cone_array__rosidl_typesupport_introspection_cpp.hpp\n'}
[0.441765] (wuta_msgs) StdoutLine: {'line': b'-- Up-to-date symlink: /home/starry1n/WUTA/WUTA-FSD/ros2_ws/install/wuta_msgs/include/wuta_msgs/wuta_msgs/msg/detail/cone_map__rosidl_typesupport_introspection_cpp.hpp\n'}
[0.441791] (wuta_msgs) StdoutLine: {'line': b'-- Up-to-date symlink: /home/starry1n/WUTA/WUTA-FSD/ros2_ws/install/wuta_msgs/include/wuta_msgs/wuta_msgs/msg/detail/mission_state__rosidl_typesupport_introspection_cpp.hpp\n'}
[0.441817] (wuta_msgs) StdoutLine: {'line': b'-- Up-to-date symlink: /home/starry1n/WUTA/WUTA-FSD/ros2_ws/install/wuta_msgs/share/wuta_msgs/environment/pythonpath.sh\n'}
[0.441841] (wuta_msgs) StdoutLine: {'line': b'-- Up-to-date symlink: /home/starry1n/WUTA/WUTA-FSD/ros2_ws/install/wuta_msgs/share/wuta_msgs/environment/pythonpath.dsv\n'}
[0.441864] (wuta_msgs) StdoutLine: {'line': b'-- Up-to-date symlink: /home/starry1n/WUTA/WUTA-FSD/ros2_ws/install/wuta_msgs/local/lib/python3.10/dist-packages/wuta_msgs-1.0.0-py3.10.egg-info/PKG-INFO\n'}
[0.441887] (wuta_msgs) StdoutLine: {'line': b'-- Up-to-date symlink: /home/starry1n/WUTA/WUTA-FSD/ros2_ws/install/wuta_msgs/local/lib/python3.10/dist-packages/wuta_msgs-1.0.0-py3.10.egg-info/SOURCES.txt\n'}
[0.441909] (wuta_msgs) StdoutLine: {'line': b'-- Up-to-date symlink: /home/starry1n/WUTA/WUTA-FSD/ros2_ws/install/wuta_msgs/local/lib/python3.10/dist-packages/wuta_msgs-1.0.0-py3.10.egg-info/dependency_links.txt\n'}
[0.441933] (wuta_msgs) StdoutLine: {'line': b'-- Up-to-date symlink: /home/starry1n/WUTA/WUTA-FSD/ros2_ws/install/wuta_msgs/local/lib/python3.10/dist-packages/wuta_msgs-1.0.0-py3.10.egg-info/top_level.txt\n'}
[0.441958] (wuta_msgs) StdoutLine: {'line': b'-- Up-to-date symlink: /home/starry1n/WUTA/WUTA-FSD/ros2_ws/install/wuta_msgs/local/lib/python3.10/dist-packages/wuta_msgs/__init__.py\n'}
[0.441983] (wuta_msgs) StdoutLine: {'line': b'-- Up-to-date symlink: /home/starry1n/WUTA/WUTA-FSD/ros2_ws/install/wuta_msgs/local/lib/python3.10/dist-packages/wuta_msgs/_wuta_msgs_s.ep.rosidl_typesupport_c.c\n'}
[0.442136] (robot_localization) StdoutLine: {'line': b'[ 95%] Built target test_ukf_localization_node_interfaces\n'}
[0.442203] (wuta_msgs) StdoutLine: {'line': b'-- Up-to-date symlink: /home/starry1n/WUTA/WUTA-FSD/ros2_ws/install/wuta_msgs/local/lib/python3.10/dist-packages/wuta_msgs/_wuta_msgs_s.ep.rosidl_typesupport_fastrtps_c.c\n'}
[0.442242] (wuta_msgs) StdoutLine: {'line': b'-- Up-to-date symlink: /home/starry1n/WUTA/WUTA-FSD/ros2_ws/install/wuta_msgs/local/lib/python3.10/dist-packages/wuta_msgs/_wuta_msgs_s.ep.rosidl_typesupport_introspection_c.c\n'}
[0.442687] (wuta_msgs) StdoutLine: {'line': b'-- Up-to-date symlink: /home/starry1n/WUTA/WUTA-FSD/ros2_ws/install/wuta_msgs/local/lib/python3.10/dist-packages/wuta_msgs/libwuta_msgs__rosidl_generator_py.so\n'}
[0.443097] (wuta_msgs) StdoutLine: {'line': b'-- Up-to-date symlink: /home/starry1n/WUTA/WUTA-FSD/ros2_ws/install/wuta_msgs/local/lib/python3.10/dist-packages/wuta_msgs/msg/__init__.py\n'}
[0.443148] (wuta_msgs) StdoutLine: {'line': b'-- Up-to-date symlink: /home/starry1n/WUTA/WUTA-FSD/ros2_ws/install/wuta_msgs/local/lib/python3.10/dist-packages/wuta_msgs/msg/_cone.py\n'}
[0.443177] (wuta_msgs) StdoutLine: {'line': b'-- Up-to-date symlink: /home/starry1n/WUTA/WUTA-FSD/ros2_ws/install/wuta_msgs/local/lib/python3.10/dist-packages/wuta_msgs/msg/_cone_array.py\n'}
[0.443204] (wuta_msgs) StdoutLine: {'line': b'-- Up-to-date symlink: /home/starry1n/WUTA/WUTA-FSD/ros2_ws/install/wuta_msgs/local/lib/python3.10/dist-packages/wuta_msgs/msg/_cone_array_s.c\n'}
[0.443230] (wuta_msgs) StdoutLine: {'line': b'-- Up-to-date symlink: /home/starry1n/WUTA/WUTA-FSD/ros2_ws/install/wuta_msgs/local/lib/python3.10/dist-packages/wuta_msgs/msg/_cone_map.py\n'}
[0.443269] (wuta_msgs) StdoutLine: {'line': b'-- Up-to-date symlink: /home/starry1n/WUTA/WUTA-FSD/ros2_ws/install/wuta_msgs/local/lib/python3.10/dist-packages/wuta_msgs/msg/_cone_map_s.c\n'}
[0.443749] (wuta_msgs) StdoutLine: {'line': b'-- Up-to-date symlink: /home/starry1n/WUTA/WUTA-FSD/ros2_ws/install/wuta_msgs/local/lib/python3.10/dist-packages/wuta_msgs/msg/_cone_s.c\n'}
[0.444436] (wuta_msgs) StdoutLine: {'line': b'-- Up-to-date symlink: /home/starry1n/WUTA/WUTA-FSD/ros2_ws/install/wuta_msgs/local/lib/python3.10/dist-packages/wuta_msgs/msg/_mission_state.py\n'}
[0.445055] (wuta_msgs) StdoutLine: {'line': b'-- Up-to-date symlink: /home/starry1n/WUTA/WUTA-FSD/ros2_ws/install/wuta_msgs/local/lib/python3.10/dist-packages/wuta_msgs/msg/_mission_state_s.c\n'}
[0.445182] (wuta_msgs) StdoutLine: {'line': b'-- Up-to-date symlink: /home/starry1n/WUTA/WUTA-FSD/ros2_ws/install/wuta_msgs/local/lib/python3.10/dist-packages/wuta_msgs/wuta_msgs_s__rosidl_typesupport_c.cpython-310-x86_64-linux-gnu.so\n'}
[0.445261] (wuta_msgs) StdoutLine: {'line': b'-- Up-to-date symlink: /home/starry1n/WUTA/WUTA-FSD/ros2_ws/install/wuta_msgs/local/lib/python3.10/dist-packages/wuta_msgs/wuta_msgs_s__rosidl_typesupport_fastrtps_c.cpython-310-x86_64-linux-gnu.so\n'}
[0.445521] (wuta_msgs) StdoutLine: {'line': b'-- Up-to-date symlink: /home/starry1n/WUTA/WUTA-FSD/ros2_ws/install/wuta_msgs/local/lib/python3.10/dist-packages/wuta_msgs/wuta_msgs_s__rosidl_typesupport_introspection_c.cpython-310-x86_64-linux-gnu.so\n'}
[0.446907] (wuta_msgs) StdoutLine: {'line': b'-- Up-to-date symlink: /home/starry1n/WUTA/WUTA-FSD/ros2_ws/install/wuta_msgs/local/lib/python3.10/dist-packages/wuta_msgs/wuta_msgs_s__rosidl_typesupport_fastrtps_c.cpython-310-x86_64-linux-gnu.so\n'}
[0.447028] (wuta_msgs) StdoutLine: {'line': b'-- Up-to-date symlink: /home/starry1n/WUTA/WUTA-FSD/ros2_ws/install/wuta_msgs/local/lib/python3.10/dist-packages/wuta_msgs/wuta_msgs_s__rosidl_typesupport_introspection_c.cpython-310-x86_64-linux-gnu.so\n'}
[0.447077] (wuta_msgs) StdoutLine: {'line': b'-- Up-to-date symlink: /home/starry1n/WUTA/WUTA-FSD/ros2_ws/install/wuta_msgs/local/lib/python3.10/dist-packages/wuta_msgs/wuta_msgs_s__rosidl_typesupport_c.cpython-310-x86_64-linux-gnu.so\n'}
[0.447130] (wuta_msgs) StdoutLine: {'line': b'-- Up-to-date symlink: /home/starry1n/WUTA/WUTA-FSD/ros2_ws/install/wuta_msgs/share/ament_index/resource_index/rust_packages/wuta_msgs\n'}
[0.447176] (wuta_msgs) StdoutLine: {'line': b'-- Up-to-date symlink: /home/starry1n/WUTA/WUTA-FSD/ros2_ws/install/wuta_msgs/share/wuta_msgs/rust/Cargo.toml\n'}
[0.447219] (wuta_msgs) StdoutLine: {'line': b'-- Up-to-date symlink: /home/starry1n/WUTA/WUTA-FSD/ros2_ws/install/wuta_msgs/share/wuta_msgs/rust/build.rs\n'}
[0.447257] (wuta_msgs) StdoutLine: {'line': b'-- Up-to-date symlink: /home/starry1n/WUTA/WUTA-FSD/ros2_ws/install/wuta_msgs/share/wuta_msgs/rust/src/lib.rs\n'}
[0.447295] (wuta_msgs) StdoutLine: {'line': b'-- Up-to-date symlink: /home/starry1n/WUTA/WUTA-FSD/ros2_ws/install/wuta_msgs/share/wuta_msgs/rust/src/msg.rs\n'}
[0.447333] (wuta_msgs) StdoutLine: {'line': b'-- Up-to-date symlink: /home/starry1n/WUTA/WUTA-FSD/ros2_ws/install/wuta_msgs/share/wuta_msgs/rust/src/msg/rmw.rs\n'}
[0.447547] (wuta_msgs) StdoutLine: {'line': b'-- Up-to-date symlink: /home/starry1n/WUTA/WUTA-FSD/ros2_ws/install/wuta_msgs/share/wuta_msgs/msg/Cone.idl\n'}
[0.447676] (wuta_msgs) StdoutLine: {'line': b'-- Up-to-date symlink: /home/starry1n/WUTA/WUTA-FSD/ros2_ws/install/wuta_msgs/share/wuta_msgs/msg/ConeArray.idl\n'}
[0.447713] (wuta_msgs) StdoutLine: {'line': b'-- Up-to-date symlink: /home/starry1n/WUTA/WUTA-FSD/ros2_ws/install/wuta_msgs/share/wuta_msgs/msg/ConeMap.idl\n'}
[0.447741] (wuta_msgs) StdoutLine: {'line': b'-- Up-to-date symlink: /home/starry1n/WUTA/WUTA-FSD/ros2_ws/install/wuta_msgs/share/wuta_msgs/msg/MissionState.idl\n'}
[0.447768] (wuta_msgs) StdoutLine: {'line': b'-- Up-to-date symlink: /home/starry1n/WUTA/WUTA-FSD/ros2_ws/install/wuta_msgs/share/wuta_msgs/msg/Cone.msg\n'}
[0.447792] (wuta_msgs) StdoutLine: {'line': b'-- Up-to-date symlink: /home/starry1n/WUTA/WUTA-FSD/ros2_ws/install/wuta_msgs/share/wuta_msgs/msg/ConeArray.msg\n'}
[0.447816] (wuta_msgs) StdoutLine: {'line': b'-- Up-to-date symlink: /home/starry1n/WUTA/WUTA-FSD/ros2_ws/install/wuta_msgs/share/wuta_msgs/msg/ConeMap.msg\n'}
[0.447851] (wuta_msgs) StdoutLine: {'line': b'-- Up-to-date symlink: /home/starry1n/WUTA/WUTA-FSD/ros2_ws/install/wuta_msgs/share/wuta_msgs/msg/MissionState.msg\n'}
[0.447876] (wuta_msgs) StdoutLine: {'line': b'-- Up-to-date symlink: /home/starry1n/WUTA/WUTA-FSD/ros2_ws/install/wuta_msgs/share/ament_index/resource_index/package_run_dependencies/wuta_msgs\n'}
[0.447902] (wuta_msgs) StdoutLine: {'line': b'-- Up-to-date symlink: /home/starry1n/WUTA/WUTA-FSD/ros2_ws/install/wuta_msgs/share/ament_index/resource_index/parent_prefix_path/wuta_msgs\n'}
[0.447927] (wuta_msgs) StdoutLine: {'line': b'-- Up-to-date symlink: /home/starry1n/WUTA/WUTA-FSD/ros2_ws/install/wuta_msgs/share/wuta_msgs/environment/ament_prefix_path.sh\n'}
[0.447953] (wuta_msgs) StdoutLine: {'line': b'-- Up-to-date symlink: /home/starry1n/WUTA/WUTA-FSD/ros2_ws/install/wuta_msgs/share/wuta_msgs/environment/ament_prefix_path.dsv\n'}
[0.447974] (wuta_msgs) StdoutLine: {'line': b'-- Up-to-date symlink: /home/starry1n/WUTA/WUTA-FSD/ros2_ws/install/wuta_msgs/share/wuta_msgs/environment/path.sh\n'}
[0.447996] (wuta_msgs) StdoutLine: {'line': b'-- Up-to-date symlink: /home/starry1n/WUTA/WUTA-FSD/ros2_ws/install/wuta_msgs/share/wuta_msgs/environment/path.dsv\n'}
[0.448023] (wuta_msgs) StdoutLine: {'line': b'-- Up-to-date symlink: /home/starry1n/WUTA/WUTA-FSD/ros2_ws/install/wuta_msgs/share/wuta_msgs/local_setup.bash\n'}
[0.448044] (wuta_msgs) StdoutLine: {'line': b'-- Up-to-date symlink: /home/starry1n/WUTA/WUTA-FSD/ros2_ws/install/wuta_msgs/share/wuta_msgs/local_setup.sh\n'}
[0.448066] (wuta_msgs) StdoutLine: {'line': b'-- Up-to-date symlink: /home/starry1n/WUTA/WUTA-FSD/ros2_ws/install/wuta_msgs/share/wuta_msgs/local_setup.zsh\n'}
[0.448088] (wuta_msgs) StdoutLine: {'line': b'-- Up-to-date symlink: /home/starry1n/WUTA/WUTA-FSD/ros2_ws/install/wuta_msgs/share/wuta_msgs/local_setup.dsv\n'}
[0.448110] (wuta_msgs) StdoutLine: {'line': b'-- Symlinking: /home/starry1n/WUTA/WUTA-FSD/ros2_ws/install/wuta_msgs/share/wuta_msgs/package.dsv\n'}
[0.448134] (autoware_msgs) CommandEnded: {'returncode': 0}
[0.448342] (autoware_msgs) JobProgress: {'identifier': 'autoware_msgs', 'progress': 'install'}
[0.448353] (autoware_msgs) Command: {'cmd': ['/usr/bin/cmake', '--install', '/home/starry1n/WUTA/WUTA-FSD/ros2_ws/build/autoware_msgs'], 'cwd': '/home/starry1n/WUTA/WUTA-FSD/ros2_ws/build/autoware_msgs', 'env': OrderedDict([('LESSOPEN', '| /usr/bin/lesspipe %s'), ('CODEX_CI', '1'), ('LANGUAGE', 'zh_CN:zh'), ('USER', 'starry1n'), ('XDG_SESSION_TYPE', 'wayland'), ('SHLVL', '2'), ('LD_LIBRARY_PATH', '/opt/ros/humble/opt/rviz_ogre_vendor/lib:/opt/ros/humble/lib/x86_64-linux-gnu:/opt/ros/humble/lib'), ('HOME', '/home/starry1n'), ('OLDPWD', '/home/starry1n/WUTA/WUTA-FSD'), ('DESKTOP_SESSION', 'ubuntu'), ('ROS_PYTHON_VERSION', '3'), ('GNOME_SHELL_SESSION_MODE', 'ubuntu'), ('GTK_MODULES', 'gail:atk-bridge'), ('PAGER', 'cat'), ('LC_CTYPE', 'C.UTF-8'), ('DBUS_STARTER_BUS_TYPE', 'session'), ('SYSTEMD_EXEC_PID', '2321'), ('IM_CONFIG_CHECK_ENV', '1'), ('NO_COLOR', '1'), ('DBUS_SESSION_BUS_ADDRESS', 'unix:path=/run/user/1000/bus,guid=c67e2489f73595b365ff0ae46a50c8ee'), ('COLORTERM', ''), ('IM_CONFIG_PHASE', '1'), ('WAYLAND_DISPLAY', 'wayland-0'), ('CODEX_PERMISSION_PROFILE', ':workspace'), ('ROS_DISTRO', 'humble'), ('LOGNAME', 'starry1n'), ('_', '/usr/bin/colcon'), ('ROS_VERSION', '2'), ('XDG_SESSION_CLASS', 'user'), ('USERNAME', 'starry1n'), ('TERM', 'dumb'), ('GNOME_DESKTOP_SESSION_ID', 'this-is-deprecated'), ('ROS_LOCALHOST_ONLY', '0'), ('PATH', '/home/starry1n/.local/bin:/home/starry1n/.codex/packages/standalone/releases/0.144.4-x86_64-unknown-linux-musl/codex-path:/home/starry1n/.codex/tmp/arg0/codex-arg05cnADw:/home/starry1n/.local/bin:/opt/ros/humble/bin:/home/starry1n/.local/bin:/usr/local/sbin:/usr/local/bin:/usr/sbin:/usr/bin:/sbin:/bin:/usr/games:/usr/local/games:/snap/bin:/snap/bin'), ('SESSION_MANAGER', 'local/starry1n-virtual-machine:@/tmp/.ICE-unix/2321,unix/starry1n-virtual-machine:/tmp/.ICE-unix/2321'), ('XDG_MENU_PREFIX', 'gnome-'), ('GNOME_TERMINAL_SCREEN', '/org/gnome/Terminal/screen/b41f3890_f157_4b82_b249_7c5cfcb9354a'), ('GNOME_SETUP_DISPLAY', ':1'), ('XDG_RUNTIME_DIR', '/run/user/1000'), ('DISPLAY', ':0'), ('CODEX_SANDBOX_NETWORK_DISABLED', '1'), ('LANG', 'C.UTF-8'), ('XDG_CURRENT_DESKTOP', 'ubuntu:GNOME'), ('XMODIFIERS', '@im=ibus'), ('GH_PAGER', 'cat'), ('XDG_SESSION_DESKTOP', 'ubuntu'), ('XAUTHORITY', '/run/user/1000/.mutter-Xwaylandauth.H6FRS3'), ('LS_COLORS', 'rs=0:di=01;34:ln=01;36:mh=00:pi=40;33:so=01;35:do=01;35:bd=40;33;01:cd=40;33;01:or=40;31;01:mi=00:su=37;41:sg=30;43:ca=30;41:tw=30;42:ow=34;42:st=37;44:ex=01;32:*.tar=01;31:*.tgz=01;31:*.arc=01;31:*.arj=01;31:*.taz=01;31:*.lha=01;31:*.lz4=01;31:*.lzh=01;31:*.lzma=01;31:*.tlz=01;31:*.txz=01;31:*.tzo=01;31:*.t7z=01;31:*.zip=01;31:*.z=01;31:*.dz=01;31:*.gz=01;31:*.lrz=01;31:*.lz=01;31:*.lzo=01;31:*.xz=01;31:*.zst=01;31:*.tzst=01;31:*.bz2=01;31:*.bz=01;31:*.tbz=01;31:*.tbz2=01;31:*.tz=01;31:*.deb=01;31:*.rpm=01;31:*.jar=01;31:*.war=01;31:*.ear=01;31:*.sar=01;31:*.rar=01;31:*.alz=01;31:*.ace=01;31:*.zoo=01;31:*.cpio=01;31:*.7z=01;31:*.rz=01;31:*.cab=01;31:*.wim=01;31:*.swm=01;31:*.dwm=01;31:*.esd=01;31:*.jpg=01;35:*.jpeg=01;35:*.mjpg=01;35:*.mjpeg=01;35:*.gif=01;35:*.bmp=01;35:*.pbm=01;35:*.pgm=01;35:*.ppm=01;35:*.tga=01;35:*.xbm=01;35:*.xpm=01;35:*.tif=01;35:*.tiff=01;35:*.png=01;35:*.svg=01;35:*.svgz=01;35:*.mng=01;35:*.pcx=01;35:*.mov=01;35:*.mpg=01;35:*.mpeg=01;35:*.m2v=01;35:*.mkv=01;35:*.webm=01;35:*.webp=01;35:*.ogm=01;35:*.mp4=01;35:*.m4v=01;35:*.mp4v=01;35:*.vob=01;35:*.qt=01;35:*.nuv=01;35:*.wmv=01;35:*.asf=01;35:*.rm=01;35:*.rmvb=01;35:*.flc=01;35:*.avi=01;35:*.fli=01;35:*.flv=01;35:*.gl=01;35:*.dl=01;35:*.xcf=01;35:*.xwd=01;35:*.yuv=01;35:*.cgm=01;35:*.emf=01;35:*.ogv=01;35:*.ogx=01;35:*.aac=00;36:*.au=00;36:*.flac=00;36:*.m4a=00;36:*.mid=00;36:*.midi=00;36:*.mka=00;36:*.mp3=00;36:*.mpc=00;36:*.ogg=00;36:*.ra=00;36:*.wav=00;36:*.oga=00;36:*.opus=00;36:*.spx=00;36:*.xspf=00;36:'), ('GNOME_TERMINAL_SERVICE', ':1.330'), ('SSH_AGENT_LAUNCHER', 'gnome-keyring'), ('SSH_AUTH_SOCK', '/run/user/1000/keyring/ssh'), ('AMENT_PREFIX_PATH', '/opt/ros/humble'), ('SHELL', '/bin/bash'), ('QT_ACCESSIBILITY', '1'), ('GDMSESSION', 'ubuntu'), ('LESSCLOSE', '/usr/bin/lesspipe %s %s'), ('CODEX_THREAD_ID', '019f5073-bc50-71a2-9549-8d1988512281'), ('GIT_PAGER', 'cat'), ('QT_IM_MODULE', 'ibus'), ('PWD', '/home/starry1n/WUTA/WUTA-FSD/ros2_ws/build/autoware_msgs'), ('LC_ALL', 'C.UTF-8'), ('XDG_CONFIG_DIRS', '/etc/xdg/xdg-ubuntu:/etc/xdg'), ('DBUS_STARTER_ADDRESS', 'unix:path=/run/user/1000/bus,guid=c67e2489f73595b365ff0ae46a50c8ee'), ('XDG_DATA_DIRS', '/usr/share/ubuntu:/usr/local/share/:/usr/share/:/var/lib/snapd/desktop'), ('PYTHONPATH', '/opt/ros/humble/lib/python3.10/site-packages:/opt/ros/humble/local/lib/python3.10/dist-packages'), ('COLCON', '1'), ('VTE_VERSION', '6800'), ('CMAKE_PREFIX_PATH', '/opt/ros/humble')]), 'shell': False}
[0.452904] (wuta_msgs) StdoutLine: {'line': b'-- Up-to-date symlink: /home/starry1n/WUTA/WUTA-FSD/ros2_ws/install/wuta_msgs/share/ament_index/resource_index/packages/wuta_msgs\n'}
[0.453082] (wuta_msgs) StdoutLine: {'line': b'-- Up-to-date symlink: /home/starry1n/WUTA/WUTA-FSD/ros2_ws/install/wuta_msgs/share/wuta_msgs/cmake/rosidl_cmake-extras.cmake\n'}
[0.453381] (wuta_msgs) StdoutLine: {'line': b'-- Up-to-date symlink: /home/starry1n/WUTA/WUTA-FSD/ros2_ws/install/wuta_msgs/share/wuta_msgs/cmake/ament_cmake_export_dependencies-extras.cmake\n'}
[0.453463] (wuta_msgs) StdoutLine: {'line': b'-- Up-to-date symlink: /home/starry1n/WUTA/WUTA-FSD/ros2_ws/install/wuta_msgs/share/wuta_msgs/cmake/ament_cmake_export_include_directories-extras.cmake\n'}
[0.453496] (wuta_msgs) StdoutLine: {'line': b'-- Up-to-date symlink: /home/starry1n/WUTA/WUTA-FSD/ros2_ws/install/wuta_msgs/share/wuta_msgs/cmake/ament_cmake_export_libraries-extras.cmake\n'}
[0.453524] (wuta_msgs) StdoutLine: {'line': b'-- Up-to-date symlink: /home/starry1n/WUTA/WUTA-FSD/ros2_ws/install/wuta_msgs/share/wuta_msgs/cmake/ament_cmake_export_targets-extras.cmake\n'}
[0.453559] (wuta_msgs) StdoutLine: {'line': b'-- Up-to-date symlink: /home/starry1n/WUTA/WUTA-FSD/ros2_ws/install/wuta_msgs/share/wuta_msgs/cmake/rosidl_cmake_export_typesupport_targets-extras.cmake\n'}
[0.455641] (wuta_msgs) StdoutLine: {'line': b'-- Up-to-date symlink: /home/starry1n/WUTA/WUTA-FSD/ros2_ws/install/wuta_msgs/share/wuta_msgs/cmake/rosidl_cmake_export_typesupport_libraries-extras.cmake\n'}
[0.456399] (wuta_msgs) StdoutLine: {'line': b'-- Up-to-date symlink: /home/starry1n/WUTA/WUTA-FSD/ros2_ws/install/wuta_msgs/share/wuta_msgs/cmake/rosidl_cmake_aggregate_target-extras.cmake\n'}
[0.456517] (wuta_msgs) StdoutLine: {'line': b'-- Up-to-date symlink: /home/starry1n/WUTA/WUTA-FSD/ros2_ws/install/wuta_msgs/share/wuta_msgs/cmake/wuta_msgsConfig.cmake\n'}
[0.456569] (wuta_msgs) StdoutLine: {'line': b'-- Up-to-date symlink: /home/starry1n/WUTA/WUTA-FSD/ros2_ws/install/wuta_msgs/share/wuta_msgs/cmake/wuta_msgsConfig-version.cmake\n'}
[0.456612] (wuta_msgs) StdoutLine: {'line': b'-- Up-to-date symlink: /home/starry1n/WUTA/WUTA-FSD/ros2_ws/install/wuta_msgs/share/wuta_msgs/package.xml\n'}
[0.456697] (wuta_msgs) StdoutLine: {'line': b'-- Up-to-date: /home/starry1n/WUTA/WUTA-FSD/ros2_ws/install/wuta_msgs/lib/libwuta_msgs__rosidl_generator_c.so\n'}
[0.456749] (wuta_msgs) StdoutLine: {'line': b'-- Up-to-date: /home/starry1n/WUTA/WUTA-FSD/ros2_ws/install/wuta_msgs/lib/libwuta_msgs__rosidl_typesupport_fastrtps_c.so\n'}
[0.456800] (wuta_msgs) StdoutLine: {'line': b'-- Up-to-date: /home/starry1n/WUTA/WUTA-FSD/ros2_ws/install/wuta_msgs/lib/libwuta_msgs__rosidl_typesupport_introspection_c.so\n'}
[0.457215] (wuta_msgs) StdoutLine: {'line': b'-- Up-to-date: /home/starry1n/WUTA/WUTA-FSD/ros2_ws/install/wuta_msgs/lib/libwuta_msgs__rosidl_typesupport_c.so\n'}
[0.457314] (wuta_msgs) StdoutLine: {'line': b'-- Up-to-date: /home/starry1n/WUTA/WUTA-FSD/ros2_ws/install/wuta_msgs/lib/libwuta_msgs__rosidl_typesupport_fastrtps_cpp.so\n'}
[0.457432] (robot_localization) StdoutLine: {'line': b'[ 97%] Built target robot_localization__rosidl_typesupport_fastrtps_c__pyext\n'}
[0.457526] (wuta_msgs) StdoutLine: {'line': b'-- Up-to-date: /home/starry1n/WUTA/WUTA-FSD/ros2_ws/install/wuta_msgs/lib/libwuta_msgs__rosidl_typesupport_introspection_cpp.so\n'}
[0.457578] (autoware_msgs) StdoutLine: {'line': b'-- Install configuration: ""\n'}
[0.457634] (wuta_msgs) StdoutLine: {'line': b'-- Up-to-date: /home/starry1n/WUTA/WUTA-FSD/ros2_ws/install/wuta_msgs/lib/libwuta_msgs__rosidl_typesupport_cpp.so\n'}
[0.457674] (autoware_msgs) StdoutLine: {'line': b'-- Execute custom install script\n'}
[0.458863] (autoware_msgs) StdoutLine: {'line': b'-- Up-to-date symlink: /home/starry1n/WUTA/WUTA-FSD/ros2_ws/install/autoware_msgs/share/ament_index/resource_index/rosidl_interfaces/autoware_msgs\n'}
[0.459604] (autoware_msgs) StdoutLine: {'line': b'-- Up-to-date symlink: /home/starry1n/WUTA/WUTA-FSD/ros2_ws/install/autoware_msgs/include/autoware_msgs/autoware_msgs/msg/command.h\n'}
[0.459907] (autoware_msgs) StdoutLine: {'line': b'-- Up-to-date symlink: /home/starry1n/WUTA/WUTA-FSD/ros2_ws/install/autoware_msgs/include/autoware_msgs/autoware_msgs/msg/detail/command__functions.h\n'}
[0.459949] (autoware_msgs) StdoutLine: {'line': b'-- Up-to-date symlink: /home/starry1n/WUTA/WUTA-FSD/ros2_ws/install/autoware_msgs/include/autoware_msgs/autoware_msgs/msg/detail/command__struct.h\n'}
[0.460131] (autoware_msgs) StdoutLine: {'line': b'-- Up-to-date symlink: /home/starry1n/WUTA/WUTA-FSD/ros2_ws/install/autoware_msgs/include/autoware_msgs/autoware_msgs/msg/detail/command__type_support.h\n'}
[0.460297] (autoware_msgs) StdoutLine: {'line': b'-- Up-to-date symlink: /home/starry1n/WUTA/WUTA-FSD/ros2_ws/install/autoware_msgs/include/autoware_msgs/autoware_msgs/msg/detail/lane__functions.h\n'}
[0.460337] (autoware_msgs) StdoutLine: {'line': b'-- Up-to-date symlink: /home/starry1n/WUTA/WUTA-FSD/ros2_ws/install/autoware_msgs/include/autoware_msgs/autoware_msgs/msg/detail/lane__struct.h\n'}
[0.460425] (autoware_msgs) StdoutLine: {'line': b'-- Up-to-date symlink: /home/starry1n/WUTA/WUTA-FSD/ros2_ws/install/autoware_msgs/include/autoware_msgs/autoware_msgs/msg/detail/lane__type_support.h\n'}
[0.460476] (autoware_msgs) StdoutLine: {'line': b'-- Up-to-date symlink: /home/starry1n/WUTA/WUTA-FSD/ros2_ws/install/autoware_msgs/include/autoware_msgs/autoware_msgs/msg/detail/waypoint__functions.h\n'}
[0.460510] (autoware_msgs) StdoutLine: {'line': b'-- Up-to-date symlink: /home/starry1n/WUTA/WUTA-FSD/ros2_ws/install/autoware_msgs/include/autoware_msgs/autoware_msgs/msg/detail/waypoint__struct.h\n'}
[0.460567] (autoware_msgs) StdoutLine: {'line': b'-- Up-to-date symlink: /home/starry1n/WUTA/WUTA-FSD/ros2_ws/install/autoware_msgs/include/autoware_msgs/autoware_msgs/msg/detail/waypoint__type_support.h\n'}
[0.460651] (autoware_msgs) StdoutLine: {'line': b'-- Up-to-date symlink: /home/starry1n/WUTA/WUTA-FSD/ros2_ws/install/autoware_msgs/include/autoware_msgs/autoware_msgs/msg/lane.h\n'}
[0.460685] (autoware_msgs) StdoutLine: {'line': b'-- Up-to-date symlink: /home/starry1n/WUTA/WUTA-FSD/ros2_ws/install/autoware_msgs/include/autoware_msgs/autoware_msgs/msg/rosidl_generator_c__visibility_control.h\n'}
[0.460722] (autoware_msgs) StdoutLine: {'line': b'-- Up-to-date symlink: /home/starry1n/WUTA/WUTA-FSD/ros2_ws/install/autoware_msgs/include/autoware_msgs/autoware_msgs/msg/waypoint.h\n'}
[0.460861] (autoware_msgs) StdoutLine: {'line': b'-- Up-to-date symlink: /home/starry1n/WUTA/WUTA-FSD/ros2_ws/install/autoware_msgs/share/autoware_msgs/environment/library_path.sh\n'}
[0.460963] (robot_localization) StdoutLine: {'line': b'[ 98%] Built target robot_localization__rosidl_typesupport_introspection_c__pyext\n'}
[0.461018] (autoware_msgs) StdoutLine: {'line': b'-- Up-to-date symlink: /home/starry1n/WUTA/WUTA-FSD/ros2_ws/install/autoware_msgs/share/autoware_msgs/environment/library_path.dsv\n'}
[0.461053] (autoware_msgs) StdoutLine: {'line': b'-- Up-to-date symlink: /home/starry1n/WUTA/WUTA-FSD/ros2_ws/install/autoware_msgs/include/autoware_msgs/autoware_msgs/msg/detail/command__rosidl_typesupport_fastrtps_c.h\n'}
[0.461081] (autoware_msgs) StdoutLine: {'line': b'-- Up-to-date symlink: /home/starry1n/WUTA/WUTA-FSD/ros2_ws/install/autoware_msgs/include/autoware_msgs/autoware_msgs/msg/detail/lane__rosidl_typesupport_fastrtps_c.h\n'}
[0.461111] (autoware_msgs) StdoutLine: {'line': b'-- Up-to-date symlink: /home/starry1n/WUTA/WUTA-FSD/ros2_ws/install/autoware_msgs/include/autoware_msgs/autoware_msgs/msg/detail/waypoint__rosidl_typesupport_fastrtps_c.h\n'}
[0.461957] (autoware_msgs) StdoutLine: {'line': b'-- Up-to-date symlink: /home/starry1n/WUTA/WUTA-FSD/ros2_ws/install/autoware_msgs/include/autoware_msgs/autoware_msgs/msg/rosidl_typesupport_fastrtps_c__visibility_control.h\n'}
[0.462127] (autoware_msgs) StdoutLine: {'line': b'-- Up-to-date symlink: /home/starry1n/WUTA/WUTA-FSD/ros2_ws/install/autoware_msgs/include/autoware_msgs/autoware_msgs/msg/detail/command__rosidl_typesupport_introspection_c.h\n'}
[0.462172] (autoware_msgs) StdoutLine: {'line': b'-- Up-to-date symlink: /home/starry1n/WUTA/WUTA-FSD/ros2_ws/install/autoware_msgs/include/autoware_msgs/autoware_msgs/msg/detail/lane__rosidl_typesupport_introspection_c.h\n'}
[0.462202] (autoware_msgs) StdoutLine: {'line': b'-- Up-to-date symlink: /home/starry1n/WUTA/WUTA-FSD/ros2_ws/install/autoware_msgs/include/autoware_msgs/autoware_msgs/msg/detail/waypoint__rosidl_typesupport_introspection_c.h\n'}
[0.462229] (autoware_msgs) StdoutLine: {'line': b'-- Up-to-date symlink: /home/starry1n/WUTA/WUTA-FSD/ros2_ws/install/autoware_msgs/include/autoware_msgs/autoware_msgs/msg/rosidl_typesupport_introspection_c__visibility_control.h\n'}
[0.462254] (autoware_msgs) StdoutLine: {'line': b'-- Up-to-date symlink: /home/starry1n/WUTA/WUTA-FSD/ros2_ws/install/autoware_msgs/include/autoware_msgs/autoware_msgs/msg/command.hpp\n'}
[0.462284] (autoware_msgs) StdoutLine: {'line': b'-- Up-to-date symlink: /home/starry1n/WUTA/WUTA-FSD/ros2_ws/install/autoware_msgs/include/autoware_msgs/autoware_msgs/msg/detail/command__builder.hpp\n'}
[0.462370] (autoware_msgs) StdoutLine: {'line': b'-- Up-to-date symlink: /home/starry1n/WUTA/WUTA-FSD/ros2_ws/install/autoware_msgs/include/autoware_msgs/autoware_msgs/msg/detail/command__struct.hpp\n'}
[0.462410] (autoware_msgs) StdoutLine: {'line': b'-- Up-to-date symlink: /home/starry1n/WUTA/WUTA-FSD/ros2_ws/install/autoware_msgs/include/autoware_msgs/autoware_msgs/msg/detail/command__traits.hpp\n'}
[0.462435] (autoware_msgs) StdoutLine: {'line': b'-- Up-to-date symlink: /home/starry1n/WUTA/WUTA-FSD/ros2_ws/install/autoware_msgs/include/autoware_msgs/autoware_msgs/msg/detail/command__type_support.hpp\n'}
[0.462520] (autoware_msgs) StdoutLine: {'line': b'-- Up-to-date symlink: /home/starry1n/WUTA/WUTA-FSD/ros2_ws/install/autoware_msgs/include/autoware_msgs/autoware_msgs/msg/detail/lane__builder.hpp\n'}
[0.462555] (autoware_msgs) StdoutLine: {'line': b'-- Up-to-date symlink: /home/starry1n/WUTA/WUTA-FSD/ros2_ws/install/autoware_msgs/include/autoware_msgs/autoware_msgs/msg/detail/lane__struct.hpp\n'}
[0.462581] (autoware_msgs) StdoutLine: {'line': b'-- Up-to-date symlink: /home/starry1n/WUTA/WUTA-FSD/ros2_ws/install/autoware_msgs/include/autoware_msgs/autoware_msgs/msg/detail/lane__traits.hpp\n'}
[0.462607] (autoware_msgs) StdoutLine: {'line': b'-- Up-to-date symlink: /home/starry1n/WUTA/WUTA-FSD/ros2_ws/install/autoware_msgs/include/autoware_msgs/autoware_msgs/msg/detail/lane__type_support.hpp\n'}
[0.462630] (autoware_msgs) StdoutLine: {'line': b'-- Up-to-date symlink: /home/starry1n/WUTA/WUTA-FSD/ros2_ws/install/autoware_msgs/include/autoware_msgs/autoware_msgs/msg/detail/waypoint__builder.hpp\n'}
[0.462654] (autoware_msgs) StdoutLine: {'line': b'-- Up-to-date symlink: /home/starry1n/WUTA/WUTA-FSD/ros2_ws/install/autoware_msgs/include/autoware_msgs/autoware_msgs/msg/detail/waypoint__struct.hpp\n'}
[0.462677] (autoware_msgs) StdoutLine: {'line': b'-- Up-to-date symlink: /home/starry1n/WUTA/WUTA-FSD/ros2_ws/install/autoware_msgs/include/autoware_msgs/autoware_msgs/msg/detail/waypoint__traits.hpp\n'}
[0.462700] (autoware_msgs) StdoutLine: {'line': b'-- Up-to-date symlink: /home/starry1n/WUTA/WUTA-FSD/ros2_ws/install/autoware_msgs/include/autoware_msgs/autoware_msgs/msg/detail/waypoint__type_support.hpp\n'}
[0.462724] (autoware_msgs) StdoutLine: {'line': b'-- Up-to-date symlink: /home/starry1n/WUTA/WUTA-FSD/ros2_ws/install/autoware_msgs/include/autoware_msgs/autoware_msgs/msg/lane.hpp\n'}
[0.462754] (autoware_msgs) StdoutLine: {'line': b'-- Up-to-date symlink: /home/starry1n/WUTA/WUTA-FSD/ros2_ws/install/autoware_msgs/include/autoware_msgs/autoware_msgs/msg/rosidl_generator_cpp__visibility_control.hpp\n'}
[0.462778] (autoware_msgs) StdoutLine: {'line': b'-- Up-to-date symlink: /home/starry1n/WUTA/WUTA-FSD/ros2_ws/install/autoware_msgs/include/autoware_msgs/autoware_msgs/msg/waypoint.hpp\n'}
[0.463091] (autoware_msgs) StdoutLine: {'line': b'-- Up-to-date symlink: /home/starry1n/WUTA/WUTA-FSD/ros2_ws/install/autoware_msgs/include/autoware_msgs/autoware_msgs/msg/detail/command__rosidl_typesupport_fastrtps_cpp.hpp\n'}
[0.463460] (autoware_msgs) StdoutLine: {'line': b'-- Up-to-date symlink: /home/starry1n/WUTA/WUTA-FSD/ros2_ws/install/autoware_msgs/include/autoware_msgs/autoware_msgs/msg/detail/lane__rosidl_typesupport_fastrtps_cpp.hpp\n'}
[0.463549] (autoware_msgs) StdoutLine: {'line': b'-- Up-to-date symlink: /home/starry1n/WUTA/WUTA-FSD/ros2_ws/install/autoware_msgs/include/autoware_msgs/autoware_msgs/msg/detail/waypoint__rosidl_typesupport_fastrtps_cpp.hpp\n'}
[0.463584] (autoware_msgs) StdoutLine: {'line': b'-- Up-to-date symlink: /home/starry1n/WUTA/WUTA-FSD/ros2_ws/install/autoware_msgs/include/autoware_msgs/autoware_msgs/msg/rosidl_typesupport_fastrtps_cpp__visibility_control.h\n'}
[0.463700] (autoware_msgs) StdoutLine: {'line': b'-- Up-to-date symlink: /home/starry1n/WUTA/WUTA-FSD/ros2_ws/install/autoware_msgs/include/autoware_msgs/autoware_msgs/msg/detail/command__rosidl_typesupport_introspection_cpp.hpp\n'}
[0.463904] (autoware_msgs) StdoutLine: {'line': b'-- Up-to-date symlink: /home/starry1n/WUTA/WUTA-FSD/ros2_ws/install/autoware_msgs/include/autoware_msgs/autoware_msgs/msg/detail/lane__rosidl_typesupport_introspection_cpp.hpp\n'}
[0.463971] (autoware_msgs) StdoutLine: {'line': b'-- Up-to-date symlink: /home/starry1n/WUTA/WUTA-FSD/ros2_ws/install/autoware_msgs/include/autoware_msgs/autoware_msgs/msg/detail/waypoint__rosidl_typesupport_introspection_cpp.hpp\n'}
[0.464139] (autoware_msgs) StdoutLine: {'line': b'-- Up-to-date symlink: /home/starry1n/WUTA/WUTA-FSD/ros2_ws/install/autoware_msgs/share/autoware_msgs/environment/pythonpath.sh\n'}
[0.464302] (autoware_msgs) StdoutLine: {'line': b'-- Up-to-date symlink: /home/starry1n/WUTA/WUTA-FSD/ros2_ws/install/autoware_msgs/share/autoware_msgs/environment/pythonpath.dsv\n'}
[0.464531] (autoware_msgs) StdoutLine: {'line': b'-- Up-to-date symlink: /home/starry1n/WUTA/WUTA-FSD/ros2_ws/install/autoware_msgs/local/lib/python3.10/dist-packages/autoware_msgs-0.1.0-py3.10.egg-info/PKG-INFO\n'}
[0.464628] (autoware_msgs) StdoutLine: {'line': b'-- Up-to-date symlink: /home/starry1n/WUTA/WUTA-FSD/ros2_ws/install/autoware_msgs/local/lib/python3.10/dist-packages/autoware_msgs-0.1.0-py3.10.egg-info/SOURCES.txt\n'}
[0.464684] (autoware_msgs) StdoutLine: {'line': b'-- Up-to-date symlink: /home/starry1n/WUTA/WUTA-FSD/ros2_ws/install/autoware_msgs/local/lib/python3.10/dist-packages/autoware_msgs-0.1.0-py3.10.egg-info/dependency_links.txt\n'}
[0.464873] (autoware_msgs) StdoutLine: {'line': b'-- Up-to-date symlink: /home/starry1n/WUTA/WUTA-FSD/ros2_ws/install/autoware_msgs/local/lib/python3.10/dist-packages/autoware_msgs-0.1.0-py3.10.egg-info/top_level.txt\n'}
[0.465134] (autoware_msgs) StdoutLine: {'line': b'-- Up-to-date symlink: /home/starry1n/WUTA/WUTA-FSD/ros2_ws/install/autoware_msgs/local/lib/python3.10/dist-packages/autoware_msgs/__init__.py\n'}
[0.465404] (autoware_msgs) StdoutLine: {'line': b'-- Up-to-date symlink: /home/starry1n/WUTA/WUTA-FSD/ros2_ws/install/autoware_msgs/local/lib/python3.10/dist-packages/autoware_msgs/_autoware_msgs_s.ep.rosidl_typesupport_c.c\n'}
[0.465621] (autoware_msgs) StdoutLine: {'line': b'-- Up-to-date symlink: /home/starry1n/WUTA/WUTA-FSD/ros2_ws/install/autoware_msgs/local/lib/python3.10/dist-packages/autoware_msgs/_autoware_msgs_s.ep.rosidl_typesupport_fastrtps_c.c\n'}
[0.465670] (autoware_msgs) StdoutLine: {'line': b'-- Up-to-date symlink: /home/starry1n/WUTA/WUTA-FSD/ros2_ws/install/autoware_msgs/local/lib/python3.10/dist-packages/autoware_msgs/_autoware_msgs_s.ep.rosidl_typesupport_introspection_c.c\n'}
[0.465833] (autoware_msgs) StdoutLine: {'line': b'-- Up-to-date symlink: /home/starry1n/WUTA/WUTA-FSD/ros2_ws/install/autoware_msgs/local/lib/python3.10/dist-packages/autoware_msgs/autoware_msgs_s__rosidl_typesupport_c.cpython-310-x86_64-linux-gnu.so\n'}
[0.466032] (autoware_msgs) StdoutLine: {'line': b'-- Up-to-date symlink: /home/starry1n/WUTA/WUTA-FSD/ros2_ws/install/autoware_msgs/local/lib/python3.10/dist-packages/autoware_msgs/autoware_msgs_s__rosidl_typesupport_fastrtps_c.cpython-310-x86_64-linux-gnu.so\n'}
[0.466100] (autoware_msgs) StdoutLine: {'line': b'-- Up-to-date symlink: /home/starry1n/WUTA/WUTA-FSD/ros2_ws/install/autoware_msgs/local/lib/python3.10/dist-packages/autoware_msgs/autoware_msgs_s__rosidl_typesupport_introspection_c.cpython-310-x86_64-linux-gnu.so\n'}
[0.466164] (autoware_msgs) StdoutLine: {'line': b'-- Up-to-date symlink: /home/starry1n/WUTA/WUTA-FSD/ros2_ws/install/autoware_msgs/local/lib/python3.10/dist-packages/autoware_msgs/libautoware_msgs__rosidl_generator_py.so\n'}
[0.466409] (autoware_msgs) StdoutLine: {'line': b'-- Up-to-date symlink: /home/starry1n/WUTA/WUTA-FSD/ros2_ws/install/autoware_msgs/local/lib/python3.10/dist-packages/autoware_msgs/msg/__init__.py\n'}
[0.466490] (autoware_msgs) StdoutLine: {'line': b'-- Up-to-date symlink: /home/starry1n/WUTA/WUTA-FSD/ros2_ws/install/autoware_msgs/local/lib/python3.10/dist-packages/autoware_msgs/msg/_command.py\n'}
[0.466521] (autoware_msgs) StdoutLine: {'line': b'-- Up-to-date symlink: /home/starry1n/WUTA/WUTA-FSD/ros2_ws/install/autoware_msgs/local/lib/python3.10/dist-packages/autoware_msgs/msg/_command_s.c\n'}
[0.466547] (autoware_msgs) StdoutLine: {'line': b'-- Up-to-date symlink: /home/starry1n/WUTA/WUTA-FSD/ros2_ws/install/autoware_msgs/local/lib/python3.10/dist-packages/autoware_msgs/msg/_lane.py\n'}
[0.466582] (autoware_msgs) StdoutLine: {'line': b'-- Up-to-date symlink: /home/starry1n/WUTA/WUTA-FSD/ros2_ws/install/autoware_msgs/local/lib/python3.10/dist-packages/autoware_msgs/msg/_lane_s.c\n'}
[0.466611] (autoware_msgs) StdoutLine: {'line': b'-- Up-to-date symlink: /home/starry1n/WUTA/WUTA-FSD/ros2_ws/install/autoware_msgs/local/lib/python3.10/dist-packages/autoware_msgs/msg/_waypoint.py\n'}
[0.466759] (robot_localization) StdoutLine: {'line': b'[100%] Built target robot_localization__rosidl_typesupport_c__pyext\n'}
[0.466814] (autoware_msgs) StdoutLine: {'line': b'-- Up-to-date symlink: /home/starry1n/WUTA/WUTA-FSD/ros2_ws/install/autoware_msgs/local/lib/python3.10/dist-packages/autoware_msgs/msg/_waypoint_s.c\n'}
[0.466848] (autoware_msgs) StdoutLine: {'line': b'-- Up-to-date symlink: /home/starry1n/WUTA/WUTA-FSD/ros2_ws/install/autoware_msgs/local/lib/python3.10/dist-packages/autoware_msgs/autoware_msgs_s__rosidl_typesupport_fastrtps_c.cpython-310-x86_64-linux-gnu.so\n'}
[0.466884] (autoware_msgs) StdoutLine: {'line': b'-- Up-to-date symlink: /home/starry1n/WUTA/WUTA-FSD/ros2_ws/install/autoware_msgs/local/lib/python3.10/dist-packages/autoware_msgs/autoware_msgs_s__rosidl_typesupport_introspection_c.cpython-310-x86_64-linux-gnu.so\n'}
[0.467266] (autoware_msgs) StdoutLine: {'line': b'-- Up-to-date symlink: /home/starry1n/WUTA/WUTA-FSD/ros2_ws/install/autoware_msgs/local/lib/python3.10/dist-packages/autoware_msgs/autoware_msgs_s__rosidl_typesupport_c.cpython-310-x86_64-linux-gnu.so\n'}
[0.467565] (autoware_msgs) StdoutLine: {'line': b'-- Up-to-date symlink: /home/starry1n/WUTA/WUTA-FSD/ros2_ws/install/autoware_msgs/share/ament_index/resource_index/rust_packages/autoware_msgs\n'}
[0.468249] (autoware_msgs) StdoutLine: {'line': b'-- Up-to-date symlink: /home/starry1n/WUTA/WUTA-FSD/ros2_ws/install/autoware_msgs/share/autoware_msgs/rust/Cargo.toml\n'}
[0.468385] (autoware_msgs) StdoutLine: {'line': b'-- Up-to-date symlink: /home/starry1n/WUTA/WUTA-FSD/ros2_ws/install/autoware_msgs/share/autoware_msgs/rust/build.rs\n'}
[0.468678] (autoware_msgs) StdoutLine: {'line': b'-- Up-to-date symlink: /home/starry1n/WUTA/WUTA-FSD/ros2_ws/install/autoware_msgs/share/autoware_msgs/rust/src/lib.rs\n'}
[0.469170] (autoware_msgs) StdoutLine: {'line': b'-- Up-to-date symlink: /home/starry1n/WUTA/WUTA-FSD/ros2_ws/install/autoware_msgs/share/autoware_msgs/rust/src/msg.rs\n'}
[0.469244] (autoware_msgs) StdoutLine: {'line': b'-- Up-to-date symlink: /home/starry1n/WUTA/WUTA-FSD/ros2_ws/install/autoware_msgs/share/autoware_msgs/rust/src/msg/rmw.rs\n'}
[0.469274] (autoware_msgs) StdoutLine: {'line': b'-- Up-to-date symlink: /home/starry1n/WUTA/WUTA-FSD/ros2_ws/install/autoware_msgs/share/autoware_msgs/msg/Waypoint.idl\n'}
[0.469299] (autoware_msgs) StdoutLine: {'line': b'-- Up-to-date symlink: /home/starry1n/WUTA/WUTA-FSD/ros2_ws/install/autoware_msgs/share/autoware_msgs/msg/Lane.idl\n'}
[0.469703] (autoware_msgs) StdoutLine: {'line': b'-- Up-to-date symlink: /home/starry1n/WUTA/WUTA-FSD/ros2_ws/install/autoware_msgs/share/autoware_msgs/msg/Command.idl\n'}
[0.469979] (autoware_msgs) StdoutLine: {'line': b'-- Up-to-date symlink: /home/starry1n/WUTA/WUTA-FSD/ros2_ws/install/autoware_msgs/share/autoware_msgs/msg/Waypoint.msg\n'}
[0.470022] (autoware_msgs) StdoutLine: {'line': b'-- Up-to-date symlink: /home/starry1n/WUTA/WUTA-FSD/ros2_ws/install/autoware_msgs/share/autoware_msgs/msg/Lane.msg\n'}
[0.470053] (autoware_msgs) StdoutLine: {'line': b'-- Up-to-date symlink: /home/starry1n/WUTA/WUTA-FSD/ros2_ws/install/autoware_msgs/share/autoware_msgs/msg/Command.msg\n'}
[0.470394] (autoware_msgs) StdoutLine: {'line': b'-- Up-to-date symlink: /home/starry1n/WUTA/WUTA-FSD/ros2_ws/install/autoware_msgs/share/ament_index/resource_index/package_run_dependencies/autoware_msgs\n'}
[0.470630] (autoware_msgs) StdoutLine: {'line': b'-- Up-to-date symlink: /home/starry1n/WUTA/WUTA-FSD/ros2_ws/install/autoware_msgs/share/ament_index/resource_index/parent_prefix_path/autoware_msgs\n'}
[0.471236] (autoware_msgs) StdoutLine: {'line': b'-- Up-to-date symlink: /home/starry1n/WUTA/WUTA-FSD/ros2_ws/install/autoware_msgs/share/autoware_msgs/environment/ament_prefix_path.sh\n'}
[0.471540] (autoware_msgs) StdoutLine: {'line': b'-- Up-to-date symlink: /home/starry1n/WUTA/WUTA-FSD/ros2_ws/install/autoware_msgs/share/autoware_msgs/environment/ament_prefix_path.dsv\n'}
[0.471580] (autoware_msgs) StdoutLine: {'line': b'-- Up-to-date symlink: /home/starry1n/WUTA/WUTA-FSD/ros2_ws/install/autoware_msgs/share/autoware_msgs/environment/path.sh\n'}
[0.472038] (autoware_msgs) StdoutLine: {'line': b'-- Up-to-date symlink: /home/starry1n/WUTA/WUTA-FSD/ros2_ws/install/autoware_msgs/share/autoware_msgs/environment/path.dsv\n'}
[0.472136] (autoware_msgs) StdoutLine: {'line': b'-- Up-to-date symlink: /home/starry1n/WUTA/WUTA-FSD/ros2_ws/install/autoware_msgs/share/autoware_msgs/local_setup.bash\n'}
[0.472180] (autoware_msgs) StdoutLine: {'line': b'-- Up-to-date symlink: /home/starry1n/WUTA/WUTA-FSD/ros2_ws/install/autoware_msgs/share/autoware_msgs/local_setup.sh\n'}
[0.472221] (autoware_msgs) StdoutLine: {'line': b'-- Up-to-date symlink: /home/starry1n/WUTA/WUTA-FSD/ros2_ws/install/autoware_msgs/share/autoware_msgs/local_setup.zsh\n'}
[0.472261] (autoware_msgs) StdoutLine: {'line': b'-- Up-to-date symlink: /home/starry1n/WUTA/WUTA-FSD/ros2_ws/install/autoware_msgs/share/autoware_msgs/local_setup.dsv\n'}
[0.472301] (autoware_msgs) StdoutLine: {'line': b'-- Symlinking: /home/starry1n/WUTA/WUTA-FSD/ros2_ws/install/autoware_msgs/share/autoware_msgs/package.dsv\n'}
[0.477120] (robot_localization) CommandEnded: {'returncode': 0}
[0.478755] (robot_localization) JobProgress: {'identifier': 'robot_localization', 'progress': 'install'}
[0.479068] (robot_localization) Command: {'cmd': ['/usr/bin/cmake', '--install', '/home/starry1n/WUTA/WUTA-FSD/ros2_ws/build/robot_localization'], 'cwd': '/home/starry1n/WUTA/WUTA-FSD/ros2_ws/build/robot_localization', 'env': OrderedDict([('LESSOPEN', '| /usr/bin/lesspipe %s'), ('CODEX_CI', '1'), ('LANGUAGE', 'zh_CN:zh'), ('USER', 'starry1n'), ('XDG_SESSION_TYPE', 'wayland'), ('SHLVL', '2'), ('LD_LIBRARY_PATH', '/opt/ros/humble/opt/rviz_ogre_vendor/lib:/opt/ros/humble/lib/x86_64-linux-gnu:/opt/ros/humble/lib'), ('HOME', '/home/starry1n'), ('OLDPWD', '/home/starry1n/WUTA/WUTA-FSD'), ('DESKTOP_SESSION', 'ubuntu'), ('ROS_PYTHON_VERSION', '3'), ('GNOME_SHELL_SESSION_MODE', 'ubuntu'), ('GTK_MODULES', 'gail:atk-bridge'), ('PAGER', 'cat'), ('LC_CTYPE', 'C.UTF-8'), ('DBUS_STARTER_BUS_TYPE', 'session'), ('SYSTEMD_EXEC_PID', '2321'), ('IM_CONFIG_CHECK_ENV', '1'), ('NO_COLOR', '1'), ('DBUS_SESSION_BUS_ADDRESS', 'unix:path=/run/user/1000/bus,guid=c67e2489f73595b365ff0ae46a50c8ee'), ('COLORTERM', ''), ('IM_CONFIG_PHASE', '1'), ('WAYLAND_DISPLAY', 'wayland-0'), ('CODEX_PERMISSION_PROFILE', ':workspace'), ('ROS_DISTRO', 'humble'), ('LOGNAME', 'starry1n'), ('_', '/usr/bin/colcon'), ('ROS_VERSION', '2'), ('XDG_SESSION_CLASS', 'user'), ('USERNAME', 'starry1n'), ('TERM', 'dumb'), ('GNOME_DESKTOP_SESSION_ID', 'this-is-deprecated'), ('ROS_LOCALHOST_ONLY', '0'), ('PATH', '/home/starry1n/.local/bin:/home/starry1n/.codex/packages/standalone/releases/0.144.4-x86_64-unknown-linux-musl/codex-path:/home/starry1n/.codex/tmp/arg0/codex-arg05cnADw:/home/starry1n/.local/bin:/opt/ros/humble/bin:/home/starry1n/.local/bin:/usr/local/sbin:/usr/local/bin:/usr/sbin:/usr/bin:/sbin:/bin:/usr/games:/usr/local/games:/snap/bin:/snap/bin'), ('SESSION_MANAGER', 'local/starry1n-virtual-machine:@/tmp/.ICE-unix/2321,unix/starry1n-virtual-machine:/tmp/.ICE-unix/2321'), ('XDG_MENU_PREFIX', 'gnome-'), ('GNOME_TERMINAL_SCREEN', '/org/gnome/Terminal/screen/b41f3890_f157_4b82_b249_7c5cfcb9354a'), ('GNOME_SETUP_DISPLAY', ':1'), ('XDG_RUNTIME_DIR', '/run/user/1000'), ('DISPLAY', ':0'), ('CODEX_SANDBOX_NETWORK_DISABLED', '1'), ('LANG', 'C.UTF-8'), ('XDG_CURRENT_DESKTOP', 'ubuntu:GNOME'), ('XMODIFIERS', '@im=ibus'), ('GH_PAGER', 'cat'), ('XDG_SESSION_DESKTOP', 'ubuntu'), ('XAUTHORITY', '/run/user/1000/.mutter-Xwaylandauth.H6FRS3'), ('LS_COLORS', 'rs=0:di=01;34:ln=01;36:mh=00:pi=40;33:so=01;35:do=01;35:bd=40;33;01:cd=40;33;01:or=40;31;01:mi=00:su=37;41:sg=30;43:ca=30;41:tw=30;42:ow=34;42:st=37;44:ex=01;32:*.tar=01;31:*.tgz=01;31:*.arc=01;31:*.arj=01;31:*.taz=01;31:*.lha=01;31:*.lz4=01;31:*.lzh=01;31:*.lzma=01;31:*.tlz=01;31:*.txz=01;31:*.tzo=01;31:*.t7z=01;31:*.zip=01;31:*.z=01;31:*.dz=01;31:*.gz=01;31:*.lrz=01;31:*.lz=01;31:*.lzo=01;31:*.xz=01;31:*.zst=01;31:*.tzst=01;31:*.bz2=01;31:*.bz=01;31:*.tbz=01;31:*.tbz2=01;31:*.tz=01;31:*.deb=01;31:*.rpm=01;31:*.jar=01;31:*.war=01;31:*.ear=01;31:*.sar=01;31:*.rar=01;31:*.alz=01;31:*.ace=01;31:*.zoo=01;31:*.cpio=01;31:*.7z=01;31:*.rz=01;31:*.cab=01;31:*.wim=01;31:*.swm=01;31:*.dwm=01;31:*.esd=01;31:*.jpg=01;35:*.jpeg=01;35:*.mjpg=01;35:*.mjpeg=01;35:*.gif=01;35:*.bmp=01;35:*.pbm=01;35:*.pgm=01;35:*.ppm=01;35:*.tga=01;35:*.xbm=01;35:*.xpm=01;35:*.tif=01;35:*.tiff=01;35:*.png=01;35:*.svg=01;35:*.svgz=01;35:*.mng=01;35:*.pcx=01;35:*.mov=01;35:*.mpg=01;35:*.mpeg=01;35:*.m2v=01;35:*.mkv=01;35:*.webm=01;35:*.webp=01;35:*.ogm=01;35:*.mp4=01;35:*.m4v=01;35:*.mp4v=01;35:*.vob=01;35:*.qt=01;35:*.nuv=01;35:*.wmv=01;35:*.asf=01;35:*.rm=01;35:*.rmvb=01;35:*.flc=01;35:*.avi=01;35:*.fli=01;35:*.flv=01;35:*.gl=01;35:*.dl=01;35:*.xcf=01;35:*.xwd=01;35:*.yuv=01;35:*.cgm=01;35:*.emf=01;35:*.ogv=01;35:*.ogx=01;35:*.aac=00;36:*.au=00;36:*.flac=00;36:*.m4a=00;36:*.mid=00;36:*.midi=00;36:*.mka=00;36:*.mp3=00;36:*.mpc=00;36:*.ogg=00;36:*.ra=00;36:*.wav=00;36:*.oga=00;36:*.opus=00;36:*.spx=00;36:*.xspf=00;36:'), ('GNOME_TERMINAL_SERVICE', ':1.330'), ('SSH_AGENT_LAUNCHER', 'gnome-keyring'), ('SSH_AUTH_SOCK', '/run/user/1000/keyring/ssh'), ('AMENT_PREFIX_PATH', '/opt/ros/humble'), ('SHELL', '/bin/bash'), ('QT_ACCESSIBILITY', '1'), ('GDMSESSION', 'ubuntu'), ('LESSCLOSE', '/usr/bin/lesspipe %s %s'), ('CODEX_THREAD_ID', '019f5073-bc50-71a2-9549-8d1988512281'), ('GIT_PAGER', 'cat'), ('QT_IM_MODULE', 'ibus'), ('PWD', '/home/starry1n/WUTA/WUTA-FSD/ros2_ws/build/robot_localization'), ('LC_ALL', 'C.UTF-8'), ('XDG_CONFIG_DIRS', '/etc/xdg/xdg-ubuntu:/etc/xdg'), ('DBUS_STARTER_ADDRESS', 'unix:path=/run/user/1000/bus,guid=c67e2489f73595b365ff0ae46a50c8ee'), ('XDG_DATA_DIRS', '/usr/share/ubuntu:/usr/local/share/:/usr/share/:/var/lib/snapd/desktop'), ('PYTHONPATH', '/opt/ros/humble/lib/python3.10/site-packages:/opt/ros/humble/local/lib/python3.10/dist-packages'), ('COLCON', '1'), ('VTE_VERSION', '6800'), ('CMAKE_PREFIX_PATH', '/opt/ros/humble')]), 'shell': False}
[0.481586] (wuta_msgs) StdoutLine: {'line': b"Listing '/home/starry1n/WUTA/WUTA-FSD/ros2_ws/install/wuta_msgs/local/lib/python3.10/dist-packages/wuta_msgs'...\n"}
[0.481806] (wuta_msgs) StdoutLine: {'line': b"Listing '/home/starry1n/WUTA/WUTA-FSD/ros2_ws/install/wuta_msgs/local/lib/python3.10/dist-packages/wuta_msgs/msg'...\n"}
[0.482121] (autoware_msgs) StdoutLine: {'line': b'-- Up-to-date symlink: /home/starry1n/WUTA/WUTA-FSD/ros2_ws/install/autoware_msgs/share/ament_index/resource_index/packages/autoware_msgs\n'}
[0.482219] (autoware_msgs) StdoutLine: {'line': b'-- Up-to-date symlink: /home/starry1n/WUTA/WUTA-FSD/ros2_ws/install/autoware_msgs/share/autoware_msgs/cmake/rosidl_cmake-extras.cmake\n'}
[0.482403] (autoware_msgs) StdoutLine: {'line': b'-- Up-to-date symlink: /home/starry1n/WUTA/WUTA-FSD/ros2_ws/install/autoware_msgs/share/autoware_msgs/cmake/ament_cmake_export_dependencies-extras.cmake\n'}
[0.482488] (autoware_msgs) StdoutLine: {'line': b'-- Up-to-date symlink: /home/starry1n/WUTA/WUTA-FSD/ros2_ws/install/autoware_msgs/share/autoware_msgs/cmake/ament_cmake_export_include_directories-extras.cmake\n'}
[0.482635] (autoware_msgs) StdoutLine: {'line': b'-- Up-to-date symlink: /home/starry1n/WUTA/WUTA-FSD/ros2_ws/install/autoware_msgs/share/autoware_msgs/cmake/ament_cmake_export_libraries-extras.cmake\n'}
[0.482680] (autoware_msgs) StdoutLine: {'line': b'-- Up-to-date symlink: /home/starry1n/WUTA/WUTA-FSD/ros2_ws/install/autoware_msgs/share/autoware_msgs/cmake/ament_cmake_export_targets-extras.cmake\n'}
[0.482722] (autoware_msgs) StdoutLine: {'line': b'-- Up-to-date symlink: /home/starry1n/WUTA/WUTA-FSD/ros2_ws/install/autoware_msgs/share/autoware_msgs/cmake/rosidl_cmake_export_typesupport_targets-extras.cmake\n'}
[0.482752] (autoware_msgs) StdoutLine: {'line': b'-- Up-to-date symlink: /home/starry1n/WUTA/WUTA-FSD/ros2_ws/install/autoware_msgs/share/autoware_msgs/cmake/rosidl_cmake_export_typesupport_libraries-extras.cmake\n'}
[0.482777] (autoware_msgs) StdoutLine: {'line': b'-- Up-to-date symlink: /home/starry1n/WUTA/WUTA-FSD/ros2_ws/install/autoware_msgs/share/autoware_msgs/cmake/rosidl_cmake_aggregate_target-extras.cmake\n'}
[0.482802] (autoware_msgs) StdoutLine: {'line': b'-- Up-to-date symlink: /home/starry1n/WUTA/WUTA-FSD/ros2_ws/install/autoware_msgs/share/autoware_msgs/cmake/autoware_msgsConfig.cmake\n'}
[0.482826] (autoware_msgs) StdoutLine: {'line': b'-- Up-to-date symlink: /home/starry1n/WUTA/WUTA-FSD/ros2_ws/install/autoware_msgs/share/autoware_msgs/cmake/autoware_msgsConfig-version.cmake\n'}
[0.482852] (autoware_msgs) StdoutLine: {'line': b'-- Up-to-date symlink: /home/starry1n/WUTA/WUTA-FSD/ros2_ws/install/autoware_msgs/share/autoware_msgs/package.xml\n'}
[0.482979] (autoware_msgs) StdoutLine: {'line': b'-- Up-to-date: /home/starry1n/WUTA/WUTA-FSD/ros2_ws/install/autoware_msgs/lib/libautoware_msgs__rosidl_generator_c.so\n'}
[0.483339] (autoware_msgs) StdoutLine: {'line': b'-- Up-to-date: /home/starry1n/WUTA/WUTA-FSD/ros2_ws/install/autoware_msgs/lib/libautoware_msgs__rosidl_typesupport_fastrtps_c.so\n'}
[0.483734] (autoware_msgs) StdoutLine: {'line': b'-- Up-to-date: /home/starry1n/WUTA/WUTA-FSD/ros2_ws/install/autoware_msgs/lib/libautoware_msgs__rosidl_typesupport_introspection_c.so\n'}
[0.484685] (autoware_msgs) StdoutLine: {'line': b'-- Up-to-date: /home/starry1n/WUTA/WUTA-FSD/ros2_ws/install/autoware_msgs/lib/libautoware_msgs__rosidl_typesupport_c.so\n'}
[0.485412] (autoware_msgs) StdoutLine: {'line': b'-- Up-to-date: /home/starry1n/WUTA/WUTA-FSD/ros2_ws/install/autoware_msgs/lib/libautoware_msgs__rosidl_typesupport_fastrtps_cpp.so\n'}
[0.485808] (wuta_msgs) StdoutLine: {'line': b'-- Up-to-date: /home/starry1n/WUTA/WUTA-FSD/ros2_ws/install/wuta_msgs/lib/libwuta_msgs__rosidl_generator_py.so\n'}
[0.485917] (autoware_msgs) StdoutLine: {'line': b'-- Up-to-date: /home/starry1n/WUTA/WUTA-FSD/ros2_ws/install/autoware_msgs/lib/libautoware_msgs__rosidl_typesupport_introspection_cpp.so\n'}
[0.485975] (wuta_msgs) StdoutLine: {'line': b'-- Up-to-date: /home/starry1n/WUTA/WUTA-FSD/ros2_ws/install/wuta_msgs/share/wuta_msgs/cmake/export_wuta_msgs__rosidl_generator_cExport.cmake\n'}
[0.486022] (wuta_msgs) StdoutLine: {'line': b'-- Up-to-date: /home/starry1n/WUTA/WUTA-FSD/ros2_ws/install/wuta_msgs/share/wuta_msgs/cmake/export_wuta_msgs__rosidl_generator_cExport-noconfig.cmake\n'}
[0.486068] (wuta_msgs) StdoutLine: {'line': b'-- Up-to-date: /home/starry1n/WUTA/WUTA-FSD/ros2_ws/install/wuta_msgs/share/wuta_msgs/cmake/export_wuta_msgs__rosidl_typesupport_fastrtps_cExport.cmake\n'}
[0.486113] (wuta_msgs) StdoutLine: {'line': b'-- Up-to-date: /home/starry1n/WUTA/WUTA-FSD/ros2_ws/install/wuta_msgs/share/wuta_msgs/cmake/export_wuta_msgs__rosidl_typesupport_fastrtps_cExport-noconfig.cmake\n'}
[0.486166] (autoware_msgs) StdoutLine: {'line': b'-- Up-to-date: /home/starry1n/WUTA/WUTA-FSD/ros2_ws/install/autoware_msgs/lib/libautoware_msgs__rosidl_typesupport_cpp.so\n'}
[0.486205] (wuta_msgs) StdoutLine: {'line': b'-- Up-to-date: /home/starry1n/WUTA/WUTA-FSD/ros2_ws/install/wuta_msgs/share/wuta_msgs/cmake/wuta_msgs__rosidl_typesupport_introspection_cExport.cmake\n'}
[0.486533] (wuta_msgs) StdoutLine: {'line': b'-- Up-to-date: /home/starry1n/WUTA/WUTA-FSD/ros2_ws/install/wuta_msgs/share/wuta_msgs/cmake/wuta_msgs__rosidl_typesupport_introspection_cExport-noconfig.cmake\n'}
[0.486620] (wuta_msgs) StdoutLine: {'line': b'-- Up-to-date: /home/starry1n/WUTA/WUTA-FSD/ros2_ws/install/wuta_msgs/share/wuta_msgs/cmake/wuta_msgs__rosidl_typesupport_cExport.cmake\n'}
[0.486665] (wuta_msgs) StdoutLine: {'line': b'-- Up-to-date: /home/starry1n/WUTA/WUTA-FSD/ros2_ws/install/wuta_msgs/share/wuta_msgs/cmake/wuta_msgs__rosidl_typesupport_cExport-noconfig.cmake\n'}
[0.486714] (wuta_msgs) StdoutLine: {'line': b'-- Up-to-date: /home/starry1n/WUTA/WUTA-FSD/ros2_ws/install/wuta_msgs/share/wuta_msgs/cmake/export_wuta_msgs__rosidl_generator_cppExport.cmake\n'}
[0.487030] (wuta_msgs) StdoutLine: {'line': b'-- Up-to-date: /home/starry1n/WUTA/WUTA-FSD/ros2_ws/install/wuta_msgs/share/wuta_msgs/cmake/export_wuta_msgs__rosidl_typesupport_fastrtps_cppExport.cmake\n'}
[0.487129] (wuta_msgs) StdoutLine: {'line': b'-- Up-to-date: /home/starry1n/WUTA/WUTA-FSD/ros2_ws/install/wuta_msgs/share/wuta_msgs/cmake/export_wuta_msgs__rosidl_typesupport_fastrtps_cppExport-noconfig.cmake\n'}
[0.488460] (wuta_msgs) StdoutLine: {'line': b'-- Up-to-date: /home/starry1n/WUTA/WUTA-FSD/ros2_ws/install/wuta_msgs/share/wuta_msgs/cmake/wuta_msgs__rosidl_typesupport_introspection_cppExport.cmake\n'}
[0.488718] (wuta_msgs) StdoutLine: {'line': b'-- Up-to-date: /home/starry1n/WUTA/WUTA-FSD/ros2_ws/install/wuta_msgs/share/wuta_msgs/cmake/wuta_msgs__rosidl_typesupport_introspection_cppExport-noconfig.cmake\n'}
[0.488766] (wuta_msgs) StdoutLine: {'line': b'-- Up-to-date: /home/starry1n/WUTA/WUTA-FSD/ros2_ws/install/wuta_msgs/share/wuta_msgs/cmake/wuta_msgs__rosidl_typesupport_cppExport.cmake\n'}
[0.488800] (wuta_msgs) StdoutLine: {'line': b'-- Up-to-date: /home/starry1n/WUTA/WUTA-FSD/ros2_ws/install/wuta_msgs/share/wuta_msgs/cmake/wuta_msgs__rosidl_typesupport_cppExport-noconfig.cmake\n'}
[0.488831] (wuta_msgs) StdoutLine: {'line': b'-- Up-to-date: /home/starry1n/WUTA/WUTA-FSD/ros2_ws/install/wuta_msgs/share/wuta_msgs/cmake/export_wuta_msgs__rosidl_generator_pyExport.cmake\n'}
[0.488963] (wuta_msgs) StdoutLine: {'line': b'-- Up-to-date: /home/starry1n/WUTA/WUTA-FSD/ros2_ws/install/wuta_msgs/share/wuta_msgs/cmake/export_wuta_msgs__rosidl_generator_pyExport-noconfig.cmake\n'}
[0.489001] (robot_localization) StdoutLine: {'line': b'-- Install configuration: "RelWithDebInfo"\n'}
[0.489068] (robot_localization) StdoutLine: {'line': b'-- Execute custom install script\n'}
[0.489120] (robot_localization) StdoutLine: {'line': b'-- Up-to-date symlink: /home/starry1n/WUTA/WUTA-FSD/ros2_ws/install/robot_localization/share/ament_index/resource_index/rosidl_interfaces/robot_localization\n'}
[0.489191] (wuta_msgs) CommandEnded: {'returncode': 0}
[0.501799] (-) TimerEvent: {}
[0.511459] (wuta_msgs) JobEnded: {'identifier': 'wuta_msgs', 'rc': 0}
[0.512323] (camera_detection) JobStarted: {'identifier': 'camera_detection'}
[0.515244] (cone_map_builder) JobStarted: {'identifier': 'cone_map_builder'}
[0.518525] (detection_fusion) JobStarted: {'identifier': 'detection_fusion'}
[0.522087] (kiss_icp_wrapper) JobStarted: {'identifier': 'kiss_icp_wrapper'}
[0.526590] (lidar_detection) JobStarted: {'identifier': 'lidar_detection'}
[0.529374] (mission_manager) JobStarted: {'identifier': 'mission_manager'}
[0.532847] (robot_localization) StdoutLine: {'line': b'-- Up-to-date symlink: /home/starry1n/WUTA/WUTA-FSD/ros2_ws/install/robot_localization/include/robot_localization/robot_localization/msg/rosidl_generator_c__visibility_control.h\n'}
[0.534584] (robot_localization) StdoutLine: {'line': b'-- Up-to-date symlink: /home/starry1n/WUTA/WUTA-FSD/ros2_ws/install/robot_localization/include/robot_localization/robot_localization/srv/detail/from_ll__functions.h\n'}
[0.534899] (robot_localization) StdoutLine: {'line': b'-- Up-to-date symlink: /home/starry1n/WUTA/WUTA-FSD/ros2_ws/install/robot_localization/include/robot_localization/robot_localization/srv/detail/from_ll__struct.h\n'}
[0.534975] (robot_localization) StdoutLine: {'line': b'-- Up-to-date symlink: /home/starry1n/WUTA/WUTA-FSD/ros2_ws/install/robot_localization/include/robot_localization/robot_localization/srv/detail/from_ll__type_support.h\n'}
[0.535036] (robot_localization) StdoutLine: {'line': b'-- Up-to-date symlink: /home/starry1n/WUTA/WUTA-FSD/ros2_ws/install/robot_localization/include/robot_localization/robot_localization/srv/detail/get_state__functions.h\n'}
[0.535073] (robot_localization) StdoutLine: {'line': b'-- Up-to-date symlink: /home/starry1n/WUTA/WUTA-FSD/ros2_ws/install/robot_localization/include/robot_localization/robot_localization/srv/detail/get_state__struct.h\n'}
[0.535108] (robot_localization) StdoutLine: {'line': b'-- Up-to-date symlink: /home/starry1n/WUTA/WUTA-FSD/ros2_ws/install/robot_localization/include/robot_localization/robot_localization/srv/detail/get_state__type_support.h\n'}
[0.535135] (robot_localization) StdoutLine: {'line': b'-- Up-to-date symlink: /home/starry1n/WUTA/WUTA-FSD/ros2_ws/install/robot_localization/include/robot_localization/robot_localization/srv/detail/set_datum__functions.h\n'}
[0.536027] (robot_localization) StdoutLine: {'line': b'-- Up-to-date symlink: /home/starry1n/WUTA/WUTA-FSD/ros2_ws/install/robot_localization/include/robot_localization/robot_localization/srv/detail/set_datum__struct.h\n'}
[0.536084] (robot_localization) StdoutLine: {'line': b'-- Up-to-date symlink: /home/starry1n/WUTA/WUTA-FSD/ros2_ws/install/robot_localization/include/robot_localization/robot_localization/srv/detail/set_datum__type_support.h\n'}
[0.536122] (robot_localization) StdoutLine: {'line': b'-- Up-to-date symlink: /home/starry1n/WUTA/WUTA-FSD/ros2_ws/install/robot_localization/include/robot_localization/robot_localization/srv/detail/set_pose__functions.h\n'}
[0.537130] (robot_localization) StdoutLine: {'line': b'-- Up-to-date symlink: /home/starry1n/WUTA/WUTA-FSD/ros2_ws/install/robot_localization/include/robot_localization/robot_localization/srv/detail/set_pose__struct.h\n'}
[0.537760] (robot_localization) StdoutLine: {'line': b'-- Up-to-date symlink: /home/starry1n/WUTA/WUTA-FSD/ros2_ws/install/robot_localization/include/robot_localization/robot_localization/srv/detail/set_pose__type_support.h\n'}
[0.538081] (robot_localization) StdoutLine: {'line': b'-- Up-to-date symlink: /home/starry1n/WUTA/WUTA-FSD/ros2_ws/install/robot_localization/include/robot_localization/robot_localization/srv/detail/to_ll__functions.h\n'}
[0.538588] (robot_localization) StdoutLine: {'line': b'-- Up-to-date symlink: /home/starry1n/WUTA/WUTA-FSD/ros2_ws/install/robot_localization/include/robot_localization/robot_localization/srv/detail/to_ll__struct.h\n'}
[0.538655] (robot_localization) StdoutLine: {'line': b'-- Up-to-date symlink: /home/starry1n/WUTA/WUTA-FSD/ros2_ws/install/robot_localization/include/robot_localization/robot_localization/srv/detail/to_ll__type_support.h\n'}
[0.538692] (robot_localization) StdoutLine: {'line': b'-- Up-to-date symlink: /home/starry1n/WUTA/WUTA-FSD/ros2_ws/install/robot_localization/include/robot_localization/robot_localization/srv/detail/toggle_filter_processing__functions.h\n'}
[0.538727] (robot_localization) StdoutLine: {'line': b'-- Up-to-date symlink: /home/starry1n/WUTA/WUTA-FSD/ros2_ws/install/robot_localization/include/robot_localization/robot_localization/srv/detail/toggle_filter_processing__struct.h\n'}
[0.538757] (robot_localization) StdoutLine: {'line': b'-- Up-to-date symlink: /home/starry1n/WUTA/WUTA-FSD/ros2_ws/install/robot_localization/include/robot_localization/robot_localization/srv/detail/toggle_filter_processing__type_support.h\n'}
[0.538893] (robot_localization) StdoutLine: {'line': b'-- Up-to-date symlink: /home/starry1n/WUTA/WUTA-FSD/ros2_ws/install/robot_localization/include/robot_localization/robot_localization/srv/from_ll.h\n'}
[0.538939] (robot_localization) StdoutLine: {'line': b'-- Up-to-date symlink: /home/starry1n/WUTA/WUTA-FSD/ros2_ws/install/robot_localization/include/robot_localization/robot_localization/srv/get_state.h\n'}
[0.539605] (robot_localization) StdoutLine: {'line': b'-- Up-to-date symlink: /home/starry1n/WUTA/WUTA-FSD/ros2_ws/install/robot_localization/include/robot_localization/robot_localization/srv/set_datum.h\n'}
[0.539684] (robot_localization) StdoutLine: {'line': b'-- Up-to-date symlink: /home/starry1n/WUTA/WUTA-FSD/ros2_ws/install/robot_localization/include/robot_localization/robot_localization/srv/set_pose.h\n'}
[0.539720] (robot_localization) StdoutLine: {'line': b'-- Up-to-date symlink: /home/starry1n/WUTA/WUTA-FSD/ros2_ws/install/robot_localization/include/robot_localization/robot_localization/srv/to_ll.h\n'}
[0.539963] (robot_localization) StdoutLine: {'line': b'-- Up-to-date symlink: /home/starry1n/WUTA/WUTA-FSD/ros2_ws/install/robot_localization/include/robot_localization/robot_localization/srv/toggle_filter_processing.h\n'}
[0.539996] (robot_localization) StdoutLine: {'line': b'-- Up-to-date symlink: /home/starry1n/WUTA/WUTA-FSD/ros2_ws/install/robot_localization/share/robot_localization/environment/library_path.sh\n'}
[0.540027] (robot_localization) StdoutLine: {'line': b'-- Up-to-date symlink: /home/starry1n/WUTA/WUTA-FSD/ros2_ws/install/robot_localization/share/robot_localization/environment/library_path.dsv\n'}
[0.540055] (robot_localization) StdoutLine: {'line': b'-- Up-to-date symlink: /home/starry1n/WUTA/WUTA-FSD/ros2_ws/install/robot_localization/include/robot_localization/robot_localization/msg/rosidl_typesupport_fastrtps_c__visibility_control.h\n'}
[0.540111] (robot_localization) StdoutLine: {'line': b'-- Up-to-date symlink: /home/starry1n/WUTA/WUTA-FSD/ros2_ws/install/robot_localization/include/robot_localization/robot_localization/srv/detail/from_ll__rosidl_typesupport_fastrtps_c.h\n'}
[0.540173] (robot_localization) StdoutLine: {'line': b'-- Up-to-date symlink: /home/starry1n/WUTA/WUTA-FSD/ros2_ws/install/robot_localization/include/robot_localization/robot_localization/srv/detail/get_state__rosidl_typesupport_fastrtps_c.h\n'}
[0.540244] (robot_localization) StdoutLine: {'line': b'-- Up-to-date symlink: /home/starry1n/WUTA/WUTA-FSD/ros2_ws/install/robot_localization/include/robot_localization/robot_localization/srv/detail/set_datum__rosidl_typesupport_fastrtps_c.h\n'}
[0.540282] (robot_localization) StdoutLine: {'line': b'-- Up-to-date symlink: /home/starry1n/WUTA/WUTA-FSD/ros2_ws/install/robot_localization/include/robot_localization/robot_localization/srv/detail/set_pose__rosidl_typesupport_fastrtps_c.h\n'}
[0.540313] (robot_localization) StdoutLine: {'line': b'-- Up-to-date symlink: /home/starry1n/WUTA/WUTA-FSD/ros2_ws/install/robot_localization/include/robot_localization/robot_localization/srv/detail/to_ll__rosidl_typesupport_fastrtps_c.h\n'}
[0.540347] (robot_localization) StdoutLine: {'line': b'-- Up-to-date symlink: /home/starry1n/WUTA/WUTA-FSD/ros2_ws/install/robot_localization/include/robot_localization/robot_localization/srv/detail/toggle_filter_processing__rosidl_typesupport_fastrtps_c.h\n'}
[0.540446] (robot_localization) StdoutLine: {'line': b'-- Up-to-date symlink: /home/starry1n/WUTA/WUTA-FSD/ros2_ws/install/robot_localization/include/robot_localization/robot_localization/msg/rosidl_generator_cpp__visibility_control.hpp\n'}
[0.540486] (robot_localization) StdoutLine: {'line': b'-- Up-to-date symlink: /home/starry1n/WUTA/WUTA-FSD/ros2_ws/install/robot_localization/include/robot_localization/robot_localization/srv/detail/from_ll__builder.hpp\n'}
[0.540514] (robot_localization) StdoutLine: {'line': b'-- Up-to-date symlink: /home/starry1n/WUTA/WUTA-FSD/ros2_ws/install/robot_localization/include/robot_localization/robot_localization/srv/detail/from_ll__struct.hpp\n'}
[0.540540] (robot_localization) StdoutLine: {'line': b'-- Up-to-date symlink: /home/starry1n/WUTA/WUTA-FSD/ros2_ws/install/robot_localization/include/robot_localization/robot_localization/srv/detail/from_ll__traits.hpp\n'}
[0.540926] (robot_localization) StdoutLine: {'line': b'-- Up-to-date symlink: /home/starry1n/WUTA/WUTA-FSD/ros2_ws/install/robot_localization/include/robot_localization/robot_localization/srv/detail/from_ll__type_support.hpp\n'}
[0.540962] (robot_localization) StdoutLine: {'line': b'-- Up-to-date symlink: /home/starry1n/WUTA/WUTA-FSD/ros2_ws/install/robot_localization/include/robot_localization/robot_localization/srv/detail/get_state__builder.hpp\n'}
[0.540993] (robot_localization) StdoutLine: {'line': b'-- Up-to-date symlink: /home/starry1n/WUTA/WUTA-FSD/ros2_ws/install/robot_localization/include/robot_localization/robot_localization/srv/detail/get_state__struct.hpp\n'}
[0.541024] (robot_localization) StdoutLine: {'line': b'-- Up-to-date symlink: /home/starry1n/WUTA/WUTA-FSD/ros2_ws/install/robot_localization/include/robot_localization/robot_localization/srv/detail/get_state__traits.hpp\n'}
[0.541101] (robot_localization) StdoutLine: {'line': b'-- Up-to-date symlink: /home/starry1n/WUTA/WUTA-FSD/ros2_ws/install/robot_localization/include/robot_localization/robot_localization/srv/detail/get_state__type_support.hpp\n'}
[0.541129] (robot_localization) StdoutLine: {'line': b'-- Up-to-date symlink: /home/starry1n/WUTA/WUTA-FSD/ros2_ws/install/robot_localization/include/robot_localization/robot_localization/srv/detail/set_datum__builder.hpp\n'}
[0.541294] (robot_localization) StdoutLine: {'line': b'-- Up-to-date symlink: /home/starry1n/WUTA/WUTA-FSD/ros2_ws/install/robot_localization/include/robot_localization/robot_localization/srv/detail/set_datum__struct.hpp\n'}
[0.541339] (robot_localization) StdoutLine: {'line': b'-- Up-to-date symlink: /home/starry1n/WUTA/WUTA-FSD/ros2_ws/install/robot_localization/include/robot_localization/robot_localization/srv/detail/set_datum__traits.hpp\n'}
[0.541381] (robot_localization) StdoutLine: {'line': b'-- Up-to-date symlink: /home/starry1n/WUTA/WUTA-FSD/ros2_ws/install/robot_localization/include/robot_localization/robot_localization/srv/detail/set_datum__type_support.hpp\n'}
[0.541407] (robot_localization) StdoutLine: {'line': b'-- Up-to-date symlink: /home/starry1n/WUTA/WUTA-FSD/ros2_ws/install/robot_localization/include/robot_localization/robot_localization/srv/detail/set_pose__builder.hpp\n'}
[0.541440] (robot_localization) StdoutLine: {'line': b'-- Up-to-date symlink: /home/starry1n/WUTA/WUTA-FSD/ros2_ws/install/robot_localization/include/robot_localization/robot_localization/srv/detail/set_pose__struct.hpp\n'}
[0.541464] (robot_localization) StdoutLine: {'line': b'-- Up-to-date symlink: /home/starry1n/WUTA/WUTA-FSD/ros2_ws/install/robot_localization/include/robot_localization/robot_localization/srv/detail/set_pose__traits.hpp\n'}
[0.541491] (robot_localization) StdoutLine: {'line': b'-- Up-to-date symlink: /home/starry1n/WUTA/WUTA-FSD/ros2_ws/install/robot_localization/include/robot_localization/robot_localization/srv/detail/set_pose__type_support.hpp\n'}
[0.541772] (robot_localization) StdoutLine: {'line': b'-- Up-to-date symlink: /home/starry1n/WUTA/WUTA-FSD/ros2_ws/install/robot_localization/include/robot_localization/robot_localization/srv/detail/to_ll__builder.hpp\n'}
[0.542371] (robot_localization) StdoutLine: {'line': b'-- Up-to-date symlink: /home/starry1n/WUTA/WUTA-FSD/ros2_ws/install/robot_localization/include/robot_localization/robot_localization/srv/detail/to_ll__struct.hpp\n'}
[0.542891] (robot_localization) StdoutLine: {'line': b'-- Up-to-date symlink: /home/starry1n/WUTA/WUTA-FSD/ros2_ws/install/robot_localization/include/robot_localization/robot_localization/srv/detail/to_ll__traits.hpp\n'}
[0.542953] (robot_localization) StdoutLine: {'line': b'-- Up-to-date symlink: /home/starry1n/WUTA/WUTA-FSD/ros2_ws/install/robot_localization/include/robot_localization/robot_localization/srv/detail/to_ll__type_support.hpp\n'}
[0.543022] (robot_localization) StdoutLine: {'line': b'-- Up-to-date symlink: /home/starry1n/WUTA/WUTA-FSD/ros2_ws/install/robot_localization/include/robot_localization/robot_localization/srv/detail/toggle_filter_processing__builder.hpp\n'}
[0.543056] (robot_localization) StdoutLine: {'line': b'-- Up-to-date symlink: /home/starry1n/WUTA/WUTA-FSD/ros2_ws/install/robot_localization/include/robot_localization/robot_localization/srv/detail/toggle_filter_processing__struct.hpp\n'}
[0.543311] (robot_localization) StdoutLine: {'line': b'-- Up-to-date symlink: /home/starry1n/WUTA/WUTA-FSD/ros2_ws/install/robot_localization/include/robot_localization/robot_localization/srv/detail/toggle_filter_processing__traits.hpp\n'}
[0.543929] (robot_localization) StdoutLine: {'line': b'-- Up-to-date symlink: /home/starry1n/WUTA/WUTA-FSD/ros2_ws/install/robot_localization/include/robot_localization/robot_localization/srv/detail/toggle_filter_processing__type_support.hpp\n'}
[0.544007] (robot_localization) StdoutLine: {'line': b'-- Up-to-date symlink: /home/starry1n/WUTA/WUTA-FSD/ros2_ws/install/robot_localization/include/robot_localization/robot_localization/srv/from_ll.hpp\n'}
[0.544055] (robot_localization) StdoutLine: {'line': b'-- Up-to-date symlink: /home/starry1n/WUTA/WUTA-FSD/ros2_ws/install/robot_localization/include/robot_localization/robot_localization/srv/get_state.hpp\n'}
[0.544093] (robot_localization) StdoutLine: {'line': b'-- Up-to-date symlink: /home/starry1n/WUTA/WUTA-FSD/ros2_ws/install/robot_localization/include/robot_localization/robot_localization/srv/set_datum.hpp\n'}
[0.544176] (robot_localization) StdoutLine: {'line': b'-- Up-to-date symlink: /home/starry1n/WUTA/WUTA-FSD/ros2_ws/install/robot_localization/include/robot_localization/robot_localization/srv/set_pose.hpp\n'}
[0.544215] (robot_localization) StdoutLine: {'line': b'-- Up-to-date symlink: /home/starry1n/WUTA/WUTA-FSD/ros2_ws/install/robot_localization/include/robot_localization/robot_localization/srv/to_ll.hpp\n'}
[0.544248] (robot_localization) StdoutLine: {'line': b'-- Up-to-date symlink: /home/starry1n/WUTA/WUTA-FSD/ros2_ws/install/robot_localization/include/robot_localization/robot_localization/srv/toggle_filter_processing.hpp\n'}
[0.544278] (robot_localization) StdoutLine: {'line': b'-- Up-to-date symlink: /home/starry1n/WUTA/WUTA-FSD/ros2_ws/install/robot_localization/include/robot_localization/robot_localization/msg/rosidl_typesupport_fastrtps_cpp__visibility_control.h\n'}
[0.544309] (robot_localization) StdoutLine: {'line': b'-- Up-to-date symlink: /home/starry1n/WUTA/WUTA-FSD/ros2_ws/install/robot_localization/include/robot_localization/robot_localization/srv/detail/from_ll__rosidl_typesupport_fastrtps_cpp.hpp\n'}
[0.544336] (robot_localization) StdoutLine: {'line': b'-- Up-to-date symlink: /home/starry1n/WUTA/WUTA-FSD/ros2_ws/install/robot_localization/include/robot_localization/robot_localization/srv/detail/get_state__rosidl_typesupport_fastrtps_cpp.hpp\n'}
[0.544386] (robot_localization) StdoutLine: {'line': b'-- Up-to-date symlink: /home/starry1n/WUTA/WUTA-FSD/ros2_ws/install/robot_localization/include/robot_localization/robot_localization/srv/detail/set_datum__rosidl_typesupport_fastrtps_cpp.hpp\n'}
[0.544430] (robot_localization) StdoutLine: {'line': b'-- Up-to-date symlink: /home/starry1n/WUTA/WUTA-FSD/ros2_ws/install/robot_localization/include/robot_localization/robot_localization/srv/detail/set_pose__rosidl_typesupport_fastrtps_cpp.hpp\n'}
[0.544752] (robot_localization) StdoutLine: {'line': b'-- Up-to-date symlink: /home/starry1n/WUTA/WUTA-FSD/ros2_ws/install/robot_localization/include/robot_localization/robot_localization/srv/detail/to_ll__rosidl_typesupport_fastrtps_cpp.hpp\n'}
[0.544799] (robot_localization) StdoutLine: {'line': b'-- Up-to-date symlink: /home/starry1n/WUTA/WUTA-FSD/ros2_ws/install/robot_localization/include/robot_localization/robot_localization/srv/detail/toggle_filter_processing__rosidl_typesupport_fastrtps_cpp.hpp\n'}
[0.544830] (robot_localization) StdoutLine: {'line': b'-- Up-to-date symlink: /home/starry1n/WUTA/WUTA-FSD/ros2_ws/install/robot_localization/include/robot_localization/robot_localization/msg/rosidl_typesupport_introspection_c__visibility_control.h\n'}
[0.545179] (robot_localization) StdoutLine: {'line': b'-- Up-to-date symlink: /home/starry1n/WUTA/WUTA-FSD/ros2_ws/install/robot_localization/include/robot_localization/robot_localization/srv/detail/from_ll__rosidl_typesupport_introspection_c.h\n'}
[0.545233] (robot_localization) StdoutLine: {'line': b'-- Up-to-date symlink: /home/starry1n/WUTA/WUTA-FSD/ros2_ws/install/robot_localization/include/robot_localization/robot_localization/srv/detail/get_state__rosidl_typesupport_introspection_c.h\n'}
[0.545270] (robot_localization) StdoutLine: {'line': b'-- Up-to-date symlink: /home/starry1n/WUTA/WUTA-FSD/ros2_ws/install/robot_localization/include/robot_localization/robot_localization/srv/detail/set_datum__rosidl_typesupport_introspection_c.h\n'}
[0.545347] (robot_localization) StdoutLine: {'line': b'-- Up-to-date symlink: /home/starry1n/WUTA/WUTA-FSD/ros2_ws/install/robot_localization/include/robot_localization/robot_localization/srv/detail/set_pose__rosidl_typesupport_introspection_c.h\n'}
[0.545460] (robot_localization) StdoutLine: {'line': b'-- Up-to-date symlink: /home/starry1n/WUTA/WUTA-FSD/ros2_ws/install/robot_localization/include/robot_localization/robot_localization/srv/detail/to_ll__rosidl_typesupport_introspection_c.h\n'}
[0.545501] (robot_localization) StdoutLine: {'line': b'-- Up-to-date symlink: /home/starry1n/WUTA/WUTA-FSD/ros2_ws/install/robot_localization/include/robot_localization/robot_localization/srv/detail/toggle_filter_processing__rosidl_typesupport_introspection_c.h\n'}
[0.545533] (robot_localization) StdoutLine: {'line': b'-- Up-to-date symlink: /home/starry1n/WUTA/WUTA-FSD/ros2_ws/install/robot_localization/include/robot_localization/robot_localization/srv/detail/from_ll__rosidl_typesupport_introspection_cpp.hpp\n'}
[0.545562] (robot_localization) StdoutLine: {'line': b'-- Up-to-date symlink: /home/starry1n/WUTA/WUTA-FSD/ros2_ws/install/robot_localization/include/robot_localization/robot_localization/srv/detail/get_state__rosidl_typesupport_introspection_cpp.hpp\n'}
[0.545590] (robot_localization) StdoutLine: {'line': b'-- Up-to-date symlink: /home/starry1n/WUTA/WUTA-FSD/ros2_ws/install/robot_localization/include/robot_localization/robot_localization/srv/detail/set_datum__rosidl_typesupport_introspection_cpp.hpp\n'}
[0.547049] (robot_localization) StdoutLine: {'line': b'-- Up-to-date symlink: /home/starry1n/WUTA/WUTA-FSD/ros2_ws/install/robot_localization/include/robot_localization/robot_localization/srv/detail/set_pose__rosidl_typesupport_introspection_cpp.hpp\n'}
[0.547112] (robot_localization) StdoutLine: {'line': b'-- Up-to-date symlink: /home/starry1n/WUTA/WUTA-FSD/ros2_ws/install/robot_localization/include/robot_localization/robot_localization/srv/detail/to_ll__rosidl_typesupport_introspection_cpp.hpp\n'}
[0.547149] (robot_localization) StdoutLine: {'line': b'-- Up-to-date symlink: /home/starry1n/WUTA/WUTA-FSD/ros2_ws/install/robot_localization/include/robot_localization/robot_localization/srv/detail/toggle_filter_processing__rosidl_typesupport_introspection_cpp.hpp\n'}
[0.547188] (robot_localization) StdoutLine: {'line': b'-- Up-to-date symlink: /home/starry1n/WUTA/WUTA-FSD/ros2_ws/install/robot_localization/share/robot_localization/environment/pythonpath.sh\n'}
[0.547272] (robot_localization) StdoutLine: {'line': b'-- Up-to-date symlink: /home/starry1n/WUTA/WUTA-FSD/ros2_ws/install/robot_localization/share/robot_localization/environment/pythonpath.dsv\n'}
[0.547326] (robot_localization) StdoutLine: {'line': b'-- Up-to-date symlink: /home/starry1n/WUTA/WUTA-FSD/ros2_ws/install/robot_localization/local/lib/python3.10/dist-packages/robot_localization-3.5.4-py3.10.egg-info/PKG-INFO\n'}
[0.547449] (robot_localization) StdoutLine: {'line': b'-- Up-to-date symlink: /home/starry1n/WUTA/WUTA-FSD/ros2_ws/install/robot_localization/local/lib/python3.10/dist-packages/robot_localization-3.5.4-py3.10.egg-info/SOURCES.txt\n'}
[0.547531] (robot_localization) StdoutLine: {'line': b'-- Up-to-date symlink: /home/starry1n/WUTA/WUTA-FSD/ros2_ws/install/robot_localization/local/lib/python3.10/dist-packages/robot_localization-3.5.4-py3.10.egg-info/dependency_links.txt\n'}
[0.547570] (robot_localization) StdoutLine: {'line': b'-- Up-to-date symlink: /home/starry1n/WUTA/WUTA-FSD/ros2_ws/install/robot_localization/local/lib/python3.10/dist-packages/robot_localization-3.5.4-py3.10.egg-info/top_level.txt\n'}
[0.547645] (robot_localization) StdoutLine: {'line': b'-- Up-to-date symlink: /home/starry1n/WUTA/WUTA-FSD/ros2_ws/install/robot_localization/local/lib/python3.10/dist-packages/robot_localization/__init__.py\n'}
[0.547712] (robot_localization) StdoutLine: {'line': b'-- Up-to-date symlink: /home/starry1n/WUTA/WUTA-FSD/ros2_ws/install/robot_localization/local/lib/python3.10/dist-packages/robot_localization/_robot_localization_s.ep.rosidl_typesupport_c.c\n'}
[0.547750] (robot_localization) StdoutLine: {'line': b'-- Up-to-date symlink: /home/starry1n/WUTA/WUTA-FSD/ros2_ws/install/robot_localization/local/lib/python3.10/dist-packages/robot_localization/_robot_localization_s.ep.rosidl_typesupport_fastrtps_c.c\n'}
[0.547792] (robot_localization) StdoutLine: {'line': b'-- Up-to-date symlink: /home/starry1n/WUTA/WUTA-FSD/ros2_ws/install/robot_localization/local/lib/python3.10/dist-packages/robot_localization/_robot_localization_s.ep.rosidl_typesupport_introspection_c.c\n'}
[0.548007] (robot_localization) StdoutLine: {'line': b'-- Up-to-date symlink: /home/starry1n/WUTA/WUTA-FSD/ros2_ws/install/robot_localization/local/lib/python3.10/dist-packages/robot_localization/librobot_localization__rosidl_generator_py.so\n'}
[0.548041] (robot_localization) StdoutLine: {'line': b'-- Up-to-date symlink: /home/starry1n/WUTA/WUTA-FSD/ros2_ws/install/robot_localization/local/lib/python3.10/dist-packages/robot_localization/robot_localization_s__rosidl_typesupport_c.cpython-310-x86_64-linux-gnu.so\n'}
[0.548074] (robot_localization) StdoutLine: {'line': b'-- Up-to-date symlink: /home/starry1n/WUTA/WUTA-FSD/ros2_ws/install/robot_localization/local/lib/python3.10/dist-packages/robot_localization/robot_localization_s__rosidl_typesupport_fastrtps_c.cpython-310-x86_64-linux-gnu.so\n'}
[0.548101] (robot_localization) StdoutLine: {'line': b'-- Up-to-date symlink: /home/starry1n/WUTA/WUTA-FSD/ros2_ws/install/robot_localization/local/lib/python3.10/dist-packages/robot_localization/robot_localization_s__rosidl_typesupport_introspection_c.cpython-310-x86_64-linux-gnu.so\n'}
[0.548127] (robot_localization) StdoutLine: {'line': b'-- Up-to-date symlink: /home/starry1n/WUTA/WUTA-FSD/ros2_ws/install/robot_localization/local/lib/python3.10/dist-packages/robot_localization/srv/__init__.py\n'}
[0.548153] (robot_localization) StdoutLine: {'line': b'-- Up-to-date symlink: /home/starry1n/WUTA/WUTA-FSD/ros2_ws/install/robot_localization/local/lib/python3.10/dist-packages/robot_localization/srv/_from_ll.py\n'}
[0.548179] (robot_localization) StdoutLine: {'line': b'-- Up-to-date symlink: /home/starry1n/WUTA/WUTA-FSD/ros2_ws/install/robot_localization/local/lib/python3.10/dist-packages/robot_localization/srv/_from_ll_s.c\n'}
[0.548395] (robot_localization) StdoutLine: {'line': b'-- Up-to-date symlink: /home/starry1n/WUTA/WUTA-FSD/ros2_ws/install/robot_localization/local/lib/python3.10/dist-packages/robot_localization/srv/_get_state.py\n'}
[0.548528] (robot_localization) StdoutLine: {'line': b'-- Up-to-date symlink: /home/starry1n/WUTA/WUTA-FSD/ros2_ws/install/robot_localization/local/lib/python3.10/dist-packages/robot_localization/srv/_get_state_s.c\n'}
[0.548569] (robot_localization) StdoutLine: {'line': b'-- Up-to-date symlink: /home/starry1n/WUTA/WUTA-FSD/ros2_ws/install/robot_localization/local/lib/python3.10/dist-packages/robot_localization/srv/_set_datum.py\n'}
[0.548629] (robot_localization) StdoutLine: {'line': b'-- Up-to-date symlink: /home/starry1n/WUTA/WUTA-FSD/ros2_ws/install/robot_localization/local/lib/python3.10/dist-packages/robot_localization/srv/_set_datum_s.c\n'}
[0.548704] (robot_localization) StdoutLine: {'line': b'-- Up-to-date symlink: /home/starry1n/WUTA/WUTA-FSD/ros2_ws/install/robot_localization/local/lib/python3.10/dist-packages/robot_localization/srv/_set_pose.py\n'}
[0.548748] (robot_localization) StdoutLine: {'line': b'-- Up-to-date symlink: /home/starry1n/WUTA/WUTA-FSD/ros2_ws/install/robot_localization/local/lib/python3.10/dist-packages/robot_localization/srv/_set_pose_s.c\n'}
[0.548779] (robot_localization) StdoutLine: {'line': b'-- Up-to-date symlink: /home/starry1n/WUTA/WUTA-FSD/ros2_ws/install/robot_localization/local/lib/python3.10/dist-packages/robot_localization/srv/_to_ll.py\n'}
[0.548808] (robot_localization) StdoutLine: {'line': b'-- Up-to-date symlink: /home/starry1n/WUTA/WUTA-FSD/ros2_ws/install/robot_localization/local/lib/python3.10/dist-packages/robot_localization/srv/_to_ll_s.c\n'}
[0.549136] (robot_localization) StdoutLine: {'line': b'-- Up-to-date symlink: /home/starry1n/WUTA/WUTA-FSD/ros2_ws/install/robot_localization/local/lib/python3.10/dist-packages/robot_localization/srv/_toggle_filter_processing.py\n'}
[0.549183] (robot_localization) StdoutLine: {'line': b'-- Up-to-date symlink: /home/starry1n/WUTA/WUTA-FSD/ros2_ws/install/robot_localization/local/lib/python3.10/dist-packages/robot_localization/srv/_toggle_filter_processing_s.c\n'}
[0.549225] (robot_localization) StdoutLine: {'line': b'-- Up-to-date symlink: /home/starry1n/WUTA/WUTA-FSD/ros2_ws/install/robot_localization/local/lib/python3.10/dist-packages/robot_localization/robot_localization_s__rosidl_typesupport_fastrtps_c.cpython-310-x86_64-linux-gnu.so\n'}
[0.549253] (robot_localization) StdoutLine: {'line': b'-- Up-to-date symlink: /home/starry1n/WUTA/WUTA-FSD/ros2_ws/install/robot_localization/local/lib/python3.10/dist-packages/robot_localization/robot_localization_s__rosidl_typesupport_introspection_c.cpython-310-x86_64-linux-gnu.so\n'}
[0.549281] (robot_localization) StdoutLine: {'line': b'-- Up-to-date symlink: /home/starry1n/WUTA/WUTA-FSD/ros2_ws/install/robot_localization/local/lib/python3.10/dist-packages/robot_localization/robot_localization_s__rosidl_typesupport_c.cpython-310-x86_64-linux-gnu.so\n'}
[0.549342] (robot_localization) StdoutLine: {'line': b'-- Up-to-date symlink: /home/starry1n/WUTA/WUTA-FSD/ros2_ws/install/robot_localization/share/ament_index/resource_index/rust_packages/robot_localization\n'}
[0.549575] (robot_localization) StdoutLine: {'line': b'-- Up-to-date symlink: /home/starry1n/WUTA/WUTA-FSD/ros2_ws/install/robot_localization/share/robot_localization/rust/Cargo.toml\n'}
[0.549634] (robot_localization) StdoutLine: {'line': b'-- Up-to-date symlink: /home/starry1n/WUTA/WUTA-FSD/ros2_ws/install/robot_localization/share/robot_localization/rust/build.rs\n'}
[0.549790] (robot_localization) StdoutLine: {'line': b'-- Up-to-date symlink: /home/starry1n/WUTA/WUTA-FSD/ros2_ws/install/robot_localization/share/robot_localization/rust/src/lib.rs\n'}
[0.549837] (robot_localization) StdoutLine: {'line': b'-- Up-to-date symlink: /home/starry1n/WUTA/WUTA-FSD/ros2_ws/install/robot_localization/share/robot_localization/rust/src/srv.rs\n'}
[0.549869] (robot_localization) StdoutLine: {'line': b'-- Up-to-date symlink: /home/starry1n/WUTA/WUTA-FSD/ros2_ws/install/robot_localization/share/robot_localization/rust/src/srv/rmw.rs\n'}
[0.549897] (robot_localization) StdoutLine: {'line': b'-- Up-to-date symlink: /home/starry1n/WUTA/WUTA-FSD/ros2_ws/install/robot_localization/share/robot_localization/srv/FromLL.idl\n'}
[0.550223] (robot_localization) StdoutLine: {'line': b'-- Up-to-date symlink: /home/starry1n/WUTA/WUTA-FSD/ros2_ws/install/robot_localization/share/robot_localization/srv/GetState.idl\n'}
[0.550474] (robot_localization) StdoutLine: {'line': b'-- Up-to-date symlink: /home/starry1n/WUTA/WUTA-FSD/ros2_ws/install/robot_localization/share/robot_localization/srv/SetDatum.idl\n'}
[0.550535] (robot_localization) StdoutLine: {'line': b'-- Up-to-date symlink: /home/starry1n/WUTA/WUTA-FSD/ros2_ws/install/robot_localization/share/robot_localization/srv/SetPose.idl\n'}
[0.550582] (robot_localization) StdoutLine: {'line': b'-- Up-to-date symlink: /home/starry1n/WUTA/WUTA-FSD/ros2_ws/install/robot_localization/share/robot_localization/srv/ToggleFilterProcessing.idl\n'}
[0.550683] (robot_localization) StdoutLine: {'line': b'-- Up-to-date symlink: /home/starry1n/WUTA/WUTA-FSD/ros2_ws/install/robot_localization/share/robot_localization/srv/ToLL.idl\n'}
[0.550782] (robot_localization) StdoutLine: {'line': b'-- Up-to-date symlink: /home/starry1n/WUTA/WUTA-FSD/ros2_ws/install/robot_localization/share/robot_localization/srv/FromLL.srv\n'}
[0.551174] (robot_localization) StdoutLine: {'line': b'-- Up-to-date symlink: /home/starry1n/WUTA/WUTA-FSD/ros2_ws/install/robot_localization/share/robot_localization/srv/FromLL_Request.msg\n'}
[0.551234] (robot_localization) StdoutLine: {'line': b'-- Up-to-date symlink: /home/starry1n/WUTA/WUTA-FSD/ros2_ws/install/robot_localization/share/robot_localization/srv/FromLL_Response.msg\n'}
[0.551264] (robot_localization) StdoutLine: {'line': b'-- Up-to-date symlink: /home/starry1n/WUTA/WUTA-FSD/ros2_ws/install/robot_localization/share/robot_localization/srv/GetState.srv\n'}
[0.551303] (robot_localization) StdoutLine: {'line': b'-- Up-to-date symlink: /home/starry1n/WUTA/WUTA-FSD/ros2_ws/install/robot_localization/share/robot_localization/srv/GetState_Request.msg\n'}
[0.551340] (robot_localization) StdoutLine: {'line': b'-- Up-to-date symlink: /home/starry1n/WUTA/WUTA-FSD/ros2_ws/install/robot_localization/share/robot_localization/srv/GetState_Response.msg\n'}
[0.551418] (robot_localization) StdoutLine: {'line': b'-- Up-to-date symlink: /home/starry1n/WUTA/WUTA-FSD/ros2_ws/install/robot_localization/share/robot_localization/srv/SetDatum.srv\n'}
[0.551455] (robot_localization) StdoutLine: {'line': b'-- Up-to-date symlink: /home/starry1n/WUTA/WUTA-FSD/ros2_ws/install/robot_localization/share/robot_localization/srv/SetDatum_Request.msg\n'}
[0.551526] (robot_localization) StdoutLine: {'line': b'-- Up-to-date symlink: /home/starry1n/WUTA/WUTA-FSD/ros2_ws/install/robot_localization/share/robot_localization/srv/SetDatum_Response.msg\n'}
[0.551695] (robot_localization) StdoutLine: {'line': b'-- Up-to-date symlink: /home/starry1n/WUTA/WUTA-FSD/ros2_ws/install/robot_localization/share/robot_localization/srv/SetPose.srv\n'}
[0.551772] (robot_localization) StdoutLine: {'line': b'-- Up-to-date symlink: /home/starry1n/WUTA/WUTA-FSD/ros2_ws/install/robot_localization/share/robot_localization/srv/SetPose_Request.msg\n'}
[0.551811] (robot_localization) StdoutLine: {'line': b'-- Up-to-date symlink: /home/starry1n/WUTA/WUTA-FSD/ros2_ws/install/robot_localization/share/robot_localization/srv/SetPose_Response.msg\n'}
[0.551840] (robot_localization) StdoutLine: {'line': b'-- Up-to-date symlink: /home/starry1n/WUTA/WUTA-FSD/ros2_ws/install/robot_localization/share/robot_localization/srv/ToggleFilterProcessing.srv\n'}
[0.551913] (robot_localization) StdoutLine: {'line': b'-- Up-to-date symlink: /home/starry1n/WUTA/WUTA-FSD/ros2_ws/install/robot_localization/share/robot_localization/srv/ToggleFilterProcessing_Request.msg\n'}
[0.551959] (robot_localization) StdoutLine: {'line': b'-- Up-to-date symlink: /home/starry1n/WUTA/WUTA-FSD/ros2_ws/install/robot_localization/share/robot_localization/srv/ToggleFilterProcessing_Response.msg\n'}
[0.552074] (robot_localization) StdoutLine: {'line': b'-- Up-to-date symlink: /home/starry1n/WUTA/WUTA-FSD/ros2_ws/install/robot_localization/share/robot_localization/srv/ToLL.srv\n'}
[0.552139] (robot_localization) StdoutLine: {'line': b'-- Up-to-date symlink: /home/starry1n/WUTA/WUTA-FSD/ros2_ws/install/robot_localization/share/robot_localization/srv/ToLL_Request.msg\n'}
[0.552182] (robot_localization) StdoutLine: {'line': b'-- Up-to-date symlink: /home/starry1n/WUTA/WUTA-FSD/ros2_ws/install/robot_localization/share/robot_localization/srv/ToLL_Response.msg\n'}
[0.552215] (robot_localization) StdoutLine: {'line': b'-- Up-to-date symlink: /home/starry1n/WUTA/WUTA-FSD/ros2_ws/install/robot_localization/lib/robot_localization/filter_base-test\n'}
[0.552244] (robot_localization) StdoutLine: {'line': b'-- Up-to-date symlink: /home/starry1n/WUTA/WUTA-FSD/ros2_ws/install/robot_localization/lib/robot_localization/test_filter_base_diagnostics_timestamps\n'}
[0.552270] (robot_localization) StdoutLine: {'line': b'-- Up-to-date symlink: /home/starry1n/WUTA/WUTA-FSD/ros2_ws/install/robot_localization/lib/robot_localization/test_ekf\n'}
[0.552308] (robot_localization) StdoutLine: {'line': b'-- Up-to-date symlink: /home/starry1n/WUTA/WUTA-FSD/ros2_ws/install/robot_localization/lib/robot_localization/test_ekf_localization_node_interfaces\n'}
[0.552340] (robot_localization) StdoutLine: {'line': b'-- Up-to-date symlink: /home/starry1n/WUTA/WUTA-FSD/ros2_ws/install/robot_localization/lib/robot_localization/test_ukf\n'}
[0.552410] (robot_localization) StdoutLine: {'line': b'-- Up-to-date symlink: /home/starry1n/WUTA/WUTA-FSD/ros2_ws/install/robot_localization/lib/robot_localization/test_ukf_localization_node_interfaces\n'}
[0.552607] (robot_localization) StdoutLine: {'line': b'-- Up-to-date symlink: /home/starry1n/WUTA/WUTA-FSD/ros2_ws/install/robot_localization/lib/robot_localization/test_robot_localization_estimator\n'}
[0.553222] (robot_localization) StdoutLine: {'line': b'-- Up-to-date symlink: /home/starry1n/WUTA/WUTA-FSD/ros2_ws/install/robot_localization/lib/robot_localization/test_navsat_conversions\n'}
[0.553342] (robot_localization) StdoutLine: {'line': b'-- Up-to-date symlink: /home/starry1n/WUTA/WUTA-FSD/ros2_ws/install/robot_localization/lib/robot_localization/test_ros_robot_localization_listener\n'}
[0.553459] (robot_localization) StdoutLine: {'line': b'-- Up-to-date symlink: /home/starry1n/WUTA/WUTA-FSD/ros2_ws/install/robot_localization/lib/robot_localization/test_ros_robot_localization_listener_publisher\n'}
[0.553506] (robot_localization) StdoutLine: {'line': b'-- Up-to-date symlink: /home/starry1n/WUTA/WUTA-FSD/ros2_ws/install/robot_localization/lib/robot_localization/navsat_transform_node\n'}
[0.553540] (robot_localization) StdoutLine: {'line': b'-- Up-to-date symlink: /home/starry1n/WUTA/WUTA-FSD/ros2_ws/install/robot_localization/lib/robot_localization/ekf_node\n'}
[0.553690] (robot_localization) StdoutLine: {'line': b'-- Up-to-date symlink: /home/starry1n/WUTA/WUTA-FSD/ros2_ws/install/robot_localization/lib/robot_localization/ukf_node\n'}
[0.553725] (robot_localization) StdoutLine: {'line': b'-- Up-to-date symlink: /home/starry1n/WUTA/WUTA-FSD/ros2_ws/install/robot_localization/lib/robot_localization/robot_localization_listener_node\n'}
[0.553755] (robot_localization) StdoutLine: {'line': b'-- Up-to-date symlink: /home/starry1n/WUTA/WUTA-FSD/ros2_ws/install/robot_localization/lib/librl_lib.so\n'}
[0.553782] (robot_localization) StdoutLine: {'line': b'-- Up-to-date symlink: /home/starry1n/WUTA/WUTA-FSD/ros2_ws/install/robot_localization/share/ament_index/resource_index/package_run_dependencies/robot_localization\n'}
[0.553810] (robot_localization) StdoutLine: {'line': b'-- Up-to-date symlink: /home/starry1n/WUTA/WUTA-FSD/ros2_ws/install/robot_localization/share/ament_index/resource_index/parent_prefix_path/robot_localization\n'}
[0.553925] (robot_localization) StdoutLine: {'line': b'-- Up-to-date symlink: /home/starry1n/WUTA/WUTA-FSD/ros2_ws/install/robot_localization/share/robot_localization/environment/ament_prefix_path.sh\n'}
[0.553974] (robot_localization) StdoutLine: {'line': b'-- Up-to-date symlink: /home/starry1n/WUTA/WUTA-FSD/ros2_ws/install/robot_localization/share/robot_localization/environment/ament_prefix_path.dsv\n'}
[0.554064] (robot_localization) StdoutLine: {'line': b'-- Up-to-date symlink: /home/starry1n/WUTA/WUTA-FSD/ros2_ws/install/robot_localization/share/robot_localization/environment/path.sh\n'}
[0.554115] (robot_localization) StdoutLine: {'line': b'-- Up-to-date symlink: /home/starry1n/WUTA/WUTA-FSD/ros2_ws/install/robot_localization/share/robot_localization/environment/path.dsv\n'}
[0.554154] (robot_localization) StdoutLine: {'line': b'-- Up-to-date symlink: /home/starry1n/WUTA/WUTA-FSD/ros2_ws/install/robot_localization/share/robot_localization/local_setup.bash\n'}
[0.554189] (robot_localization) StdoutLine: {'line': b'-- Up-to-date symlink: /home/starry1n/WUTA/WUTA-FSD/ros2_ws/install/robot_localization/share/robot_localization/local_setup.sh\n'}
[0.554224] (robot_localization) StdoutLine: {'line': b'-- Up-to-date symlink: /home/starry1n/WUTA/WUTA-FSD/ros2_ws/install/robot_localization/share/robot_localization/local_setup.zsh\n'}
[0.554256] (robot_localization) StdoutLine: {'line': b'-- Up-to-date symlink: /home/starry1n/WUTA/WUTA-FSD/ros2_ws/install/robot_localization/share/robot_localization/local_setup.dsv\n'}
[0.554288] (robot_localization) StdoutLine: {'line': b'-- Symlinking: /home/starry1n/WUTA/WUTA-FSD/ros2_ws/install/robot_localization/share/robot_localization/package.dsv\n'}
[0.554410] (autoware_msgs) StdoutLine: {'line': b"Listing '/home/starry1n/WUTA/WUTA-FSD/ros2_ws/install/autoware_msgs/local/lib/python3.10/dist-packages/autoware_msgs'...\n"}
[0.554483] (autoware_msgs) StdoutLine: {'line': b"Listing '/home/starry1n/WUTA/WUTA-FSD/ros2_ws/install/autoware_msgs/local/lib/python3.10/dist-packages/autoware_msgs/msg'...\n"}
[0.554600] (autoware_msgs) StdoutLine: {'line': b'-- Up-to-date: /home/starry1n/WUTA/WUTA-FSD/ros2_ws/install/autoware_msgs/lib/libautoware_msgs__rosidl_generator_py.so\n'}
[0.554693] (autoware_msgs) StdoutLine: {'line': b'-- Up-to-date: /home/starry1n/WUTA/WUTA-FSD/ros2_ws/install/autoware_msgs/share/autoware_msgs/cmake/export_autoware_msgs__rosidl_generator_cExport.cmake\n'}
[0.554751] (autoware_msgs) StdoutLine: {'line': b'-- Up-to-date: /home/starry1n/WUTA/WUTA-FSD/ros2_ws/install/autoware_msgs/share/autoware_msgs/cmake/export_autoware_msgs__rosidl_generator_cExport-noconfig.cmake\n'}
[0.554860] (autoware_msgs) StdoutLine: {'line': b'-- Up-to-date: /home/starry1n/WUTA/WUTA-FSD/ros2_ws/install/autoware_msgs/share/autoware_msgs/cmake/export_autoware_msgs__rosidl_typesupport_fastrtps_cExport.cmake\n'}
[0.554962] (autoware_msgs) StdoutLine: {'line': b'-- Up-to-date: /home/starry1n/WUTA/WUTA-FSD/ros2_ws/install/autoware_msgs/share/autoware_msgs/cmake/export_autoware_msgs__rosidl_typesupport_fastrtps_cExport-noconfig.cmake\n'}
[0.555066] (autoware_msgs) StdoutLine: {'line': b'-- Up-to-date: /home/starry1n/WUTA/WUTA-FSD/ros2_ws/install/autoware_msgs/share/autoware_msgs/cmake/autoware_msgs__rosidl_typesupport_introspection_cExport.cmake\n'}
[0.555549] (autoware_msgs) StdoutLine: {'line': b'-- Up-to-date: /home/starry1n/WUTA/WUTA-FSD/ros2_ws/install/autoware_msgs/share/autoware_msgs/cmake/autoware_msgs__rosidl_typesupport_introspection_cExport-noconfig.cmake\n'}
[0.555616] (autoware_msgs) StdoutLine: {'line': b'-- Up-to-date: /home/starry1n/WUTA/WUTA-FSD/ros2_ws/install/autoware_msgs/share/autoware_msgs/cmake/autoware_msgs__rosidl_typesupport_cExport.cmake\n'}
[0.555652] (autoware_msgs) StdoutLine: {'line': b'-- Up-to-date: /home/starry1n/WUTA/WUTA-FSD/ros2_ws/install/autoware_msgs/share/autoware_msgs/cmake/autoware_msgs__rosidl_typesupport_cExport-noconfig.cmake\n'}
[0.555750] (autoware_msgs) StdoutLine: {'line': b'-- Up-to-date: /home/starry1n/WUTA/WUTA-FSD/ros2_ws/install/autoware_msgs/share/autoware_msgs/cmake/export_autoware_msgs__rosidl_generator_cppExport.cmake\n'}
[0.555791] (autoware_msgs) StdoutLine: {'line': b'-- Up-to-date: /home/starry1n/WUTA/WUTA-FSD/ros2_ws/install/autoware_msgs/share/autoware_msgs/cmake/export_autoware_msgs__rosidl_typesupport_fastrtps_cppExport.cmake\n'}
[0.555839] (autoware_msgs) StdoutLine: {'line': b'-- Up-to-date: /home/starry1n/WUTA/WUTA-FSD/ros2_ws/install/autoware_msgs/share/autoware_msgs/cmake/export_autoware_msgs__rosidl_typesupport_fastrtps_cppExport-noconfig.cmake\n'}
[0.555868] (autoware_msgs) StdoutLine: {'line': b'-- Up-to-date: /home/starry1n/WUTA/WUTA-FSD/ros2_ws/install/autoware_msgs/share/autoware_msgs/cmake/autoware_msgs__rosidl_typesupport_introspection_cppExport.cmake\n'}
[0.555953] (autoware_msgs) StdoutLine: {'line': b'-- Up-to-date: /home/starry1n/WUTA/WUTA-FSD/ros2_ws/install/autoware_msgs/share/autoware_msgs/cmake/autoware_msgs__rosidl_typesupport_introspection_cppExport-noconfig.cmake\n'}
[0.556021] (autoware_msgs) StdoutLine: {'line': b'-- Up-to-date: /home/starry1n/WUTA/WUTA-FSD/ros2_ws/install/autoware_msgs/share/autoware_msgs/cmake/autoware_msgs__rosidl_typesupport_cppExport.cmake\n'}
[0.556120] (autoware_msgs) StdoutLine: {'line': b'-- Up-to-date: /home/starry1n/WUTA/WUTA-FSD/ros2_ws/install/autoware_msgs/share/autoware_msgs/cmake/autoware_msgs__rosidl_typesupport_cppExport-noconfig.cmake\n'}
[0.556166] (autoware_msgs) StdoutLine: {'line': b'-- Up-to-date: /home/starry1n/WUTA/WUTA-FSD/ros2_ws/install/autoware_msgs/share/autoware_msgs/cmake/export_autoware_msgs__rosidl_generator_pyExport.cmake\n'}
[0.556197] (autoware_msgs) StdoutLine: {'line': b'-- Up-to-date: /home/starry1n/WUTA/WUTA-FSD/ros2_ws/install/autoware_msgs/share/autoware_msgs/cmake/export_autoware_msgs__rosidl_generator_pyExport-noconfig.cmake\n'}
[0.556226] (robot_localization) StdoutLine: {'line': b'-- Up-to-date symlink: /home/starry1n/WUTA/WUTA-FSD/ros2_ws/install/robot_localization/share/ament_index/resource_index/packages/robot_localization\n'}
[0.556393] (robot_localization) StdoutLine: {'line': b'-- Up-to-date symlink: /home/starry1n/WUTA/WUTA-FSD/ros2_ws/install/robot_localization/share/robot_localization/cmake/rosidl_cmake-extras.cmake\n'}
[0.556449] (robot_localization) StdoutLine: {'line': b'-- Up-to-date symlink: /home/starry1n/WUTA/WUTA-FSD/ros2_ws/install/robot_localization/share/robot_localization/cmake/ament_cmake_export_dependencies-extras.cmake\n'}
[0.556996] (robot_localization) StdoutLine: {'line': b'-- Up-to-date symlink: /home/starry1n/WUTA/WUTA-FSD/ros2_ws/install/robot_localization/share/robot_localization/cmake/ament_cmake_export_include_directories-extras.cmake\n'}
[0.557084] (robot_localization) StdoutLine: {'line': b'-- Up-to-date symlink: /home/starry1n/WUTA/WUTA-FSD/ros2_ws/install/robot_localization/share/robot_localization/cmake/ament_cmake_export_libraries-extras.cmake\n'}
[0.557123] (robot_localization) StdoutLine: {'line': b'-- Up-to-date symlink: /home/starry1n/WUTA/WUTA-FSD/ros2_ws/install/robot_localization/share/robot_localization/cmake/ament_cmake_export_targets-extras.cmake\n'}
[0.557202] (robot_localization) StdoutLine: {'line': b'-- Up-to-date symlink: /home/starry1n/WUTA/WUTA-FSD/ros2_ws/install/robot_localization/share/robot_localization/cmake/rosidl_cmake_export_typesupport_targets-extras.cmake\n'}
[0.557238] (robot_localization) StdoutLine: {'line': b'-- Up-to-date symlink: /home/starry1n/WUTA/WUTA-FSD/ros2_ws/install/robot_localization/share/robot_localization/cmake/rosidl_cmake_export_typesupport_libraries-extras.cmake\n'}
[0.557272] (robot_localization) StdoutLine: {'line': b'-- Up-to-date symlink: /home/starry1n/WUTA/WUTA-FSD/ros2_ws/install/robot_localization/share/robot_localization/cmake/rosidl_cmake_aggregate_target-extras.cmake\n'}
[0.557299] (robot_localization) StdoutLine: {'line': b'-- Up-to-date symlink: /home/starry1n/WUTA/WUTA-FSD/ros2_ws/install/robot_localization/share/robot_localization/cmake/robot_localizationConfig.cmake\n'}
[0.557329] (robot_localization) StdoutLine: {'line': b'-- Up-to-date symlink: /home/starry1n/WUTA/WUTA-FSD/ros2_ws/install/robot_localization/share/robot_localization/cmake/robot_localizationConfig-version.cmake\n'}
[0.557368] (robot_localization) StdoutLine: {'line': b'-- Up-to-date symlink: /home/starry1n/WUTA/WUTA-FSD/ros2_ws/install/robot_localization/share/robot_localization/package.xml\n'}
[0.557644] (robot_localization) StdoutLine: {'line': b'-- Up-to-date: /home/starry1n/WUTA/WUTA-FSD/ros2_ws/install/robot_localization/lib/librobot_localization__rosidl_generator_c.so\n'}
[0.557692] (robot_localization) StdoutLine: {'line': b'-- Up-to-date: /home/starry1n/WUTA/WUTA-FSD/ros2_ws/install/robot_localization/lib/librobot_localization__rosidl_typesupport_fastrtps_c.so\n'}
[0.557724] (robot_localization) StdoutLine: {'line': b'-- Up-to-date: /home/starry1n/WUTA/WUTA-FSD/ros2_ws/install/robot_localization/lib/librobot_localization__rosidl_typesupport_fastrtps_cpp.so\n'}
[0.557751] (robot_localization) StdoutLine: {'line': b'-- Up-to-date: /home/starry1n/WUTA/WUTA-FSD/ros2_ws/install/robot_localization/lib/librobot_localization__rosidl_typesupport_introspection_c.so\n'}
[0.557781] (robot_localization) StdoutLine: {'line': b'-- Up-to-date: /home/starry1n/WUTA/WUTA-FSD/ros2_ws/install/robot_localization/lib/librobot_localization__rosidl_typesupport_c.so\n'}
[0.557818] (robot_localization) StdoutLine: {'line': b'-- Up-to-date: /home/starry1n/WUTA/WUTA-FSD/ros2_ws/install/robot_localization/lib/librobot_localization__rosidl_typesupport_introspection_cpp.so\n'}
[0.557846] (robot_localization) StdoutLine: {'line': b'-- Up-to-date: /home/starry1n/WUTA/WUTA-FSD/ros2_ws/install/robot_localization/lib/librobot_localization__rosidl_typesupport_cpp.so\n'}
[0.557927] (autoware_msgs) CommandEnded: {'returncode': 0}
[0.562724] (autoware_msgs) JobEnded: {'identifier': 'autoware_msgs', 'rc': 0}
[0.564031] (boundary_detector) JobStarted: {'identifier': 'boundary_detector'}
[0.565950] (robot_localization) StdoutLine: {'line': b"Listing '/home/starry1n/WUTA/WUTA-FSD/ros2_ws/install/robot_localization/local/lib/python3.10/dist-packages/robot_localization'...\n"}
[0.566216] (robot_localization) StdoutLine: {'line': b"Listing '/home/starry1n/WUTA/WUTA-FSD/ros2_ws/install/robot_localization/local/lib/python3.10/dist-packages/robot_localization/srv'...\n"}
[0.566255] (robot_localization) StdoutLine: {'line': b'-- Up-to-date: /home/starry1n/WUTA/WUTA-FSD/ros2_ws/install/robot_localization/lib/librobot_localization__rosidl_generator_py.so\n'}
[0.566283] (robot_localization) StdoutLine: {'line': b'-- Up-to-date: /home/starry1n/WUTA/WUTA-FSD/ros2_ws/install/robot_localization/share/robot_localization/test\n'}
[0.566345] (robot_localization) StdoutLine: {'line': b'-- Up-to-date: /home/starry1n/WUTA/WUTA-FSD/ros2_ws/install/robot_localization/share/robot_localization/test/test_ekf_localization_node_bag3.launch.py\n'}
[0.566388] (robot_localization) StdoutLine: {'line': b'-- Up-to-date: /home/starry1n/WUTA/WUTA-FSD/ros2_ws/install/robot_localization/share/robot_localization/test/test_ekf_localization_node_bag2.sh\n'}
[0.566436] (robot_localization) StdoutLine: {'line': b'-- Up-to-date: /home/starry1n/WUTA/WUTA-FSD/ros2_ws/install/robot_localization/share/robot_localization/test/test3.bag\n'}
[0.566540] (robot_localization) StdoutLine: {'line': b'-- Up-to-date: /home/starry1n/WUTA/WUTA-FSD/ros2_ws/install/robot_localization/share/robot_localization/test/test_ukf_localization_node_bag2.launch.py\n'}
[0.566725] (robot_localization) StdoutLine: {'line': b'-- Up-to-date: /home/starry1n/WUTA/WUTA-FSD/ros2_ws/install/robot_localization/share/robot_localization/test/test_ros_robot_localization_listener.cpp\n'}
[0.566775] (robot_localization) StdoutLine: {'line': b'-- Up-to-date: /home/starry1n/WUTA/WUTA-FSD/ros2_ws/install/robot_localization/share/robot_localization/test/test_ekf_localization_node_bag1.sh\n'}
[0.567161] (robot_localization) StdoutLine: {'line': b'-- Up-to-date: /home/starry1n/WUTA/WUTA-FSD/ros2_ws/install/robot_localization/share/robot_localization/test/test_ukf_localization_node_bag3.yaml\n'}
[0.567215] (robot_localization) StdoutLine: {'line': b'-- Up-to-date: /home/starry1n/WUTA/WUTA-FSD/ros2_ws/install/robot_localization/share/robot_localization/test/test_ekf_localization_node_interfaces.cpp\n'}
[0.567597] (robot_localization) StdoutLine: {'line': b'-- Up-to-date: /home/starry1n/WUTA/WUTA-FSD/ros2_ws/install/robot_localization/share/robot_localization/test/test_ros_robot_localization_listener_publisher.cpp\n'}
[0.567638] (robot_localization) StdoutLine: {'line': b'-- Up-to-date: /home/starry1n/WUTA/WUTA-FSD/ros2_ws/install/robot_localization/share/robot_localization/test/test_localization_node_bag_pose_tester.cpp\n'}
[0.567668] (robot_localization) StdoutLine: {'line': b'-- Up-to-date: /home/starry1n/WUTA/WUTA-FSD/ros2_ws/install/robot_localization/share/robot_localization/test/test_filter_base.cpp\n'}
[0.567694] (robot_localization) StdoutLine: {'line': b'-- Up-to-date: /home/starry1n/WUTA/WUTA-FSD/ros2_ws/install/robot_localization/share/robot_localization/test/test_ekf_localization_node_bag1.launch.py\n'}
[0.567726] (robot_localization) StdoutLine: {'line': b'-- Up-to-date: /home/starry1n/WUTA/WUTA-FSD/ros2_ws/install/robot_localization/share/robot_localization/test/test1.bag\n'}
[0.567754] (robot_localization) StdoutLine: {'line': b'-- Up-to-date: /home/starry1n/WUTA/WUTA-FSD/ros2_ws/install/robot_localization/share/robot_localization/test/test_ros_robot_localization_listener.yaml\n'}
[0.567780] (robot_localization) StdoutLine: {'line': b'-- Up-to-date: /home/starry1n/WUTA/WUTA-FSD/ros2_ws/install/robot_localization/share/robot_localization/test/test_ros_robot_localization_listener.launch.py\n'}
[0.567807] (robot_localization) StdoutLine: {'line': b'-- Up-to-date: /home/starry1n/WUTA/WUTA-FSD/ros2_ws/install/robot_localization/share/robot_localization/test/test_robot_localization_estimator.launch.py\n'}
[0.567833] (robot_localization) StdoutLine: {'line': b'-- Up-to-date: /home/starry1n/WUTA/WUTA-FSD/ros2_ws/install/robot_localization/share/robot_localization/test/test_ukf_localization_node_bag2.sh\n'}
[0.567965] (robot_localization) StdoutLine: {'line': b'-- Up-to-date: /home/starry1n/WUTA/WUTA-FSD/ros2_ws/install/robot_localization/share/robot_localization/test/test_ukf_localization_node_bag1.launch.py\n'}
[0.568013] (robot_localization) StdoutLine: {'line': b'-- Up-to-date: /home/starry1n/WUTA/WUTA-FSD/ros2_ws/install/robot_localization/share/robot_localization/test/test_filter_base_diagnostics_timestamps.yaml\n'}
[0.568044] (robot_localization) StdoutLine: {'line': b'-- Up-to-date: /home/starry1n/WUTA/WUTA-FSD/ros2_ws/install/robot_localization/share/robot_localization/test/test_ukf_localization_node_bag3.sh\n'}
[0.568105] (robot_localization) StdoutLine: {'line': b'-- Up-to-date: /home/starry1n/WUTA/WUTA-FSD/ros2_ws/install/robot_localization/share/robot_localization/test/test_ekf.cpp\n'}
[0.568161] (robot_localization) StdoutLine: {'line': b'-- Up-to-date: /home/starry1n/WUTA/WUTA-FSD/ros2_ws/install/robot_localization/share/robot_localization/test/test_ekf_localization_node_bag2.yaml\n'}
[0.568194] (robot_localization) StdoutLine: {'line': b'-- Up-to-date: /home/starry1n/WUTA/WUTA-FSD/ros2_ws/install/robot_localization/share/robot_localization/test/test_ekf_localization_node_bag3.yaml\n'}
[0.568221] (robot_localization) StdoutLine: {'line': b'-- Up-to-date: /home/starry1n/WUTA/WUTA-FSD/ros2_ws/install/robot_localization/share/robot_localization/test/test_ekf_localization_node_interfaces.yaml\n'}
[0.568258] (robot_localization) StdoutLine: {'line': b'-- Up-to-date: /home/starry1n/WUTA/WUTA-FSD/ros2_ws/install/robot_localization/share/robot_localization/test/test_ukf_localization_node_bag2.yaml\n'}
[0.568335] (robot_localization) StdoutLine: {'line': b'-- Up-to-date: /home/starry1n/WUTA/WUTA-FSD/ros2_ws/install/robot_localization/share/robot_localization/test/test_ukf_localization_node_bag1.sh\n'}
[0.568413] (robot_localization) StdoutLine: {'line': b'-- Up-to-date: /home/starry1n/WUTA/WUTA-FSD/ros2_ws/install/robot_localization/share/robot_localization/test/test_ekf_localization_node_interfaces.launch.py\n'}
[0.568457] (robot_localization) StdoutLine: {'line': b'-- Up-to-date: /home/starry1n/WUTA/WUTA-FSD/ros2_ws/install/robot_localization/share/robot_localization/test/test_ukf_localization_node_interfaces.yaml\n'}
[0.568485] (robot_localization) StdoutLine: {'line': b'-- Up-to-date: /home/starry1n/WUTA/WUTA-FSD/ros2_ws/install/robot_localization/share/robot_localization/test/test_ukf_localization_node_interfaces.launch.py\n'}
[0.568515] (robot_localization) StdoutLine: {'line': b'-- Up-to-date: /home/starry1n/WUTA/WUTA-FSD/ros2_ws/install/robot_localization/share/robot_localization/test/test_filter_base_diagnostics_timestamps.cpp\n'}
[0.568542] (robot_localization) StdoutLine: {'line': b'-- Up-to-date: /home/starry1n/WUTA/WUTA-FSD/ros2_ws/install/robot_localization/share/robot_localization/test/test_ukf_localization_node_bag1.yaml\n'}
[0.568582] (robot_localization) StdoutLine: {'line': b'-- Up-to-date: /home/starry1n/WUTA/WUTA-FSD/ros2_ws/install/robot_localization/share/robot_localization/test/test2.bag\n'}
[0.568607] (robot_localization) StdoutLine: {'line': b'-- Up-to-date: /home/starry1n/WUTA/WUTA-FSD/ros2_ws/install/robot_localization/share/robot_localization/test/test_navsat_conversions.cpp\n'}
[0.568631] (robot_localization) StdoutLine: {'line': b'-- Up-to-date: /home/starry1n/WUTA/WUTA-FSD/ros2_ws/install/robot_localization/share/robot_localization/test/test_ekf_localization_node_bag3.sh\n'}
[0.568654] (robot_localization) StdoutLine: {'line': b'-- Up-to-date: /home/starry1n/WUTA/WUTA-FSD/ros2_ws/install/robot_localization/share/robot_localization/test/test_ekf_localization_node_bag2.launch.py\n'}
[0.568680] (robot_localization) StdoutLine: {'line': b'-- Up-to-date: /home/starry1n/WUTA/WUTA-FSD/ros2_ws/install/robot_localization/share/robot_localization/test/test_ukf.cpp\n'}
[0.568707] (robot_localization) StdoutLine: {'line': b'-- Up-to-date: /home/starry1n/WUTA/WUTA-FSD/ros2_ws/install/robot_localization/share/robot_localization/test/test_filter_base_diagnostics_timestamps.launch.py\n'}
[0.568733] (robot_localization) StdoutLine: {'line': b'-- Up-to-date: /home/starry1n/WUTA/WUTA-FSD/ros2_ws/install/robot_localization/share/robot_localization/test/test_ukf_localization_node_interfaces.cpp\n'}
[0.568763] (robot_localization) StdoutLine: {'line': b'-- Up-to-date: /home/starry1n/WUTA/WUTA-FSD/ros2_ws/install/robot_localization/share/robot_localization/test/test_ekf_localization_node_bag1.yaml\n'}
[0.568790] (robot_localization) StdoutLine: {'line': b'-- Up-to-date: /home/starry1n/WUTA/WUTA-FSD/ros2_ws/install/robot_localization/share/robot_localization/test/test_robot_localization_estimator.cpp\n'}
[0.568812] (robot_localization) StdoutLine: {'line': b'-- Up-to-date: /home/starry1n/WUTA/WUTA-FSD/ros2_ws/install/robot_localization/share/robot_localization/test/test_ukf_localization_node_bag3.launch.py\n'}
[0.568834] (robot_localization) StdoutLine: {'line': b'-- Up-to-date: /home/starry1n/WUTA/WUTA-FSD/ros2_ws/install/robot_localization/include/robot_localization\n'}
[0.568912] (robot_localization) StdoutLine: {'line': b'-- Up-to-date: /home/starry1n/WUTA/WUTA-FSD/ros2_ws/install/robot_localization/include/robot_localization/robot_localization\n'}
[0.569071] (robot_localization) StdoutLine: {'line': b'-- Up-to-date: /home/starry1n/WUTA/WUTA-FSD/ros2_ws/install/robot_localization/include/robot_localization/robot_localization/filter_base.hpp\n'}
[0.569106] (robot_localization) StdoutLine: {'line': b'-- Up-to-date: /home/starry1n/WUTA/WUTA-FSD/ros2_ws/install/robot_localization/include/robot_localization/robot_localization/ukf.hpp\n'}
[0.569135] (robot_localization) StdoutLine: {'line': b'-- Up-to-date: /home/starry1n/WUTA/WUTA-FSD/ros2_ws/install/robot_localization/include/robot_localization/robot_localization/ros_filter_utilities.hpp\n'}
[0.569164] (robot_localization) StdoutLine: {'line': b'-- Up-to-date: /home/starry1n/WUTA/WUTA-FSD/ros2_ws/install/robot_localization/include/robot_localization/robot_localization/filter_common.hpp\n'}
[0.569192] (robot_localization) StdoutLine: {'line': b'-- Up-to-date: /home/starry1n/WUTA/WUTA-FSD/ros2_ws/install/robot_localization/include/robot_localization/robot_localization/measurement.hpp\n'}
[0.569439] (robot_localization) StdoutLine: {'line': b'-- Up-to-date: /home/starry1n/WUTA/WUTA-FSD/ros2_ws/install/robot_localization/include/robot_localization/robot_localization/ekf.hpp\n'}
[0.569504] (robot_localization) StdoutLine: {'line': b'-- Up-to-date: /home/starry1n/WUTA/WUTA-FSD/ros2_ws/install/robot_localization/include/robot_localization/robot_localization/navsat_transform.hpp\n'}
[0.569539] (robot_localization) StdoutLine: {'line': b'-- Up-to-date: /home/starry1n/WUTA/WUTA-FSD/ros2_ws/install/robot_localization/include/robot_localization/robot_localization/ros_filter.hpp\n'}
[0.570181] (robot_localization) StdoutLine: {'line': b'-- Up-to-date: /home/starry1n/WUTA/WUTA-FSD/ros2_ws/install/robot_localization/include/robot_localization/robot_localization/ros_filter_types.hpp\n'}
[0.570231] (robot_localization) StdoutLine: {'line': b'-- Up-to-date: /home/starry1n/WUTA/WUTA-FSD/ros2_ws/install/robot_localization/include/robot_localization/robot_localization/ros_robot_localization_listener.hpp\n'}
[0.570438] (robot_localization) StdoutLine: {'line': b'-- Up-to-date: /home/starry1n/WUTA/WUTA-FSD/ros2_ws/install/robot_localization/include/robot_localization/robot_localization/navsat_conversions.hpp\n'}
[0.570500] (robot_localization) StdoutLine: {'line': b'-- Up-to-date: /home/starry1n/WUTA/WUTA-FSD/ros2_ws/install/robot_localization/include/robot_localization/robot_localization/filter_state.hpp\n'}
[0.570647] (robot_localization) StdoutLine: {'line': b'-- Up-to-date: /home/starry1n/WUTA/WUTA-FSD/ros2_ws/install/robot_localization/include/robot_localization/robot_localization/filter_utilities.hpp\n'}
[0.570699] (robot_localization) StdoutLine: {'line': b'-- Up-to-date: /home/starry1n/WUTA/WUTA-FSD/ros2_ws/install/robot_localization/include/robot_localization/robot_localization/robot_localization_estimator.hpp\n'}
[0.570733] (robot_localization) StdoutLine: {'line': b'-- Up-to-date: /home/starry1n/WUTA/WUTA-FSD/ros2_ws/install/robot_localization/share/robot_localization/params\n'}
[0.570766] (robot_localization) StdoutLine: {'line': b'-- Up-to-date: /home/starry1n/WUTA/WUTA-FSD/ros2_ws/install/robot_localization/share/robot_localization/params/ukf.yaml\n'}
[0.570795] (robot_localization) StdoutLine: {'line': b'-- Up-to-date: /home/starry1n/WUTA/WUTA-FSD/ros2_ws/install/robot_localization/share/robot_localization/params/dual_ekf_navsat_example.yaml\n'}
[0.570826] (robot_localization) StdoutLine: {'line': b'-- Up-to-date: /home/starry1n/WUTA/WUTA-FSD/ros2_ws/install/robot_localization/share/robot_localization/params/ekf.yaml\n'}
[0.570864] (robot_localization) StdoutLine: {'line': b'-- Up-to-date: /home/starry1n/WUTA/WUTA-FSD/ros2_ws/install/robot_localization/share/robot_localization/params/navsat_transform.yaml\n'}
[0.570888] (robot_localization) StdoutLine: {'line': b'-- Up-to-date: /home/starry1n/WUTA/WUTA-FSD/ros2_ws/install/robot_localization/share/robot_localization/launch\n'}
[0.570909] (robot_localization) StdoutLine: {'line': b'-- Up-to-date: /home/starry1n/WUTA/WUTA-FSD/ros2_ws/install/robot_localization/share/robot_localization/launch/ekf.launch.py\n'}
[0.570931] (robot_localization) StdoutLine: {'line': b'-- Up-to-date: /home/starry1n/WUTA/WUTA-FSD/ros2_ws/install/robot_localization/share/robot_localization/launch/ukf.launch.py\n'}
[0.570954] (robot_localization) StdoutLine: {'line': b'-- Up-to-date: /home/starry1n/WUTA/WUTA-FSD/ros2_ws/install/robot_localization/share/robot_localization/launch/dual_ekf_navsat_example.launch.py\n'}
[0.570976] (robot_localization) StdoutLine: {'line': b'-- Up-to-date: /home/starry1n/WUTA/WUTA-FSD/ros2_ws/install/robot_localization/share/robot_localization/launch/navsat_transform.launch.py\n'}
[0.570997] (robot_localization) StdoutLine: {'line': b'-- Up-to-date: /home/starry1n/WUTA/WUTA-FSD/ros2_ws/install/robot_localization/share/robot_localization/cmake/export_robot_localization__rosidl_generator_cExport.cmake\n'}
[0.571019] (robot_localization) StdoutLine: {'line': b'-- Up-to-date: /home/starry1n/WUTA/WUTA-FSD/ros2_ws/install/robot_localization/share/robot_localization/cmake/export_robot_localization__rosidl_generator_cExport-relwithdebinfo.cmake\n'}
[0.571043] (robot_localization) StdoutLine: {'line': b'-- Up-to-date: /home/starry1n/WUTA/WUTA-FSD/ros2_ws/install/robot_localization/share/robot_localization/cmake/export_robot_localization__rosidl_typesupport_fastrtps_cExport.cmake\n'}
[0.571064] (robot_localization) StdoutLine: {'line': b'-- Up-to-date: /home/starry1n/WUTA/WUTA-FSD/ros2_ws/install/robot_localization/share/robot_localization/cmake/export_robot_localization__rosidl_typesupport_fastrtps_cExport-relwithdebinfo.cmake\n'}
[0.571086] (robot_localization) StdoutLine: {'line': b'-- Up-to-date: /home/starry1n/WUTA/WUTA-FSD/ros2_ws/install/robot_localization/share/robot_localization/cmake/export_robot_localization__rosidl_generator_cppExport.cmake\n'}
[0.571107] (robot_localization) StdoutLine: {'line': b'-- Up-to-date: /home/starry1n/WUTA/WUTA-FSD/ros2_ws/install/robot_localization/share/robot_localization/cmake/export_robot_localization__rosidl_typesupport_fastrtps_cppExport.cmake\n'}
[0.571128] (robot_localization) StdoutLine: {'line': b'-- Up-to-date: /home/starry1n/WUTA/WUTA-FSD/ros2_ws/install/robot_localization/share/robot_localization/cmake/export_robot_localization__rosidl_typesupport_fastrtps_cppExport-relwithdebinfo.cmake\n'}
[0.571149] (robot_localization) StdoutLine: {'line': b'-- Up-to-date: /home/starry1n/WUTA/WUTA-FSD/ros2_ws/install/robot_localization/share/robot_localization/cmake/robot_localization__rosidl_typesupport_introspection_cExport.cmake\n'}
[0.571170] (robot_localization) StdoutLine: {'line': b'-- Up-to-date: /home/starry1n/WUTA/WUTA-FSD/ros2_ws/install/robot_localization/share/robot_localization/cmake/robot_localization__rosidl_typesupport_introspection_cExport-relwithdebinfo.cmake\n'}
[0.571236] (robot_localization) StdoutLine: {'line': b'-- Up-to-date: /home/starry1n/WUTA/WUTA-FSD/ros2_ws/install/robot_localization/share/robot_localization/cmake/robot_localization__rosidl_typesupport_cExport.cmake\n'}
[0.571351] (robot_localization) StdoutLine: {'line': b'-- Up-to-date: /home/starry1n/WUTA/WUTA-FSD/ros2_ws/install/robot_localization/share/robot_localization/cmake/robot_localization__rosidl_typesupport_cExport-relwithdebinfo.cmake\n'}
[0.571413] (robot_localization) StdoutLine: {'line': b'-- Up-to-date: /home/starry1n/WUTA/WUTA-FSD/ros2_ws/install/robot_localization/share/robot_localization/cmake/robot_localization__rosidl_typesupport_introspection_cppExport.cmake\n'}
[0.571494] (robot_localization) StdoutLine: {'line': b'-- Up-to-date: /home/starry1n/WUTA/WUTA-FSD/ros2_ws/install/robot_localization/share/robot_localization/cmake/robot_localization__rosidl_typesupport_introspection_cppExport-relwithdebinfo.cmake\n'}
[0.571543] (robot_localization) StdoutLine: {'line': b'-- Up-to-date: /home/starry1n/WUTA/WUTA-FSD/ros2_ws/install/robot_localization/share/robot_localization/cmake/robot_localization__rosidl_typesupport_cppExport.cmake\n'}
[0.571584] (robot_localization) StdoutLine: {'line': b'-- Up-to-date: /home/starry1n/WUTA/WUTA-FSD/ros2_ws/install/robot_localization/share/robot_localization/cmake/robot_localization__rosidl_typesupport_cppExport-relwithdebinfo.cmake\n'}
[0.571874] (robot_localization) StdoutLine: {'line': b'-- Up-to-date: /home/starry1n/WUTA/WUTA-FSD/ros2_ws/install/robot_localization/share/robot_localization/cmake/export_robot_localization__rosidl_generator_pyExport.cmake\n'}
[0.571920] (robot_localization) StdoutLine: {'line': b'-- Up-to-date: /home/starry1n/WUTA/WUTA-FSD/ros2_ws/install/robot_localization/share/robot_localization/cmake/export_robot_localization__rosidl_generator_pyExport-relwithdebinfo.cmake\n'}
[0.571951] (camera_detection) JobProgress: {'identifier': 'camera_detection', 'progress': 'cmake'}
[0.571961] (camera_detection) JobProgress: {'identifier': 'camera_detection', 'progress': 'build'}
[0.572045] (camera_detection) Command: {'cmd': ['/usr/bin/cmake', '--build', '/home/starry1n/WUTA/WUTA-FSD/ros2_ws/build/camera_detection', '--', '-j8', '-l8'], 'cwd': '/home/starry1n/WUTA/WUTA-FSD/ros2_ws/build/camera_detection', 'env': OrderedDict([('LESSOPEN', '| /usr/bin/lesspipe %s'), ('CODEX_CI', '1'), ('LANGUAGE', 'zh_CN:zh'), ('USER', 'starry1n'), ('XDG_SESSION_TYPE', 'wayland'), ('SHLVL', '2'), ('LD_LIBRARY_PATH', '/home/starry1n/WUTA/WUTA-FSD/ros2_ws/install/wuta_msgs/lib:/opt/ros/humble/opt/rviz_ogre_vendor/lib:/opt/ros/humble/lib/x86_64-linux-gnu:/opt/ros/humble/lib'), ('HOME', '/home/starry1n'), ('OLDPWD', '/home/starry1n/WUTA/WUTA-FSD'), ('DESKTOP_SESSION', 'ubuntu'), ('ROS_PYTHON_VERSION', '3'), ('GNOME_SHELL_SESSION_MODE', 'ubuntu'), ('GTK_MODULES', 'gail:atk-bridge'), ('PAGER', 'cat'), ('LC_CTYPE', 'C.UTF-8'), ('DBUS_STARTER_BUS_TYPE', 'session'), ('SYSTEMD_EXEC_PID', '2321'), ('IM_CONFIG_CHECK_ENV', '1'), ('NO_COLOR', '1'), ('DBUS_SESSION_BUS_ADDRESS', 'unix:path=/run/user/1000/bus,guid=c67e2489f73595b365ff0ae46a50c8ee'), ('COLORTERM', ''), ('IM_CONFIG_PHASE', '1'), ('WAYLAND_DISPLAY', 'wayland-0'), ('CODEX_PERMISSION_PROFILE', ':workspace'), ('ROS_DISTRO', 'humble'), ('LOGNAME', 'starry1n'), ('_', '/usr/bin/colcon'), ('ROS_VERSION', '2'), ('XDG_SESSION_CLASS', 'user'), ('USERNAME', 'starry1n'), ('TERM', 'dumb'), ('GNOME_DESKTOP_SESSION_ID', 'this-is-deprecated'), ('ROS_LOCALHOST_ONLY', '0'), ('PATH', '/home/starry1n/.local/bin:/home/starry1n/.codex/packages/standalone/releases/0.144.4-x86_64-unknown-linux-musl/codex-path:/home/starry1n/.codex/tmp/arg0/codex-arg05cnADw:/home/starry1n/.local/bin:/opt/ros/humble/bin:/home/starry1n/.local/bin:/usr/local/sbin:/usr/local/bin:/usr/sbin:/usr/bin:/sbin:/bin:/usr/games:/usr/local/games:/snap/bin:/snap/bin'), ('SESSION_MANAGER', 'local/starry1n-virtual-machine:@/tmp/.ICE-unix/2321,unix/starry1n-virtual-machine:/tmp/.ICE-unix/2321'), ('XDG_MENU_PREFIX', 'gnome-'), ('GNOME_TERMINAL_SCREEN', '/org/gnome/Terminal/screen/b41f3890_f157_4b82_b249_7c5cfcb9354a'), ('GNOME_SETUP_DISPLAY', ':1'), ('XDG_RUNTIME_DIR', '/run/user/1000'), ('DISPLAY', ':0'), ('CODEX_SANDBOX_NETWORK_DISABLED', '1'), ('LANG', 'C.UTF-8'), ('XDG_CURRENT_DESKTOP', 'ubuntu:GNOME'), ('XMODIFIERS', '@im=ibus'), ('GH_PAGER', 'cat'), ('XDG_SESSION_DESKTOP', 'ubuntu'), ('XAUTHORITY', '/run/user/1000/.mutter-Xwaylandauth.H6FRS3'), ('LS_COLORS', 'rs=0:di=01;34:ln=01;36:mh=00:pi=40;33:so=01;35:do=01;35:bd=40;33;01:cd=40;33;01:or=40;31;01:mi=00:su=37;41:sg=30;43:ca=30;41:tw=30;42:ow=34;42:st=37;44:ex=01;32:*.tar=01;31:*.tgz=01;31:*.arc=01;31:*.arj=01;31:*.taz=01;31:*.lha=01;31:*.lz4=01;31:*.lzh=01;31:*.lzma=01;31:*.tlz=01;31:*.txz=01;31:*.tzo=01;31:*.t7z=01;31:*.zip=01;31:*.z=01;31:*.dz=01;31:*.gz=01;31:*.lrz=01;31:*.lz=01;31:*.lzo=01;31:*.xz=01;31:*.zst=01;31:*.tzst=01;31:*.bz2=01;31:*.bz=01;31:*.tbz=01;31:*.tbz2=01;31:*.tz=01;31:*.deb=01;31:*.rpm=01;31:*.jar=01;31:*.war=01;31:*.ear=01;31:*.sar=01;31:*.rar=01;31:*.alz=01;31:*.ace=01;31:*.zoo=01;31:*.cpio=01;31:*.7z=01;31:*.rz=01;31:*.cab=01;31:*.wim=01;31:*.swm=01;31:*.dwm=01;31:*.esd=01;31:*.jpg=01;35:*.jpeg=01;35:*.mjpg=01;35:*.mjpeg=01;35:*.gif=01;35:*.bmp=01;35:*.pbm=01;35:*.pgm=01;35:*.ppm=01;35:*.tga=01;35:*.xbm=01;35:*.xpm=01;35:*.tif=01;35:*.tiff=01;35:*.png=01;35:*.svg=01;35:*.svgz=01;35:*.mng=01;35:*.pcx=01;35:*.mov=01;35:*.mpg=01;35:*.mpeg=01;35:*.m2v=01;35:*.mkv=01;35:*.webm=01;35:*.webp=01;35:*.ogm=01;35:*.mp4=01;35:*.m4v=01;35:*.mp4v=01;35:*.vob=01;35:*.qt=01;35:*.nuv=01;35:*.wmv=01;35:*.asf=01;35:*.rm=01;35:*.rmvb=01;35:*.flc=01;35:*.avi=01;35:*.fli=01;35:*.flv=01;35:*.gl=01;35:*.dl=01;35:*.xcf=01;35:*.xwd=01;35:*.yuv=01;35:*.cgm=01;35:*.emf=01;35:*.ogv=01;35:*.ogx=01;35:*.aac=00;36:*.au=00;36:*.flac=00;36:*.m4a=00;36:*.mid=00;36:*.midi=00;36:*.mka=00;36:*.mp3=00;36:*.mpc=00;36:*.ogg=00;36:*.ra=00;36:*.wav=00;36:*.oga=00;36:*.opus=00;36:*.spx=00;36:*.xspf=00;36:'), ('GNOME_TERMINAL_SERVICE', ':1.330'), ('SSH_AGENT_LAUNCHER', 'gnome-keyring'), ('SSH_AUTH_SOCK', '/run/user/1000/keyring/ssh'), ('AMENT_PREFIX_PATH', '/home/starry1n/WUTA/WUTA-FSD/ros2_ws/install/wuta_msgs:/opt/ros/humble'), ('SHELL', '/bin/bash'), ('QT_ACCESSIBILITY', '1'), ('GDMSESSION', 'ubuntu'), ('LESSCLOSE', '/usr/bin/lesspipe %s %s'), ('CODEX_THREAD_ID', '019f5073-bc50-71a2-9549-8d1988512281'), ('GIT_PAGER', 'cat'), ('QT_IM_MODULE', 'ibus'), ('PWD', '/home/starry1n/WUTA/WUTA-FSD/ros2_ws/build/camera_detection'), ('LC_ALL', 'C.UTF-8'), ('XDG_CONFIG_DIRS', '/etc/xdg/xdg-ubuntu:/etc/xdg'), ('DBUS_STARTER_ADDRESS', 'unix:path=/run/user/1000/bus,guid=c67e2489f73595b365ff0ae46a50c8ee'), ('XDG_DATA_DIRS', '/usr/share/ubuntu:/usr/local/share/:/usr/share/:/var/lib/snapd/desktop'), ('PYTHONPATH', '/home/starry1n/WUTA/WUTA-FSD/ros2_ws/install/wuta_msgs/local/lib/python3.10/dist-packages:/opt/ros/humble/lib/python3.10/site-packages:/opt/ros/humble/local/lib/python3.10/dist-packages'), ('COLCON', '1'), ('VTE_VERSION', '6800'), ('CMAKE_PREFIX_PATH', '/home/starry1n/WUTA/WUTA-FSD/ros2_ws/install/wuta_msgs:/opt/ros/humble')]), 'shell': False}
[0.572849] (cone_map_builder) JobProgress: {'identifier': 'cone_map_builder', 'progress': 'cmake'}
[0.573200] (cone_map_builder) JobProgress: {'identifier': 'cone_map_builder', 'progress': 'build'}
[0.573488] (cone_map_builder) Command: {'cmd': ['/usr/bin/cmake', '--build', '/home/starry1n/WUTA/WUTA-FSD/ros2_ws/build/cone_map_builder', '--', '-j8', '-l8'], 'cwd': '/home/starry1n/WUTA/WUTA-FSD/ros2_ws/build/cone_map_builder', 'env': OrderedDict([('LESSOPEN', '| /usr/bin/lesspipe %s'), ('CODEX_CI', '1'), ('LANGUAGE', 'zh_CN:zh'), ('USER', 'starry1n'), ('XDG_SESSION_TYPE', 'wayland'), ('SHLVL', '2'), ('LD_LIBRARY_PATH', '/home/starry1n/WUTA/WUTA-FSD/ros2_ws/install/wuta_msgs/lib:/opt/ros/humble/opt/rviz_ogre_vendor/lib:/opt/ros/humble/lib/x86_64-linux-gnu:/opt/ros/humble/lib'), ('HOME', '/home/starry1n'), ('OLDPWD', '/home/starry1n/WUTA/WUTA-FSD'), ('DESKTOP_SESSION', 'ubuntu'), ('ROS_PYTHON_VERSION', '3'), ('GNOME_SHELL_SESSION_MODE', 'ubuntu'), ('GTK_MODULES', 'gail:atk-bridge'), ('PAGER', 'cat'), ('LC_CTYPE', 'C.UTF-8'), ('DBUS_STARTER_BUS_TYPE', 'session'), ('SYSTEMD_EXEC_PID', '2321'), ('IM_CONFIG_CHECK_ENV', '1'), ('NO_COLOR', '1'), ('DBUS_SESSION_BUS_ADDRESS', 'unix:path=/run/user/1000/bus,guid=c67e2489f73595b365ff0ae46a50c8ee'), ('COLORTERM', ''), ('IM_CONFIG_PHASE', '1'), ('WAYLAND_DISPLAY', 'wayland-0'), ('CODEX_PERMISSION_PROFILE', ':workspace'), ('ROS_DISTRO', 'humble'), ('LOGNAME', 'starry1n'), ('_', '/usr/bin/colcon'), ('ROS_VERSION', '2'), ('XDG_SESSION_CLASS', 'user'), ('USERNAME', 'starry1n'), ('TERM', 'dumb'), ('GNOME_DESKTOP_SESSION_ID', 'this-is-deprecated'), ('ROS_LOCALHOST_ONLY', '0'), ('PATH', '/home/starry1n/.local/bin:/home/starry1n/.codex/packages/standalone/releases/0.144.4-x86_64-unknown-linux-musl/codex-path:/home/starry1n/.codex/tmp/arg0/codex-arg05cnADw:/home/starry1n/.local/bin:/opt/ros/humble/bin:/home/starry1n/.local/bin:/usr/local/sbin:/usr/local/bin:/usr/sbin:/usr/bin:/sbin:/bin:/usr/games:/usr/local/games:/snap/bin:/snap/bin'), ('SESSION_MANAGER', 'local/starry1n-virtual-machine:@/tmp/.ICE-unix/2321,unix/starry1n-virtual-machine:/tmp/.ICE-unix/2321'), ('XDG_MENU_PREFIX', 'gnome-'), ('GNOME_TERMINAL_SCREEN', '/org/gnome/Terminal/screen/b41f3890_f157_4b82_b249_7c5cfcb9354a'), ('GNOME_SETUP_DISPLAY', ':1'), ('XDG_RUNTIME_DIR', '/run/user/1000'), ('DISPLAY', ':0'), ('CODEX_SANDBOX_NETWORK_DISABLED', '1'), ('LANG', 'C.UTF-8'), ('XDG_CURRENT_DESKTOP', 'ubuntu:GNOME'), ('XMODIFIERS', '@im=ibus'), ('GH_PAGER', 'cat'), ('XDG_SESSION_DESKTOP', 'ubuntu'), ('XAUTHORITY', '/run/user/1000/.mutter-Xwaylandauth.H6FRS3'), ('LS_COLORS', 'rs=0:di=01;34:ln=01;36:mh=00:pi=40;33:so=01;35:do=01;35:bd=40;33;01:cd=40;33;01:or=40;31;01:mi=00:su=37;41:sg=30;43:ca=30;41:tw=30;42:ow=34;42:st=37;44:ex=01;32:*.tar=01;31:*.tgz=01;31:*.arc=01;31:*.arj=01;31:*.taz=01;31:*.lha=01;31:*.lz4=01;31:*.lzh=01;31:*.lzma=01;31:*.tlz=01;31:*.txz=01;31:*.tzo=01;31:*.t7z=01;31:*.zip=01;31:*.z=01;31:*.dz=01;31:*.gz=01;31:*.lrz=01;31:*.lz=01;31:*.lzo=01;31:*.xz=01;31:*.zst=01;31:*.tzst=01;31:*.bz2=01;31:*.bz=01;31:*.tbz=01;31:*.tbz2=01;31:*.tz=01;31:*.deb=01;31:*.rpm=01;31:*.jar=01;31:*.war=01;31:*.ear=01;31:*.sar=01;31:*.rar=01;31:*.alz=01;31:*.ace=01;31:*.zoo=01;31:*.cpio=01;31:*.7z=01;31:*.rz=01;31:*.cab=01;31:*.wim=01;31:*.swm=01;31:*.dwm=01;31:*.esd=01;31:*.jpg=01;35:*.jpeg=01;35:*.mjpg=01;35:*.mjpeg=01;35:*.gif=01;35:*.bmp=01;35:*.pbm=01;35:*.pgm=01;35:*.ppm=01;35:*.tga=01;35:*.xbm=01;35:*.xpm=01;35:*.tif=01;35:*.tiff=01;35:*.png=01;35:*.svg=01;35:*.svgz=01;35:*.mng=01;35:*.pcx=01;35:*.mov=01;35:*.mpg=01;35:*.mpeg=01;35:*.m2v=01;35:*.mkv=01;35:*.webm=01;35:*.webp=01;35:*.ogm=01;35:*.mp4=01;35:*.m4v=01;35:*.mp4v=01;35:*.vob=01;35:*.qt=01;35:*.nuv=01;35:*.wmv=01;35:*.asf=01;35:*.rm=01;35:*.rmvb=01;35:*.flc=01;35:*.avi=01;35:*.fli=01;35:*.flv=01;35:*.gl=01;35:*.dl=01;35:*.xcf=01;35:*.xwd=01;35:*.yuv=01;35:*.cgm=01;35:*.emf=01;35:*.ogv=01;35:*.ogx=01;35:*.aac=00;36:*.au=00;36:*.flac=00;36:*.m4a=00;36:*.mid=00;36:*.midi=00;36:*.mka=00;36:*.mp3=00;36:*.mpc=00;36:*.ogg=00;36:*.ra=00;36:*.wav=00;36:*.oga=00;36:*.opus=00;36:*.spx=00;36:*.xspf=00;36:'), ('GNOME_TERMINAL_SERVICE', ':1.330'), ('SSH_AGENT_LAUNCHER', 'gnome-keyring'), ('SSH_AUTH_SOCK', '/run/user/1000/keyring/ssh'), ('AMENT_PREFIX_PATH', '/home/starry1n/WUTA/WUTA-FSD/ros2_ws/install/wuta_msgs:/opt/ros/humble'), ('SHELL', '/bin/bash'), ('QT_ACCESSIBILITY', '1'), ('GDMSESSION', 'ubuntu'), ('LESSCLOSE', '/usr/bin/lesspipe %s %s'), ('CODEX_THREAD_ID', '019f5073-bc50-71a2-9549-8d1988512281'), ('GIT_PAGER', 'cat'), ('QT_IM_MODULE', 'ibus'), ('PWD', '/home/starry1n/WUTA/WUTA-FSD/ros2_ws/build/cone_map_builder'), ('LC_ALL', 'C.UTF-8'), ('XDG_CONFIG_DIRS', '/etc/xdg/xdg-ubuntu:/etc/xdg'), ('DBUS_STARTER_ADDRESS', 'unix:path=/run/user/1000/bus,guid=c67e2489f73595b365ff0ae46a50c8ee'), ('XDG_DATA_DIRS', '/usr/share/ubuntu:/usr/local/share/:/usr/share/:/var/lib/snapd/desktop'), ('PYTHONPATH', '/home/starry1n/WUTA/WUTA-FSD/ros2_ws/install/wuta_msgs/local/lib/python3.10/dist-packages:/opt/ros/humble/lib/python3.10/site-packages:/opt/ros/humble/local/lib/python3.10/dist-packages'), ('COLCON', '1'), ('VTE_VERSION', '6800'), ('CMAKE_PREFIX_PATH', '/home/starry1n/WUTA/WUTA-FSD/ros2_ws/install/wuta_msgs:/opt/ros/humble')]), 'shell': False}
[0.574927] (detection_fusion) JobProgress: {'identifier': 'detection_fusion', 'progress': 'cmake'}
[0.576922] (detection_fusion) JobProgress: {'identifier': 'detection_fusion', 'progress': 'build'}
[0.577116] (detection_fusion) Command: {'cmd': ['/usr/bin/cmake', '--build', '/home/starry1n/WUTA/WUTA-FSD/ros2_ws/build/detection_fusion', '--', '-j8', '-l8'], 'cwd': '/home/starry1n/WUTA/WUTA-FSD/ros2_ws/build/detection_fusion', 'env': OrderedDict([('LESSOPEN', '| /usr/bin/lesspipe %s'), ('CODEX_CI', '1'), ('LANGUAGE', 'zh_CN:zh'), ('USER', 'starry1n'), ('XDG_SESSION_TYPE', 'wayland'), ('SHLVL', '2'), ('LD_LIBRARY_PATH', '/home/starry1n/WUTA/WUTA-FSD/ros2_ws/install/wuta_msgs/lib:/opt/ros/humble/opt/rviz_ogre_vendor/lib:/opt/ros/humble/lib/x86_64-linux-gnu:/opt/ros/humble/lib'), ('HOME', '/home/starry1n'), ('OLDPWD', '/home/starry1n/WUTA/WUTA-FSD'), ('DESKTOP_SESSION', 'ubuntu'), ('ROS_PYTHON_VERSION', '3'), ('GNOME_SHELL_SESSION_MODE', 'ubuntu'), ('GTK_MODULES', 'gail:atk-bridge'), ('PAGER', 'cat'), ('LC_CTYPE', 'C.UTF-8'), ('DBUS_STARTER_BUS_TYPE', 'session'), ('SYSTEMD_EXEC_PID', '2321'), ('IM_CONFIG_CHECK_ENV', '1'), ('NO_COLOR', '1'), ('DBUS_SESSION_BUS_ADDRESS', 'unix:path=/run/user/1000/bus,guid=c67e2489f73595b365ff0ae46a50c8ee'), ('COLORTERM', ''), ('IM_CONFIG_PHASE', '1'), ('WAYLAND_DISPLAY', 'wayland-0'), ('CODEX_PERMISSION_PROFILE', ':workspace'), ('ROS_DISTRO', 'humble'), ('LOGNAME', 'starry1n'), ('_', '/usr/bin/colcon'), ('ROS_VERSION', '2'), ('XDG_SESSION_CLASS', 'user'), ('USERNAME', 'starry1n'), ('TERM', 'dumb'), ('GNOME_DESKTOP_SESSION_ID', 'this-is-deprecated'), ('ROS_LOCALHOST_ONLY', '0'), ('PATH', '/home/starry1n/.local/bin:/home/starry1n/.codex/packages/standalone/releases/0.144.4-x86_64-unknown-linux-musl/codex-path:/home/starry1n/.codex/tmp/arg0/codex-arg05cnADw:/home/starry1n/.local/bin:/opt/ros/humble/bin:/home/starry1n/.local/bin:/usr/local/sbin:/usr/local/bin:/usr/sbin:/usr/bin:/sbin:/bin:/usr/games:/usr/local/games:/snap/bin:/snap/bin'), ('SESSION_MANAGER', 'local/starry1n-virtual-machine:@/tmp/.ICE-unix/2321,unix/starry1n-virtual-machine:/tmp/.ICE-unix/2321'), ('XDG_MENU_PREFIX', 'gnome-'), ('GNOME_TERMINAL_SCREEN', '/org/gnome/Terminal/screen/b41f3890_f157_4b82_b249_7c5cfcb9354a'), ('GNOME_SETUP_DISPLAY', ':1'), ('XDG_RUNTIME_DIR', '/run/user/1000'), ('DISPLAY', ':0'), ('CODEX_SANDBOX_NETWORK_DISABLED', '1'), ('LANG', 'C.UTF-8'), ('XDG_CURRENT_DESKTOP', 'ubuntu:GNOME'), ('XMODIFIERS', '@im=ibus'), ('GH_PAGER', 'cat'), ('XDG_SESSION_DESKTOP', 'ubuntu'), ('XAUTHORITY', '/run/user/1000/.mutter-Xwaylandauth.H6FRS3'), ('LS_COLORS', 'rs=0:di=01;34:ln=01;36:mh=00:pi=40;33:so=01;35:do=01;35:bd=40;33;01:cd=40;33;01:or=40;31;01:mi=00:su=37;41:sg=30;43:ca=30;41:tw=30;42:ow=34;42:st=37;44:ex=01;32:*.tar=01;31:*.tgz=01;31:*.arc=01;31:*.arj=01;31:*.taz=01;31:*.lha=01;31:*.lz4=01;31:*.lzh=01;31:*.lzma=01;31:*.tlz=01;31:*.txz=01;31:*.tzo=01;31:*.t7z=01;31:*.zip=01;31:*.z=01;31:*.dz=01;31:*.gz=01;31:*.lrz=01;31:*.lz=01;31:*.lzo=01;31:*.xz=01;31:*.zst=01;31:*.tzst=01;31:*.bz2=01;31:*.bz=01;31:*.tbz=01;31:*.tbz2=01;31:*.tz=01;31:*.deb=01;31:*.rpm=01;31:*.jar=01;31:*.war=01;31:*.ear=01;31:*.sar=01;31:*.rar=01;31:*.alz=01;31:*.ace=01;31:*.zoo=01;31:*.cpio=01;31:*.7z=01;31:*.rz=01;31:*.cab=01;31:*.wim=01;31:*.swm=01;31:*.dwm=01;31:*.esd=01;31:*.jpg=01;35:*.jpeg=01;35:*.mjpg=01;35:*.mjpeg=01;35:*.gif=01;35:*.bmp=01;35:*.pbm=01;35:*.pgm=01;35:*.ppm=01;35:*.tga=01;35:*.xbm=01;35:*.xpm=01;35:*.tif=01;35:*.tiff=01;35:*.png=01;35:*.svg=01;35:*.svgz=01;35:*.mng=01;35:*.pcx=01;35:*.mov=01;35:*.mpg=01;35:*.mpeg=01;35:*.m2v=01;35:*.mkv=01;35:*.webm=01;35:*.webp=01;35:*.ogm=01;35:*.mp4=01;35:*.m4v=01;35:*.mp4v=01;35:*.vob=01;35:*.qt=01;35:*.nuv=01;35:*.wmv=01;35:*.asf=01;35:*.rm=01;35:*.rmvb=01;35:*.flc=01;35:*.avi=01;35:*.fli=01;35:*.flv=01;35:*.gl=01;35:*.dl=01;35:*.xcf=01;35:*.xwd=01;35:*.yuv=01;35:*.cgm=01;35:*.emf=01;35:*.ogv=01;35:*.ogx=01;35:*.aac=00;36:*.au=00;36:*.flac=00;36:*.m4a=00;36:*.mid=00;36:*.midi=00;36:*.mka=00;36:*.mp3=00;36:*.mpc=00;36:*.ogg=00;36:*.ra=00;36:*.wav=00;36:*.oga=00;36:*.opus=00;36:*.spx=00;36:*.xspf=00;36:'), ('GNOME_TERMINAL_SERVICE', ':1.330'), ('SSH_AGENT_LAUNCHER', 'gnome-keyring'), ('SSH_AUTH_SOCK', '/run/user/1000/keyring/ssh'), ('AMENT_PREFIX_PATH', '/home/starry1n/WUTA/WUTA-FSD/ros2_ws/install/wuta_msgs:/opt/ros/humble'), ('SHELL', '/bin/bash'), ('QT_ACCESSIBILITY', '1'), ('GDMSESSION', 'ubuntu'), ('LESSCLOSE', '/usr/bin/lesspipe %s %s'), ('CODEX_THREAD_ID', '019f5073-bc50-71a2-9549-8d1988512281'), ('GIT_PAGER', 'cat'), ('QT_IM_MODULE', 'ibus'), ('PWD', '/home/starry1n/WUTA/WUTA-FSD/ros2_ws/build/detection_fusion'), ('LC_ALL', 'C.UTF-8'), ('XDG_CONFIG_DIRS', '/etc/xdg/xdg-ubuntu:/etc/xdg'), ('DBUS_STARTER_ADDRESS', 'unix:path=/run/user/1000/bus,guid=c67e2489f73595b365ff0ae46a50c8ee'), ('XDG_DATA_DIRS', '/usr/share/ubuntu:/usr/local/share/:/usr/share/:/var/lib/snapd/desktop'), ('PYTHONPATH', '/home/starry1n/WUTA/WUTA-FSD/ros2_ws/install/wuta_msgs/local/lib/python3.10/dist-packages:/opt/ros/humble/lib/python3.10/site-packages:/opt/ros/humble/local/lib/python3.10/dist-packages'), ('COLCON', '1'), ('VTE_VERSION', '6800'), ('CMAKE_PREFIX_PATH', '/home/starry1n/WUTA/WUTA-FSD/ros2_ws/install/wuta_msgs:/opt/ros/humble')]), 'shell': False}
[0.578314] (kiss_icp_wrapper) JobProgress: {'identifier': 'kiss_icp_wrapper', 'progress': 'cmake'}
[0.578939] (kiss_icp_wrapper) JobProgress: {'identifier': 'kiss_icp_wrapper', 'progress': 'build'}
[0.579476] (kiss_icp_wrapper) Command: {'cmd': ['/usr/bin/cmake', '--build', '/home/starry1n/WUTA/WUTA-FSD/ros2_ws/build/kiss_icp_wrapper', '--', '-j8', '-l8'], 'cwd': '/home/starry1n/WUTA/WUTA-FSD/ros2_ws/build/kiss_icp_wrapper', 'env': OrderedDict([('LESSOPEN', '| /usr/bin/lesspipe %s'), ('CODEX_CI', '1'), ('LANGUAGE', 'zh_CN:zh'), ('USER', 'starry1n'), ('XDG_SESSION_TYPE', 'wayland'), ('SHLVL', '2'), ('LD_LIBRARY_PATH', '/home/starry1n/WUTA/WUTA-FSD/ros2_ws/install/wuta_msgs/lib:/opt/ros/humble/opt/rviz_ogre_vendor/lib:/opt/ros/humble/lib/x86_64-linux-gnu:/opt/ros/humble/lib'), ('HOME', '/home/starry1n'), ('OLDPWD', '/home/starry1n/WUTA/WUTA-FSD'), ('DESKTOP_SESSION', 'ubuntu'), ('ROS_PYTHON_VERSION', '3'), ('GNOME_SHELL_SESSION_MODE', 'ubuntu'), ('GTK_MODULES', 'gail:atk-bridge'), ('PAGER', 'cat'), ('LC_CTYPE', 'C.UTF-8'), ('DBUS_STARTER_BUS_TYPE', 'session'), ('SYSTEMD_EXEC_PID', '2321'), ('IM_CONFIG_CHECK_ENV', '1'), ('NO_COLOR', '1'), ('DBUS_SESSION_BUS_ADDRESS', 'unix:path=/run/user/1000/bus,guid=c67e2489f73595b365ff0ae46a50c8ee'), ('COLORTERM', ''), ('IM_CONFIG_PHASE', '1'), ('WAYLAND_DISPLAY', 'wayland-0'), ('CODEX_PERMISSION_PROFILE', ':workspace'), ('ROS_DISTRO', 'humble'), ('LOGNAME', 'starry1n'), ('_', '/usr/bin/colcon'), ('ROS_VERSION', '2'), ('XDG_SESSION_CLASS', 'user'), ('USERNAME', 'starry1n'), ('TERM', 'dumb'), ('GNOME_DESKTOP_SESSION_ID', 'this-is-deprecated'), ('ROS_LOCALHOST_ONLY', '0'), ('PATH', '/home/starry1n/.local/bin:/home/starry1n/.codex/packages/standalone/releases/0.144.4-x86_64-unknown-linux-musl/codex-path:/home/starry1n/.codex/tmp/arg0/codex-arg05cnADw:/home/starry1n/.local/bin:/opt/ros/humble/bin:/home/starry1n/.local/bin:/usr/local/sbin:/usr/local/bin:/usr/sbin:/usr/bin:/sbin:/bin:/usr/games:/usr/local/games:/snap/bin:/snap/bin'), ('SESSION_MANAGER', 'local/starry1n-virtual-machine:@/tmp/.ICE-unix/2321,unix/starry1n-virtual-machine:/tmp/.ICE-unix/2321'), ('XDG_MENU_PREFIX', 'gnome-'), ('GNOME_TERMINAL_SCREEN', '/org/gnome/Terminal/screen/b41f3890_f157_4b82_b249_7c5cfcb9354a'), ('GNOME_SETUP_DISPLAY', ':1'), ('XDG_RUNTIME_DIR', '/run/user/1000'), ('DISPLAY', ':0'), ('CODEX_SANDBOX_NETWORK_DISABLED', '1'), ('LANG', 'C.UTF-8'), ('XDG_CURRENT_DESKTOP', 'ubuntu:GNOME'), ('XMODIFIERS', '@im=ibus'), ('GH_PAGER', 'cat'), ('XDG_SESSION_DESKTOP', 'ubuntu'), ('XAUTHORITY', '/run/user/1000/.mutter-Xwaylandauth.H6FRS3'), ('LS_COLORS', 'rs=0:di=01;34:ln=01;36:mh=00:pi=40;33:so=01;35:do=01;35:bd=40;33;01:cd=40;33;01:or=40;31;01:mi=00:su=37;41:sg=30;43:ca=30;41:tw=30;42:ow=34;42:st=37;44:ex=01;32:*.tar=01;31:*.tgz=01;31:*.arc=01;31:*.arj=01;31:*.taz=01;31:*.lha=01;31:*.lz4=01;31:*.lzh=01;31:*.lzma=01;31:*.tlz=01;31:*.txz=01;31:*.tzo=01;31:*.t7z=01;31:*.zip=01;31:*.z=01;31:*.dz=01;31:*.gz=01;31:*.lrz=01;31:*.lz=01;31:*.lzo=01;31:*.xz=01;31:*.zst=01;31:*.tzst=01;31:*.bz2=01;31:*.bz=01;31:*.tbz=01;31:*.tbz2=01;31:*.tz=01;31:*.deb=01;31:*.rpm=01;31:*.jar=01;31:*.war=01;31:*.ear=01;31:*.sar=01;31:*.rar=01;31:*.alz=01;31:*.ace=01;31:*.zoo=01;31:*.cpio=01;31:*.7z=01;31:*.rz=01;31:*.cab=01;31:*.wim=01;31:*.swm=01;31:*.dwm=01;31:*.esd=01;31:*.jpg=01;35:*.jpeg=01;35:*.mjpg=01;35:*.mjpeg=01;35:*.gif=01;35:*.bmp=01;35:*.pbm=01;35:*.pgm=01;35:*.ppm=01;35:*.tga=01;35:*.xbm=01;35:*.xpm=01;35:*.tif=01;35:*.tiff=01;35:*.png=01;35:*.svg=01;35:*.svgz=01;35:*.mng=01;35:*.pcx=01;35:*.mov=01;35:*.mpg=01;35:*.mpeg=01;35:*.m2v=01;35:*.mkv=01;35:*.webm=01;35:*.webp=01;35:*.ogm=01;35:*.mp4=01;35:*.m4v=01;35:*.mp4v=01;35:*.vob=01;35:*.qt=01;35:*.nuv=01;35:*.wmv=01;35:*.asf=01;35:*.rm=01;35:*.rmvb=01;35:*.flc=01;35:*.avi=01;35:*.fli=01;35:*.flv=01;35:*.gl=01;35:*.dl=01;35:*.xcf=01;35:*.xwd=01;35:*.yuv=01;35:*.cgm=01;35:*.emf=01;35:*.ogv=01;35:*.ogx=01;35:*.aac=00;36:*.au=00;36:*.flac=00;36:*.m4a=00;36:*.mid=00;36:*.midi=00;36:*.mka=00;36:*.mp3=00;36:*.mpc=00;36:*.ogg=00;36:*.ra=00;36:*.wav=00;36:*.oga=00;36:*.opus=00;36:*.spx=00;36:*.xspf=00;36:'), ('GNOME_TERMINAL_SERVICE', ':1.330'), ('SSH_AGENT_LAUNCHER', 'gnome-keyring'), ('SSH_AUTH_SOCK', '/run/user/1000/keyring/ssh'), ('AMENT_PREFIX_PATH', '/home/starry1n/WUTA/WUTA-FSD/ros2_ws/install/wuta_msgs:/opt/ros/humble'), ('SHELL', '/bin/bash'), ('QT_ACCESSIBILITY', '1'), ('GDMSESSION', 'ubuntu'), ('LESSCLOSE', '/usr/bin/lesspipe %s %s'), ('CODEX_THREAD_ID', '019f5073-bc50-71a2-9549-8d1988512281'), ('GIT_PAGER', 'cat'), ('QT_IM_MODULE', 'ibus'), ('PWD', '/home/starry1n/WUTA/WUTA-FSD/ros2_ws/build/kiss_icp_wrapper'), ('LC_ALL', 'C.UTF-8'), ('XDG_CONFIG_DIRS', '/etc/xdg/xdg-ubuntu:/etc/xdg'), ('DBUS_STARTER_ADDRESS', 'unix:path=/run/user/1000/bus,guid=c67e2489f73595b365ff0ae46a50c8ee'), ('XDG_DATA_DIRS', '/usr/share/ubuntu:/usr/local/share/:/usr/share/:/var/lib/snapd/desktop'), ('PYTHONPATH', '/home/starry1n/WUTA/WUTA-FSD/ros2_ws/install/wuta_msgs/local/lib/python3.10/dist-packages:/opt/ros/humble/lib/python3.10/site-packages:/opt/ros/humble/local/lib/python3.10/dist-packages'), ('COLCON', '1'), ('VTE_VERSION', '6800'), ('CMAKE_PREFIX_PATH', '/home/starry1n/WUTA/WUTA-FSD/ros2_ws/install/wuta_msgs:/opt/ros/humble')]), 'shell': False}
[0.582087] (lidar_detection) JobProgress: {'identifier': 'lidar_detection', 'progress': 'cmake'}
[0.583388] (lidar_detection) JobProgress: {'identifier': 'lidar_detection', 'progress': 'build'}
[0.584283] (lidar_detection) Command: {'cmd': ['/usr/bin/cmake', '--build', '/home/starry1n/WUTA/WUTA-FSD/ros2_ws/build/lidar_detection', '--', '-j8', '-l8'], 'cwd': '/home/starry1n/WUTA/WUTA-FSD/ros2_ws/build/lidar_detection', 'env': OrderedDict([('LESSOPEN', '| /usr/bin/lesspipe %s'), ('CODEX_CI', '1'), ('LANGUAGE', 'zh_CN:zh'), ('USER', 'starry1n'), ('XDG_SESSION_TYPE', 'wayland'), ('SHLVL', '2'), ('LD_LIBRARY_PATH', '/home/starry1n/WUTA/WUTA-FSD/ros2_ws/install/wuta_msgs/lib:/opt/ros/humble/opt/rviz_ogre_vendor/lib:/opt/ros/humble/lib/x86_64-linux-gnu:/opt/ros/humble/lib'), ('HOME', '/home/starry1n'), ('OLDPWD', '/home/starry1n/WUTA/WUTA-FSD'), ('DESKTOP_SESSION', 'ubuntu'), ('ROS_PYTHON_VERSION', '3'), ('GNOME_SHELL_SESSION_MODE', 'ubuntu'), ('GTK_MODULES', 'gail:atk-bridge'), ('PAGER', 'cat'), ('LC_CTYPE', 'C.UTF-8'), ('DBUS_STARTER_BUS_TYPE', 'session'), ('SYSTEMD_EXEC_PID', '2321'), ('IM_CONFIG_CHECK_ENV', '1'), ('NO_COLOR', '1'), ('DBUS_SESSION_BUS_ADDRESS', 'unix:path=/run/user/1000/bus,guid=c67e2489f73595b365ff0ae46a50c8ee'), ('COLORTERM', ''), ('IM_CONFIG_PHASE', '1'), ('WAYLAND_DISPLAY', 'wayland-0'), ('CODEX_PERMISSION_PROFILE', ':workspace'), ('ROS_DISTRO', 'humble'), ('LOGNAME', 'starry1n'), ('_', '/usr/bin/colcon'), ('ROS_VERSION', '2'), ('XDG_SESSION_CLASS', 'user'), ('USERNAME', 'starry1n'), ('TERM', 'dumb'), ('GNOME_DESKTOP_SESSION_ID', 'this-is-deprecated'), ('ROS_LOCALHOST_ONLY', '0'), ('PATH', '/home/starry1n/.local/bin:/home/starry1n/.codex/packages/standalone/releases/0.144.4-x86_64-unknown-linux-musl/codex-path:/home/starry1n/.codex/tmp/arg0/codex-arg05cnADw:/home/starry1n/.local/bin:/opt/ros/humble/bin:/home/starry1n/.local/bin:/usr/local/sbin:/usr/local/bin:/usr/sbin:/usr/bin:/sbin:/bin:/usr/games:/usr/local/games:/snap/bin:/snap/bin'), ('SESSION_MANAGER', 'local/starry1n-virtual-machine:@/tmp/.ICE-unix/2321,unix/starry1n-virtual-machine:/tmp/.ICE-unix/2321'), ('XDG_MENU_PREFIX', 'gnome-'), ('GNOME_TERMINAL_SCREEN', '/org/gnome/Terminal/screen/b41f3890_f157_4b82_b249_7c5cfcb9354a'), ('GNOME_SETUP_DISPLAY', ':1'), ('XDG_RUNTIME_DIR', '/run/user/1000'), ('DISPLAY', ':0'), ('CODEX_SANDBOX_NETWORK_DISABLED', '1'), ('LANG', 'C.UTF-8'), ('XDG_CURRENT_DESKTOP', 'ubuntu:GNOME'), ('XMODIFIERS', '@im=ibus'), ('GH_PAGER', 'cat'), ('XDG_SESSION_DESKTOP', 'ubuntu'), ('XAUTHORITY', '/run/user/1000/.mutter-Xwaylandauth.H6FRS3'), ('LS_COLORS', 'rs=0:di=01;34:ln=01;36:mh=00:pi=40;33:so=01;35:do=01;35:bd=40;33;01:cd=40;33;01:or=40;31;01:mi=00:su=37;41:sg=30;43:ca=30;41:tw=30;42:ow=34;42:st=37;44:ex=01;32:*.tar=01;31:*.tgz=01;31:*.arc=01;31:*.arj=01;31:*.taz=01;31:*.lha=01;31:*.lz4=01;31:*.lzh=01;31:*.lzma=01;31:*.tlz=01;31:*.txz=01;31:*.tzo=01;31:*.t7z=01;31:*.zip=01;31:*.z=01;31:*.dz=01;31:*.gz=01;31:*.lrz=01;31:*.lz=01;31:*.lzo=01;31:*.xz=01;31:*.zst=01;31:*.tzst=01;31:*.bz2=01;31:*.bz=01;31:*.tbz=01;31:*.tbz2=01;31:*.tz=01;31:*.deb=01;31:*.rpm=01;31:*.jar=01;31:*.war=01;31:*.ear=01;31:*.sar=01;31:*.rar=01;31:*.alz=01;31:*.ace=01;31:*.zoo=01;31:*.cpio=01;31:*.7z=01;31:*.rz=01;31:*.cab=01;31:*.wim=01;31:*.swm=01;31:*.dwm=01;31:*.esd=01;31:*.jpg=01;35:*.jpeg=01;35:*.mjpg=01;35:*.mjpeg=01;35:*.gif=01;35:*.bmp=01;35:*.pbm=01;35:*.pgm=01;35:*.ppm=01;35:*.tga=01;35:*.xbm=01;35:*.xpm=01;35:*.tif=01;35:*.tiff=01;35:*.png=01;35:*.svg=01;35:*.svgz=01;35:*.mng=01;35:*.pcx=01;35:*.mov=01;35:*.mpg=01;35:*.mpeg=01;35:*.m2v=01;35:*.mkv=01;35:*.webm=01;35:*.webp=01;35:*.ogm=01;35:*.mp4=01;35:*.m4v=01;35:*.mp4v=01;35:*.vob=01;35:*.qt=01;35:*.nuv=01;35:*.wmv=01;35:*.asf=01;35:*.rm=01;35:*.rmvb=01;35:*.flc=01;35:*.avi=01;35:*.fli=01;35:*.flv=01;35:*.gl=01;35:*.dl=01;35:*.xcf=01;35:*.xwd=01;35:*.yuv=01;35:*.cgm=01;35:*.emf=01;35:*.ogv=01;35:*.ogx=01;35:*.aac=00;36:*.au=00;36:*.flac=00;36:*.m4a=00;36:*.mid=00;36:*.midi=00;36:*.mka=00;36:*.mp3=00;36:*.mpc=00;36:*.ogg=00;36:*.ra=00;36:*.wav=00;36:*.oga=00;36:*.opus=00;36:*.spx=00;36:*.xspf=00;36:'), ('GNOME_TERMINAL_SERVICE', ':1.330'), ('SSH_AGENT_LAUNCHER', 'gnome-keyring'), ('SSH_AUTH_SOCK', '/run/user/1000/keyring/ssh'), ('AMENT_PREFIX_PATH', '/home/starry1n/WUTA/WUTA-FSD/ros2_ws/install/wuta_msgs:/opt/ros/humble'), ('SHELL', '/bin/bash'), ('QT_ACCESSIBILITY', '1'), ('GDMSESSION', 'ubuntu'), ('LESSCLOSE', '/usr/bin/lesspipe %s %s'), ('CODEX_THREAD_ID', '019f5073-bc50-71a2-9549-8d1988512281'), ('GIT_PAGER', 'cat'), ('QT_IM_MODULE', 'ibus'), ('PWD', '/home/starry1n/WUTA/WUTA-FSD/ros2_ws/build/lidar_detection'), ('LC_ALL', 'C.UTF-8'), ('XDG_CONFIG_DIRS', '/etc/xdg/xdg-ubuntu:/etc/xdg'), ('DBUS_STARTER_ADDRESS', 'unix:path=/run/user/1000/bus,guid=c67e2489f73595b365ff0ae46a50c8ee'), ('XDG_DATA_DIRS', '/usr/share/ubuntu:/usr/local/share/:/usr/share/:/var/lib/snapd/desktop'), ('PYTHONPATH', '/home/starry1n/WUTA/WUTA-FSD/ros2_ws/install/wuta_msgs/local/lib/python3.10/dist-packages:/opt/ros/humble/lib/python3.10/site-packages:/opt/ros/humble/local/lib/python3.10/dist-packages'), ('COLCON', '1'), ('VTE_VERSION', '6800'), ('CMAKE_PREFIX_PATH', '/home/starry1n/WUTA/WUTA-FSD/ros2_ws/install/wuta_msgs:/opt/ros/humble')]), 'shell': False}
[0.587737] (robot_localization) CommandEnded: {'returncode': 0}
[0.602781] (-) TimerEvent: {}
[0.615670] (robot_localization) JobEnded: {'identifier': 'robot_localization', 'rc': 0}
[0.617230] (mission_manager) JobProgress: {'identifier': 'mission_manager', 'progress': 'cmake'}
[0.618264] (mission_manager) JobProgress: {'identifier': 'mission_manager', 'progress': 'build'}
[0.619143] (mission_manager) Command: {'cmd': ['/usr/bin/cmake', '--build', '/home/starry1n/WUTA/WUTA-FSD/ros2_ws/build/mission_manager', '--', '-j8', '-l8'], 'cwd': '/home/starry1n/WUTA/WUTA-FSD/ros2_ws/build/mission_manager', 'env': OrderedDict([('LESSOPEN', '| /usr/bin/lesspipe %s'), ('CODEX_CI', '1'), ('LANGUAGE', 'zh_CN:zh'), ('USER', 'starry1n'), ('XDG_SESSION_TYPE', 'wayland'), ('SHLVL', '2'), ('LD_LIBRARY_PATH', '/home/starry1n/WUTA/WUTA-FSD/ros2_ws/install/wuta_msgs/lib:/opt/ros/humble/opt/rviz_ogre_vendor/lib:/opt/ros/humble/lib/x86_64-linux-gnu:/opt/ros/humble/lib'), ('HOME', '/home/starry1n'), ('OLDPWD', '/home/starry1n/WUTA/WUTA-FSD'), ('DESKTOP_SESSION', 'ubuntu'), ('ROS_PYTHON_VERSION', '3'), ('GNOME_SHELL_SESSION_MODE', 'ubuntu'), ('GTK_MODULES', 'gail:atk-bridge'), ('PAGER', 'cat'), ('LC_CTYPE', 'C.UTF-8'), ('DBUS_STARTER_BUS_TYPE', 'session'), ('SYSTEMD_EXEC_PID', '2321'), ('IM_CONFIG_CHECK_ENV', '1'), ('NO_COLOR', '1'), ('DBUS_SESSION_BUS_ADDRESS', 'unix:path=/run/user/1000/bus,guid=c67e2489f73595b365ff0ae46a50c8ee'), ('COLORTERM', ''), ('IM_CONFIG_PHASE', '1'), ('WAYLAND_DISPLAY', 'wayland-0'), ('CODEX_PERMISSION_PROFILE', ':workspace'), ('ROS_DISTRO', 'humble'), ('LOGNAME', 'starry1n'), ('_', '/usr/bin/colcon'), ('ROS_VERSION', '2'), ('XDG_SESSION_CLASS', 'user'), ('USERNAME', 'starry1n'), ('TERM', 'dumb'), ('GNOME_DESKTOP_SESSION_ID', 'this-is-deprecated'), ('ROS_LOCALHOST_ONLY', '0'), ('PATH', '/home/starry1n/.local/bin:/home/starry1n/.codex/packages/standalone/releases/0.144.4-x86_64-unknown-linux-musl/codex-path:/home/starry1n/.codex/tmp/arg0/codex-arg05cnADw:/home/starry1n/.local/bin:/opt/ros/humble/bin:/home/starry1n/.local/bin:/usr/local/sbin:/usr/local/bin:/usr/sbin:/usr/bin:/sbin:/bin:/usr/games:/usr/local/games:/snap/bin:/snap/bin'), ('SESSION_MANAGER', 'local/starry1n-virtual-machine:@/tmp/.ICE-unix/2321,unix/starry1n-virtual-machine:/tmp/.ICE-unix/2321'), ('XDG_MENU_PREFIX', 'gnome-'), ('GNOME_TERMINAL_SCREEN', '/org/gnome/Terminal/screen/b41f3890_f157_4b82_b249_7c5cfcb9354a'), ('GNOME_SETUP_DISPLAY', ':1'), ('XDG_RUNTIME_DIR', '/run/user/1000'), ('DISPLAY', ':0'), ('CODEX_SANDBOX_NETWORK_DISABLED', '1'), ('LANG', 'C.UTF-8'), ('XDG_CURRENT_DESKTOP', 'ubuntu:GNOME'), ('XMODIFIERS', '@im=ibus'), ('GH_PAGER', 'cat'), ('XDG_SESSION_DESKTOP', 'ubuntu'), ('XAUTHORITY', '/run/user/1000/.mutter-Xwaylandauth.H6FRS3'), ('LS_COLORS', 'rs=0:di=01;34:ln=01;36:mh=00:pi=40;33:so=01;35:do=01;35:bd=40;33;01:cd=40;33;01:or=40;31;01:mi=00:su=37;41:sg=30;43:ca=30;41:tw=30;42:ow=34;42:st=37;44:ex=01;32:*.tar=01;31:*.tgz=01;31:*.arc=01;31:*.arj=01;31:*.taz=01;31:*.lha=01;31:*.lz4=01;31:*.lzh=01;31:*.lzma=01;31:*.tlz=01;31:*.txz=01;31:*.tzo=01;31:*.t7z=01;31:*.zip=01;31:*.z=01;31:*.dz=01;31:*.gz=01;31:*.lrz=01;31:*.lz=01;31:*.lzo=01;31:*.xz=01;31:*.zst=01;31:*.tzst=01;31:*.bz2=01;31:*.bz=01;31:*.tbz=01;31:*.tbz2=01;31:*.tz=01;31:*.deb=01;31:*.rpm=01;31:*.jar=01;31:*.war=01;31:*.ear=01;31:*.sar=01;31:*.rar=01;31:*.alz=01;31:*.ace=01;31:*.zoo=01;31:*.cpio=01;31:*.7z=01;31:*.rz=01;31:*.cab=01;31:*.wim=01;31:*.swm=01;31:*.dwm=01;31:*.esd=01;31:*.jpg=01;35:*.jpeg=01;35:*.mjpg=01;35:*.mjpeg=01;35:*.gif=01;35:*.bmp=01;35:*.pbm=01;35:*.pgm=01;35:*.ppm=01;35:*.tga=01;35:*.xbm=01;35:*.xpm=01;35:*.tif=01;35:*.tiff=01;35:*.png=01;35:*.svg=01;35:*.svgz=01;35:*.mng=01;35:*.pcx=01;35:*.mov=01;35:*.mpg=01;35:*.mpeg=01;35:*.m2v=01;35:*.mkv=01;35:*.webm=01;35:*.webp=01;35:*.ogm=01;35:*.mp4=01;35:*.m4v=01;35:*.mp4v=01;35:*.vob=01;35:*.qt=01;35:*.nuv=01;35:*.wmv=01;35:*.asf=01;35:*.rm=01;35:*.rmvb=01;35:*.flc=01;35:*.avi=01;35:*.fli=01;35:*.flv=01;35:*.gl=01;35:*.dl=01;35:*.xcf=01;35:*.xwd=01;35:*.yuv=01;35:*.cgm=01;35:*.emf=01;35:*.ogv=01;35:*.ogx=01;35:*.aac=00;36:*.au=00;36:*.flac=00;36:*.m4a=00;36:*.mid=00;36:*.midi=00;36:*.mka=00;36:*.mp3=00;36:*.mpc=00;36:*.ogg=00;36:*.ra=00;36:*.wav=00;36:*.oga=00;36:*.opus=00;36:*.spx=00;36:*.xspf=00;36:'), ('GNOME_TERMINAL_SERVICE', ':1.330'), ('SSH_AGENT_LAUNCHER', 'gnome-keyring'), ('SSH_AUTH_SOCK', '/run/user/1000/keyring/ssh'), ('AMENT_PREFIX_PATH', '/home/starry1n/WUTA/WUTA-FSD/ros2_ws/install/wuta_msgs:/opt/ros/humble'), ('SHELL', '/bin/bash'), ('QT_ACCESSIBILITY', '1'), ('GDMSESSION', 'ubuntu'), ('LESSCLOSE', '/usr/bin/lesspipe %s %s'), ('CODEX_THREAD_ID', '019f5073-bc50-71a2-9549-8d1988512281'), ('GIT_PAGER', 'cat'), ('QT_IM_MODULE', 'ibus'), ('PWD', '/home/starry1n/WUTA/WUTA-FSD/ros2_ws/build/mission_manager'), ('LC_ALL', 'C.UTF-8'), ('XDG_CONFIG_DIRS', '/etc/xdg/xdg-ubuntu:/etc/xdg'), ('DBUS_STARTER_ADDRESS', 'unix:path=/run/user/1000/bus,guid=c67e2489f73595b365ff0ae46a50c8ee'), ('XDG_DATA_DIRS', '/usr/share/ubuntu:/usr/local/share/:/usr/share/:/var/lib/snapd/desktop'), ('PYTHONPATH', '/home/starry1n/WUTA/WUTA-FSD/ros2_ws/install/wuta_msgs/local/lib/python3.10/dist-packages:/opt/ros/humble/lib/python3.10/site-packages:/opt/ros/humble/local/lib/python3.10/dist-packages'), ('COLCON', '1'), ('VTE_VERSION', '6800'), ('CMAKE_PREFIX_PATH', '/home/starry1n/WUTA/WUTA-FSD/ros2_ws/install/wuta_msgs:/opt/ros/humble')]), 'shell': False}
[0.622916] (controller) JobStarted: {'identifier': 'controller'}
[0.630706] (boundary_detector) JobProgress: {'identifier': 'boundary_detector', 'progress': 'cmake'}
[0.630821] (boundary_detector) JobProgress: {'identifier': 'boundary_detector', 'progress': 'build'}
[0.631162] (boundary_detector) Command: {'cmd': ['/usr/bin/cmake', '--build', '/home/starry1n/WUTA/WUTA-FSD/ros2_ws/build/boundary_detector', '--', '-j8', '-l8'], 'cwd': '/home/starry1n/WUTA/WUTA-FSD/ros2_ws/build/boundary_detector', 'env': OrderedDict([('LESSOPEN', '| /usr/bin/lesspipe %s'), ('CODEX_CI', '1'), ('LANGUAGE', 'zh_CN:zh'), ('USER', 'starry1n'), ('XDG_SESSION_TYPE', 'wayland'), ('SHLVL', '2'), ('LD_LIBRARY_PATH', '/home/starry1n/WUTA/WUTA-FSD/ros2_ws/install/wuta_msgs/lib:/home/starry1n/WUTA/WUTA-FSD/ros2_ws/install/autoware_msgs/lib:/opt/ros/humble/opt/rviz_ogre_vendor/lib:/opt/ros/humble/lib/x86_64-linux-gnu:/opt/ros/humble/lib'), ('HOME', '/home/starry1n'), ('OLDPWD', '/home/starry1n/WUTA/WUTA-FSD'), ('DESKTOP_SESSION', 'ubuntu'), ('ROS_PYTHON_VERSION', '3'), ('GNOME_SHELL_SESSION_MODE', 'ubuntu'), ('GTK_MODULES', 'gail:atk-bridge'), ('PAGER', 'cat'), ('LC_CTYPE', 'C.UTF-8'), ('DBUS_STARTER_BUS_TYPE', 'session'), ('SYSTEMD_EXEC_PID', '2321'), ('IM_CONFIG_CHECK_ENV', '1'), ('NO_COLOR', '1'), ('DBUS_SESSION_BUS_ADDRESS', 'unix:path=/run/user/1000/bus,guid=c67e2489f73595b365ff0ae46a50c8ee'), ('COLORTERM', ''), ('IM_CONFIG_PHASE', '1'), ('WAYLAND_DISPLAY', 'wayland-0'), ('CODEX_PERMISSION_PROFILE', ':workspace'), ('ROS_DISTRO', 'humble'), ('LOGNAME', 'starry1n'), ('_', '/usr/bin/colcon'), ('ROS_VERSION', '2'), ('XDG_SESSION_CLASS', 'user'), ('USERNAME', 'starry1n'), ('TERM', 'dumb'), ('GNOME_DESKTOP_SESSION_ID', 'this-is-deprecated'), ('ROS_LOCALHOST_ONLY', '0'), ('PATH', '/home/starry1n/.local/bin:/home/starry1n/.codex/packages/standalone/releases/0.144.4-x86_64-unknown-linux-musl/codex-path:/home/starry1n/.codex/tmp/arg0/codex-arg05cnADw:/home/starry1n/.local/bin:/opt/ros/humble/bin:/home/starry1n/.local/bin:/usr/local/sbin:/usr/local/bin:/usr/sbin:/usr/bin:/sbin:/bin:/usr/games:/usr/local/games:/snap/bin:/snap/bin'), ('SESSION_MANAGER', 'local/starry1n-virtual-machine:@/tmp/.ICE-unix/2321,unix/starry1n-virtual-machine:/tmp/.ICE-unix/2321'), ('XDG_MENU_PREFIX', 'gnome-'), ('GNOME_TERMINAL_SCREEN', '/org/gnome/Terminal/screen/b41f3890_f157_4b82_b249_7c5cfcb9354a'), ('GNOME_SETUP_DISPLAY', ':1'), ('XDG_RUNTIME_DIR', '/run/user/1000'), ('DISPLAY', ':0'), ('CODEX_SANDBOX_NETWORK_DISABLED', '1'), ('LANG', 'C.UTF-8'), ('XDG_CURRENT_DESKTOP', 'ubuntu:GNOME'), ('XMODIFIERS', '@im=ibus'), ('GH_PAGER', 'cat'), ('XDG_SESSION_DESKTOP', 'ubuntu'), ('XAUTHORITY', '/run/user/1000/.mutter-Xwaylandauth.H6FRS3'), ('LS_COLORS', 'rs=0:di=01;34:ln=01;36:mh=00:pi=40;33:so=01;35:do=01;35:bd=40;33;01:cd=40;33;01:or=40;31;01:mi=00:su=37;41:sg=30;43:ca=30;41:tw=30;42:ow=34;42:st=37;44:ex=01;32:*.tar=01;31:*.tgz=01;31:*.arc=01;31:*.arj=01;31:*.taz=01;31:*.lha=01;31:*.lz4=01;31:*.lzh=01;31:*.lzma=01;31:*.tlz=01;31:*.txz=01;31:*.tzo=01;31:*.t7z=01;31:*.zip=01;31:*.z=01;31:*.dz=01;31:*.gz=01;31:*.lrz=01;31:*.lz=01;31:*.lzo=01;31:*.xz=01;31:*.zst=01;31:*.tzst=01;31:*.bz2=01;31:*.bz=01;31:*.tbz=01;31:*.tbz2=01;31:*.tz=01;31:*.deb=01;31:*.rpm=01;31:*.jar=01;31:*.war=01;31:*.ear=01;31:*.sar=01;31:*.rar=01;31:*.alz=01;31:*.ace=01;31:*.zoo=01;31:*.cpio=01;31:*.7z=01;31:*.rz=01;31:*.cab=01;31:*.wim=01;31:*.swm=01;31:*.dwm=01;31:*.esd=01;31:*.jpg=01;35:*.jpeg=01;35:*.mjpg=01;35:*.mjpeg=01;35:*.gif=01;35:*.bmp=01;35:*.pbm=01;35:*.pgm=01;35:*.ppm=01;35:*.tga=01;35:*.xbm=01;35:*.xpm=01;35:*.tif=01;35:*.tiff=01;35:*.png=01;35:*.svg=01;35:*.svgz=01;35:*.mng=01;35:*.pcx=01;35:*.mov=01;35:*.mpg=01;35:*.mpeg=01;35:*.m2v=01;35:*.mkv=01;35:*.webm=01;35:*.webp=01;35:*.ogm=01;35:*.mp4=01;35:*.m4v=01;35:*.mp4v=01;35:*.vob=01;35:*.qt=01;35:*.nuv=01;35:*.wmv=01;35:*.asf=01;35:*.rm=01;35:*.rmvb=01;35:*.flc=01;35:*.avi=01;35:*.fli=01;35:*.flv=01;35:*.gl=01;35:*.dl=01;35:*.xcf=01;35:*.xwd=01;35:*.yuv=01;35:*.cgm=01;35:*.emf=01;35:*.ogv=01;35:*.ogx=01;35:*.aac=00;36:*.au=00;36:*.flac=00;36:*.m4a=00;36:*.mid=00;36:*.midi=00;36:*.mka=00;36:*.mp3=00;36:*.mpc=00;36:*.ogg=00;36:*.ra=00;36:*.wav=00;36:*.oga=00;36:*.opus=00;36:*.spx=00;36:*.xspf=00;36:'), ('GNOME_TERMINAL_SERVICE', ':1.330'), ('SSH_AGENT_LAUNCHER', 'gnome-keyring'), ('SSH_AUTH_SOCK', '/run/user/1000/keyring/ssh'), ('AMENT_PREFIX_PATH', '/home/starry1n/WUTA/WUTA-FSD/ros2_ws/install/wuta_msgs:/home/starry1n/WUTA/WUTA-FSD/ros2_ws/install/autoware_msgs:/opt/ros/humble'), ('SHELL', '/bin/bash'), ('QT_ACCESSIBILITY', '1'), ('GDMSESSION', 'ubuntu'), ('LESSCLOSE', '/usr/bin/lesspipe %s %s'), ('CODEX_THREAD_ID', '019f5073-bc50-71a2-9549-8d1988512281'), ('GIT_PAGER', 'cat'), ('QT_IM_MODULE', 'ibus'), ('PWD', '/home/starry1n/WUTA/WUTA-FSD/ros2_ws/build/boundary_detector'), ('LC_ALL', 'C.UTF-8'), ('XDG_CONFIG_DIRS', '/etc/xdg/xdg-ubuntu:/etc/xdg'), ('DBUS_STARTER_ADDRESS', 'unix:path=/run/user/1000/bus,guid=c67e2489f73595b365ff0ae46a50c8ee'), ('XDG_DATA_DIRS', '/usr/share/ubuntu:/usr/local/share/:/usr/share/:/var/lib/snapd/desktop'), ('PYTHONPATH', '/home/starry1n/WUTA/WUTA-FSD/ros2_ws/install/wuta_msgs/local/lib/python3.10/dist-packages:/home/starry1n/WUTA/WUTA-FSD/ros2_ws/install/autoware_msgs/local/lib/python3.10/dist-packages:/opt/ros/humble/lib/python3.10/site-packages:/opt/ros/humble/local/lib/python3.10/dist-packages'), ('COLCON', '1'), ('VTE_VERSION', '6800'), ('CMAKE_PREFIX_PATH', '/home/starry1n/WUTA/WUTA-FSD/ros2_ws/install/wuta_msgs:/home/starry1n/WUTA/WUTA-FSD/ros2_ws/install/autoware_msgs:/opt/ros/humble')]), 'shell': False}
[0.634373] (camera_detection) CommandEnded: {'returncode': 0}
[0.634761] (camera_detection) JobProgress: {'identifier': 'camera_detection', 'progress': 'install'}
[0.634781] (camera_detection) Command: {'cmd': ['/usr/bin/cmake', '--install', '/home/starry1n/WUTA/WUTA-FSD/ros2_ws/build/camera_detection'], 'cwd': '/home/starry1n/WUTA/WUTA-FSD/ros2_ws/build/camera_detection', 'env': OrderedDict([('LESSOPEN', '| /usr/bin/lesspipe %s'), ('CODEX_CI', '1'), ('LANGUAGE', 'zh_CN:zh'), ('USER', 'starry1n'), ('XDG_SESSION_TYPE', 'wayland'), ('SHLVL', '2'), ('LD_LIBRARY_PATH', '/home/starry1n/WUTA/WUTA-FSD/ros2_ws/install/wuta_msgs/lib:/opt/ros/humble/opt/rviz_ogre_vendor/lib:/opt/ros/humble/lib/x86_64-linux-gnu:/opt/ros/humble/lib'), ('HOME', '/home/starry1n'), ('OLDPWD', '/home/starry1n/WUTA/WUTA-FSD'), ('DESKTOP_SESSION', 'ubuntu'), ('ROS_PYTHON_VERSION', '3'), ('GNOME_SHELL_SESSION_MODE', 'ubuntu'), ('GTK_MODULES', 'gail:atk-bridge'), ('PAGER', 'cat'), ('LC_CTYPE', 'C.UTF-8'), ('DBUS_STARTER_BUS_TYPE', 'session'), ('SYSTEMD_EXEC_PID', '2321'), ('IM_CONFIG_CHECK_ENV', '1'), ('NO_COLOR', '1'), ('DBUS_SESSION_BUS_ADDRESS', 'unix:path=/run/user/1000/bus,guid=c67e2489f73595b365ff0ae46a50c8ee'), ('COLORTERM', ''), ('IM_CONFIG_PHASE', '1'), ('WAYLAND_DISPLAY', 'wayland-0'), ('CODEX_PERMISSION_PROFILE', ':workspace'), ('ROS_DISTRO', 'humble'), ('LOGNAME', 'starry1n'), ('_', '/usr/bin/colcon'), ('ROS_VERSION', '2'), ('XDG_SESSION_CLASS', 'user'), ('USERNAME', 'starry1n'), ('TERM', 'dumb'), ('GNOME_DESKTOP_SESSION_ID', 'this-is-deprecated'), ('ROS_LOCALHOST_ONLY', '0'), ('PATH', '/home/starry1n/.local/bin:/home/starry1n/.codex/packages/standalone/releases/0.144.4-x86_64-unknown-linux-musl/codex-path:/home/starry1n/.codex/tmp/arg0/codex-arg05cnADw:/home/starry1n/.local/bin:/opt/ros/humble/bin:/home/starry1n/.local/bin:/usr/local/sbin:/usr/local/bin:/usr/sbin:/usr/bin:/sbin:/bin:/usr/games:/usr/local/games:/snap/bin:/snap/bin'), ('SESSION_MANAGER', 'local/starry1n-virtual-machine:@/tmp/.ICE-unix/2321,unix/starry1n-virtual-machine:/tmp/.ICE-unix/2321'), ('XDG_MENU_PREFIX', 'gnome-'), ('GNOME_TERMINAL_SCREEN', '/org/gnome/Terminal/screen/b41f3890_f157_4b82_b249_7c5cfcb9354a'), ('GNOME_SETUP_DISPLAY', ':1'), ('XDG_RUNTIME_DIR', '/run/user/1000'), ('DISPLAY', ':0'), ('CODEX_SANDBOX_NETWORK_DISABLED', '1'), ('LANG', 'C.UTF-8'), ('XDG_CURRENT_DESKTOP', 'ubuntu:GNOME'), ('XMODIFIERS', '@im=ibus'), ('GH_PAGER', 'cat'), ('XDG_SESSION_DESKTOP', 'ubuntu'), ('XAUTHORITY', '/run/user/1000/.mutter-Xwaylandauth.H6FRS3'), ('LS_COLORS', 'rs=0:di=01;34:ln=01;36:mh=00:pi=40;33:so=01;35:do=01;35:bd=40;33;01:cd=40;33;01:or=40;31;01:mi=00:su=37;41:sg=30;43:ca=30;41:tw=30;42:ow=34;42:st=37;44:ex=01;32:*.tar=01;31:*.tgz=01;31:*.arc=01;31:*.arj=01;31:*.taz=01;31:*.lha=01;31:*.lz4=01;31:*.lzh=01;31:*.lzma=01;31:*.tlz=01;31:*.txz=01;31:*.tzo=01;31:*.t7z=01;31:*.zip=01;31:*.z=01;31:*.dz=01;31:*.gz=01;31:*.lrz=01;31:*.lz=01;31:*.lzo=01;31:*.xz=01;31:*.zst=01;31:*.tzst=01;31:*.bz2=01;31:*.bz=01;31:*.tbz=01;31:*.tbz2=01;31:*.tz=01;31:*.deb=01;31:*.rpm=01;31:*.jar=01;31:*.war=01;31:*.ear=01;31:*.sar=01;31:*.rar=01;31:*.alz=01;31:*.ace=01;31:*.zoo=01;31:*.cpio=01;31:*.7z=01;31:*.rz=01;31:*.cab=01;31:*.wim=01;31:*.swm=01;31:*.dwm=01;31:*.esd=01;31:*.jpg=01;35:*.jpeg=01;35:*.mjpg=01;35:*.mjpeg=01;35:*.gif=01;35:*.bmp=01;35:*.pbm=01;35:*.pgm=01;35:*.ppm=01;35:*.tga=01;35:*.xbm=01;35:*.xpm=01;35:*.tif=01;35:*.tiff=01;35:*.png=01;35:*.svg=01;35:*.svgz=01;35:*.mng=01;35:*.pcx=01;35:*.mov=01;35:*.mpg=01;35:*.mpeg=01;35:*.m2v=01;35:*.mkv=01;35:*.webm=01;35:*.webp=01;35:*.ogm=01;35:*.mp4=01;35:*.m4v=01;35:*.mp4v=01;35:*.vob=01;35:*.qt=01;35:*.nuv=01;35:*.wmv=01;35:*.asf=01;35:*.rm=01;35:*.rmvb=01;35:*.flc=01;35:*.avi=01;35:*.fli=01;35:*.flv=01;35:*.gl=01;35:*.dl=01;35:*.xcf=01;35:*.xwd=01;35:*.yuv=01;35:*.cgm=01;35:*.emf=01;35:*.ogv=01;35:*.ogx=01;35:*.aac=00;36:*.au=00;36:*.flac=00;36:*.m4a=00;36:*.mid=00;36:*.midi=00;36:*.mka=00;36:*.mp3=00;36:*.mpc=00;36:*.ogg=00;36:*.ra=00;36:*.wav=00;36:*.oga=00;36:*.opus=00;36:*.spx=00;36:*.xspf=00;36:'), ('GNOME_TERMINAL_SERVICE', ':1.330'), ('SSH_AGENT_LAUNCHER', 'gnome-keyring'), ('SSH_AUTH_SOCK', '/run/user/1000/keyring/ssh'), ('AMENT_PREFIX_PATH', '/home/starry1n/WUTA/WUTA-FSD/ros2_ws/install/wuta_msgs:/opt/ros/humble'), ('SHELL', '/bin/bash'), ('QT_ACCESSIBILITY', '1'), ('GDMSESSION', 'ubuntu'), ('LESSCLOSE', '/usr/bin/lesspipe %s %s'), ('CODEX_THREAD_ID', '019f5073-bc50-71a2-9549-8d1988512281'), ('GIT_PAGER', 'cat'), ('QT_IM_MODULE', 'ibus'), ('PWD', '/home/starry1n/WUTA/WUTA-FSD/ros2_ws/build/camera_detection'), ('LC_ALL', 'C.UTF-8'), ('XDG_CONFIG_DIRS', '/etc/xdg/xdg-ubuntu:/etc/xdg'), ('DBUS_STARTER_ADDRESS', 'unix:path=/run/user/1000/bus,guid=c67e2489f73595b365ff0ae46a50c8ee'), ('XDG_DATA_DIRS', '/usr/share/ubuntu:/usr/local/share/:/usr/share/:/var/lib/snapd/desktop'), ('PYTHONPATH', '/home/starry1n/WUTA/WUTA-FSD/ros2_ws/install/wuta_msgs/local/lib/python3.10/dist-packages:/opt/ros/humble/lib/python3.10/site-packages:/opt/ros/humble/local/lib/python3.10/dist-packages'), ('COLCON', '1'), ('VTE_VERSION', '6800'), ('CMAKE_PREFIX_PATH', '/home/starry1n/WUTA/WUTA-FSD/ros2_ws/install/wuta_msgs:/opt/ros/humble')]), 'shell': False}
[0.636707] (kiss_icp_wrapper) CommandEnded: {'returncode': 0}
[0.637457] (kiss_icp_wrapper) JobProgress: {'identifier': 'kiss_icp_wrapper', 'progress': 'install'}
[0.638977] (kiss_icp_wrapper) Command: {'cmd': ['/usr/bin/cmake', '--install', '/home/starry1n/WUTA/WUTA-FSD/ros2_ws/build/kiss_icp_wrapper'], 'cwd': '/home/starry1n/WUTA/WUTA-FSD/ros2_ws/build/kiss_icp_wrapper', 'env': OrderedDict([('LESSOPEN', '| /usr/bin/lesspipe %s'), ('CODEX_CI', '1'), ('LANGUAGE', 'zh_CN:zh'), ('USER', 'starry1n'), ('XDG_SESSION_TYPE', 'wayland'), ('SHLVL', '2'), ('LD_LIBRARY_PATH', '/home/starry1n/WUTA/WUTA-FSD/ros2_ws/install/wuta_msgs/lib:/opt/ros/humble/opt/rviz_ogre_vendor/lib:/opt/ros/humble/lib/x86_64-linux-gnu:/opt/ros/humble/lib'), ('HOME', '/home/starry1n'), ('OLDPWD', '/home/starry1n/WUTA/WUTA-FSD'), ('DESKTOP_SESSION', 'ubuntu'), ('ROS_PYTHON_VERSION', '3'), ('GNOME_SHELL_SESSION_MODE', 'ubuntu'), ('GTK_MODULES', 'gail:atk-bridge'), ('PAGER', 'cat'), ('LC_CTYPE', 'C.UTF-8'), ('DBUS_STARTER_BUS_TYPE', 'session'), ('SYSTEMD_EXEC_PID', '2321'), ('IM_CONFIG_CHECK_ENV', '1'), ('NO_COLOR', '1'), ('DBUS_SESSION_BUS_ADDRESS', 'unix:path=/run/user/1000/bus,guid=c67e2489f73595b365ff0ae46a50c8ee'), ('COLORTERM', ''), ('IM_CONFIG_PHASE', '1'), ('WAYLAND_DISPLAY', 'wayland-0'), ('CODEX_PERMISSION_PROFILE', ':workspace'), ('ROS_DISTRO', 'humble'), ('LOGNAME', 'starry1n'), ('_', '/usr/bin/colcon'), ('ROS_VERSION', '2'), ('XDG_SESSION_CLASS', 'user'), ('USERNAME', 'starry1n'), ('TERM', 'dumb'), ('GNOME_DESKTOP_SESSION_ID', 'this-is-deprecated'), ('ROS_LOCALHOST_ONLY', '0'), ('PATH', '/home/starry1n/.local/bin:/home/starry1n/.codex/packages/standalone/releases/0.144.4-x86_64-unknown-linux-musl/codex-path:/home/starry1n/.codex/tmp/arg0/codex-arg05cnADw:/home/starry1n/.local/bin:/opt/ros/humble/bin:/home/starry1n/.local/bin:/usr/local/sbin:/usr/local/bin:/usr/sbin:/usr/bin:/sbin:/bin:/usr/games:/usr/local/games:/snap/bin:/snap/bin'), ('SESSION_MANAGER', 'local/starry1n-virtual-machine:@/tmp/.ICE-unix/2321,unix/starry1n-virtual-machine:/tmp/.ICE-unix/2321'), ('XDG_MENU_PREFIX', 'gnome-'), ('GNOME_TERMINAL_SCREEN', '/org/gnome/Terminal/screen/b41f3890_f157_4b82_b249_7c5cfcb9354a'), ('GNOME_SETUP_DISPLAY', ':1'), ('XDG_RUNTIME_DIR', '/run/user/1000'), ('DISPLAY', ':0'), ('CODEX_SANDBOX_NETWORK_DISABLED', '1'), ('LANG', 'C.UTF-8'), ('XDG_CURRENT_DESKTOP', 'ubuntu:GNOME'), ('XMODIFIERS', '@im=ibus'), ('GH_PAGER', 'cat'), ('XDG_SESSION_DESKTOP', 'ubuntu'), ('XAUTHORITY', '/run/user/1000/.mutter-Xwaylandauth.H6FRS3'), ('LS_COLORS', 'rs=0:di=01;34:ln=01;36:mh=00:pi=40;33:so=01;35:do=01;35:bd=40;33;01:cd=40;33;01:or=40;31;01:mi=00:su=37;41:sg=30;43:ca=30;41:tw=30;42:ow=34;42:st=37;44:ex=01;32:*.tar=01;31:*.tgz=01;31:*.arc=01;31:*.arj=01;31:*.taz=01;31:*.lha=01;31:*.lz4=01;31:*.lzh=01;31:*.lzma=01;31:*.tlz=01;31:*.txz=01;31:*.tzo=01;31:*.t7z=01;31:*.zip=01;31:*.z=01;31:*.dz=01;31:*.gz=01;31:*.lrz=01;31:*.lz=01;31:*.lzo=01;31:*.xz=01;31:*.zst=01;31:*.tzst=01;31:*.bz2=01;31:*.bz=01;31:*.tbz=01;31:*.tbz2=01;31:*.tz=01;31:*.deb=01;31:*.rpm=01;31:*.jar=01;31:*.war=01;31:*.ear=01;31:*.sar=01;31:*.rar=01;31:*.alz=01;31:*.ace=01;31:*.zoo=01;31:*.cpio=01;31:*.7z=01;31:*.rz=01;31:*.cab=01;31:*.wim=01;31:*.swm=01;31:*.dwm=01;31:*.esd=01;31:*.jpg=01;35:*.jpeg=01;35:*.mjpg=01;35:*.mjpeg=01;35:*.gif=01;35:*.bmp=01;35:*.pbm=01;35:*.pgm=01;35:*.ppm=01;35:*.tga=01;35:*.xbm=01;35:*.xpm=01;35:*.tif=01;35:*.tiff=01;35:*.png=01;35:*.svg=01;35:*.svgz=01;35:*.mng=01;35:*.pcx=01;35:*.mov=01;35:*.mpg=01;35:*.mpeg=01;35:*.m2v=01;35:*.mkv=01;35:*.webm=01;35:*.webp=01;35:*.ogm=01;35:*.mp4=01;35:*.m4v=01;35:*.mp4v=01;35:*.vob=01;35:*.qt=01;35:*.nuv=01;35:*.wmv=01;35:*.asf=01;35:*.rm=01;35:*.rmvb=01;35:*.flc=01;35:*.avi=01;35:*.fli=01;35:*.flv=01;35:*.gl=01;35:*.dl=01;35:*.xcf=01;35:*.xwd=01;35:*.yuv=01;35:*.cgm=01;35:*.emf=01;35:*.ogv=01;35:*.ogx=01;35:*.aac=00;36:*.au=00;36:*.flac=00;36:*.m4a=00;36:*.mid=00;36:*.midi=00;36:*.mka=00;36:*.mp3=00;36:*.mpc=00;36:*.ogg=00;36:*.ra=00;36:*.wav=00;36:*.oga=00;36:*.opus=00;36:*.spx=00;36:*.xspf=00;36:'), ('GNOME_TERMINAL_SERVICE', ':1.330'), ('SSH_AGENT_LAUNCHER', 'gnome-keyring'), ('SSH_AUTH_SOCK', '/run/user/1000/keyring/ssh'), ('AMENT_PREFIX_PATH', '/home/starry1n/WUTA/WUTA-FSD/ros2_ws/install/wuta_msgs:/opt/ros/humble'), ('SHELL', '/bin/bash'), ('QT_ACCESSIBILITY', '1'), ('GDMSESSION', 'ubuntu'), ('LESSCLOSE', '/usr/bin/lesspipe %s %s'), ('CODEX_THREAD_ID', '019f5073-bc50-71a2-9549-8d1988512281'), ('GIT_PAGER', 'cat'), ('QT_IM_MODULE', 'ibus'), ('PWD', '/home/starry1n/WUTA/WUTA-FSD/ros2_ws/build/kiss_icp_wrapper'), ('LC_ALL', 'C.UTF-8'), ('XDG_CONFIG_DIRS', '/etc/xdg/xdg-ubuntu:/etc/xdg'), ('DBUS_STARTER_ADDRESS', 'unix:path=/run/user/1000/bus,guid=c67e2489f73595b365ff0ae46a50c8ee'), ('XDG_DATA_DIRS', '/usr/share/ubuntu:/usr/local/share/:/usr/share/:/var/lib/snapd/desktop'), ('PYTHONPATH', '/home/starry1n/WUTA/WUTA-FSD/ros2_ws/install/wuta_msgs/local/lib/python3.10/dist-packages:/opt/ros/humble/lib/python3.10/site-packages:/opt/ros/humble/local/lib/python3.10/dist-packages'), ('COLCON', '1'), ('VTE_VERSION', '6800'), ('CMAKE_PREFIX_PATH', '/home/starry1n/WUTA/WUTA-FSD/ros2_ws/install/wuta_msgs:/opt/ros/humble')]), 'shell': False}
[0.650665] (detection_fusion) CommandEnded: {'returncode': 0}
[0.651502] (detection_fusion) JobProgress: {'identifier': 'detection_fusion', 'progress': 'install'}
[0.651530] (detection_fusion) Command: {'cmd': ['/usr/bin/cmake', '--install', '/home/starry1n/WUTA/WUTA-FSD/ros2_ws/build/detection_fusion'], 'cwd': '/home/starry1n/WUTA/WUTA-FSD/ros2_ws/build/detection_fusion', 'env': OrderedDict([('LESSOPEN', '| /usr/bin/lesspipe %s'), ('CODEX_CI', '1'), ('LANGUAGE', 'zh_CN:zh'), ('USER', 'starry1n'), ('XDG_SESSION_TYPE', 'wayland'), ('SHLVL', '2'), ('LD_LIBRARY_PATH', '/home/starry1n/WUTA/WUTA-FSD/ros2_ws/install/wuta_msgs/lib:/opt/ros/humble/opt/rviz_ogre_vendor/lib:/opt/ros/humble/lib/x86_64-linux-gnu:/opt/ros/humble/lib'), ('HOME', '/home/starry1n'), ('OLDPWD', '/home/starry1n/WUTA/WUTA-FSD'), ('DESKTOP_SESSION', 'ubuntu'), ('ROS_PYTHON_VERSION', '3'), ('GNOME_SHELL_SESSION_MODE', 'ubuntu'), ('GTK_MODULES', 'gail:atk-bridge'), ('PAGER', 'cat'), ('LC_CTYPE', 'C.UTF-8'), ('DBUS_STARTER_BUS_TYPE', 'session'), ('SYSTEMD_EXEC_PID', '2321'), ('IM_CONFIG_CHECK_ENV', '1'), ('NO_COLOR', '1'), ('DBUS_SESSION_BUS_ADDRESS', 'unix:path=/run/user/1000/bus,guid=c67e2489f73595b365ff0ae46a50c8ee'), ('COLORTERM', ''), ('IM_CONFIG_PHASE', '1'), ('WAYLAND_DISPLAY', 'wayland-0'), ('CODEX_PERMISSION_PROFILE', ':workspace'), ('ROS_DISTRO', 'humble'), ('LOGNAME', 'starry1n'), ('_', '/usr/bin/colcon'), ('ROS_VERSION', '2'), ('XDG_SESSION_CLASS', 'user'), ('USERNAME', 'starry1n'), ('TERM', 'dumb'), ('GNOME_DESKTOP_SESSION_ID', 'this-is-deprecated'), ('ROS_LOCALHOST_ONLY', '0'), ('PATH', '/home/starry1n/.local/bin:/home/starry1n/.codex/packages/standalone/releases/0.144.4-x86_64-unknown-linux-musl/codex-path:/home/starry1n/.codex/tmp/arg0/codex-arg05cnADw:/home/starry1n/.local/bin:/opt/ros/humble/bin:/home/starry1n/.local/bin:/usr/local/sbin:/usr/local/bin:/usr/sbin:/usr/bin:/sbin:/bin:/usr/games:/usr/local/games:/snap/bin:/snap/bin'), ('SESSION_MANAGER', 'local/starry1n-virtual-machine:@/tmp/.ICE-unix/2321,unix/starry1n-virtual-machine:/tmp/.ICE-unix/2321'), ('XDG_MENU_PREFIX', 'gnome-'), ('GNOME_TERMINAL_SCREEN', '/org/gnome/Terminal/screen/b41f3890_f157_4b82_b249_7c5cfcb9354a'), ('GNOME_SETUP_DISPLAY', ':1'), ('XDG_RUNTIME_DIR', '/run/user/1000'), ('DISPLAY', ':0'), ('CODEX_SANDBOX_NETWORK_DISABLED', '1'), ('LANG', 'C.UTF-8'), ('XDG_CURRENT_DESKTOP', 'ubuntu:GNOME'), ('XMODIFIERS', '@im=ibus'), ('GH_PAGER', 'cat'), ('XDG_SESSION_DESKTOP', 'ubuntu'), ('XAUTHORITY', '/run/user/1000/.mutter-Xwaylandauth.H6FRS3'), ('LS_COLORS', 'rs=0:di=01;34:ln=01;36:mh=00:pi=40;33:so=01;35:do=01;35:bd=40;33;01:cd=40;33;01:or=40;31;01:mi=00:su=37;41:sg=30;43:ca=30;41:tw=30;42:ow=34;42:st=37;44:ex=01;32:*.tar=01;31:*.tgz=01;31:*.arc=01;31:*.arj=01;31:*.taz=01;31:*.lha=01;31:*.lz4=01;31:*.lzh=01;31:*.lzma=01;31:*.tlz=01;31:*.txz=01;31:*.tzo=01;31:*.t7z=01;31:*.zip=01;31:*.z=01;31:*.dz=01;31:*.gz=01;31:*.lrz=01;31:*.lz=01;31:*.lzo=01;31:*.xz=01;31:*.zst=01;31:*.tzst=01;31:*.bz2=01;31:*.bz=01;31:*.tbz=01;31:*.tbz2=01;31:*.tz=01;31:*.deb=01;31:*.rpm=01;31:*.jar=01;31:*.war=01;31:*.ear=01;31:*.sar=01;31:*.rar=01;31:*.alz=01;31:*.ace=01;31:*.zoo=01;31:*.cpio=01;31:*.7z=01;31:*.rz=01;31:*.cab=01;31:*.wim=01;31:*.swm=01;31:*.dwm=01;31:*.esd=01;31:*.jpg=01;35:*.jpeg=01;35:*.mjpg=01;35:*.mjpeg=01;35:*.gif=01;35:*.bmp=01;35:*.pbm=01;35:*.pgm=01;35:*.ppm=01;35:*.tga=01;35:*.xbm=01;35:*.xpm=01;35:*.tif=01;35:*.tiff=01;35:*.png=01;35:*.svg=01;35:*.svgz=01;35:*.mng=01;35:*.pcx=01;35:*.mov=01;35:*.mpg=01;35:*.mpeg=01;35:*.m2v=01;35:*.mkv=01;35:*.webm=01;35:*.webp=01;35:*.ogm=01;35:*.mp4=01;35:*.m4v=01;35:*.mp4v=01;35:*.vob=01;35:*.qt=01;35:*.nuv=01;35:*.wmv=01;35:*.asf=01;35:*.rm=01;35:*.rmvb=01;35:*.flc=01;35:*.avi=01;35:*.fli=01;35:*.flv=01;35:*.gl=01;35:*.dl=01;35:*.xcf=01;35:*.xwd=01;35:*.yuv=01;35:*.cgm=01;35:*.emf=01;35:*.ogv=01;35:*.ogx=01;35:*.aac=00;36:*.au=00;36:*.flac=00;36:*.m4a=00;36:*.mid=00;36:*.midi=00;36:*.mka=00;36:*.mp3=00;36:*.mpc=00;36:*.ogg=00;36:*.ra=00;36:*.wav=00;36:*.oga=00;36:*.opus=00;36:*.spx=00;36:*.xspf=00;36:'), ('GNOME_TERMINAL_SERVICE', ':1.330'), ('SSH_AGENT_LAUNCHER', 'gnome-keyring'), ('SSH_AUTH_SOCK', '/run/user/1000/keyring/ssh'), ('AMENT_PREFIX_PATH', '/home/starry1n/WUTA/WUTA-FSD/ros2_ws/install/wuta_msgs:/opt/ros/humble'), ('SHELL', '/bin/bash'), ('QT_ACCESSIBILITY', '1'), ('GDMSESSION', 'ubuntu'), ('LESSCLOSE', '/usr/bin/lesspipe %s %s'), ('CODEX_THREAD_ID', '019f5073-bc50-71a2-9549-8d1988512281'), ('GIT_PAGER', 'cat'), ('QT_IM_MODULE', 'ibus'), ('PWD', '/home/starry1n/WUTA/WUTA-FSD/ros2_ws/build/detection_fusion'), ('LC_ALL', 'C.UTF-8'), ('XDG_CONFIG_DIRS', '/etc/xdg/xdg-ubuntu:/etc/xdg'), ('DBUS_STARTER_ADDRESS', 'unix:path=/run/user/1000/bus,guid=c67e2489f73595b365ff0ae46a50c8ee'), ('XDG_DATA_DIRS', '/usr/share/ubuntu:/usr/local/share/:/usr/share/:/var/lib/snapd/desktop'), ('PYTHONPATH', '/home/starry1n/WUTA/WUTA-FSD/ros2_ws/install/wuta_msgs/local/lib/python3.10/dist-packages:/opt/ros/humble/lib/python3.10/site-packages:/opt/ros/humble/local/lib/python3.10/dist-packages'), ('COLCON', '1'), ('VTE_VERSION', '6800'), ('CMAKE_PREFIX_PATH', '/home/starry1n/WUTA/WUTA-FSD/ros2_ws/install/wuta_msgs:/opt/ros/humble')]), 'shell': False}
[0.651729] (camera_detection) StdoutLine: {'line': b'-- Install configuration: ""\n'}
[0.651791] (camera_detection) StdoutLine: {'line': b'-- Execute custom install script\n'}
[0.651822] (camera_detection) StdoutLine: {'line': b'-- Up-to-date symlink: /home/starry1n/WUTA/WUTA-FSD/ros2_ws/install/camera_detection/share/ament_index/resource_index/package_run_dependencies/camera_detection\n'}
[0.651852] (camera_detection) StdoutLine: {'line': b'-- Up-to-date symlink: /home/starry1n/WUTA/WUTA-FSD/ros2_ws/install/camera_detection/share/ament_index/resource_index/parent_prefix_path/camera_detection\n'}
[0.651881] (camera_detection) StdoutLine: {'line': b'-- Up-to-date symlink: /home/starry1n/WUTA/WUTA-FSD/ros2_ws/install/camera_detection/share/camera_detection/environment/ament_prefix_path.sh\n'}
[0.651906] (camera_detection) StdoutLine: {'line': b'-- Up-to-date symlink: /home/starry1n/WUTA/WUTA-FSD/ros2_ws/install/camera_detection/share/camera_detection/environment/ament_prefix_path.dsv\n'}
[0.652463] (camera_detection) StdoutLine: {'line': b'-- Up-to-date symlink: /home/starry1n/WUTA/WUTA-FSD/ros2_ws/install/camera_detection/share/camera_detection/environment/path.sh\n'}
[0.652591] (camera_detection) StdoutLine: {'line': b'-- Up-to-date symlink: /home/starry1n/WUTA/WUTA-FSD/ros2_ws/install/camera_detection/share/camera_detection/environment/path.dsv\n'}
[0.652630] (camera_detection) StdoutLine: {'line': b'-- Up-to-date symlink: /home/starry1n/WUTA/WUTA-FSD/ros2_ws/install/camera_detection/share/camera_detection/local_setup.bash\n'}
[0.652658] (camera_detection) StdoutLine: {'line': b'-- Up-to-date symlink: /home/starry1n/WUTA/WUTA-FSD/ros2_ws/install/camera_detection/share/camera_detection/local_setup.sh\n'}
[0.652684] (camera_detection) StdoutLine: {'line': b'-- Up-to-date symlink: /home/starry1n/WUTA/WUTA-FSD/ros2_ws/install/camera_detection/share/camera_detection/local_setup.zsh\n'}
[0.652708] (camera_detection) StdoutLine: {'line': b'-- Up-to-date symlink: /home/starry1n/WUTA/WUTA-FSD/ros2_ws/install/camera_detection/share/camera_detection/local_setup.dsv\n'}
[0.652731] (camera_detection) StdoutLine: {'line': b'-- Symlinking: /home/starry1n/WUTA/WUTA-FSD/ros2_ws/install/camera_detection/share/camera_detection/package.dsv\n'}
[0.652756] (cone_map_builder) StdoutLine: {'line': b'[ 50%] Building CXX object CMakeFiles/cone_map_builder_node.dir/src/cone_map_builder.cpp.o\n'}
[0.652804] (kiss_icp_wrapper) StdoutLine: {'line': b'-- Install configuration: ""\n'}
[0.652844] (kiss_icp_wrapper) StdoutLine: {'line': b'-- Execute custom install script\n'}
[0.652868] (kiss_icp_wrapper) StdoutLine: {'line': b'-- Up-to-date symlink: /home/starry1n/WUTA/WUTA-FSD/ros2_ws/install/kiss_icp_wrapper/share/kiss_icp_wrapper/config/kiss_icp_hesai128.yaml\n'}
[0.652895] (kiss_icp_wrapper) StdoutLine: {'line': b'-- Up-to-date symlink: /home/starry1n/WUTA/WUTA-FSD/ros2_ws/install/kiss_icp_wrapper/share/ament_index/resource_index/package_run_dependencies/kiss_icp_wrapper\n'}
[0.652917] (kiss_icp_wrapper) StdoutLine: {'line': b'-- Up-to-date symlink: /home/starry1n/WUTA/WUTA-FSD/ros2_ws/install/kiss_icp_wrapper/share/ament_index/resource_index/parent_prefix_path/kiss_icp_wrapper\n'}
[0.652940] (kiss_icp_wrapper) StdoutLine: {'line': b'-- Up-to-date symlink: /home/starry1n/WUTA/WUTA-FSD/ros2_ws/install/kiss_icp_wrapper/share/kiss_icp_wrapper/environment/ament_prefix_path.sh\n'}
[0.652964] (kiss_icp_wrapper) StdoutLine: {'line': b'-- Up-to-date symlink: /home/starry1n/WUTA/WUTA-FSD/ros2_ws/install/kiss_icp_wrapper/share/kiss_icp_wrapper/environment/ament_prefix_path.dsv\n'}
[0.653028] (kiss_icp_wrapper) StdoutLine: {'line': b'-- Up-to-date symlink: /home/starry1n/WUTA/WUTA-FSD/ros2_ws/install/kiss_icp_wrapper/share/kiss_icp_wrapper/environment/path.sh\n'}
[0.653082] (kiss_icp_wrapper) StdoutLine: {'line': b'-- Up-to-date symlink: /home/starry1n/WUTA/WUTA-FSD/ros2_ws/install/kiss_icp_wrapper/share/kiss_icp_wrapper/environment/path.dsv\n'}
[0.653120] (kiss_icp_wrapper) StdoutLine: {'line': b'-- Up-to-date symlink: /home/starry1n/WUTA/WUTA-FSD/ros2_ws/install/kiss_icp_wrapper/share/kiss_icp_wrapper/local_setup.bash\n'}
[0.653147] (kiss_icp_wrapper) StdoutLine: {'line': b'-- Up-to-date symlink: /home/starry1n/WUTA/WUTA-FSD/ros2_ws/install/kiss_icp_wrapper/share/kiss_icp_wrapper/local_setup.sh\n'}
[0.653173] (kiss_icp_wrapper) StdoutLine: {'line': b'-- Up-to-date symlink: /home/starry1n/WUTA/WUTA-FSD/ros2_ws/install/kiss_icp_wrapper/share/kiss_icp_wrapper/local_setup.zsh\n'}
[0.653198] (kiss_icp_wrapper) StdoutLine: {'line': b'-- Up-to-date symlink: /home/starry1n/WUTA/WUTA-FSD/ros2_ws/install/kiss_icp_wrapper/share/kiss_icp_wrapper/local_setup.dsv\n'}
[0.653222] (kiss_icp_wrapper) StdoutLine: {'line': b'-- Symlinking: /home/starry1n/WUTA/WUTA-FSD/ros2_ws/install/kiss_icp_wrapper/share/kiss_icp_wrapper/package.dsv\n'}
[0.653798] (controller) JobProgress: {'identifier': 'controller', 'progress': 'cmake'}
[0.654136] (controller) JobProgress: {'identifier': 'controller', 'progress': 'build'}
[0.655613] (controller) Command: {'cmd': ['/usr/bin/cmake', '--build', '/home/starry1n/WUTA/WUTA-FSD/ros2_ws/build/controller', '--', '-j8', '-l8'], 'cwd': '/home/starry1n/WUTA/WUTA-FSD/ros2_ws/build/controller', 'env': OrderedDict([('LESSOPEN', '| /usr/bin/lesspipe %s'), ('CODEX_CI', '1'), ('LANGUAGE', 'zh_CN:zh'), ('USER', 'starry1n'), ('XDG_SESSION_TYPE', 'wayland'), ('SHLVL', '2'), ('LD_LIBRARY_PATH', '/home/starry1n/WUTA/WUTA-FSD/ros2_ws/install/wuta_msgs/lib:/home/starry1n/WUTA/WUTA-FSD/ros2_ws/install/autoware_msgs/lib:/opt/ros/humble/opt/rviz_ogre_vendor/lib:/opt/ros/humble/lib/x86_64-linux-gnu:/opt/ros/humble/lib'), ('HOME', '/home/starry1n'), ('OLDPWD', '/home/starry1n/WUTA/WUTA-FSD'), ('DESKTOP_SESSION', 'ubuntu'), ('ROS_PYTHON_VERSION', '3'), ('GNOME_SHELL_SESSION_MODE', 'ubuntu'), ('GTK_MODULES', 'gail:atk-bridge'), ('PAGER', 'cat'), ('LC_CTYPE', 'C.UTF-8'), ('DBUS_STARTER_BUS_TYPE', 'session'), ('SYSTEMD_EXEC_PID', '2321'), ('IM_CONFIG_CHECK_ENV', '1'), ('NO_COLOR', '1'), ('DBUS_SESSION_BUS_ADDRESS', 'unix:path=/run/user/1000/bus,guid=c67e2489f73595b365ff0ae46a50c8ee'), ('COLORTERM', ''), ('IM_CONFIG_PHASE', '1'), ('WAYLAND_DISPLAY', 'wayland-0'), ('CODEX_PERMISSION_PROFILE', ':workspace'), ('ROS_DISTRO', 'humble'), ('LOGNAME', 'starry1n'), ('_', '/usr/bin/colcon'), ('ROS_VERSION', '2'), ('XDG_SESSION_CLASS', 'user'), ('USERNAME', 'starry1n'), ('TERM', 'dumb'), ('GNOME_DESKTOP_SESSION_ID', 'this-is-deprecated'), ('ROS_LOCALHOST_ONLY', '0'), ('PATH', '/home/starry1n/.local/bin:/home/starry1n/.codex/packages/standalone/releases/0.144.4-x86_64-unknown-linux-musl/codex-path:/home/starry1n/.codex/tmp/arg0/codex-arg05cnADw:/home/starry1n/.local/bin:/opt/ros/humble/bin:/home/starry1n/.local/bin:/usr/local/sbin:/usr/local/bin:/usr/sbin:/usr/bin:/sbin:/bin:/usr/games:/usr/local/games:/snap/bin:/snap/bin'), ('SESSION_MANAGER', 'local/starry1n-virtual-machine:@/tmp/.ICE-unix/2321,unix/starry1n-virtual-machine:/tmp/.ICE-unix/2321'), ('XDG_MENU_PREFIX', 'gnome-'), ('GNOME_TERMINAL_SCREEN', '/org/gnome/Terminal/screen/b41f3890_f157_4b82_b249_7c5cfcb9354a'), ('GNOME_SETUP_DISPLAY', ':1'), ('XDG_RUNTIME_DIR', '/run/user/1000'), ('DISPLAY', ':0'), ('CODEX_SANDBOX_NETWORK_DISABLED', '1'), ('LANG', 'C.UTF-8'), ('XDG_CURRENT_DESKTOP', 'ubuntu:GNOME'), ('XMODIFIERS', '@im=ibus'), ('GH_PAGER', 'cat'), ('XDG_SESSION_DESKTOP', 'ubuntu'), ('XAUTHORITY', '/run/user/1000/.mutter-Xwaylandauth.H6FRS3'), ('LS_COLORS', 'rs=0:di=01;34:ln=01;36:mh=00:pi=40;33:so=01;35:do=01;35:bd=40;33;01:cd=40;33;01:or=40;31;01:mi=00:su=37;41:sg=30;43:ca=30;41:tw=30;42:ow=34;42:st=37;44:ex=01;32:*.tar=01;31:*.tgz=01;31:*.arc=01;31:*.arj=01;31:*.taz=01;31:*.lha=01;31:*.lz4=01;31:*.lzh=01;31:*.lzma=01;31:*.tlz=01;31:*.txz=01;31:*.tzo=01;31:*.t7z=01;31:*.zip=01;31:*.z=01;31:*.dz=01;31:*.gz=01;31:*.lrz=01;31:*.lz=01;31:*.lzo=01;31:*.xz=01;31:*.zst=01;31:*.tzst=01;31:*.bz2=01;31:*.bz=01;31:*.tbz=01;31:*.tbz2=01;31:*.tz=01;31:*.deb=01;31:*.rpm=01;31:*.jar=01;31:*.war=01;31:*.ear=01;31:*.sar=01;31:*.rar=01;31:*.alz=01;31:*.ace=01;31:*.zoo=01;31:*.cpio=01;31:*.7z=01;31:*.rz=01;31:*.cab=01;31:*.wim=01;31:*.swm=01;31:*.dwm=01;31:*.esd=01;31:*.jpg=01;35:*.jpeg=01;35:*.mjpg=01;35:*.mjpeg=01;35:*.gif=01;35:*.bmp=01;35:*.pbm=01;35:*.pgm=01;35:*.ppm=01;35:*.tga=01;35:*.xbm=01;35:*.xpm=01;35:*.tif=01;35:*.tiff=01;35:*.png=01;35:*.svg=01;35:*.svgz=01;35:*.mng=01;35:*.pcx=01;35:*.mov=01;35:*.mpg=01;35:*.mpeg=01;35:*.m2v=01;35:*.mkv=01;35:*.webm=01;35:*.webp=01;35:*.ogm=01;35:*.mp4=01;35:*.m4v=01;35:*.mp4v=01;35:*.vob=01;35:*.qt=01;35:*.nuv=01;35:*.wmv=01;35:*.asf=01;35:*.rm=01;35:*.rmvb=01;35:*.flc=01;35:*.avi=01;35:*.fli=01;35:*.flv=01;35:*.gl=01;35:*.dl=01;35:*.xcf=01;35:*.xwd=01;35:*.yuv=01;35:*.cgm=01;35:*.emf=01;35:*.ogv=01;35:*.ogx=01;35:*.aac=00;36:*.au=00;36:*.flac=00;36:*.m4a=00;36:*.mid=00;36:*.midi=00;36:*.mka=00;36:*.mp3=00;36:*.mpc=00;36:*.ogg=00;36:*.ra=00;36:*.wav=00;36:*.oga=00;36:*.opus=00;36:*.spx=00;36:*.xspf=00;36:'), ('GNOME_TERMINAL_SERVICE', ':1.330'), ('SSH_AGENT_LAUNCHER', 'gnome-keyring'), ('SSH_AUTH_SOCK', '/run/user/1000/keyring/ssh'), ('AMENT_PREFIX_PATH', '/home/starry1n/WUTA/WUTA-FSD/ros2_ws/install/wuta_msgs:/home/starry1n/WUTA/WUTA-FSD/ros2_ws/install/autoware_msgs:/opt/ros/humble'), ('SHELL', '/bin/bash'), ('QT_ACCESSIBILITY', '1'), ('GDMSESSION', 'ubuntu'), ('LESSCLOSE', '/usr/bin/lesspipe %s %s'), ('CODEX_THREAD_ID', '019f5073-bc50-71a2-9549-8d1988512281'), ('GIT_PAGER', 'cat'), ('QT_IM_MODULE', 'ibus'), ('PWD', '/home/starry1n/WUTA/WUTA-FSD/ros2_ws/build/controller'), ('LC_ALL', 'C.UTF-8'), ('XDG_CONFIG_DIRS', '/etc/xdg/xdg-ubuntu:/etc/xdg'), ('DBUS_STARTER_ADDRESS', 'unix:path=/run/user/1000/bus,guid=c67e2489f73595b365ff0ae46a50c8ee'), ('XDG_DATA_DIRS', '/usr/share/ubuntu:/usr/local/share/:/usr/share/:/var/lib/snapd/desktop'), ('PYTHONPATH', '/home/starry1n/WUTA/WUTA-FSD/ros2_ws/install/wuta_msgs/local/lib/python3.10/dist-packages:/home/starry1n/WUTA/WUTA-FSD/ros2_ws/install/autoware_msgs/local/lib/python3.10/dist-packages:/opt/ros/humble/lib/python3.10/site-packages:/opt/ros/humble/local/lib/python3.10/dist-packages'), ('COLCON', '1'), ('VTE_VERSION', '6800'), ('CMAKE_PREFIX_PATH', '/home/starry1n/WUTA/WUTA-FSD/ros2_ws/install/wuta_msgs:/home/starry1n/WUTA/WUTA-FSD/ros2_ws/install/autoware_msgs:/opt/ros/humble')]), 'shell': False}
[0.659320] (detection_fusion) StdoutLine: {'line': b'-- Install configuration: ""\n'}
[0.661586] (detection_fusion) StdoutLine: {'line': b'-- Execute custom install script\n'}
[0.661681] (detection_fusion) StdoutLine: {'line': b'-- Up-to-date symlink: /home/starry1n/WUTA/WUTA-FSD/ros2_ws/install/detection_fusion/share/ament_index/resource_index/package_run_dependencies/detection_fusion\n'}
[0.661720] (camera_detection) StdoutLine: {'line': b'-- Up-to-date symlink: /home/starry1n/WUTA/WUTA-FSD/ros2_ws/install/camera_detection/share/ament_index/resource_index/packages/camera_detection\n'}
[0.661766] (camera_detection) StdoutLine: {'line': b'-- Up-to-date symlink: /home/starry1n/WUTA/WUTA-FSD/ros2_ws/install/camera_detection/share/camera_detection/cmake/camera_detectionConfig.cmake\n'}
[0.661797] (camera_detection) StdoutLine: {'line': b'-- Up-to-date symlink: /home/starry1n/WUTA/WUTA-FSD/ros2_ws/install/camera_detection/share/camera_detection/cmake/camera_detectionConfig-version.cmake\n'}
[0.661861] (camera_detection) StdoutLine: {'line': b'-- Up-to-date symlink: /home/starry1n/WUTA/WUTA-FSD/ros2_ws/install/camera_detection/share/camera_detection/package.xml\n'}
[0.661917] (kiss_icp_wrapper) StdoutLine: {'line': b'-- Up-to-date symlink: /home/starry1n/WUTA/WUTA-FSD/ros2_ws/install/kiss_icp_wrapper/share/ament_index/resource_index/packages/kiss_icp_wrapper\n'}
[0.661977] (kiss_icp_wrapper) StdoutLine: {'line': b'-- Up-to-date symlink: /home/starry1n/WUTA/WUTA-FSD/ros2_ws/install/kiss_icp_wrapper/share/kiss_icp_wrapper/cmake/kiss_icp_wrapperConfig.cmake\n'}
[0.662137] (kiss_icp_wrapper) StdoutLine: {'line': b'-- Up-to-date symlink: /home/starry1n/WUTA/WUTA-FSD/ros2_ws/install/kiss_icp_wrapper/share/kiss_icp_wrapper/cmake/kiss_icp_wrapperConfig-version.cmake\n'}
[0.662169] (kiss_icp_wrapper) StdoutLine: {'line': b'-- Up-to-date symlink: /home/starry1n/WUTA/WUTA-FSD/ros2_ws/install/kiss_icp_wrapper/share/kiss_icp_wrapper/package.xml\n'}
[0.662220] (detection_fusion) StdoutLine: {'line': b'-- Up-to-date symlink: /home/starry1n/WUTA/WUTA-FSD/ros2_ws/install/detection_fusion/share/ament_index/resource_index/parent_prefix_path/detection_fusion\n'}
[0.662247] (detection_fusion) StdoutLine: {'line': b'-- Up-to-date symlink: /home/starry1n/WUTA/WUTA-FSD/ros2_ws/install/detection_fusion/share/detection_fusion/environment/ament_prefix_path.sh\n'}
[0.662272] (detection_fusion) StdoutLine: {'line': b'-- Up-to-date symlink: /home/starry1n/WUTA/WUTA-FSD/ros2_ws/install/detection_fusion/share/detection_fusion/environment/ament_prefix_path.dsv\n'}
[0.662296] (detection_fusion) StdoutLine: {'line': b'-- Up-to-date symlink: /home/starry1n/WUTA/WUTA-FSD/ros2_ws/install/detection_fusion/share/detection_fusion/environment/path.sh\n'}
[0.662319] (detection_fusion) StdoutLine: {'line': b'-- Up-to-date symlink: /home/starry1n/WUTA/WUTA-FSD/ros2_ws/install/detection_fusion/share/detection_fusion/environment/path.dsv\n'}
[0.663319] (detection_fusion) StdoutLine: {'line': b'-- Up-to-date symlink: /home/starry1n/WUTA/WUTA-FSD/ros2_ws/install/detection_fusion/share/detection_fusion/local_setup.bash\n'}
[0.666612] (camera_detection) CommandEnded: {'returncode': 0}
[0.680293] (camera_detection) JobEnded: {'identifier': 'camera_detection', 'rc': 0}
[0.683754] (detection_fusion) StdoutLine: {'line': b'-- Up-to-date symlink: /home/starry1n/WUTA/WUTA-FSD/ros2_ws/install/detection_fusion/share/detection_fusion/local_setup.sh\n'}
[0.684008] (detection_fusion) StdoutLine: {'line': b'-- Up-to-date symlink: /home/starry1n/WUTA/WUTA-FSD/ros2_ws/install/detection_fusion/share/detection_fusion/local_setup.zsh\n'}
[0.684066] (localization_manager) JobStarted: {'identifier': 'localization_manager'}
[0.685551] (detection_fusion) StdoutLine: {'line': b'-- Up-to-date symlink: /home/starry1n/WUTA/WUTA-FSD/ros2_ws/install/detection_fusion/share/detection_fusion/local_setup.dsv\n'}
[0.685829] (detection_fusion) StdoutLine: {'line': b'-- Symlinking: /home/starry1n/WUTA/WUTA-FSD/ros2_ws/install/detection_fusion/share/detection_fusion/package.dsv\n'}
[0.685881] (detection_fusion) StdoutLine: {'line': b'-- Up-to-date symlink: /home/starry1n/WUTA/WUTA-FSD/ros2_ws/install/detection_fusion/share/ament_index/resource_index/packages/detection_fusion\n'}
[0.685924] (detection_fusion) StdoutLine: {'line': b'-- Up-to-date symlink: /home/starry1n/WUTA/WUTA-FSD/ros2_ws/install/detection_fusion/share/detection_fusion/cmake/detection_fusionConfig.cmake\n'}
[0.685963] (detection_fusion) StdoutLine: {'line': b'-- Up-to-date symlink: /home/starry1n/WUTA/WUTA-FSD/ros2_ws/install/detection_fusion/share/detection_fusion/cmake/detection_fusionConfig-version.cmake\n'}
[0.686020] (detection_fusion) StdoutLine: {'line': b'-- Up-to-date symlink: /home/starry1n/WUTA/WUTA-FSD/ros2_ws/install/detection_fusion/share/detection_fusion/package.xml\n'}
[0.687545] (kiss_icp_wrapper) CommandEnded: {'returncode': 0}
[0.703116] (-) TimerEvent: {}
[0.704599] (kiss_icp_wrapper) JobEnded: {'identifier': 'kiss_icp_wrapper', 'rc': 0}
[0.705888] (lidar_detection) StdoutLine: {'line': b'[100%] Built target lidar_detection_node\n'}
[0.706144] (mission_manager) StdoutLine: {'line': b'[100%] Built target mission_manager_node\n'}
[0.706511] (detection_fusion) CommandEnded: {'returncode': 0}
[0.726595] (detection_fusion) JobEnded: {'identifier': 'detection_fusion', 'rc': 0}
[0.728259] (ndt_localization) JobStarted: {'identifier': 'ndt_localization'}
[0.730699] (path_generator) JobStarted: {'identifier': 'path_generator'}
[0.738128] (boundary_detector) StdoutLine: {'line': b'[ 87%] Built target pathplanning\n'}
[0.739215] (mission_manager) CommandEnded: {'returncode': 0}
[0.739831] (mission_manager) JobProgress: {'identifier': 'mission_manager', 'progress': 'install'}
[0.740190] (mission_manager) Command: {'cmd': ['/usr/bin/cmake', '--install', '/home/starry1n/WUTA/WUTA-FSD/ros2_ws/build/mission_manager'], 'cwd': '/home/starry1n/WUTA/WUTA-FSD/ros2_ws/build/mission_manager', 'env': OrderedDict([('LESSOPEN', '| /usr/bin/lesspipe %s'), ('CODEX_CI', '1'), ('LANGUAGE', 'zh_CN:zh'), ('USER', 'starry1n'), ('XDG_SESSION_TYPE', 'wayland'), ('SHLVL', '2'), ('LD_LIBRARY_PATH', '/home/starry1n/WUTA/WUTA-FSD/ros2_ws/install/wuta_msgs/lib:/opt/ros/humble/opt/rviz_ogre_vendor/lib:/opt/ros/humble/lib/x86_64-linux-gnu:/opt/ros/humble/lib'), ('HOME', '/home/starry1n'), ('OLDPWD', '/home/starry1n/WUTA/WUTA-FSD'), ('DESKTOP_SESSION', 'ubuntu'), ('ROS_PYTHON_VERSION', '3'), ('GNOME_SHELL_SESSION_MODE', 'ubuntu'), ('GTK_MODULES', 'gail:atk-bridge'), ('PAGER', 'cat'), ('LC_CTYPE', 'C.UTF-8'), ('DBUS_STARTER_BUS_TYPE', 'session'), ('SYSTEMD_EXEC_PID', '2321'), ('IM_CONFIG_CHECK_ENV', '1'), ('NO_COLOR', '1'), ('DBUS_SESSION_BUS_ADDRESS', 'unix:path=/run/user/1000/bus,guid=c67e2489f73595b365ff0ae46a50c8ee'), ('COLORTERM', ''), ('IM_CONFIG_PHASE', '1'), ('WAYLAND_DISPLAY', 'wayland-0'), ('CODEX_PERMISSION_PROFILE', ':workspace'), ('ROS_DISTRO', 'humble'), ('LOGNAME', 'starry1n'), ('_', '/usr/bin/colcon'), ('ROS_VERSION', '2'), ('XDG_SESSION_CLASS', 'user'), ('USERNAME', 'starry1n'), ('TERM', 'dumb'), ('GNOME_DESKTOP_SESSION_ID', 'this-is-deprecated'), ('ROS_LOCALHOST_ONLY', '0'), ('PATH', '/home/starry1n/.local/bin:/home/starry1n/.codex/packages/standalone/releases/0.144.4-x86_64-unknown-linux-musl/codex-path:/home/starry1n/.codex/tmp/arg0/codex-arg05cnADw:/home/starry1n/.local/bin:/opt/ros/humble/bin:/home/starry1n/.local/bin:/usr/local/sbin:/usr/local/bin:/usr/sbin:/usr/bin:/sbin:/bin:/usr/games:/usr/local/games:/snap/bin:/snap/bin'), ('SESSION_MANAGER', 'local/starry1n-virtual-machine:@/tmp/.ICE-unix/2321,unix/starry1n-virtual-machine:/tmp/.ICE-unix/2321'), ('XDG_MENU_PREFIX', 'gnome-'), ('GNOME_TERMINAL_SCREEN', '/org/gnome/Terminal/screen/b41f3890_f157_4b82_b249_7c5cfcb9354a'), ('GNOME_SETUP_DISPLAY', ':1'), ('XDG_RUNTIME_DIR', '/run/user/1000'), ('DISPLAY', ':0'), ('CODEX_SANDBOX_NETWORK_DISABLED', '1'), ('LANG', 'C.UTF-8'), ('XDG_CURRENT_DESKTOP', 'ubuntu:GNOME'), ('XMODIFIERS', '@im=ibus'), ('GH_PAGER', 'cat'), ('XDG_SESSION_DESKTOP', 'ubuntu'), ('XAUTHORITY', '/run/user/1000/.mutter-Xwaylandauth.H6FRS3'), ('LS_COLORS', 'rs=0:di=01;34:ln=01;36:mh=00:pi=40;33:so=01;35:do=01;35:bd=40;33;01:cd=40;33;01:or=40;31;01:mi=00:su=37;41:sg=30;43:ca=30;41:tw=30;42:ow=34;42:st=37;44:ex=01;32:*.tar=01;31:*.tgz=01;31:*.arc=01;31:*.arj=01;31:*.taz=01;31:*.lha=01;31:*.lz4=01;31:*.lzh=01;31:*.lzma=01;31:*.tlz=01;31:*.txz=01;31:*.tzo=01;31:*.t7z=01;31:*.zip=01;31:*.z=01;31:*.dz=01;31:*.gz=01;31:*.lrz=01;31:*.lz=01;31:*.lzo=01;31:*.xz=01;31:*.zst=01;31:*.tzst=01;31:*.bz2=01;31:*.bz=01;31:*.tbz=01;31:*.tbz2=01;31:*.tz=01;31:*.deb=01;31:*.rpm=01;31:*.jar=01;31:*.war=01;31:*.ear=01;31:*.sar=01;31:*.rar=01;31:*.alz=01;31:*.ace=01;31:*.zoo=01;31:*.cpio=01;31:*.7z=01;31:*.rz=01;31:*.cab=01;31:*.wim=01;31:*.swm=01;31:*.dwm=01;31:*.esd=01;31:*.jpg=01;35:*.jpeg=01;35:*.mjpg=01;35:*.mjpeg=01;35:*.gif=01;35:*.bmp=01;35:*.pbm=01;35:*.pgm=01;35:*.ppm=01;35:*.tga=01;35:*.xbm=01;35:*.xpm=01;35:*.tif=01;35:*.tiff=01;35:*.png=01;35:*.svg=01;35:*.svgz=01;35:*.mng=01;35:*.pcx=01;35:*.mov=01;35:*.mpg=01;35:*.mpeg=01;35:*.m2v=01;35:*.mkv=01;35:*.webm=01;35:*.webp=01;35:*.ogm=01;35:*.mp4=01;35:*.m4v=01;35:*.mp4v=01;35:*.vob=01;35:*.qt=01;35:*.nuv=01;35:*.wmv=01;35:*.asf=01;35:*.rm=01;35:*.rmvb=01;35:*.flc=01;35:*.avi=01;35:*.fli=01;35:*.flv=01;35:*.gl=01;35:*.dl=01;35:*.xcf=01;35:*.xwd=01;35:*.yuv=01;35:*.cgm=01;35:*.emf=01;35:*.ogv=01;35:*.ogx=01;35:*.aac=00;36:*.au=00;36:*.flac=00;36:*.m4a=00;36:*.mid=00;36:*.midi=00;36:*.mka=00;36:*.mp3=00;36:*.mpc=00;36:*.ogg=00;36:*.ra=00;36:*.wav=00;36:*.oga=00;36:*.opus=00;36:*.spx=00;36:*.xspf=00;36:'), ('GNOME_TERMINAL_SERVICE', ':1.330'), ('SSH_AGENT_LAUNCHER', 'gnome-keyring'), ('SSH_AUTH_SOCK', '/run/user/1000/keyring/ssh'), ('AMENT_PREFIX_PATH', '/home/starry1n/WUTA/WUTA-FSD/ros2_ws/install/wuta_msgs:/opt/ros/humble'), ('SHELL', '/bin/bash'), ('QT_ACCESSIBILITY', '1'), ('GDMSESSION', 'ubuntu'), ('LESSCLOSE', '/usr/bin/lesspipe %s %s'), ('CODEX_THREAD_ID', '019f5073-bc50-71a2-9549-8d1988512281'), ('GIT_PAGER', 'cat'), ('QT_IM_MODULE', 'ibus'), ('PWD', '/home/starry1n/WUTA/WUTA-FSD/ros2_ws/build/mission_manager'), ('LC_ALL', 'C.UTF-8'), ('XDG_CONFIG_DIRS', '/etc/xdg/xdg-ubuntu:/etc/xdg'), ('DBUS_STARTER_ADDRESS', 'unix:path=/run/user/1000/bus,guid=c67e2489f73595b365ff0ae46a50c8ee'), ('XDG_DATA_DIRS', '/usr/share/ubuntu:/usr/local/share/:/usr/share/:/var/lib/snapd/desktop'), ('PYTHONPATH', '/home/starry1n/WUTA/WUTA-FSD/ros2_ws/install/wuta_msgs/local/lib/python3.10/dist-packages:/opt/ros/humble/lib/python3.10/site-packages:/opt/ros/humble/local/lib/python3.10/dist-packages'), ('COLCON', '1'), ('VTE_VERSION', '6800'), ('CMAKE_PREFIX_PATH', '/home/starry1n/WUTA/WUTA-FSD/ros2_ws/install/wuta_msgs:/opt/ros/humble')]), 'shell': False}
[0.742406] (lidar_detection) CommandEnded: {'returncode': 0}
[0.746764] (lidar_detection) JobProgress: {'identifier': 'lidar_detection', 'progress': 'install'}
[0.747121] (lidar_detection) Command: {'cmd': ['/usr/bin/cmake', '--install', '/home/starry1n/WUTA/WUTA-FSD/ros2_ws/build/lidar_detection'], 'cwd': '/home/starry1n/WUTA/WUTA-FSD/ros2_ws/build/lidar_detection', 'env': OrderedDict([('LESSOPEN', '| /usr/bin/lesspipe %s'), ('CODEX_CI', '1'), ('LANGUAGE', 'zh_CN:zh'), ('USER', 'starry1n'), ('XDG_SESSION_TYPE', 'wayland'), ('SHLVL', '2'), ('LD_LIBRARY_PATH', '/home/starry1n/WUTA/WUTA-FSD/ros2_ws/install/wuta_msgs/lib:/opt/ros/humble/opt/rviz_ogre_vendor/lib:/opt/ros/humble/lib/x86_64-linux-gnu:/opt/ros/humble/lib'), ('HOME', '/home/starry1n'), ('OLDPWD', '/home/starry1n/WUTA/WUTA-FSD'), ('DESKTOP_SESSION', 'ubuntu'), ('ROS_PYTHON_VERSION', '3'), ('GNOME_SHELL_SESSION_MODE', 'ubuntu'), ('GTK_MODULES', 'gail:atk-bridge'), ('PAGER', 'cat'), ('LC_CTYPE', 'C.UTF-8'), ('DBUS_STARTER_BUS_TYPE', 'session'), ('SYSTEMD_EXEC_PID', '2321'), ('IM_CONFIG_CHECK_ENV', '1'), ('NO_COLOR', '1'), ('DBUS_SESSION_BUS_ADDRESS', 'unix:path=/run/user/1000/bus,guid=c67e2489f73595b365ff0ae46a50c8ee'), ('COLORTERM', ''), ('IM_CONFIG_PHASE', '1'), ('WAYLAND_DISPLAY', 'wayland-0'), ('CODEX_PERMISSION_PROFILE', ':workspace'), ('ROS_DISTRO', 'humble'), ('LOGNAME', 'starry1n'), ('_', '/usr/bin/colcon'), ('ROS_VERSION', '2'), ('XDG_SESSION_CLASS', 'user'), ('USERNAME', 'starry1n'), ('TERM', 'dumb'), ('GNOME_DESKTOP_SESSION_ID', 'this-is-deprecated'), ('ROS_LOCALHOST_ONLY', '0'), ('PATH', '/home/starry1n/.local/bin:/home/starry1n/.codex/packages/standalone/releases/0.144.4-x86_64-unknown-linux-musl/codex-path:/home/starry1n/.codex/tmp/arg0/codex-arg05cnADw:/home/starry1n/.local/bin:/opt/ros/humble/bin:/home/starry1n/.local/bin:/usr/local/sbin:/usr/local/bin:/usr/sbin:/usr/bin:/sbin:/bin:/usr/games:/usr/local/games:/snap/bin:/snap/bin'), ('SESSION_MANAGER', 'local/starry1n-virtual-machine:@/tmp/.ICE-unix/2321,unix/starry1n-virtual-machine:/tmp/.ICE-unix/2321'), ('XDG_MENU_PREFIX', 'gnome-'), ('GNOME_TERMINAL_SCREEN', '/org/gnome/Terminal/screen/b41f3890_f157_4b82_b249_7c5cfcb9354a'), ('GNOME_SETUP_DISPLAY', ':1'), ('XDG_RUNTIME_DIR', '/run/user/1000'), ('DISPLAY', ':0'), ('CODEX_SANDBOX_NETWORK_DISABLED', '1'), ('LANG', 'C.UTF-8'), ('XDG_CURRENT_DESKTOP', 'ubuntu:GNOME'), ('XMODIFIERS', '@im=ibus'), ('GH_PAGER', 'cat'), ('XDG_SESSION_DESKTOP', 'ubuntu'), ('XAUTHORITY', '/run/user/1000/.mutter-Xwaylandauth.H6FRS3'), ('LS_COLORS', 'rs=0:di=01;34:ln=01;36:mh=00:pi=40;33:so=01;35:do=01;35:bd=40;33;01:cd=40;33;01:or=40;31;01:mi=00:su=37;41:sg=30;43:ca=30;41:tw=30;42:ow=34;42:st=37;44:ex=01;32:*.tar=01;31:*.tgz=01;31:*.arc=01;31:*.arj=01;31:*.taz=01;31:*.lha=01;31:*.lz4=01;31:*.lzh=01;31:*.lzma=01;31:*.tlz=01;31:*.txz=01;31:*.tzo=01;31:*.t7z=01;31:*.zip=01;31:*.z=01;31:*.dz=01;31:*.gz=01;31:*.lrz=01;31:*.lz=01;31:*.lzo=01;31:*.xz=01;31:*.zst=01;31:*.tzst=01;31:*.bz2=01;31:*.bz=01;31:*.tbz=01;31:*.tbz2=01;31:*.tz=01;31:*.deb=01;31:*.rpm=01;31:*.jar=01;31:*.war=01;31:*.ear=01;31:*.sar=01;31:*.rar=01;31:*.alz=01;31:*.ace=01;31:*.zoo=01;31:*.cpio=01;31:*.7z=01;31:*.rz=01;31:*.cab=01;31:*.wim=01;31:*.swm=01;31:*.dwm=01;31:*.esd=01;31:*.jpg=01;35:*.jpeg=01;35:*.mjpg=01;35:*.mjpeg=01;35:*.gif=01;35:*.bmp=01;35:*.pbm=01;35:*.pgm=01;35:*.ppm=01;35:*.tga=01;35:*.xbm=01;35:*.xpm=01;35:*.tif=01;35:*.tiff=01;35:*.png=01;35:*.svg=01;35:*.svgz=01;35:*.mng=01;35:*.pcx=01;35:*.mov=01;35:*.mpg=01;35:*.mpeg=01;35:*.m2v=01;35:*.mkv=01;35:*.webm=01;35:*.webp=01;35:*.ogm=01;35:*.mp4=01;35:*.m4v=01;35:*.mp4v=01;35:*.vob=01;35:*.qt=01;35:*.nuv=01;35:*.wmv=01;35:*.asf=01;35:*.rm=01;35:*.rmvb=01;35:*.flc=01;35:*.avi=01;35:*.fli=01;35:*.flv=01;35:*.gl=01;35:*.dl=01;35:*.xcf=01;35:*.xwd=01;35:*.yuv=01;35:*.cgm=01;35:*.emf=01;35:*.ogv=01;35:*.ogx=01;35:*.aac=00;36:*.au=00;36:*.flac=00;36:*.m4a=00;36:*.mid=00;36:*.midi=00;36:*.mka=00;36:*.mp3=00;36:*.mpc=00;36:*.ogg=00;36:*.ra=00;36:*.wav=00;36:*.oga=00;36:*.opus=00;36:*.spx=00;36:*.xspf=00;36:'), ('GNOME_TERMINAL_SERVICE', ':1.330'), ('SSH_AGENT_LAUNCHER', 'gnome-keyring'), ('SSH_AUTH_SOCK', '/run/user/1000/keyring/ssh'), ('AMENT_PREFIX_PATH', '/home/starry1n/WUTA/WUTA-FSD/ros2_ws/install/wuta_msgs:/opt/ros/humble'), ('SHELL', '/bin/bash'), ('QT_ACCESSIBILITY', '1'), ('GDMSESSION', 'ubuntu'), ('LESSCLOSE', '/usr/bin/lesspipe %s %s'), ('CODEX_THREAD_ID', '019f5073-bc50-71a2-9549-8d1988512281'), ('GIT_PAGER', 'cat'), ('QT_IM_MODULE', 'ibus'), ('PWD', '/home/starry1n/WUTA/WUTA-FSD/ros2_ws/build/lidar_detection'), ('LC_ALL', 'C.UTF-8'), ('XDG_CONFIG_DIRS', '/etc/xdg/xdg-ubuntu:/etc/xdg'), ('DBUS_STARTER_ADDRESS', 'unix:path=/run/user/1000/bus,guid=c67e2489f73595b365ff0ae46a50c8ee'), ('XDG_DATA_DIRS', '/usr/share/ubuntu:/usr/local/share/:/usr/share/:/var/lib/snapd/desktop'), ('PYTHONPATH', '/home/starry1n/WUTA/WUTA-FSD/ros2_ws/install/wuta_msgs/local/lib/python3.10/dist-packages:/opt/ros/humble/lib/python3.10/site-packages:/opt/ros/humble/local/lib/python3.10/dist-packages'), ('COLCON', '1'), ('VTE_VERSION', '6800'), ('CMAKE_PREFIX_PATH', '/home/starry1n/WUTA/WUTA-FSD/ros2_ws/install/wuta_msgs:/opt/ros/humble')]), 'shell': False}
[0.751018] (localization_manager) JobProgress: {'identifier': 'localization_manager', 'progress': 'cmake'}
[0.751859] (localization_manager) JobProgress: {'identifier': 'localization_manager', 'progress': 'build'}
[0.752248] (localization_manager) Command: {'cmd': ['/usr/bin/cmake', '--build', '/home/starry1n/WUTA/WUTA-FSD/ros2_ws/build/localization_manager', '--', '-j8', '-l8'], 'cwd': '/home/starry1n/WUTA/WUTA-FSD/ros2_ws/build/localization_manager', 'env': OrderedDict([('LESSOPEN', '| /usr/bin/lesspipe %s'), ('CODEX_CI', '1'), ('LANGUAGE', 'zh_CN:zh'), ('USER', 'starry1n'), ('XDG_SESSION_TYPE', 'wayland'), ('SHLVL', '2'), ('LD_LIBRARY_PATH', '/home/starry1n/WUTA/WUTA-FSD/ros2_ws/install/wuta_msgs/lib:/home/starry1n/WUTA/WUTA-FSD/ros2_ws/install/robot_localization/lib:/home/starry1n/WUTA/WUTA-FSD/ros2_ws/install/kiss_icp/lib:/opt/ros/humble/opt/rviz_ogre_vendor/lib:/opt/ros/humble/lib/x86_64-linux-gnu:/opt/ros/humble/lib'), ('HOME', '/home/starry1n'), ('OLDPWD', '/home/starry1n/WUTA/WUTA-FSD'), ('DESKTOP_SESSION', 'ubuntu'), ('ROS_PYTHON_VERSION', '3'), ('GNOME_SHELL_SESSION_MODE', 'ubuntu'), ('GTK_MODULES', 'gail:atk-bridge'), ('PAGER', 'cat'), ('LC_CTYPE', 'C.UTF-8'), ('DBUS_STARTER_BUS_TYPE', 'session'), ('SYSTEMD_EXEC_PID', '2321'), ('IM_CONFIG_CHECK_ENV', '1'), ('NO_COLOR', '1'), ('DBUS_SESSION_BUS_ADDRESS', 'unix:path=/run/user/1000/bus,guid=c67e2489f73595b365ff0ae46a50c8ee'), ('COLORTERM', ''), ('IM_CONFIG_PHASE', '1'), ('WAYLAND_DISPLAY', 'wayland-0'), ('CODEX_PERMISSION_PROFILE', ':workspace'), ('ROS_DISTRO', 'humble'), ('LOGNAME', 'starry1n'), ('_', '/usr/bin/colcon'), ('ROS_VERSION', '2'), ('XDG_SESSION_CLASS', 'user'), ('USERNAME', 'starry1n'), ('TERM', 'dumb'), ('GNOME_DESKTOP_SESSION_ID', 'this-is-deprecated'), ('ROS_LOCALHOST_ONLY', '0'), ('PATH', '/home/starry1n/.local/bin:/home/starry1n/.codex/packages/standalone/releases/0.144.4-x86_64-unknown-linux-musl/codex-path:/home/starry1n/.codex/tmp/arg0/codex-arg05cnADw:/home/starry1n/.local/bin:/opt/ros/humble/bin:/home/starry1n/.local/bin:/usr/local/sbin:/usr/local/bin:/usr/sbin:/usr/bin:/sbin:/bin:/usr/games:/usr/local/games:/snap/bin:/snap/bin'), ('SESSION_MANAGER', 'local/starry1n-virtual-machine:@/tmp/.ICE-unix/2321,unix/starry1n-virtual-machine:/tmp/.ICE-unix/2321'), ('XDG_MENU_PREFIX', 'gnome-'), ('GNOME_TERMINAL_SCREEN', '/org/gnome/Terminal/screen/b41f3890_f157_4b82_b249_7c5cfcb9354a'), ('GNOME_SETUP_DISPLAY', ':1'), ('XDG_RUNTIME_DIR', '/run/user/1000'), ('DISPLAY', ':0'), ('CODEX_SANDBOX_NETWORK_DISABLED', '1'), ('LANG', 'C.UTF-8'), ('XDG_CURRENT_DESKTOP', 'ubuntu:GNOME'), ('XMODIFIERS', '@im=ibus'), ('GH_PAGER', 'cat'), ('XDG_SESSION_DESKTOP', 'ubuntu'), ('XAUTHORITY', '/run/user/1000/.mutter-Xwaylandauth.H6FRS3'), ('LS_COLORS', 'rs=0:di=01;34:ln=01;36:mh=00:pi=40;33:so=01;35:do=01;35:bd=40;33;01:cd=40;33;01:or=40;31;01:mi=00:su=37;41:sg=30;43:ca=30;41:tw=30;42:ow=34;42:st=37;44:ex=01;32:*.tar=01;31:*.tgz=01;31:*.arc=01;31:*.arj=01;31:*.taz=01;31:*.lha=01;31:*.lz4=01;31:*.lzh=01;31:*.lzma=01;31:*.tlz=01;31:*.txz=01;31:*.tzo=01;31:*.t7z=01;31:*.zip=01;31:*.z=01;31:*.dz=01;31:*.gz=01;31:*.lrz=01;31:*.lz=01;31:*.lzo=01;31:*.xz=01;31:*.zst=01;31:*.tzst=01;31:*.bz2=01;31:*.bz=01;31:*.tbz=01;31:*.tbz2=01;31:*.tz=01;31:*.deb=01;31:*.rpm=01;31:*.jar=01;31:*.war=01;31:*.ear=01;31:*.sar=01;31:*.rar=01;31:*.alz=01;31:*.ace=01;31:*.zoo=01;31:*.cpio=01;31:*.7z=01;31:*.rz=01;31:*.cab=01;31:*.wim=01;31:*.swm=01;31:*.dwm=01;31:*.esd=01;31:*.jpg=01;35:*.jpeg=01;35:*.mjpg=01;35:*.mjpeg=01;35:*.gif=01;35:*.bmp=01;35:*.pbm=01;35:*.pgm=01;35:*.ppm=01;35:*.tga=01;35:*.xbm=01;35:*.xpm=01;35:*.tif=01;35:*.tiff=01;35:*.png=01;35:*.svg=01;35:*.svgz=01;35:*.mng=01;35:*.pcx=01;35:*.mov=01;35:*.mpg=01;35:*.mpeg=01;35:*.m2v=01;35:*.mkv=01;35:*.webm=01;35:*.webp=01;35:*.ogm=01;35:*.mp4=01;35:*.m4v=01;35:*.mp4v=01;35:*.vob=01;35:*.qt=01;35:*.nuv=01;35:*.wmv=01;35:*.asf=01;35:*.rm=01;35:*.rmvb=01;35:*.flc=01;35:*.avi=01;35:*.fli=01;35:*.flv=01;35:*.gl=01;35:*.dl=01;35:*.xcf=01;35:*.xwd=01;35:*.yuv=01;35:*.cgm=01;35:*.emf=01;35:*.ogv=01;35:*.ogx=01;35:*.aac=00;36:*.au=00;36:*.flac=00;36:*.m4a=00;36:*.mid=00;36:*.midi=00;36:*.mka=00;36:*.mp3=00;36:*.mpc=00;36:*.ogg=00;36:*.ra=00;36:*.wav=00;36:*.oga=00;36:*.opus=00;36:*.spx=00;36:*.xspf=00;36:'), ('GNOME_TERMINAL_SERVICE', ':1.330'), ('SSH_AGENT_LAUNCHER', 'gnome-keyring'), ('SSH_AUTH_SOCK', '/run/user/1000/keyring/ssh'), ('AMENT_PREFIX_PATH', '/home/starry1n/WUTA/WUTA-FSD/ros2_ws/install/wuta_msgs:/home/starry1n/WUTA/WUTA-FSD/ros2_ws/install/robot_localization:/home/starry1n/WUTA/WUTA-FSD/ros2_ws/install/kiss_icp:/opt/ros/humble'), ('SHELL', '/bin/bash'), ('QT_ACCESSIBILITY', '1'), ('GDMSESSION', 'ubuntu'), ('LESSCLOSE', '/usr/bin/lesspipe %s %s'), ('CODEX_THREAD_ID', '019f5073-bc50-71a2-9549-8d1988512281'), ('GIT_PAGER', 'cat'), ('QT_IM_MODULE', 'ibus'), ('PWD', '/home/starry1n/WUTA/WUTA-FSD/ros2_ws/build/localization_manager'), ('LC_ALL', 'C.UTF-8'), ('XDG_CONFIG_DIRS', '/etc/xdg/xdg-ubuntu:/etc/xdg'), ('DBUS_STARTER_ADDRESS', 'unix:path=/run/user/1000/bus,guid=c67e2489f73595b365ff0ae46a50c8ee'), ('XDG_DATA_DIRS', '/usr/share/ubuntu:/usr/local/share/:/usr/share/:/var/lib/snapd/desktop'), ('PYTHONPATH', '/home/starry1n/WUTA/WUTA-FSD/ros2_ws/install/wuta_msgs/local/lib/python3.10/dist-packages:/home/starry1n/WUTA/WUTA-FSD/ros2_ws/install/robot_localization/local/lib/python3.10/dist-packages:/opt/ros/humble/lib/python3.10/site-packages:/opt/ros/humble/local/lib/python3.10/dist-packages'), ('COLCON', '1'), ('VTE_VERSION', '6800'), ('CMAKE_PREFIX_PATH', '/home/starry1n/WUTA/WUTA-FSD/ros2_ws/install/wuta_msgs:/home/starry1n/WUTA/WUTA-FSD/ros2_ws/install/robot_localization:/home/starry1n/WUTA/WUTA-FSD/ros2_ws/install/kiss_icp:/opt/ros/humble')]), 'shell': False}
[0.754040] (controller) StdoutLine: {'line': b'[100%] Built target controller_node\n'}
[0.754145] (boundary_detector) StdoutLine: {'line': b'[100%] Built target boundary_detector_node\n'}
[0.755163] (mission_manager) StdoutLine: {'line': b'-- Install configuration: ""\n'}
[0.755499] (mission_manager) StdoutLine: {'line': b'-- Execute custom install script\n'}
[0.755599] (mission_manager) StdoutLine: {'line': b'-- Up-to-date symlink: /home/starry1n/WUTA/WUTA-FSD/ros2_ws/install/mission_manager/lib/mission_manager/mission_manager_node\n'}
[0.755836] (mission_manager) StdoutLine: {'line': b'-- Up-to-date symlink: /home/starry1n/WUTA/WUTA-FSD/ros2_ws/install/mission_manager/share/mission_manager/config/.gitkeep\n'}
[0.755942] (mission_manager) StdoutLine: {'line': b'-- Up-to-date symlink: /home/starry1n/WUTA/WUTA-FSD/ros2_ws/install/mission_manager/share/ament_index/resource_index/package_run_dependencies/mission_manager\n'}
[0.755995] (mission_manager) StdoutLine: {'line': b'-- Up-to-date symlink: /home/starry1n/WUTA/WUTA-FSD/ros2_ws/install/mission_manager/share/ament_index/resource_index/parent_prefix_path/mission_manager\n'}
[0.756040] (mission_manager) StdoutLine: {'line': b'-- Up-to-date symlink: /home/starry1n/WUTA/WUTA-FSD/ros2_ws/install/mission_manager/share/mission_manager/environment/ament_prefix_path.sh\n'}
[0.756084] (mission_manager) StdoutLine: {'line': b'-- Up-to-date symlink: /home/starry1n/WUTA/WUTA-FSD/ros2_ws/install/mission_manager/share/mission_manager/environment/ament_prefix_path.dsv\n'}
[0.756128] (mission_manager) StdoutLine: {'line': b'-- Up-to-date symlink: /home/starry1n/WUTA/WUTA-FSD/ros2_ws/install/mission_manager/share/mission_manager/environment/path.sh\n'}
[0.756170] (mission_manager) StdoutLine: {'line': b'-- Up-to-date symlink: /home/starry1n/WUTA/WUTA-FSD/ros2_ws/install/mission_manager/share/mission_manager/environment/path.dsv\n'}
[0.756211] (mission_manager) StdoutLine: {'line': b'-- Up-to-date symlink: /home/starry1n/WUTA/WUTA-FSD/ros2_ws/install/mission_manager/share/mission_manager/local_setup.bash\n'}
[0.756249] (mission_manager) StdoutLine: {'line': b'-- Up-to-date symlink: /home/starry1n/WUTA/WUTA-FSD/ros2_ws/install/mission_manager/share/mission_manager/local_setup.sh\n'}
[0.756287] (mission_manager) StdoutLine: {'line': b'-- Up-to-date symlink: /home/starry1n/WUTA/WUTA-FSD/ros2_ws/install/mission_manager/share/mission_manager/local_setup.zsh\n'}
[0.756681] (mission_manager) StdoutLine: {'line': b'-- Up-to-date symlink: /home/starry1n/WUTA/WUTA-FSD/ros2_ws/install/mission_manager/share/mission_manager/local_setup.dsv\n'}
[0.756737] (mission_manager) StdoutLine: {'line': b'-- Symlinking: /home/starry1n/WUTA/WUTA-FSD/ros2_ws/install/mission_manager/share/mission_manager/package.dsv\n'}
[0.758062] (ndt_localization) JobProgress: {'identifier': 'ndt_localization', 'progress': 'cmake'}
[0.759194] (ndt_localization) JobProgress: {'identifier': 'ndt_localization', 'progress': 'build'}
[0.760152] (ndt_localization) Command: {'cmd': ['/usr/bin/cmake', '--build', '/home/starry1n/WUTA/WUTA-FSD/ros2_ws/build/ndt_localization', '--', '-j8', '-l8'], 'cwd': '/home/starry1n/WUTA/WUTA-FSD/ros2_ws/build/ndt_localization', 'env': OrderedDict([('LESSOPEN', '| /usr/bin/lesspipe %s'), ('CODEX_CI', '1'), ('LANGUAGE', 'zh_CN:zh'), ('USER', 'starry1n'), ('XDG_SESSION_TYPE', 'wayland'), ('SHLVL', '2'), ('LD_LIBRARY_PATH', '/home/starry1n/WUTA/WUTA-FSD/ros2_ws/install/wuta_msgs/lib:/opt/ros/humble/opt/rviz_ogre_vendor/lib:/opt/ros/humble/lib/x86_64-linux-gnu:/opt/ros/humble/lib'), ('HOME', '/home/starry1n'), ('OLDPWD', '/home/starry1n/WUTA/WUTA-FSD'), ('DESKTOP_SESSION', 'ubuntu'), ('ROS_PYTHON_VERSION', '3'), ('GNOME_SHELL_SESSION_MODE', 'ubuntu'), ('GTK_MODULES', 'gail:atk-bridge'), ('PAGER', 'cat'), ('LC_CTYPE', 'C.UTF-8'), ('DBUS_STARTER_BUS_TYPE', 'session'), ('SYSTEMD_EXEC_PID', '2321'), ('IM_CONFIG_CHECK_ENV', '1'), ('NO_COLOR', '1'), ('DBUS_SESSION_BUS_ADDRESS', 'unix:path=/run/user/1000/bus,guid=c67e2489f73595b365ff0ae46a50c8ee'), ('COLORTERM', ''), ('IM_CONFIG_PHASE', '1'), ('WAYLAND_DISPLAY', 'wayland-0'), ('CODEX_PERMISSION_PROFILE', ':workspace'), ('ROS_DISTRO', 'humble'), ('LOGNAME', 'starry1n'), ('_', '/usr/bin/colcon'), ('ROS_VERSION', '2'), ('XDG_SESSION_CLASS', 'user'), ('USERNAME', 'starry1n'), ('TERM', 'dumb'), ('GNOME_DESKTOP_SESSION_ID', 'this-is-deprecated'), ('ROS_LOCALHOST_ONLY', '0'), ('PATH', '/home/starry1n/.local/bin:/home/starry1n/.codex/packages/standalone/releases/0.144.4-x86_64-unknown-linux-musl/codex-path:/home/starry1n/.codex/tmp/arg0/codex-arg05cnADw:/home/starry1n/.local/bin:/opt/ros/humble/bin:/home/starry1n/.local/bin:/usr/local/sbin:/usr/local/bin:/usr/sbin:/usr/bin:/sbin:/bin:/usr/games:/usr/local/games:/snap/bin:/snap/bin'), ('SESSION_MANAGER', 'local/starry1n-virtual-machine:@/tmp/.ICE-unix/2321,unix/starry1n-virtual-machine:/tmp/.ICE-unix/2321'), ('XDG_MENU_PREFIX', 'gnome-'), ('GNOME_TERMINAL_SCREEN', '/org/gnome/Terminal/screen/b41f3890_f157_4b82_b249_7c5cfcb9354a'), ('GNOME_SETUP_DISPLAY', ':1'), ('XDG_RUNTIME_DIR', '/run/user/1000'), ('DISPLAY', ':0'), ('CODEX_SANDBOX_NETWORK_DISABLED', '1'), ('LANG', 'C.UTF-8'), ('XDG_CURRENT_DESKTOP', 'ubuntu:GNOME'), ('XMODIFIERS', '@im=ibus'), ('GH_PAGER', 'cat'), ('XDG_SESSION_DESKTOP', 'ubuntu'), ('XAUTHORITY', '/run/user/1000/.mutter-Xwaylandauth.H6FRS3'), ('LS_COLORS', 'rs=0:di=01;34:ln=01;36:mh=00:pi=40;33:so=01;35:do=01;35:bd=40;33;01:cd=40;33;01:or=40;31;01:mi=00:su=37;41:sg=30;43:ca=30;41:tw=30;42:ow=34;42:st=37;44:ex=01;32:*.tar=01;31:*.tgz=01;31:*.arc=01;31:*.arj=01;31:*.taz=01;31:*.lha=01;31:*.lz4=01;31:*.lzh=01;31:*.lzma=01;31:*.tlz=01;31:*.txz=01;31:*.tzo=01;31:*.t7z=01;31:*.zip=01;31:*.z=01;31:*.dz=01;31:*.gz=01;31:*.lrz=01;31:*.lz=01;31:*.lzo=01;31:*.xz=01;31:*.zst=01;31:*.tzst=01;31:*.bz2=01;31:*.bz=01;31:*.tbz=01;31:*.tbz2=01;31:*.tz=01;31:*.deb=01;31:*.rpm=01;31:*.jar=01;31:*.war=01;31:*.ear=01;31:*.sar=01;31:*.rar=01;31:*.alz=01;31:*.ace=01;31:*.zoo=01;31:*.cpio=01;31:*.7z=01;31:*.rz=01;31:*.cab=01;31:*.wim=01;31:*.swm=01;31:*.dwm=01;31:*.esd=01;31:*.jpg=01;35:*.jpeg=01;35:*.mjpg=01;35:*.mjpeg=01;35:*.gif=01;35:*.bmp=01;35:*.pbm=01;35:*.pgm=01;35:*.ppm=01;35:*.tga=01;35:*.xbm=01;35:*.xpm=01;35:*.tif=01;35:*.tiff=01;35:*.png=01;35:*.svg=01;35:*.svgz=01;35:*.mng=01;35:*.pcx=01;35:*.mov=01;35:*.mpg=01;35:*.mpeg=01;35:*.m2v=01;35:*.mkv=01;35:*.webm=01;35:*.webp=01;35:*.ogm=01;35:*.mp4=01;35:*.m4v=01;35:*.mp4v=01;35:*.vob=01;35:*.qt=01;35:*.nuv=01;35:*.wmv=01;35:*.asf=01;35:*.rm=01;35:*.rmvb=01;35:*.flc=01;35:*.avi=01;35:*.fli=01;35:*.flv=01;35:*.gl=01;35:*.dl=01;35:*.xcf=01;35:*.xwd=01;35:*.yuv=01;35:*.cgm=01;35:*.emf=01;35:*.ogv=01;35:*.ogx=01;35:*.aac=00;36:*.au=00;36:*.flac=00;36:*.m4a=00;36:*.mid=00;36:*.midi=00;36:*.mka=00;36:*.mp3=00;36:*.mpc=00;36:*.ogg=00;36:*.ra=00;36:*.wav=00;36:*.oga=00;36:*.opus=00;36:*.spx=00;36:*.xspf=00;36:'), ('GNOME_TERMINAL_SERVICE', ':1.330'), ('SSH_AGENT_LAUNCHER', 'gnome-keyring'), ('SSH_AUTH_SOCK', '/run/user/1000/keyring/ssh'), ('AMENT_PREFIX_PATH', '/home/starry1n/WUTA/WUTA-FSD/ros2_ws/install/wuta_msgs:/opt/ros/humble'), ('SHELL', '/bin/bash'), ('QT_ACCESSIBILITY', '1'), ('GDMSESSION', 'ubuntu'), ('LESSCLOSE', '/usr/bin/lesspipe %s %s'), ('CODEX_THREAD_ID', '019f5073-bc50-71a2-9549-8d1988512281'), ('GIT_PAGER', 'cat'), ('QT_IM_MODULE', 'ibus'), ('PWD', '/home/starry1n/WUTA/WUTA-FSD/ros2_ws/build/ndt_localization'), ('LC_ALL', 'C.UTF-8'), ('XDG_CONFIG_DIRS', '/etc/xdg/xdg-ubuntu:/etc/xdg'), ('DBUS_STARTER_ADDRESS', 'unix:path=/run/user/1000/bus,guid=c67e2489f73595b365ff0ae46a50c8ee'), ('XDG_DATA_DIRS', '/usr/share/ubuntu:/usr/local/share/:/usr/share/:/var/lib/snapd/desktop'), ('PYTHONPATH', '/home/starry1n/WUTA/WUTA-FSD/ros2_ws/install/wuta_msgs/local/lib/python3.10/dist-packages:/opt/ros/humble/lib/python3.10/site-packages:/opt/ros/humble/local/lib/python3.10/dist-packages'), ('COLCON', '1'), ('VTE_VERSION', '6800'), ('CMAKE_PREFIX_PATH', '/home/starry1n/WUTA/WUTA-FSD/ros2_ws/install/wuta_msgs:/opt/ros/humble')]), 'shell': False}
[0.763850] (controller) CommandEnded: {'returncode': 0}
[0.764126] (controller) JobProgress: {'identifier': 'controller', 'progress': 'install'}
[0.764146] (controller) Command: {'cmd': ['/usr/bin/cmake', '--install', '/home/starry1n/WUTA/WUTA-FSD/ros2_ws/build/controller'], 'cwd': '/home/starry1n/WUTA/WUTA-FSD/ros2_ws/build/controller', 'env': OrderedDict([('LESSOPEN', '| /usr/bin/lesspipe %s'), ('CODEX_CI', '1'), ('LANGUAGE', 'zh_CN:zh'), ('USER', 'starry1n'), ('XDG_SESSION_TYPE', 'wayland'), ('SHLVL', '2'), ('LD_LIBRARY_PATH', '/home/starry1n/WUTA/WUTA-FSD/ros2_ws/install/wuta_msgs/lib:/home/starry1n/WUTA/WUTA-FSD/ros2_ws/install/autoware_msgs/lib:/opt/ros/humble/opt/rviz_ogre_vendor/lib:/opt/ros/humble/lib/x86_64-linux-gnu:/opt/ros/humble/lib'), ('HOME', '/home/starry1n'), ('OLDPWD', '/home/starry1n/WUTA/WUTA-FSD'), ('DESKTOP_SESSION', 'ubuntu'), ('ROS_PYTHON_VERSION', '3'), ('GNOME_SHELL_SESSION_MODE', 'ubuntu'), ('GTK_MODULES', 'gail:atk-bridge'), ('PAGER', 'cat'), ('LC_CTYPE', 'C.UTF-8'), ('DBUS_STARTER_BUS_TYPE', 'session'), ('SYSTEMD_EXEC_PID', '2321'), ('IM_CONFIG_CHECK_ENV', '1'), ('NO_COLOR', '1'), ('DBUS_SESSION_BUS_ADDRESS', 'unix:path=/run/user/1000/bus,guid=c67e2489f73595b365ff0ae46a50c8ee'), ('COLORTERM', ''), ('IM_CONFIG_PHASE', '1'), ('WAYLAND_DISPLAY', 'wayland-0'), ('CODEX_PERMISSION_PROFILE', ':workspace'), ('ROS_DISTRO', 'humble'), ('LOGNAME', 'starry1n'), ('_', '/usr/bin/colcon'), ('ROS_VERSION', '2'), ('XDG_SESSION_CLASS', 'user'), ('USERNAME', 'starry1n'), ('TERM', 'dumb'), ('GNOME_DESKTOP_SESSION_ID', 'this-is-deprecated'), ('ROS_LOCALHOST_ONLY', '0'), ('PATH', '/home/starry1n/.local/bin:/home/starry1n/.codex/packages/standalone/releases/0.144.4-x86_64-unknown-linux-musl/codex-path:/home/starry1n/.codex/tmp/arg0/codex-arg05cnADw:/home/starry1n/.local/bin:/opt/ros/humble/bin:/home/starry1n/.local/bin:/usr/local/sbin:/usr/local/bin:/usr/sbin:/usr/bin:/sbin:/bin:/usr/games:/usr/local/games:/snap/bin:/snap/bin'), ('SESSION_MANAGER', 'local/starry1n-virtual-machine:@/tmp/.ICE-unix/2321,unix/starry1n-virtual-machine:/tmp/.ICE-unix/2321'), ('XDG_MENU_PREFIX', 'gnome-'), ('GNOME_TERMINAL_SCREEN', '/org/gnome/Terminal/screen/b41f3890_f157_4b82_b249_7c5cfcb9354a'), ('GNOME_SETUP_DISPLAY', ':1'), ('XDG_RUNTIME_DIR', '/run/user/1000'), ('DISPLAY', ':0'), ('CODEX_SANDBOX_NETWORK_DISABLED', '1'), ('LANG', 'C.UTF-8'), ('XDG_CURRENT_DESKTOP', 'ubuntu:GNOME'), ('XMODIFIERS', '@im=ibus'), ('GH_PAGER', 'cat'), ('XDG_SESSION_DESKTOP', 'ubuntu'), ('XAUTHORITY', '/run/user/1000/.mutter-Xwaylandauth.H6FRS3'), ('LS_COLORS', 'rs=0:di=01;34:ln=01;36:mh=00:pi=40;33:so=01;35:do=01;35:bd=40;33;01:cd=40;33;01:or=40;31;01:mi=00:su=37;41:sg=30;43:ca=30;41:tw=30;42:ow=34;42:st=37;44:ex=01;32:*.tar=01;31:*.tgz=01;31:*.arc=01;31:*.arj=01;31:*.taz=01;31:*.lha=01;31:*.lz4=01;31:*.lzh=01;31:*.lzma=01;31:*.tlz=01;31:*.txz=01;31:*.tzo=01;31:*.t7z=01;31:*.zip=01;31:*.z=01;31:*.dz=01;31:*.gz=01;31:*.lrz=01;31:*.lz=01;31:*.lzo=01;31:*.xz=01;31:*.zst=01;31:*.tzst=01;31:*.bz2=01;31:*.bz=01;31:*.tbz=01;31:*.tbz2=01;31:*.tz=01;31:*.deb=01;31:*.rpm=01;31:*.jar=01;31:*.war=01;31:*.ear=01;31:*.sar=01;31:*.rar=01;31:*.alz=01;31:*.ace=01;31:*.zoo=01;31:*.cpio=01;31:*.7z=01;31:*.rz=01;31:*.cab=01;31:*.wim=01;31:*.swm=01;31:*.dwm=01;31:*.esd=01;31:*.jpg=01;35:*.jpeg=01;35:*.mjpg=01;35:*.mjpeg=01;35:*.gif=01;35:*.bmp=01;35:*.pbm=01;35:*.pgm=01;35:*.ppm=01;35:*.tga=01;35:*.xbm=01;35:*.xpm=01;35:*.tif=01;35:*.tiff=01;35:*.png=01;35:*.svg=01;35:*.svgz=01;35:*.mng=01;35:*.pcx=01;35:*.mov=01;35:*.mpg=01;35:*.mpeg=01;35:*.m2v=01;35:*.mkv=01;35:*.webm=01;35:*.webp=01;35:*.ogm=01;35:*.mp4=01;35:*.m4v=01;35:*.mp4v=01;35:*.vob=01;35:*.qt=01;35:*.nuv=01;35:*.wmv=01;35:*.asf=01;35:*.rm=01;35:*.rmvb=01;35:*.flc=01;35:*.avi=01;35:*.fli=01;35:*.flv=01;35:*.gl=01;35:*.dl=01;35:*.xcf=01;35:*.xwd=01;35:*.yuv=01;35:*.cgm=01;35:*.emf=01;35:*.ogv=01;35:*.ogx=01;35:*.aac=00;36:*.au=00;36:*.flac=00;36:*.m4a=00;36:*.mid=00;36:*.midi=00;36:*.mka=00;36:*.mp3=00;36:*.mpc=00;36:*.ogg=00;36:*.ra=00;36:*.wav=00;36:*.oga=00;36:*.opus=00;36:*.spx=00;36:*.xspf=00;36:'), ('GNOME_TERMINAL_SERVICE', ':1.330'), ('SSH_AGENT_LAUNCHER', 'gnome-keyring'), ('SSH_AUTH_SOCK', '/run/user/1000/keyring/ssh'), ('AMENT_PREFIX_PATH', '/home/starry1n/WUTA/WUTA-FSD/ros2_ws/install/wuta_msgs:/home/starry1n/WUTA/WUTA-FSD/ros2_ws/install/autoware_msgs:/opt/ros/humble'), ('SHELL', '/bin/bash'), ('QT_ACCESSIBILITY', '1'), ('GDMSESSION', 'ubuntu'), ('LESSCLOSE', '/usr/bin/lesspipe %s %s'), ('CODEX_THREAD_ID', '019f5073-bc50-71a2-9549-8d1988512281'), ('GIT_PAGER', 'cat'), ('QT_IM_MODULE', 'ibus'), ('PWD', '/home/starry1n/WUTA/WUTA-FSD/ros2_ws/build/controller'), ('LC_ALL', 'C.UTF-8'), ('XDG_CONFIG_DIRS', '/etc/xdg/xdg-ubuntu:/etc/xdg'), ('DBUS_STARTER_ADDRESS', 'unix:path=/run/user/1000/bus,guid=c67e2489f73595b365ff0ae46a50c8ee'), ('XDG_DATA_DIRS', '/usr/share/ubuntu:/usr/local/share/:/usr/share/:/var/lib/snapd/desktop'), ('PYTHONPATH', '/home/starry1n/WUTA/WUTA-FSD/ros2_ws/install/wuta_msgs/local/lib/python3.10/dist-packages:/home/starry1n/WUTA/WUTA-FSD/ros2_ws/install/autoware_msgs/local/lib/python3.10/dist-packages:/opt/ros/humble/lib/python3.10/site-packages:/opt/ros/humble/local/lib/python3.10/dist-packages'), ('COLCON', '1'), ('VTE_VERSION', '6800'), ('CMAKE_PREFIX_PATH', '/home/starry1n/WUTA/WUTA-FSD/ros2_ws/install/wuta_msgs:/home/starry1n/WUTA/WUTA-FSD/ros2_ws/install/autoware_msgs:/opt/ros/humble')]), 'shell': False}
[0.765645] (path_generator) JobProgress: {'identifier': 'path_generator', 'progress': 'cmake'}
[0.767148] (path_generator) JobProgress: {'identifier': 'path_generator', 'progress': 'build'}
[0.767553] (path_generator) Command: {'cmd': ['/usr/bin/cmake', '--build', '/home/starry1n/WUTA/WUTA-FSD/ros2_ws/build/path_generator', '--', '-j8', '-l8'], 'cwd': '/home/starry1n/WUTA/WUTA-FSD/ros2_ws/build/path_generator', 'env': OrderedDict([('LESSOPEN', '| /usr/bin/lesspipe %s'), ('CODEX_CI', '1'), ('LANGUAGE', 'zh_CN:zh'), ('USER', 'starry1n'), ('XDG_SESSION_TYPE', 'wayland'), ('SHLVL', '2'), ('LD_LIBRARY_PATH', '/home/starry1n/WUTA/WUTA-FSD/ros2_ws/install/wuta_msgs/lib:/home/starry1n/WUTA/WUTA-FSD/ros2_ws/install/autoware_msgs/lib:/opt/ros/humble/opt/rviz_ogre_vendor/lib:/opt/ros/humble/lib/x86_64-linux-gnu:/opt/ros/humble/lib'), ('HOME', '/home/starry1n'), ('OLDPWD', '/home/starry1n/WUTA/WUTA-FSD'), ('DESKTOP_SESSION', 'ubuntu'), ('ROS_PYTHON_VERSION', '3'), ('GNOME_SHELL_SESSION_MODE', 'ubuntu'), ('GTK_MODULES', 'gail:atk-bridge'), ('PAGER', 'cat'), ('LC_CTYPE', 'C.UTF-8'), ('DBUS_STARTER_BUS_TYPE', 'session'), ('SYSTEMD_EXEC_PID', '2321'), ('IM_CONFIG_CHECK_ENV', '1'), ('NO_COLOR', '1'), ('DBUS_SESSION_BUS_ADDRESS', 'unix:path=/run/user/1000/bus,guid=c67e2489f73595b365ff0ae46a50c8ee'), ('COLORTERM', ''), ('IM_CONFIG_PHASE', '1'), ('WAYLAND_DISPLAY', 'wayland-0'), ('CODEX_PERMISSION_PROFILE', ':workspace'), ('ROS_DISTRO', 'humble'), ('LOGNAME', 'starry1n'), ('_', '/usr/bin/colcon'), ('ROS_VERSION', '2'), ('XDG_SESSION_CLASS', 'user'), ('USERNAME', 'starry1n'), ('TERM', 'dumb'), ('GNOME_DESKTOP_SESSION_ID', 'this-is-deprecated'), ('ROS_LOCALHOST_ONLY', '0'), ('PATH', '/home/starry1n/.local/bin:/home/starry1n/.codex/packages/standalone/releases/0.144.4-x86_64-unknown-linux-musl/codex-path:/home/starry1n/.codex/tmp/arg0/codex-arg05cnADw:/home/starry1n/.local/bin:/opt/ros/humble/bin:/home/starry1n/.local/bin:/usr/local/sbin:/usr/local/bin:/usr/sbin:/usr/bin:/sbin:/bin:/usr/games:/usr/local/games:/snap/bin:/snap/bin'), ('SESSION_MANAGER', 'local/starry1n-virtual-machine:@/tmp/.ICE-unix/2321,unix/starry1n-virtual-machine:/tmp/.ICE-unix/2321'), ('XDG_MENU_PREFIX', 'gnome-'), ('GNOME_TERMINAL_SCREEN', '/org/gnome/Terminal/screen/b41f3890_f157_4b82_b249_7c5cfcb9354a'), ('GNOME_SETUP_DISPLAY', ':1'), ('XDG_RUNTIME_DIR', '/run/user/1000'), ('DISPLAY', ':0'), ('CODEX_SANDBOX_NETWORK_DISABLED', '1'), ('LANG', 'C.UTF-8'), ('XDG_CURRENT_DESKTOP', 'ubuntu:GNOME'), ('XMODIFIERS', '@im=ibus'), ('GH_PAGER', 'cat'), ('XDG_SESSION_DESKTOP', 'ubuntu'), ('XAUTHORITY', '/run/user/1000/.mutter-Xwaylandauth.H6FRS3'), ('LS_COLORS', 'rs=0:di=01;34:ln=01;36:mh=00:pi=40;33:so=01;35:do=01;35:bd=40;33;01:cd=40;33;01:or=40;31;01:mi=00:su=37;41:sg=30;43:ca=30;41:tw=30;42:ow=34;42:st=37;44:ex=01;32:*.tar=01;31:*.tgz=01;31:*.arc=01;31:*.arj=01;31:*.taz=01;31:*.lha=01;31:*.lz4=01;31:*.lzh=01;31:*.lzma=01;31:*.tlz=01;31:*.txz=01;31:*.tzo=01;31:*.t7z=01;31:*.zip=01;31:*.z=01;31:*.dz=01;31:*.gz=01;31:*.lrz=01;31:*.lz=01;31:*.lzo=01;31:*.xz=01;31:*.zst=01;31:*.tzst=01;31:*.bz2=01;31:*.bz=01;31:*.tbz=01;31:*.tbz2=01;31:*.tz=01;31:*.deb=01;31:*.rpm=01;31:*.jar=01;31:*.war=01;31:*.ear=01;31:*.sar=01;31:*.rar=01;31:*.alz=01;31:*.ace=01;31:*.zoo=01;31:*.cpio=01;31:*.7z=01;31:*.rz=01;31:*.cab=01;31:*.wim=01;31:*.swm=01;31:*.dwm=01;31:*.esd=01;31:*.jpg=01;35:*.jpeg=01;35:*.mjpg=01;35:*.mjpeg=01;35:*.gif=01;35:*.bmp=01;35:*.pbm=01;35:*.pgm=01;35:*.ppm=01;35:*.tga=01;35:*.xbm=01;35:*.xpm=01;35:*.tif=01;35:*.tiff=01;35:*.png=01;35:*.svg=01;35:*.svgz=01;35:*.mng=01;35:*.pcx=01;35:*.mov=01;35:*.mpg=01;35:*.mpeg=01;35:*.m2v=01;35:*.mkv=01;35:*.webm=01;35:*.webp=01;35:*.ogm=01;35:*.mp4=01;35:*.m4v=01;35:*.mp4v=01;35:*.vob=01;35:*.qt=01;35:*.nuv=01;35:*.wmv=01;35:*.asf=01;35:*.rm=01;35:*.rmvb=01;35:*.flc=01;35:*.avi=01;35:*.fli=01;35:*.flv=01;35:*.gl=01;35:*.dl=01;35:*.xcf=01;35:*.xwd=01;35:*.yuv=01;35:*.cgm=01;35:*.emf=01;35:*.ogv=01;35:*.ogx=01;35:*.aac=00;36:*.au=00;36:*.flac=00;36:*.m4a=00;36:*.mid=00;36:*.midi=00;36:*.mka=00;36:*.mp3=00;36:*.mpc=00;36:*.ogg=00;36:*.ra=00;36:*.wav=00;36:*.oga=00;36:*.opus=00;36:*.spx=00;36:*.xspf=00;36:'), ('GNOME_TERMINAL_SERVICE', ':1.330'), ('SSH_AGENT_LAUNCHER', 'gnome-keyring'), ('SSH_AUTH_SOCK', '/run/user/1000/keyring/ssh'), ('AMENT_PREFIX_PATH', '/home/starry1n/WUTA/WUTA-FSD/ros2_ws/install/wuta_msgs:/home/starry1n/WUTA/WUTA-FSD/ros2_ws/install/autoware_msgs:/opt/ros/humble'), ('SHELL', '/bin/bash'), ('QT_ACCESSIBILITY', '1'), ('GDMSESSION', 'ubuntu'), ('LESSCLOSE', '/usr/bin/lesspipe %s %s'), ('CODEX_THREAD_ID', '019f5073-bc50-71a2-9549-8d1988512281'), ('GIT_PAGER', 'cat'), ('QT_IM_MODULE', 'ibus'), ('PWD', '/home/starry1n/WUTA/WUTA-FSD/ros2_ws/build/path_generator'), ('LC_ALL', 'C.UTF-8'), ('XDG_CONFIG_DIRS', '/etc/xdg/xdg-ubuntu:/etc/xdg'), ('DBUS_STARTER_ADDRESS', 'unix:path=/run/user/1000/bus,guid=c67e2489f73595b365ff0ae46a50c8ee'), ('XDG_DATA_DIRS', '/usr/share/ubuntu:/usr/local/share/:/usr/share/:/var/lib/snapd/desktop'), ('PYTHONPATH', '/home/starry1n/WUTA/WUTA-FSD/ros2_ws/install/wuta_msgs/local/lib/python3.10/dist-packages:/home/starry1n/WUTA/WUTA-FSD/ros2_ws/install/autoware_msgs/local/lib/python3.10/dist-packages:/opt/ros/humble/lib/python3.10/site-packages:/opt/ros/humble/local/lib/python3.10/dist-packages'), ('COLCON', '1'), ('VTE_VERSION', '6800'), ('CMAKE_PREFIX_PATH', '/home/starry1n/WUTA/WUTA-FSD/ros2_ws/install/wuta_msgs:/home/starry1n/WUTA/WUTA-FSD/ros2_ws/install/autoware_msgs:/opt/ros/humble')]), 'shell': False}
[0.771531] (lidar_detection) StdoutLine: {'line': b'-- Install configuration: ""\n'}
[0.771783] (lidar_detection) StdoutLine: {'line': b'-- Execute custom install script\n'}
[0.771936] (lidar_detection) StdoutLine: {'line': b'-- Up-to-date symlink: /home/starry1n/WUTA/WUTA-FSD/ros2_ws/install/lidar_detection/lib/lidar_detection/lidar_detection_node\n'}
[0.772069] (lidar_detection) StdoutLine: {'line': b'-- Up-to-date symlink: /home/starry1n/WUTA/WUTA-FSD/ros2_ws/install/lidar_detection/share/lidar_detection/config/lidar_detection.yaml\n'}
[0.772247] (lidar_detection) StdoutLine: {'line': b'-- Up-to-date symlink: /home/starry1n/WUTA/WUTA-FSD/ros2_ws/install/lidar_detection/share/ament_index/resource_index/package_run_dependencies/lidar_detection\n'}
[0.772341] (lidar_detection) StdoutLine: {'line': b'-- Up-to-date symlink: /home/starry1n/WUTA/WUTA-FSD/ros2_ws/install/lidar_detection/share/ament_index/resource_index/parent_prefix_path/lidar_detection\n'}
[0.772890] (lidar_detection) StdoutLine: {'line': b'-- Up-to-date symlink: /home/starry1n/WUTA/WUTA-FSD/ros2_ws/install/lidar_detection/share/lidar_detection/environment/ament_prefix_path.sh\n'}
[0.772959] (lidar_detection) StdoutLine: {'line': b'-- Up-to-date symlink: /home/starry1n/WUTA/WUTA-FSD/ros2_ws/install/lidar_detection/share/lidar_detection/environment/ament_prefix_path.dsv\n'}
[0.772994] (lidar_detection) StdoutLine: {'line': b'-- Up-to-date symlink: /home/starry1n/WUTA/WUTA-FSD/ros2_ws/install/lidar_detection/share/lidar_detection/environment/path.sh\n'}
[0.773025] (lidar_detection) StdoutLine: {'line': b'-- Up-to-date symlink: /home/starry1n/WUTA/WUTA-FSD/ros2_ws/install/lidar_detection/share/lidar_detection/environment/path.dsv\n'}
[0.773135] (lidar_detection) StdoutLine: {'line': b'-- Up-to-date symlink: /home/starry1n/WUTA/WUTA-FSD/ros2_ws/install/lidar_detection/share/lidar_detection/local_setup.bash\n'}
[0.773168] (lidar_detection) StdoutLine: {'line': b'-- Up-to-date symlink: /home/starry1n/WUTA/WUTA-FSD/ros2_ws/install/lidar_detection/share/lidar_detection/local_setup.sh\n'}
[0.773660] (lidar_detection) StdoutLine: {'line': b'-- Up-to-date symlink: /home/starry1n/WUTA/WUTA-FSD/ros2_ws/install/lidar_detection/share/lidar_detection/local_setup.zsh\n'}
[0.773704] (lidar_detection) StdoutLine: {'line': b'-- Up-to-date symlink: /home/starry1n/WUTA/WUTA-FSD/ros2_ws/install/lidar_detection/share/lidar_detection/local_setup.dsv\n'}
[0.773740] (lidar_detection) StdoutLine: {'line': b'-- Symlinking: /home/starry1n/WUTA/WUTA-FSD/ros2_ws/install/lidar_detection/share/lidar_detection/package.dsv\n'}
[0.773772] (mission_manager) StdoutLine: {'line': b'-- Up-to-date symlink: /home/starry1n/WUTA/WUTA-FSD/ros2_ws/install/mission_manager/share/ament_index/resource_index/packages/mission_manager\n'}
[0.773819] (mission_manager) StdoutLine: {'line': b'-- Up-to-date symlink: /home/starry1n/WUTA/WUTA-FSD/ros2_ws/install/mission_manager/share/mission_manager/cmake/mission_managerConfig.cmake\n'}
[0.773850] (mission_manager) StdoutLine: {'line': b'-- Up-to-date symlink: /home/starry1n/WUTA/WUTA-FSD/ros2_ws/install/mission_manager/share/mission_manager/cmake/mission_managerConfig-version.cmake\n'}
[0.773890] (mission_manager) StdoutLine: {'line': b'-- Up-to-date symlink: /home/starry1n/WUTA/WUTA-FSD/ros2_ws/install/mission_manager/share/mission_manager/package.xml\n'}
[0.773922] (lidar_detection) StdoutLine: {'line': b'-- Up-to-date symlink: /home/starry1n/WUTA/WUTA-FSD/ros2_ws/install/lidar_detection/share/ament_index/resource_index/packages/lidar_detection\n'}
[0.774022] (lidar_detection) StdoutLine: {'line': b'-- Up-to-date symlink: /home/starry1n/WUTA/WUTA-FSD/ros2_ws/install/lidar_detection/share/lidar_detection/cmake/lidar_detectionConfig.cmake\n'}
[0.774320] (lidar_detection) StdoutLine: {'line': b'-- Up-to-date symlink: /home/starry1n/WUTA/WUTA-FSD/ros2_ws/install/lidar_detection/share/lidar_detection/cmake/lidar_detectionConfig-version.cmake\n'}
[0.774390] (lidar_detection) StdoutLine: {'line': b'-- Up-to-date symlink: /home/starry1n/WUTA/WUTA-FSD/ros2_ws/install/lidar_detection/share/lidar_detection/package.xml\n'}
[0.775695] (boundary_detector) CommandEnded: {'returncode': 0}
[0.776092] (boundary_detector) JobProgress: {'identifier': 'boundary_detector', 'progress': 'install'}
[0.776110] (boundary_detector) Command: {'cmd': ['/usr/bin/cmake', '--install', '/home/starry1n/WUTA/WUTA-FSD/ros2_ws/build/boundary_detector'], 'cwd': '/home/starry1n/WUTA/WUTA-FSD/ros2_ws/build/boundary_detector', 'env': OrderedDict([('LESSOPEN', '| /usr/bin/lesspipe %s'), ('CODEX_CI', '1'), ('LANGUAGE', 'zh_CN:zh'), ('USER', 'starry1n'), ('XDG_SESSION_TYPE', 'wayland'), ('SHLVL', '2'), ('LD_LIBRARY_PATH', '/home/starry1n/WUTA/WUTA-FSD/ros2_ws/install/wuta_msgs/lib:/home/starry1n/WUTA/WUTA-FSD/ros2_ws/install/autoware_msgs/lib:/opt/ros/humble/opt/rviz_ogre_vendor/lib:/opt/ros/humble/lib/x86_64-linux-gnu:/opt/ros/humble/lib'), ('HOME', '/home/starry1n'), ('OLDPWD', '/home/starry1n/WUTA/WUTA-FSD'), ('DESKTOP_SESSION', 'ubuntu'), ('ROS_PYTHON_VERSION', '3'), ('GNOME_SHELL_SESSION_MODE', 'ubuntu'), ('GTK_MODULES', 'gail:atk-bridge'), ('PAGER', 'cat'), ('LC_CTYPE', 'C.UTF-8'), ('DBUS_STARTER_BUS_TYPE', 'session'), ('SYSTEMD_EXEC_PID', '2321'), ('IM_CONFIG_CHECK_ENV', '1'), ('NO_COLOR', '1'), ('DBUS_SESSION_BUS_ADDRESS', 'unix:path=/run/user/1000/bus,guid=c67e2489f73595b365ff0ae46a50c8ee'), ('COLORTERM', ''), ('IM_CONFIG_PHASE', '1'), ('WAYLAND_DISPLAY', 'wayland-0'), ('CODEX_PERMISSION_PROFILE', ':workspace'), ('ROS_DISTRO', 'humble'), ('LOGNAME', 'starry1n'), ('_', '/usr/bin/colcon'), ('ROS_VERSION', '2'), ('XDG_SESSION_CLASS', 'user'), ('USERNAME', 'starry1n'), ('TERM', 'dumb'), ('GNOME_DESKTOP_SESSION_ID', 'this-is-deprecated'), ('ROS_LOCALHOST_ONLY', '0'), ('PATH', '/home/starry1n/.local/bin:/home/starry1n/.codex/packages/standalone/releases/0.144.4-x86_64-unknown-linux-musl/codex-path:/home/starry1n/.codex/tmp/arg0/codex-arg05cnADw:/home/starry1n/.local/bin:/opt/ros/humble/bin:/home/starry1n/.local/bin:/usr/local/sbin:/usr/local/bin:/usr/sbin:/usr/bin:/sbin:/bin:/usr/games:/usr/local/games:/snap/bin:/snap/bin'), ('SESSION_MANAGER', 'local/starry1n-virtual-machine:@/tmp/.ICE-unix/2321,unix/starry1n-virtual-machine:/tmp/.ICE-unix/2321'), ('XDG_MENU_PREFIX', 'gnome-'), ('GNOME_TERMINAL_SCREEN', '/org/gnome/Terminal/screen/b41f3890_f157_4b82_b249_7c5cfcb9354a'), ('GNOME_SETUP_DISPLAY', ':1'), ('XDG_RUNTIME_DIR', '/run/user/1000'), ('DISPLAY', ':0'), ('CODEX_SANDBOX_NETWORK_DISABLED', '1'), ('LANG', 'C.UTF-8'), ('XDG_CURRENT_DESKTOP', 'ubuntu:GNOME'), ('XMODIFIERS', '@im=ibus'), ('GH_PAGER', 'cat'), ('XDG_SESSION_DESKTOP', 'ubuntu'), ('XAUTHORITY', '/run/user/1000/.mutter-Xwaylandauth.H6FRS3'), ('LS_COLORS', 'rs=0:di=01;34:ln=01;36:mh=00:pi=40;33:so=01;35:do=01;35:bd=40;33;01:cd=40;33;01:or=40;31;01:mi=00:su=37;41:sg=30;43:ca=30;41:tw=30;42:ow=34;42:st=37;44:ex=01;32:*.tar=01;31:*.tgz=01;31:*.arc=01;31:*.arj=01;31:*.taz=01;31:*.lha=01;31:*.lz4=01;31:*.lzh=01;31:*.lzma=01;31:*.tlz=01;31:*.txz=01;31:*.tzo=01;31:*.t7z=01;31:*.zip=01;31:*.z=01;31:*.dz=01;31:*.gz=01;31:*.lrz=01;31:*.lz=01;31:*.lzo=01;31:*.xz=01;31:*.zst=01;31:*.tzst=01;31:*.bz2=01;31:*.bz=01;31:*.tbz=01;31:*.tbz2=01;31:*.tz=01;31:*.deb=01;31:*.rpm=01;31:*.jar=01;31:*.war=01;31:*.ear=01;31:*.sar=01;31:*.rar=01;31:*.alz=01;31:*.ace=01;31:*.zoo=01;31:*.cpio=01;31:*.7z=01;31:*.rz=01;31:*.cab=01;31:*.wim=01;31:*.swm=01;31:*.dwm=01;31:*.esd=01;31:*.jpg=01;35:*.jpeg=01;35:*.mjpg=01;35:*.mjpeg=01;35:*.gif=01;35:*.bmp=01;35:*.pbm=01;35:*.pgm=01;35:*.ppm=01;35:*.tga=01;35:*.xbm=01;35:*.xpm=01;35:*.tif=01;35:*.tiff=01;35:*.png=01;35:*.svg=01;35:*.svgz=01;35:*.mng=01;35:*.pcx=01;35:*.mov=01;35:*.mpg=01;35:*.mpeg=01;35:*.m2v=01;35:*.mkv=01;35:*.webm=01;35:*.webp=01;35:*.ogm=01;35:*.mp4=01;35:*.m4v=01;35:*.mp4v=01;35:*.vob=01;35:*.qt=01;35:*.nuv=01;35:*.wmv=01;35:*.asf=01;35:*.rm=01;35:*.rmvb=01;35:*.flc=01;35:*.avi=01;35:*.fli=01;35:*.flv=01;35:*.gl=01;35:*.dl=01;35:*.xcf=01;35:*.xwd=01;35:*.yuv=01;35:*.cgm=01;35:*.emf=01;35:*.ogv=01;35:*.ogx=01;35:*.aac=00;36:*.au=00;36:*.flac=00;36:*.m4a=00;36:*.mid=00;36:*.midi=00;36:*.mka=00;36:*.mp3=00;36:*.mpc=00;36:*.ogg=00;36:*.ra=00;36:*.wav=00;36:*.oga=00;36:*.opus=00;36:*.spx=00;36:*.xspf=00;36:'), ('GNOME_TERMINAL_SERVICE', ':1.330'), ('SSH_AGENT_LAUNCHER', 'gnome-keyring'), ('SSH_AUTH_SOCK', '/run/user/1000/keyring/ssh'), ('AMENT_PREFIX_PATH', '/home/starry1n/WUTA/WUTA-FSD/ros2_ws/install/wuta_msgs:/home/starry1n/WUTA/WUTA-FSD/ros2_ws/install/autoware_msgs:/opt/ros/humble'), ('SHELL', '/bin/bash'), ('QT_ACCESSIBILITY', '1'), ('GDMSESSION', 'ubuntu'), ('LESSCLOSE', '/usr/bin/lesspipe %s %s'), ('CODEX_THREAD_ID', '019f5073-bc50-71a2-9549-8d1988512281'), ('GIT_PAGER', 'cat'), ('QT_IM_MODULE', 'ibus'), ('PWD', '/home/starry1n/WUTA/WUTA-FSD/ros2_ws/build/boundary_detector'), ('LC_ALL', 'C.UTF-8'), ('XDG_CONFIG_DIRS', '/etc/xdg/xdg-ubuntu:/etc/xdg'), ('DBUS_STARTER_ADDRESS', 'unix:path=/run/user/1000/bus,guid=c67e2489f73595b365ff0ae46a50c8ee'), ('XDG_DATA_DIRS', '/usr/share/ubuntu:/usr/local/share/:/usr/share/:/var/lib/snapd/desktop'), ('PYTHONPATH', '/home/starry1n/WUTA/WUTA-FSD/ros2_ws/install/wuta_msgs/local/lib/python3.10/dist-packages:/home/starry1n/WUTA/WUTA-FSD/ros2_ws/install/autoware_msgs/local/lib/python3.10/dist-packages:/opt/ros/humble/lib/python3.10/site-packages:/opt/ros/humble/local/lib/python3.10/dist-packages'), ('COLCON', '1'), ('VTE_VERSION', '6800'), ('CMAKE_PREFIX_PATH', '/home/starry1n/WUTA/WUTA-FSD/ros2_ws/install/wuta_msgs:/home/starry1n/WUTA/WUTA-FSD/ros2_ws/install/autoware_msgs:/opt/ros/humble')]), 'shell': False}
[0.779523] (mission_manager) CommandEnded: {'returncode': 0}
[0.792066] (mission_manager) JobEnded: {'identifier': 'mission_manager', 'rc': 0}
[0.792975] (controller) StdoutLine: {'line': b'-- Install configuration: ""\n'}
[0.793081] (controller) StdoutLine: {'line': b'-- Execute custom install script\n'}
[0.793115] (controller) StdoutLine: {'line': b'-- Up-to-date symlink: /home/starry1n/WUTA/WUTA-FSD/ros2_ws/install/controller/lib/controller/controller_node\n'}
[0.793146] (controller) StdoutLine: {'line': b'-- Up-to-date symlink: /home/starry1n/WUTA/WUTA-FSD/ros2_ws/install/controller/share/controller/controller.yaml\n'}
[0.793171] (controller) StdoutLine: {'line': b'-- Up-to-date symlink: /home/starry1n/WUTA/WUTA-FSD/ros2_ws/install/controller/share/ament_index/resource_index/package_run_dependencies/controller\n'}
[0.793198] (controller) StdoutLine: {'line': b'-- Up-to-date symlink: /home/starry1n/WUTA/WUTA-FSD/ros2_ws/install/controller/share/ament_index/resource_index/parent_prefix_path/controller\n'}
[0.793221] (controller) StdoutLine: {'line': b'-- Up-to-date symlink: /home/starry1n/WUTA/WUTA-FSD/ros2_ws/install/controller/share/controller/environment/ament_prefix_path.sh\n'}
[0.793246] (controller) StdoutLine: {'line': b'-- Up-to-date symlink: /home/starry1n/WUTA/WUTA-FSD/ros2_ws/install/controller/share/controller/environment/ament_prefix_path.dsv\n'}
[0.793268] (controller) StdoutLine: {'line': b'-- Up-to-date symlink: /home/starry1n/WUTA/WUTA-FSD/ros2_ws/install/controller/share/controller/environment/path.sh\n'}
[0.793291] (controller) StdoutLine: {'line': b'-- Up-to-date symlink: /home/starry1n/WUTA/WUTA-FSD/ros2_ws/install/controller/share/controller/environment/path.dsv\n'}
[0.793314] (controller) StdoutLine: {'line': b'-- Up-to-date symlink: /home/starry1n/WUTA/WUTA-FSD/ros2_ws/install/controller/share/controller/local_setup.bash\n'}
[0.793337] (controller) StdoutLine: {'line': b'-- Up-to-date symlink: /home/starry1n/WUTA/WUTA-FSD/ros2_ws/install/controller/share/controller/local_setup.sh\n'}
[0.793373] (controller) StdoutLine: {'line': b'-- Up-to-date symlink: /home/starry1n/WUTA/WUTA-FSD/ros2_ws/install/controller/share/controller/local_setup.zsh\n'}
[0.793402] (controller) StdoutLine: {'line': b'-- Up-to-date symlink: /home/starry1n/WUTA/WUTA-FSD/ros2_ws/install/controller/share/controller/local_setup.dsv\n'}
[0.793435] (controller) StdoutLine: {'line': b'-- Symlinking: /home/starry1n/WUTA/WUTA-FSD/ros2_ws/install/controller/share/controller/package.dsv\n'}
[0.793462] (controller) StdoutLine: {'line': b'-- Up-to-date symlink: /home/starry1n/WUTA/WUTA-FSD/ros2_ws/install/controller/share/ament_index/resource_index/packages/controller\n'}
[0.793485] (controller) StdoutLine: {'line': b'-- Up-to-date symlink: /home/starry1n/WUTA/WUTA-FSD/ros2_ws/install/controller/share/controller/cmake/controllerConfig.cmake\n'}
[0.793506] (controller) StdoutLine: {'line': b'-- Up-to-date symlink: /home/starry1n/WUTA/WUTA-FSD/ros2_ws/install/controller/share/controller/cmake/controllerConfig-version.cmake\n'}
[0.793527] (controller) StdoutLine: {'line': b'-- Up-to-date symlink: /home/starry1n/WUTA/WUTA-FSD/ros2_ws/install/controller/share/controller/package.xml\n'}
[0.793700] (wuta_tools) JobStarted: {'identifier': 'wuta_tools'}
[0.797059] (lidar_detection) CommandEnded: {'returncode': 0}
[0.803460] (-) TimerEvent: {}
[0.816998] (lidar_detection) JobEnded: {'identifier': 'lidar_detection', 'rc': 0}
[0.818111] (boundary_detector) StdoutLine: {'line': b'-- Install configuration: ""\n'}
[0.818286] (boundary_detector) StdoutLine: {'line': b'-- Execute custom install script\n'}
[0.818332] (boundary_detector) StdoutLine: {'line': b'-- Up-to-date symlink: /home/starry1n/WUTA/WUTA-FSD/ros2_ws/install/boundary_detector/lib/boundary_detector/boundary_detector_node\n'}
[0.818400] (boundary_detector) StdoutLine: {'line': b'-- Up-to-date symlink: /home/starry1n/WUTA/WUTA-FSD/ros2_ws/install/boundary_detector/share/boundary_detector/config/boundary_detector.yaml\n'}
[0.818451] (boundary_detector) StdoutLine: {'line': b'-- Up-to-date symlink: /home/starry1n/WUTA/WUTA-FSD/ros2_ws/install/boundary_detector/share/ament_index/resource_index/package_run_dependencies/boundary_detector\n'}
[0.818493] (boundary_detector) StdoutLine: {'line': b'-- Up-to-date symlink: /home/starry1n/WUTA/WUTA-FSD/ros2_ws/install/boundary_detector/share/ament_index/resource_index/parent_prefix_path/boundary_detector\n'}
[0.818532] (boundary_detector) StdoutLine: {'line': b'-- Up-to-date symlink: /home/starry1n/WUTA/WUTA-FSD/ros2_ws/install/boundary_detector/share/boundary_detector/environment/ament_prefix_path.sh\n'}
[0.818568] (boundary_detector) StdoutLine: {'line': b'-- Up-to-date symlink: /home/starry1n/WUTA/WUTA-FSD/ros2_ws/install/boundary_detector/share/boundary_detector/environment/ament_prefix_path.dsv\n'}
[0.818605] (boundary_detector) StdoutLine: {'line': b'-- Up-to-date symlink: /home/starry1n/WUTA/WUTA-FSD/ros2_ws/install/boundary_detector/share/boundary_detector/environment/path.sh\n'}
[0.818694] (boundary_detector) StdoutLine: {'line': b'-- Up-to-date symlink: /home/starry1n/WUTA/WUTA-FSD/ros2_ws/install/boundary_detector/share/boundary_detector/environment/path.dsv\n'}
[0.818764] (boundary_detector) StdoutLine: {'line': b'-- Up-to-date symlink: /home/starry1n/WUTA/WUTA-FSD/ros2_ws/install/boundary_detector/share/boundary_detector/local_setup.bash\n'}
[0.818808] (boundary_detector) StdoutLine: {'line': b'-- Up-to-date symlink: /home/starry1n/WUTA/WUTA-FSD/ros2_ws/install/boundary_detector/share/boundary_detector/local_setup.sh\n'}
[0.818879] (boundary_detector) StdoutLine: {'line': b'-- Up-to-date symlink: /home/starry1n/WUTA/WUTA-FSD/ros2_ws/install/boundary_detector/share/boundary_detector/local_setup.zsh\n'}
[0.818994] (boundary_detector) StdoutLine: {'line': b'-- Up-to-date symlink: /home/starry1n/WUTA/WUTA-FSD/ros2_ws/install/boundary_detector/share/boundary_detector/local_setup.dsv\n'}
[0.819055] (boundary_detector) StdoutLine: {'line': b'-- Symlinking: /home/starry1n/WUTA/WUTA-FSD/ros2_ws/install/boundary_detector/share/boundary_detector/package.dsv\n'}
[0.819101] (boundary_detector) StdoutLine: {'line': b'-- Up-to-date symlink: /home/starry1n/WUTA/WUTA-FSD/ros2_ws/install/boundary_detector/share/ament_index/resource_index/packages/boundary_detector\n'}
[0.819147] (boundary_detector) StdoutLine: {'line': b'-- Up-to-date symlink: /home/starry1n/WUTA/WUTA-FSD/ros2_ws/install/boundary_detector/share/boundary_detector/cmake/boundary_detectorConfig.cmake\n'}
[0.819195] (boundary_detector) StdoutLine: {'line': b'-- Up-to-date symlink: /home/starry1n/WUTA/WUTA-FSD/ros2_ws/install/boundary_detector/share/boundary_detector/cmake/boundary_detectorConfig-version.cmake\n'}
[0.819238] (boundary_detector) StdoutLine: {'line': b'-- Up-to-date symlink: /home/starry1n/WUTA/WUTA-FSD/ros2_ws/install/boundary_detector/share/boundary_detector/package.xml\n'}
[0.819768] (controller) CommandEnded: {'returncode': 0}
[0.836445] (controller) JobEnded: {'identifier': 'controller', 'rc': 0}
[0.839171] (localization_manager) StdoutLine: {'line': b'[100%] Built target localization_manager_node\n'}
[0.839839] (ndt_localization) StdoutLine: {'line': b'[ 50%] Built target ndt_localization_node\n'}
[0.840415] (ndt_localization) StdoutLine: {'line': b'[100%] Built target map_saver_node\n'}
[0.840515] (boundary_detector) CommandEnded: {'returncode': 0}
[0.855147] (boundary_detector) JobEnded: {'identifier': 'boundary_detector', 'rc': 0}
[0.855773] (localization_manager) CommandEnded: {'returncode': 0}
[0.857307] (localization_manager) JobProgress: {'identifier': 'localization_manager', 'progress': 'install'}
[0.857446] (localization_manager) Command: {'cmd': ['/usr/bin/cmake', '--install', '/home/starry1n/WUTA/WUTA-FSD/ros2_ws/build/localization_manager'], 'cwd': '/home/starry1n/WUTA/WUTA-FSD/ros2_ws/build/localization_manager', 'env': OrderedDict([('LESSOPEN', '| /usr/bin/lesspipe %s'), ('CODEX_CI', '1'), ('LANGUAGE', 'zh_CN:zh'), ('USER', 'starry1n'), ('XDG_SESSION_TYPE', 'wayland'), ('SHLVL', '2'), ('LD_LIBRARY_PATH', '/home/starry1n/WUTA/WUTA-FSD/ros2_ws/install/wuta_msgs/lib:/home/starry1n/WUTA/WUTA-FSD/ros2_ws/install/robot_localization/lib:/home/starry1n/WUTA/WUTA-FSD/ros2_ws/install/kiss_icp/lib:/opt/ros/humble/opt/rviz_ogre_vendor/lib:/opt/ros/humble/lib/x86_64-linux-gnu:/opt/ros/humble/lib'), ('HOME', '/home/starry1n'), ('OLDPWD', '/home/starry1n/WUTA/WUTA-FSD'), ('DESKTOP_SESSION', 'ubuntu'), ('ROS_PYTHON_VERSION', '3'), ('GNOME_SHELL_SESSION_MODE', 'ubuntu'), ('GTK_MODULES', 'gail:atk-bridge'), ('PAGER', 'cat'), ('LC_CTYPE', 'C.UTF-8'), ('DBUS_STARTER_BUS_TYPE', 'session'), ('SYSTEMD_EXEC_PID', '2321'), ('IM_CONFIG_CHECK_ENV', '1'), ('NO_COLOR', '1'), ('DBUS_SESSION_BUS_ADDRESS', 'unix:path=/run/user/1000/bus,guid=c67e2489f73595b365ff0ae46a50c8ee'), ('COLORTERM', ''), ('IM_CONFIG_PHASE', '1'), ('WAYLAND_DISPLAY', 'wayland-0'), ('CODEX_PERMISSION_PROFILE', ':workspace'), ('ROS_DISTRO', 'humble'), ('LOGNAME', 'starry1n'), ('_', '/usr/bin/colcon'), ('ROS_VERSION', '2'), ('XDG_SESSION_CLASS', 'user'), ('USERNAME', 'starry1n'), ('TERM', 'dumb'), ('GNOME_DESKTOP_SESSION_ID', 'this-is-deprecated'), ('ROS_LOCALHOST_ONLY', '0'), ('PATH', '/home/starry1n/.local/bin:/home/starry1n/.codex/packages/standalone/releases/0.144.4-x86_64-unknown-linux-musl/codex-path:/home/starry1n/.codex/tmp/arg0/codex-arg05cnADw:/home/starry1n/.local/bin:/opt/ros/humble/bin:/home/starry1n/.local/bin:/usr/local/sbin:/usr/local/bin:/usr/sbin:/usr/bin:/sbin:/bin:/usr/games:/usr/local/games:/snap/bin:/snap/bin'), ('SESSION_MANAGER', 'local/starry1n-virtual-machine:@/tmp/.ICE-unix/2321,unix/starry1n-virtual-machine:/tmp/.ICE-unix/2321'), ('XDG_MENU_PREFIX', 'gnome-'), ('GNOME_TERMINAL_SCREEN', '/org/gnome/Terminal/screen/b41f3890_f157_4b82_b249_7c5cfcb9354a'), ('GNOME_SETUP_DISPLAY', ':1'), ('XDG_RUNTIME_DIR', '/run/user/1000'), ('DISPLAY', ':0'), ('CODEX_SANDBOX_NETWORK_DISABLED', '1'), ('LANG', 'C.UTF-8'), ('XDG_CURRENT_DESKTOP', 'ubuntu:GNOME'), ('XMODIFIERS', '@im=ibus'), ('GH_PAGER', 'cat'), ('XDG_SESSION_DESKTOP', 'ubuntu'), ('XAUTHORITY', '/run/user/1000/.mutter-Xwaylandauth.H6FRS3'), ('LS_COLORS', 'rs=0:di=01;34:ln=01;36:mh=00:pi=40;33:so=01;35:do=01;35:bd=40;33;01:cd=40;33;01:or=40;31;01:mi=00:su=37;41:sg=30;43:ca=30;41:tw=30;42:ow=34;42:st=37;44:ex=01;32:*.tar=01;31:*.tgz=01;31:*.arc=01;31:*.arj=01;31:*.taz=01;31:*.lha=01;31:*.lz4=01;31:*.lzh=01;31:*.lzma=01;31:*.tlz=01;31:*.txz=01;31:*.tzo=01;31:*.t7z=01;31:*.zip=01;31:*.z=01;31:*.dz=01;31:*.gz=01;31:*.lrz=01;31:*.lz=01;31:*.lzo=01;31:*.xz=01;31:*.zst=01;31:*.tzst=01;31:*.bz2=01;31:*.bz=01;31:*.tbz=01;31:*.tbz2=01;31:*.tz=01;31:*.deb=01;31:*.rpm=01;31:*.jar=01;31:*.war=01;31:*.ear=01;31:*.sar=01;31:*.rar=01;31:*.alz=01;31:*.ace=01;31:*.zoo=01;31:*.cpio=01;31:*.7z=01;31:*.rz=01;31:*.cab=01;31:*.wim=01;31:*.swm=01;31:*.dwm=01;31:*.esd=01;31:*.jpg=01;35:*.jpeg=01;35:*.mjpg=01;35:*.mjpeg=01;35:*.gif=01;35:*.bmp=01;35:*.pbm=01;35:*.pgm=01;35:*.ppm=01;35:*.tga=01;35:*.xbm=01;35:*.xpm=01;35:*.tif=01;35:*.tiff=01;35:*.png=01;35:*.svg=01;35:*.svgz=01;35:*.mng=01;35:*.pcx=01;35:*.mov=01;35:*.mpg=01;35:*.mpeg=01;35:*.m2v=01;35:*.mkv=01;35:*.webm=01;35:*.webp=01;35:*.ogm=01;35:*.mp4=01;35:*.m4v=01;35:*.mp4v=01;35:*.vob=01;35:*.qt=01;35:*.nuv=01;35:*.wmv=01;35:*.asf=01;35:*.rm=01;35:*.rmvb=01;35:*.flc=01;35:*.avi=01;35:*.fli=01;35:*.flv=01;35:*.gl=01;35:*.dl=01;35:*.xcf=01;35:*.xwd=01;35:*.yuv=01;35:*.cgm=01;35:*.emf=01;35:*.ogv=01;35:*.ogx=01;35:*.aac=00;36:*.au=00;36:*.flac=00;36:*.m4a=00;36:*.mid=00;36:*.midi=00;36:*.mka=00;36:*.mp3=00;36:*.mpc=00;36:*.ogg=00;36:*.ra=00;36:*.wav=00;36:*.oga=00;36:*.opus=00;36:*.spx=00;36:*.xspf=00;36:'), ('GNOME_TERMINAL_SERVICE', ':1.330'), ('SSH_AGENT_LAUNCHER', 'gnome-keyring'), ('SSH_AUTH_SOCK', '/run/user/1000/keyring/ssh'), ('AMENT_PREFIX_PATH', '/home/starry1n/WUTA/WUTA-FSD/ros2_ws/install/wuta_msgs:/home/starry1n/WUTA/WUTA-FSD/ros2_ws/install/robot_localization:/home/starry1n/WUTA/WUTA-FSD/ros2_ws/install/kiss_icp:/opt/ros/humble'), ('SHELL', '/bin/bash'), ('QT_ACCESSIBILITY', '1'), ('GDMSESSION', 'ubuntu'), ('LESSCLOSE', '/usr/bin/lesspipe %s %s'), ('CODEX_THREAD_ID', '019f5073-bc50-71a2-9549-8d1988512281'), ('GIT_PAGER', 'cat'), ('QT_IM_MODULE', 'ibus'), ('PWD', '/home/starry1n/WUTA/WUTA-FSD/ros2_ws/build/localization_manager'), ('LC_ALL', 'C.UTF-8'), ('XDG_CONFIG_DIRS', '/etc/xdg/xdg-ubuntu:/etc/xdg'), ('DBUS_STARTER_ADDRESS', 'unix:path=/run/user/1000/bus,guid=c67e2489f73595b365ff0ae46a50c8ee'), ('XDG_DATA_DIRS', '/usr/share/ubuntu:/usr/local/share/:/usr/share/:/var/lib/snapd/desktop'), ('PYTHONPATH', '/home/starry1n/WUTA/WUTA-FSD/ros2_ws/install/wuta_msgs/local/lib/python3.10/dist-packages:/home/starry1n/WUTA/WUTA-FSD/ros2_ws/install/robot_localization/local/lib/python3.10/dist-packages:/opt/ros/humble/lib/python3.10/site-packages:/opt/ros/humble/local/lib/python3.10/dist-packages'), ('COLCON', '1'), ('VTE_VERSION', '6800'), ('CMAKE_PREFIX_PATH', '/home/starry1n/WUTA/WUTA-FSD/ros2_ws/install/wuta_msgs:/home/starry1n/WUTA/WUTA-FSD/ros2_ws/install/robot_localization:/home/starry1n/WUTA/WUTA-FSD/ros2_ws/install/kiss_icp:/opt/ros/humble')]), 'shell': False}
[0.857671] (path_generator) StdoutLine: {'line': b'[100%] Built target path_generator_node\n'}
[0.858139] (wuta_tools) JobProgress: {'identifier': 'wuta_tools', 'progress': 'cmake'}
[0.859303] (wuta_tools) JobProgress: {'identifier': 'wuta_tools', 'progress': 'build'}
[0.859543] (wuta_tools) Command: {'cmd': ['/usr/bin/cmake', '--build', '/home/starry1n/WUTA/WUTA-FSD/ros2_ws/build/wuta_tools', '--', '-j8', '-l8'], 'cwd': '/home/starry1n/WUTA/WUTA-FSD/ros2_ws/build/wuta_tools', 'env': OrderedDict([('LESSOPEN', '| /usr/bin/lesspipe %s'), ('CODEX_CI', '1'), ('LANGUAGE', 'zh_CN:zh'), ('USER', 'starry1n'), ('XDG_SESSION_TYPE', 'wayland'), ('SHLVL', '2'), ('LD_LIBRARY_PATH', '/home/starry1n/WUTA/WUTA-FSD/ros2_ws/install/wuta_msgs/lib:/opt/ros/humble/opt/rviz_ogre_vendor/lib:/opt/ros/humble/lib/x86_64-linux-gnu:/opt/ros/humble/lib'), ('HOME', '/home/starry1n'), ('OLDPWD', '/home/starry1n/WUTA/WUTA-FSD'), ('DESKTOP_SESSION', 'ubuntu'), ('ROS_PYTHON_VERSION', '3'), ('GNOME_SHELL_SESSION_MODE', 'ubuntu'), ('GTK_MODULES', 'gail:atk-bridge'), ('PAGER', 'cat'), ('LC_CTYPE', 'C.UTF-8'), ('DBUS_STARTER_BUS_TYPE', 'session'), ('SYSTEMD_EXEC_PID', '2321'), ('IM_CONFIG_CHECK_ENV', '1'), ('NO_COLOR', '1'), ('DBUS_SESSION_BUS_ADDRESS', 'unix:path=/run/user/1000/bus,guid=c67e2489f73595b365ff0ae46a50c8ee'), ('COLORTERM', ''), ('IM_CONFIG_PHASE', '1'), ('WAYLAND_DISPLAY', 'wayland-0'), ('CODEX_PERMISSION_PROFILE', ':workspace'), ('ROS_DISTRO', 'humble'), ('LOGNAME', 'starry1n'), ('_', '/usr/bin/colcon'), ('ROS_VERSION', '2'), ('XDG_SESSION_CLASS', 'user'), ('USERNAME', 'starry1n'), ('TERM', 'dumb'), ('GNOME_DESKTOP_SESSION_ID', 'this-is-deprecated'), ('ROS_LOCALHOST_ONLY', '0'), ('PATH', '/home/starry1n/.local/bin:/home/starry1n/.codex/packages/standalone/releases/0.144.4-x86_64-unknown-linux-musl/codex-path:/home/starry1n/.codex/tmp/arg0/codex-arg05cnADw:/home/starry1n/.local/bin:/opt/ros/humble/bin:/home/starry1n/.local/bin:/usr/local/sbin:/usr/local/bin:/usr/sbin:/usr/bin:/sbin:/bin:/usr/games:/usr/local/games:/snap/bin:/snap/bin'), ('SESSION_MANAGER', 'local/starry1n-virtual-machine:@/tmp/.ICE-unix/2321,unix/starry1n-virtual-machine:/tmp/.ICE-unix/2321'), ('XDG_MENU_PREFIX', 'gnome-'), ('GNOME_TERMINAL_SCREEN', '/org/gnome/Terminal/screen/b41f3890_f157_4b82_b249_7c5cfcb9354a'), ('GNOME_SETUP_DISPLAY', ':1'), ('XDG_RUNTIME_DIR', '/run/user/1000'), ('DISPLAY', ':0'), ('CODEX_SANDBOX_NETWORK_DISABLED', '1'), ('LANG', 'C.UTF-8'), ('XDG_CURRENT_DESKTOP', 'ubuntu:GNOME'), ('XMODIFIERS', '@im=ibus'), ('GH_PAGER', 'cat'), ('XDG_SESSION_DESKTOP', 'ubuntu'), ('XAUTHORITY', '/run/user/1000/.mutter-Xwaylandauth.H6FRS3'), ('LS_COLORS', 'rs=0:di=01;34:ln=01;36:mh=00:pi=40;33:so=01;35:do=01;35:bd=40;33;01:cd=40;33;01:or=40;31;01:mi=00:su=37;41:sg=30;43:ca=30;41:tw=30;42:ow=34;42:st=37;44:ex=01;32:*.tar=01;31:*.tgz=01;31:*.arc=01;31:*.arj=01;31:*.taz=01;31:*.lha=01;31:*.lz4=01;31:*.lzh=01;31:*.lzma=01;31:*.tlz=01;31:*.txz=01;31:*.tzo=01;31:*.t7z=01;31:*.zip=01;31:*.z=01;31:*.dz=01;31:*.gz=01;31:*.lrz=01;31:*.lz=01;31:*.lzo=01;31:*.xz=01;31:*.zst=01;31:*.tzst=01;31:*.bz2=01;31:*.bz=01;31:*.tbz=01;31:*.tbz2=01;31:*.tz=01;31:*.deb=01;31:*.rpm=01;31:*.jar=01;31:*.war=01;31:*.ear=01;31:*.sar=01;31:*.rar=01;31:*.alz=01;31:*.ace=01;31:*.zoo=01;31:*.cpio=01;31:*.7z=01;31:*.rz=01;31:*.cab=01;31:*.wim=01;31:*.swm=01;31:*.dwm=01;31:*.esd=01;31:*.jpg=01;35:*.jpeg=01;35:*.mjpg=01;35:*.mjpeg=01;35:*.gif=01;35:*.bmp=01;35:*.pbm=01;35:*.pgm=01;35:*.ppm=01;35:*.tga=01;35:*.xbm=01;35:*.xpm=01;35:*.tif=01;35:*.tiff=01;35:*.png=01;35:*.svg=01;35:*.svgz=01;35:*.mng=01;35:*.pcx=01;35:*.mov=01;35:*.mpg=01;35:*.mpeg=01;35:*.m2v=01;35:*.mkv=01;35:*.webm=01;35:*.webp=01;35:*.ogm=01;35:*.mp4=01;35:*.m4v=01;35:*.mp4v=01;35:*.vob=01;35:*.qt=01;35:*.nuv=01;35:*.wmv=01;35:*.asf=01;35:*.rm=01;35:*.rmvb=01;35:*.flc=01;35:*.avi=01;35:*.fli=01;35:*.flv=01;35:*.gl=01;35:*.dl=01;35:*.xcf=01;35:*.xwd=01;35:*.yuv=01;35:*.cgm=01;35:*.emf=01;35:*.ogv=01;35:*.ogx=01;35:*.aac=00;36:*.au=00;36:*.flac=00;36:*.m4a=00;36:*.mid=00;36:*.midi=00;36:*.mka=00;36:*.mp3=00;36:*.mpc=00;36:*.ogg=00;36:*.ra=00;36:*.wav=00;36:*.oga=00;36:*.opus=00;36:*.spx=00;36:*.xspf=00;36:'), ('GNOME_TERMINAL_SERVICE', ':1.330'), ('SSH_AGENT_LAUNCHER', 'gnome-keyring'), ('SSH_AUTH_SOCK', '/run/user/1000/keyring/ssh'), ('AMENT_PREFIX_PATH', '/home/starry1n/WUTA/WUTA-FSD/ros2_ws/install/wuta_msgs:/opt/ros/humble'), ('SHELL', '/bin/bash'), ('QT_ACCESSIBILITY', '1'), ('GDMSESSION', 'ubuntu'), ('LESSCLOSE', '/usr/bin/lesspipe %s %s'), ('CODEX_THREAD_ID', '019f5073-bc50-71a2-9549-8d1988512281'), ('GIT_PAGER', 'cat'), ('QT_IM_MODULE', 'ibus'), ('PWD', '/home/starry1n/WUTA/WUTA-FSD/ros2_ws/build/wuta_tools'), ('LC_ALL', 'C.UTF-8'), ('XDG_CONFIG_DIRS', '/etc/xdg/xdg-ubuntu:/etc/xdg'), ('DBUS_STARTER_ADDRESS', 'unix:path=/run/user/1000/bus,guid=c67e2489f73595b365ff0ae46a50c8ee'), ('XDG_DATA_DIRS', '/usr/share/ubuntu:/usr/local/share/:/usr/share/:/var/lib/snapd/desktop'), ('PYTHONPATH', '/home/starry1n/WUTA/WUTA-FSD/ros2_ws/install/wuta_msgs/local/lib/python3.10/dist-packages:/opt/ros/humble/lib/python3.10/site-packages:/opt/ros/humble/local/lib/python3.10/dist-packages'), ('COLCON', '1'), ('VTE_VERSION', '6800'), ('CMAKE_PREFIX_PATH', '/home/starry1n/WUTA/WUTA-FSD/ros2_ws/install/wuta_msgs:/opt/ros/humble')]), 'shell': False}
[0.862668] (ndt_localization) CommandEnded: {'returncode': 0}
[0.862839] (ndt_localization) JobProgress: {'identifier': 'ndt_localization', 'progress': 'install'}
[0.862852] (ndt_localization) Command: {'cmd': ['/usr/bin/cmake', '--install', '/home/starry1n/WUTA/WUTA-FSD/ros2_ws/build/ndt_localization'], 'cwd': '/home/starry1n/WUTA/WUTA-FSD/ros2_ws/build/ndt_localization', 'env': OrderedDict([('LESSOPEN', '| /usr/bin/lesspipe %s'), ('CODEX_CI', '1'), ('LANGUAGE', 'zh_CN:zh'), ('USER', 'starry1n'), ('XDG_SESSION_TYPE', 'wayland'), ('SHLVL', '2'), ('LD_LIBRARY_PATH', '/home/starry1n/WUTA/WUTA-FSD/ros2_ws/install/wuta_msgs/lib:/opt/ros/humble/opt/rviz_ogre_vendor/lib:/opt/ros/humble/lib/x86_64-linux-gnu:/opt/ros/humble/lib'), ('HOME', '/home/starry1n'), ('OLDPWD', '/home/starry1n/WUTA/WUTA-FSD'), ('DESKTOP_SESSION', 'ubuntu'), ('ROS_PYTHON_VERSION', '3'), ('GNOME_SHELL_SESSION_MODE', 'ubuntu'), ('GTK_MODULES', 'gail:atk-bridge'), ('PAGER', 'cat'), ('LC_CTYPE', 'C.UTF-8'), ('DBUS_STARTER_BUS_TYPE', 'session'), ('SYSTEMD_EXEC_PID', '2321'), ('IM_CONFIG_CHECK_ENV', '1'), ('NO_COLOR', '1'), ('DBUS_SESSION_BUS_ADDRESS', 'unix:path=/run/user/1000/bus,guid=c67e2489f73595b365ff0ae46a50c8ee'), ('COLORTERM', ''), ('IM_CONFIG_PHASE', '1'), ('WAYLAND_DISPLAY', 'wayland-0'), ('CODEX_PERMISSION_PROFILE', ':workspace'), ('ROS_DISTRO', 'humble'), ('LOGNAME', 'starry1n'), ('_', '/usr/bin/colcon'), ('ROS_VERSION', '2'), ('XDG_SESSION_CLASS', 'user'), ('USERNAME', 'starry1n'), ('TERM', 'dumb'), ('GNOME_DESKTOP_SESSION_ID', 'this-is-deprecated'), ('ROS_LOCALHOST_ONLY', '0'), ('PATH', '/home/starry1n/.local/bin:/home/starry1n/.codex/packages/standalone/releases/0.144.4-x86_64-unknown-linux-musl/codex-path:/home/starry1n/.codex/tmp/arg0/codex-arg05cnADw:/home/starry1n/.local/bin:/opt/ros/humble/bin:/home/starry1n/.local/bin:/usr/local/sbin:/usr/local/bin:/usr/sbin:/usr/bin:/sbin:/bin:/usr/games:/usr/local/games:/snap/bin:/snap/bin'), ('SESSION_MANAGER', 'local/starry1n-virtual-machine:@/tmp/.ICE-unix/2321,unix/starry1n-virtual-machine:/tmp/.ICE-unix/2321'), ('XDG_MENU_PREFIX', 'gnome-'), ('GNOME_TERMINAL_SCREEN', '/org/gnome/Terminal/screen/b41f3890_f157_4b82_b249_7c5cfcb9354a'), ('GNOME_SETUP_DISPLAY', ':1'), ('XDG_RUNTIME_DIR', '/run/user/1000'), ('DISPLAY', ':0'), ('CODEX_SANDBOX_NETWORK_DISABLED', '1'), ('LANG', 'C.UTF-8'), ('XDG_CURRENT_DESKTOP', 'ubuntu:GNOME'), ('XMODIFIERS', '@im=ibus'), ('GH_PAGER', 'cat'), ('XDG_SESSION_DESKTOP', 'ubuntu'), ('XAUTHORITY', '/run/user/1000/.mutter-Xwaylandauth.H6FRS3'), ('LS_COLORS', 'rs=0:di=01;34:ln=01;36:mh=00:pi=40;33:so=01;35:do=01;35:bd=40;33;01:cd=40;33;01:or=40;31;01:mi=00:su=37;41:sg=30;43:ca=30;41:tw=30;42:ow=34;42:st=37;44:ex=01;32:*.tar=01;31:*.tgz=01;31:*.arc=01;31:*.arj=01;31:*.taz=01;31:*.lha=01;31:*.lz4=01;31:*.lzh=01;31:*.lzma=01;31:*.tlz=01;31:*.txz=01;31:*.tzo=01;31:*.t7z=01;31:*.zip=01;31:*.z=01;31:*.dz=01;31:*.gz=01;31:*.lrz=01;31:*.lz=01;31:*.lzo=01;31:*.xz=01;31:*.zst=01;31:*.tzst=01;31:*.bz2=01;31:*.bz=01;31:*.tbz=01;31:*.tbz2=01;31:*.tz=01;31:*.deb=01;31:*.rpm=01;31:*.jar=01;31:*.war=01;31:*.ear=01;31:*.sar=01;31:*.rar=01;31:*.alz=01;31:*.ace=01;31:*.zoo=01;31:*.cpio=01;31:*.7z=01;31:*.rz=01;31:*.cab=01;31:*.wim=01;31:*.swm=01;31:*.dwm=01;31:*.esd=01;31:*.jpg=01;35:*.jpeg=01;35:*.mjpg=01;35:*.mjpeg=01;35:*.gif=01;35:*.bmp=01;35:*.pbm=01;35:*.pgm=01;35:*.ppm=01;35:*.tga=01;35:*.xbm=01;35:*.xpm=01;35:*.tif=01;35:*.tiff=01;35:*.png=01;35:*.svg=01;35:*.svgz=01;35:*.mng=01;35:*.pcx=01;35:*.mov=01;35:*.mpg=01;35:*.mpeg=01;35:*.m2v=01;35:*.mkv=01;35:*.webm=01;35:*.webp=01;35:*.ogm=01;35:*.mp4=01;35:*.m4v=01;35:*.mp4v=01;35:*.vob=01;35:*.qt=01;35:*.nuv=01;35:*.wmv=01;35:*.asf=01;35:*.rm=01;35:*.rmvb=01;35:*.flc=01;35:*.avi=01;35:*.fli=01;35:*.flv=01;35:*.gl=01;35:*.dl=01;35:*.xcf=01;35:*.xwd=01;35:*.yuv=01;35:*.cgm=01;35:*.emf=01;35:*.ogv=01;35:*.ogx=01;35:*.aac=00;36:*.au=00;36:*.flac=00;36:*.m4a=00;36:*.mid=00;36:*.midi=00;36:*.mka=00;36:*.mp3=00;36:*.mpc=00;36:*.ogg=00;36:*.ra=00;36:*.wav=00;36:*.oga=00;36:*.opus=00;36:*.spx=00;36:*.xspf=00;36:'), ('GNOME_TERMINAL_SERVICE', ':1.330'), ('SSH_AGENT_LAUNCHER', 'gnome-keyring'), ('SSH_AUTH_SOCK', '/run/user/1000/keyring/ssh'), ('AMENT_PREFIX_PATH', '/home/starry1n/WUTA/WUTA-FSD/ros2_ws/install/wuta_msgs:/opt/ros/humble'), ('SHELL', '/bin/bash'), ('QT_ACCESSIBILITY', '1'), ('GDMSESSION', 'ubuntu'), ('LESSCLOSE', '/usr/bin/lesspipe %s %s'), ('CODEX_THREAD_ID', '019f5073-bc50-71a2-9549-8d1988512281'), ('GIT_PAGER', 'cat'), ('QT_IM_MODULE', 'ibus'), ('PWD', '/home/starry1n/WUTA/WUTA-FSD/ros2_ws/build/ndt_localization'), ('LC_ALL', 'C.UTF-8'), ('XDG_CONFIG_DIRS', '/etc/xdg/xdg-ubuntu:/etc/xdg'), ('DBUS_STARTER_ADDRESS', 'unix:path=/run/user/1000/bus,guid=c67e2489f73595b365ff0ae46a50c8ee'), ('XDG_DATA_DIRS', '/usr/share/ubuntu:/usr/local/share/:/usr/share/:/var/lib/snapd/desktop'), ('PYTHONPATH', '/home/starry1n/WUTA/WUTA-FSD/ros2_ws/install/wuta_msgs/local/lib/python3.10/dist-packages:/opt/ros/humble/lib/python3.10/site-packages:/opt/ros/humble/local/lib/python3.10/dist-packages'), ('COLCON', '1'), ('VTE_VERSION', '6800'), ('CMAKE_PREFIX_PATH', '/home/starry1n/WUTA/WUTA-FSD/ros2_ws/install/wuta_msgs:/opt/ros/humble')]), 'shell': False}
[0.864108] (path_generator) CommandEnded: {'returncode': 0}
[0.865166] (path_generator) JobProgress: {'identifier': 'path_generator', 'progress': 'install'}
[0.865187] (path_generator) Command: {'cmd': ['/usr/bin/cmake', '--install', '/home/starry1n/WUTA/WUTA-FSD/ros2_ws/build/path_generator'], 'cwd': '/home/starry1n/WUTA/WUTA-FSD/ros2_ws/build/path_generator', 'env': OrderedDict([('LESSOPEN', '| /usr/bin/lesspipe %s'), ('CODEX_CI', '1'), ('LANGUAGE', 'zh_CN:zh'), ('USER', 'starry1n'), ('XDG_SESSION_TYPE', 'wayland'), ('SHLVL', '2'), ('LD_LIBRARY_PATH', '/home/starry1n/WUTA/WUTA-FSD/ros2_ws/install/wuta_msgs/lib:/home/starry1n/WUTA/WUTA-FSD/ros2_ws/install/autoware_msgs/lib:/opt/ros/humble/opt/rviz_ogre_vendor/lib:/opt/ros/humble/lib/x86_64-linux-gnu:/opt/ros/humble/lib'), ('HOME', '/home/starry1n'), ('OLDPWD', '/home/starry1n/WUTA/WUTA-FSD'), ('DESKTOP_SESSION', 'ubuntu'), ('ROS_PYTHON_VERSION', '3'), ('GNOME_SHELL_SESSION_MODE', 'ubuntu'), ('GTK_MODULES', 'gail:atk-bridge'), ('PAGER', 'cat'), ('LC_CTYPE', 'C.UTF-8'), ('DBUS_STARTER_BUS_TYPE', 'session'), ('SYSTEMD_EXEC_PID', '2321'), ('IM_CONFIG_CHECK_ENV', '1'), ('NO_COLOR', '1'), ('DBUS_SESSION_BUS_ADDRESS', 'unix:path=/run/user/1000/bus,guid=c67e2489f73595b365ff0ae46a50c8ee'), ('COLORTERM', ''), ('IM_CONFIG_PHASE', '1'), ('WAYLAND_DISPLAY', 'wayland-0'), ('CODEX_PERMISSION_PROFILE', ':workspace'), ('ROS_DISTRO', 'humble'), ('LOGNAME', 'starry1n'), ('_', '/usr/bin/colcon'), ('ROS_VERSION', '2'), ('XDG_SESSION_CLASS', 'user'), ('USERNAME', 'starry1n'), ('TERM', 'dumb'), ('GNOME_DESKTOP_SESSION_ID', 'this-is-deprecated'), ('ROS_LOCALHOST_ONLY', '0'), ('PATH', '/home/starry1n/.local/bin:/home/starry1n/.codex/packages/standalone/releases/0.144.4-x86_64-unknown-linux-musl/codex-path:/home/starry1n/.codex/tmp/arg0/codex-arg05cnADw:/home/starry1n/.local/bin:/opt/ros/humble/bin:/home/starry1n/.local/bin:/usr/local/sbin:/usr/local/bin:/usr/sbin:/usr/bin:/sbin:/bin:/usr/games:/usr/local/games:/snap/bin:/snap/bin'), ('SESSION_MANAGER', 'local/starry1n-virtual-machine:@/tmp/.ICE-unix/2321,unix/starry1n-virtual-machine:/tmp/.ICE-unix/2321'), ('XDG_MENU_PREFIX', 'gnome-'), ('GNOME_TERMINAL_SCREEN', '/org/gnome/Terminal/screen/b41f3890_f157_4b82_b249_7c5cfcb9354a'), ('GNOME_SETUP_DISPLAY', ':1'), ('XDG_RUNTIME_DIR', '/run/user/1000'), ('DISPLAY', ':0'), ('CODEX_SANDBOX_NETWORK_DISABLED', '1'), ('LANG', 'C.UTF-8'), ('XDG_CURRENT_DESKTOP', 'ubuntu:GNOME'), ('XMODIFIERS', '@im=ibus'), ('GH_PAGER', 'cat'), ('XDG_SESSION_DESKTOP', 'ubuntu'), ('XAUTHORITY', '/run/user/1000/.mutter-Xwaylandauth.H6FRS3'), ('LS_COLORS', 'rs=0:di=01;34:ln=01;36:mh=00:pi=40;33:so=01;35:do=01;35:bd=40;33;01:cd=40;33;01:or=40;31;01:mi=00:su=37;41:sg=30;43:ca=30;41:tw=30;42:ow=34;42:st=37;44:ex=01;32:*.tar=01;31:*.tgz=01;31:*.arc=01;31:*.arj=01;31:*.taz=01;31:*.lha=01;31:*.lz4=01;31:*.lzh=01;31:*.lzma=01;31:*.tlz=01;31:*.txz=01;31:*.tzo=01;31:*.t7z=01;31:*.zip=01;31:*.z=01;31:*.dz=01;31:*.gz=01;31:*.lrz=01;31:*.lz=01;31:*.lzo=01;31:*.xz=01;31:*.zst=01;31:*.tzst=01;31:*.bz2=01;31:*.bz=01;31:*.tbz=01;31:*.tbz2=01;31:*.tz=01;31:*.deb=01;31:*.rpm=01;31:*.jar=01;31:*.war=01;31:*.ear=01;31:*.sar=01;31:*.rar=01;31:*.alz=01;31:*.ace=01;31:*.zoo=01;31:*.cpio=01;31:*.7z=01;31:*.rz=01;31:*.cab=01;31:*.wim=01;31:*.swm=01;31:*.dwm=01;31:*.esd=01;31:*.jpg=01;35:*.jpeg=01;35:*.mjpg=01;35:*.mjpeg=01;35:*.gif=01;35:*.bmp=01;35:*.pbm=01;35:*.pgm=01;35:*.ppm=01;35:*.tga=01;35:*.xbm=01;35:*.xpm=01;35:*.tif=01;35:*.tiff=01;35:*.png=01;35:*.svg=01;35:*.svgz=01;35:*.mng=01;35:*.pcx=01;35:*.mov=01;35:*.mpg=01;35:*.mpeg=01;35:*.m2v=01;35:*.mkv=01;35:*.webm=01;35:*.webp=01;35:*.ogm=01;35:*.mp4=01;35:*.m4v=01;35:*.mp4v=01;35:*.vob=01;35:*.qt=01;35:*.nuv=01;35:*.wmv=01;35:*.asf=01;35:*.rm=01;35:*.rmvb=01;35:*.flc=01;35:*.avi=01;35:*.fli=01;35:*.flv=01;35:*.gl=01;35:*.dl=01;35:*.xcf=01;35:*.xwd=01;35:*.yuv=01;35:*.cgm=01;35:*.emf=01;35:*.ogv=01;35:*.ogx=01;35:*.aac=00;36:*.au=00;36:*.flac=00;36:*.m4a=00;36:*.mid=00;36:*.midi=00;36:*.mka=00;36:*.mp3=00;36:*.mpc=00;36:*.ogg=00;36:*.ra=00;36:*.wav=00;36:*.oga=00;36:*.opus=00;36:*.spx=00;36:*.xspf=00;36:'), ('GNOME_TERMINAL_SERVICE', ':1.330'), ('SSH_AGENT_LAUNCHER', 'gnome-keyring'), ('SSH_AUTH_SOCK', '/run/user/1000/keyring/ssh'), ('AMENT_PREFIX_PATH', '/home/starry1n/WUTA/WUTA-FSD/ros2_ws/install/wuta_msgs:/home/starry1n/WUTA/WUTA-FSD/ros2_ws/install/autoware_msgs:/opt/ros/humble'), ('SHELL', '/bin/bash'), ('QT_ACCESSIBILITY', '1'), ('GDMSESSION', 'ubuntu'), ('LESSCLOSE', '/usr/bin/lesspipe %s %s'), ('CODEX_THREAD_ID', '019f5073-bc50-71a2-9549-8d1988512281'), ('GIT_PAGER', 'cat'), ('QT_IM_MODULE', 'ibus'), ('PWD', '/home/starry1n/WUTA/WUTA-FSD/ros2_ws/build/path_generator'), ('LC_ALL', 'C.UTF-8'), ('XDG_CONFIG_DIRS', '/etc/xdg/xdg-ubuntu:/etc/xdg'), ('DBUS_STARTER_ADDRESS', 'unix:path=/run/user/1000/bus,guid=c67e2489f73595b365ff0ae46a50c8ee'), ('XDG_DATA_DIRS', '/usr/share/ubuntu:/usr/local/share/:/usr/share/:/var/lib/snapd/desktop'), ('PYTHONPATH', '/home/starry1n/WUTA/WUTA-FSD/ros2_ws/install/wuta_msgs/local/lib/python3.10/dist-packages:/home/starry1n/WUTA/WUTA-FSD/ros2_ws/install/autoware_msgs/local/lib/python3.10/dist-packages:/opt/ros/humble/lib/python3.10/site-packages:/opt/ros/humble/local/lib/python3.10/dist-packages'), ('COLCON', '1'), ('VTE_VERSION', '6800'), ('CMAKE_PREFIX_PATH', '/home/starry1n/WUTA/WUTA-FSD/ros2_ws/install/wuta_msgs:/home/starry1n/WUTA/WUTA-FSD/ros2_ws/install/autoware_msgs:/opt/ros/humble')]), 'shell': False}
[0.865816] (localization_manager) StdoutLine: {'line': b'-- Install configuration: ""\n'}
[0.865880] (localization_manager) StdoutLine: {'line': b'-- Execute custom install script\n'}
[0.865912] (localization_manager) StdoutLine: {'line': b'-- Up-to-date symlink: /home/starry1n/WUTA/WUTA-FSD/ros2_ws/install/localization_manager/lib/localization_manager/localization_manager_node\n'}
[0.865939] (localization_manager) StdoutLine: {'line': b'-- Up-to-date symlink: /home/starry1n/WUTA/WUTA-FSD/ros2_ws/install/localization_manager/share/localization_manager/config/ekf.yaml\n'}
[0.865964] (localization_manager) StdoutLine: {'line': b'-- Up-to-date symlink: /home/starry1n/WUTA/WUTA-FSD/ros2_ws/install/localization_manager/share/localization_manager/launch/localization.launch.py\n'}
[0.865988] (localization_manager) StdoutLine: {'line': b'-- Up-to-date symlink: /home/starry1n/WUTA/WUTA-FSD/ros2_ws/install/localization_manager/share/ament_index/resource_index/package_run_dependencies/localization_manager\n'}
[0.866012] (localization_manager) StdoutLine: {'line': b'-- Up-to-date symlink: /home/starry1n/WUTA/WUTA-FSD/ros2_ws/install/localization_manager/share/ament_index/resource_index/parent_prefix_path/localization_manager\n'}
[0.866036] (localization_manager) StdoutLine: {'line': b'-- Up-to-date symlink: /home/starry1n/WUTA/WUTA-FSD/ros2_ws/install/localization_manager/share/localization_manager/environment/ament_prefix_path.sh\n'}
[0.866067] (localization_manager) StdoutLine: {'line': b'-- Up-to-date symlink: /home/starry1n/WUTA/WUTA-FSD/ros2_ws/install/localization_manager/share/localization_manager/environment/ament_prefix_path.dsv\n'}
[0.866090] (localization_manager) StdoutLine: {'line': b'-- Up-to-date symlink: /home/starry1n/WUTA/WUTA-FSD/ros2_ws/install/localization_manager/share/localization_manager/environment/path.sh\n'}
[0.866111] (localization_manager) StdoutLine: {'line': b'-- Up-to-date symlink: /home/starry1n/WUTA/WUTA-FSD/ros2_ws/install/localization_manager/share/localization_manager/environment/path.dsv\n'}
[0.866133] (localization_manager) StdoutLine: {'line': b'-- Up-to-date symlink: /home/starry1n/WUTA/WUTA-FSD/ros2_ws/install/localization_manager/share/localization_manager/local_setup.bash\n'}
[0.866154] (localization_manager) StdoutLine: {'line': b'-- Up-to-date symlink: /home/starry1n/WUTA/WUTA-FSD/ros2_ws/install/localization_manager/share/localization_manager/local_setup.sh\n'}
[0.866175] (localization_manager) StdoutLine: {'line': b'-- Up-to-date symlink: /home/starry1n/WUTA/WUTA-FSD/ros2_ws/install/localization_manager/share/localization_manager/local_setup.zsh\n'}
[0.866199] (localization_manager) StdoutLine: {'line': b'-- Up-to-date symlink: /home/starry1n/WUTA/WUTA-FSD/ros2_ws/install/localization_manager/share/localization_manager/local_setup.dsv\n'}
[0.866224] (localization_manager) StdoutLine: {'line': b'-- Symlinking: /home/starry1n/WUTA/WUTA-FSD/ros2_ws/install/localization_manager/share/localization_manager/package.dsv\n'}
[0.869653] (ndt_localization) StdoutLine: {'line': b'-- Install configuration: ""\n'}
[0.872532] (ndt_localization) StdoutLine: {'line': b'-- Execute custom install script\n'}
[0.872862] (ndt_localization) StdoutLine: {'line': b'-- Up-to-date symlink: /home/starry1n/WUTA/WUTA-FSD/ros2_ws/install/ndt_localization/lib/ndt_localization/ndt_localization_node\n'}
[0.872921] (ndt_localization) StdoutLine: {'line': b'-- Up-to-date symlink: /home/starry1n/WUTA/WUTA-FSD/ros2_ws/install/ndt_localization/lib/ndt_localization/map_saver_node\n'}
[0.873066] (ndt_localization) StdoutLine: {'line': b'-- Up-to-date symlink: /home/starry1n/WUTA/WUTA-FSD/ros2_ws/install/ndt_localization/share/ndt_localization/ndt_localization.yaml\n'}
[0.873280] (ndt_localization) StdoutLine: {'line': b'-- Up-to-date symlink: /home/starry1n/WUTA/WUTA-FSD/ros2_ws/install/ndt_localization/share/ament_index/resource_index/package_run_dependencies/ndt_localization\n'}
[0.873346] (ndt_localization) StdoutLine: {'line': b'-- Up-to-date symlink: /home/starry1n/WUTA/WUTA-FSD/ros2_ws/install/ndt_localization/share/ament_index/resource_index/parent_prefix_path/ndt_localization\n'}
[0.873417] (ndt_localization) StdoutLine: {'line': b'-- Up-to-date symlink: /home/starry1n/WUTA/WUTA-FSD/ros2_ws/install/ndt_localization/share/ndt_localization/environment/ament_prefix_path.sh\n'}
[0.873470] (ndt_localization) StdoutLine: {'line': b'-- Up-to-date symlink: /home/starry1n/WUTA/WUTA-FSD/ros2_ws/install/ndt_localization/share/ndt_localization/environment/ament_prefix_path.dsv\n'}
[0.873518] (path_generator) StdoutLine: {'line': b'-- Install configuration: ""\n'}
[0.873672] (path_generator) StdoutLine: {'line': b'-- Execute custom install script\n'}
[0.873787] (path_generator) StdoutLine: {'line': b'-- Up-to-date symlink: /home/starry1n/WUTA/WUTA-FSD/ros2_ws/install/path_generator/lib/path_generator/path_generator_node\n'}
[0.873827] (path_generator) StdoutLine: {'line': b'-- Up-to-date symlink: /home/starry1n/WUTA/WUTA-FSD/ros2_ws/install/path_generator/share/path_generator/config/path_generator.yaml\n'}
[0.873860] (path_generator) StdoutLine: {'line': b'-- Up-to-date symlink: /home/starry1n/WUTA/WUTA-FSD/ros2_ws/install/path_generator/share/ament_index/resource_index/package_run_dependencies/path_generator\n'}
[0.873892] (path_generator) StdoutLine: {'line': b'-- Up-to-date symlink: /home/starry1n/WUTA/WUTA-FSD/ros2_ws/install/path_generator/share/ament_index/resource_index/parent_prefix_path/path_generator\n'}
[0.873919] (path_generator) StdoutLine: {'line': b'-- Up-to-date symlink: /home/starry1n/WUTA/WUTA-FSD/ros2_ws/install/path_generator/share/path_generator/environment/ament_prefix_path.sh\n'}
[0.873948] (path_generator) StdoutLine: {'line': b'-- Up-to-date symlink: /home/starry1n/WUTA/WUTA-FSD/ros2_ws/install/path_generator/share/path_generator/environment/ament_prefix_path.dsv\n'}
[0.873973] (path_generator) StdoutLine: {'line': b'-- Up-to-date symlink: /home/starry1n/WUTA/WUTA-FSD/ros2_ws/install/path_generator/share/path_generator/environment/path.sh\n'}
[0.873998] (ndt_localization) StdoutLine: {'line': b'-- Up-to-date symlink: /home/starry1n/WUTA/WUTA-FSD/ros2_ws/install/ndt_localization/share/ndt_localization/environment/path.sh\n'}
[0.874032] (ndt_localization) StdoutLine: {'line': b'-- Up-to-date symlink: /home/starry1n/WUTA/WUTA-FSD/ros2_ws/install/ndt_localization/share/ndt_localization/environment/path.dsv\n'}
[0.874093] (path_generator) StdoutLine: {'line': b'-- Up-to-date symlink: /home/starry1n/WUTA/WUTA-FSD/ros2_ws/install/path_generator/share/path_generator/environment/path.dsv\n'}
[0.874125] (path_generator) StdoutLine: {'line': b'-- Up-to-date symlink: /home/starry1n/WUTA/WUTA-FSD/ros2_ws/install/path_generator/share/path_generator/local_setup.bash\n'}
[0.874152] (ndt_localization) StdoutLine: {'line': b'-- Up-to-date symlink: /home/starry1n/WUTA/WUTA-FSD/ros2_ws/install/ndt_localization/share/ndt_localization/local_setup.bash\n'}
[0.874215] (path_generator) StdoutLine: {'line': b'-- Up-to-date symlink: /home/starry1n/WUTA/WUTA-FSD/ros2_ws/install/path_generator/share/path_generator/local_setup.sh\n'}
[0.874241] (path_generator) StdoutLine: {'line': b'-- Up-to-date symlink: /home/starry1n/WUTA/WUTA-FSD/ros2_ws/install/path_generator/share/path_generator/local_setup.zsh\n'}
[0.874269] (path_generator) StdoutLine: {'line': b'-- Up-to-date symlink: /home/starry1n/WUTA/WUTA-FSD/ros2_ws/install/path_generator/share/path_generator/local_setup.dsv\n'}
[0.874293] (path_generator) StdoutLine: {'line': b'-- Symlinking: /home/starry1n/WUTA/WUTA-FSD/ros2_ws/install/path_generator/share/path_generator/package.dsv\n'}
[0.874316] (ndt_localization) StdoutLine: {'line': b'-- Up-to-date symlink: /home/starry1n/WUTA/WUTA-FSD/ros2_ws/install/ndt_localization/share/ndt_localization/local_setup.sh\n'}
[0.874339] (ndt_localization) StdoutLine: {'line': b'-- Up-to-date symlink: /home/starry1n/WUTA/WUTA-FSD/ros2_ws/install/ndt_localization/share/ndt_localization/local_setup.zsh\n'}
[0.874574] (ndt_localization) StdoutLine: {'line': b'-- Up-to-date symlink: /home/starry1n/WUTA/WUTA-FSD/ros2_ws/install/ndt_localization/share/ndt_localization/local_setup.dsv\n'}
[0.874778] (ndt_localization) StdoutLine: {'line': b'-- Symlinking: /home/starry1n/WUTA/WUTA-FSD/ros2_ws/install/ndt_localization/share/ndt_localization/package.dsv\n'}
[0.876190] (localization_manager) StdoutLine: {'line': b'-- Up-to-date symlink: /home/starry1n/WUTA/WUTA-FSD/ros2_ws/install/localization_manager/share/ament_index/resource_index/packages/localization_manager\n'}
[0.876636] (localization_manager) StdoutLine: {'line': b'-- Up-to-date symlink: /home/starry1n/WUTA/WUTA-FSD/ros2_ws/install/localization_manager/share/localization_manager/cmake/localization_managerConfig.cmake\n'}
[0.876808] (localization_manager) StdoutLine: {'line': b'-- Up-to-date symlink: /home/starry1n/WUTA/WUTA-FSD/ros2_ws/install/localization_manager/share/localization_manager/cmake/localization_managerConfig-version.cmake\n'}
[0.876981] (localization_manager) StdoutLine: {'line': b'-- Up-to-date symlink: /home/starry1n/WUTA/WUTA-FSD/ros2_ws/install/localization_manager/share/localization_manager/package.xml\n'}
[0.879132] (localization_manager) CommandEnded: {'returncode': 0}
[0.891156] (localization_manager) JobEnded: {'identifier': 'localization_manager', 'rc': 0}
[0.892710] (ndt_localization) StdoutLine: {'line': b'-- Up-to-date symlink: /home/starry1n/WUTA/WUTA-FSD/ros2_ws/install/ndt_localization/share/ament_index/resource_index/packages/ndt_localization\n'}
[0.893620] (ndt_localization) StdoutLine: {'line': b'-- Up-to-date symlink: /home/starry1n/WUTA/WUTA-FSD/ros2_ws/install/ndt_localization/share/ndt_localization/cmake/ndt_localizationConfig.cmake\n'}
[0.893765] (ndt_localization) StdoutLine: {'line': b'-- Up-to-date symlink: /home/starry1n/WUTA/WUTA-FSD/ros2_ws/install/ndt_localization/share/ndt_localization/cmake/ndt_localizationConfig-version.cmake\n'}
[0.893819] (ndt_localization) StdoutLine: {'line': b'-- Up-to-date symlink: /home/starry1n/WUTA/WUTA-FSD/ros2_ws/install/ndt_localization/share/ndt_localization/package.xml\n'}
[0.893852] (path_generator) StdoutLine: {'line': b'-- Up-to-date symlink: /home/starry1n/WUTA/WUTA-FSD/ros2_ws/install/path_generator/share/ament_index/resource_index/packages/path_generator\n'}
[0.894172] (path_generator) StdoutLine: {'line': b'-- Up-to-date symlink: /home/starry1n/WUTA/WUTA-FSD/ros2_ws/install/path_generator/share/path_generator/cmake/path_generatorConfig.cmake\n'}
[0.894389] (path_generator) StdoutLine: {'line': b'-- Up-to-date symlink: /home/starry1n/WUTA/WUTA-FSD/ros2_ws/install/path_generator/share/path_generator/cmake/path_generatorConfig-version.cmake\n'}
[0.894453] (path_generator) StdoutLine: {'line': b'-- Up-to-date symlink: /home/starry1n/WUTA/WUTA-FSD/ros2_ws/install/path_generator/share/path_generator/package.xml\n'}
[0.894502] (ndt_localization) CommandEnded: {'returncode': 0}
[0.903708] (-) TimerEvent: {}
[0.904993] (ndt_localization) JobEnded: {'identifier': 'ndt_localization', 'rc': 0}
[0.905470] (path_generator) CommandEnded: {'returncode': 0}
[0.916691] (path_generator) JobEnded: {'identifier': 'path_generator', 'rc': 0}
[0.917323] (wuta_tools) CommandEnded: {'returncode': 0}
[0.918194] (wuta_tools) JobProgress: {'identifier': 'wuta_tools', 'progress': 'install'}
[0.918410] (wuta_tools) Command: {'cmd': ['/usr/bin/cmake', '--install', '/home/starry1n/WUTA/WUTA-FSD/ros2_ws/build/wuta_tools'], 'cwd': '/home/starry1n/WUTA/WUTA-FSD/ros2_ws/build/wuta_tools', 'env': OrderedDict([('LESSOPEN', '| /usr/bin/lesspipe %s'), ('CODEX_CI', '1'), ('LANGUAGE', 'zh_CN:zh'), ('USER', 'starry1n'), ('XDG_SESSION_TYPE', 'wayland'), ('SHLVL', '2'), ('LD_LIBRARY_PATH', '/home/starry1n/WUTA/WUTA-FSD/ros2_ws/install/wuta_msgs/lib:/opt/ros/humble/opt/rviz_ogre_vendor/lib:/opt/ros/humble/lib/x86_64-linux-gnu:/opt/ros/humble/lib'), ('HOME', '/home/starry1n'), ('OLDPWD', '/home/starry1n/WUTA/WUTA-FSD'), ('DESKTOP_SESSION', 'ubuntu'), ('ROS_PYTHON_VERSION', '3'), ('GNOME_SHELL_SESSION_MODE', 'ubuntu'), ('GTK_MODULES', 'gail:atk-bridge'), ('PAGER', 'cat'), ('LC_CTYPE', 'C.UTF-8'), ('DBUS_STARTER_BUS_TYPE', 'session'), ('SYSTEMD_EXEC_PID', '2321'), ('IM_CONFIG_CHECK_ENV', '1'), ('NO_COLOR', '1'), ('DBUS_SESSION_BUS_ADDRESS', 'unix:path=/run/user/1000/bus,guid=c67e2489f73595b365ff0ae46a50c8ee'), ('COLORTERM', ''), ('IM_CONFIG_PHASE', '1'), ('WAYLAND_DISPLAY', 'wayland-0'), ('CODEX_PERMISSION_PROFILE', ':workspace'), ('ROS_DISTRO', 'humble'), ('LOGNAME', 'starry1n'), ('_', '/usr/bin/colcon'), ('ROS_VERSION', '2'), ('XDG_SESSION_CLASS', 'user'), ('USERNAME', 'starry1n'), ('TERM', 'dumb'), ('GNOME_DESKTOP_SESSION_ID', 'this-is-deprecated'), ('ROS_LOCALHOST_ONLY', '0'), ('PATH', '/home/starry1n/.local/bin:/home/starry1n/.codex/packages/standalone/releases/0.144.4-x86_64-unknown-linux-musl/codex-path:/home/starry1n/.codex/tmp/arg0/codex-arg05cnADw:/home/starry1n/.local/bin:/opt/ros/humble/bin:/home/starry1n/.local/bin:/usr/local/sbin:/usr/local/bin:/usr/sbin:/usr/bin:/sbin:/bin:/usr/games:/usr/local/games:/snap/bin:/snap/bin'), ('SESSION_MANAGER', 'local/starry1n-virtual-machine:@/tmp/.ICE-unix/2321,unix/starry1n-virtual-machine:/tmp/.ICE-unix/2321'), ('XDG_MENU_PREFIX', 'gnome-'), ('GNOME_TERMINAL_SCREEN', '/org/gnome/Terminal/screen/b41f3890_f157_4b82_b249_7c5cfcb9354a'), ('GNOME_SETUP_DISPLAY', ':1'), ('XDG_RUNTIME_DIR', '/run/user/1000'), ('DISPLAY', ':0'), ('CODEX_SANDBOX_NETWORK_DISABLED', '1'), ('LANG', 'C.UTF-8'), ('XDG_CURRENT_DESKTOP', 'ubuntu:GNOME'), ('XMODIFIERS', '@im=ibus'), ('GH_PAGER', 'cat'), ('XDG_SESSION_DESKTOP', 'ubuntu'), ('XAUTHORITY', '/run/user/1000/.mutter-Xwaylandauth.H6FRS3'), ('LS_COLORS', 'rs=0:di=01;34:ln=01;36:mh=00:pi=40;33:so=01;35:do=01;35:bd=40;33;01:cd=40;33;01:or=40;31;01:mi=00:su=37;41:sg=30;43:ca=30;41:tw=30;42:ow=34;42:st=37;44:ex=01;32:*.tar=01;31:*.tgz=01;31:*.arc=01;31:*.arj=01;31:*.taz=01;31:*.lha=01;31:*.lz4=01;31:*.lzh=01;31:*.lzma=01;31:*.tlz=01;31:*.txz=01;31:*.tzo=01;31:*.t7z=01;31:*.zip=01;31:*.z=01;31:*.dz=01;31:*.gz=01;31:*.lrz=01;31:*.lz=01;31:*.lzo=01;31:*.xz=01;31:*.zst=01;31:*.tzst=01;31:*.bz2=01;31:*.bz=01;31:*.tbz=01;31:*.tbz2=01;31:*.tz=01;31:*.deb=01;31:*.rpm=01;31:*.jar=01;31:*.war=01;31:*.ear=01;31:*.sar=01;31:*.rar=01;31:*.alz=01;31:*.ace=01;31:*.zoo=01;31:*.cpio=01;31:*.7z=01;31:*.rz=01;31:*.cab=01;31:*.wim=01;31:*.swm=01;31:*.dwm=01;31:*.esd=01;31:*.jpg=01;35:*.jpeg=01;35:*.mjpg=01;35:*.mjpeg=01;35:*.gif=01;35:*.bmp=01;35:*.pbm=01;35:*.pgm=01;35:*.ppm=01;35:*.tga=01;35:*.xbm=01;35:*.xpm=01;35:*.tif=01;35:*.tiff=01;35:*.png=01;35:*.svg=01;35:*.svgz=01;35:*.mng=01;35:*.pcx=01;35:*.mov=01;35:*.mpg=01;35:*.mpeg=01;35:*.m2v=01;35:*.mkv=01;35:*.webm=01;35:*.webp=01;35:*.ogm=01;35:*.mp4=01;35:*.m4v=01;35:*.mp4v=01;35:*.vob=01;35:*.qt=01;35:*.nuv=01;35:*.wmv=01;35:*.asf=01;35:*.rm=01;35:*.rmvb=01;35:*.flc=01;35:*.avi=01;35:*.fli=01;35:*.flv=01;35:*.gl=01;35:*.dl=01;35:*.xcf=01;35:*.xwd=01;35:*.yuv=01;35:*.cgm=01;35:*.emf=01;35:*.ogv=01;35:*.ogx=01;35:*.aac=00;36:*.au=00;36:*.flac=00;36:*.m4a=00;36:*.mid=00;36:*.midi=00;36:*.mka=00;36:*.mp3=00;36:*.mpc=00;36:*.ogg=00;36:*.ra=00;36:*.wav=00;36:*.oga=00;36:*.opus=00;36:*.spx=00;36:*.xspf=00;36:'), ('GNOME_TERMINAL_SERVICE', ':1.330'), ('SSH_AGENT_LAUNCHER', 'gnome-keyring'), ('SSH_AUTH_SOCK', '/run/user/1000/keyring/ssh'), ('AMENT_PREFIX_PATH', '/home/starry1n/WUTA/WUTA-FSD/ros2_ws/install/wuta_msgs:/opt/ros/humble'), ('SHELL', '/bin/bash'), ('QT_ACCESSIBILITY', '1'), ('GDMSESSION', 'ubuntu'), ('LESSCLOSE', '/usr/bin/lesspipe %s %s'), ('CODEX_THREAD_ID', '019f5073-bc50-71a2-9549-8d1988512281'), ('GIT_PAGER', 'cat'), ('QT_IM_MODULE', 'ibus'), ('PWD', '/home/starry1n/WUTA/WUTA-FSD/ros2_ws/build/wuta_tools'), ('LC_ALL', 'C.UTF-8'), ('XDG_CONFIG_DIRS', '/etc/xdg/xdg-ubuntu:/etc/xdg'), ('DBUS_STARTER_ADDRESS', 'unix:path=/run/user/1000/bus,guid=c67e2489f73595b365ff0ae46a50c8ee'), ('XDG_DATA_DIRS', '/usr/share/ubuntu:/usr/local/share/:/usr/share/:/var/lib/snapd/desktop'), ('PYTHONPATH', '/home/starry1n/WUTA/WUTA-FSD/ros2_ws/install/wuta_msgs/local/lib/python3.10/dist-packages:/opt/ros/humble/lib/python3.10/site-packages:/opt/ros/humble/local/lib/python3.10/dist-packages'), ('COLCON', '1'), ('VTE_VERSION', '6800'), ('CMAKE_PREFIX_PATH', '/home/starry1n/WUTA/WUTA-FSD/ros2_ws/install/wuta_msgs:/opt/ros/humble')]), 'shell': False}
[0.924675] (wuta_tools) StdoutLine: {'line': b'-- Install configuration: ""\n'}
[0.925255] (wuta_tools) StdoutLine: {'line': b'-- Execute custom install script\n'}
[0.925675] (wuta_tools) StdoutLine: {'line': b'-- Up-to-date symlink: /home/starry1n/WUTA/WUTA-FSD/ros2_ws/install/wuta_tools/share/ament_index/resource_index/package_run_dependencies/wuta_tools\n'}
[0.925743] (wuta_tools) StdoutLine: {'line': b'-- Up-to-date symlink: /home/starry1n/WUTA/WUTA-FSD/ros2_ws/install/wuta_tools/share/ament_index/resource_index/parent_prefix_path/wuta_tools\n'}
[0.925935] (wuta_tools) StdoutLine: {'line': b'-- Up-to-date symlink: /home/starry1n/WUTA/WUTA-FSD/ros2_ws/install/wuta_tools/share/wuta_tools/environment/ament_prefix_path.sh\n'}
[0.925990] (wuta_tools) StdoutLine: {'line': b'-- Up-to-date symlink: /home/starry1n/WUTA/WUTA-FSD/ros2_ws/install/wuta_tools/share/wuta_tools/environment/ament_prefix_path.dsv\n'}
[0.926020] (wuta_tools) StdoutLine: {'line': b'-- Up-to-date symlink: /home/starry1n/WUTA/WUTA-FSD/ros2_ws/install/wuta_tools/share/wuta_tools/environment/path.sh\n'}
[0.926046] (wuta_tools) StdoutLine: {'line': b'-- Up-to-date symlink: /home/starry1n/WUTA/WUTA-FSD/ros2_ws/install/wuta_tools/share/wuta_tools/environment/path.dsv\n'}
[0.926072] (wuta_tools) StdoutLine: {'line': b'-- Up-to-date symlink: /home/starry1n/WUTA/WUTA-FSD/ros2_ws/install/wuta_tools/share/wuta_tools/local_setup.bash\n'}
[0.926095] (wuta_tools) StdoutLine: {'line': b'-- Up-to-date symlink: /home/starry1n/WUTA/WUTA-FSD/ros2_ws/install/wuta_tools/share/wuta_tools/local_setup.sh\n'}
[0.926118] (wuta_tools) StdoutLine: {'line': b'-- Up-to-date symlink: /home/starry1n/WUTA/WUTA-FSD/ros2_ws/install/wuta_tools/share/wuta_tools/local_setup.zsh\n'}
[0.926140] (wuta_tools) StdoutLine: {'line': b'-- Up-to-date symlink: /home/starry1n/WUTA/WUTA-FSD/ros2_ws/install/wuta_tools/share/wuta_tools/local_setup.dsv\n'}
[0.926160] (wuta_tools) StdoutLine: {'line': b'-- Symlinking: /home/starry1n/WUTA/WUTA-FSD/ros2_ws/install/wuta_tools/share/wuta_tools/package.dsv\n'}
[0.932620] (wuta_tools) StdoutLine: {'line': b'-- Up-to-date symlink: /home/starry1n/WUTA/WUTA-FSD/ros2_ws/install/wuta_tools/share/ament_index/resource_index/packages/wuta_tools\n'}
[0.932888] (wuta_tools) StdoutLine: {'line': b'-- Up-to-date symlink: /home/starry1n/WUTA/WUTA-FSD/ros2_ws/install/wuta_tools/share/wuta_tools/cmake/wuta_toolsConfig.cmake\n'}
[0.932970] (wuta_tools) StdoutLine: {'line': b'-- Up-to-date symlink: /home/starry1n/WUTA/WUTA-FSD/ros2_ws/install/wuta_tools/share/wuta_tools/cmake/wuta_toolsConfig-version.cmake\n'}
[0.933006] (wuta_tools) StdoutLine: {'line': b'-- Up-to-date symlink: /home/starry1n/WUTA/WUTA-FSD/ros2_ws/install/wuta_tools/share/wuta_tools/package.xml\n'}
[0.934285] (wuta_tools) CommandEnded: {'returncode': 0}
[0.944534] (wuta_tools) JobEnded: {'identifier': 'wuta_tools', 'rc': 0}
[1.009476] (-) TimerEvent: {}
[1.109758] (-) TimerEvent: {}
[1.210088] (-) TimerEvent: {}
[1.310340] (-) TimerEvent: {}
[1.410616] (-) TimerEvent: {}
[1.510860] (-) TimerEvent: {}
[1.611103] (-) TimerEvent: {}
[1.711331] (-) TimerEvent: {}
[1.811630] (-) TimerEvent: {}
[1.911857] (-) TimerEvent: {}
[2.012168] (-) TimerEvent: {}
[2.112491] (-) TimerEvent: {}
[2.212747] (-) TimerEvent: {}
[2.313034] (-) TimerEvent: {}
[2.413307] (-) TimerEvent: {}
[2.513611] (-) TimerEvent: {}
[2.613899] (-) TimerEvent: {}
[2.714139] (-) TimerEvent: {}
[2.814367] (-) TimerEvent: {}
[2.914681] (-) TimerEvent: {}
[3.014972] (-) TimerEvent: {}
[3.115186] (-) TimerEvent: {}
[3.215431] (-) TimerEvent: {}
[3.315651] (-) TimerEvent: {}
[3.415875] (-) TimerEvent: {}
[3.516126] (-) TimerEvent: {}
[3.616389] (-) TimerEvent: {}
[3.716614] (-) TimerEvent: {}
[3.816834] (-) TimerEvent: {}
[3.917056] (-) TimerEvent: {}
[4.017318] (-) TimerEvent: {}
[4.117596] (-) TimerEvent: {}
[4.217923] (-) TimerEvent: {}
[4.318293] (-) TimerEvent: {}
[4.418542] (-) TimerEvent: {}
[4.518801] (-) TimerEvent: {}
[4.619069] (-) TimerEvent: {}
[4.719285] (-) TimerEvent: {}
[4.819567] (-) TimerEvent: {}
[4.919800] (-) TimerEvent: {}
[5.020068] (-) TimerEvent: {}
[5.120299] (-) TimerEvent: {}
[5.220615] (-) TimerEvent: {}
[5.320854] (-) TimerEvent: {}
[5.421119] (-) TimerEvent: {}
[5.521340] (-) TimerEvent: {}
[5.621593] (-) TimerEvent: {}
[5.721849] (-) TimerEvent: {}
[5.822112] (-) TimerEvent: {}
[5.922351] (-) TimerEvent: {}
[6.022689] (-) TimerEvent: {}
[6.122910] (-) TimerEvent: {}
[6.223131] (-) TimerEvent: {}
[6.323337] (-) TimerEvent: {}
[6.423635] (-) TimerEvent: {}
[6.523897] (-) TimerEvent: {}
[6.624101] (-) TimerEvent: {}
[6.724330] (-) TimerEvent: {}
[6.824602] (-) TimerEvent: {}
[6.924841] (-) TimerEvent: {}
[7.025076] (-) TimerEvent: {}
[7.125303] (-) TimerEvent: {}
[7.225585] (-) TimerEvent: {}
[7.325843] (-) TimerEvent: {}
[7.426128] (-) TimerEvent: {}
[7.526391] (-) TimerEvent: {}
[7.626650] (-) TimerEvent: {}
[7.726919] (-) TimerEvent: {}
[7.827143] (-) TimerEvent: {}
[7.927364] (-) TimerEvent: {}
[8.027619] (-) TimerEvent: {}
[8.127857] (-) TimerEvent: {}
[8.228103] (-) TimerEvent: {}
[8.328419] (-) TimerEvent: {}
[8.428699] (-) TimerEvent: {}
[8.528962] (-) TimerEvent: {}
[8.629297] (-) TimerEvent: {}
[8.729619] (-) TimerEvent: {}
[8.829948] (-) TimerEvent: {}
[8.905163] (cone_map_builder) StdoutLine: {'line': b'[100%] Linking CXX executable cone_map_builder_node\n'}
[8.930156] (-) TimerEvent: {}
[9.030457] (-) TimerEvent: {}
[9.132818] (-) TimerEvent: {}
[9.233163] (-) TimerEvent: {}
[9.333571] (-) TimerEvent: {}
[9.389071] (cone_map_builder) StdoutLine: {'line': b'[100%] Built target cone_map_builder_node\n'}
[9.397657] (cone_map_builder) CommandEnded: {'returncode': 0}
[9.398595] (cone_map_builder) JobProgress: {'identifier': 'cone_map_builder', 'progress': 'install'}
[9.398849] (cone_map_builder) Command: {'cmd': ['/usr/bin/cmake', '--install', '/home/starry1n/WUTA/WUTA-FSD/ros2_ws/build/cone_map_builder'], 'cwd': '/home/starry1n/WUTA/WUTA-FSD/ros2_ws/build/cone_map_builder', 'env': OrderedDict([('LESSOPEN', '| /usr/bin/lesspipe %s'), ('CODEX_CI', '1'), ('LANGUAGE', 'zh_CN:zh'), ('USER', 'starry1n'), ('XDG_SESSION_TYPE', 'wayland'), ('SHLVL', '2'), ('LD_LIBRARY_PATH', '/home/starry1n/WUTA/WUTA-FSD/ros2_ws/install/wuta_msgs/lib:/opt/ros/humble/opt/rviz_ogre_vendor/lib:/opt/ros/humble/lib/x86_64-linux-gnu:/opt/ros/humble/lib'), ('HOME', '/home/starry1n'), ('OLDPWD', '/home/starry1n/WUTA/WUTA-FSD'), ('DESKTOP_SESSION', 'ubuntu'), ('ROS_PYTHON_VERSION', '3'), ('GNOME_SHELL_SESSION_MODE', 'ubuntu'), ('GTK_MODULES', 'gail:atk-bridge'), ('PAGER', 'cat'), ('LC_CTYPE', 'C.UTF-8'), ('DBUS_STARTER_BUS_TYPE', 'session'), ('SYSTEMD_EXEC_PID', '2321'), ('IM_CONFIG_CHECK_ENV', '1'), ('NO_COLOR', '1'), ('DBUS_SESSION_BUS_ADDRESS', 'unix:path=/run/user/1000/bus,guid=c67e2489f73595b365ff0ae46a50c8ee'), ('COLORTERM', ''), ('IM_CONFIG_PHASE', '1'), ('WAYLAND_DISPLAY', 'wayland-0'), ('CODEX_PERMISSION_PROFILE', ':workspace'), ('ROS_DISTRO', 'humble'), ('LOGNAME', 'starry1n'), ('_', '/usr/bin/colcon'), ('ROS_VERSION', '2'), ('XDG_SESSION_CLASS', 'user'), ('USERNAME', 'starry1n'), ('TERM', 'dumb'), ('GNOME_DESKTOP_SESSION_ID', 'this-is-deprecated'), ('ROS_LOCALHOST_ONLY', '0'), ('PATH', '/home/starry1n/.local/bin:/home/starry1n/.codex/packages/standalone/releases/0.144.4-x86_64-unknown-linux-musl/codex-path:/home/starry1n/.codex/tmp/arg0/codex-arg05cnADw:/home/starry1n/.local/bin:/opt/ros/humble/bin:/home/starry1n/.local/bin:/usr/local/sbin:/usr/local/bin:/usr/sbin:/usr/bin:/sbin:/bin:/usr/games:/usr/local/games:/snap/bin:/snap/bin'), ('SESSION_MANAGER', 'local/starry1n-virtual-machine:@/tmp/.ICE-unix/2321,unix/starry1n-virtual-machine:/tmp/.ICE-unix/2321'), ('XDG_MENU_PREFIX', 'gnome-'), ('GNOME_TERMINAL_SCREEN', '/org/gnome/Terminal/screen/b41f3890_f157_4b82_b249_7c5cfcb9354a'), ('GNOME_SETUP_DISPLAY', ':1'), ('XDG_RUNTIME_DIR', '/run/user/1000'), ('DISPLAY', ':0'), ('CODEX_SANDBOX_NETWORK_DISABLED', '1'), ('LANG', 'C.UTF-8'), ('XDG_CURRENT_DESKTOP', 'ubuntu:GNOME'), ('XMODIFIERS', '@im=ibus'), ('GH_PAGER', 'cat'), ('XDG_SESSION_DESKTOP', 'ubuntu'), ('XAUTHORITY', '/run/user/1000/.mutter-Xwaylandauth.H6FRS3'), ('LS_COLORS', 'rs=0:di=01;34:ln=01;36:mh=00:pi=40;33:so=01;35:do=01;35:bd=40;33;01:cd=40;33;01:or=40;31;01:mi=00:su=37;41:sg=30;43:ca=30;41:tw=30;42:ow=34;42:st=37;44:ex=01;32:*.tar=01;31:*.tgz=01;31:*.arc=01;31:*.arj=01;31:*.taz=01;31:*.lha=01;31:*.lz4=01;31:*.lzh=01;31:*.lzma=01;31:*.tlz=01;31:*.txz=01;31:*.tzo=01;31:*.t7z=01;31:*.zip=01;31:*.z=01;31:*.dz=01;31:*.gz=01;31:*.lrz=01;31:*.lz=01;31:*.lzo=01;31:*.xz=01;31:*.zst=01;31:*.tzst=01;31:*.bz2=01;31:*.bz=01;31:*.tbz=01;31:*.tbz2=01;31:*.tz=01;31:*.deb=01;31:*.rpm=01;31:*.jar=01;31:*.war=01;31:*.ear=01;31:*.sar=01;31:*.rar=01;31:*.alz=01;31:*.ace=01;31:*.zoo=01;31:*.cpio=01;31:*.7z=01;31:*.rz=01;31:*.cab=01;31:*.wim=01;31:*.swm=01;31:*.dwm=01;31:*.esd=01;31:*.jpg=01;35:*.jpeg=01;35:*.mjpg=01;35:*.mjpeg=01;35:*.gif=01;35:*.bmp=01;35:*.pbm=01;35:*.pgm=01;35:*.ppm=01;35:*.tga=01;35:*.xbm=01;35:*.xpm=01;35:*.tif=01;35:*.tiff=01;35:*.png=01;35:*.svg=01;35:*.svgz=01;35:*.mng=01;35:*.pcx=01;35:*.mov=01;35:*.mpg=01;35:*.mpeg=01;35:*.m2v=01;35:*.mkv=01;35:*.webm=01;35:*.webp=01;35:*.ogm=01;35:*.mp4=01;35:*.m4v=01;35:*.mp4v=01;35:*.vob=01;35:*.qt=01;35:*.nuv=01;35:*.wmv=01;35:*.asf=01;35:*.rm=01;35:*.rmvb=01;35:*.flc=01;35:*.avi=01;35:*.fli=01;35:*.flv=01;35:*.gl=01;35:*.dl=01;35:*.xcf=01;35:*.xwd=01;35:*.yuv=01;35:*.cgm=01;35:*.emf=01;35:*.ogv=01;35:*.ogx=01;35:*.aac=00;36:*.au=00;36:*.flac=00;36:*.m4a=00;36:*.mid=00;36:*.midi=00;36:*.mka=00;36:*.mp3=00;36:*.mpc=00;36:*.ogg=00;36:*.ra=00;36:*.wav=00;36:*.oga=00;36:*.opus=00;36:*.spx=00;36:*.xspf=00;36:'), ('GNOME_TERMINAL_SERVICE', ':1.330'), ('SSH_AGENT_LAUNCHER', 'gnome-keyring'), ('SSH_AUTH_SOCK', '/run/user/1000/keyring/ssh'), ('AMENT_PREFIX_PATH', '/home/starry1n/WUTA/WUTA-FSD/ros2_ws/install/wuta_msgs:/opt/ros/humble'), ('SHELL', '/bin/bash'), ('QT_ACCESSIBILITY', '1'), ('GDMSESSION', 'ubuntu'), ('LESSCLOSE', '/usr/bin/lesspipe %s %s'), ('CODEX_THREAD_ID', '019f5073-bc50-71a2-9549-8d1988512281'), ('GIT_PAGER', 'cat'), ('QT_IM_MODULE', 'ibus'), ('PWD', '/home/starry1n/WUTA/WUTA-FSD/ros2_ws/build/cone_map_builder'), ('LC_ALL', 'C.UTF-8'), ('XDG_CONFIG_DIRS', '/etc/xdg/xdg-ubuntu:/etc/xdg'), ('DBUS_STARTER_ADDRESS', 'unix:path=/run/user/1000/bus,guid=c67e2489f73595b365ff0ae46a50c8ee'), ('XDG_DATA_DIRS', '/usr/share/ubuntu:/usr/local/share/:/usr/share/:/var/lib/snapd/desktop'), ('PYTHONPATH', '/home/starry1n/WUTA/WUTA-FSD/ros2_ws/install/wuta_msgs/local/lib/python3.10/dist-packages:/opt/ros/humble/lib/python3.10/site-packages:/opt/ros/humble/local/lib/python3.10/dist-packages'), ('COLCON', '1'), ('VTE_VERSION', '6800'), ('CMAKE_PREFIX_PATH', '/home/starry1n/WUTA/WUTA-FSD/ros2_ws/install/wuta_msgs:/opt/ros/humble')]), 'shell': False}
[9.405409] (cone_map_builder) StdoutLine: {'line': b'-- Install configuration: ""\n'}
[9.405730] (cone_map_builder) StdoutLine: {'line': b'-- Execute custom install script\n'}
[9.405847] (cone_map_builder) StdoutLine: {'line': b'-- Up-to-date symlink: /home/starry1n/WUTA/WUTA-FSD/ros2_ws/install/cone_map_builder/lib/cone_map_builder/cone_map_builder_node\n'}
[9.405983] (cone_map_builder) StdoutLine: {'line': b'-- Up-to-date symlink: /home/starry1n/WUTA/WUTA-FSD/ros2_ws/install/cone_map_builder/share/cone_map_builder/config/cone_map_builder.yaml\n'}
[9.406234] (cone_map_builder) StdoutLine: {'line': b'-- Up-to-date symlink: /home/starry1n/WUTA/WUTA-FSD/ros2_ws/install/cone_map_builder/share/ament_index/resource_index/package_run_dependencies/cone_map_builder\n'}
[9.406296] (cone_map_builder) StdoutLine: {'line': b'-- Up-to-date symlink: /home/starry1n/WUTA/WUTA-FSD/ros2_ws/install/cone_map_builder/share/ament_index/resource_index/parent_prefix_path/cone_map_builder\n'}
[9.406399] (cone_map_builder) StdoutLine: {'line': b'-- Up-to-date symlink: /home/starry1n/WUTA/WUTA-FSD/ros2_ws/install/cone_map_builder/share/cone_map_builder/environment/ament_prefix_path.sh\n'}
[9.406632] (cone_map_builder) StdoutLine: {'line': b'-- Up-to-date symlink: /home/starry1n/WUTA/WUTA-FSD/ros2_ws/install/cone_map_builder/share/cone_map_builder/environment/ament_prefix_path.dsv\n'}
[9.406876] (cone_map_builder) StdoutLine: {'line': b'-- Up-to-date symlink: /home/starry1n/WUTA/WUTA-FSD/ros2_ws/install/cone_map_builder/share/cone_map_builder/environment/path.sh\n'}
[9.406949] (cone_map_builder) StdoutLine: {'line': b'-- Up-to-date symlink: /home/starry1n/WUTA/WUTA-FSD/ros2_ws/install/cone_map_builder/share/cone_map_builder/environment/path.dsv\n'}
[9.407017] (cone_map_builder) StdoutLine: {'line': b'-- Up-to-date symlink: /home/starry1n/WUTA/WUTA-FSD/ros2_ws/install/cone_map_builder/share/cone_map_builder/local_setup.bash\n'}
[9.407072] (cone_map_builder) StdoutLine: {'line': b'-- Up-to-date symlink: /home/starry1n/WUTA/WUTA-FSD/ros2_ws/install/cone_map_builder/share/cone_map_builder/local_setup.sh\n'}
[9.407129] (cone_map_builder) StdoutLine: {'line': b'-- Up-to-date symlink: /home/starry1n/WUTA/WUTA-FSD/ros2_ws/install/cone_map_builder/share/cone_map_builder/local_setup.zsh\n'}
[9.407162] (cone_map_builder) StdoutLine: {'line': b'-- Up-to-date symlink: /home/starry1n/WUTA/WUTA-FSD/ros2_ws/install/cone_map_builder/share/cone_map_builder/local_setup.dsv\n'}
[9.407212] (cone_map_builder) StdoutLine: {'line': b'-- Symlinking: /home/starry1n/WUTA/WUTA-FSD/ros2_ws/install/cone_map_builder/share/cone_map_builder/package.dsv\n'}
[9.413897] (cone_map_builder) StdoutLine: {'line': b'-- Up-to-date symlink: /home/starry1n/WUTA/WUTA-FSD/ros2_ws/install/cone_map_builder/share/ament_index/resource_index/packages/cone_map_builder\n'}
[9.414047] (cone_map_builder) StdoutLine: {'line': b'-- Up-to-date symlink: /home/starry1n/WUTA/WUTA-FSD/ros2_ws/install/cone_map_builder/share/cone_map_builder/cmake/cone_map_builderConfig.cmake\n'}
[9.414385] (cone_map_builder) StdoutLine: {'line': b'-- Up-to-date symlink: /home/starry1n/WUTA/WUTA-FSD/ros2_ws/install/cone_map_builder/share/cone_map_builder/cmake/cone_map_builderConfig-version.cmake\n'}
[9.414507] (cone_map_builder) StdoutLine: {'line': b'-- Up-to-date symlink: /home/starry1n/WUTA/WUTA-FSD/ros2_ws/install/cone_map_builder/share/cone_map_builder/package.xml\n'}
[9.415437] (cone_map_builder) CommandEnded: {'returncode': 0}
[9.424708] (cone_map_builder) JobEnded: {'identifier': 'cone_map_builder', 'rc': 0}
[9.425324] (-) EventReactorShutdown: {}
