[0.000000] (-) TimerEvent: {}
[0.000098] (autoware_msgs) JobQueued: {'identifier': 'autoware_msgs', 'dependencies': OrderedDict()}
[0.000120] (kiss_icp) JobQueued: {'identifier': 'kiss_icp', 'dependencies': OrderedDict()}
[0.000179] (robot_localization) JobQueued: {'identifier': 'robot_localization', 'dependencies': OrderedDict()}
[0.000193] (wuta_msgs) JobQueued: {'identifier': 'wuta_msgs', 'dependencies': OrderedDict()}
[0.000200] (boundary_detector) JobQueued: {'identifier': 'boundary_detector', 'dependencies': OrderedDict([('wuta_msgs', '/home/g2909/WUTA1/WUTA-FSD/ros2_ws/install/wuta_msgs')])}
[0.000210] (camera_detection) JobQueued: {'identifier': 'camera_detection', 'dependencies': OrderedDict([('wuta_msgs', '/home/g2909/WUTA1/WUTA-FSD/ros2_ws/install/wuta_msgs')])}
[0.000217] (cone_map_builder) JobQueued: {'identifier': 'cone_map_builder', 'dependencies': OrderedDict([('wuta_msgs', '/home/g2909/WUTA1/WUTA-FSD/ros2_ws/install/wuta_msgs')])}
[0.000225] (controller) JobQueued: {'identifier': 'controller', 'dependencies': OrderedDict([('autoware_msgs', '/home/g2909/WUTA1/WUTA-FSD/ros2_ws/install/autoware_msgs'), ('wuta_msgs', '/home/g2909/WUTA1/WUTA-FSD/ros2_ws/install/wuta_msgs')])}
[0.000235] (detection_fusion) JobQueued: {'identifier': 'detection_fusion', 'dependencies': OrderedDict([('wuta_msgs', '/home/g2909/WUTA1/WUTA-FSD/ros2_ws/install/wuta_msgs')])}
[0.000240] (kiss_icp_wrapper) JobQueued: {'identifier': 'kiss_icp_wrapper', 'dependencies': OrderedDict([('wuta_msgs', '/home/g2909/WUTA1/WUTA-FSD/ros2_ws/install/wuta_msgs')])}
[0.000246] (lidar_detection) JobQueued: {'identifier': 'lidar_detection', 'dependencies': OrderedDict([('wuta_msgs', '/home/g2909/WUTA1/WUTA-FSD/ros2_ws/install/wuta_msgs')])}
[0.000254] (localization_manager) JobQueued: {'identifier': 'localization_manager', 'dependencies': OrderedDict([('kiss_icp', '/home/g2909/WUTA1/WUTA-FSD/ros2_ws/install/kiss_icp'), ('robot_localization', '/home/g2909/WUTA1/WUTA-FSD/ros2_ws/install/robot_localization'), ('wuta_msgs', '/home/g2909/WUTA1/WUTA-FSD/ros2_ws/install/wuta_msgs')])}
[0.000263] (mission_manager) JobQueued: {'identifier': 'mission_manager', 'dependencies': OrderedDict([('wuta_msgs', '/home/g2909/WUTA1/WUTA-FSD/ros2_ws/install/wuta_msgs')])}
[0.000269] (ndt_localization) JobQueued: {'identifier': 'ndt_localization', 'dependencies': OrderedDict([('wuta_msgs', '/home/g2909/WUTA1/WUTA-FSD/ros2_ws/install/wuta_msgs')])}
[0.000275] (path_generator) JobQueued: {'identifier': 'path_generator', 'dependencies': OrderedDict([('wuta_msgs', '/home/g2909/WUTA1/WUTA-FSD/ros2_ws/install/wuta_msgs')])}
[0.000281] (wuta_tools) JobQueued: {'identifier': 'wuta_tools', 'dependencies': OrderedDict([('wuta_msgs', '/home/g2909/WUTA1/WUTA-FSD/ros2_ws/install/wuta_msgs')])}
[0.001057] (wuta_msgs) JobStarted: {'identifier': 'wuta_msgs'}
[0.004597] (autoware_msgs) JobStarted: {'identifier': 'autoware_msgs'}
[0.006816] (kiss_icp) JobStarted: {'identifier': 'kiss_icp'}
[0.008679] (robot_localization) JobStarted: {'identifier': 'robot_localization'}
[0.010914] (wuta_msgs) JobProgress: {'identifier': 'wuta_msgs', 'progress': 'cmake'}
[0.012352] (wuta_msgs) Command: {'cmd': ['/home/g2909/.local/bin/cmake', '/home/g2909/WUTA1/WUTA-FSD/ros2_ws/src/common/wuta_msgs', '-DAMENT_CMAKE_SYMLINK_INSTALL=1', '-DCMAKE_INSTALL_PREFIX=/home/g2909/WUTA1/WUTA-FSD/ros2_ws/install/wuta_msgs'], 'cwd': '/home/g2909/WUTA1/WUTA-FSD/ros2_ws/build/wuta_msgs', 'env': OrderedDict([('USER', 'g2909'), ('VSCODE_WSL_EXT_LOCATION', '/mnt/c/Users/g2909/.vscode/extensions/ms-vscode-remote.remote-wsl-0.104.3'), ('SHLVL', '1'), ('LD_LIBRARY_PATH', '/opt/ros/humble/opt/rviz_ogre_vendor/lib:/opt/ros/humble/lib/x86_64-linux-gnu:/opt/ros/humble/lib'), ('HOME', '/home/g2909'), ('OLDPWD', '/home/g2909/WUTA-FSD'), ('ROS_PYTHON_VERSION', '3'), ('DBUS_SESSION_BUS_ADDRESS', 'unix:path=/run/user/1000/bus'), ('WSL_DISTRO_NAME', 'Ubuntu-22.04'), ('WAYLAND_DISPLAY', 'wayland-0'), ('ROS_DISTRO', 'humble'), ('LOGNAME', 'g2909'), ('NAME', 'GaoMing'), ('WSL_INTEROP', '/run/WSL/39189_interop'), ('PULSE_SERVER', 'unix:/mnt/wslg/PulseServer'), ('_', '/usr/bin/colcon'), ('ROS_VERSION', '2'), ('TERM', 'xterm-256color'), ('ROS_LOCALHOST_ONLY', '0'), ('PATH', '/opt/ros/humble/bin:/home/g2909/.local/bin:/usr/local/sbin:/usr/local/bin:/usr/sbin:/usr/bin:/sbin:/bin:/usr/games:/usr/local/games:/usr/lib/wsl/lib:/mnt/c/Users/g2909/bin:/mnt/c/Program Files/Git/mingw64/bin:/mnt/c/Program Files/Git/usr/local/bin:/mnt/c/Program Files/Git/usr/bin:/mnt/c/Program Files/Git/usr/bin:/mnt/c/Program Files/Git/mingw64/bin:/mnt/c/Program Files/Git/usr/bin:/mnt/c/Users/g2909/bin:/mnt/c/Program Files/NVIDIA GPU Computing Toolkit/CUDA/v12.9/bin:/mnt/c/Program Files/NVIDIA GPU Computing Toolkit/CUDA/v12.9/libnvvp:/mnt/c/Program Files/Common Files/Oracle/Java/javapath:/mnt/c/Users/g2909/miniconda3:/mnt/c/Users/g2909/miniconda3/Scripts:/mnt/c/Users/g2909/miniconda3/Library/bin:/mnt/c/Windows/system32:/mnt/c/Windows:/mnt/c/Windows/System32/Wbem:/mnt/c/Windows/System32/WindowsPowerShell/v1.0:/mnt/c/mingw64/bin:/mnt/c/Users/g2909/AppData/Local/Programs/Python/Python313:/mnt/c/Users/g2909/AppData/Local/Programs/Python/Python313/Scripts:/mnt/c/Windows/System32/OpenSSH:/mnt/c/Program Files/NVIDIA Corporation/NVIDIA App/NvDLISR:/mnt/c/Program Files (x86)/NVIDIA Corporation/PhysX/Common:/mnt/c/Program Files/dotnet:/mnt/c/Users/g2909/AppData/Local/Android/Sdk/platform-tools:/mnt/c/Program Files/Git/cmd:/mnt/d/SVN/bin:/mnt/c/Program Files/NVIDIA Corporation/Nsight Compute 2025.2.1:/mnt/c/Program Files (x86)/Windows Kits/10/Windows Performance Toolkit:/mnt/c/Program Files (x86)/Microsoft SQL Server/160/Tools/Binn:/mnt/c/Program Files/Microsoft SQL Server/160/Tools/Binn:/mnt/c/Program Files/Microsoft SQL Server/Client SDK/ODBC/170/Tools/Binn:/mnt/c/Program Files/Microsoft SQL Server/160/DTS/Binn:/mnt/c/Program Files (x86)/Windows Kits/8.1/Windows Performance Toolkit:/mnt/c/WINDOWS/system32:/mnt/c/WINDOWS:/mnt/c/WINDOWS/System32/Wbem:/mnt/c/WINDOWS/System32/WindowsPowerShell/v1.0:/mnt/c/WINDOWS/System32/OpenSSH:/mnt/c/Program Files/usbipd-win:/mnt/c/Program Files/MATLAB/R2025b/bin:/mnt/c/Program Files/NVIDIA GPU Computing Toolkit/CUDA/v12.9/bin:/mnt/c/Program Files/NVIDIA GPU Computing Toolkit/CUDA/v12.9/libnvvp:/mnt/c/Program Files/Common Files/Oracle/Java/javapath:/mnt/c/Users/g2909/miniconda3:/mnt/c/Users/g2909/miniconda3/Scripts:/mnt/c/Users/g2909/miniconda3/Library/bin:/mnt/c/Windows/system32:/mnt/c/Windows:/mnt/c/Windows/System32/Wbem:/mnt/c/Windows/System32/WindowsPowerShell/v1.0:/mnt/c/mingw64/bin:/mnt/c/Users/g2909/AppData/Local/Programs/Python/Python313:/mnt/c/Users/g2909/AppData/Local/Programs/Python/Python313/Scripts:/mnt/c/Windows/System32/OpenSSH:/mnt/c/Program Files/NVIDIA Corporation/NVIDIA App/NvDLISR:/mnt/c/Program Files (x86)/NVIDIA Corporation/PhysX/Common:/mnt/c/Program Files/dotnet:/mnt/c/Users/g2909/AppData/Local/Android/Sdk/platform-tools:/mnt/c/Program Files/Git/cmd:/mnt/d/SVN/bin:/mnt/c/Program Files/NVIDIA Corporation/Nsight Compute 2025.2.1:/mnt/c/Program Files (x86)/Windows Kits/10/Windows Performance Toolkit:/mnt/c/Program Files (x86)/Microsoft SQL Server/160/Tools/Binn:/mnt/c/Program Files/Microsoft SQL Server/160/Tools/Binn:/mnt/c/Program Files/Microsoft SQL Server/Client SDK/ODBC/170/Tools/Binn:/mnt/c/Program Files/Microsoft SQL Server/160/DTS/Binn:/mnt/c/Program Files (x86)/Windows Kits/8.1/Windows Performance Toolkit:/mnt/c/WINDOWS/system32:/mnt/c/WINDOWS:/mnt/c/WINDOWS/System32/Wbem:/mnt/c/WINDOWS/System32/WindowsPowerShell/v1.0:/mnt/c/WINDOWS/System32/OpenSSH:/mnt/c/Program Files/usbipd-win:/mnt/c/Program Files/MATLAB/R2025b/bin:/mnt/c/Users/g2909/AppData/Local/Android/Sdk/platform-tools:/mnt/d/Microsoft VS Code/bin:/mnt/c/Users/g2909/AppData/Local/Programs/Ollama:/mnt/c/Users/g2909/AppData/Local/Microsoft/WindowsApps:/mnt/c/Program Files/Git/usr/bin:/mnt/c/Program Files/Git/cmd:/mnt/c/Users/g2909/AppData/Local/Programs/nodejs:/mnt/c/Program Files/Git/usr/bin/vendor_perl:/mnt/c/Program Files/Git/usr/bin/core_perl:/snap/bin'), ('XDG_RUNTIME_DIR', '/run/user/1000/'), ('DISPLAY', ':0'), ('LANG', 'C.UTF-8'), ('AMENT_PREFIX_PATH', '/opt/ros/humble'), ('SHELL', '/bin/bash'), ('PWD', '/home/g2909/WUTA1/WUTA-FSD/ros2_ws/build/wuta_msgs'), ('XDG_DATA_DIRS', '/usr/local/share:/usr/share:/var/lib/snapd/desktop'), ('PYTHONPATH', '/opt/ros/humble/lib/python3.10/site-packages:/opt/ros/humble/local/lib/python3.10/dist-packages'), ('COLCON', '1'), ('WSL2_GUI_APPS_ENABLED', '1'), ('HOSTTYPE', 'x86_64'), ('WSLENV', 'VSCODE_WSL_EXT_LOCATION/up'), ('CMAKE_PREFIX_PATH', '/opt/ros/humble')]), 'shell': False}
[0.013261] (autoware_msgs) JobProgress: {'identifier': 'autoware_msgs', 'progress': 'cmake'}
[0.014088] (autoware_msgs) Command: {'cmd': ['/home/g2909/.local/bin/cmake', '/home/g2909/WUTA1/WUTA-FSD/ros2_ws/src/common/autoware_msgs', '-DAMENT_CMAKE_SYMLINK_INSTALL=1', '-DCMAKE_INSTALL_PREFIX=/home/g2909/WUTA1/WUTA-FSD/ros2_ws/install/autoware_msgs'], 'cwd': '/home/g2909/WUTA1/WUTA-FSD/ros2_ws/build/autoware_msgs', 'env': OrderedDict([('USER', 'g2909'), ('VSCODE_WSL_EXT_LOCATION', '/mnt/c/Users/g2909/.vscode/extensions/ms-vscode-remote.remote-wsl-0.104.3'), ('SHLVL', '1'), ('LD_LIBRARY_PATH', '/opt/ros/humble/opt/rviz_ogre_vendor/lib:/opt/ros/humble/lib/x86_64-linux-gnu:/opt/ros/humble/lib'), ('HOME', '/home/g2909'), ('OLDPWD', '/home/g2909/WUTA-FSD'), ('ROS_PYTHON_VERSION', '3'), ('DBUS_SESSION_BUS_ADDRESS', 'unix:path=/run/user/1000/bus'), ('WSL_DISTRO_NAME', 'Ubuntu-22.04'), ('WAYLAND_DISPLAY', 'wayland-0'), ('ROS_DISTRO', 'humble'), ('LOGNAME', 'g2909'), ('NAME', 'GaoMing'), ('WSL_INTEROP', '/run/WSL/39189_interop'), ('PULSE_SERVER', 'unix:/mnt/wslg/PulseServer'), ('_', '/usr/bin/colcon'), ('ROS_VERSION', '2'), ('TERM', 'xterm-256color'), ('ROS_LOCALHOST_ONLY', '0'), ('PATH', '/opt/ros/humble/bin:/home/g2909/.local/bin:/usr/local/sbin:/usr/local/bin:/usr/sbin:/usr/bin:/sbin:/bin:/usr/games:/usr/local/games:/usr/lib/wsl/lib:/mnt/c/Users/g2909/bin:/mnt/c/Program Files/Git/mingw64/bin:/mnt/c/Program Files/Git/usr/local/bin:/mnt/c/Program Files/Git/usr/bin:/mnt/c/Program Files/Git/usr/bin:/mnt/c/Program Files/Git/mingw64/bin:/mnt/c/Program Files/Git/usr/bin:/mnt/c/Users/g2909/bin:/mnt/c/Program Files/NVIDIA GPU Computing Toolkit/CUDA/v12.9/bin:/mnt/c/Program Files/NVIDIA GPU Computing Toolkit/CUDA/v12.9/libnvvp:/mnt/c/Program Files/Common Files/Oracle/Java/javapath:/mnt/c/Users/g2909/miniconda3:/mnt/c/Users/g2909/miniconda3/Scripts:/mnt/c/Users/g2909/miniconda3/Library/bin:/mnt/c/Windows/system32:/mnt/c/Windows:/mnt/c/Windows/System32/Wbem:/mnt/c/Windows/System32/WindowsPowerShell/v1.0:/mnt/c/mingw64/bin:/mnt/c/Users/g2909/AppData/Local/Programs/Python/Python313:/mnt/c/Users/g2909/AppData/Local/Programs/Python/Python313/Scripts:/mnt/c/Windows/System32/OpenSSH:/mnt/c/Program Files/NVIDIA Corporation/NVIDIA App/NvDLISR:/mnt/c/Program Files (x86)/NVIDIA Corporation/PhysX/Common:/mnt/c/Program Files/dotnet:/mnt/c/Users/g2909/AppData/Local/Android/Sdk/platform-tools:/mnt/c/Program Files/Git/cmd:/mnt/d/SVN/bin:/mnt/c/Program Files/NVIDIA Corporation/Nsight Compute 2025.2.1:/mnt/c/Program Files (x86)/Windows Kits/10/Windows Performance Toolkit:/mnt/c/Program Files (x86)/Microsoft SQL Server/160/Tools/Binn:/mnt/c/Program Files/Microsoft SQL Server/160/Tools/Binn:/mnt/c/Program Files/Microsoft SQL Server/Client SDK/ODBC/170/Tools/Binn:/mnt/c/Program Files/Microsoft SQL Server/160/DTS/Binn:/mnt/c/Program Files (x86)/Windows Kits/8.1/Windows Performance Toolkit:/mnt/c/WINDOWS/system32:/mnt/c/WINDOWS:/mnt/c/WINDOWS/System32/Wbem:/mnt/c/WINDOWS/System32/WindowsPowerShell/v1.0:/mnt/c/WINDOWS/System32/OpenSSH:/mnt/c/Program Files/usbipd-win:/mnt/c/Program Files/MATLAB/R2025b/bin:/mnt/c/Program Files/NVIDIA GPU Computing Toolkit/CUDA/v12.9/bin:/mnt/c/Program Files/NVIDIA GPU Computing Toolkit/CUDA/v12.9/libnvvp:/mnt/c/Program Files/Common Files/Oracle/Java/javapath:/mnt/c/Users/g2909/miniconda3:/mnt/c/Users/g2909/miniconda3/Scripts:/mnt/c/Users/g2909/miniconda3/Library/bin:/mnt/c/Windows/system32:/mnt/c/Windows:/mnt/c/Windows/System32/Wbem:/mnt/c/Windows/System32/WindowsPowerShell/v1.0:/mnt/c/mingw64/bin:/mnt/c/Users/g2909/AppData/Local/Programs/Python/Python313:/mnt/c/Users/g2909/AppData/Local/Programs/Python/Python313/Scripts:/mnt/c/Windows/System32/OpenSSH:/mnt/c/Program Files/NVIDIA Corporation/NVIDIA App/NvDLISR:/mnt/c/Program Files (x86)/NVIDIA Corporation/PhysX/Common:/mnt/c/Program Files/dotnet:/mnt/c/Users/g2909/AppData/Local/Android/Sdk/platform-tools:/mnt/c/Program Files/Git/cmd:/mnt/d/SVN/bin:/mnt/c/Program Files/NVIDIA Corporation/Nsight Compute 2025.2.1:/mnt/c/Program Files (x86)/Windows Kits/10/Windows Performance Toolkit:/mnt/c/Program Files (x86)/Microsoft SQL Server/160/Tools/Binn:/mnt/c/Program Files/Microsoft SQL Server/160/Tools/Binn:/mnt/c/Program Files/Microsoft SQL Server/Client SDK/ODBC/170/Tools/Binn:/mnt/c/Program Files/Microsoft SQL Server/160/DTS/Binn:/mnt/c/Program Files (x86)/Windows Kits/8.1/Windows Performance Toolkit:/mnt/c/WINDOWS/system32:/mnt/c/WINDOWS:/mnt/c/WINDOWS/System32/Wbem:/mnt/c/WINDOWS/System32/WindowsPowerShell/v1.0:/mnt/c/WINDOWS/System32/OpenSSH:/mnt/c/Program Files/usbipd-win:/mnt/c/Program Files/MATLAB/R2025b/bin:/mnt/c/Users/g2909/AppData/Local/Android/Sdk/platform-tools:/mnt/d/Microsoft VS Code/bin:/mnt/c/Users/g2909/AppData/Local/Programs/Ollama:/mnt/c/Users/g2909/AppData/Local/Microsoft/WindowsApps:/mnt/c/Program Files/Git/usr/bin:/mnt/c/Program Files/Git/cmd:/mnt/c/Users/g2909/AppData/Local/Programs/nodejs:/mnt/c/Program Files/Git/usr/bin/vendor_perl:/mnt/c/Program Files/Git/usr/bin/core_perl:/snap/bin'), ('XDG_RUNTIME_DIR', '/run/user/1000/'), ('DISPLAY', ':0'), ('LANG', 'C.UTF-8'), ('AMENT_PREFIX_PATH', '/opt/ros/humble'), ('SHELL', '/bin/bash'), ('PWD', '/home/g2909/WUTA1/WUTA-FSD/ros2_ws/build/autoware_msgs'), ('XDG_DATA_DIRS', '/usr/local/share:/usr/share:/var/lib/snapd/desktop'), ('PYTHONPATH', '/opt/ros/humble/lib/python3.10/site-packages:/opt/ros/humble/local/lib/python3.10/dist-packages'), ('COLCON', '1'), ('WSL2_GUI_APPS_ENABLED', '1'), ('HOSTTYPE', 'x86_64'), ('WSLENV', 'VSCODE_WSL_EXT_LOCATION/up'), ('CMAKE_PREFIX_PATH', '/opt/ros/humble')]), 'shell': False}
[0.015039] (kiss_icp) JobProgress: {'identifier': 'kiss_icp', 'progress': 'cmake'}
[0.016253] (kiss_icp) Command: {'cmd': ['/home/g2909/.local/bin/cmake', '/home/g2909/WUTA1/WUTA-FSD/ros2_ws/src/localization/kiss-icp/ros', '-DAMENT_CMAKE_SYMLINK_INSTALL=1', '-DCMAKE_INSTALL_PREFIX=/home/g2909/WUTA1/WUTA-FSD/ros2_ws/install/kiss_icp'], 'cwd': '/home/g2909/WUTA1/WUTA-FSD/ros2_ws/build/kiss_icp', 'env': OrderedDict([('USER', 'g2909'), ('VSCODE_WSL_EXT_LOCATION', '/mnt/c/Users/g2909/.vscode/extensions/ms-vscode-remote.remote-wsl-0.104.3'), ('SHLVL', '1'), ('LD_LIBRARY_PATH', '/opt/ros/humble/opt/rviz_ogre_vendor/lib:/opt/ros/humble/lib/x86_64-linux-gnu:/opt/ros/humble/lib'), ('HOME', '/home/g2909'), ('OLDPWD', '/home/g2909/WUTA-FSD'), ('ROS_PYTHON_VERSION', '3'), ('DBUS_SESSION_BUS_ADDRESS', 'unix:path=/run/user/1000/bus'), ('WSL_DISTRO_NAME', 'Ubuntu-22.04'), ('WAYLAND_DISPLAY', 'wayland-0'), ('ROS_DISTRO', 'humble'), ('LOGNAME', 'g2909'), ('NAME', 'GaoMing'), ('WSL_INTEROP', '/run/WSL/39189_interop'), ('PULSE_SERVER', 'unix:/mnt/wslg/PulseServer'), ('_', '/usr/bin/colcon'), ('ROS_VERSION', '2'), ('TERM', 'xterm-256color'), ('ROS_LOCALHOST_ONLY', '0'), ('PATH', '/opt/ros/humble/bin:/home/g2909/.local/bin:/usr/local/sbin:/usr/local/bin:/usr/sbin:/usr/bin:/sbin:/bin:/usr/games:/usr/local/games:/usr/lib/wsl/lib:/mnt/c/Users/g2909/bin:/mnt/c/Program Files/Git/mingw64/bin:/mnt/c/Program Files/Git/usr/local/bin:/mnt/c/Program Files/Git/usr/bin:/mnt/c/Program Files/Git/usr/bin:/mnt/c/Program Files/Git/mingw64/bin:/mnt/c/Program Files/Git/usr/bin:/mnt/c/Users/g2909/bin:/mnt/c/Program Files/NVIDIA GPU Computing Toolkit/CUDA/v12.9/bin:/mnt/c/Program Files/NVIDIA GPU Computing Toolkit/CUDA/v12.9/libnvvp:/mnt/c/Program Files/Common Files/Oracle/Java/javapath:/mnt/c/Users/g2909/miniconda3:/mnt/c/Users/g2909/miniconda3/Scripts:/mnt/c/Users/g2909/miniconda3/Library/bin:/mnt/c/Windows/system32:/mnt/c/Windows:/mnt/c/Windows/System32/Wbem:/mnt/c/Windows/System32/WindowsPowerShell/v1.0:/mnt/c/mingw64/bin:/mnt/c/Users/g2909/AppData/Local/Programs/Python/Python313:/mnt/c/Users/g2909/AppData/Local/Programs/Python/Python313/Scripts:/mnt/c/Windows/System32/OpenSSH:/mnt/c/Program Files/NVIDIA Corporation/NVIDIA App/NvDLISR:/mnt/c/Program Files (x86)/NVIDIA Corporation/PhysX/Common:/mnt/c/Program Files/dotnet:/mnt/c/Users/g2909/AppData/Local/Android/Sdk/platform-tools:/mnt/c/Program Files/Git/cmd:/mnt/d/SVN/bin:/mnt/c/Program Files/NVIDIA Corporation/Nsight Compute 2025.2.1:/mnt/c/Program Files (x86)/Windows Kits/10/Windows Performance Toolkit:/mnt/c/Program Files (x86)/Microsoft SQL Server/160/Tools/Binn:/mnt/c/Program Files/Microsoft SQL Server/160/Tools/Binn:/mnt/c/Program Files/Microsoft SQL Server/Client SDK/ODBC/170/Tools/Binn:/mnt/c/Program Files/Microsoft SQL Server/160/DTS/Binn:/mnt/c/Program Files (x86)/Windows Kits/8.1/Windows Performance Toolkit:/mnt/c/WINDOWS/system32:/mnt/c/WINDOWS:/mnt/c/WINDOWS/System32/Wbem:/mnt/c/WINDOWS/System32/WindowsPowerShell/v1.0:/mnt/c/WINDOWS/System32/OpenSSH:/mnt/c/Program Files/usbipd-win:/mnt/c/Program Files/MATLAB/R2025b/bin:/mnt/c/Program Files/NVIDIA GPU Computing Toolkit/CUDA/v12.9/bin:/mnt/c/Program Files/NVIDIA GPU Computing Toolkit/CUDA/v12.9/libnvvp:/mnt/c/Program Files/Common Files/Oracle/Java/javapath:/mnt/c/Users/g2909/miniconda3:/mnt/c/Users/g2909/miniconda3/Scripts:/mnt/c/Users/g2909/miniconda3/Library/bin:/mnt/c/Windows/system32:/mnt/c/Windows:/mnt/c/Windows/System32/Wbem:/mnt/c/Windows/System32/WindowsPowerShell/v1.0:/mnt/c/mingw64/bin:/mnt/c/Users/g2909/AppData/Local/Programs/Python/Python313:/mnt/c/Users/g2909/AppData/Local/Programs/Python/Python313/Scripts:/mnt/c/Windows/System32/OpenSSH:/mnt/c/Program Files/NVIDIA Corporation/NVIDIA App/NvDLISR:/mnt/c/Program Files (x86)/NVIDIA Corporation/PhysX/Common:/mnt/c/Program Files/dotnet:/mnt/c/Users/g2909/AppData/Local/Android/Sdk/platform-tools:/mnt/c/Program Files/Git/cmd:/mnt/d/SVN/bin:/mnt/c/Program Files/NVIDIA Corporation/Nsight Compute 2025.2.1:/mnt/c/Program Files (x86)/Windows Kits/10/Windows Performance Toolkit:/mnt/c/Program Files (x86)/Microsoft SQL Server/160/Tools/Binn:/mnt/c/Program Files/Microsoft SQL Server/160/Tools/Binn:/mnt/c/Program Files/Microsoft SQL Server/Client SDK/ODBC/170/Tools/Binn:/mnt/c/Program Files/Microsoft SQL Server/160/DTS/Binn:/mnt/c/Program Files (x86)/Windows Kits/8.1/Windows Performance Toolkit:/mnt/c/WINDOWS/system32:/mnt/c/WINDOWS:/mnt/c/WINDOWS/System32/Wbem:/mnt/c/WINDOWS/System32/WindowsPowerShell/v1.0:/mnt/c/WINDOWS/System32/OpenSSH:/mnt/c/Program Files/usbipd-win:/mnt/c/Program Files/MATLAB/R2025b/bin:/mnt/c/Users/g2909/AppData/Local/Android/Sdk/platform-tools:/mnt/d/Microsoft VS Code/bin:/mnt/c/Users/g2909/AppData/Local/Programs/Ollama:/mnt/c/Users/g2909/AppData/Local/Microsoft/WindowsApps:/mnt/c/Program Files/Git/usr/bin:/mnt/c/Program Files/Git/cmd:/mnt/c/Users/g2909/AppData/Local/Programs/nodejs:/mnt/c/Program Files/Git/usr/bin/vendor_perl:/mnt/c/Program Files/Git/usr/bin/core_perl:/snap/bin'), ('XDG_RUNTIME_DIR', '/run/user/1000/'), ('DISPLAY', ':0'), ('LANG', 'C.UTF-8'), ('AMENT_PREFIX_PATH', '/opt/ros/humble'), ('SHELL', '/bin/bash'), ('PWD', '/home/g2909/WUTA1/WUTA-FSD/ros2_ws/build/kiss_icp'), ('XDG_DATA_DIRS', '/usr/local/share:/usr/share:/var/lib/snapd/desktop'), ('PYTHONPATH', '/opt/ros/humble/lib/python3.10/site-packages:/opt/ros/humble/local/lib/python3.10/dist-packages'), ('COLCON', '1'), ('WSL2_GUI_APPS_ENABLED', '1'), ('HOSTTYPE', 'x86_64'), ('WSLENV', 'VSCODE_WSL_EXT_LOCATION/up'), ('CMAKE_PREFIX_PATH', '/opt/ros/humble')]), 'shell': False}
[0.017417] (robot_localization) JobProgress: {'identifier': 'robot_localization', 'progress': 'cmake'}
[0.018389] (robot_localization) Command: {'cmd': ['/home/g2909/.local/bin/cmake', '/home/g2909/WUTA1/WUTA-FSD/ros2_ws/src/localization/robot_localization', '-DAMENT_CMAKE_SYMLINK_INSTALL=1', '-DCMAKE_INSTALL_PREFIX=/home/g2909/WUTA1/WUTA-FSD/ros2_ws/install/robot_localization'], 'cwd': '/home/g2909/WUTA1/WUTA-FSD/ros2_ws/build/robot_localization', 'env': OrderedDict([('USER', 'g2909'), ('VSCODE_WSL_EXT_LOCATION', '/mnt/c/Users/g2909/.vscode/extensions/ms-vscode-remote.remote-wsl-0.104.3'), ('SHLVL', '1'), ('LD_LIBRARY_PATH', '/opt/ros/humble/opt/rviz_ogre_vendor/lib:/opt/ros/humble/lib/x86_64-linux-gnu:/opt/ros/humble/lib'), ('HOME', '/home/g2909'), ('OLDPWD', '/home/g2909/WUTA-FSD'), ('ROS_PYTHON_VERSION', '3'), ('DBUS_SESSION_BUS_ADDRESS', 'unix:path=/run/user/1000/bus'), ('WSL_DISTRO_NAME', 'Ubuntu-22.04'), ('WAYLAND_DISPLAY', 'wayland-0'), ('ROS_DISTRO', 'humble'), ('LOGNAME', 'g2909'), ('NAME', 'GaoMing'), ('WSL_INTEROP', '/run/WSL/39189_interop'), ('PULSE_SERVER', 'unix:/mnt/wslg/PulseServer'), ('_', '/usr/bin/colcon'), ('ROS_VERSION', '2'), ('TERM', 'xterm-256color'), ('ROS_LOCALHOST_ONLY', '0'), ('PATH', '/opt/ros/humble/bin:/home/g2909/.local/bin:/usr/local/sbin:/usr/local/bin:/usr/sbin:/usr/bin:/sbin:/bin:/usr/games:/usr/local/games:/usr/lib/wsl/lib:/mnt/c/Users/g2909/bin:/mnt/c/Program Files/Git/mingw64/bin:/mnt/c/Program Files/Git/usr/local/bin:/mnt/c/Program Files/Git/usr/bin:/mnt/c/Program Files/Git/usr/bin:/mnt/c/Program Files/Git/mingw64/bin:/mnt/c/Program Files/Git/usr/bin:/mnt/c/Users/g2909/bin:/mnt/c/Program Files/NVIDIA GPU Computing Toolkit/CUDA/v12.9/bin:/mnt/c/Program Files/NVIDIA GPU Computing Toolkit/CUDA/v12.9/libnvvp:/mnt/c/Program Files/Common Files/Oracle/Java/javapath:/mnt/c/Users/g2909/miniconda3:/mnt/c/Users/g2909/miniconda3/Scripts:/mnt/c/Users/g2909/miniconda3/Library/bin:/mnt/c/Windows/system32:/mnt/c/Windows:/mnt/c/Windows/System32/Wbem:/mnt/c/Windows/System32/WindowsPowerShell/v1.0:/mnt/c/mingw64/bin:/mnt/c/Users/g2909/AppData/Local/Programs/Python/Python313:/mnt/c/Users/g2909/AppData/Local/Programs/Python/Python313/Scripts:/mnt/c/Windows/System32/OpenSSH:/mnt/c/Program Files/NVIDIA Corporation/NVIDIA App/NvDLISR:/mnt/c/Program Files (x86)/NVIDIA Corporation/PhysX/Common:/mnt/c/Program Files/dotnet:/mnt/c/Users/g2909/AppData/Local/Android/Sdk/platform-tools:/mnt/c/Program Files/Git/cmd:/mnt/d/SVN/bin:/mnt/c/Program Files/NVIDIA Corporation/Nsight Compute 2025.2.1:/mnt/c/Program Files (x86)/Windows Kits/10/Windows Performance Toolkit:/mnt/c/Program Files (x86)/Microsoft SQL Server/160/Tools/Binn:/mnt/c/Program Files/Microsoft SQL Server/160/Tools/Binn:/mnt/c/Program Files/Microsoft SQL Server/Client SDK/ODBC/170/Tools/Binn:/mnt/c/Program Files/Microsoft SQL Server/160/DTS/Binn:/mnt/c/Program Files (x86)/Windows Kits/8.1/Windows Performance Toolkit:/mnt/c/WINDOWS/system32:/mnt/c/WINDOWS:/mnt/c/WINDOWS/System32/Wbem:/mnt/c/WINDOWS/System32/WindowsPowerShell/v1.0:/mnt/c/WINDOWS/System32/OpenSSH:/mnt/c/Program Files/usbipd-win:/mnt/c/Program Files/MATLAB/R2025b/bin:/mnt/c/Program Files/NVIDIA GPU Computing Toolkit/CUDA/v12.9/bin:/mnt/c/Program Files/NVIDIA GPU Computing Toolkit/CUDA/v12.9/libnvvp:/mnt/c/Program Files/Common Files/Oracle/Java/javapath:/mnt/c/Users/g2909/miniconda3:/mnt/c/Users/g2909/miniconda3/Scripts:/mnt/c/Users/g2909/miniconda3/Library/bin:/mnt/c/Windows/system32:/mnt/c/Windows:/mnt/c/Windows/System32/Wbem:/mnt/c/Windows/System32/WindowsPowerShell/v1.0:/mnt/c/mingw64/bin:/mnt/c/Users/g2909/AppData/Local/Programs/Python/Python313:/mnt/c/Users/g2909/AppData/Local/Programs/Python/Python313/Scripts:/mnt/c/Windows/System32/OpenSSH:/mnt/c/Program Files/NVIDIA Corporation/NVIDIA App/NvDLISR:/mnt/c/Program Files (x86)/NVIDIA Corporation/PhysX/Common:/mnt/c/Program Files/dotnet:/mnt/c/Users/g2909/AppData/Local/Android/Sdk/platform-tools:/mnt/c/Program Files/Git/cmd:/mnt/d/SVN/bin:/mnt/c/Program Files/NVIDIA Corporation/Nsight Compute 2025.2.1:/mnt/c/Program Files (x86)/Windows Kits/10/Windows Performance Toolkit:/mnt/c/Program Files (x86)/Microsoft SQL Server/160/Tools/Binn:/mnt/c/Program Files/Microsoft SQL Server/160/Tools/Binn:/mnt/c/Program Files/Microsoft SQL Server/Client SDK/ODBC/170/Tools/Binn:/mnt/c/Program Files/Microsoft SQL Server/160/DTS/Binn:/mnt/c/Program Files (x86)/Windows Kits/8.1/Windows Performance Toolkit:/mnt/c/WINDOWS/system32:/mnt/c/WINDOWS:/mnt/c/WINDOWS/System32/Wbem:/mnt/c/WINDOWS/System32/WindowsPowerShell/v1.0:/mnt/c/WINDOWS/System32/OpenSSH:/mnt/c/Program Files/usbipd-win:/mnt/c/Program Files/MATLAB/R2025b/bin:/mnt/c/Users/g2909/AppData/Local/Android/Sdk/platform-tools:/mnt/d/Microsoft VS Code/bin:/mnt/c/Users/g2909/AppData/Local/Programs/Ollama:/mnt/c/Users/g2909/AppData/Local/Microsoft/WindowsApps:/mnt/c/Program Files/Git/usr/bin:/mnt/c/Program Files/Git/cmd:/mnt/c/Users/g2909/AppData/Local/Programs/nodejs:/mnt/c/Program Files/Git/usr/bin/vendor_perl:/mnt/c/Program Files/Git/usr/bin/core_perl:/snap/bin'), ('XDG_RUNTIME_DIR', '/run/user/1000/'), ('DISPLAY', ':0'), ('LANG', 'C.UTF-8'), ('AMENT_PREFIX_PATH', '/opt/ros/humble'), ('SHELL', '/bin/bash'), ('PWD', '/home/g2909/WUTA1/WUTA-FSD/ros2_ws/build/robot_localization'), ('XDG_DATA_DIRS', '/usr/local/share:/usr/share:/var/lib/snapd/desktop'), ('PYTHONPATH', '/opt/ros/humble/lib/python3.10/site-packages:/opt/ros/humble/local/lib/python3.10/dist-packages'), ('COLCON', '1'), ('WSL2_GUI_APPS_ENABLED', '1'), ('HOSTTYPE', 'x86_64'), ('WSLENV', 'VSCODE_WSL_EXT_LOCATION/up'), ('CMAKE_PREFIX_PATH', '/opt/ros/humble')]), 'shell': False}
[0.065501] (autoware_msgs) StderrLine: {'line': b'CMake Deprecation Warning at CMakeLists.txt:1 (cmake_minimum_required):\n'}
[0.066017] (autoware_msgs) StderrLine: {'line': b'  Compatibility with CMake < 3.10 will be removed from a future version of\n'}
[0.066093] (autoware_msgs) StderrLine: {'line': b'  CMake.\n'}
[0.066125] (autoware_msgs) StderrLine: {'line': b'\n'}
[0.066154] (autoware_msgs) StderrLine: {'line': b'  Update the VERSION argument <min> value.  Or, use the <min>...<max> syntax\n'}
[0.066182] (autoware_msgs) StderrLine: {'line': b'  to tell CMake that the project requires at least <min> but has been updated\n'}
[0.066211] (autoware_msgs) StderrLine: {'line': b'  to work with policies introduced by <max> or earlier.\n'}
[0.066238] (autoware_msgs) StderrLine: {'line': b'\n'}
[0.066264] (autoware_msgs) StderrLine: {'line': b'\n'}
[0.066291] (wuta_msgs) StderrLine: {'line': b'CMake Deprecation Warning at CMakeLists.txt:1 (cmake_minimum_required):\n'}
[0.066346] (wuta_msgs) StderrLine: {'line': b'  Compatibility with CMake < 3.10 will be removed from a future version of\n'}
[0.066374] (wuta_msgs) StderrLine: {'line': b'  CMake.\n'}
[0.066399] (wuta_msgs) StderrLine: {'line': b'\n'}
[0.066427] (wuta_msgs) StderrLine: {'line': b'  Update the VERSION argument <min> value.  Or, use the <min>...<max> syntax\n'}
[0.066455] (wuta_msgs) StderrLine: {'line': b'  to tell CMake that the project requires at least <min> but has been updated\n'}
[0.066482] (wuta_msgs) StderrLine: {'line': b'  to work with policies introduced by <max> or earlier.\n'}
[0.066509] (wuta_msgs) StderrLine: {'line': b'\n'}
[0.066535] (wuta_msgs) StderrLine: {'line': b'\n'}
[0.066561] (robot_localization) StderrLine: {'line': b'CMake Deprecation Warning at CMakeLists.txt:1 (cmake_minimum_required):\n'}
[0.066608] (robot_localization) StderrLine: {'line': b'  Compatibility with CMake < 3.10 will be removed from a future version of\n'}
[0.066637] (robot_localization) StderrLine: {'line': b'  CMake.\n'}
[0.066665] (robot_localization) StderrLine: {'line': b'\n'}
[0.066692] (robot_localization) StderrLine: {'line': b'  Update the VERSION argument <min> value.  Or, use the <min>...<max> syntax\n'}
[0.066719] (robot_localization) StderrLine: {'line': b'  to tell CMake that the project requires at least <min> but has been updated\n'}
[0.066746] (robot_localization) StderrLine: {'line': b'  to work with policies introduced by <max> or earlier.\n'}
[0.066773] (robot_localization) StderrLine: {'line': b'\n'}
[0.066799] (robot_localization) StderrLine: {'line': b'\n'}
[0.099756] (-) TimerEvent: {}
[0.200077] (-) TimerEvent: {}
[0.291020] (wuta_msgs) StdoutLine: {'line': b'-- The C compiler identification is GNU 11.4.0\n'}
[0.291237] (robot_localization) StdoutLine: {'line': b'-- The C compiler identification is GNU 11.4.0\n'}
[0.300219] (-) TimerEvent: {}
[0.328318] (kiss_icp) StdoutLine: {'line': b'-- The CXX compiler identification is GNU 11.4.0\n'}
[0.359902] (autoware_msgs) StdoutLine: {'line': b'-- The C compiler identification is GNU 11.4.0\n'}
[0.400363] (-) TimerEvent: {}
[0.500630] (-) TimerEvent: {}
[0.600881] (-) TimerEvent: {}
[0.701161] (-) TimerEvent: {}
[0.788556] (kiss_icp) StdoutLine: {'line': b'-- Detecting CXX compiler ABI info\n'}
[0.801335] (-) TimerEvent: {}
[0.901640] (-) TimerEvent: {}
[0.941103] (wuta_msgs) StdoutLine: {'line': b'-- The CXX compiler identification is GNU 11.4.0\n'}
[1.001833] (-) TimerEvent: {}
[1.025372] (kiss_icp) StdoutLine: {'line': b'-- Detecting CXX compiler ABI info - done\n'}
[1.029784] (robot_localization) StdoutLine: {'line': b'-- The CXX compiler identification is GNU 11.4.0\n'}
[1.030074] (autoware_msgs) StdoutLine: {'line': b'-- The CXX compiler identification is GNU 11.4.0\n'}
[1.034534] (kiss_icp) StdoutLine: {'line': b'-- Check for working CXX compiler: /usr/bin/c++ - skipped\n'}
[1.034738] (kiss_icp) StdoutLine: {'line': b'-- Detecting CXX compile features\n'}
[1.035064] (kiss_icp) StdoutLine: {'line': b'-- Detecting CXX compile features - done\n'}
[1.101977] (-) TimerEvent: {}
[1.148126] (kiss_icp) StderrLine: {'line': b'CMake Deprecation Warning at /home/g2909/WUTA1/WUTA-FSD/ros2_ws/src/localization/kiss-icp/cpp/kiss_icp/3rdparty/find_dependencies.cmake:25 (cmake_policy):\n'}
[1.148317] (kiss_icp) StderrLine: {'line': b'  The OLD behavior for policy CMP0135 will be removed from a future version\n'}
[1.148353] (kiss_icp) StderrLine: {'line': b'  of CMake.\n'}
[1.148381] (kiss_icp) StderrLine: {'line': b'\n'}
[1.148407] (kiss_icp) StderrLine: {'line': b'  The cmake-policies(7) manual explains that the OLD behaviors of all\n'}
[1.148432] (kiss_icp) StderrLine: {'line': b'  policies are deprecated and that a policy should be set to OLD only under\n'}
[1.148457] (kiss_icp) StderrLine: {'line': b'  specific short-term circumstances.  Projects should be ported to the NEW\n'}
[1.148483] (kiss_icp) StderrLine: {'line': b'  behavior and not rely on setting a policy to OLD.\n'}
[1.148507] (kiss_icp) StderrLine: {'line': b'Call Stack (most recent call first):\n'}
[1.148533] (kiss_icp) StderrLine: {'line': b'  /home/g2909/WUTA1/WUTA-FSD/ros2_ws/src/localization/kiss-icp/cpp/kiss_icp/CMakeLists.txt:48 (include)\n'}
[1.148559] (kiss_icp) StderrLine: {'line': b'\n'}
[1.148584] (kiss_icp) StderrLine: {'line': b'\n'}
[1.202157] (-) TimerEvent: {}
[1.302425] (-) TimerEvent: {}
[1.402741] (-) TimerEvent: {}
[1.503014] (-) TimerEvent: {}
[1.549595] (wuta_msgs) StdoutLine: {'line': b'-- Detecting C compiler ABI info\n'}
[1.574341] (robot_localization) StdoutLine: {'line': b'-- Detecting C compiler ABI info\n'}
[1.603219] (-) TimerEvent: {}
[1.616780] (autoware_msgs) StdoutLine: {'line': b'-- Detecting C compiler ABI info\n'}
[1.703373] (-) TimerEvent: {}
[1.746954] (wuta_msgs) StdoutLine: {'line': b'-- Detecting C compiler ABI info - done\n'}
[1.747274] (robot_localization) StdoutLine: {'line': b'-- Detecting C compiler ABI info - done\n'}
[1.755497] (wuta_msgs) StdoutLine: {'line': b'-- Check for working C compiler: /usr/bin/cc - skipped\n'}
[1.755740] (wuta_msgs) StdoutLine: {'line': b'-- Detecting C compile features\n'}
[1.755886] (wuta_msgs) StdoutLine: {'line': b'-- Detecting C compile features - done\n'}
[1.756296] (robot_localization) StdoutLine: {'line': b'-- Check for working C compiler: /usr/bin/cc - skipped\n'}
[1.756560] (robot_localization) StdoutLine: {'line': b'-- Detecting C compile features\n'}
[1.756724] (robot_localization) StdoutLine: {'line': b'-- Detecting C compile features - done\n'}
[1.763853] (robot_localization) StdoutLine: {'line': b'-- Detecting CXX compiler ABI info\n'}
[1.764011] (wuta_msgs) StdoutLine: {'line': b'-- Detecting CXX compiler ABI info\n'}
[1.803519] (-) TimerEvent: {}
[1.874445] (autoware_msgs) StdoutLine: {'line': b'-- Detecting C compiler ABI info - done\n'}
[1.883787] (autoware_msgs) StdoutLine: {'line': b'-- Check for working C compiler: /usr/bin/cc - skipped\n'}
[1.883948] (autoware_msgs) StdoutLine: {'line': b'-- Detecting C compile features\n'}
[1.884210] (autoware_msgs) StdoutLine: {'line': b'-- Detecting C compile features - done\n'}
[1.891349] (autoware_msgs) StdoutLine: {'line': b'-- Detecting CXX compiler ABI info\n'}
[1.903664] (-) TimerEvent: {}
[1.962710] (wuta_msgs) StdoutLine: {'line': b'-- Detecting CXX compiler ABI info - done\n'}
[1.962915] (robot_localization) StdoutLine: {'line': b'-- Detecting CXX compiler ABI info - done\n'}
[1.971497] (robot_localization) StdoutLine: {'line': b'-- Check for working CXX compiler: /usr/bin/c++ - skipped\n'}
[1.971666] (wuta_msgs) StdoutLine: {'line': b'-- Check for working CXX compiler: /usr/bin/c++ - skipped\n'}
[1.971837] (wuta_msgs) StdoutLine: {'line': b'-- Detecting CXX compile features\n'}
[1.971908] (robot_localization) StdoutLine: {'line': b'-- Detecting CXX compile features\n'}
[1.972091] (robot_localization) StdoutLine: {'line': b'-- Detecting CXX compile features - done\n'}
[1.972135] (wuta_msgs) StdoutLine: {'line': b'-- Detecting CXX compile features - done\n'}
[1.976420] (robot_localization) StdoutLine: {'line': b"-- robot_localization: You did not request a specific build type: selecting 'RelWithDebInfo'.\n"}
[1.978222] (wuta_msgs) StdoutLine: {'line': b'-- Found ament_cmake: 1.3.14 (/opt/ros/humble/share/ament_cmake/cmake)\n'}
[1.978325] (robot_localization) StdoutLine: {'line': b'-- Found ament_cmake: 1.3.14 (/opt/ros/humble/share/ament_cmake/cmake)\n'}
[2.003821] (-) TimerEvent: {}
[2.061679] (wuta_msgs) StdoutLine: {'line': b'-- Found Python3: /usr/bin/python3 (found version "3.10.12") found components: Interpreter\n'}
[2.061885] (robot_localization) StdoutLine: {'line': b'-- Found Python3: /usr/bin/python3 (found version "3.10.12") found components: Interpreter\n'}
[2.103974] (-) TimerEvent: {}
[2.108031] (robot_localization) StdoutLine: {'line': b'-- Override CMake install command with custom implementation using symlinks instead of copying resources\n'}
[2.108254] (wuta_msgs) StdoutLine: {'line': b'-- Override CMake install command with custom implementation using symlinks instead of copying resources\n'}
[2.141516] (wuta_msgs) StdoutLine: {'line': b'-- Found rosidl_default_generators: 1.2.1 (/opt/ros/humble/share/rosidl_default_generators/cmake)\n'}
[2.141686] (robot_localization) StdoutLine: {'line': b'-- Found angles: 1.15.0 (/opt/ros/humble/share/angles/cmake)\n'}
[2.144708] (robot_localization) StdoutLine: {'line': b'-- Found rclcpp: 16.0.19 (/opt/ros/humble/share/rclcpp/cmake)\n'}
[2.145068] (wuta_msgs) StdoutLine: {'line': b'-- Using all available rosidl_typesupport_c: rosidl_typesupport_fastrtps_c;rosidl_typesupport_introspection_c\n'}
[2.150691] (wuta_msgs) StdoutLine: {'line': b'-- Found rosidl_adapter: 3.1.9 (/opt/ros/humble/share/rosidl_adapter/cmake)\n'}
[2.197848] (autoware_msgs) StdoutLine: {'line': b'-- Detecting CXX compiler ABI info - done\n'}
[2.204139] (-) TimerEvent: {}
[2.206801] (autoware_msgs) StdoutLine: {'line': b'-- Check for working CXX compiler: /usr/bin/c++ - skipped\n'}
[2.207143] (autoware_msgs) StdoutLine: {'line': b'-- Detecting CXX compile features\n'}
[2.207367] (autoware_msgs) StdoutLine: {'line': b'-- Detecting CXX compile features - done\n'}
[2.212631] (autoware_msgs) StdoutLine: {'line': b'-- Found ament_cmake: 1.3.14 (/opt/ros/humble/share/ament_cmake/cmake)\n'}
[2.292952] (autoware_msgs) StdoutLine: {'line': b'-- Found Python3: /usr/bin/python3 (found version "3.10.12") found components: Interpreter\n'}
[2.304264] (-) TimerEvent: {}
[2.330691] (autoware_msgs) StdoutLine: {'line': b'-- Override CMake install command with custom implementation using symlinks instead of copying resources\n'}
[2.345698] (autoware_msgs) StdoutLine: {'line': b'-- Found rosidl_default_generators: 1.2.1 (/opt/ros/humble/share/rosidl_default_generators/cmake)\n'}
[2.347319] (autoware_msgs) StdoutLine: {'line': b'-- Using all available rosidl_typesupport_c: rosidl_typesupport_fastrtps_c;rosidl_typesupport_introspection_c\n'}
[2.351423] (autoware_msgs) StdoutLine: {'line': b'-- Found rosidl_adapter: 3.1.9 (/opt/ros/humble/share/rosidl_adapter/cmake)\n'}
[2.351645] (robot_localization) StdoutLine: {'line': b'-- Found rosidl_generator_c: 3.1.9 (/opt/ros/humble/share/rosidl_generator_c/cmake)\n'}
[2.354452] (robot_localization) StdoutLine: {'line': b'-- Found rosidl_adapter: 3.1.9 (/opt/ros/humble/share/rosidl_adapter/cmake)\n'}
[2.361639] (robot_localization) StdoutLine: {'line': b'-- Found rosidl_generator_cpp: 3.1.9 (/opt/ros/humble/share/rosidl_generator_cpp/cmake)\n'}
[2.364487] (wuta_msgs) StdoutLine: {'line': b'-- Using all available rosidl_typesupport_cpp: rosidl_typesupport_fastrtps_cpp;rosidl_typesupport_introspection_cpp\n'}
[2.376166] (robot_localization) StdoutLine: {'line': b'-- Using all available rosidl_typesupport_c: rosidl_typesupport_fastrtps_c;rosidl_typesupport_introspection_c\n'}
[2.387498] (robot_localization) StdoutLine: {'line': b'-- Using all available rosidl_typesupport_cpp: rosidl_typesupport_fastrtps_cpp;rosidl_typesupport_introspection_cpp\n'}
[2.400625] (wuta_msgs) StdoutLine: {'line': b'-- Found std_msgs: 4.9.1 (/opt/ros/humble/share/std_msgs/cmake)\n'}
[2.404421] (-) TimerEvent: {}
[2.427952] (wuta_msgs) StdoutLine: {'line': b'-- Found geometry_msgs: 4.9.1 (/opt/ros/humble/share/geometry_msgs/cmake)\n'}
[2.437469] (robot_localization) StdoutLine: {'line': b'-- Found rmw_implementation_cmake: 6.1.2 (/opt/ros/humble/share/rmw_implementation_cmake/cmake)\n'}
[2.440727] (robot_localization) StdoutLine: {'line': b'-- Found rmw_fastrtps_cpp: 6.2.10 (/opt/ros/humble/share/rmw_fastrtps_cpp/cmake)\n'}
[2.504575] (-) TimerEvent: {}
[2.604813] (-) TimerEvent: {}
[2.705069] (-) TimerEvent: {}
[2.729415] (autoware_msgs) StdoutLine: {'line': b'-- Using all available rosidl_typesupport_cpp: rosidl_typesupport_fastrtps_cpp;rosidl_typesupport_introspection_cpp\n'}
[2.730657] (wuta_msgs) StdoutLine: {'line': b'-- Found ament_cmake_ros: 0.10.0 (/opt/ros/humble/share/ament_cmake_ros/cmake)\n'}
[2.754508] (autoware_msgs) StdoutLine: {'line': b'-- Found std_msgs: 4.9.1 (/opt/ros/humble/share/std_msgs/cmake)\n'}
[2.773099] (autoware_msgs) StdoutLine: {'line': b'-- Found geometry_msgs: 4.9.1 (/opt/ros/humble/share/geometry_msgs/cmake)\n'}
[2.805232] (-) TimerEvent: {}
[2.905487] (-) TimerEvent: {}
[3.005702] (-) TimerEvent: {}
[3.037862] (wuta_msgs) StdoutLine: {'line': b'-- Using all available rosidl_typesupport_c: rosidl_typesupport_fastrtps_c;rosidl_typesupport_introspection_c\n'}
[3.052190] (autoware_msgs) StdoutLine: {'line': b'-- Found ament_cmake_ros: 0.10.0 (/opt/ros/humble/share/ament_cmake_ros/cmake)\n'}
[3.105864] (-) TimerEvent: {}
[3.206087] (-) TimerEvent: {}
[3.306306] (-) TimerEvent: {}
[3.330276] (autoware_msgs) StdoutLine: {'line': b'-- Using all available rosidl_typesupport_c: rosidl_typesupport_fastrtps_c;rosidl_typesupport_introspection_c\n'}
[3.406440] (-) TimerEvent: {}
[3.416942] (wuta_msgs) StdoutLine: {'line': b'-- Using all available rosidl_typesupport_cpp: rosidl_typesupport_fastrtps_cpp;rosidl_typesupport_introspection_cpp\n'}
[3.419639] (wuta_msgs) StderrLine: {'line': b'CMake Warning (dev) at /opt/ros/humble/share/rosidl_generator_py/cmake/rosidl_generator_py_generate_interfaces.cmake:20 (find_package):\n'}
[3.419789] (wuta_msgs) StderrLine: {'line': b'  Policy CMP0148 is not set: The FindPythonInterp and FindPythonLibs modules\n'}
[3.419820] (wuta_msgs) StderrLine: {'line': b'  are removed.  Run "cmake --help-policy CMP0148" for policy details.  Use\n'}
[3.419844] (wuta_msgs) StderrLine: {'line': b'  the cmake_policy command to set the policy and suppress this warning.\n'}
[3.419866] (wuta_msgs) StderrLine: {'line': b'\n'}
[3.419887] (wuta_msgs) StderrLine: {'line': b'Call Stack (most recent call first):\n'}
[3.419908] (wuta_msgs) StderrLine: {'line': b'  /opt/ros/humble/share/ament_cmake_core/cmake/core/ament_execute_extensions.cmake:48 (include)\n'}
[3.419929] (wuta_msgs) StderrLine: {'line': b'  /opt/ros/humble/share/rosidl_cmake/cmake/rosidl_generate_interfaces.cmake:286 (ament_execute_extensions)\n'}
[3.419949] (wuta_msgs) StderrLine: {'line': b'  CMakeLists.txt:9 (rosidl_generate_interfaces)\n'}
[3.419969] (wuta_msgs) StderrLine: {'line': b'This warning is for project developers.  Use -Wno-dev to suppress it.\n'}
[3.419988] (wuta_msgs) StderrLine: {'line': b'\n'}
[3.506583] (-) TimerEvent: {}
[3.586291] (wuta_msgs) StdoutLine: {'line': b'-- Found PythonInterp: /usr/bin/python3 (found suitable version "3.10.12", minimum required is "3.6")\n'}
[3.588327] (wuta_msgs) StdoutLine: {'line': b'-- Found python_cmake_module: 0.10.0 (/opt/ros/humble/share/python_cmake_module/cmake)\n'}
[3.589246] (wuta_msgs) StderrLine: {'line': b'CMake Warning (dev) at /opt/ros/humble/share/python_cmake_module/cmake/Modules/FindPythonExtra.cmake:52 (find_package):\n'}
[3.589322] (wuta_msgs) StderrLine: {'line': b'  Policy CMP0148 is not set: The FindPythonInterp and FindPythonLibs modules\n'}
[3.589353] (wuta_msgs) StderrLine: {'line': b'  are removed.  Run "cmake --help-policy CMP0148" for policy details.  Use\n'}
[3.589378] (wuta_msgs) StderrLine: {'line': b'  the cmake_policy command to set the policy and suppress this warning.\n'}
[3.589402] (wuta_msgs) StderrLine: {'line': b'\n'}
[3.589425] (wuta_msgs) StderrLine: {'line': b'Call Stack (most recent call first):\n'}
[3.589447] (wuta_msgs) StderrLine: {'line': b'  /opt/ros/humble/share/rosidl_generator_py/cmake/rosidl_generator_py_generate_interfaces.cmake:23 (find_package)\n'}
[3.589476] (wuta_msgs) StderrLine: {'line': b'  /opt/ros/humble/share/ament_cmake_core/cmake/core/ament_execute_extensions.cmake:48 (include)\n'}
[3.589497] (wuta_msgs) StderrLine: {'line': b'  /opt/ros/humble/share/rosidl_cmake/cmake/rosidl_generate_interfaces.cmake:286 (ament_execute_extensions)\n'}
[3.589517] (wuta_msgs) StderrLine: {'line': b'  CMakeLists.txt:9 (rosidl_generate_interfaces)\n'}
[3.589537] (wuta_msgs) StderrLine: {'line': b'This warning is for project developers.  Use -Wno-dev to suppress it.\n'}
[3.589556] (wuta_msgs) StderrLine: {'line': b'\n'}
[3.601301] (wuta_msgs) StderrLine: {'line': b'CMake Warning (dev) at /opt/ros/humble/share/python_cmake_module/cmake/Modules/FindPythonExtra.cmake:140 (find_package):\n'}
[3.601415] (wuta_msgs) StderrLine: {'line': b'  Policy CMP0148 is not set: The FindPythonInterp and FindPythonLibs modules\n'}
[3.601447] (wuta_msgs) StderrLine: {'line': b'  are removed.  Run "cmake --help-policy CMP0148" for policy details.  Use\n'}
[3.601473] (wuta_msgs) StderrLine: {'line': b'  the cmake_policy command to set the policy and suppress this warning.\n'}
[3.601497] (wuta_msgs) StderrLine: {'line': b'\n'}
[3.601519] (wuta_msgs) StderrLine: {'line': b'Call Stack (most recent call first):\n'}
[3.601541] (wuta_msgs) StderrLine: {'line': b'  /opt/ros/humble/share/rosidl_generator_py/cmake/rosidl_generator_py_generate_interfaces.cmake:23 (find_package)\n'}
[3.601570] (wuta_msgs) StderrLine: {'line': b'  /opt/ros/humble/share/ament_cmake_core/cmake/core/ament_execute_extensions.cmake:48 (include)\n'}
[3.601590] (wuta_msgs) StderrLine: {'line': b'  /opt/ros/humble/share/rosidl_cmake/cmake/rosidl_generate_interfaces.cmake:286 (ament_execute_extensions)\n'}
[3.601609] (wuta_msgs) StderrLine: {'line': b'  CMakeLists.txt:9 (rosidl_generate_interfaces)\n'}
[3.601625] (wuta_msgs) StderrLine: {'line': b'This warning is for project developers.  Use -Wno-dev to suppress it.\n'}
[3.601643] (wuta_msgs) StderrLine: {'line': b'\n'}
[3.606697] (-) TimerEvent: {}
[3.706919] (-) TimerEvent: {}
[3.711864] (autoware_msgs) StdoutLine: {'line': b'-- Using all available rosidl_typesupport_cpp: rosidl_typesupport_fastrtps_cpp;rosidl_typesupport_introspection_cpp\n'}
[3.713465] (autoware_msgs) StderrLine: {'line': b'CMake Warning (dev) at /opt/ros/humble/share/rosidl_generator_py/cmake/rosidl_generator_py_generate_interfaces.cmake:20 (find_package):\n'}
[3.713566] (autoware_msgs) StderrLine: {'line': b'  Policy CMP0148 is not set: The FindPythonInterp and FindPythonLibs modules\n'}
[3.713599] (autoware_msgs) StderrLine: {'line': b'  are removed.  Run "cmake --help-policy CMP0148" for policy details.  Use\n'}
[3.713626] (autoware_msgs) StderrLine: {'line': b'  the cmake_policy command to set the policy and suppress this warning.\n'}
[3.713650] (autoware_msgs) StderrLine: {'line': b'\n'}
[3.713672] (autoware_msgs) StderrLine: {'line': b'Call Stack (most recent call first):\n'}
[3.713692] (autoware_msgs) StderrLine: {'line': b'  /opt/ros/humble/share/ament_cmake_core/cmake/core/ament_execute_extensions.cmake:48 (include)\n'}
[3.713720] (autoware_msgs) StderrLine: {'line': b'  /opt/ros/humble/share/rosidl_cmake/cmake/rosidl_generate_interfaces.cmake:286 (ament_execute_extensions)\n'}
[3.713740] (autoware_msgs) StderrLine: {'line': b'  CMakeLists.txt:13 (rosidl_generate_interfaces)\n'}
[3.713759] (autoware_msgs) StderrLine: {'line': b'This warning is for project developers.  Use -Wno-dev to suppress it.\n'}
[3.713778] (autoware_msgs) StderrLine: {'line': b'\n'}
[3.807083] (-) TimerEvent: {}
[3.859889] (autoware_msgs) StdoutLine: {'line': b'-- Found PythonInterp: /usr/bin/python3 (found suitable version "3.10.12", minimum required is "3.6")\n'}
[3.860701] (autoware_msgs) StdoutLine: {'line': b'-- Found python_cmake_module: 0.10.0 (/opt/ros/humble/share/python_cmake_module/cmake)\n'}
[3.861077] (autoware_msgs) StderrLine: {'line': b'CMake Warning (dev) at /opt/ros/humble/share/python_cmake_module/cmake/Modules/FindPythonExtra.cmake:52 (find_package):\n'}
[3.861138] (autoware_msgs) StderrLine: {'line': b'  Policy CMP0148 is not set: The FindPythonInterp and FindPythonLibs modules\n'}
[3.861169] (autoware_msgs) StderrLine: {'line': b'  are removed.  Run "cmake --help-policy CMP0148" for policy details.  Use\n'}
[3.861194] (autoware_msgs) StderrLine: {'line': b'  the cmake_policy command to set the policy and suppress this warning.\n'}
[3.861216] (autoware_msgs) StderrLine: {'line': b'\n'}
[3.861236] (autoware_msgs) StderrLine: {'line': b'Call Stack (most recent call first):\n'}
[3.861257] (autoware_msgs) StderrLine: {'line': b'  /opt/ros/humble/share/rosidl_generator_py/cmake/rosidl_generator_py_generate_interfaces.cmake:23 (find_package)\n'}
[3.861286] (autoware_msgs) StderrLine: {'line': b'  /opt/ros/humble/share/ament_cmake_core/cmake/core/ament_execute_extensions.cmake:48 (include)\n'}
[3.861306] (autoware_msgs) StderrLine: {'line': b'  /opt/ros/humble/share/rosidl_cmake/cmake/rosidl_generate_interfaces.cmake:286 (ament_execute_extensions)\n'}
[3.861324] (autoware_msgs) StderrLine: {'line': b'  CMakeLists.txt:13 (rosidl_generate_interfaces)\n'}
[3.861343] (autoware_msgs) StderrLine: {'line': b'This warning is for project developers.  Use -Wno-dev to suppress it.\n'}
[3.861362] (autoware_msgs) StderrLine: {'line': b'\n'}
[3.873889] (autoware_msgs) StderrLine: {'line': b'CMake Warning (dev) at /opt/ros/humble/share/python_cmake_module/cmake/Modules/FindPythonExtra.cmake:140 (find_package):\n'}
[3.874048] (autoware_msgs) StderrLine: {'line': b'  Policy CMP0148 is not set: The FindPythonInterp and FindPythonLibs modules\n'}
[3.874082] (autoware_msgs) StderrLine: {'line': b'  are removed.  Run "cmake --help-policy CMP0148" for policy details.  Use\n'}
[3.874108] (autoware_msgs) StderrLine: {'line': b'  the cmake_policy command to set the policy and suppress this warning.\n'}
[3.874146] (autoware_msgs) StderrLine: {'line': b'\n'}
[3.874182] (autoware_msgs) StderrLine: {'line': b'Call Stack (most recent call first):\n'}
[3.874216] (autoware_msgs) StderrLine: {'line': b'  /opt/ros/humble/share/rosidl_generator_py/cmake/rosidl_generator_py_generate_interfaces.cmake:23 (find_package)\n'}
[3.874239] (autoware_msgs) StderrLine: {'line': b'  /opt/ros/humble/share/ament_cmake_core/cmake/core/ament_execute_extensions.cmake:48 (include)\n'}
[3.874260] (autoware_msgs) StderrLine: {'line': b'  /opt/ros/humble/share/rosidl_cmake/cmake/rosidl_generate_interfaces.cmake:286 (ament_execute_extensions)\n'}
[3.874281] (autoware_msgs) StderrLine: {'line': b'  CMakeLists.txt:13 (rosidl_generate_interfaces)\n'}
[3.874301] (autoware_msgs) StderrLine: {'line': b'This warning is for project developers.  Use -Wno-dev to suppress it.\n'}
[3.874320] (autoware_msgs) StderrLine: {'line': b'\n'}
[3.907227] (-) TimerEvent: {}
[4.007519] (-) TimerEvent: {}
[4.107788] (-) TimerEvent: {}
[4.208037] (-) TimerEvent: {}
[4.308276] (-) TimerEvent: {}
[4.408523] (-) TimerEvent: {}
[4.508773] (-) TimerEvent: {}
[4.609026] (-) TimerEvent: {}
[4.709277] (-) TimerEvent: {}
[4.721757] (wuta_msgs) StdoutLine: {'line': b'-- Found PythonLibs: /usr/lib/x86_64-linux-gnu/libpython3.10.so (found suitable version "3.10.12", minimum required is "3.5")\n'}
[4.721947] (wuta_msgs) StdoutLine: {'line': b'-- Using PYTHON_EXECUTABLE: /usr/bin/python3\n'}
[4.721989] (wuta_msgs) StdoutLine: {'line': b'-- Using PYTHON_INCLUDE_DIRS: /usr/include/python3.10\n'}
[4.722016] (wuta_msgs) StdoutLine: {'line': b'-- Using PYTHON_LIBRARIES: /usr/lib/x86_64-linux-gnu/libpython3.10.so\n'}
[4.734397] (wuta_msgs) StdoutLine: {'line': b'-- Found PythonExtra: .so\n'}
[4.809425] (-) TimerEvent: {}
[4.909656] (-) TimerEvent: {}
[4.930601] (wuta_msgs) StdoutLine: {'line': b'-- Configuring done (4.9s)\n'}
[4.947550] (autoware_msgs) StdoutLine: {'line': b'-- Found PythonLibs: /usr/lib/x86_64-linux-gnu/libpython3.10.so (found suitable version "3.10.12", minimum required is "3.5")\n'}
[4.947730] (autoware_msgs) StdoutLine: {'line': b'-- Using PYTHON_EXECUTABLE: /usr/bin/python3\n'}
[4.947767] (autoware_msgs) StdoutLine: {'line': b'-- Using PYTHON_INCLUDE_DIRS: /usr/include/python3.10\n'}
[4.947812] (autoware_msgs) StdoutLine: {'line': b'-- Using PYTHON_LIBRARIES: /usr/lib/x86_64-linux-gnu/libpython3.10.so\n'}
[4.960029] (autoware_msgs) StdoutLine: {'line': b'-- Found PythonExtra: .so\n'}
[4.966931] (wuta_msgs) StdoutLine: {'line': b'-- Generating done (0.0s)\n'}
[4.977969] (wuta_msgs) StdoutLine: {'line': b'-- Build files have been written to: /home/g2909/WUTA1/WUTA-FSD/ros2_ws/build/wuta_msgs\n'}
[4.986251] (wuta_msgs) CommandEnded: {'returncode': 0}
[4.987726] (wuta_msgs) JobProgress: {'identifier': 'wuta_msgs', 'progress': 'build'}
[4.987966] (wuta_msgs) Command: {'cmd': ['/home/g2909/.local/bin/cmake', '--build', '/home/g2909/WUTA1/WUTA-FSD/ros2_ws/build/wuta_msgs', '--', '-j16', '-l16'], 'cwd': '/home/g2909/WUTA1/WUTA-FSD/ros2_ws/build/wuta_msgs', 'env': OrderedDict([('USER', 'g2909'), ('VSCODE_WSL_EXT_LOCATION', '/mnt/c/Users/g2909/.vscode/extensions/ms-vscode-remote.remote-wsl-0.104.3'), ('SHLVL', '1'), ('LD_LIBRARY_PATH', '/opt/ros/humble/opt/rviz_ogre_vendor/lib:/opt/ros/humble/lib/x86_64-linux-gnu:/opt/ros/humble/lib'), ('HOME', '/home/g2909'), ('OLDPWD', '/home/g2909/WUTA-FSD'), ('ROS_PYTHON_VERSION', '3'), ('DBUS_SESSION_BUS_ADDRESS', 'unix:path=/run/user/1000/bus'), ('WSL_DISTRO_NAME', 'Ubuntu-22.04'), ('WAYLAND_DISPLAY', 'wayland-0'), ('ROS_DISTRO', 'humble'), ('LOGNAME', 'g2909'), ('NAME', 'GaoMing'), ('WSL_INTEROP', '/run/WSL/39189_interop'), ('PULSE_SERVER', 'unix:/mnt/wslg/PulseServer'), ('_', '/usr/bin/colcon'), ('ROS_VERSION', '2'), ('TERM', 'xterm-256color'), ('ROS_LOCALHOST_ONLY', '0'), ('PATH', '/opt/ros/humble/bin:/home/g2909/.local/bin:/usr/local/sbin:/usr/local/bin:/usr/sbin:/usr/bin:/sbin:/bin:/usr/games:/usr/local/games:/usr/lib/wsl/lib:/mnt/c/Users/g2909/bin:/mnt/c/Program Files/Git/mingw64/bin:/mnt/c/Program Files/Git/usr/local/bin:/mnt/c/Program Files/Git/usr/bin:/mnt/c/Program Files/Git/usr/bin:/mnt/c/Program Files/Git/mingw64/bin:/mnt/c/Program Files/Git/usr/bin:/mnt/c/Users/g2909/bin:/mnt/c/Program Files/NVIDIA GPU Computing Toolkit/CUDA/v12.9/bin:/mnt/c/Program Files/NVIDIA GPU Computing Toolkit/CUDA/v12.9/libnvvp:/mnt/c/Program Files/Common Files/Oracle/Java/javapath:/mnt/c/Users/g2909/miniconda3:/mnt/c/Users/g2909/miniconda3/Scripts:/mnt/c/Users/g2909/miniconda3/Library/bin:/mnt/c/Windows/system32:/mnt/c/Windows:/mnt/c/Windows/System32/Wbem:/mnt/c/Windows/System32/WindowsPowerShell/v1.0:/mnt/c/mingw64/bin:/mnt/c/Users/g2909/AppData/Local/Programs/Python/Python313:/mnt/c/Users/g2909/AppData/Local/Programs/Python/Python313/Scripts:/mnt/c/Windows/System32/OpenSSH:/mnt/c/Program Files/NVIDIA Corporation/NVIDIA App/NvDLISR:/mnt/c/Program Files (x86)/NVIDIA Corporation/PhysX/Common:/mnt/c/Program Files/dotnet:/mnt/c/Users/g2909/AppData/Local/Android/Sdk/platform-tools:/mnt/c/Program Files/Git/cmd:/mnt/d/SVN/bin:/mnt/c/Program Files/NVIDIA Corporation/Nsight Compute 2025.2.1:/mnt/c/Program Files (x86)/Windows Kits/10/Windows Performance Toolkit:/mnt/c/Program Files (x86)/Microsoft SQL Server/160/Tools/Binn:/mnt/c/Program Files/Microsoft SQL Server/160/Tools/Binn:/mnt/c/Program Files/Microsoft SQL Server/Client SDK/ODBC/170/Tools/Binn:/mnt/c/Program Files/Microsoft SQL Server/160/DTS/Binn:/mnt/c/Program Files (x86)/Windows Kits/8.1/Windows Performance Toolkit:/mnt/c/WINDOWS/system32:/mnt/c/WINDOWS:/mnt/c/WINDOWS/System32/Wbem:/mnt/c/WINDOWS/System32/WindowsPowerShell/v1.0:/mnt/c/WINDOWS/System32/OpenSSH:/mnt/c/Program Files/usbipd-win:/mnt/c/Program Files/MATLAB/R2025b/bin:/mnt/c/Program Files/NVIDIA GPU Computing Toolkit/CUDA/v12.9/bin:/mnt/c/Program Files/NVIDIA GPU Computing Toolkit/CUDA/v12.9/libnvvp:/mnt/c/Program Files/Common Files/Oracle/Java/javapath:/mnt/c/Users/g2909/miniconda3:/mnt/c/Users/g2909/miniconda3/Scripts:/mnt/c/Users/g2909/miniconda3/Library/bin:/mnt/c/Windows/system32:/mnt/c/Windows:/mnt/c/Windows/System32/Wbem:/mnt/c/Windows/System32/WindowsPowerShell/v1.0:/mnt/c/mingw64/bin:/mnt/c/Users/g2909/AppData/Local/Programs/Python/Python313:/mnt/c/Users/g2909/AppData/Local/Programs/Python/Python313/Scripts:/mnt/c/Windows/System32/OpenSSH:/mnt/c/Program Files/NVIDIA Corporation/NVIDIA App/NvDLISR:/mnt/c/Program Files (x86)/NVIDIA Corporation/PhysX/Common:/mnt/c/Program Files/dotnet:/mnt/c/Users/g2909/AppData/Local/Android/Sdk/platform-tools:/mnt/c/Program Files/Git/cmd:/mnt/d/SVN/bin:/mnt/c/Program Files/NVIDIA Corporation/Nsight Compute 2025.2.1:/mnt/c/Program Files (x86)/Windows Kits/10/Windows Performance Toolkit:/mnt/c/Program Files (x86)/Microsoft SQL Server/160/Tools/Binn:/mnt/c/Program Files/Microsoft SQL Server/160/Tools/Binn:/mnt/c/Program Files/Microsoft SQL Server/Client SDK/ODBC/170/Tools/Binn:/mnt/c/Program Files/Microsoft SQL Server/160/DTS/Binn:/mnt/c/Program Files (x86)/Windows Kits/8.1/Windows Performance Toolkit:/mnt/c/WINDOWS/system32:/mnt/c/WINDOWS:/mnt/c/WINDOWS/System32/Wbem:/mnt/c/WINDOWS/System32/WindowsPowerShell/v1.0:/mnt/c/WINDOWS/System32/OpenSSH:/mnt/c/Program Files/usbipd-win:/mnt/c/Program Files/MATLAB/R2025b/bin:/mnt/c/Users/g2909/AppData/Local/Android/Sdk/platform-tools:/mnt/d/Microsoft VS Code/bin:/mnt/c/Users/g2909/AppData/Local/Programs/Ollama:/mnt/c/Users/g2909/AppData/Local/Microsoft/WindowsApps:/mnt/c/Program Files/Git/usr/bin:/mnt/c/Program Files/Git/cmd:/mnt/c/Users/g2909/AppData/Local/Programs/nodejs:/mnt/c/Program Files/Git/usr/bin/vendor_perl:/mnt/c/Program Files/Git/usr/bin/core_perl:/snap/bin'), ('XDG_RUNTIME_DIR', '/run/user/1000/'), ('DISPLAY', ':0'), ('LANG', 'C.UTF-8'), ('AMENT_PREFIX_PATH', '/opt/ros/humble'), ('SHELL', '/bin/bash'), ('PWD', '/home/g2909/WUTA1/WUTA-FSD/ros2_ws/build/wuta_msgs'), ('XDG_DATA_DIRS', '/usr/local/share:/usr/share:/var/lib/snapd/desktop'), ('PYTHONPATH', '/opt/ros/humble/lib/python3.10/site-packages:/opt/ros/humble/local/lib/python3.10/dist-packages'), ('COLCON', '1'), ('WSL2_GUI_APPS_ENABLED', '1'), ('HOSTTYPE', 'x86_64'), ('WSLENV', 'VSCODE_WSL_EXT_LOCATION/up'), ('CMAKE_PREFIX_PATH', '/opt/ros/humble')]), 'shell': False}
[5.009795] (-) TimerEvent: {}
[5.042742] (wuta_msgs) StdoutLine: {'line': b'[  1%] Generating C code for ROS interfaces\n'}
[5.046178] (wuta_msgs) StdoutLine: {'line': b'[  3%] Generating C++ code for ROS interfaces\n'}
[5.046575] (wuta_msgs) StdoutLine: {'line': b'[  5%] Generating Rust code for ROS interfaces\n'}
[5.049101] (wuta_msgs) StdoutLine: {'line': b'[  5%] Built target ament_cmake_python_symlink_wuta_msgs\n'}
[5.109944] (-) TimerEvent: {}
[5.177446] (wuta_msgs) StdoutLine: {'line': b'running egg_info\n'}
[5.177901] (wuta_msgs) StdoutLine: {'line': b'creating wuta_msgs.egg-info\n'}
[5.178329] (wuta_msgs) StdoutLine: {'line': b'writing wuta_msgs.egg-info/PKG-INFO\n'}
[5.178407] (wuta_msgs) StdoutLine: {'line': b'writing dependency_links to wuta_msgs.egg-info/dependency_links.txt\n'}
[5.178446] (wuta_msgs) StdoutLine: {'line': b'writing top-level names to wuta_msgs.egg-info/top_level.txt\n'}
[5.178582] (wuta_msgs) StdoutLine: {'line': b"writing manifest file 'wuta_msgs.egg-info/SOURCES.txt'\n"}
[5.180348] (wuta_msgs) StdoutLine: {'line': b"reading manifest file 'wuta_msgs.egg-info/SOURCES.txt'\n"}
[5.180598] (wuta_msgs) StdoutLine: {'line': b"writing manifest file 'wuta_msgs.egg-info/SOURCES.txt'\n"}
[5.196913] (wuta_msgs) StdoutLine: {'line': b'[  5%] Built target ament_cmake_python_build_wuta_msgs_egg\n'}
[5.210084] (-) TimerEvent: {}
[5.210651] (autoware_msgs) StdoutLine: {'line': b'-- Configuring done (5.1s)\n'}
[5.243719] (autoware_msgs) StdoutLine: {'line': b'-- Generating done (0.0s)\n'}
[5.255226] (autoware_msgs) StdoutLine: {'line': b'-- Build files have been written to: /home/g2909/WUTA1/WUTA-FSD/ros2_ws/build/autoware_msgs\n'}
[5.262968] (autoware_msgs) CommandEnded: {'returncode': 0}
[5.263258] (autoware_msgs) JobProgress: {'identifier': 'autoware_msgs', 'progress': 'build'}
[5.263278] (autoware_msgs) Command: {'cmd': ['/home/g2909/.local/bin/cmake', '--build', '/home/g2909/WUTA1/WUTA-FSD/ros2_ws/build/autoware_msgs', '--', '-j16', '-l16'], 'cwd': '/home/g2909/WUTA1/WUTA-FSD/ros2_ws/build/autoware_msgs', 'env': OrderedDict([('USER', 'g2909'), ('VSCODE_WSL_EXT_LOCATION', '/mnt/c/Users/g2909/.vscode/extensions/ms-vscode-remote.remote-wsl-0.104.3'), ('SHLVL', '1'), ('LD_LIBRARY_PATH', '/opt/ros/humble/opt/rviz_ogre_vendor/lib:/opt/ros/humble/lib/x86_64-linux-gnu:/opt/ros/humble/lib'), ('HOME', '/home/g2909'), ('OLDPWD', '/home/g2909/WUTA-FSD'), ('ROS_PYTHON_VERSION', '3'), ('DBUS_SESSION_BUS_ADDRESS', 'unix:path=/run/user/1000/bus'), ('WSL_DISTRO_NAME', 'Ubuntu-22.04'), ('WAYLAND_DISPLAY', 'wayland-0'), ('ROS_DISTRO', 'humble'), ('LOGNAME', 'g2909'), ('NAME', 'GaoMing'), ('WSL_INTEROP', '/run/WSL/39189_interop'), ('PULSE_SERVER', 'unix:/mnt/wslg/PulseServer'), ('_', '/usr/bin/colcon'), ('ROS_VERSION', '2'), ('TERM', 'xterm-256color'), ('ROS_LOCALHOST_ONLY', '0'), ('PATH', '/opt/ros/humble/bin:/home/g2909/.local/bin:/usr/local/sbin:/usr/local/bin:/usr/sbin:/usr/bin:/sbin:/bin:/usr/games:/usr/local/games:/usr/lib/wsl/lib:/mnt/c/Users/g2909/bin:/mnt/c/Program Files/Git/mingw64/bin:/mnt/c/Program Files/Git/usr/local/bin:/mnt/c/Program Files/Git/usr/bin:/mnt/c/Program Files/Git/usr/bin:/mnt/c/Program Files/Git/mingw64/bin:/mnt/c/Program Files/Git/usr/bin:/mnt/c/Users/g2909/bin:/mnt/c/Program Files/NVIDIA GPU Computing Toolkit/CUDA/v12.9/bin:/mnt/c/Program Files/NVIDIA GPU Computing Toolkit/CUDA/v12.9/libnvvp:/mnt/c/Program Files/Common Files/Oracle/Java/javapath:/mnt/c/Users/g2909/miniconda3:/mnt/c/Users/g2909/miniconda3/Scripts:/mnt/c/Users/g2909/miniconda3/Library/bin:/mnt/c/Windows/system32:/mnt/c/Windows:/mnt/c/Windows/System32/Wbem:/mnt/c/Windows/System32/WindowsPowerShell/v1.0:/mnt/c/mingw64/bin:/mnt/c/Users/g2909/AppData/Local/Programs/Python/Python313:/mnt/c/Users/g2909/AppData/Local/Programs/Python/Python313/Scripts:/mnt/c/Windows/System32/OpenSSH:/mnt/c/Program Files/NVIDIA Corporation/NVIDIA App/NvDLISR:/mnt/c/Program Files (x86)/NVIDIA Corporation/PhysX/Common:/mnt/c/Program Files/dotnet:/mnt/c/Users/g2909/AppData/Local/Android/Sdk/platform-tools:/mnt/c/Program Files/Git/cmd:/mnt/d/SVN/bin:/mnt/c/Program Files/NVIDIA Corporation/Nsight Compute 2025.2.1:/mnt/c/Program Files (x86)/Windows Kits/10/Windows Performance Toolkit:/mnt/c/Program Files (x86)/Microsoft SQL Server/160/Tools/Binn:/mnt/c/Program Files/Microsoft SQL Server/160/Tools/Binn:/mnt/c/Program Files/Microsoft SQL Server/Client SDK/ODBC/170/Tools/Binn:/mnt/c/Program Files/Microsoft SQL Server/160/DTS/Binn:/mnt/c/Program Files (x86)/Windows Kits/8.1/Windows Performance Toolkit:/mnt/c/WINDOWS/system32:/mnt/c/WINDOWS:/mnt/c/WINDOWS/System32/Wbem:/mnt/c/WINDOWS/System32/WindowsPowerShell/v1.0:/mnt/c/WINDOWS/System32/OpenSSH:/mnt/c/Program Files/usbipd-win:/mnt/c/Program Files/MATLAB/R2025b/bin:/mnt/c/Program Files/NVIDIA GPU Computing Toolkit/CUDA/v12.9/bin:/mnt/c/Program Files/NVIDIA GPU Computing Toolkit/CUDA/v12.9/libnvvp:/mnt/c/Program Files/Common Files/Oracle/Java/javapath:/mnt/c/Users/g2909/miniconda3:/mnt/c/Users/g2909/miniconda3/Scripts:/mnt/c/Users/g2909/miniconda3/Library/bin:/mnt/c/Windows/system32:/mnt/c/Windows:/mnt/c/Windows/System32/Wbem:/mnt/c/Windows/System32/WindowsPowerShell/v1.0:/mnt/c/mingw64/bin:/mnt/c/Users/g2909/AppData/Local/Programs/Python/Python313:/mnt/c/Users/g2909/AppData/Local/Programs/Python/Python313/Scripts:/mnt/c/Windows/System32/OpenSSH:/mnt/c/Program Files/NVIDIA Corporation/NVIDIA App/NvDLISR:/mnt/c/Program Files (x86)/NVIDIA Corporation/PhysX/Common:/mnt/c/Program Files/dotnet:/mnt/c/Users/g2909/AppData/Local/Android/Sdk/platform-tools:/mnt/c/Program Files/Git/cmd:/mnt/d/SVN/bin:/mnt/c/Program Files/NVIDIA Corporation/Nsight Compute 2025.2.1:/mnt/c/Program Files (x86)/Windows Kits/10/Windows Performance Toolkit:/mnt/c/Program Files (x86)/Microsoft SQL Server/160/Tools/Binn:/mnt/c/Program Files/Microsoft SQL Server/160/Tools/Binn:/mnt/c/Program Files/Microsoft SQL Server/Client SDK/ODBC/170/Tools/Binn:/mnt/c/Program Files/Microsoft SQL Server/160/DTS/Binn:/mnt/c/Program Files (x86)/Windows Kits/8.1/Windows Performance Toolkit:/mnt/c/WINDOWS/system32:/mnt/c/WINDOWS:/mnt/c/WINDOWS/System32/Wbem:/mnt/c/WINDOWS/System32/WindowsPowerShell/v1.0:/mnt/c/WINDOWS/System32/OpenSSH:/mnt/c/Program Files/usbipd-win:/mnt/c/Program Files/MATLAB/R2025b/bin:/mnt/c/Users/g2909/AppData/Local/Android/Sdk/platform-tools:/mnt/d/Microsoft VS Code/bin:/mnt/c/Users/g2909/AppData/Local/Programs/Ollama:/mnt/c/Users/g2909/AppData/Local/Microsoft/WindowsApps:/mnt/c/Program Files/Git/usr/bin:/mnt/c/Program Files/Git/cmd:/mnt/c/Users/g2909/AppData/Local/Programs/nodejs:/mnt/c/Program Files/Git/usr/bin/vendor_perl:/mnt/c/Program Files/Git/usr/bin/core_perl:/snap/bin'), ('XDG_RUNTIME_DIR', '/run/user/1000/'), ('DISPLAY', ':0'), ('LANG', 'C.UTF-8'), ('AMENT_PREFIX_PATH', '/opt/ros/humble'), ('SHELL', '/bin/bash'), ('PWD', '/home/g2909/WUTA1/WUTA-FSD/ros2_ws/build/autoware_msgs'), ('XDG_DATA_DIRS', '/usr/local/share:/usr/share:/var/lib/snapd/desktop'), ('PYTHONPATH', '/opt/ros/humble/lib/python3.10/site-packages:/opt/ros/humble/local/lib/python3.10/dist-packages'), ('COLCON', '1'), ('WSL2_GUI_APPS_ENABLED', '1'), ('HOSTTYPE', 'x86_64'), ('WSLENV', 'VSCODE_WSL_EXT_LOCATION/up'), ('CMAKE_PREFIX_PATH', '/opt/ros/humble')]), 'shell': False}
[5.310342] (wuta_msgs) StdoutLine: {'line': b'[  5%] Built target wuta_msgs__rs\n'}
[5.310509] (-) TimerEvent: {}
[5.320610] (autoware_msgs) StdoutLine: {'line': b'[  2%] Generating C code for ROS interfaces\n'}
[5.324624] (autoware_msgs) StdoutLine: {'line': b'[  4%] Generating C++ code for ROS interfaces\n'}
[5.324805] (autoware_msgs) StdoutLine: {'line': b'[  6%] Generating Rust code for ROS interfaces\n'}
[5.328129] (autoware_msgs) StdoutLine: {'line': b'[  6%] Built target ament_cmake_python_symlink_autoware_msgs\n'}
[5.368392] (wuta_msgs) StdoutLine: {'line': b'[  5%] Built target wuta_msgs__cpp\n'}
[5.372658] (wuta_msgs) StdoutLine: {'line': b'[  7%] Generating C++ introspection for ROS interfaces\n'}
[5.372972] (wuta_msgs) StdoutLine: {'line': b'[ 10%] Generating C++ type support dispatch for ROS interfaces\n'}
[5.373026] (wuta_msgs) StdoutLine: {'line': b'[ 10%] Generating C++ type support for eProsima Fast-RTPS\n'}
[5.405294] (wuta_msgs) StdoutLine: {'line': b'[ 14%] Building C object CMakeFiles/wuta_msgs__rosidl_generator_c.dir/rosidl_generator_c/wuta_msgs/msg/detail/cone_array__functions.c.o\n'}
[5.405698] (wuta_msgs) StdoutLine: {'line': b'[ 16%] Building C object CMakeFiles/wuta_msgs__rosidl_generator_c.dir/rosidl_generator_c/wuta_msgs/msg/detail/cone_map__functions.c.o\n'}
[5.406015] (wuta_msgs) StdoutLine: {'line': b'[ 14%] Building C object CMakeFiles/wuta_msgs__rosidl_generator_c.dir/rosidl_generator_c/wuta_msgs/msg/detail/cone__functions.c.o\n'}
[5.407740] (wuta_msgs) StdoutLine: {'line': b'[ 17%] Building C object CMakeFiles/wuta_msgs__rosidl_generator_c.dir/rosidl_generator_c/wuta_msgs/msg/detail/mission_state__functions.c.o\n'}
[5.410673] (-) TimerEvent: {}
[5.452271] (robot_localization) StdoutLine: {'line': b'-- Found OpenSSL: /usr/lib/x86_64-linux-gnu/libcrypto.so (found version "3.0.2")\n'}
[5.464581] (wuta_msgs) StdoutLine: {'line': b'[ 19%] Linking C shared library libwuta_msgs__rosidl_generator_c.so\n'}
[5.468773] (autoware_msgs) StdoutLine: {'line': b'[  6%] Built target autoware_msgs__rs\n'}
[5.480116] (autoware_msgs) StdoutLine: {'line': b'running egg_info\n'}
[5.480746] (autoware_msgs) StdoutLine: {'line': b'creating autoware_msgs.egg-info\n'}
[5.481012] (autoware_msgs) StdoutLine: {'line': b'writing autoware_msgs.egg-info/PKG-INFO\n'}
[5.481265] (autoware_msgs) StdoutLine: {'line': b'writing dependency_links to autoware_msgs.egg-info/dependency_links.txt\n'}
[5.481334] (autoware_msgs) StdoutLine: {'line': b'writing top-level names to autoware_msgs.egg-info/top_level.txt\n'}
[5.481489] (autoware_msgs) StdoutLine: {'line': b"writing manifest file 'autoware_msgs.egg-info/SOURCES.txt'\n"}
[5.482854] (autoware_msgs) StdoutLine: {'line': b"reading manifest file 'autoware_msgs.egg-info/SOURCES.txt'\n"}
[5.483293] (autoware_msgs) StdoutLine: {'line': b"writing manifest file 'autoware_msgs.egg-info/SOURCES.txt'\n"}
[5.500954] (autoware_msgs) StdoutLine: {'line': b'[  6%] Built target ament_cmake_python_build_autoware_msgs_egg\n'}
[5.506697] (autoware_msgs) StdoutLine: {'line': b'[  6%] Built target autoware_msgs__cpp\n'}
[5.510829] (-) TimerEvent: {}
[5.511151] (autoware_msgs) StdoutLine: {'line': b'[  8%] Generating C++ type support for eProsima Fast-RTPS\n'}
[5.511763] (autoware_msgs) StdoutLine: {'line': b'[ 12%] Generating C++ type support dispatch for ROS interfaces\n'}
[5.511846] (autoware_msgs) StdoutLine: {'line': b'[ 10%] Generating C++ introspection for ROS interfaces\n'}
[5.516509] (autoware_msgs) StdoutLine: {'line': b'[ 16%] Building C object CMakeFiles/autoware_msgs__rosidl_generator_c.dir/rosidl_generator_c/autoware_msgs/msg/detail/waypoint__functions.c.o\n'}
[5.516679] (autoware_msgs) StdoutLine: {'line': b'[ 16%] Building C object CMakeFiles/autoware_msgs__rosidl_generator_c.dir/rosidl_generator_c/autoware_msgs/msg/detail/lane__functions.c.o\n'}
[5.516719] (autoware_msgs) StdoutLine: {'line': b'[ 18%] Building C object CMakeFiles/autoware_msgs__rosidl_generator_c.dir/rosidl_generator_c/autoware_msgs/msg/detail/command__functions.c.o\n'}
[5.547511] (autoware_msgs) StdoutLine: {'line': b'[ 20%] Linking C shared library libautoware_msgs__rosidl_generator_c.so\n'}
[5.610976] (-) TimerEvent: {}
[5.647020] (autoware_msgs) StdoutLine: {'line': b'[ 22%] Building CXX object CMakeFiles/autoware_msgs__rosidl_typesupport_cpp.dir/rosidl_typesupport_cpp/autoware_msgs/msg/waypoint__type_support.cpp.o\n'}
[5.647514] (autoware_msgs) StdoutLine: {'line': b'[ 25%] Building CXX object CMakeFiles/autoware_msgs__rosidl_typesupport_cpp.dir/rosidl_typesupport_cpp/autoware_msgs/msg/command__type_support.cpp.o\n'}
[5.647791] (autoware_msgs) StdoutLine: {'line': b'[ 27%] Building CXX object CMakeFiles/autoware_msgs__rosidl_typesupport_cpp.dir/rosidl_typesupport_cpp/autoware_msgs/msg/lane__type_support.cpp.o\n'}
[5.658674] (autoware_msgs) StdoutLine: {'line': b'[ 31%] Building CXX object CMakeFiles/autoware_msgs__rosidl_typesupport_introspection_cpp.dir/rosidl_typesupport_introspection_cpp/autoware_msgs/msg/detail/command__type_support.cpp.o\n'}
[5.658835] (autoware_msgs) StdoutLine: {'line': b'[ 31%] Building CXX object CMakeFiles/autoware_msgs__rosidl_typesupport_introspection_cpp.dir/rosidl_typesupport_introspection_cpp/autoware_msgs/msg/detail/waypoint__type_support.cpp.o\n'}
[5.658906] (autoware_msgs) StdoutLine: {'line': b'[ 33%] Building CXX object CMakeFiles/autoware_msgs__rosidl_typesupport_introspection_cpp.dir/rosidl_typesupport_introspection_cpp/autoware_msgs/msg/detail/lane__type_support.cpp.o\n'}
[5.671719] (autoware_msgs) StdoutLine: {'line': b'[ 37%] Building CXX object CMakeFiles/autoware_msgs__rosidl_typesupport_fastrtps_cpp.dir/rosidl_typesupport_fastrtps_cpp/autoware_msgs/msg/detail/dds_fastrtps/lane__type_support.cpp.o\n'}
[5.671886] (autoware_msgs) StdoutLine: {'line': b'[ 37%] Building CXX object CMakeFiles/autoware_msgs__rosidl_typesupport_fastrtps_cpp.dir/rosidl_typesupport_fastrtps_cpp/autoware_msgs/msg/detail/dds_fastrtps/command__type_support.cpp.o\n'}
[5.671916] (autoware_msgs) StdoutLine: {'line': b'[ 39%] Building CXX object CMakeFiles/autoware_msgs__rosidl_typesupport_fastrtps_cpp.dir/rosidl_typesupport_fastrtps_cpp/autoware_msgs/msg/detail/dds_fastrtps/waypoint__type_support.cpp.o\n'}
[5.693747] (wuta_msgs) StdoutLine: {'line': b'[ 21%] Building CXX object CMakeFiles/wuta_msgs__rosidl_typesupport_cpp.dir/rosidl_typesupport_cpp/wuta_msgs/msg/cone__type_support.cpp.o\n'}
[5.693909] (wuta_msgs) StdoutLine: {'line': b'[ 25%] Building CXX object CMakeFiles/wuta_msgs__rosidl_typesupport_cpp.dir/rosidl_typesupport_cpp/wuta_msgs/msg/cone_map__type_support.cpp.o\n'}
[5.693941] (wuta_msgs) StdoutLine: {'line': b'[ 25%] Building CXX object CMakeFiles/wuta_msgs__rosidl_typesupport_cpp.dir/rosidl_typesupport_cpp/wuta_msgs/msg/mission_state__type_support.cpp.o\n'}
[5.696214] (wuta_msgs) StdoutLine: {'line': b'[ 26%] Building CXX object CMakeFiles/wuta_msgs__rosidl_typesupport_cpp.dir/rosidl_typesupport_cpp/wuta_msgs/msg/cone_array__type_support.cpp.o\n'}
[5.716116] (-) TimerEvent: {}
[5.728202] (wuta_msgs) StdoutLine: {'line': b'[ 28%] Building CXX object CMakeFiles/wuta_msgs__rosidl_typesupport_introspection_cpp.dir/rosidl_typesupport_introspection_cpp/wuta_msgs/msg/detail/cone__type_support.cpp.o\n'}
[5.735444] (wuta_msgs) StdoutLine: {'line': b'[ 32%] Building CXX object CMakeFiles/wuta_msgs__rosidl_typesupport_introspection_cpp.dir/rosidl_typesupport_introspection_cpp/wuta_msgs/msg/detail/cone_array__type_support.cpp.o\n'}
[5.735633] (wuta_msgs) StdoutLine: {'line': b'[ 32%] Building CXX object CMakeFiles/wuta_msgs__rosidl_typesupport_introspection_cpp.dir/rosidl_typesupport_introspection_cpp/wuta_msgs/msg/detail/mission_state__type_support.cpp.o\n'}
[5.735670] (wuta_msgs) StdoutLine: {'line': b'[ 33%] Building CXX object CMakeFiles/wuta_msgs__rosidl_typesupport_introspection_cpp.dir/rosidl_typesupport_introspection_cpp/wuta_msgs/msg/detail/cone_map__type_support.cpp.o\n'}
[5.785424] (wuta_msgs) StdoutLine: {'line': b'[ 35%] Building CXX object CMakeFiles/wuta_msgs__rosidl_typesupport_fastrtps_cpp.dir/rosidl_typesupport_fastrtps_cpp/wuta_msgs/msg/detail/dds_fastrtps/cone__type_support.cpp.o\n'}
[5.805185] (wuta_msgs) StdoutLine: {'line': b'[ 37%] Building CXX object CMakeFiles/wuta_msgs__rosidl_typesupport_fastrtps_cpp.dir/rosidl_typesupport_fastrtps_cpp/wuta_msgs/msg/detail/dds_fastrtps/cone_map__type_support.cpp.o\n'}
[5.813188] (wuta_msgs) StdoutLine: {'line': b'[ 39%] Building CXX object CMakeFiles/wuta_msgs__rosidl_typesupport_fastrtps_cpp.dir/rosidl_typesupport_fastrtps_cpp/wuta_msgs/msg/detail/dds_fastrtps/cone_array__type_support.cpp.o\n'}
[5.813570] (wuta_msgs) StdoutLine: {'line': b'[ 41%] Building CXX object CMakeFiles/wuta_msgs__rosidl_typesupport_fastrtps_cpp.dir/rosidl_typesupport_fastrtps_cpp/wuta_msgs/msg/detail/dds_fastrtps/mission_state__type_support.cpp.o\n'}
[5.817134] (-) TimerEvent: {}
[5.927377] (-) TimerEvent: {}
[5.999311] (wuta_msgs) StdoutLine: {'line': b'[ 41%] Built target wuta_msgs__rosidl_generator_c\n'}
[6.027546] (-) TimerEvent: {}
[6.028179] (wuta_msgs) StdoutLine: {'line': b'[ 42%] Generating C introspection for ROS interfaces\n'}
[6.028419] (wuta_msgs) StdoutLine: {'line': b'[ 44%] Generating C type support dispatch for ROS interfaces\n'}
[6.036757] (wuta_msgs) StdoutLine: {'line': b'[ 46%] Generating C type support for eProsima Fast-RTPS\n'}
[6.127662] (-) TimerEvent: {}
[6.135647] (autoware_msgs) StdoutLine: {'line': b'[ 41%] Linking CXX shared library libautoware_msgs__rosidl_typesupport_cpp.so\n'}
[6.166838] (wuta_msgs) StdoutLine: {'line': b'[ 48%] Linking CXX shared library libwuta_msgs__rosidl_typesupport_cpp.so\n'}
[6.227791] (-) TimerEvent: {}
[6.328014] (-) TimerEvent: {}
[6.329464] (wuta_msgs) StdoutLine: {'line': b'[ 50%] Linking CXX shared library libwuta_msgs__rosidl_typesupport_introspection_cpp.so\n'}
[6.369170] (kiss_icp) StdoutLine: {'line': b'-- The C compiler identification is GNU 11.4.0\n'}
[6.380901] (autoware_msgs) StdoutLine: {'line': b'[ 43%] Linking CXX shared library libautoware_msgs__rosidl_typesupport_introspection_cpp.so\n'}
[6.385046] (autoware_msgs) StdoutLine: {'line': b'[ 43%] Built target autoware_msgs__rosidl_generator_c\n'}
[6.387905] (autoware_msgs) StdoutLine: {'line': b'[ 45%] Linking CXX shared library libautoware_msgs__rosidl_typesupport_fastrtps_cpp.so\n'}
[6.390720] (autoware_msgs) StdoutLine: {'line': b'[ 47%] Generating C type support dispatch for ROS interfaces\n'}
[6.390876] (autoware_msgs) StdoutLine: {'line': b'[ 50%] Generating C type support for eProsima Fast-RTPS\n'}
[6.391108] (autoware_msgs) StdoutLine: {'line': b'[ 52%] Generating C introspection for ROS interfaces\n'}
[6.428179] (-) TimerEvent: {}
[6.444026] (wuta_msgs) StdoutLine: {'line': b'[ 51%] Linking CXX shared library libwuta_msgs__rosidl_typesupport_fastrtps_cpp.so\n'}
[6.519630] (wuta_msgs) StdoutLine: {'line': b'[ 55%] Building C object CMakeFiles/wuta_msgs__rosidl_typesupport_introspection_c.dir/rosidl_typesupport_introspection_c/wuta_msgs/msg/detail/cone__type_support.c.o\n'}
[6.519842] (wuta_msgs) StdoutLine: {'line': b'[ 55%] Building C object CMakeFiles/wuta_msgs__rosidl_typesupport_introspection_c.dir/rosidl_typesupport_introspection_c/wuta_msgs/msg/detail/cone_array__type_support.c.o\n'}
[6.519888] (wuta_msgs) StdoutLine: {'line': b'[ 57%] Building C object CMakeFiles/wuta_msgs__rosidl_typesupport_introspection_c.dir/rosidl_typesupport_introspection_c/wuta_msgs/msg/detail/cone_map__type_support.c.o\n'}
[6.519918] (wuta_msgs) StdoutLine: {'line': b'[ 58%] Building C object CMakeFiles/wuta_msgs__rosidl_typesupport_introspection_c.dir/rosidl_typesupport_introspection_c/wuta_msgs/msg/detail/mission_state__type_support.c.o\n'}
[6.528461] (-) TimerEvent: {}
[6.529250] (autoware_msgs) StdoutLine: {'line': b'[ 52%] Built target autoware_msgs__rosidl_typesupport_cpp\n'}
[6.544874] (wuta_msgs) StdoutLine: {'line': b'[ 60%] Building CXX object CMakeFiles/wuta_msgs__rosidl_typesupport_c.dir/rosidl_typesupport_c/wuta_msgs/msg/cone__type_support.cpp.o\n'}
[6.545051] (wuta_msgs) StdoutLine: {'line': b'[ 62%] Building CXX object CMakeFiles/wuta_msgs__rosidl_typesupport_c.dir/rosidl_typesupport_c/wuta_msgs/msg/cone_map__type_support.cpp.o\n'}
[6.545870] (wuta_msgs) StdoutLine: {'line': b'[ 64%] Building CXX object CMakeFiles/wuta_msgs__rosidl_typesupport_c.dir/rosidl_typesupport_c/wuta_msgs/msg/cone_array__type_support.cpp.o\n'}
[6.546515] (wuta_msgs) StdoutLine: {'line': b'[ 66%] Building CXX object CMakeFiles/wuta_msgs__rosidl_typesupport_c.dir/rosidl_typesupport_c/wuta_msgs/msg/mission_state__type_support.cpp.o\n'}
[6.549874] (autoware_msgs) StdoutLine: {'line': b'[ 56%] Building CXX object CMakeFiles/autoware_msgs__rosidl_typesupport_c.dir/rosidl_typesupport_c/autoware_msgs/msg/waypoint__type_support.cpp.o\n'}
[6.550069] (autoware_msgs) StdoutLine: {'line': b'[ 56%] Building CXX object CMakeFiles/autoware_msgs__rosidl_typesupport_c.dir/rosidl_typesupport_c/autoware_msgs/msg/lane__type_support.cpp.o\n'}
[6.550124] (autoware_msgs) StdoutLine: {'line': b'[ 58%] Building CXX object CMakeFiles/autoware_msgs__rosidl_typesupport_c.dir/rosidl_typesupport_c/autoware_msgs/msg/command__type_support.cpp.o\n'}
[6.557065] (wuta_msgs) StdoutLine: {'line': b'[ 67%] Linking C shared library libwuta_msgs__rosidl_typesupport_introspection_c.so\n'}
[6.569363] (wuta_msgs) StdoutLine: {'line': b'[ 69%] Linking CXX shared library libwuta_msgs__rosidl_typesupport_c.so\n'}
[6.571158] (autoware_msgs) StdoutLine: {'line': b'[ 60%] Linking CXX shared library libautoware_msgs__rosidl_typesupport_c.so\n'}
[6.573914] (wuta_msgs) StdoutLine: {'line': b'[ 71%] Building CXX object CMakeFiles/wuta_msgs__rosidl_typesupport_fastrtps_c.dir/rosidl_typesupport_fastrtps_c/wuta_msgs/msg/detail/cone__type_support_c.cpp.o\n'}
[6.574059] (wuta_msgs) StdoutLine: {'line': b'[ 73%] Building CXX object CMakeFiles/wuta_msgs__rosidl_typesupport_fastrtps_c.dir/rosidl_typesupport_fastrtps_c/wuta_msgs/msg/detail/cone_array__type_support_c.cpp.o\n'}
[6.574089] (wuta_msgs) StdoutLine: {'line': b'[ 75%] Building CXX object CMakeFiles/wuta_msgs__rosidl_typesupport_fastrtps_c.dir/rosidl_typesupport_fastrtps_c/wuta_msgs/msg/detail/cone_map__type_support_c.cpp.o\n'}
[6.574542] (wuta_msgs) StdoutLine: {'line': b'[ 76%] Building CXX object CMakeFiles/wuta_msgs__rosidl_typesupport_fastrtps_c.dir/rosidl_typesupport_fastrtps_c/wuta_msgs/msg/detail/mission_state__type_support_c.cpp.o\n'}
[6.592818] (autoware_msgs) StdoutLine: {'line': b'[ 64%] Building C object CMakeFiles/autoware_msgs__rosidl_typesupport_introspection_c.dir/rosidl_typesupport_introspection_c/autoware_msgs/msg/detail/lane__type_support.c.o\n'}
[6.593180] (autoware_msgs) StdoutLine: {'line': b'[ 66%] Building C object CMakeFiles/autoware_msgs__rosidl_typesupport_introspection_c.dir/rosidl_typesupport_introspection_c/autoware_msgs/msg/detail/waypoint__type_support.c.o\n'}
[6.593857] (autoware_msgs) StdoutLine: {'line': b'[ 66%] Building C object CMakeFiles/autoware_msgs__rosidl_typesupport_introspection_c.dir/rosidl_typesupport_introspection_c/autoware_msgs/msg/detail/command__type_support.c.o\n'}
[6.599623] (wuta_msgs) StdoutLine: {'line': b'[ 76%] Built target wuta_msgs__rosidl_typesupport_cpp\n'}
[6.611780] (autoware_msgs) StdoutLine: {'line': b'[ 70%] Building CXX object CMakeFiles/autoware_msgs__rosidl_typesupport_fastrtps_c.dir/rosidl_typesupport_fastrtps_c/autoware_msgs/msg/detail/command__type_support_c.cpp.o\n'}
[6.612073] (autoware_msgs) StdoutLine: {'line': b'[ 72%] Building CXX object CMakeFiles/autoware_msgs__rosidl_typesupport_fastrtps_c.dir/rosidl_typesupport_fastrtps_c/autoware_msgs/msg/detail/waypoint__type_support_c.cpp.o\n'}
[6.612122] (autoware_msgs) StdoutLine: {'line': b'[ 72%] Building CXX object CMakeFiles/autoware_msgs__rosidl_typesupport_fastrtps_c.dir/rosidl_typesupport_fastrtps_c/autoware_msgs/msg/detail/lane__type_support_c.cpp.o\n'}
[6.624277] (autoware_msgs) StdoutLine: {'line': b'[ 75%] Linking C shared library libautoware_msgs__rosidl_typesupport_introspection_c.so\n'}
[6.628657] (-) TimerEvent: {}
[6.684328] (autoware_msgs) StdoutLine: {'line': b'[ 75%] Built target autoware_msgs__rosidl_typesupport_introspection_cpp\n'}
[6.710929] (wuta_msgs) StdoutLine: {'line': b'[ 76%] Built target wuta_msgs__rosidl_typesupport_introspection_cpp\n'}
[6.728812] (-) TimerEvent: {}
[6.776259] (autoware_msgs) StdoutLine: {'line': b'[ 75%] Built target autoware_msgs__rosidl_typesupport_fastrtps_cpp\n'}
[6.819702] (wuta_msgs) StdoutLine: {'line': b'[ 76%] Built target wuta_msgs__rosidl_typesupport_fastrtps_cpp\n'}
[6.828991] (-) TimerEvent: {}
[6.837923] (wuta_msgs) StdoutLine: {'line': b'[ 76%] Built target wuta_msgs__rosidl_typesupport_introspection_c\n'}
[6.846508] (autoware_msgs) StdoutLine: {'line': b'[ 75%] Built target autoware_msgs__rosidl_typesupport_c\n'}
[6.863467] (wuta_msgs) StdoutLine: {'line': b'[ 78%] Linking CXX shared library libwuta_msgs__rosidl_typesupport_fastrtps_c.so\n'}
[6.884566] (autoware_msgs) StdoutLine: {'line': b'[ 77%] Linking CXX shared library libautoware_msgs__rosidl_typesupport_fastrtps_c.so\n'}
[6.884730] (wuta_msgs) StdoutLine: {'line': b'[ 78%] Built target wuta_msgs__rosidl_typesupport_c\n'}
[6.905260] (autoware_msgs) StdoutLine: {'line': b'[ 77%] Built target autoware_msgs__rosidl_typesupport_introspection_c\n'}
[6.929128] (-) TimerEvent: {}
[6.931662] (kiss_icp) StdoutLine: {'line': b'-- Detecting C compiler ABI info\n'}
[7.029304] (-) TimerEvent: {}
[7.064550] (wuta_msgs) StdoutLine: {'line': b'[ 78%] Built target wuta_msgs__rosidl_typesupport_fastrtps_c\n'}
[7.071649] (wuta_msgs) StdoutLine: {'line': b'[ 78%] Built target wuta_msgs\n'}
[7.080691] (wuta_msgs) StdoutLine: {'line': b'[ 80%] Generating Python code for ROS interfaces\n'}
[7.104932] (autoware_msgs) StdoutLine: {'line': b'[ 77%] Built target autoware_msgs__rosidl_typesupport_fastrtps_c\n'}
[7.112743] (autoware_msgs) StdoutLine: {'line': b'[ 77%] Built target autoware_msgs\n'}
[7.120252] (autoware_msgs) StdoutLine: {'line': b'[ 79%] Generating Python code for ROS interfaces\n'}
[7.129427] (-) TimerEvent: {}
[7.142988] (kiss_icp) StdoutLine: {'line': b'-- Detecting C compiler ABI info - done\n'}
[7.154861] (kiss_icp) StdoutLine: {'line': b'-- Check for working C compiler: /usr/bin/cc - skipped\n'}
[7.155178] (kiss_icp) StdoutLine: {'line': b'-- Detecting C compile features\n'}
[7.155348] (kiss_icp) StdoutLine: {'line': b'-- Detecting C compile features - done\n'}
[7.229567] (-) TimerEvent: {}
[7.315673] (autoware_msgs) StdoutLine: {'line': b'[ 79%] Built target autoware_msgs__py\n'}
[7.322775] (autoware_msgs) StdoutLine: {'line': b'[ 83%] Building C object CMakeFiles/autoware_msgs__rosidl_generator_py.dir/rosidl_generator_py/autoware_msgs/msg/_waypoint_s.c.o\n'}
[7.322918] (autoware_msgs) StdoutLine: {'line': b'[ 83%] Building C object CMakeFiles/autoware_msgs__rosidl_generator_py.dir/rosidl_generator_py/autoware_msgs/msg/_lane_s.c.o\n'}
[7.322953] (autoware_msgs) StdoutLine: {'line': b'[ 85%] Building C object CMakeFiles/autoware_msgs__rosidl_generator_py.dir/rosidl_generator_py/autoware_msgs/msg/_command_s.c.o\n'}
[7.329718] (-) TimerEvent: {}
[7.419684] (autoware_msgs) StdoutLine: {'line': b'[ 87%] Linking C shared library rosidl_generator_py/autoware_msgs/libautoware_msgs__rosidl_generator_py.so\n'}
[7.429832] (-) TimerEvent: {}
[7.530043] (-) TimerEvent: {}
[7.564994] (wuta_msgs) StdoutLine: {'line': b'[ 80%] Built target wuta_msgs__py\n'}
[7.572911] (wuta_msgs) StdoutLine: {'line': b'[ 83%] Building C object CMakeFiles/wuta_msgs__rosidl_generator_py.dir/rosidl_generator_py/wuta_msgs/msg/_cone_s.c.o\n'}
[7.573070] (wuta_msgs) StdoutLine: {'line': b'[ 83%] Building C object CMakeFiles/wuta_msgs__rosidl_generator_py.dir/rosidl_generator_py/wuta_msgs/msg/_cone_array_s.c.o\n'}
[7.573280] (wuta_msgs) StdoutLine: {'line': b'[ 85%] Building C object CMakeFiles/wuta_msgs__rosidl_generator_py.dir/rosidl_generator_py/wuta_msgs/msg/_mission_state_s.c.o\n'}
[7.573437] (wuta_msgs) StdoutLine: {'line': b'[ 87%] Building C object CMakeFiles/wuta_msgs__rosidl_generator_py.dir/rosidl_generator_py/wuta_msgs/msg/_cone_map_s.c.o\n'}
[7.630263] (-) TimerEvent: {}
[7.630606] (wuta_msgs) StdoutLine: {'line': b'[ 89%] Linking C shared library rosidl_generator_py/wuta_msgs/libwuta_msgs__rosidl_generator_py.so\n'}
[7.680665] (autoware_msgs) StdoutLine: {'line': b'[ 87%] Built target autoware_msgs__rosidl_generator_py\n'}
[7.688868] (autoware_msgs) StdoutLine: {'line': b'[ 93%] Building C object CMakeFiles/autoware_msgs__rosidl_typesupport_c__pyext.dir/rosidl_generator_py/autoware_msgs/_autoware_msgs_s.ep.rosidl_typesupport_c.c.o\n'}
[7.689019] (autoware_msgs) StdoutLine: {'line': b'[ 93%] Building C object CMakeFiles/autoware_msgs__rosidl_typesupport_introspection_c__pyext.dir/rosidl_generator_py/autoware_msgs/_autoware_msgs_s.ep.rosidl_typesupport_introspection_c.c.o\n'}
[7.689052] (autoware_msgs) StdoutLine: {'line': b'[ 93%] Building C object CMakeFiles/autoware_msgs__rosidl_typesupport_fastrtps_c__pyext.dir/rosidl_generator_py/autoware_msgs/_autoware_msgs_s.ep.rosidl_typesupport_fastrtps_c.c.o\n'}
[7.730408] (-) TimerEvent: {}
[7.741486] (autoware_msgs) StdoutLine: {'line': b'[100%] Linking C shared library rosidl_generator_py/autoware_msgs/autoware_msgs_s__rosidl_typesupport_introspection_c.cpython-310-x86_64-linux-gnu.so\n'}
[7.741699] (autoware_msgs) StdoutLine: {'line': b'[100%] Linking C shared library rosidl_generator_py/autoware_msgs/autoware_msgs_s__rosidl_typesupport_fastrtps_c.cpython-310-x86_64-linux-gnu.so\n'}
[7.741742] (autoware_msgs) StdoutLine: {'line': b'[100%] Linking C shared library rosidl_generator_py/autoware_msgs/autoware_msgs_s__rosidl_typesupport_c.cpython-310-x86_64-linux-gnu.so\n'}
[7.830560] (-) TimerEvent: {}
[7.852165] (wuta_msgs) StdoutLine: {'line': b'[ 89%] Built target wuta_msgs__rosidl_generator_py\n'}
[7.860282] (wuta_msgs) StdoutLine: {'line': b'[ 92%] Building C object CMakeFiles/wuta_msgs__rosidl_typesupport_introspection_c__pyext.dir/rosidl_generator_py/wuta_msgs/_wuta_msgs_s.ep.rosidl_typesupport_introspection_c.c.o\n'}
[7.860464] (wuta_msgs) StdoutLine: {'line': b'[ 92%] Building C object CMakeFiles/wuta_msgs__rosidl_typesupport_fastrtps_c__pyext.dir/rosidl_generator_py/wuta_msgs/_wuta_msgs_s.ep.rosidl_typesupport_fastrtps_c.c.o\n'}
[7.860496] (wuta_msgs) StdoutLine: {'line': b'[ 94%] Building C object CMakeFiles/wuta_msgs__rosidl_typesupport_c__pyext.dir/rosidl_generator_py/wuta_msgs/_wuta_msgs_s.ep.rosidl_typesupport_c.c.o\n'}
[7.878998] (autoware_msgs) StdoutLine: {'line': b'[100%] Built target autoware_msgs__rosidl_typesupport_c__pyext\n'}
[7.879221] (autoware_msgs) StdoutLine: {'line': b'[100%] Built target autoware_msgs__rosidl_typesupport_introspection_c__pyext\n'}
[7.914254] (autoware_msgs) StdoutLine: {'line': b'[100%] Built target autoware_msgs__rosidl_typesupport_fastrtps_c__pyext\n'}
[7.922742] (autoware_msgs) CommandEnded: {'returncode': 0}
[7.924371] (autoware_msgs) JobProgress: {'identifier': 'autoware_msgs', 'progress': 'install'}
[7.930707] (-) TimerEvent: {}
[7.978298] (autoware_msgs) Command: {'cmd': ['/home/g2909/.local/bin/cmake', '--install', '/home/g2909/WUTA1/WUTA-FSD/ros2_ws/build/autoware_msgs'], 'cwd': '/home/g2909/WUTA1/WUTA-FSD/ros2_ws/build/autoware_msgs', 'env': OrderedDict([('USER', 'g2909'), ('VSCODE_WSL_EXT_LOCATION', '/mnt/c/Users/g2909/.vscode/extensions/ms-vscode-remote.remote-wsl-0.104.3'), ('SHLVL', '1'), ('LD_LIBRARY_PATH', '/opt/ros/humble/opt/rviz_ogre_vendor/lib:/opt/ros/humble/lib/x86_64-linux-gnu:/opt/ros/humble/lib'), ('HOME', '/home/g2909'), ('OLDPWD', '/home/g2909/WUTA-FSD'), ('ROS_PYTHON_VERSION', '3'), ('DBUS_SESSION_BUS_ADDRESS', 'unix:path=/run/user/1000/bus'), ('WSL_DISTRO_NAME', 'Ubuntu-22.04'), ('WAYLAND_DISPLAY', 'wayland-0'), ('ROS_DISTRO', 'humble'), ('LOGNAME', 'g2909'), ('NAME', 'GaoMing'), ('WSL_INTEROP', '/run/WSL/39189_interop'), ('PULSE_SERVER', 'unix:/mnt/wslg/PulseServer'), ('_', '/usr/bin/colcon'), ('ROS_VERSION', '2'), ('TERM', 'xterm-256color'), ('ROS_LOCALHOST_ONLY', '0'), ('PATH', '/opt/ros/humble/bin:/home/g2909/.local/bin:/usr/local/sbin:/usr/local/bin:/usr/sbin:/usr/bin:/sbin:/bin:/usr/games:/usr/local/games:/usr/lib/wsl/lib:/mnt/c/Users/g2909/bin:/mnt/c/Program Files/Git/mingw64/bin:/mnt/c/Program Files/Git/usr/local/bin:/mnt/c/Program Files/Git/usr/bin:/mnt/c/Program Files/Git/usr/bin:/mnt/c/Program Files/Git/mingw64/bin:/mnt/c/Program Files/Git/usr/bin:/mnt/c/Users/g2909/bin:/mnt/c/Program Files/NVIDIA GPU Computing Toolkit/CUDA/v12.9/bin:/mnt/c/Program Files/NVIDIA GPU Computing Toolkit/CUDA/v12.9/libnvvp:/mnt/c/Program Files/Common Files/Oracle/Java/javapath:/mnt/c/Users/g2909/miniconda3:/mnt/c/Users/g2909/miniconda3/Scripts:/mnt/c/Users/g2909/miniconda3/Library/bin:/mnt/c/Windows/system32:/mnt/c/Windows:/mnt/c/Windows/System32/Wbem:/mnt/c/Windows/System32/WindowsPowerShell/v1.0:/mnt/c/mingw64/bin:/mnt/c/Users/g2909/AppData/Local/Programs/Python/Python313:/mnt/c/Users/g2909/AppData/Local/Programs/Python/Python313/Scripts:/mnt/c/Windows/System32/OpenSSH:/mnt/c/Program Files/NVIDIA Corporation/NVIDIA App/NvDLISR:/mnt/c/Program Files (x86)/NVIDIA Corporation/PhysX/Common:/mnt/c/Program Files/dotnet:/mnt/c/Users/g2909/AppData/Local/Android/Sdk/platform-tools:/mnt/c/Program Files/Git/cmd:/mnt/d/SVN/bin:/mnt/c/Program Files/NVIDIA Corporation/Nsight Compute 2025.2.1:/mnt/c/Program Files (x86)/Windows Kits/10/Windows Performance Toolkit:/mnt/c/Program Files (x86)/Microsoft SQL Server/160/Tools/Binn:/mnt/c/Program Files/Microsoft SQL Server/160/Tools/Binn:/mnt/c/Program Files/Microsoft SQL Server/Client SDK/ODBC/170/Tools/Binn:/mnt/c/Program Files/Microsoft SQL Server/160/DTS/Binn:/mnt/c/Program Files (x86)/Windows Kits/8.1/Windows Performance Toolkit:/mnt/c/WINDOWS/system32:/mnt/c/WINDOWS:/mnt/c/WINDOWS/System32/Wbem:/mnt/c/WINDOWS/System32/WindowsPowerShell/v1.0:/mnt/c/WINDOWS/System32/OpenSSH:/mnt/c/Program Files/usbipd-win:/mnt/c/Program Files/MATLAB/R2025b/bin:/mnt/c/Program Files/NVIDIA GPU Computing Toolkit/CUDA/v12.9/bin:/mnt/c/Program Files/NVIDIA GPU Computing Toolkit/CUDA/v12.9/libnvvp:/mnt/c/Program Files/Common Files/Oracle/Java/javapath:/mnt/c/Users/g2909/miniconda3:/mnt/c/Users/g2909/miniconda3/Scripts:/mnt/c/Users/g2909/miniconda3/Library/bin:/mnt/c/Windows/system32:/mnt/c/Windows:/mnt/c/Windows/System32/Wbem:/mnt/c/Windows/System32/WindowsPowerShell/v1.0:/mnt/c/mingw64/bin:/mnt/c/Users/g2909/AppData/Local/Programs/Python/Python313:/mnt/c/Users/g2909/AppData/Local/Programs/Python/Python313/Scripts:/mnt/c/Windows/System32/OpenSSH:/mnt/c/Program Files/NVIDIA Corporation/NVIDIA App/NvDLISR:/mnt/c/Program Files (x86)/NVIDIA Corporation/PhysX/Common:/mnt/c/Program Files/dotnet:/mnt/c/Users/g2909/AppData/Local/Android/Sdk/platform-tools:/mnt/c/Program Files/Git/cmd:/mnt/d/SVN/bin:/mnt/c/Program Files/NVIDIA Corporation/Nsight Compute 2025.2.1:/mnt/c/Program Files (x86)/Windows Kits/10/Windows Performance Toolkit:/mnt/c/Program Files (x86)/Microsoft SQL Server/160/Tools/Binn:/mnt/c/Program Files/Microsoft SQL Server/160/Tools/Binn:/mnt/c/Program Files/Microsoft SQL Server/Client SDK/ODBC/170/Tools/Binn:/mnt/c/Program Files/Microsoft SQL Server/160/DTS/Binn:/mnt/c/Program Files (x86)/Windows Kits/8.1/Windows Performance Toolkit:/mnt/c/WINDOWS/system32:/mnt/c/WINDOWS:/mnt/c/WINDOWS/System32/Wbem:/mnt/c/WINDOWS/System32/WindowsPowerShell/v1.0:/mnt/c/WINDOWS/System32/OpenSSH:/mnt/c/Program Files/usbipd-win:/mnt/c/Program Files/MATLAB/R2025b/bin:/mnt/c/Users/g2909/AppData/Local/Android/Sdk/platform-tools:/mnt/d/Microsoft VS Code/bin:/mnt/c/Users/g2909/AppData/Local/Programs/Ollama:/mnt/c/Users/g2909/AppData/Local/Microsoft/WindowsApps:/mnt/c/Program Files/Git/usr/bin:/mnt/c/Program Files/Git/cmd:/mnt/c/Users/g2909/AppData/Local/Programs/nodejs:/mnt/c/Program Files/Git/usr/bin/vendor_perl:/mnt/c/Program Files/Git/usr/bin/core_perl:/snap/bin'), ('XDG_RUNTIME_DIR', '/run/user/1000/'), ('DISPLAY', ':0'), ('LANG', 'C.UTF-8'), ('AMENT_PREFIX_PATH', '/opt/ros/humble'), ('SHELL', '/bin/bash'), ('PWD', '/home/g2909/WUTA1/WUTA-FSD/ros2_ws/build/autoware_msgs'), ('XDG_DATA_DIRS', '/usr/local/share:/usr/share:/var/lib/snapd/desktop'), ('PYTHONPATH', '/opt/ros/humble/lib/python3.10/site-packages:/opt/ros/humble/local/lib/python3.10/dist-packages'), ('COLCON', '1'), ('WSL2_GUI_APPS_ENABLED', '1'), ('HOSTTYPE', 'x86_64'), ('WSLENV', 'VSCODE_WSL_EXT_LOCATION/up'), ('CMAKE_PREFIX_PATH', '/opt/ros/humble')]), 'shell': False}
[7.978662] (wuta_msgs) StdoutLine: {'line': b'[ 98%] Linking C shared library rosidl_generator_py/wuta_msgs/wuta_msgs_s__rosidl_typesupport_fastrtps_c.cpython-310-x86_64-linux-gnu.so\n'}
[7.978741] (wuta_msgs) StdoutLine: {'line': b'[ 98%] Linking C shared library rosidl_generator_py/wuta_msgs/wuta_msgs_s__rosidl_typesupport_c.cpython-310-x86_64-linux-gnu.so\n'}
[7.978778] (wuta_msgs) StdoutLine: {'line': b'[100%] Linking C shared library rosidl_generator_py/wuta_msgs/wuta_msgs_s__rosidl_typesupport_introspection_c.cpython-310-x86_64-linux-gnu.so\n'}
[8.022249] (autoware_msgs) StdoutLine: {'line': b'-- Install configuration: ""\n'}
[8.022523] (autoware_msgs) StdoutLine: {'line': b'-- Execute custom install script\n'}
[8.023049] (autoware_msgs) StdoutLine: {'line': b'-- Symlinking: /home/g2909/WUTA1/WUTA-FSD/ros2_ws/install/autoware_msgs/share/ament_index/resource_index/rosidl_interfaces/autoware_msgs\n'}
[8.027119] (autoware_msgs) StdoutLine: {'line': b'-- Symlinking: /home/g2909/WUTA1/WUTA-FSD/ros2_ws/install/autoware_msgs/include/autoware_msgs/autoware_msgs/msg/command.h\n'}
[8.030085] (autoware_msgs) StdoutLine: {'line': b'-- Symlinking: /home/g2909/WUTA1/WUTA-FSD/ros2_ws/install/autoware_msgs/include/autoware_msgs/autoware_msgs/msg/detail/command__functions.h\n'}
[8.030785] (-) TimerEvent: {}
[8.032636] (autoware_msgs) StdoutLine: {'line': b'-- Symlinking: /home/g2909/WUTA1/WUTA-FSD/ros2_ws/install/autoware_msgs/include/autoware_msgs/autoware_msgs/msg/detail/command__struct.h\n'}
[8.035283] (autoware_msgs) StdoutLine: {'line': b'-- Symlinking: /home/g2909/WUTA1/WUTA-FSD/ros2_ws/install/autoware_msgs/include/autoware_msgs/autoware_msgs/msg/detail/command__type_support.h\n'}
[8.038203] (autoware_msgs) StdoutLine: {'line': b'-- Symlinking: /home/g2909/WUTA1/WUTA-FSD/ros2_ws/install/autoware_msgs/include/autoware_msgs/autoware_msgs/msg/detail/lane__functions.h\n'}
[8.041238] (autoware_msgs) StdoutLine: {'line': b'-- Symlinking: /home/g2909/WUTA1/WUTA-FSD/ros2_ws/install/autoware_msgs/include/autoware_msgs/autoware_msgs/msg/detail/lane__struct.h\n'}
[8.044181] (autoware_msgs) StdoutLine: {'line': b'-- Symlinking: /home/g2909/WUTA1/WUTA-FSD/ros2_ws/install/autoware_msgs/include/autoware_msgs/autoware_msgs/msg/detail/lane__type_support.h\n'}
[8.046958] (autoware_msgs) StdoutLine: {'line': b'-- Symlinking: /home/g2909/WUTA1/WUTA-FSD/ros2_ws/install/autoware_msgs/include/autoware_msgs/autoware_msgs/msg/detail/waypoint__functions.h\n'}
[8.049529] (autoware_msgs) StdoutLine: {'line': b'-- Symlinking: /home/g2909/WUTA1/WUTA-FSD/ros2_ws/install/autoware_msgs/include/autoware_msgs/autoware_msgs/msg/detail/waypoint__struct.h\n'}
[8.052166] (autoware_msgs) StdoutLine: {'line': b'-- Symlinking: /home/g2909/WUTA1/WUTA-FSD/ros2_ws/install/autoware_msgs/include/autoware_msgs/autoware_msgs/msg/detail/waypoint__type_support.h\n'}
[8.054862] (autoware_msgs) StdoutLine: {'line': b'-- Symlinking: /home/g2909/WUTA1/WUTA-FSD/ros2_ws/install/autoware_msgs/include/autoware_msgs/autoware_msgs/msg/lane.h\n'}
[8.057983] (autoware_msgs) StdoutLine: {'line': b'-- Symlinking: /home/g2909/WUTA1/WUTA-FSD/ros2_ws/install/autoware_msgs/include/autoware_msgs/autoware_msgs/msg/rosidl_generator_c__visibility_control.h\n'}
[8.061054] (autoware_msgs) StdoutLine: {'line': b'-- Symlinking: /home/g2909/WUTA1/WUTA-FSD/ros2_ws/install/autoware_msgs/include/autoware_msgs/autoware_msgs/msg/waypoint.h\n'}
[8.064805] (autoware_msgs) StdoutLine: {'line': b'-- Symlinking: /home/g2909/WUTA1/WUTA-FSD/ros2_ws/install/autoware_msgs/share/autoware_msgs/environment/library_path.sh\n'}
[8.067566] (autoware_msgs) StdoutLine: {'line': b'-- Symlinking: /home/g2909/WUTA1/WUTA-FSD/ros2_ws/install/autoware_msgs/share/autoware_msgs/environment/library_path.dsv\n'}
[8.070445] (autoware_msgs) StdoutLine: {'line': b'-- Symlinking: /home/g2909/WUTA1/WUTA-FSD/ros2_ws/install/autoware_msgs/include/autoware_msgs/autoware_msgs/msg/detail/command__rosidl_typesupport_fastrtps_c.h\n'}
[8.073888] (autoware_msgs) StdoutLine: {'line': b'-- Symlinking: /home/g2909/WUTA1/WUTA-FSD/ros2_ws/install/autoware_msgs/include/autoware_msgs/autoware_msgs/msg/detail/lane__rosidl_typesupport_fastrtps_c.h\n'}
[8.077527] (autoware_msgs) StdoutLine: {'line': b'-- Symlinking: /home/g2909/WUTA1/WUTA-FSD/ros2_ws/install/autoware_msgs/include/autoware_msgs/autoware_msgs/msg/detail/waypoint__rosidl_typesupport_fastrtps_c.h\n'}
[8.080962] (autoware_msgs) StdoutLine: {'line': b'-- Symlinking: /home/g2909/WUTA1/WUTA-FSD/ros2_ws/install/autoware_msgs/include/autoware_msgs/autoware_msgs/msg/rosidl_typesupport_fastrtps_c__visibility_control.h\n'}
[8.083225] (wuta_msgs) StdoutLine: {'line': b'[100%] Built target wuta_msgs__rosidl_typesupport_fastrtps_c__pyext\n'}
[8.083630] (wuta_msgs) StdoutLine: {'line': b'[100%] Built target wuta_msgs__rosidl_typesupport_introspection_c__pyext\n'}
[8.083832] (autoware_msgs) StdoutLine: {'line': b'-- Symlinking: /home/g2909/WUTA1/WUTA-FSD/ros2_ws/install/autoware_msgs/include/autoware_msgs/autoware_msgs/msg/detail/command__rosidl_typesupport_introspection_c.h\n'}
[8.086664] (autoware_msgs) StdoutLine: {'line': b'-- Symlinking: /home/g2909/WUTA1/WUTA-FSD/ros2_ws/install/autoware_msgs/include/autoware_msgs/autoware_msgs/msg/detail/lane__rosidl_typesupport_introspection_c.h\n'}
[8.089314] (autoware_msgs) StdoutLine: {'line': b'-- Symlinking: /home/g2909/WUTA1/WUTA-FSD/ros2_ws/install/autoware_msgs/include/autoware_msgs/autoware_msgs/msg/detail/waypoint__rosidl_typesupport_introspection_c.h\n'}
[8.092534] (autoware_msgs) StdoutLine: {'line': b'-- Symlinking: /home/g2909/WUTA1/WUTA-FSD/ros2_ws/install/autoware_msgs/include/autoware_msgs/autoware_msgs/msg/rosidl_typesupport_introspection_c__visibility_control.h\n'}
[8.095870] (autoware_msgs) StdoutLine: {'line': b'-- Symlinking: /home/g2909/WUTA1/WUTA-FSD/ros2_ws/install/autoware_msgs/include/autoware_msgs/autoware_msgs/msg/command.hpp\n'}
[8.099313] (autoware_msgs) StdoutLine: {'line': b'-- Symlinking: /home/g2909/WUTA1/WUTA-FSD/ros2_ws/install/autoware_msgs/include/autoware_msgs/autoware_msgs/msg/detail/command__builder.hpp\n'}
[8.102636] (autoware_msgs) StdoutLine: {'line': b'-- Symlinking: /home/g2909/WUTA1/WUTA-FSD/ros2_ws/install/autoware_msgs/include/autoware_msgs/autoware_msgs/msg/detail/command__struct.hpp\n'}
[8.106557] (autoware_msgs) StdoutLine: {'line': b'-- Symlinking: /home/g2909/WUTA1/WUTA-FSD/ros2_ws/install/autoware_msgs/include/autoware_msgs/autoware_msgs/msg/detail/command__traits.hpp\n'}
[8.109933] (autoware_msgs) StdoutLine: {'line': b'-- Symlinking: /home/g2909/WUTA1/WUTA-FSD/ros2_ws/install/autoware_msgs/include/autoware_msgs/autoware_msgs/msg/detail/command__type_support.hpp\n'}
[8.112967] (autoware_msgs) StdoutLine: {'line': b'-- Symlinking: /home/g2909/WUTA1/WUTA-FSD/ros2_ws/install/autoware_msgs/include/autoware_msgs/autoware_msgs/msg/detail/lane__builder.hpp\n'}
[8.116175] (autoware_msgs) StdoutLine: {'line': b'-- Symlinking: /home/g2909/WUTA1/WUTA-FSD/ros2_ws/install/autoware_msgs/include/autoware_msgs/autoware_msgs/msg/detail/lane__struct.hpp\n'}
[8.118769] (autoware_msgs) StdoutLine: {'line': b'-- Symlinking: /home/g2909/WUTA1/WUTA-FSD/ros2_ws/install/autoware_msgs/include/autoware_msgs/autoware_msgs/msg/detail/lane__traits.hpp\n'}
[8.121553] (autoware_msgs) StdoutLine: {'line': b'-- Symlinking: /home/g2909/WUTA1/WUTA-FSD/ros2_ws/install/autoware_msgs/include/autoware_msgs/autoware_msgs/msg/detail/lane__type_support.hpp\n'}
[8.124338] (autoware_msgs) StdoutLine: {'line': b'-- Symlinking: /home/g2909/WUTA1/WUTA-FSD/ros2_ws/install/autoware_msgs/include/autoware_msgs/autoware_msgs/msg/detail/waypoint__builder.hpp\n'}
[8.127235] (autoware_msgs) StdoutLine: {'line': b'-- Symlinking: /home/g2909/WUTA1/WUTA-FSD/ros2_ws/install/autoware_msgs/include/autoware_msgs/autoware_msgs/msg/detail/waypoint__struct.hpp\n'}
[8.130956] (-) TimerEvent: {}
[8.131523] (autoware_msgs) StdoutLine: {'line': b'-- Symlinking: /home/g2909/WUTA1/WUTA-FSD/ros2_ws/install/autoware_msgs/include/autoware_msgs/autoware_msgs/msg/detail/waypoint__traits.hpp\n'}
[8.135027] (autoware_msgs) StdoutLine: {'line': b'-- Symlinking: /home/g2909/WUTA1/WUTA-FSD/ros2_ws/install/autoware_msgs/include/autoware_msgs/autoware_msgs/msg/detail/waypoint__type_support.hpp\n'}
[8.138450] (autoware_msgs) StdoutLine: {'line': b'-- Symlinking: /home/g2909/WUTA1/WUTA-FSD/ros2_ws/install/autoware_msgs/include/autoware_msgs/autoware_msgs/msg/lane.hpp\n'}
[8.142035] (autoware_msgs) StdoutLine: {'line': b'-- Symlinking: /home/g2909/WUTA1/WUTA-FSD/ros2_ws/install/autoware_msgs/include/autoware_msgs/autoware_msgs/msg/rosidl_generator_cpp__visibility_control.hpp\n'}
[8.146202] (autoware_msgs) StdoutLine: {'line': b'-- Symlinking: /home/g2909/WUTA1/WUTA-FSD/ros2_ws/install/autoware_msgs/include/autoware_msgs/autoware_msgs/msg/waypoint.hpp\n'}
[8.150245] (autoware_msgs) StdoutLine: {'line': b'-- Symlinking: /home/g2909/WUTA1/WUTA-FSD/ros2_ws/install/autoware_msgs/include/autoware_msgs/autoware_msgs/msg/detail/command__rosidl_typesupport_fastrtps_cpp.hpp\n'}
[8.153157] (wuta_msgs) StdoutLine: {'line': b'[100%] Built target wuta_msgs__rosidl_typesupport_c__pyext\n'}
[8.153762] (autoware_msgs) StdoutLine: {'line': b'-- Symlinking: /home/g2909/WUTA1/WUTA-FSD/ros2_ws/install/autoware_msgs/include/autoware_msgs/autoware_msgs/msg/detail/lane__rosidl_typesupport_fastrtps_cpp.hpp\n'}
[8.157325] (autoware_msgs) StdoutLine: {'line': b'-- Symlinking: /home/g2909/WUTA1/WUTA-FSD/ros2_ws/install/autoware_msgs/include/autoware_msgs/autoware_msgs/msg/detail/waypoint__rosidl_typesupport_fastrtps_cpp.hpp\n'}
[8.159796] (wuta_msgs) CommandEnded: {'returncode': 0}
[8.161282] (wuta_msgs) JobProgress: {'identifier': 'wuta_msgs', 'progress': 'install'}
[8.161334] (wuta_msgs) Command: {'cmd': ['/home/g2909/.local/bin/cmake', '--install', '/home/g2909/WUTA1/WUTA-FSD/ros2_ws/build/wuta_msgs'], 'cwd': '/home/g2909/WUTA1/WUTA-FSD/ros2_ws/build/wuta_msgs', 'env': OrderedDict([('USER', 'g2909'), ('VSCODE_WSL_EXT_LOCATION', '/mnt/c/Users/g2909/.vscode/extensions/ms-vscode-remote.remote-wsl-0.104.3'), ('SHLVL', '1'), ('LD_LIBRARY_PATH', '/opt/ros/humble/opt/rviz_ogre_vendor/lib:/opt/ros/humble/lib/x86_64-linux-gnu:/opt/ros/humble/lib'), ('HOME', '/home/g2909'), ('OLDPWD', '/home/g2909/WUTA-FSD'), ('ROS_PYTHON_VERSION', '3'), ('DBUS_SESSION_BUS_ADDRESS', 'unix:path=/run/user/1000/bus'), ('WSL_DISTRO_NAME', 'Ubuntu-22.04'), ('WAYLAND_DISPLAY', 'wayland-0'), ('ROS_DISTRO', 'humble'), ('LOGNAME', 'g2909'), ('NAME', 'GaoMing'), ('WSL_INTEROP', '/run/WSL/39189_interop'), ('PULSE_SERVER', 'unix:/mnt/wslg/PulseServer'), ('_', '/usr/bin/colcon'), ('ROS_VERSION', '2'), ('TERM', 'xterm-256color'), ('ROS_LOCALHOST_ONLY', '0'), ('PATH', '/opt/ros/humble/bin:/home/g2909/.local/bin:/usr/local/sbin:/usr/local/bin:/usr/sbin:/usr/bin:/sbin:/bin:/usr/games:/usr/local/games:/usr/lib/wsl/lib:/mnt/c/Users/g2909/bin:/mnt/c/Program Files/Git/mingw64/bin:/mnt/c/Program Files/Git/usr/local/bin:/mnt/c/Program Files/Git/usr/bin:/mnt/c/Program Files/Git/usr/bin:/mnt/c/Program Files/Git/mingw64/bin:/mnt/c/Program Files/Git/usr/bin:/mnt/c/Users/g2909/bin:/mnt/c/Program Files/NVIDIA GPU Computing Toolkit/CUDA/v12.9/bin:/mnt/c/Program Files/NVIDIA GPU Computing Toolkit/CUDA/v12.9/libnvvp:/mnt/c/Program Files/Common Files/Oracle/Java/javapath:/mnt/c/Users/g2909/miniconda3:/mnt/c/Users/g2909/miniconda3/Scripts:/mnt/c/Users/g2909/miniconda3/Library/bin:/mnt/c/Windows/system32:/mnt/c/Windows:/mnt/c/Windows/System32/Wbem:/mnt/c/Windows/System32/WindowsPowerShell/v1.0:/mnt/c/mingw64/bin:/mnt/c/Users/g2909/AppData/Local/Programs/Python/Python313:/mnt/c/Users/g2909/AppData/Local/Programs/Python/Python313/Scripts:/mnt/c/Windows/System32/OpenSSH:/mnt/c/Program Files/NVIDIA Corporation/NVIDIA App/NvDLISR:/mnt/c/Program Files (x86)/NVIDIA Corporation/PhysX/Common:/mnt/c/Program Files/dotnet:/mnt/c/Users/g2909/AppData/Local/Android/Sdk/platform-tools:/mnt/c/Program Files/Git/cmd:/mnt/d/SVN/bin:/mnt/c/Program Files/NVIDIA Corporation/Nsight Compute 2025.2.1:/mnt/c/Program Files (x86)/Windows Kits/10/Windows Performance Toolkit:/mnt/c/Program Files (x86)/Microsoft SQL Server/160/Tools/Binn:/mnt/c/Program Files/Microsoft SQL Server/160/Tools/Binn:/mnt/c/Program Files/Microsoft SQL Server/Client SDK/ODBC/170/Tools/Binn:/mnt/c/Program Files/Microsoft SQL Server/160/DTS/Binn:/mnt/c/Program Files (x86)/Windows Kits/8.1/Windows Performance Toolkit:/mnt/c/WINDOWS/system32:/mnt/c/WINDOWS:/mnt/c/WINDOWS/System32/Wbem:/mnt/c/WINDOWS/System32/WindowsPowerShell/v1.0:/mnt/c/WINDOWS/System32/OpenSSH:/mnt/c/Program Files/usbipd-win:/mnt/c/Program Files/MATLAB/R2025b/bin:/mnt/c/Program Files/NVIDIA GPU Computing Toolkit/CUDA/v12.9/bin:/mnt/c/Program Files/NVIDIA GPU Computing Toolkit/CUDA/v12.9/libnvvp:/mnt/c/Program Files/Common Files/Oracle/Java/javapath:/mnt/c/Users/g2909/miniconda3:/mnt/c/Users/g2909/miniconda3/Scripts:/mnt/c/Users/g2909/miniconda3/Library/bin:/mnt/c/Windows/system32:/mnt/c/Windows:/mnt/c/Windows/System32/Wbem:/mnt/c/Windows/System32/WindowsPowerShell/v1.0:/mnt/c/mingw64/bin:/mnt/c/Users/g2909/AppData/Local/Programs/Python/Python313:/mnt/c/Users/g2909/AppData/Local/Programs/Python/Python313/Scripts:/mnt/c/Windows/System32/OpenSSH:/mnt/c/Program Files/NVIDIA Corporation/NVIDIA App/NvDLISR:/mnt/c/Program Files (x86)/NVIDIA Corporation/PhysX/Common:/mnt/c/Program Files/dotnet:/mnt/c/Users/g2909/AppData/Local/Android/Sdk/platform-tools:/mnt/c/Program Files/Git/cmd:/mnt/d/SVN/bin:/mnt/c/Program Files/NVIDIA Corporation/Nsight Compute 2025.2.1:/mnt/c/Program Files (x86)/Windows Kits/10/Windows Performance Toolkit:/mnt/c/Program Files (x86)/Microsoft SQL Server/160/Tools/Binn:/mnt/c/Program Files/Microsoft SQL Server/160/Tools/Binn:/mnt/c/Program Files/Microsoft SQL Server/Client SDK/ODBC/170/Tools/Binn:/mnt/c/Program Files/Microsoft SQL Server/160/DTS/Binn:/mnt/c/Program Files (x86)/Windows Kits/8.1/Windows Performance Toolkit:/mnt/c/WINDOWS/system32:/mnt/c/WINDOWS:/mnt/c/WINDOWS/System32/Wbem:/mnt/c/WINDOWS/System32/WindowsPowerShell/v1.0:/mnt/c/WINDOWS/System32/OpenSSH:/mnt/c/Program Files/usbipd-win:/mnt/c/Program Files/MATLAB/R2025b/bin:/mnt/c/Users/g2909/AppData/Local/Android/Sdk/platform-tools:/mnt/d/Microsoft VS Code/bin:/mnt/c/Users/g2909/AppData/Local/Programs/Ollama:/mnt/c/Users/g2909/AppData/Local/Microsoft/WindowsApps:/mnt/c/Program Files/Git/usr/bin:/mnt/c/Program Files/Git/cmd:/mnt/c/Users/g2909/AppData/Local/Programs/nodejs:/mnt/c/Program Files/Git/usr/bin/vendor_perl:/mnt/c/Program Files/Git/usr/bin/core_perl:/snap/bin'), ('XDG_RUNTIME_DIR', '/run/user/1000/'), ('DISPLAY', ':0'), ('LANG', 'C.UTF-8'), ('AMENT_PREFIX_PATH', '/opt/ros/humble'), ('SHELL', '/bin/bash'), ('PWD', '/home/g2909/WUTA1/WUTA-FSD/ros2_ws/build/wuta_msgs'), ('XDG_DATA_DIRS', '/usr/local/share:/usr/share:/var/lib/snapd/desktop'), ('PYTHONPATH', '/opt/ros/humble/lib/python3.10/site-packages:/opt/ros/humble/local/lib/python3.10/dist-packages'), ('COLCON', '1'), ('WSL2_GUI_APPS_ENABLED', '1'), ('HOSTTYPE', 'x86_64'), ('WSLENV', 'VSCODE_WSL_EXT_LOCATION/up'), ('CMAKE_PREFIX_PATH', '/opt/ros/humble')]), 'shell': False}
[8.161955] (autoware_msgs) StdoutLine: {'line': b'-- Symlinking: /home/g2909/WUTA1/WUTA-FSD/ros2_ws/install/autoware_msgs/include/autoware_msgs/autoware_msgs/msg/rosidl_typesupport_fastrtps_cpp__visibility_control.h\n'}
[8.164673] (autoware_msgs) StdoutLine: {'line': b'-- Symlinking: /home/g2909/WUTA1/WUTA-FSD/ros2_ws/install/autoware_msgs/include/autoware_msgs/autoware_msgs/msg/detail/command__rosidl_typesupport_introspection_cpp.hpp\n'}
[8.168356] (autoware_msgs) StdoutLine: {'line': b'-- Symlinking: /home/g2909/WUTA1/WUTA-FSD/ros2_ws/install/autoware_msgs/include/autoware_msgs/autoware_msgs/msg/detail/lane__rosidl_typesupport_introspection_cpp.hpp\n'}
[8.171680] (autoware_msgs) StdoutLine: {'line': b'-- Symlinking: /home/g2909/WUTA1/WUTA-FSD/ros2_ws/install/autoware_msgs/include/autoware_msgs/autoware_msgs/msg/detail/waypoint__rosidl_typesupport_introspection_cpp.hpp\n'}
[8.174978] (autoware_msgs) StdoutLine: {'line': b'-- Symlinking: /home/g2909/WUTA1/WUTA-FSD/ros2_ws/install/autoware_msgs/share/autoware_msgs/environment/pythonpath.sh\n'}
[8.179260] (autoware_msgs) StdoutLine: {'line': b'-- Symlinking: /home/g2909/WUTA1/WUTA-FSD/ros2_ws/install/autoware_msgs/share/autoware_msgs/environment/pythonpath.dsv\n'}
[8.183982] (autoware_msgs) StdoutLine: {'line': b'-- Symlinking: /home/g2909/WUTA1/WUTA-FSD/ros2_ws/install/autoware_msgs/local/lib/python3.10/dist-packages/autoware_msgs-0.1.0-py3.10.egg-info/PKG-INFO\n'}
[8.187455] (autoware_msgs) StdoutLine: {'line': b'-- Symlinking: /home/g2909/WUTA1/WUTA-FSD/ros2_ws/install/autoware_msgs/local/lib/python3.10/dist-packages/autoware_msgs-0.1.0-py3.10.egg-info/SOURCES.txt\n'}
[8.190897] (autoware_msgs) StdoutLine: {'line': b'-- Symlinking: /home/g2909/WUTA1/WUTA-FSD/ros2_ws/install/autoware_msgs/local/lib/python3.10/dist-packages/autoware_msgs-0.1.0-py3.10.egg-info/dependency_links.txt\n'}
[8.194582] (autoware_msgs) StdoutLine: {'line': b'-- Symlinking: /home/g2909/WUTA1/WUTA-FSD/ros2_ws/install/autoware_msgs/local/lib/python3.10/dist-packages/autoware_msgs-0.1.0-py3.10.egg-info/top_level.txt\n'}
[8.199315] (autoware_msgs) StdoutLine: {'line': b'-- Symlinking: /home/g2909/WUTA1/WUTA-FSD/ros2_ws/install/autoware_msgs/local/lib/python3.10/dist-packages/autoware_msgs/__init__.py\n'}
[8.202955] (autoware_msgs) StdoutLine: {'line': b'-- Symlinking: /home/g2909/WUTA1/WUTA-FSD/ros2_ws/install/autoware_msgs/local/lib/python3.10/dist-packages/autoware_msgs/_autoware_msgs_s.ep.rosidl_typesupport_c.c\n'}
[8.206406] (autoware_msgs) StdoutLine: {'line': b'-- Symlinking: /home/g2909/WUTA1/WUTA-FSD/ros2_ws/install/autoware_msgs/local/lib/python3.10/dist-packages/autoware_msgs/_autoware_msgs_s.ep.rosidl_typesupport_fastrtps_c.c\n'}
[8.209733] (autoware_msgs) StdoutLine: {'line': b'-- Symlinking: /home/g2909/WUTA1/WUTA-FSD/ros2_ws/install/autoware_msgs/local/lib/python3.10/dist-packages/autoware_msgs/_autoware_msgs_s.ep.rosidl_typesupport_introspection_c.c\n'}
[8.212810] (autoware_msgs) StdoutLine: {'line': b'-- Symlinking: /home/g2909/WUTA1/WUTA-FSD/ros2_ws/install/autoware_msgs/local/lib/python3.10/dist-packages/autoware_msgs/autoware_msgs_s__rosidl_typesupport_c.cpython-310-x86_64-linux-gnu.so\n'}
[8.216294] (autoware_msgs) StdoutLine: {'line': b'-- Symlinking: /home/g2909/WUTA1/WUTA-FSD/ros2_ws/install/autoware_msgs/local/lib/python3.10/dist-packages/autoware_msgs/autoware_msgs_s__rosidl_typesupport_fastrtps_c.cpython-310-x86_64-linux-gnu.so\n'}
[8.219011] (autoware_msgs) StdoutLine: {'line': b'-- Symlinking: /home/g2909/WUTA1/WUTA-FSD/ros2_ws/install/autoware_msgs/local/lib/python3.10/dist-packages/autoware_msgs/autoware_msgs_s__rosidl_typesupport_introspection_c.cpython-310-x86_64-linux-gnu.so\n'}
[8.221842] (wuta_msgs) StdoutLine: {'line': b'-- Install configuration: ""\n'}
[8.222105] (autoware_msgs) StdoutLine: {'line': b'-- Symlinking: /home/g2909/WUTA1/WUTA-FSD/ros2_ws/install/autoware_msgs/local/lib/python3.10/dist-packages/autoware_msgs/libautoware_msgs__rosidl_generator_py.so\n'}
[8.222153] (wuta_msgs) StdoutLine: {'line': b'-- Execute custom install script\n'}
[8.222624] (wuta_msgs) StdoutLine: {'line': b'-- Symlinking: /home/g2909/WUTA1/WUTA-FSD/ros2_ws/install/wuta_msgs/share/ament_index/resource_index/rosidl_interfaces/wuta_msgs\n'}
[8.224910] (autoware_msgs) StdoutLine: {'line': b'-- Symlinking: /home/g2909/WUTA1/WUTA-FSD/ros2_ws/install/autoware_msgs/local/lib/python3.10/dist-packages/autoware_msgs/msg/__init__.py\n'}
[8.225760] (wuta_msgs) StdoutLine: {'line': b'-- Symlinking: /home/g2909/WUTA1/WUTA-FSD/ros2_ws/install/wuta_msgs/include/wuta_msgs/wuta_msgs/msg/cone.h\n'}
[8.227367] (autoware_msgs) StdoutLine: {'line': b'-- Symlinking: /home/g2909/WUTA1/WUTA-FSD/ros2_ws/install/autoware_msgs/local/lib/python3.10/dist-packages/autoware_msgs/msg/_command.py\n'}
[8.228137] (wuta_msgs) StdoutLine: {'line': b'-- Symlinking: /home/g2909/WUTA1/WUTA-FSD/ros2_ws/install/wuta_msgs/include/wuta_msgs/wuta_msgs/msg/cone_array.h\n'}
[8.230010] (autoware_msgs) StdoutLine: {'line': b'-- Symlinking: /home/g2909/WUTA1/WUTA-FSD/ros2_ws/install/autoware_msgs/local/lib/python3.10/dist-packages/autoware_msgs/msg/_command_s.c\n'}
[8.230690] (wuta_msgs) StdoutLine: {'line': b'-- Symlinking: /home/g2909/WUTA1/WUTA-FSD/ros2_ws/install/wuta_msgs/include/wuta_msgs/wuta_msgs/msg/cone_map.h\n'}
[8.231022] (-) TimerEvent: {}
[8.232407] (autoware_msgs) StdoutLine: {'line': b'-- Symlinking: /home/g2909/WUTA1/WUTA-FSD/ros2_ws/install/autoware_msgs/local/lib/python3.10/dist-packages/autoware_msgs/msg/_lane.py\n'}
[8.233160] (wuta_msgs) StdoutLine: {'line': b'-- Symlinking: /home/g2909/WUTA1/WUTA-FSD/ros2_ws/install/wuta_msgs/include/wuta_msgs/wuta_msgs/msg/detail/cone__functions.h\n'}
[8.235018] (autoware_msgs) StdoutLine: {'line': b'-- Symlinking: /home/g2909/WUTA1/WUTA-FSD/ros2_ws/install/autoware_msgs/local/lib/python3.10/dist-packages/autoware_msgs/msg/_lane_s.c\n'}
[8.235729] (wuta_msgs) StdoutLine: {'line': b'-- Symlinking: /home/g2909/WUTA1/WUTA-FSD/ros2_ws/install/wuta_msgs/include/wuta_msgs/wuta_msgs/msg/detail/cone__struct.h\n'}
[8.237664] (autoware_msgs) StdoutLine: {'line': b'-- Symlinking: /home/g2909/WUTA1/WUTA-FSD/ros2_ws/install/autoware_msgs/local/lib/python3.10/dist-packages/autoware_msgs/msg/_waypoint.py\n'}
[8.238396] (wuta_msgs) StdoutLine: {'line': b'-- Symlinking: /home/g2909/WUTA1/WUTA-FSD/ros2_ws/install/wuta_msgs/include/wuta_msgs/wuta_msgs/msg/detail/cone__type_support.h\n'}
[8.240180] (autoware_msgs) StdoutLine: {'line': b'-- Symlinking: /home/g2909/WUTA1/WUTA-FSD/ros2_ws/install/autoware_msgs/local/lib/python3.10/dist-packages/autoware_msgs/msg/_waypoint_s.c\n'}
[8.241037] (wuta_msgs) StdoutLine: {'line': b'-- Symlinking: /home/g2909/WUTA1/WUTA-FSD/ros2_ws/install/wuta_msgs/include/wuta_msgs/wuta_msgs/msg/detail/cone_array__functions.h\n'}
[8.242651] (autoware_msgs) StdoutLine: {'line': b'-- Up-to-date symlink: /home/g2909/WUTA1/WUTA-FSD/ros2_ws/install/autoware_msgs/local/lib/python3.10/dist-packages/autoware_msgs/autoware_msgs_s__rosidl_typesupport_fastrtps_c.cpython-310-x86_64-linux-gnu.so\n'}
[8.242867] (autoware_msgs) StdoutLine: {'line': b'-- Up-to-date symlink: /home/g2909/WUTA1/WUTA-FSD/ros2_ws/install/autoware_msgs/local/lib/python3.10/dist-packages/autoware_msgs/autoware_msgs_s__rosidl_typesupport_introspection_c.cpython-310-x86_64-linux-gnu.so\n'}
[8.242918] (autoware_msgs) StdoutLine: {'line': b'-- Up-to-date symlink: /home/g2909/WUTA1/WUTA-FSD/ros2_ws/install/autoware_msgs/local/lib/python3.10/dist-packages/autoware_msgs/autoware_msgs_s__rosidl_typesupport_c.cpython-310-x86_64-linux-gnu.so\n'}
[8.243059] (autoware_msgs) StdoutLine: {'line': b'-- Symlinking: /home/g2909/WUTA1/WUTA-FSD/ros2_ws/install/autoware_msgs/share/ament_index/resource_index/rust_packages/autoware_msgs\n'}
[8.243379] (wuta_msgs) StdoutLine: {'line': b'-- Symlinking: /home/g2909/WUTA1/WUTA-FSD/ros2_ws/install/wuta_msgs/include/wuta_msgs/wuta_msgs/msg/detail/cone_array__struct.h\n'}
[8.246212] (wuta_msgs) StdoutLine: {'line': b'-- Symlinking: /home/g2909/WUTA1/WUTA-FSD/ros2_ws/install/wuta_msgs/include/wuta_msgs/wuta_msgs/msg/detail/cone_array__type_support.h\n'}
[8.246494] (autoware_msgs) StdoutLine: {'line': b'-- Symlinking: /home/g2909/WUTA1/WUTA-FSD/ros2_ws/install/autoware_msgs/share/autoware_msgs/rust/Cargo.toml\n'}
[8.249671] (autoware_msgs) StdoutLine: {'line': b'-- Symlinking: /home/g2909/WUTA1/WUTA-FSD/ros2_ws/install/autoware_msgs/share/autoware_msgs/rust/build.rs\n'}
[8.249836] (wuta_msgs) StdoutLine: {'line': b'-- Symlinking: /home/g2909/WUTA1/WUTA-FSD/ros2_ws/install/wuta_msgs/include/wuta_msgs/wuta_msgs/msg/detail/cone_map__functions.h\n'}
[8.253037] (wuta_msgs) StdoutLine: {'line': b'-- Symlinking: /home/g2909/WUTA1/WUTA-FSD/ros2_ws/install/wuta_msgs/include/wuta_msgs/wuta_msgs/msg/detail/cone_map__struct.h\n'}
[8.253182] (autoware_msgs) StdoutLine: {'line': b'-- Symlinking: /home/g2909/WUTA1/WUTA-FSD/ros2_ws/install/autoware_msgs/share/autoware_msgs/rust/src/lib.rs\n'}
[8.256578] (autoware_msgs) StdoutLine: {'line': b'-- Symlinking: /home/g2909/WUTA1/WUTA-FSD/ros2_ws/install/autoware_msgs/share/autoware_msgs/rust/src/msg.rs\n'}
[8.256752] (wuta_msgs) StdoutLine: {'line': b'-- Symlinking: /home/g2909/WUTA1/WUTA-FSD/ros2_ws/install/wuta_msgs/include/wuta_msgs/wuta_msgs/msg/detail/cone_map__type_support.h\n'}
[8.260823] (autoware_msgs) StdoutLine: {'line': b'-- Symlinking: /home/g2909/WUTA1/WUTA-FSD/ros2_ws/install/autoware_msgs/share/autoware_msgs/rust/src/msg/rmw.rs\n'}
[8.261201] (wuta_msgs) StdoutLine: {'line': b'-- Symlinking: /home/g2909/WUTA1/WUTA-FSD/ros2_ws/install/wuta_msgs/include/wuta_msgs/wuta_msgs/msg/detail/mission_state__functions.h\n'}
[8.266615] (autoware_msgs) StdoutLine: {'line': b'-- Symlinking: /home/g2909/WUTA1/WUTA-FSD/ros2_ws/install/autoware_msgs/share/autoware_msgs/msg/Waypoint.idl\n'}
[8.269967] (wuta_msgs) StdoutLine: {'line': b'-- Symlinking: /home/g2909/WUTA1/WUTA-FSD/ros2_ws/install/wuta_msgs/include/wuta_msgs/wuta_msgs/msg/detail/mission_state__struct.h\n'}
[8.270334] (autoware_msgs) StdoutLine: {'line': b'-- Symlinking: /home/g2909/WUTA1/WUTA-FSD/ros2_ws/install/autoware_msgs/share/autoware_msgs/msg/Lane.idl\n'}
[8.274481] (wuta_msgs) StdoutLine: {'line': b'-- Symlinking: /home/g2909/WUTA1/WUTA-FSD/ros2_ws/install/wuta_msgs/include/wuta_msgs/wuta_msgs/msg/detail/mission_state__type_support.h\n'}
[8.274658] (autoware_msgs) StdoutLine: {'line': b'-- Symlinking: /home/g2909/WUTA1/WUTA-FSD/ros2_ws/install/autoware_msgs/share/autoware_msgs/msg/Command.idl\n'}
[8.279974] (wuta_msgs) StdoutLine: {'line': b'-- Symlinking: /home/g2909/WUTA1/WUTA-FSD/ros2_ws/install/wuta_msgs/include/wuta_msgs/wuta_msgs/msg/mission_state.h\n'}
[8.280146] (autoware_msgs) StdoutLine: {'line': b'-- Symlinking: /home/g2909/WUTA1/WUTA-FSD/ros2_ws/install/autoware_msgs/share/autoware_msgs/msg/Waypoint.msg\n'}
[8.284602] (autoware_msgs) StdoutLine: {'line': b'-- Symlinking: /home/g2909/WUTA1/WUTA-FSD/ros2_ws/install/autoware_msgs/share/autoware_msgs/msg/Lane.msg\n'}
[8.287073] (wuta_msgs) StdoutLine: {'line': b'-- Symlinking: /home/g2909/WUTA1/WUTA-FSD/ros2_ws/install/wuta_msgs/include/wuta_msgs/wuta_msgs/msg/rosidl_generator_c__visibility_control.h\n'}
[8.288729] (autoware_msgs) StdoutLine: {'line': b'-- Symlinking: /home/g2909/WUTA1/WUTA-FSD/ros2_ws/install/autoware_msgs/share/autoware_msgs/msg/Command.msg\n'}
[8.291267] (wuta_msgs) StdoutLine: {'line': b'-- Symlinking: /home/g2909/WUTA1/WUTA-FSD/ros2_ws/install/wuta_msgs/share/wuta_msgs/environment/library_path.sh\n'}
[8.292571] (autoware_msgs) StdoutLine: {'line': b'-- Symlinking: /home/g2909/WUTA1/WUTA-FSD/ros2_ws/install/autoware_msgs/share/ament_index/resource_index/package_run_dependencies/autoware_msgs\n'}
[8.298185] (wuta_msgs) StdoutLine: {'line': b'-- Symlinking: /home/g2909/WUTA1/WUTA-FSD/ros2_ws/install/wuta_msgs/share/wuta_msgs/environment/library_path.dsv\n'}
[8.298357] (autoware_msgs) StdoutLine: {'line': b'-- Symlinking: /home/g2909/WUTA1/WUTA-FSD/ros2_ws/install/autoware_msgs/share/ament_index/resource_index/parent_prefix_path/autoware_msgs\n'}
[8.302601] (wuta_msgs) StdoutLine: {'line': b'-- Symlinking: /home/g2909/WUTA1/WUTA-FSD/ros2_ws/install/wuta_msgs/include/wuta_msgs/wuta_msgs/msg/detail/cone__rosidl_typesupport_fastrtps_c.h\n'}
[8.304787] (autoware_msgs) StdoutLine: {'line': b'-- Symlinking: /home/g2909/WUTA1/WUTA-FSD/ros2_ws/install/autoware_msgs/share/autoware_msgs/environment/ament_prefix_path.sh\n'}
[8.307270] (wuta_msgs) StdoutLine: {'line': b'-- Symlinking: /home/g2909/WUTA1/WUTA-FSD/ros2_ws/install/wuta_msgs/include/wuta_msgs/wuta_msgs/msg/detail/cone_array__rosidl_typesupport_fastrtps_c.h\n'}
[8.309176] (autoware_msgs) StdoutLine: {'line': b'-- Symlinking: /home/g2909/WUTA1/WUTA-FSD/ros2_ws/install/autoware_msgs/share/autoware_msgs/environment/ament_prefix_path.dsv\n'}
[8.314482] (autoware_msgs) StdoutLine: {'line': b'-- Symlinking: /home/g2909/WUTA1/WUTA-FSD/ros2_ws/install/autoware_msgs/share/autoware_msgs/environment/path.sh\n'}
[8.321087] (wuta_msgs) StdoutLine: {'line': b'-- Symlinking: /home/g2909/WUTA1/WUTA-FSD/ros2_ws/install/wuta_msgs/include/wuta_msgs/wuta_msgs/msg/detail/cone_map__rosidl_typesupport_fastrtps_c.h\n'}
[8.321331] (autoware_msgs) StdoutLine: {'line': b'-- Symlinking: /home/g2909/WUTA1/WUTA-FSD/ros2_ws/install/autoware_msgs/share/autoware_msgs/environment/path.dsv\n'}
[8.326005] (wuta_msgs) StdoutLine: {'line': b'-- Symlinking: /home/g2909/WUTA1/WUTA-FSD/ros2_ws/install/wuta_msgs/include/wuta_msgs/wuta_msgs/msg/detail/mission_state__rosidl_typesupport_fastrtps_c.h\n'}
[8.326213] (autoware_msgs) StdoutLine: {'line': b'-- Symlinking: /home/g2909/WUTA1/WUTA-FSD/ros2_ws/install/autoware_msgs/share/autoware_msgs/local_setup.bash\n'}
[8.331256] (-) TimerEvent: {}
[8.332308] (wuta_msgs) StdoutLine: {'line': b'-- Symlinking: /home/g2909/WUTA1/WUTA-FSD/ros2_ws/install/wuta_msgs/include/wuta_msgs/wuta_msgs/msg/rosidl_typesupport_fastrtps_c__visibility_control.h\n'}
[8.332776] (autoware_msgs) StdoutLine: {'line': b'-- Symlinking: /home/g2909/WUTA1/WUTA-FSD/ros2_ws/install/autoware_msgs/share/autoware_msgs/local_setup.sh\n'}
[8.337415] (autoware_msgs) StdoutLine: {'line': b'-- Symlinking: /home/g2909/WUTA1/WUTA-FSD/ros2_ws/install/autoware_msgs/share/autoware_msgs/local_setup.zsh\n'}
[8.337688] (wuta_msgs) StdoutLine: {'line': b'-- Symlinking: /home/g2909/WUTA1/WUTA-FSD/ros2_ws/install/wuta_msgs/include/wuta_msgs/wuta_msgs/msg/detail/cone__rosidl_typesupport_introspection_c.h\n'}
[8.341613] (autoware_msgs) StdoutLine: {'line': b'-- Symlinking: /home/g2909/WUTA1/WUTA-FSD/ros2_ws/install/autoware_msgs/share/autoware_msgs/local_setup.dsv\n'}
[8.341806] (wuta_msgs) StdoutLine: {'line': b'-- Symlinking: /home/g2909/WUTA1/WUTA-FSD/ros2_ws/install/wuta_msgs/include/wuta_msgs/wuta_msgs/msg/detail/cone_array__rosidl_typesupport_introspection_c.h\n'}
[8.347766] (wuta_msgs) StdoutLine: {'line': b'-- Symlinking: /home/g2909/WUTA1/WUTA-FSD/ros2_ws/install/wuta_msgs/include/wuta_msgs/wuta_msgs/msg/detail/cone_map__rosidl_typesupport_introspection_c.h\n'}
[8.348030] (autoware_msgs) StdoutLine: {'line': b'-- Symlinking: /home/g2909/WUTA1/WUTA-FSD/ros2_ws/install/autoware_msgs/share/autoware_msgs/package.dsv\n'}
[8.351160] (wuta_msgs) StdoutLine: {'line': b'-- Symlinking: /home/g2909/WUTA1/WUTA-FSD/ros2_ws/install/wuta_msgs/include/wuta_msgs/wuta_msgs/msg/detail/mission_state__rosidl_typesupport_introspection_c.h\n'}
[8.351331] (autoware_msgs) StdoutLine: {'line': b'-- Symlinking: /home/g2909/WUTA1/WUTA-FSD/ros2_ws/install/autoware_msgs/share/ament_index/resource_index/packages/autoware_msgs\n'}
[8.356368] (wuta_msgs) StdoutLine: {'line': b'-- Symlinking: /home/g2909/WUTA1/WUTA-FSD/ros2_ws/install/wuta_msgs/include/wuta_msgs/wuta_msgs/msg/rosidl_typesupport_introspection_c__visibility_control.h\n'}
[8.356810] (autoware_msgs) StdoutLine: {'line': b'-- Symlinking: /home/g2909/WUTA1/WUTA-FSD/ros2_ws/install/autoware_msgs/share/autoware_msgs/cmake/rosidl_cmake-extras.cmake\n'}
[8.360722] (autoware_msgs) StdoutLine: {'line': b'-- Symlinking: /home/g2909/WUTA1/WUTA-FSD/ros2_ws/install/autoware_msgs/share/autoware_msgs/cmake/ament_cmake_export_dependencies-extras.cmake\n'}
[8.360950] (wuta_msgs) StdoutLine: {'line': b'-- Symlinking: /home/g2909/WUTA1/WUTA-FSD/ros2_ws/install/wuta_msgs/include/wuta_msgs/wuta_msgs/msg/cone.hpp\n'}
[8.366531] (wuta_msgs) StdoutLine: {'line': b'-- Symlinking: /home/g2909/WUTA1/WUTA-FSD/ros2_ws/install/wuta_msgs/include/wuta_msgs/wuta_msgs/msg/cone_array.hpp\n'}
[8.366848] (autoware_msgs) StdoutLine: {'line': b'-- Symlinking: /home/g2909/WUTA1/WUTA-FSD/ros2_ws/install/autoware_msgs/share/autoware_msgs/cmake/ament_cmake_export_include_directories-extras.cmake\n'}
[8.371398] (autoware_msgs) StdoutLine: {'line': b'-- Symlinking: /home/g2909/WUTA1/WUTA-FSD/ros2_ws/install/autoware_msgs/share/autoware_msgs/cmake/ament_cmake_export_libraries-extras.cmake\n'}
[8.371590] (wuta_msgs) StdoutLine: {'line': b'-- Symlinking: /home/g2909/WUTA1/WUTA-FSD/ros2_ws/install/wuta_msgs/include/wuta_msgs/wuta_msgs/msg/cone_map.hpp\n'}
[8.374944] (wuta_msgs) StdoutLine: {'line': b'-- Symlinking: /home/g2909/WUTA1/WUTA-FSD/ros2_ws/install/wuta_msgs/include/wuta_msgs/wuta_msgs/msg/detail/cone__builder.hpp\n'}
[8.375103] (autoware_msgs) StdoutLine: {'line': b'-- Symlinking: /home/g2909/WUTA1/WUTA-FSD/ros2_ws/install/autoware_msgs/share/autoware_msgs/cmake/ament_cmake_export_targets-extras.cmake\n'}
[8.379554] (wuta_msgs) StdoutLine: {'line': b'-- Symlinking: /home/g2909/WUTA1/WUTA-FSD/ros2_ws/install/wuta_msgs/include/wuta_msgs/wuta_msgs/msg/detail/cone__struct.hpp\n'}
[8.379724] (autoware_msgs) StdoutLine: {'line': b'-- Symlinking: /home/g2909/WUTA1/WUTA-FSD/ros2_ws/install/autoware_msgs/share/autoware_msgs/cmake/rosidl_cmake_export_typesupport_targets-extras.cmake\n'}
[8.383162] (autoware_msgs) StdoutLine: {'line': b'-- Symlinking: /home/g2909/WUTA1/WUTA-FSD/ros2_ws/install/autoware_msgs/share/autoware_msgs/cmake/rosidl_cmake_export_typesupport_libraries-extras.cmake\n'}
[8.383412] (wuta_msgs) StdoutLine: {'line': b'-- Symlinking: /home/g2909/WUTA1/WUTA-FSD/ros2_ws/install/wuta_msgs/include/wuta_msgs/wuta_msgs/msg/detail/cone__traits.hpp\n'}
[8.388481] (wuta_msgs) StdoutLine: {'line': b'-- Symlinking: /home/g2909/WUTA1/WUTA-FSD/ros2_ws/install/wuta_msgs/include/wuta_msgs/wuta_msgs/msg/detail/cone__type_support.hpp\n'}
[8.388654] (autoware_msgs) StdoutLine: {'line': b'-- Symlinking: /home/g2909/WUTA1/WUTA-FSD/ros2_ws/install/autoware_msgs/share/autoware_msgs/cmake/rosidl_cmake_aggregate_target-extras.cmake\n'}
[8.392130] (wuta_msgs) StdoutLine: {'line': b'-- Symlinking: /home/g2909/WUTA1/WUTA-FSD/ros2_ws/install/wuta_msgs/include/wuta_msgs/wuta_msgs/msg/detail/cone_array__builder.hpp\n'}
[8.392415] (autoware_msgs) StdoutLine: {'line': b'-- Symlinking: /home/g2909/WUTA1/WUTA-FSD/ros2_ws/install/autoware_msgs/share/autoware_msgs/cmake/autoware_msgsConfig.cmake\n'}
[8.397023] (autoware_msgs) StdoutLine: {'line': b'-- Symlinking: /home/g2909/WUTA1/WUTA-FSD/ros2_ws/install/autoware_msgs/share/autoware_msgs/cmake/autoware_msgsConfig-version.cmake\n'}
[8.397196] (wuta_msgs) StdoutLine: {'line': b'-- Symlinking: /home/g2909/WUTA1/WUTA-FSD/ros2_ws/install/wuta_msgs/include/wuta_msgs/wuta_msgs/msg/detail/cone_array__struct.hpp\n'}
[8.401015] (wuta_msgs) StdoutLine: {'line': b'-- Symlinking: /home/g2909/WUTA1/WUTA-FSD/ros2_ws/install/wuta_msgs/include/wuta_msgs/wuta_msgs/msg/detail/cone_array__traits.hpp\n'}
[8.401526] (autoware_msgs) StdoutLine: {'line': b'-- Symlinking: /home/g2909/WUTA1/WUTA-FSD/ros2_ws/install/autoware_msgs/share/autoware_msgs/package.xml\n'}
[8.406072] (wuta_msgs) StdoutLine: {'line': b'-- Symlinking: /home/g2909/WUTA1/WUTA-FSD/ros2_ws/install/wuta_msgs/include/wuta_msgs/wuta_msgs/msg/detail/cone_array__type_support.hpp\n'}
[8.406352] (autoware_msgs) StdoutLine: {'line': b'-- Installing: /home/g2909/WUTA1/WUTA-FSD/ros2_ws/install/autoware_msgs/lib/libautoware_msgs__rosidl_generator_c.so\n'}
[8.406817] (autoware_msgs) StdoutLine: {'line': b'-- Set non-toolchain portion of runtime path of "/home/g2909/WUTA1/WUTA-FSD/ros2_ws/install/autoware_msgs/lib/libautoware_msgs__rosidl_generator_c.so" to ""\n'}
[8.406860] (autoware_msgs) StdoutLine: {'line': b'-- Installing: /home/g2909/WUTA1/WUTA-FSD/ros2_ws/install/autoware_msgs/lib/libautoware_msgs__rosidl_typesupport_fastrtps_c.so\n'}
[8.406927] (autoware_msgs) StdoutLine: {'line': b'-- Set non-toolchain portion of runtime path of "/home/g2909/WUTA1/WUTA-FSD/ros2_ws/install/autoware_msgs/lib/libautoware_msgs__rosidl_typesupport_fastrtps_c.so" to ""\n'}
[8.406957] (autoware_msgs) StdoutLine: {'line': b'-- Installing: /home/g2909/WUTA1/WUTA-FSD/ros2_ws/install/autoware_msgs/lib/libautoware_msgs__rosidl_typesupport_introspection_c.so\n'}
[8.407098] (autoware_msgs) StdoutLine: {'line': b'-- Set non-toolchain portion of runtime path of "/home/g2909/WUTA1/WUTA-FSD/ros2_ws/install/autoware_msgs/lib/libautoware_msgs__rosidl_typesupport_introspection_c.so" to ""\n'}
[8.407202] (autoware_msgs) StdoutLine: {'line': b'-- Installing: /home/g2909/WUTA1/WUTA-FSD/ros2_ws/install/autoware_msgs/lib/libautoware_msgs__rosidl_typesupport_c.so\n'}
[8.407520] (autoware_msgs) StdoutLine: {'line': b'-- Set non-toolchain portion of runtime path of "/home/g2909/WUTA1/WUTA-FSD/ros2_ws/install/autoware_msgs/lib/libautoware_msgs__rosidl_typesupport_c.so" to ""\n'}
[8.407547] (autoware_msgs) StdoutLine: {'line': b'-- Installing: /home/g2909/WUTA1/WUTA-FSD/ros2_ws/install/autoware_msgs/lib/libautoware_msgs__rosidl_typesupport_fastrtps_cpp.so\n'}
[8.407588] (autoware_msgs) StdoutLine: {'line': b'-- Set non-toolchain portion of runtime path of "/home/g2909/WUTA1/WUTA-FSD/ros2_ws/install/autoware_msgs/lib/libautoware_msgs__rosidl_typesupport_fastrtps_cpp.so" to ""\n'}
[8.407626] (autoware_msgs) StdoutLine: {'line': b'-- Installing: /home/g2909/WUTA1/WUTA-FSD/ros2_ws/install/autoware_msgs/lib/libautoware_msgs__rosidl_typesupport_introspection_cpp.so\n'}
[8.407872] (autoware_msgs) StdoutLine: {'line': b'-- Set non-toolchain portion of runtime path of "/home/g2909/WUTA1/WUTA-FSD/ros2_ws/install/autoware_msgs/lib/libautoware_msgs__rosidl_typesupport_introspection_cpp.so" to ""\n'}
[8.407938] (autoware_msgs) StdoutLine: {'line': b'-- Installing: /home/g2909/WUTA1/WUTA-FSD/ros2_ws/install/autoware_msgs/lib/libautoware_msgs__rosidl_typesupport_cpp.so\n'}
[8.408493] (autoware_msgs) StdoutLine: {'line': b'-- Set non-toolchain portion of runtime path of "/home/g2909/WUTA1/WUTA-FSD/ros2_ws/install/autoware_msgs/lib/libautoware_msgs__rosidl_typesupport_cpp.so" to ""\n'}
[8.410166] (wuta_msgs) StdoutLine: {'line': b'-- Symlinking: /home/g2909/WUTA1/WUTA-FSD/ros2_ws/install/wuta_msgs/include/wuta_msgs/wuta_msgs/msg/detail/cone_map__builder.hpp\n'}
[8.415463] (wuta_msgs) StdoutLine: {'line': b'-- Symlinking: /home/g2909/WUTA1/WUTA-FSD/ros2_ws/install/wuta_msgs/include/wuta_msgs/wuta_msgs/msg/detail/cone_map__struct.hpp\n'}
[8.422186] (wuta_msgs) StdoutLine: {'line': b'-- Symlinking: /home/g2909/WUTA1/WUTA-FSD/ros2_ws/install/wuta_msgs/include/wuta_msgs/wuta_msgs/msg/detail/cone_map__traits.hpp\n'}
[8.428028] (wuta_msgs) StdoutLine: {'line': b'-- Symlinking: /home/g2909/WUTA1/WUTA-FSD/ros2_ws/install/wuta_msgs/include/wuta_msgs/wuta_msgs/msg/detail/cone_map__type_support.hpp\n'}
[8.431396] (-) TimerEvent: {}
[8.432742] (wuta_msgs) StdoutLine: {'line': b'-- Symlinking: /home/g2909/WUTA1/WUTA-FSD/ros2_ws/install/wuta_msgs/include/wuta_msgs/wuta_msgs/msg/detail/mission_state__builder.hpp\n'}
[8.437751] (wuta_msgs) StdoutLine: {'line': b'-- Symlinking: /home/g2909/WUTA1/WUTA-FSD/ros2_ws/install/wuta_msgs/include/wuta_msgs/wuta_msgs/msg/detail/mission_state__struct.hpp\n'}
[8.441828] (wuta_msgs) StdoutLine: {'line': b'-- Symlinking: /home/g2909/WUTA1/WUTA-FSD/ros2_ws/install/wuta_msgs/include/wuta_msgs/wuta_msgs/msg/detail/mission_state__traits.hpp\n'}
[8.446947] (wuta_msgs) StdoutLine: {'line': b'-- Symlinking: /home/g2909/WUTA1/WUTA-FSD/ros2_ws/install/wuta_msgs/include/wuta_msgs/wuta_msgs/msg/detail/mission_state__type_support.hpp\n'}
[8.449649] (autoware_msgs) StdoutLine: {'line': b"Listing '/home/g2909/WUTA1/WUTA-FSD/ros2_ws/install/autoware_msgs/local/lib/python3.10/dist-packages/autoware_msgs'...\n"}
[8.449809] (autoware_msgs) StdoutLine: {'line': b"Compiling '/home/g2909/WUTA1/WUTA-FSD/ros2_ws/install/autoware_msgs/local/lib/python3.10/dist-packages/autoware_msgs/__init__.py'...\n"}
[8.449841] (autoware_msgs) StdoutLine: {'line': b"Listing '/home/g2909/WUTA1/WUTA-FSD/ros2_ws/install/autoware_msgs/local/lib/python3.10/dist-packages/autoware_msgs/msg'...\n"}
[8.449866] (autoware_msgs) StdoutLine: {'line': b"Compiling '/home/g2909/WUTA1/WUTA-FSD/ros2_ws/install/autoware_msgs/local/lib/python3.10/dist-packages/autoware_msgs/msg/__init__.py'...\n"}
[8.449889] (autoware_msgs) StdoutLine: {'line': b"Compiling '/home/g2909/WUTA1/WUTA-FSD/ros2_ws/install/autoware_msgs/local/lib/python3.10/dist-packages/autoware_msgs/msg/_command.py'...\n"}
[8.449910] (autoware_msgs) StdoutLine: {'line': b"Compiling '/home/g2909/WUTA1/WUTA-FSD/ros2_ws/install/autoware_msgs/local/lib/python3.10/dist-packages/autoware_msgs/msg/_lane.py'...\n"}
[8.449930] (autoware_msgs) StdoutLine: {'line': b"Compiling '/home/g2909/WUTA1/WUTA-FSD/ros2_ws/install/autoware_msgs/local/lib/python3.10/dist-packages/autoware_msgs/msg/_waypoint.py'...\n"}
[8.450690] (wuta_msgs) StdoutLine: {'line': b'-- Symlinking: /home/g2909/WUTA1/WUTA-FSD/ros2_ws/install/wuta_msgs/include/wuta_msgs/wuta_msgs/msg/mission_state.hpp\n'}
[8.453914] (autoware_msgs) StdoutLine: {'line': b'-- Installing: /home/g2909/WUTA1/WUTA-FSD/ros2_ws/install/autoware_msgs/lib/libautoware_msgs__rosidl_generator_py.so\n'}
[8.454217] (autoware_msgs) StdoutLine: {'line': b'-- Set non-toolchain portion of runtime path of "/home/g2909/WUTA1/WUTA-FSD/ros2_ws/install/autoware_msgs/lib/libautoware_msgs__rosidl_generator_py.so" to ""\n'}
[8.454311] (autoware_msgs) StdoutLine: {'line': b'-- Installing: /home/g2909/WUTA1/WUTA-FSD/ros2_ws/install/autoware_msgs/share/autoware_msgs/cmake/export_autoware_msgs__rosidl_generator_cExport.cmake\n'}
[8.454375] (autoware_msgs) StdoutLine: {'line': b'-- Installing: /home/g2909/WUTA1/WUTA-FSD/ros2_ws/install/autoware_msgs/share/autoware_msgs/cmake/export_autoware_msgs__rosidl_generator_cExport-noconfig.cmake\n'}
[8.454555] (autoware_msgs) StdoutLine: {'line': b'-- Installing: /home/g2909/WUTA1/WUTA-FSD/ros2_ws/install/autoware_msgs/share/autoware_msgs/cmake/export_autoware_msgs__rosidl_typesupport_fastrtps_cExport.cmake\n'}
[8.454604] (autoware_msgs) StdoutLine: {'line': b'-- Installing: /home/g2909/WUTA1/WUTA-FSD/ros2_ws/install/autoware_msgs/share/autoware_msgs/cmake/export_autoware_msgs__rosidl_typesupport_fastrtps_cExport-noconfig.cmake\n'}
[8.454740] (autoware_msgs) StdoutLine: {'line': b'-- Installing: /home/g2909/WUTA1/WUTA-FSD/ros2_ws/install/autoware_msgs/share/autoware_msgs/cmake/autoware_msgs__rosidl_typesupport_introspection_cExport.cmake\n'}
[8.454994] (autoware_msgs) StdoutLine: {'line': b'-- Installing: /home/g2909/WUTA1/WUTA-FSD/ros2_ws/install/autoware_msgs/share/autoware_msgs/cmake/autoware_msgs__rosidl_typesupport_introspection_cExport-noconfig.cmake\n'}
[8.455196] (autoware_msgs) StdoutLine: {'line': b'-- Installing: /home/g2909/WUTA1/WUTA-FSD/ros2_ws/install/autoware_msgs/share/autoware_msgs/cmake/autoware_msgs__rosidl_typesupport_cExport.cmake\n'}
[8.455259] (autoware_msgs) StdoutLine: {'line': b'-- Installing: /home/g2909/WUTA1/WUTA-FSD/ros2_ws/install/autoware_msgs/share/autoware_msgs/cmake/autoware_msgs__rosidl_typesupport_cExport-noconfig.cmake\n'}
[8.455296] (autoware_msgs) StdoutLine: {'line': b'-- Installing: /home/g2909/WUTA1/WUTA-FSD/ros2_ws/install/autoware_msgs/share/autoware_msgs/cmake/export_autoware_msgs__rosidl_generator_cppExport.cmake\n'}
[8.455471] (wuta_msgs) StdoutLine: {'line': b'-- Symlinking: /home/g2909/WUTA1/WUTA-FSD/ros2_ws/install/wuta_msgs/include/wuta_msgs/wuta_msgs/msg/rosidl_generator_cpp__visibility_control.hpp\n'}
[8.455527] (autoware_msgs) StdoutLine: {'line': b'-- Installing: /home/g2909/WUTA1/WUTA-FSD/ros2_ws/install/autoware_msgs/share/autoware_msgs/cmake/export_autoware_msgs__rosidl_typesupport_fastrtps_cppExport.cmake\n'}
[8.455559] (autoware_msgs) StdoutLine: {'line': b'-- Installing: /home/g2909/WUTA1/WUTA-FSD/ros2_ws/install/autoware_msgs/share/autoware_msgs/cmake/export_autoware_msgs__rosidl_typesupport_fastrtps_cppExport-noconfig.cmake\n'}
[8.455580] (autoware_msgs) StdoutLine: {'line': b'-- Installing: /home/g2909/WUTA1/WUTA-FSD/ros2_ws/install/autoware_msgs/share/autoware_msgs/cmake/autoware_msgs__rosidl_typesupport_introspection_cppExport.cmake\n'}
[8.455638] (autoware_msgs) StdoutLine: {'line': b'-- Installing: /home/g2909/WUTA1/WUTA-FSD/ros2_ws/install/autoware_msgs/share/autoware_msgs/cmake/autoware_msgs__rosidl_typesupport_introspection_cppExport-noconfig.cmake\n'}
[8.455662] (autoware_msgs) StdoutLine: {'line': b'-- Installing: /home/g2909/WUTA1/WUTA-FSD/ros2_ws/install/autoware_msgs/share/autoware_msgs/cmake/autoware_msgs__rosidl_typesupport_cppExport.cmake\n'}
[8.455685] (autoware_msgs) StdoutLine: {'line': b'-- Installing: /home/g2909/WUTA1/WUTA-FSD/ros2_ws/install/autoware_msgs/share/autoware_msgs/cmake/autoware_msgs__rosidl_typesupport_cppExport-noconfig.cmake\n'}
[8.455725] (autoware_msgs) StdoutLine: {'line': b'-- Installing: /home/g2909/WUTA1/WUTA-FSD/ros2_ws/install/autoware_msgs/share/autoware_msgs/cmake/export_autoware_msgs__rosidl_generator_pyExport.cmake\n'}
[8.455750] (autoware_msgs) StdoutLine: {'line': b'-- Installing: /home/g2909/WUTA1/WUTA-FSD/ros2_ws/install/autoware_msgs/share/autoware_msgs/cmake/export_autoware_msgs__rosidl_generator_pyExport-noconfig.cmake\n'}
[8.457153] (autoware_msgs) CommandEnded: {'returncode': 0}
[8.473904] (autoware_msgs) JobEnded: {'identifier': 'autoware_msgs', 'rc': 0}
[8.474206] (wuta_msgs) StdoutLine: {'line': b'-- Symlinking: /home/g2909/WUTA1/WUTA-FSD/ros2_ws/install/wuta_msgs/include/wuta_msgs/wuta_msgs/msg/detail/cone__rosidl_typesupport_fastrtps_cpp.hpp\n'}
[8.474268] (wuta_msgs) StdoutLine: {'line': b'-- Symlinking: /home/g2909/WUTA1/WUTA-FSD/ros2_ws/install/wuta_msgs/include/wuta_msgs/wuta_msgs/msg/detail/cone_array__rosidl_typesupport_fastrtps_cpp.hpp\n'}
[8.474296] (wuta_msgs) StdoutLine: {'line': b'-- Symlinking: /home/g2909/WUTA1/WUTA-FSD/ros2_ws/install/wuta_msgs/include/wuta_msgs/wuta_msgs/msg/detail/cone_map__rosidl_typesupport_fastrtps_cpp.hpp\n'}
[8.474322] (wuta_msgs) StdoutLine: {'line': b'-- Symlinking: /home/g2909/WUTA1/WUTA-FSD/ros2_ws/install/wuta_msgs/include/wuta_msgs/wuta_msgs/msg/detail/mission_state__rosidl_typesupport_fastrtps_cpp.hpp\n'}
[8.474343] (wuta_msgs) StdoutLine: {'line': b'-- Symlinking: /home/g2909/WUTA1/WUTA-FSD/ros2_ws/install/wuta_msgs/include/wuta_msgs/wuta_msgs/msg/rosidl_typesupport_fastrtps_cpp__visibility_control.h\n'}
[8.476829] (wuta_msgs) StdoutLine: {'line': b'-- Symlinking: /home/g2909/WUTA1/WUTA-FSD/ros2_ws/install/wuta_msgs/include/wuta_msgs/wuta_msgs/msg/detail/cone__rosidl_typesupport_introspection_cpp.hpp\n'}
[8.480439] (wuta_msgs) StdoutLine: {'line': b'-- Symlinking: /home/g2909/WUTA1/WUTA-FSD/ros2_ws/install/wuta_msgs/include/wuta_msgs/wuta_msgs/msg/detail/cone_array__rosidl_typesupport_introspection_cpp.hpp\n'}
[8.484456] (wuta_msgs) StdoutLine: {'line': b'-- Symlinking: /home/g2909/WUTA1/WUTA-FSD/ros2_ws/install/wuta_msgs/include/wuta_msgs/wuta_msgs/msg/detail/cone_map__rosidl_typesupport_introspection_cpp.hpp\n'}
[8.487855] (wuta_msgs) StdoutLine: {'line': b'-- Symlinking: /home/g2909/WUTA1/WUTA-FSD/ros2_ws/install/wuta_msgs/include/wuta_msgs/wuta_msgs/msg/detail/mission_state__rosidl_typesupport_introspection_cpp.hpp\n'}
[8.490766] (wuta_msgs) StdoutLine: {'line': b'-- Symlinking: /home/g2909/WUTA1/WUTA-FSD/ros2_ws/install/wuta_msgs/share/wuta_msgs/environment/pythonpath.sh\n'}
[8.494693] (wuta_msgs) StdoutLine: {'line': b'-- Symlinking: /home/g2909/WUTA1/WUTA-FSD/ros2_ws/install/wuta_msgs/share/wuta_msgs/environment/pythonpath.dsv\n'}
[8.498188] (wuta_msgs) StdoutLine: {'line': b'-- Symlinking: /home/g2909/WUTA1/WUTA-FSD/ros2_ws/install/wuta_msgs/local/lib/python3.10/dist-packages/wuta_msgs-1.0.0-py3.10.egg-info/PKG-INFO\n'}
[8.501461] (wuta_msgs) StdoutLine: {'line': b'-- Symlinking: /home/g2909/WUTA1/WUTA-FSD/ros2_ws/install/wuta_msgs/local/lib/python3.10/dist-packages/wuta_msgs-1.0.0-py3.10.egg-info/SOURCES.txt\n'}
[8.504295] (wuta_msgs) StdoutLine: {'line': b'-- Symlinking: /home/g2909/WUTA1/WUTA-FSD/ros2_ws/install/wuta_msgs/local/lib/python3.10/dist-packages/wuta_msgs-1.0.0-py3.10.egg-info/dependency_links.txt\n'}
[8.507479] (wuta_msgs) StdoutLine: {'line': b'-- Symlinking: /home/g2909/WUTA1/WUTA-FSD/ros2_ws/install/wuta_msgs/local/lib/python3.10/dist-packages/wuta_msgs-1.0.0-py3.10.egg-info/top_level.txt\n'}
[8.512216] (wuta_msgs) StdoutLine: {'line': b'-- Symlinking: /home/g2909/WUTA1/WUTA-FSD/ros2_ws/install/wuta_msgs/local/lib/python3.10/dist-packages/wuta_msgs/__init__.py\n'}
[8.516498] (wuta_msgs) StdoutLine: {'line': b'-- Symlinking: /home/g2909/WUTA1/WUTA-FSD/ros2_ws/install/wuta_msgs/local/lib/python3.10/dist-packages/wuta_msgs/_wuta_msgs_s.ep.rosidl_typesupport_c.c\n'}
[8.520471] (wuta_msgs) StdoutLine: {'line': b'-- Symlinking: /home/g2909/WUTA1/WUTA-FSD/ros2_ws/install/wuta_msgs/local/lib/python3.10/dist-packages/wuta_msgs/_wuta_msgs_s.ep.rosidl_typesupport_fastrtps_c.c\n'}
[8.523772] (wuta_msgs) StdoutLine: {'line': b'-- Symlinking: /home/g2909/WUTA1/WUTA-FSD/ros2_ws/install/wuta_msgs/local/lib/python3.10/dist-packages/wuta_msgs/_wuta_msgs_s.ep.rosidl_typesupport_introspection_c.c\n'}
[8.527746] (wuta_msgs) StdoutLine: {'line': b'-- Symlinking: /home/g2909/WUTA1/WUTA-FSD/ros2_ws/install/wuta_msgs/local/lib/python3.10/dist-packages/wuta_msgs/libwuta_msgs__rosidl_generator_py.so\n'}
[8.531514] (wuta_msgs) StdoutLine: {'line': b'-- Symlinking: /home/g2909/WUTA1/WUTA-FSD/ros2_ws/install/wuta_msgs/local/lib/python3.10/dist-packages/wuta_msgs/msg/__init__.py\n'}
[8.531663] (-) TimerEvent: {}
[8.535086] (wuta_msgs) StdoutLine: {'line': b'-- Symlinking: /home/g2909/WUTA1/WUTA-FSD/ros2_ws/install/wuta_msgs/local/lib/python3.10/dist-packages/wuta_msgs/msg/_cone.py\n'}
[8.538261] (wuta_msgs) StdoutLine: {'line': b'-- Symlinking: /home/g2909/WUTA1/WUTA-FSD/ros2_ws/install/wuta_msgs/local/lib/python3.10/dist-packages/wuta_msgs/msg/_cone_array.py\n'}
[8.541864] (wuta_msgs) StdoutLine: {'line': b'-- Symlinking: /home/g2909/WUTA1/WUTA-FSD/ros2_ws/install/wuta_msgs/local/lib/python3.10/dist-packages/wuta_msgs/msg/_cone_array_s.c\n'}
[8.545955] (wuta_msgs) StdoutLine: {'line': b'-- Symlinking: /home/g2909/WUTA1/WUTA-FSD/ros2_ws/install/wuta_msgs/local/lib/python3.10/dist-packages/wuta_msgs/msg/_cone_map.py\n'}
[8.549190] (wuta_msgs) StdoutLine: {'line': b'-- Symlinking: /home/g2909/WUTA1/WUTA-FSD/ros2_ws/install/wuta_msgs/local/lib/python3.10/dist-packages/wuta_msgs/msg/_cone_map_s.c\n'}
[8.552766] (wuta_msgs) StdoutLine: {'line': b'-- Symlinking: /home/g2909/WUTA1/WUTA-FSD/ros2_ws/install/wuta_msgs/local/lib/python3.10/dist-packages/wuta_msgs/msg/_cone_s.c\n'}
[8.555565] (wuta_msgs) StdoutLine: {'line': b'-- Symlinking: /home/g2909/WUTA1/WUTA-FSD/ros2_ws/install/wuta_msgs/local/lib/python3.10/dist-packages/wuta_msgs/msg/_mission_state.py\n'}
[8.558732] (wuta_msgs) StdoutLine: {'line': b'-- Symlinking: /home/g2909/WUTA1/WUTA-FSD/ros2_ws/install/wuta_msgs/local/lib/python3.10/dist-packages/wuta_msgs/msg/_mission_state_s.c\n'}
[8.562542] (wuta_msgs) StdoutLine: {'line': b'-- Symlinking: /home/g2909/WUTA1/WUTA-FSD/ros2_ws/install/wuta_msgs/local/lib/python3.10/dist-packages/wuta_msgs/wuta_msgs_s__rosidl_typesupport_c.cpython-310-x86_64-linux-gnu.so\n'}
[8.565319] (wuta_msgs) StdoutLine: {'line': b'-- Symlinking: /home/g2909/WUTA1/WUTA-FSD/ros2_ws/install/wuta_msgs/local/lib/python3.10/dist-packages/wuta_msgs/wuta_msgs_s__rosidl_typesupport_fastrtps_c.cpython-310-x86_64-linux-gnu.so\n'}
[8.568718] (wuta_msgs) StdoutLine: {'line': b'-- Symlinking: /home/g2909/WUTA1/WUTA-FSD/ros2_ws/install/wuta_msgs/local/lib/python3.10/dist-packages/wuta_msgs/wuta_msgs_s__rosidl_typesupport_introspection_c.cpython-310-x86_64-linux-gnu.so\n'}
[8.571494] (wuta_msgs) StdoutLine: {'line': b'-- Up-to-date symlink: /home/g2909/WUTA1/WUTA-FSD/ros2_ws/install/wuta_msgs/local/lib/python3.10/dist-packages/wuta_msgs/wuta_msgs_s__rosidl_typesupport_fastrtps_c.cpython-310-x86_64-linux-gnu.so\n'}
[8.571622] (wuta_msgs) StdoutLine: {'line': b'-- Up-to-date symlink: /home/g2909/WUTA1/WUTA-FSD/ros2_ws/install/wuta_msgs/local/lib/python3.10/dist-packages/wuta_msgs/wuta_msgs_s__rosidl_typesupport_introspection_c.cpython-310-x86_64-linux-gnu.so\n'}
[8.571794] (wuta_msgs) StdoutLine: {'line': b'-- Up-to-date symlink: /home/g2909/WUTA1/WUTA-FSD/ros2_ws/install/wuta_msgs/local/lib/python3.10/dist-packages/wuta_msgs/wuta_msgs_s__rosidl_typesupport_c.cpython-310-x86_64-linux-gnu.so\n'}
[8.571835] (wuta_msgs) StdoutLine: {'line': b'-- Symlinking: /home/g2909/WUTA1/WUTA-FSD/ros2_ws/install/wuta_msgs/share/ament_index/resource_index/rust_packages/wuta_msgs\n'}
[8.576019] (wuta_msgs) StdoutLine: {'line': b'-- Symlinking: /home/g2909/WUTA1/WUTA-FSD/ros2_ws/install/wuta_msgs/share/wuta_msgs/rust/Cargo.toml\n'}
[8.579514] (wuta_msgs) StdoutLine: {'line': b'-- Symlinking: /home/g2909/WUTA1/WUTA-FSD/ros2_ws/install/wuta_msgs/share/wuta_msgs/rust/build.rs\n'}
[8.582814] (wuta_msgs) StdoutLine: {'line': b'-- Symlinking: /home/g2909/WUTA1/WUTA-FSD/ros2_ws/install/wuta_msgs/share/wuta_msgs/rust/src/lib.rs\n'}
[8.586094] (wuta_msgs) StdoutLine: {'line': b'-- Symlinking: /home/g2909/WUTA1/WUTA-FSD/ros2_ws/install/wuta_msgs/share/wuta_msgs/rust/src/msg.rs\n'}
[8.589116] (wuta_msgs) StdoutLine: {'line': b'-- Symlinking: /home/g2909/WUTA1/WUTA-FSD/ros2_ws/install/wuta_msgs/share/wuta_msgs/rust/src/msg/rmw.rs\n'}
[8.592340] (wuta_msgs) StdoutLine: {'line': b'-- Symlinking: /home/g2909/WUTA1/WUTA-FSD/ros2_ws/install/wuta_msgs/share/wuta_msgs/msg/Cone.idl\n'}
[8.595244] (wuta_msgs) StdoutLine: {'line': b'-- Symlinking: /home/g2909/WUTA1/WUTA-FSD/ros2_ws/install/wuta_msgs/share/wuta_msgs/msg/ConeArray.idl\n'}
[8.597745] (wuta_msgs) StdoutLine: {'line': b'-- Symlinking: /home/g2909/WUTA1/WUTA-FSD/ros2_ws/install/wuta_msgs/share/wuta_msgs/msg/ConeMap.idl\n'}
[8.600324] (wuta_msgs) StdoutLine: {'line': b'-- Symlinking: /home/g2909/WUTA1/WUTA-FSD/ros2_ws/install/wuta_msgs/share/wuta_msgs/msg/MissionState.idl\n'}
[8.603048] (wuta_msgs) StdoutLine: {'line': b'-- Symlinking: /home/g2909/WUTA1/WUTA-FSD/ros2_ws/install/wuta_msgs/share/wuta_msgs/msg/Cone.msg\n'}
[8.606403] (wuta_msgs) StdoutLine: {'line': b'-- Symlinking: /home/g2909/WUTA1/WUTA-FSD/ros2_ws/install/wuta_msgs/share/wuta_msgs/msg/ConeArray.msg\n'}
[8.609805] (wuta_msgs) StdoutLine: {'line': b'-- Symlinking: /home/g2909/WUTA1/WUTA-FSD/ros2_ws/install/wuta_msgs/share/wuta_msgs/msg/ConeMap.msg\n'}
[8.612407] (wuta_msgs) StdoutLine: {'line': b'-- Symlinking: /home/g2909/WUTA1/WUTA-FSD/ros2_ws/install/wuta_msgs/share/wuta_msgs/msg/MissionState.msg\n'}
[8.615590] (wuta_msgs) StdoutLine: {'line': b'-- Symlinking: /home/g2909/WUTA1/WUTA-FSD/ros2_ws/install/wuta_msgs/share/ament_index/resource_index/package_run_dependencies/wuta_msgs\n'}
[8.618740] (wuta_msgs) StdoutLine: {'line': b'-- Symlinking: /home/g2909/WUTA1/WUTA-FSD/ros2_ws/install/wuta_msgs/share/ament_index/resource_index/parent_prefix_path/wuta_msgs\n'}
[8.621911] (wuta_msgs) StdoutLine: {'line': b'-- Symlinking: /home/g2909/WUTA1/WUTA-FSD/ros2_ws/install/wuta_msgs/share/wuta_msgs/environment/ament_prefix_path.sh\n'}
[8.624478] (wuta_msgs) StdoutLine: {'line': b'-- Symlinking: /home/g2909/WUTA1/WUTA-FSD/ros2_ws/install/wuta_msgs/share/wuta_msgs/environment/ament_prefix_path.dsv\n'}
[8.627701] (wuta_msgs) StdoutLine: {'line': b'-- Symlinking: /home/g2909/WUTA1/WUTA-FSD/ros2_ws/install/wuta_msgs/share/wuta_msgs/environment/path.sh\n'}
[8.630578] (wuta_msgs) StdoutLine: {'line': b'-- Symlinking: /home/g2909/WUTA1/WUTA-FSD/ros2_ws/install/wuta_msgs/share/wuta_msgs/environment/path.dsv\n'}
[8.631745] (-) TimerEvent: {}
[8.633466] (wuta_msgs) StdoutLine: {'line': b'-- Symlinking: /home/g2909/WUTA1/WUTA-FSD/ros2_ws/install/wuta_msgs/share/wuta_msgs/local_setup.bash\n'}
[8.636927] (wuta_msgs) StdoutLine: {'line': b'-- Symlinking: /home/g2909/WUTA1/WUTA-FSD/ros2_ws/install/wuta_msgs/share/wuta_msgs/local_setup.sh\n'}
[8.640276] (wuta_msgs) StdoutLine: {'line': b'-- Symlinking: /home/g2909/WUTA1/WUTA-FSD/ros2_ws/install/wuta_msgs/share/wuta_msgs/local_setup.zsh\n'}
[8.643715] (wuta_msgs) StdoutLine: {'line': b'-- Symlinking: /home/g2909/WUTA1/WUTA-FSD/ros2_ws/install/wuta_msgs/share/wuta_msgs/local_setup.dsv\n'}
[8.646553] (wuta_msgs) StdoutLine: {'line': b'-- Symlinking: /home/g2909/WUTA1/WUTA-FSD/ros2_ws/install/wuta_msgs/share/wuta_msgs/package.dsv\n'}
[8.649216] (wuta_msgs) StdoutLine: {'line': b'-- Symlinking: /home/g2909/WUTA1/WUTA-FSD/ros2_ws/install/wuta_msgs/share/ament_index/resource_index/packages/wuta_msgs\n'}
[8.652814] (wuta_msgs) StdoutLine: {'line': b'-- Symlinking: /home/g2909/WUTA1/WUTA-FSD/ros2_ws/install/wuta_msgs/share/wuta_msgs/cmake/rosidl_cmake-extras.cmake\n'}
[8.655453] (wuta_msgs) StdoutLine: {'line': b'-- Symlinking: /home/g2909/WUTA1/WUTA-FSD/ros2_ws/install/wuta_msgs/share/wuta_msgs/cmake/ament_cmake_export_dependencies-extras.cmake\n'}
[8.657949] (wuta_msgs) StdoutLine: {'line': b'-- Symlinking: /home/g2909/WUTA1/WUTA-FSD/ros2_ws/install/wuta_msgs/share/wuta_msgs/cmake/ament_cmake_export_include_directories-extras.cmake\n'}
[8.660851] (wuta_msgs) StdoutLine: {'line': b'-- Symlinking: /home/g2909/WUTA1/WUTA-FSD/ros2_ws/install/wuta_msgs/share/wuta_msgs/cmake/ament_cmake_export_libraries-extras.cmake\n'}
[8.663218] (wuta_msgs) StdoutLine: {'line': b'-- Symlinking: /home/g2909/WUTA1/WUTA-FSD/ros2_ws/install/wuta_msgs/share/wuta_msgs/cmake/ament_cmake_export_targets-extras.cmake\n'}
[8.665627] (wuta_msgs) StdoutLine: {'line': b'-- Symlinking: /home/g2909/WUTA1/WUTA-FSD/ros2_ws/install/wuta_msgs/share/wuta_msgs/cmake/rosidl_cmake_export_typesupport_targets-extras.cmake\n'}
[8.669327] (wuta_msgs) StdoutLine: {'line': b'-- Symlinking: /home/g2909/WUTA1/WUTA-FSD/ros2_ws/install/wuta_msgs/share/wuta_msgs/cmake/rosidl_cmake_export_typesupport_libraries-extras.cmake\n'}
[8.672210] (wuta_msgs) StdoutLine: {'line': b'-- Symlinking: /home/g2909/WUTA1/WUTA-FSD/ros2_ws/install/wuta_msgs/share/wuta_msgs/cmake/rosidl_cmake_aggregate_target-extras.cmake\n'}
[8.674881] (wuta_msgs) StdoutLine: {'line': b'-- Symlinking: /home/g2909/WUTA1/WUTA-FSD/ros2_ws/install/wuta_msgs/share/wuta_msgs/cmake/wuta_msgsConfig.cmake\n'}
[8.678258] (wuta_msgs) StdoutLine: {'line': b'-- Symlinking: /home/g2909/WUTA1/WUTA-FSD/ros2_ws/install/wuta_msgs/share/wuta_msgs/cmake/wuta_msgsConfig-version.cmake\n'}
[8.680890] (wuta_msgs) StdoutLine: {'line': b'-- Symlinking: /home/g2909/WUTA1/WUTA-FSD/ros2_ws/install/wuta_msgs/share/wuta_msgs/package.xml\n'}
[8.684120] (wuta_msgs) StdoutLine: {'line': b'-- Installing: /home/g2909/WUTA1/WUTA-FSD/ros2_ws/install/wuta_msgs/lib/libwuta_msgs__rosidl_generator_c.so\n'}
[8.684543] (wuta_msgs) StdoutLine: {'line': b'-- Set non-toolchain portion of runtime path of "/home/g2909/WUTA1/WUTA-FSD/ros2_ws/install/wuta_msgs/lib/libwuta_msgs__rosidl_generator_c.so" to ""\n'}
[8.684612] (wuta_msgs) StdoutLine: {'line': b'-- Installing: /home/g2909/WUTA1/WUTA-FSD/ros2_ws/install/wuta_msgs/lib/libwuta_msgs__rosidl_typesupport_fastrtps_c.so\n'}
[8.684774] (wuta_msgs) StdoutLine: {'line': b'-- Set non-toolchain portion of runtime path of "/home/g2909/WUTA1/WUTA-FSD/ros2_ws/install/wuta_msgs/lib/libwuta_msgs__rosidl_typesupport_fastrtps_c.so" to ""\n'}
[8.684823] (wuta_msgs) StdoutLine: {'line': b'-- Installing: /home/g2909/WUTA1/WUTA-FSD/ros2_ws/install/wuta_msgs/lib/libwuta_msgs__rosidl_typesupport_introspection_c.so\n'}
[8.684976] (wuta_msgs) StdoutLine: {'line': b'-- Set non-toolchain portion of runtime path of "/home/g2909/WUTA1/WUTA-FSD/ros2_ws/install/wuta_msgs/lib/libwuta_msgs__rosidl_typesupport_introspection_c.so" to ""\n'}
[8.685023] (wuta_msgs) StdoutLine: {'line': b'-- Installing: /home/g2909/WUTA1/WUTA-FSD/ros2_ws/install/wuta_msgs/lib/libwuta_msgs__rosidl_typesupport_c.so\n'}
[8.685151] (wuta_msgs) StdoutLine: {'line': b'-- Set non-toolchain portion of runtime path of "/home/g2909/WUTA1/WUTA-FSD/ros2_ws/install/wuta_msgs/lib/libwuta_msgs__rosidl_typesupport_c.so" to ""\n'}
[8.685199] (wuta_msgs) StdoutLine: {'line': b'-- Installing: /home/g2909/WUTA1/WUTA-FSD/ros2_ws/install/wuta_msgs/lib/libwuta_msgs__rosidl_typesupport_fastrtps_cpp.so\n'}
[8.685317] (wuta_msgs) StdoutLine: {'line': b'-- Set non-toolchain portion of runtime path of "/home/g2909/WUTA1/WUTA-FSD/ros2_ws/install/wuta_msgs/lib/libwuta_msgs__rosidl_typesupport_fastrtps_cpp.so" to ""\n'}
[8.685362] (wuta_msgs) StdoutLine: {'line': b'-- Installing: /home/g2909/WUTA1/WUTA-FSD/ros2_ws/install/wuta_msgs/lib/libwuta_msgs__rosidl_typesupport_introspection_cpp.so\n'}
[8.685547] (wuta_msgs) StdoutLine: {'line': b'-- Set non-toolchain portion of runtime path of "/home/g2909/WUTA1/WUTA-FSD/ros2_ws/install/wuta_msgs/lib/libwuta_msgs__rosidl_typesupport_introspection_cpp.so" to ""\n'}
[8.685590] (wuta_msgs) StdoutLine: {'line': b'-- Installing: /home/g2909/WUTA1/WUTA-FSD/ros2_ws/install/wuta_msgs/lib/libwuta_msgs__rosidl_typesupport_cpp.so\n'}
[8.685700] (wuta_msgs) StdoutLine: {'line': b'-- Set non-toolchain portion of runtime path of "/home/g2909/WUTA1/WUTA-FSD/ros2_ws/install/wuta_msgs/lib/libwuta_msgs__rosidl_typesupport_cpp.so" to ""\n'}
[8.707915] (wuta_msgs) StdoutLine: {'line': b"Listing '/home/g2909/WUTA1/WUTA-FSD/ros2_ws/install/wuta_msgs/local/lib/python3.10/dist-packages/wuta_msgs'...\n"}
[8.708069] (wuta_msgs) StdoutLine: {'line': b"Compiling '/home/g2909/WUTA1/WUTA-FSD/ros2_ws/install/wuta_msgs/local/lib/python3.10/dist-packages/wuta_msgs/__init__.py'...\n"}
[8.708104] (wuta_msgs) StdoutLine: {'line': b"Listing '/home/g2909/WUTA1/WUTA-FSD/ros2_ws/install/wuta_msgs/local/lib/python3.10/dist-packages/wuta_msgs/msg'...\n"}
[8.708131] (wuta_msgs) StdoutLine: {'line': b"Compiling '/home/g2909/WUTA1/WUTA-FSD/ros2_ws/install/wuta_msgs/local/lib/python3.10/dist-packages/wuta_msgs/msg/__init__.py'...\n"}
[8.708155] (wuta_msgs) StdoutLine: {'line': b"Compiling '/home/g2909/WUTA1/WUTA-FSD/ros2_ws/install/wuta_msgs/local/lib/python3.10/dist-packages/wuta_msgs/msg/_cone.py'...\n"}
[8.708177] (wuta_msgs) StdoutLine: {'line': b"Compiling '/home/g2909/WUTA1/WUTA-FSD/ros2_ws/install/wuta_msgs/local/lib/python3.10/dist-packages/wuta_msgs/msg/_cone_array.py'...\n"}
[8.708198] (wuta_msgs) StdoutLine: {'line': b"Compiling '/home/g2909/WUTA1/WUTA-FSD/ros2_ws/install/wuta_msgs/local/lib/python3.10/dist-packages/wuta_msgs/msg/_cone_map.py'...\n"}
[8.708216] (wuta_msgs) StdoutLine: {'line': b"Compiling '/home/g2909/WUTA1/WUTA-FSD/ros2_ws/install/wuta_msgs/local/lib/python3.10/dist-packages/wuta_msgs/msg/_mission_state.py'...\n"}
[8.711403] (wuta_msgs) StdoutLine: {'line': b'-- Installing: /home/g2909/WUTA1/WUTA-FSD/ros2_ws/install/wuta_msgs/lib/libwuta_msgs__rosidl_generator_py.so\n'}
[8.711680] (wuta_msgs) StdoutLine: {'line': b'-- Set non-toolchain portion of runtime path of "/home/g2909/WUTA1/WUTA-FSD/ros2_ws/install/wuta_msgs/lib/libwuta_msgs__rosidl_generator_py.so" to ""\n'}
[8.711747] (wuta_msgs) StdoutLine: {'line': b'-- Installing: /home/g2909/WUTA1/WUTA-FSD/ros2_ws/install/wuta_msgs/share/wuta_msgs/cmake/export_wuta_msgs__rosidl_generator_cExport.cmake\n'}
[8.711784] (wuta_msgs) StdoutLine: {'line': b'-- Installing: /home/g2909/WUTA1/WUTA-FSD/ros2_ws/install/wuta_msgs/share/wuta_msgs/cmake/export_wuta_msgs__rosidl_generator_cExport-noconfig.cmake\n'}
[8.711883] (wuta_msgs) StdoutLine: {'line': b'-- Installing: /home/g2909/WUTA1/WUTA-FSD/ros2_ws/install/wuta_msgs/share/wuta_msgs/cmake/export_wuta_msgs__rosidl_typesupport_fastrtps_cExport.cmake\n'}
[8.712052] (wuta_msgs) StdoutLine: {'line': b'-- Installing: /home/g2909/WUTA1/WUTA-FSD/ros2_ws/install/wuta_msgs/share/wuta_msgs/cmake/export_wuta_msgs__rosidl_typesupport_fastrtps_cExport-noconfig.cmake\n'}
[8.712175] (wuta_msgs) StdoutLine: {'line': b'-- Installing: /home/g2909/WUTA1/WUTA-FSD/ros2_ws/install/wuta_msgs/share/wuta_msgs/cmake/wuta_msgs__rosidl_typesupport_introspection_cExport.cmake\n'}
[8.712212] (wuta_msgs) StdoutLine: {'line': b'-- Installing: /home/g2909/WUTA1/WUTA-FSD/ros2_ws/install/wuta_msgs/share/wuta_msgs/cmake/wuta_msgs__rosidl_typesupport_introspection_cExport-noconfig.cmake\n'}
[8.712365] (wuta_msgs) StdoutLine: {'line': b'-- Installing: /home/g2909/WUTA1/WUTA-FSD/ros2_ws/install/wuta_msgs/share/wuta_msgs/cmake/wuta_msgs__rosidl_typesupport_cExport.cmake\n'}
[8.712392] (wuta_msgs) StdoutLine: {'line': b'-- Installing: /home/g2909/WUTA1/WUTA-FSD/ros2_ws/install/wuta_msgs/share/wuta_msgs/cmake/wuta_msgs__rosidl_typesupport_cExport-noconfig.cmake\n'}
[8.712411] (wuta_msgs) StdoutLine: {'line': b'-- Installing: /home/g2909/WUTA1/WUTA-FSD/ros2_ws/install/wuta_msgs/share/wuta_msgs/cmake/export_wuta_msgs__rosidl_generator_cppExport.cmake\n'}
[8.712431] (wuta_msgs) StdoutLine: {'line': b'-- Installing: /home/g2909/WUTA1/WUTA-FSD/ros2_ws/install/wuta_msgs/share/wuta_msgs/cmake/export_wuta_msgs__rosidl_typesupport_fastrtps_cppExport.cmake\n'}
[8.712451] (wuta_msgs) StdoutLine: {'line': b'-- Installing: /home/g2909/WUTA1/WUTA-FSD/ros2_ws/install/wuta_msgs/share/wuta_msgs/cmake/export_wuta_msgs__rosidl_typesupport_fastrtps_cppExport-noconfig.cmake\n'}
[8.712469] (wuta_msgs) StdoutLine: {'line': b'-- Installing: /home/g2909/WUTA1/WUTA-FSD/ros2_ws/install/wuta_msgs/share/wuta_msgs/cmake/wuta_msgs__rosidl_typesupport_introspection_cppExport.cmake\n'}
[8.712512] (wuta_msgs) StdoutLine: {'line': b'-- Installing: /home/g2909/WUTA1/WUTA-FSD/ros2_ws/install/wuta_msgs/share/wuta_msgs/cmake/wuta_msgs__rosidl_typesupport_introspection_cppExport-noconfig.cmake\n'}
[8.712621] (wuta_msgs) StdoutLine: {'line': b'-- Installing: /home/g2909/WUTA1/WUTA-FSD/ros2_ws/install/wuta_msgs/share/wuta_msgs/cmake/wuta_msgs__rosidl_typesupport_cppExport.cmake\n'}
[8.712670] (wuta_msgs) StdoutLine: {'line': b'-- Installing: /home/g2909/WUTA1/WUTA-FSD/ros2_ws/install/wuta_msgs/share/wuta_msgs/cmake/wuta_msgs__rosidl_typesupport_cppExport-noconfig.cmake\n'}
[8.712693] (wuta_msgs) StdoutLine: {'line': b'-- Installing: /home/g2909/WUTA1/WUTA-FSD/ros2_ws/install/wuta_msgs/share/wuta_msgs/cmake/export_wuta_msgs__rosidl_generator_pyExport.cmake\n'}
[8.712714] (wuta_msgs) StdoutLine: {'line': b'-- Installing: /home/g2909/WUTA1/WUTA-FSD/ros2_ws/install/wuta_msgs/share/wuta_msgs/cmake/export_wuta_msgs__rosidl_generator_pyExport-noconfig.cmake\n'}
[8.713907] (wuta_msgs) CommandEnded: {'returncode': 0}
[8.723747] (wuta_msgs) JobEnded: {'identifier': 'wuta_msgs', 'rc': 0}
[8.724145] (boundary_detector) JobStarted: {'identifier': 'boundary_detector'}
[8.726746] (camera_detection) JobStarted: {'identifier': 'camera_detection'}
[8.728374] (cone_map_builder) JobStarted: {'identifier': 'cone_map_builder'}
[8.731038] (controller) JobStarted: {'identifier': 'controller'}
[8.732043] (-) TimerEvent: {}
[8.733045] (detection_fusion) JobStarted: {'identifier': 'detection_fusion'}
[8.735547] (kiss_icp_wrapper) JobStarted: {'identifier': 'kiss_icp_wrapper'}
[8.737412] (lidar_detection) JobStarted: {'identifier': 'lidar_detection'}
[8.739085] (mission_manager) JobStarted: {'identifier': 'mission_manager'}
[8.741143] (ndt_localization) JobStarted: {'identifier': 'ndt_localization'}
[8.744221] (path_generator) JobStarted: {'identifier': 'path_generator'}
[8.748254] (wuta_tools) JobStarted: {'identifier': 'wuta_tools'}
[8.832281] (-) TimerEvent: {}
[8.887848] (cone_map_builder) JobProgress: {'identifier': 'cone_map_builder', 'progress': 'cmake'}
[8.889559] (cone_map_builder) Command: {'cmd': ['/home/g2909/.local/bin/cmake', '/home/g2909/WUTA1/WUTA-FSD/ros2_ws/src/mapping/cone_map_builder', '-DAMENT_CMAKE_SYMLINK_INSTALL=1', '-DCMAKE_INSTALL_PREFIX=/home/g2909/WUTA1/WUTA-FSD/ros2_ws/install/cone_map_builder'], 'cwd': '/home/g2909/WUTA1/WUTA-FSD/ros2_ws/build/cone_map_builder', 'env': OrderedDict([('USER', 'g2909'), ('VSCODE_WSL_EXT_LOCATION', '/mnt/c/Users/g2909/.vscode/extensions/ms-vscode-remote.remote-wsl-0.104.3'), ('SHLVL', '1'), ('LD_LIBRARY_PATH', '/home/g2909/WUTA1/WUTA-FSD/ros2_ws/install/wuta_msgs/lib:/opt/ros/humble/opt/rviz_ogre_vendor/lib:/opt/ros/humble/lib/x86_64-linux-gnu:/opt/ros/humble/lib'), ('HOME', '/home/g2909'), ('OLDPWD', '/home/g2909/WUTA-FSD'), ('ROS_PYTHON_VERSION', '3'), ('DBUS_SESSION_BUS_ADDRESS', 'unix:path=/run/user/1000/bus'), ('WSL_DISTRO_NAME', 'Ubuntu-22.04'), ('WAYLAND_DISPLAY', 'wayland-0'), ('ROS_DISTRO', 'humble'), ('LOGNAME', 'g2909'), ('NAME', 'GaoMing'), ('WSL_INTEROP', '/run/WSL/39189_interop'), ('PULSE_SERVER', 'unix:/mnt/wslg/PulseServer'), ('_', '/usr/bin/colcon'), ('ROS_VERSION', '2'), ('TERM', 'xterm-256color'), ('ROS_LOCALHOST_ONLY', '0'), ('PATH', '/opt/ros/humble/bin:/home/g2909/.local/bin:/usr/local/sbin:/usr/local/bin:/usr/sbin:/usr/bin:/sbin:/bin:/usr/games:/usr/local/games:/usr/lib/wsl/lib:/mnt/c/Users/g2909/bin:/mnt/c/Program Files/Git/mingw64/bin:/mnt/c/Program Files/Git/usr/local/bin:/mnt/c/Program Files/Git/usr/bin:/mnt/c/Program Files/Git/usr/bin:/mnt/c/Program Files/Git/mingw64/bin:/mnt/c/Program Files/Git/usr/bin:/mnt/c/Users/g2909/bin:/mnt/c/Program Files/NVIDIA GPU Computing Toolkit/CUDA/v12.9/bin:/mnt/c/Program Files/NVIDIA GPU Computing Toolkit/CUDA/v12.9/libnvvp:/mnt/c/Program Files/Common Files/Oracle/Java/javapath:/mnt/c/Users/g2909/miniconda3:/mnt/c/Users/g2909/miniconda3/Scripts:/mnt/c/Users/g2909/miniconda3/Library/bin:/mnt/c/Windows/system32:/mnt/c/Windows:/mnt/c/Windows/System32/Wbem:/mnt/c/Windows/System32/WindowsPowerShell/v1.0:/mnt/c/mingw64/bin:/mnt/c/Users/g2909/AppData/Local/Programs/Python/Python313:/mnt/c/Users/g2909/AppData/Local/Programs/Python/Python313/Scripts:/mnt/c/Windows/System32/OpenSSH:/mnt/c/Program Files/NVIDIA Corporation/NVIDIA App/NvDLISR:/mnt/c/Program Files (x86)/NVIDIA Corporation/PhysX/Common:/mnt/c/Program Files/dotnet:/mnt/c/Users/g2909/AppData/Local/Android/Sdk/platform-tools:/mnt/c/Program Files/Git/cmd:/mnt/d/SVN/bin:/mnt/c/Program Files/NVIDIA Corporation/Nsight Compute 2025.2.1:/mnt/c/Program Files (x86)/Windows Kits/10/Windows Performance Toolkit:/mnt/c/Program Files (x86)/Microsoft SQL Server/160/Tools/Binn:/mnt/c/Program Files/Microsoft SQL Server/160/Tools/Binn:/mnt/c/Program Files/Microsoft SQL Server/Client SDK/ODBC/170/Tools/Binn:/mnt/c/Program Files/Microsoft SQL Server/160/DTS/Binn:/mnt/c/Program Files (x86)/Windows Kits/8.1/Windows Performance Toolkit:/mnt/c/WINDOWS/system32:/mnt/c/WINDOWS:/mnt/c/WINDOWS/System32/Wbem:/mnt/c/WINDOWS/System32/WindowsPowerShell/v1.0:/mnt/c/WINDOWS/System32/OpenSSH:/mnt/c/Program Files/usbipd-win:/mnt/c/Program Files/MATLAB/R2025b/bin:/mnt/c/Program Files/NVIDIA GPU Computing Toolkit/CUDA/v12.9/bin:/mnt/c/Program Files/NVIDIA GPU Computing Toolkit/CUDA/v12.9/libnvvp:/mnt/c/Program Files/Common Files/Oracle/Java/javapath:/mnt/c/Users/g2909/miniconda3:/mnt/c/Users/g2909/miniconda3/Scripts:/mnt/c/Users/g2909/miniconda3/Library/bin:/mnt/c/Windows/system32:/mnt/c/Windows:/mnt/c/Windows/System32/Wbem:/mnt/c/Windows/System32/WindowsPowerShell/v1.0:/mnt/c/mingw64/bin:/mnt/c/Users/g2909/AppData/Local/Programs/Python/Python313:/mnt/c/Users/g2909/AppData/Local/Programs/Python/Python313/Scripts:/mnt/c/Windows/System32/OpenSSH:/mnt/c/Program Files/NVIDIA Corporation/NVIDIA App/NvDLISR:/mnt/c/Program Files (x86)/NVIDIA Corporation/PhysX/Common:/mnt/c/Program Files/dotnet:/mnt/c/Users/g2909/AppData/Local/Android/Sdk/platform-tools:/mnt/c/Program Files/Git/cmd:/mnt/d/SVN/bin:/mnt/c/Program Files/NVIDIA Corporation/Nsight Compute 2025.2.1:/mnt/c/Program Files (x86)/Windows Kits/10/Windows Performance Toolkit:/mnt/c/Program Files (x86)/Microsoft SQL Server/160/Tools/Binn:/mnt/c/Program Files/Microsoft SQL Server/160/Tools/Binn:/mnt/c/Program Files/Microsoft SQL Server/Client SDK/ODBC/170/Tools/Binn:/mnt/c/Program Files/Microsoft SQL Server/160/DTS/Binn:/mnt/c/Program Files (x86)/Windows Kits/8.1/Windows Performance Toolkit:/mnt/c/WINDOWS/system32:/mnt/c/WINDOWS:/mnt/c/WINDOWS/System32/Wbem:/mnt/c/WINDOWS/System32/WindowsPowerShell/v1.0:/mnt/c/WINDOWS/System32/OpenSSH:/mnt/c/Program Files/usbipd-win:/mnt/c/Program Files/MATLAB/R2025b/bin:/mnt/c/Users/g2909/AppData/Local/Android/Sdk/platform-tools:/mnt/d/Microsoft VS Code/bin:/mnt/c/Users/g2909/AppData/Local/Programs/Ollama:/mnt/c/Users/g2909/AppData/Local/Microsoft/WindowsApps:/mnt/c/Program Files/Git/usr/bin:/mnt/c/Program Files/Git/cmd:/mnt/c/Users/g2909/AppData/Local/Programs/nodejs:/mnt/c/Program Files/Git/usr/bin/vendor_perl:/mnt/c/Program Files/Git/usr/bin/core_perl:/snap/bin'), ('XDG_RUNTIME_DIR', '/run/user/1000/'), ('DISPLAY', ':0'), ('LANG', 'C.UTF-8'), ('AMENT_PREFIX_PATH', '/home/g2909/WUTA1/WUTA-FSD/ros2_ws/install/wuta_msgs:/opt/ros/humble'), ('SHELL', '/bin/bash'), ('PWD', '/home/g2909/WUTA1/WUTA-FSD/ros2_ws/build/cone_map_builder'), ('XDG_DATA_DIRS', '/usr/local/share:/usr/share:/var/lib/snapd/desktop'), ('PYTHONPATH', '/home/g2909/WUTA1/WUTA-FSD/ros2_ws/install/wuta_msgs/local/lib/python3.10/dist-packages:/opt/ros/humble/lib/python3.10/site-packages:/opt/ros/humble/local/lib/python3.10/dist-packages'), ('COLCON', '1'), ('WSL2_GUI_APPS_ENABLED', '1'), ('HOSTTYPE', 'x86_64'), ('WSLENV', 'VSCODE_WSL_EXT_LOCATION/up'), ('CMAKE_PREFIX_PATH', '/home/g2909/WUTA1/WUTA-FSD/ros2_ws/install/wuta_msgs:/opt/ros/humble')]), 'shell': False}
[8.890890] (camera_detection) JobProgress: {'identifier': 'camera_detection', 'progress': 'cmake'}
[8.891816] (camera_detection) Command: {'cmd': ['/home/g2909/.local/bin/cmake', '/home/g2909/WUTA1/WUTA-FSD/ros2_ws/src/perception/camera_detection', '-DAMENT_CMAKE_SYMLINK_INSTALL=1', '-DCMAKE_INSTALL_PREFIX=/home/g2909/WUTA1/WUTA-FSD/ros2_ws/install/camera_detection'], 'cwd': '/home/g2909/WUTA1/WUTA-FSD/ros2_ws/build/camera_detection', 'env': OrderedDict([('USER', 'g2909'), ('VSCODE_WSL_EXT_LOCATION', '/mnt/c/Users/g2909/.vscode/extensions/ms-vscode-remote.remote-wsl-0.104.3'), ('SHLVL', '1'), ('LD_LIBRARY_PATH', '/home/g2909/WUTA1/WUTA-FSD/ros2_ws/install/wuta_msgs/lib:/opt/ros/humble/opt/rviz_ogre_vendor/lib:/opt/ros/humble/lib/x86_64-linux-gnu:/opt/ros/humble/lib'), ('HOME', '/home/g2909'), ('OLDPWD', '/home/g2909/WUTA-FSD'), ('ROS_PYTHON_VERSION', '3'), ('DBUS_SESSION_BUS_ADDRESS', 'unix:path=/run/user/1000/bus'), ('WSL_DISTRO_NAME', 'Ubuntu-22.04'), ('WAYLAND_DISPLAY', 'wayland-0'), ('ROS_DISTRO', 'humble'), ('LOGNAME', 'g2909'), ('NAME', 'GaoMing'), ('WSL_INTEROP', '/run/WSL/39189_interop'), ('PULSE_SERVER', 'unix:/mnt/wslg/PulseServer'), ('_', '/usr/bin/colcon'), ('ROS_VERSION', '2'), ('TERM', 'xterm-256color'), ('ROS_LOCALHOST_ONLY', '0'), ('PATH', '/opt/ros/humble/bin:/home/g2909/.local/bin:/usr/local/sbin:/usr/local/bin:/usr/sbin:/usr/bin:/sbin:/bin:/usr/games:/usr/local/games:/usr/lib/wsl/lib:/mnt/c/Users/g2909/bin:/mnt/c/Program Files/Git/mingw64/bin:/mnt/c/Program Files/Git/usr/local/bin:/mnt/c/Program Files/Git/usr/bin:/mnt/c/Program Files/Git/usr/bin:/mnt/c/Program Files/Git/mingw64/bin:/mnt/c/Program Files/Git/usr/bin:/mnt/c/Users/g2909/bin:/mnt/c/Program Files/NVIDIA GPU Computing Toolkit/CUDA/v12.9/bin:/mnt/c/Program Files/NVIDIA GPU Computing Toolkit/CUDA/v12.9/libnvvp:/mnt/c/Program Files/Common Files/Oracle/Java/javapath:/mnt/c/Users/g2909/miniconda3:/mnt/c/Users/g2909/miniconda3/Scripts:/mnt/c/Users/g2909/miniconda3/Library/bin:/mnt/c/Windows/system32:/mnt/c/Windows:/mnt/c/Windows/System32/Wbem:/mnt/c/Windows/System32/WindowsPowerShell/v1.0:/mnt/c/mingw64/bin:/mnt/c/Users/g2909/AppData/Local/Programs/Python/Python313:/mnt/c/Users/g2909/AppData/Local/Programs/Python/Python313/Scripts:/mnt/c/Windows/System32/OpenSSH:/mnt/c/Program Files/NVIDIA Corporation/NVIDIA App/NvDLISR:/mnt/c/Program Files (x86)/NVIDIA Corporation/PhysX/Common:/mnt/c/Program Files/dotnet:/mnt/c/Users/g2909/AppData/Local/Android/Sdk/platform-tools:/mnt/c/Program Files/Git/cmd:/mnt/d/SVN/bin:/mnt/c/Program Files/NVIDIA Corporation/Nsight Compute 2025.2.1:/mnt/c/Program Files (x86)/Windows Kits/10/Windows Performance Toolkit:/mnt/c/Program Files (x86)/Microsoft SQL Server/160/Tools/Binn:/mnt/c/Program Files/Microsoft SQL Server/160/Tools/Binn:/mnt/c/Program Files/Microsoft SQL Server/Client SDK/ODBC/170/Tools/Binn:/mnt/c/Program Files/Microsoft SQL Server/160/DTS/Binn:/mnt/c/Program Files (x86)/Windows Kits/8.1/Windows Performance Toolkit:/mnt/c/WINDOWS/system32:/mnt/c/WINDOWS:/mnt/c/WINDOWS/System32/Wbem:/mnt/c/WINDOWS/System32/WindowsPowerShell/v1.0:/mnt/c/WINDOWS/System32/OpenSSH:/mnt/c/Program Files/usbipd-win:/mnt/c/Program Files/MATLAB/R2025b/bin:/mnt/c/Program Files/NVIDIA GPU Computing Toolkit/CUDA/v12.9/bin:/mnt/c/Program Files/NVIDIA GPU Computing Toolkit/CUDA/v12.9/libnvvp:/mnt/c/Program Files/Common Files/Oracle/Java/javapath:/mnt/c/Users/g2909/miniconda3:/mnt/c/Users/g2909/miniconda3/Scripts:/mnt/c/Users/g2909/miniconda3/Library/bin:/mnt/c/Windows/system32:/mnt/c/Windows:/mnt/c/Windows/System32/Wbem:/mnt/c/Windows/System32/WindowsPowerShell/v1.0:/mnt/c/mingw64/bin:/mnt/c/Users/g2909/AppData/Local/Programs/Python/Python313:/mnt/c/Users/g2909/AppData/Local/Programs/Python/Python313/Scripts:/mnt/c/Windows/System32/OpenSSH:/mnt/c/Program Files/NVIDIA Corporation/NVIDIA App/NvDLISR:/mnt/c/Program Files (x86)/NVIDIA Corporation/PhysX/Common:/mnt/c/Program Files/dotnet:/mnt/c/Users/g2909/AppData/Local/Android/Sdk/platform-tools:/mnt/c/Program Files/Git/cmd:/mnt/d/SVN/bin:/mnt/c/Program Files/NVIDIA Corporation/Nsight Compute 2025.2.1:/mnt/c/Program Files (x86)/Windows Kits/10/Windows Performance Toolkit:/mnt/c/Program Files (x86)/Microsoft SQL Server/160/Tools/Binn:/mnt/c/Program Files/Microsoft SQL Server/160/Tools/Binn:/mnt/c/Program Files/Microsoft SQL Server/Client SDK/ODBC/170/Tools/Binn:/mnt/c/Program Files/Microsoft SQL Server/160/DTS/Binn:/mnt/c/Program Files (x86)/Windows Kits/8.1/Windows Performance Toolkit:/mnt/c/WINDOWS/system32:/mnt/c/WINDOWS:/mnt/c/WINDOWS/System32/Wbem:/mnt/c/WINDOWS/System32/WindowsPowerShell/v1.0:/mnt/c/WINDOWS/System32/OpenSSH:/mnt/c/Program Files/usbipd-win:/mnt/c/Program Files/MATLAB/R2025b/bin:/mnt/c/Users/g2909/AppData/Local/Android/Sdk/platform-tools:/mnt/d/Microsoft VS Code/bin:/mnt/c/Users/g2909/AppData/Local/Programs/Ollama:/mnt/c/Users/g2909/AppData/Local/Microsoft/WindowsApps:/mnt/c/Program Files/Git/usr/bin:/mnt/c/Program Files/Git/cmd:/mnt/c/Users/g2909/AppData/Local/Programs/nodejs:/mnt/c/Program Files/Git/usr/bin/vendor_perl:/mnt/c/Program Files/Git/usr/bin/core_perl:/snap/bin'), ('XDG_RUNTIME_DIR', '/run/user/1000/'), ('DISPLAY', ':0'), ('LANG', 'C.UTF-8'), ('AMENT_PREFIX_PATH', '/home/g2909/WUTA1/WUTA-FSD/ros2_ws/install/wuta_msgs:/opt/ros/humble'), ('SHELL', '/bin/bash'), ('PWD', '/home/g2909/WUTA1/WUTA-FSD/ros2_ws/build/camera_detection'), ('XDG_DATA_DIRS', '/usr/local/share:/usr/share:/var/lib/snapd/desktop'), ('PYTHONPATH', '/home/g2909/WUTA1/WUTA-FSD/ros2_ws/install/wuta_msgs/local/lib/python3.10/dist-packages:/opt/ros/humble/lib/python3.10/site-packages:/opt/ros/humble/local/lib/python3.10/dist-packages'), ('COLCON', '1'), ('WSL2_GUI_APPS_ENABLED', '1'), ('HOSTTYPE', 'x86_64'), ('WSLENV', 'VSCODE_WSL_EXT_LOCATION/up'), ('CMAKE_PREFIX_PATH', '/home/g2909/WUTA1/WUTA-FSD/ros2_ws/install/wuta_msgs:/opt/ros/humble')]), 'shell': False}
[8.894401] (boundary_detector) JobProgress: {'identifier': 'boundary_detector', 'progress': 'cmake'}
[8.895333] (boundary_detector) Command: {'cmd': ['/home/g2909/.local/bin/cmake', '/home/g2909/WUTA1/WUTA-FSD/ros2_ws/src/planning/boundary_detector', '-DAMENT_CMAKE_SYMLINK_INSTALL=1', '-DCMAKE_INSTALL_PREFIX=/home/g2909/WUTA1/WUTA-FSD/ros2_ws/install/boundary_detector'], 'cwd': '/home/g2909/WUTA1/WUTA-FSD/ros2_ws/build/boundary_detector', 'env': OrderedDict([('USER', 'g2909'), ('VSCODE_WSL_EXT_LOCATION', '/mnt/c/Users/g2909/.vscode/extensions/ms-vscode-remote.remote-wsl-0.104.3'), ('SHLVL', '1'), ('LD_LIBRARY_PATH', '/home/g2909/WUTA1/WUTA-FSD/ros2_ws/install/wuta_msgs/lib:/opt/ros/humble/opt/rviz_ogre_vendor/lib:/opt/ros/humble/lib/x86_64-linux-gnu:/opt/ros/humble/lib'), ('HOME', '/home/g2909'), ('OLDPWD', '/home/g2909/WUTA-FSD'), ('ROS_PYTHON_VERSION', '3'), ('DBUS_SESSION_BUS_ADDRESS', 'unix:path=/run/user/1000/bus'), ('WSL_DISTRO_NAME', 'Ubuntu-22.04'), ('WAYLAND_DISPLAY', 'wayland-0'), ('ROS_DISTRO', 'humble'), ('LOGNAME', 'g2909'), ('NAME', 'GaoMing'), ('WSL_INTEROP', '/run/WSL/39189_interop'), ('PULSE_SERVER', 'unix:/mnt/wslg/PulseServer'), ('_', '/usr/bin/colcon'), ('ROS_VERSION', '2'), ('TERM', 'xterm-256color'), ('ROS_LOCALHOST_ONLY', '0'), ('PATH', '/opt/ros/humble/bin:/home/g2909/.local/bin:/usr/local/sbin:/usr/local/bin:/usr/sbin:/usr/bin:/sbin:/bin:/usr/games:/usr/local/games:/usr/lib/wsl/lib:/mnt/c/Users/g2909/bin:/mnt/c/Program Files/Git/mingw64/bin:/mnt/c/Program Files/Git/usr/local/bin:/mnt/c/Program Files/Git/usr/bin:/mnt/c/Program Files/Git/usr/bin:/mnt/c/Program Files/Git/mingw64/bin:/mnt/c/Program Files/Git/usr/bin:/mnt/c/Users/g2909/bin:/mnt/c/Program Files/NVIDIA GPU Computing Toolkit/CUDA/v12.9/bin:/mnt/c/Program Files/NVIDIA GPU Computing Toolkit/CUDA/v12.9/libnvvp:/mnt/c/Program Files/Common Files/Oracle/Java/javapath:/mnt/c/Users/g2909/miniconda3:/mnt/c/Users/g2909/miniconda3/Scripts:/mnt/c/Users/g2909/miniconda3/Library/bin:/mnt/c/Windows/system32:/mnt/c/Windows:/mnt/c/Windows/System32/Wbem:/mnt/c/Windows/System32/WindowsPowerShell/v1.0:/mnt/c/mingw64/bin:/mnt/c/Users/g2909/AppData/Local/Programs/Python/Python313:/mnt/c/Users/g2909/AppData/Local/Programs/Python/Python313/Scripts:/mnt/c/Windows/System32/OpenSSH:/mnt/c/Program Files/NVIDIA Corporation/NVIDIA App/NvDLISR:/mnt/c/Program Files (x86)/NVIDIA Corporation/PhysX/Common:/mnt/c/Program Files/dotnet:/mnt/c/Users/g2909/AppData/Local/Android/Sdk/platform-tools:/mnt/c/Program Files/Git/cmd:/mnt/d/SVN/bin:/mnt/c/Program Files/NVIDIA Corporation/Nsight Compute 2025.2.1:/mnt/c/Program Files (x86)/Windows Kits/10/Windows Performance Toolkit:/mnt/c/Program Files (x86)/Microsoft SQL Server/160/Tools/Binn:/mnt/c/Program Files/Microsoft SQL Server/160/Tools/Binn:/mnt/c/Program Files/Microsoft SQL Server/Client SDK/ODBC/170/Tools/Binn:/mnt/c/Program Files/Microsoft SQL Server/160/DTS/Binn:/mnt/c/Program Files (x86)/Windows Kits/8.1/Windows Performance Toolkit:/mnt/c/WINDOWS/system32:/mnt/c/WINDOWS:/mnt/c/WINDOWS/System32/Wbem:/mnt/c/WINDOWS/System32/WindowsPowerShell/v1.0:/mnt/c/WINDOWS/System32/OpenSSH:/mnt/c/Program Files/usbipd-win:/mnt/c/Program Files/MATLAB/R2025b/bin:/mnt/c/Program Files/NVIDIA GPU Computing Toolkit/CUDA/v12.9/bin:/mnt/c/Program Files/NVIDIA GPU Computing Toolkit/CUDA/v12.9/libnvvp:/mnt/c/Program Files/Common Files/Oracle/Java/javapath:/mnt/c/Users/g2909/miniconda3:/mnt/c/Users/g2909/miniconda3/Scripts:/mnt/c/Users/g2909/miniconda3/Library/bin:/mnt/c/Windows/system32:/mnt/c/Windows:/mnt/c/Windows/System32/Wbem:/mnt/c/Windows/System32/WindowsPowerShell/v1.0:/mnt/c/mingw64/bin:/mnt/c/Users/g2909/AppData/Local/Programs/Python/Python313:/mnt/c/Users/g2909/AppData/Local/Programs/Python/Python313/Scripts:/mnt/c/Windows/System32/OpenSSH:/mnt/c/Program Files/NVIDIA Corporation/NVIDIA App/NvDLISR:/mnt/c/Program Files (x86)/NVIDIA Corporation/PhysX/Common:/mnt/c/Program Files/dotnet:/mnt/c/Users/g2909/AppData/Local/Android/Sdk/platform-tools:/mnt/c/Program Files/Git/cmd:/mnt/d/SVN/bin:/mnt/c/Program Files/NVIDIA Corporation/Nsight Compute 2025.2.1:/mnt/c/Program Files (x86)/Windows Kits/10/Windows Performance Toolkit:/mnt/c/Program Files (x86)/Microsoft SQL Server/160/Tools/Binn:/mnt/c/Program Files/Microsoft SQL Server/160/Tools/Binn:/mnt/c/Program Files/Microsoft SQL Server/Client SDK/ODBC/170/Tools/Binn:/mnt/c/Program Files/Microsoft SQL Server/160/DTS/Binn:/mnt/c/Program Files (x86)/Windows Kits/8.1/Windows Performance Toolkit:/mnt/c/WINDOWS/system32:/mnt/c/WINDOWS:/mnt/c/WINDOWS/System32/Wbem:/mnt/c/WINDOWS/System32/WindowsPowerShell/v1.0:/mnt/c/WINDOWS/System32/OpenSSH:/mnt/c/Program Files/usbipd-win:/mnt/c/Program Files/MATLAB/R2025b/bin:/mnt/c/Users/g2909/AppData/Local/Android/Sdk/platform-tools:/mnt/d/Microsoft VS Code/bin:/mnt/c/Users/g2909/AppData/Local/Programs/Ollama:/mnt/c/Users/g2909/AppData/Local/Microsoft/WindowsApps:/mnt/c/Program Files/Git/usr/bin:/mnt/c/Program Files/Git/cmd:/mnt/c/Users/g2909/AppData/Local/Programs/nodejs:/mnt/c/Program Files/Git/usr/bin/vendor_perl:/mnt/c/Program Files/Git/usr/bin/core_perl:/snap/bin'), ('XDG_RUNTIME_DIR', '/run/user/1000/'), ('DISPLAY', ':0'), ('LANG', 'C.UTF-8'), ('AMENT_PREFIX_PATH', '/home/g2909/WUTA1/WUTA-FSD/ros2_ws/install/wuta_msgs:/opt/ros/humble'), ('SHELL', '/bin/bash'), ('PWD', '/home/g2909/WUTA1/WUTA-FSD/ros2_ws/build/boundary_detector'), ('XDG_DATA_DIRS', '/usr/local/share:/usr/share:/var/lib/snapd/desktop'), ('PYTHONPATH', '/home/g2909/WUTA1/WUTA-FSD/ros2_ws/install/wuta_msgs/local/lib/python3.10/dist-packages:/opt/ros/humble/lib/python3.10/site-packages:/opt/ros/humble/local/lib/python3.10/dist-packages'), ('COLCON', '1'), ('WSL2_GUI_APPS_ENABLED', '1'), ('HOSTTYPE', 'x86_64'), ('WSLENV', 'VSCODE_WSL_EXT_LOCATION/up'), ('CMAKE_PREFIX_PATH', '/home/g2909/WUTA1/WUTA-FSD/ros2_ws/install/wuta_msgs:/opt/ros/humble')]), 'shell': False}
[8.899118] (detection_fusion) JobProgress: {'identifier': 'detection_fusion', 'progress': 'cmake'}
[8.900095] (detection_fusion) Command: {'cmd': ['/home/g2909/.local/bin/cmake', '/home/g2909/WUTA1/WUTA-FSD/ros2_ws/src/perception/detection_fusion', '-DAMENT_CMAKE_SYMLINK_INSTALL=1', '-DCMAKE_INSTALL_PREFIX=/home/g2909/WUTA1/WUTA-FSD/ros2_ws/install/detection_fusion'], 'cwd': '/home/g2909/WUTA1/WUTA-FSD/ros2_ws/build/detection_fusion', 'env': OrderedDict([('USER', 'g2909'), ('VSCODE_WSL_EXT_LOCATION', '/mnt/c/Users/g2909/.vscode/extensions/ms-vscode-remote.remote-wsl-0.104.3'), ('SHLVL', '1'), ('LD_LIBRARY_PATH', '/home/g2909/WUTA1/WUTA-FSD/ros2_ws/install/wuta_msgs/lib:/opt/ros/humble/opt/rviz_ogre_vendor/lib:/opt/ros/humble/lib/x86_64-linux-gnu:/opt/ros/humble/lib'), ('HOME', '/home/g2909'), ('OLDPWD', '/home/g2909/WUTA-FSD'), ('ROS_PYTHON_VERSION', '3'), ('DBUS_SESSION_BUS_ADDRESS', 'unix:path=/run/user/1000/bus'), ('WSL_DISTRO_NAME', 'Ubuntu-22.04'), ('WAYLAND_DISPLAY', 'wayland-0'), ('ROS_DISTRO', 'humble'), ('LOGNAME', 'g2909'), ('NAME', 'GaoMing'), ('WSL_INTEROP', '/run/WSL/39189_interop'), ('PULSE_SERVER', 'unix:/mnt/wslg/PulseServer'), ('_', '/usr/bin/colcon'), ('ROS_VERSION', '2'), ('TERM', 'xterm-256color'), ('ROS_LOCALHOST_ONLY', '0'), ('PATH', '/opt/ros/humble/bin:/home/g2909/.local/bin:/usr/local/sbin:/usr/local/bin:/usr/sbin:/usr/bin:/sbin:/bin:/usr/games:/usr/local/games:/usr/lib/wsl/lib:/mnt/c/Users/g2909/bin:/mnt/c/Program Files/Git/mingw64/bin:/mnt/c/Program Files/Git/usr/local/bin:/mnt/c/Program Files/Git/usr/bin:/mnt/c/Program Files/Git/usr/bin:/mnt/c/Program Files/Git/mingw64/bin:/mnt/c/Program Files/Git/usr/bin:/mnt/c/Users/g2909/bin:/mnt/c/Program Files/NVIDIA GPU Computing Toolkit/CUDA/v12.9/bin:/mnt/c/Program Files/NVIDIA GPU Computing Toolkit/CUDA/v12.9/libnvvp:/mnt/c/Program Files/Common Files/Oracle/Java/javapath:/mnt/c/Users/g2909/miniconda3:/mnt/c/Users/g2909/miniconda3/Scripts:/mnt/c/Users/g2909/miniconda3/Library/bin:/mnt/c/Windows/system32:/mnt/c/Windows:/mnt/c/Windows/System32/Wbem:/mnt/c/Windows/System32/WindowsPowerShell/v1.0:/mnt/c/mingw64/bin:/mnt/c/Users/g2909/AppData/Local/Programs/Python/Python313:/mnt/c/Users/g2909/AppData/Local/Programs/Python/Python313/Scripts:/mnt/c/Windows/System32/OpenSSH:/mnt/c/Program Files/NVIDIA Corporation/NVIDIA App/NvDLISR:/mnt/c/Program Files (x86)/NVIDIA Corporation/PhysX/Common:/mnt/c/Program Files/dotnet:/mnt/c/Users/g2909/AppData/Local/Android/Sdk/platform-tools:/mnt/c/Program Files/Git/cmd:/mnt/d/SVN/bin:/mnt/c/Program Files/NVIDIA Corporation/Nsight Compute 2025.2.1:/mnt/c/Program Files (x86)/Windows Kits/10/Windows Performance Toolkit:/mnt/c/Program Files (x86)/Microsoft SQL Server/160/Tools/Binn:/mnt/c/Program Files/Microsoft SQL Server/160/Tools/Binn:/mnt/c/Program Files/Microsoft SQL Server/Client SDK/ODBC/170/Tools/Binn:/mnt/c/Program Files/Microsoft SQL Server/160/DTS/Binn:/mnt/c/Program Files (x86)/Windows Kits/8.1/Windows Performance Toolkit:/mnt/c/WINDOWS/system32:/mnt/c/WINDOWS:/mnt/c/WINDOWS/System32/Wbem:/mnt/c/WINDOWS/System32/WindowsPowerShell/v1.0:/mnt/c/WINDOWS/System32/OpenSSH:/mnt/c/Program Files/usbipd-win:/mnt/c/Program Files/MATLAB/R2025b/bin:/mnt/c/Program Files/NVIDIA GPU Computing Toolkit/CUDA/v12.9/bin:/mnt/c/Program Files/NVIDIA GPU Computing Toolkit/CUDA/v12.9/libnvvp:/mnt/c/Program Files/Common Files/Oracle/Java/javapath:/mnt/c/Users/g2909/miniconda3:/mnt/c/Users/g2909/miniconda3/Scripts:/mnt/c/Users/g2909/miniconda3/Library/bin:/mnt/c/Windows/system32:/mnt/c/Windows:/mnt/c/Windows/System32/Wbem:/mnt/c/Windows/System32/WindowsPowerShell/v1.0:/mnt/c/mingw64/bin:/mnt/c/Users/g2909/AppData/Local/Programs/Python/Python313:/mnt/c/Users/g2909/AppData/Local/Programs/Python/Python313/Scripts:/mnt/c/Windows/System32/OpenSSH:/mnt/c/Program Files/NVIDIA Corporation/NVIDIA App/NvDLISR:/mnt/c/Program Files (x86)/NVIDIA Corporation/PhysX/Common:/mnt/c/Program Files/dotnet:/mnt/c/Users/g2909/AppData/Local/Android/Sdk/platform-tools:/mnt/c/Program Files/Git/cmd:/mnt/d/SVN/bin:/mnt/c/Program Files/NVIDIA Corporation/Nsight Compute 2025.2.1:/mnt/c/Program Files (x86)/Windows Kits/10/Windows Performance Toolkit:/mnt/c/Program Files (x86)/Microsoft SQL Server/160/Tools/Binn:/mnt/c/Program Files/Microsoft SQL Server/160/Tools/Binn:/mnt/c/Program Files/Microsoft SQL Server/Client SDK/ODBC/170/Tools/Binn:/mnt/c/Program Files/Microsoft SQL Server/160/DTS/Binn:/mnt/c/Program Files (x86)/Windows Kits/8.1/Windows Performance Toolkit:/mnt/c/WINDOWS/system32:/mnt/c/WINDOWS:/mnt/c/WINDOWS/System32/Wbem:/mnt/c/WINDOWS/System32/WindowsPowerShell/v1.0:/mnt/c/WINDOWS/System32/OpenSSH:/mnt/c/Program Files/usbipd-win:/mnt/c/Program Files/MATLAB/R2025b/bin:/mnt/c/Users/g2909/AppData/Local/Android/Sdk/platform-tools:/mnt/d/Microsoft VS Code/bin:/mnt/c/Users/g2909/AppData/Local/Programs/Ollama:/mnt/c/Users/g2909/AppData/Local/Microsoft/WindowsApps:/mnt/c/Program Files/Git/usr/bin:/mnt/c/Program Files/Git/cmd:/mnt/c/Users/g2909/AppData/Local/Programs/nodejs:/mnt/c/Program Files/Git/usr/bin/vendor_perl:/mnt/c/Program Files/Git/usr/bin/core_perl:/snap/bin'), ('XDG_RUNTIME_DIR', '/run/user/1000/'), ('DISPLAY', ':0'), ('LANG', 'C.UTF-8'), ('AMENT_PREFIX_PATH', '/home/g2909/WUTA1/WUTA-FSD/ros2_ws/install/wuta_msgs:/opt/ros/humble'), ('SHELL', '/bin/bash'), ('PWD', '/home/g2909/WUTA1/WUTA-FSD/ros2_ws/build/detection_fusion'), ('XDG_DATA_DIRS', '/usr/local/share:/usr/share:/var/lib/snapd/desktop'), ('PYTHONPATH', '/home/g2909/WUTA1/WUTA-FSD/ros2_ws/install/wuta_msgs/local/lib/python3.10/dist-packages:/opt/ros/humble/lib/python3.10/site-packages:/opt/ros/humble/local/lib/python3.10/dist-packages'), ('COLCON', '1'), ('WSL2_GUI_APPS_ENABLED', '1'), ('HOSTTYPE', 'x86_64'), ('WSLENV', 'VSCODE_WSL_EXT_LOCATION/up'), ('CMAKE_PREFIX_PATH', '/home/g2909/WUTA1/WUTA-FSD/ros2_ws/install/wuta_msgs:/opt/ros/humble')]), 'shell': False}
[8.904150] (kiss_icp_wrapper) JobProgress: {'identifier': 'kiss_icp_wrapper', 'progress': 'cmake'}
[8.905301] (kiss_icp_wrapper) Command: {'cmd': ['/home/g2909/.local/bin/cmake', '/home/g2909/WUTA1/WUTA-FSD/ros2_ws/src/localization/kiss_icp_wrapper', '-DAMENT_CMAKE_SYMLINK_INSTALL=1', '-DCMAKE_INSTALL_PREFIX=/home/g2909/WUTA1/WUTA-FSD/ros2_ws/install/kiss_icp_wrapper'], 'cwd': '/home/g2909/WUTA1/WUTA-FSD/ros2_ws/build/kiss_icp_wrapper', 'env': OrderedDict([('USER', 'g2909'), ('VSCODE_WSL_EXT_LOCATION', '/mnt/c/Users/g2909/.vscode/extensions/ms-vscode-remote.remote-wsl-0.104.3'), ('SHLVL', '1'), ('LD_LIBRARY_PATH', '/home/g2909/WUTA1/WUTA-FSD/ros2_ws/install/wuta_msgs/lib:/opt/ros/humble/opt/rviz_ogre_vendor/lib:/opt/ros/humble/lib/x86_64-linux-gnu:/opt/ros/humble/lib'), ('HOME', '/home/g2909'), ('OLDPWD', '/home/g2909/WUTA-FSD'), ('ROS_PYTHON_VERSION', '3'), ('DBUS_SESSION_BUS_ADDRESS', 'unix:path=/run/user/1000/bus'), ('WSL_DISTRO_NAME', 'Ubuntu-22.04'), ('WAYLAND_DISPLAY', 'wayland-0'), ('ROS_DISTRO', 'humble'), ('LOGNAME', 'g2909'), ('NAME', 'GaoMing'), ('WSL_INTEROP', '/run/WSL/39189_interop'), ('PULSE_SERVER', 'unix:/mnt/wslg/PulseServer'), ('_', '/usr/bin/colcon'), ('ROS_VERSION', '2'), ('TERM', 'xterm-256color'), ('ROS_LOCALHOST_ONLY', '0'), ('PATH', '/opt/ros/humble/bin:/home/g2909/.local/bin:/usr/local/sbin:/usr/local/bin:/usr/sbin:/usr/bin:/sbin:/bin:/usr/games:/usr/local/games:/usr/lib/wsl/lib:/mnt/c/Users/g2909/bin:/mnt/c/Program Files/Git/mingw64/bin:/mnt/c/Program Files/Git/usr/local/bin:/mnt/c/Program Files/Git/usr/bin:/mnt/c/Program Files/Git/usr/bin:/mnt/c/Program Files/Git/mingw64/bin:/mnt/c/Program Files/Git/usr/bin:/mnt/c/Users/g2909/bin:/mnt/c/Program Files/NVIDIA GPU Computing Toolkit/CUDA/v12.9/bin:/mnt/c/Program Files/NVIDIA GPU Computing Toolkit/CUDA/v12.9/libnvvp:/mnt/c/Program Files/Common Files/Oracle/Java/javapath:/mnt/c/Users/g2909/miniconda3:/mnt/c/Users/g2909/miniconda3/Scripts:/mnt/c/Users/g2909/miniconda3/Library/bin:/mnt/c/Windows/system32:/mnt/c/Windows:/mnt/c/Windows/System32/Wbem:/mnt/c/Windows/System32/WindowsPowerShell/v1.0:/mnt/c/mingw64/bin:/mnt/c/Users/g2909/AppData/Local/Programs/Python/Python313:/mnt/c/Users/g2909/AppData/Local/Programs/Python/Python313/Scripts:/mnt/c/Windows/System32/OpenSSH:/mnt/c/Program Files/NVIDIA Corporation/NVIDIA App/NvDLISR:/mnt/c/Program Files (x86)/NVIDIA Corporation/PhysX/Common:/mnt/c/Program Files/dotnet:/mnt/c/Users/g2909/AppData/Local/Android/Sdk/platform-tools:/mnt/c/Program Files/Git/cmd:/mnt/d/SVN/bin:/mnt/c/Program Files/NVIDIA Corporation/Nsight Compute 2025.2.1:/mnt/c/Program Files (x86)/Windows Kits/10/Windows Performance Toolkit:/mnt/c/Program Files (x86)/Microsoft SQL Server/160/Tools/Binn:/mnt/c/Program Files/Microsoft SQL Server/160/Tools/Binn:/mnt/c/Program Files/Microsoft SQL Server/Client SDK/ODBC/170/Tools/Binn:/mnt/c/Program Files/Microsoft SQL Server/160/DTS/Binn:/mnt/c/Program Files (x86)/Windows Kits/8.1/Windows Performance Toolkit:/mnt/c/WINDOWS/system32:/mnt/c/WINDOWS:/mnt/c/WINDOWS/System32/Wbem:/mnt/c/WINDOWS/System32/WindowsPowerShell/v1.0:/mnt/c/WINDOWS/System32/OpenSSH:/mnt/c/Program Files/usbipd-win:/mnt/c/Program Files/MATLAB/R2025b/bin:/mnt/c/Program Files/NVIDIA GPU Computing Toolkit/CUDA/v12.9/bin:/mnt/c/Program Files/NVIDIA GPU Computing Toolkit/CUDA/v12.9/libnvvp:/mnt/c/Program Files/Common Files/Oracle/Java/javapath:/mnt/c/Users/g2909/miniconda3:/mnt/c/Users/g2909/miniconda3/Scripts:/mnt/c/Users/g2909/miniconda3/Library/bin:/mnt/c/Windows/system32:/mnt/c/Windows:/mnt/c/Windows/System32/Wbem:/mnt/c/Windows/System32/WindowsPowerShell/v1.0:/mnt/c/mingw64/bin:/mnt/c/Users/g2909/AppData/Local/Programs/Python/Python313:/mnt/c/Users/g2909/AppData/Local/Programs/Python/Python313/Scripts:/mnt/c/Windows/System32/OpenSSH:/mnt/c/Program Files/NVIDIA Corporation/NVIDIA App/NvDLISR:/mnt/c/Program Files (x86)/NVIDIA Corporation/PhysX/Common:/mnt/c/Program Files/dotnet:/mnt/c/Users/g2909/AppData/Local/Android/Sdk/platform-tools:/mnt/c/Program Files/Git/cmd:/mnt/d/SVN/bin:/mnt/c/Program Files/NVIDIA Corporation/Nsight Compute 2025.2.1:/mnt/c/Program Files (x86)/Windows Kits/10/Windows Performance Toolkit:/mnt/c/Program Files (x86)/Microsoft SQL Server/160/Tools/Binn:/mnt/c/Program Files/Microsoft SQL Server/160/Tools/Binn:/mnt/c/Program Files/Microsoft SQL Server/Client SDK/ODBC/170/Tools/Binn:/mnt/c/Program Files/Microsoft SQL Server/160/DTS/Binn:/mnt/c/Program Files (x86)/Windows Kits/8.1/Windows Performance Toolkit:/mnt/c/WINDOWS/system32:/mnt/c/WINDOWS:/mnt/c/WINDOWS/System32/Wbem:/mnt/c/WINDOWS/System32/WindowsPowerShell/v1.0:/mnt/c/WINDOWS/System32/OpenSSH:/mnt/c/Program Files/usbipd-win:/mnt/c/Program Files/MATLAB/R2025b/bin:/mnt/c/Users/g2909/AppData/Local/Android/Sdk/platform-tools:/mnt/d/Microsoft VS Code/bin:/mnt/c/Users/g2909/AppData/Local/Programs/Ollama:/mnt/c/Users/g2909/AppData/Local/Microsoft/WindowsApps:/mnt/c/Program Files/Git/usr/bin:/mnt/c/Program Files/Git/cmd:/mnt/c/Users/g2909/AppData/Local/Programs/nodejs:/mnt/c/Program Files/Git/usr/bin/vendor_perl:/mnt/c/Program Files/Git/usr/bin/core_perl:/snap/bin'), ('XDG_RUNTIME_DIR', '/run/user/1000/'), ('DISPLAY', ':0'), ('LANG', 'C.UTF-8'), ('AMENT_PREFIX_PATH', '/home/g2909/WUTA1/WUTA-FSD/ros2_ws/install/wuta_msgs:/opt/ros/humble'), ('SHELL', '/bin/bash'), ('PWD', '/home/g2909/WUTA1/WUTA-FSD/ros2_ws/build/kiss_icp_wrapper'), ('XDG_DATA_DIRS', '/usr/local/share:/usr/share:/var/lib/snapd/desktop'), ('PYTHONPATH', '/home/g2909/WUTA1/WUTA-FSD/ros2_ws/install/wuta_msgs/local/lib/python3.10/dist-packages:/opt/ros/humble/lib/python3.10/site-packages:/opt/ros/humble/local/lib/python3.10/dist-packages'), ('COLCON', '1'), ('WSL2_GUI_APPS_ENABLED', '1'), ('HOSTTYPE', 'x86_64'), ('WSLENV', 'VSCODE_WSL_EXT_LOCATION/up'), ('CMAKE_PREFIX_PATH', '/home/g2909/WUTA1/WUTA-FSD/ros2_ws/install/wuta_msgs:/opt/ros/humble')]), 'shell': False}
[8.948653] (-) TimerEvent: {}
[8.949811] (camera_detection) StderrLine: {'line': b'CMake Deprecation Warning at CMakeLists.txt:1 (cmake_minimum_required):\n'}
[8.950385] (camera_detection) StderrLine: {'line': b'  Compatibility with CMake < 3.10 will be removed from a future version of\n'}
[8.950465] (camera_detection) StderrLine: {'line': b'  CMake.\n'}
[8.950498] (camera_detection) StderrLine: {'line': b'\n'}
[8.950529] (camera_detection) StderrLine: {'line': b'  Update the VERSION argument <min> value.  Or, use the <min>...<max> syntax\n'}
[8.950663] (camera_detection) StderrLine: {'line': b'  to tell CMake that the project requires at least <min> but has been updated\n'}
[8.950728] (camera_detection) StderrLine: {'line': b'  to work with policies introduced by <max> or earlier.\n'}
[8.950763] (camera_detection) StderrLine: {'line': b'\n'}
[8.950793] (camera_detection) StderrLine: {'line': b'\n'}
[8.950823] (cone_map_builder) StderrLine: {'line': b'CMake Deprecation Warning at CMakeLists.txt:1 (cmake_minimum_required):\n'}
[8.951014] (cone_map_builder) StderrLine: {'line': b'  Compatibility with CMake < 3.10 will be removed from a future version of\n'}
[8.951057] (cone_map_builder) StderrLine: {'line': b'  CMake.\n'}
[8.951089] (cone_map_builder) StderrLine: {'line': b'\n'}
[8.951119] (cone_map_builder) StderrLine: {'line': b'  Update the VERSION argument <min> value.  Or, use the <min>...<max> syntax\n'}
[8.951303] (cone_map_builder) StderrLine: {'line': b'  to tell CMake that the project requires at least <min> but has been updated\n'}
[8.951350] (cone_map_builder) StderrLine: {'line': b'  to work with policies introduced by <max> or earlier.\n'}
[8.951513] (cone_map_builder) StderrLine: {'line': b'\n'}
[8.951558] (cone_map_builder) StderrLine: {'line': b'\n'}
[8.951666] (boundary_detector) StderrLine: {'line': b'CMake Deprecation Warning at CMakeLists.txt:1 (cmake_minimum_required):\n'}
[8.951828] (boundary_detector) StderrLine: {'line': b'  Compatibility with CMake < 3.10 will be removed from a future version of\n'}
[8.951934] (boundary_detector) StderrLine: {'line': b'  CMake.\n'}
[8.952073] (boundary_detector) StderrLine: {'line': b'\n'}
[8.952178] (boundary_detector) StderrLine: {'line': b'  Update the VERSION argument <min> value.  Or, use the <min>...<max> syntax\n'}
[8.952208] (boundary_detector) StderrLine: {'line': b'  to tell CMake that the project requires at least <min> but has been updated\n'}
[8.952233] (boundary_detector) StderrLine: {'line': b'  to work with policies introduced by <max> or earlier.\n'}
[8.952253] (boundary_detector) StderrLine: {'line': b'\n'}
[8.952272] (boundary_detector) StderrLine: {'line': b'\n'}
[8.952294] (lidar_detection) JobProgress: {'identifier': 'lidar_detection', 'progress': 'cmake'}
[8.953097] (lidar_detection) Command: {'cmd': ['/home/g2909/.local/bin/cmake', '/home/g2909/WUTA1/WUTA-FSD/ros2_ws/src/perception/lidar_detection', '-DAMENT_CMAKE_SYMLINK_INSTALL=1', '-DCMAKE_INSTALL_PREFIX=/home/g2909/WUTA1/WUTA-FSD/ros2_ws/install/lidar_detection'], 'cwd': '/home/g2909/WUTA1/WUTA-FSD/ros2_ws/build/lidar_detection', 'env': OrderedDict([('USER', 'g2909'), ('VSCODE_WSL_EXT_LOCATION', '/mnt/c/Users/g2909/.vscode/extensions/ms-vscode-remote.remote-wsl-0.104.3'), ('SHLVL', '1'), ('LD_LIBRARY_PATH', '/home/g2909/WUTA1/WUTA-FSD/ros2_ws/install/wuta_msgs/lib:/opt/ros/humble/opt/rviz_ogre_vendor/lib:/opt/ros/humble/lib/x86_64-linux-gnu:/opt/ros/humble/lib'), ('HOME', '/home/g2909'), ('OLDPWD', '/home/g2909/WUTA-FSD'), ('ROS_PYTHON_VERSION', '3'), ('DBUS_SESSION_BUS_ADDRESS', 'unix:path=/run/user/1000/bus'), ('WSL_DISTRO_NAME', 'Ubuntu-22.04'), ('WAYLAND_DISPLAY', 'wayland-0'), ('ROS_DISTRO', 'humble'), ('LOGNAME', 'g2909'), ('NAME', 'GaoMing'), ('WSL_INTEROP', '/run/WSL/39189_interop'), ('PULSE_SERVER', 'unix:/mnt/wslg/PulseServer'), ('_', '/usr/bin/colcon'), ('ROS_VERSION', '2'), ('TERM', 'xterm-256color'), ('ROS_LOCALHOST_ONLY', '0'), ('PATH', '/opt/ros/humble/bin:/home/g2909/.local/bin:/usr/local/sbin:/usr/local/bin:/usr/sbin:/usr/bin:/sbin:/bin:/usr/games:/usr/local/games:/usr/lib/wsl/lib:/mnt/c/Users/g2909/bin:/mnt/c/Program Files/Git/mingw64/bin:/mnt/c/Program Files/Git/usr/local/bin:/mnt/c/Program Files/Git/usr/bin:/mnt/c/Program Files/Git/usr/bin:/mnt/c/Program Files/Git/mingw64/bin:/mnt/c/Program Files/Git/usr/bin:/mnt/c/Users/g2909/bin:/mnt/c/Program Files/NVIDIA GPU Computing Toolkit/CUDA/v12.9/bin:/mnt/c/Program Files/NVIDIA GPU Computing Toolkit/CUDA/v12.9/libnvvp:/mnt/c/Program Files/Common Files/Oracle/Java/javapath:/mnt/c/Users/g2909/miniconda3:/mnt/c/Users/g2909/miniconda3/Scripts:/mnt/c/Users/g2909/miniconda3/Library/bin:/mnt/c/Windows/system32:/mnt/c/Windows:/mnt/c/Windows/System32/Wbem:/mnt/c/Windows/System32/WindowsPowerShell/v1.0:/mnt/c/mingw64/bin:/mnt/c/Users/g2909/AppData/Local/Programs/Python/Python313:/mnt/c/Users/g2909/AppData/Local/Programs/Python/Python313/Scripts:/mnt/c/Windows/System32/OpenSSH:/mnt/c/Program Files/NVIDIA Corporation/NVIDIA App/NvDLISR:/mnt/c/Program Files (x86)/NVIDIA Corporation/PhysX/Common:/mnt/c/Program Files/dotnet:/mnt/c/Users/g2909/AppData/Local/Android/Sdk/platform-tools:/mnt/c/Program Files/Git/cmd:/mnt/d/SVN/bin:/mnt/c/Program Files/NVIDIA Corporation/Nsight Compute 2025.2.1:/mnt/c/Program Files (x86)/Windows Kits/10/Windows Performance Toolkit:/mnt/c/Program Files (x86)/Microsoft SQL Server/160/Tools/Binn:/mnt/c/Program Files/Microsoft SQL Server/160/Tools/Binn:/mnt/c/Program Files/Microsoft SQL Server/Client SDK/ODBC/170/Tools/Binn:/mnt/c/Program Files/Microsoft SQL Server/160/DTS/Binn:/mnt/c/Program Files (x86)/Windows Kits/8.1/Windows Performance Toolkit:/mnt/c/WINDOWS/system32:/mnt/c/WINDOWS:/mnt/c/WINDOWS/System32/Wbem:/mnt/c/WINDOWS/System32/WindowsPowerShell/v1.0:/mnt/c/WINDOWS/System32/OpenSSH:/mnt/c/Program Files/usbipd-win:/mnt/c/Program Files/MATLAB/R2025b/bin:/mnt/c/Program Files/NVIDIA GPU Computing Toolkit/CUDA/v12.9/bin:/mnt/c/Program Files/NVIDIA GPU Computing Toolkit/CUDA/v12.9/libnvvp:/mnt/c/Program Files/Common Files/Oracle/Java/javapath:/mnt/c/Users/g2909/miniconda3:/mnt/c/Users/g2909/miniconda3/Scripts:/mnt/c/Users/g2909/miniconda3/Library/bin:/mnt/c/Windows/system32:/mnt/c/Windows:/mnt/c/Windows/System32/Wbem:/mnt/c/Windows/System32/WindowsPowerShell/v1.0:/mnt/c/mingw64/bin:/mnt/c/Users/g2909/AppData/Local/Programs/Python/Python313:/mnt/c/Users/g2909/AppData/Local/Programs/Python/Python313/Scripts:/mnt/c/Windows/System32/OpenSSH:/mnt/c/Program Files/NVIDIA Corporation/NVIDIA App/NvDLISR:/mnt/c/Program Files (x86)/NVIDIA Corporation/PhysX/Common:/mnt/c/Program Files/dotnet:/mnt/c/Users/g2909/AppData/Local/Android/Sdk/platform-tools:/mnt/c/Program Files/Git/cmd:/mnt/d/SVN/bin:/mnt/c/Program Files/NVIDIA Corporation/Nsight Compute 2025.2.1:/mnt/c/Program Files (x86)/Windows Kits/10/Windows Performance Toolkit:/mnt/c/Program Files (x86)/Microsoft SQL Server/160/Tools/Binn:/mnt/c/Program Files/Microsoft SQL Server/160/Tools/Binn:/mnt/c/Program Files/Microsoft SQL Server/Client SDK/ODBC/170/Tools/Binn:/mnt/c/Program Files/Microsoft SQL Server/160/DTS/Binn:/mnt/c/Program Files (x86)/Windows Kits/8.1/Windows Performance Toolkit:/mnt/c/WINDOWS/system32:/mnt/c/WINDOWS:/mnt/c/WINDOWS/System32/Wbem:/mnt/c/WINDOWS/System32/WindowsPowerShell/v1.0:/mnt/c/WINDOWS/System32/OpenSSH:/mnt/c/Program Files/usbipd-win:/mnt/c/Program Files/MATLAB/R2025b/bin:/mnt/c/Users/g2909/AppData/Local/Android/Sdk/platform-tools:/mnt/d/Microsoft VS Code/bin:/mnt/c/Users/g2909/AppData/Local/Programs/Ollama:/mnt/c/Users/g2909/AppData/Local/Microsoft/WindowsApps:/mnt/c/Program Files/Git/usr/bin:/mnt/c/Program Files/Git/cmd:/mnt/c/Users/g2909/AppData/Local/Programs/nodejs:/mnt/c/Program Files/Git/usr/bin/vendor_perl:/mnt/c/Program Files/Git/usr/bin/core_perl:/snap/bin'), ('XDG_RUNTIME_DIR', '/run/user/1000/'), ('DISPLAY', ':0'), ('LANG', 'C.UTF-8'), ('AMENT_PREFIX_PATH', '/home/g2909/WUTA1/WUTA-FSD/ros2_ws/install/wuta_msgs:/opt/ros/humble'), ('SHELL', '/bin/bash'), ('PWD', '/home/g2909/WUTA1/WUTA-FSD/ros2_ws/build/lidar_detection'), ('XDG_DATA_DIRS', '/usr/local/share:/usr/share:/var/lib/snapd/desktop'), ('PYTHONPATH', '/home/g2909/WUTA1/WUTA-FSD/ros2_ws/install/wuta_msgs/local/lib/python3.10/dist-packages:/opt/ros/humble/lib/python3.10/site-packages:/opt/ros/humble/local/lib/python3.10/dist-packages'), ('COLCON', '1'), ('WSL2_GUI_APPS_ENABLED', '1'), ('HOSTTYPE', 'x86_64'), ('WSLENV', 'VSCODE_WSL_EXT_LOCATION/up'), ('CMAKE_PREFIX_PATH', '/home/g2909/WUTA1/WUTA-FSD/ros2_ws/install/wuta_msgs:/opt/ros/humble')]), 'shell': False}
[8.954610] (mission_manager) JobProgress: {'identifier': 'mission_manager', 'progress': 'cmake'}
[8.955758] (mission_manager) Command: {'cmd': ['/home/g2909/.local/bin/cmake', '/home/g2909/WUTA1/WUTA-FSD/ros2_ws/src/system/mission_manager', '-DAMENT_CMAKE_SYMLINK_INSTALL=1', '-DCMAKE_INSTALL_PREFIX=/home/g2909/WUTA1/WUTA-FSD/ros2_ws/install/mission_manager'], 'cwd': '/home/g2909/WUTA1/WUTA-FSD/ros2_ws/build/mission_manager', 'env': OrderedDict([('USER', 'g2909'), ('VSCODE_WSL_EXT_LOCATION', '/mnt/c/Users/g2909/.vscode/extensions/ms-vscode-remote.remote-wsl-0.104.3'), ('SHLVL', '1'), ('LD_LIBRARY_PATH', '/home/g2909/WUTA1/WUTA-FSD/ros2_ws/install/wuta_msgs/lib:/opt/ros/humble/opt/rviz_ogre_vendor/lib:/opt/ros/humble/lib/x86_64-linux-gnu:/opt/ros/humble/lib'), ('HOME', '/home/g2909'), ('OLDPWD', '/home/g2909/WUTA-FSD'), ('ROS_PYTHON_VERSION', '3'), ('DBUS_SESSION_BUS_ADDRESS', 'unix:path=/run/user/1000/bus'), ('WSL_DISTRO_NAME', 'Ubuntu-22.04'), ('WAYLAND_DISPLAY', 'wayland-0'), ('ROS_DISTRO', 'humble'), ('LOGNAME', 'g2909'), ('NAME', 'GaoMing'), ('WSL_INTEROP', '/run/WSL/39189_interop'), ('PULSE_SERVER', 'unix:/mnt/wslg/PulseServer'), ('_', '/usr/bin/colcon'), ('ROS_VERSION', '2'), ('TERM', 'xterm-256color'), ('ROS_LOCALHOST_ONLY', '0'), ('PATH', '/opt/ros/humble/bin:/home/g2909/.local/bin:/usr/local/sbin:/usr/local/bin:/usr/sbin:/usr/bin:/sbin:/bin:/usr/games:/usr/local/games:/usr/lib/wsl/lib:/mnt/c/Users/g2909/bin:/mnt/c/Program Files/Git/mingw64/bin:/mnt/c/Program Files/Git/usr/local/bin:/mnt/c/Program Files/Git/usr/bin:/mnt/c/Program Files/Git/usr/bin:/mnt/c/Program Files/Git/mingw64/bin:/mnt/c/Program Files/Git/usr/bin:/mnt/c/Users/g2909/bin:/mnt/c/Program Files/NVIDIA GPU Computing Toolkit/CUDA/v12.9/bin:/mnt/c/Program Files/NVIDIA GPU Computing Toolkit/CUDA/v12.9/libnvvp:/mnt/c/Program Files/Common Files/Oracle/Java/javapath:/mnt/c/Users/g2909/miniconda3:/mnt/c/Users/g2909/miniconda3/Scripts:/mnt/c/Users/g2909/miniconda3/Library/bin:/mnt/c/Windows/system32:/mnt/c/Windows:/mnt/c/Windows/System32/Wbem:/mnt/c/Windows/System32/WindowsPowerShell/v1.0:/mnt/c/mingw64/bin:/mnt/c/Users/g2909/AppData/Local/Programs/Python/Python313:/mnt/c/Users/g2909/AppData/Local/Programs/Python/Python313/Scripts:/mnt/c/Windows/System32/OpenSSH:/mnt/c/Program Files/NVIDIA Corporation/NVIDIA App/NvDLISR:/mnt/c/Program Files (x86)/NVIDIA Corporation/PhysX/Common:/mnt/c/Program Files/dotnet:/mnt/c/Users/g2909/AppData/Local/Android/Sdk/platform-tools:/mnt/c/Program Files/Git/cmd:/mnt/d/SVN/bin:/mnt/c/Program Files/NVIDIA Corporation/Nsight Compute 2025.2.1:/mnt/c/Program Files (x86)/Windows Kits/10/Windows Performance Toolkit:/mnt/c/Program Files (x86)/Microsoft SQL Server/160/Tools/Binn:/mnt/c/Program Files/Microsoft SQL Server/160/Tools/Binn:/mnt/c/Program Files/Microsoft SQL Server/Client SDK/ODBC/170/Tools/Binn:/mnt/c/Program Files/Microsoft SQL Server/160/DTS/Binn:/mnt/c/Program Files (x86)/Windows Kits/8.1/Windows Performance Toolkit:/mnt/c/WINDOWS/system32:/mnt/c/WINDOWS:/mnt/c/WINDOWS/System32/Wbem:/mnt/c/WINDOWS/System32/WindowsPowerShell/v1.0:/mnt/c/WINDOWS/System32/OpenSSH:/mnt/c/Program Files/usbipd-win:/mnt/c/Program Files/MATLAB/R2025b/bin:/mnt/c/Program Files/NVIDIA GPU Computing Toolkit/CUDA/v12.9/bin:/mnt/c/Program Files/NVIDIA GPU Computing Toolkit/CUDA/v12.9/libnvvp:/mnt/c/Program Files/Common Files/Oracle/Java/javapath:/mnt/c/Users/g2909/miniconda3:/mnt/c/Users/g2909/miniconda3/Scripts:/mnt/c/Users/g2909/miniconda3/Library/bin:/mnt/c/Windows/system32:/mnt/c/Windows:/mnt/c/Windows/System32/Wbem:/mnt/c/Windows/System32/WindowsPowerShell/v1.0:/mnt/c/mingw64/bin:/mnt/c/Users/g2909/AppData/Local/Programs/Python/Python313:/mnt/c/Users/g2909/AppData/Local/Programs/Python/Python313/Scripts:/mnt/c/Windows/System32/OpenSSH:/mnt/c/Program Files/NVIDIA Corporation/NVIDIA App/NvDLISR:/mnt/c/Program Files (x86)/NVIDIA Corporation/PhysX/Common:/mnt/c/Program Files/dotnet:/mnt/c/Users/g2909/AppData/Local/Android/Sdk/platform-tools:/mnt/c/Program Files/Git/cmd:/mnt/d/SVN/bin:/mnt/c/Program Files/NVIDIA Corporation/Nsight Compute 2025.2.1:/mnt/c/Program Files (x86)/Windows Kits/10/Windows Performance Toolkit:/mnt/c/Program Files (x86)/Microsoft SQL Server/160/Tools/Binn:/mnt/c/Program Files/Microsoft SQL Server/160/Tools/Binn:/mnt/c/Program Files/Microsoft SQL Server/Client SDK/ODBC/170/Tools/Binn:/mnt/c/Program Files/Microsoft SQL Server/160/DTS/Binn:/mnt/c/Program Files (x86)/Windows Kits/8.1/Windows Performance Toolkit:/mnt/c/WINDOWS/system32:/mnt/c/WINDOWS:/mnt/c/WINDOWS/System32/Wbem:/mnt/c/WINDOWS/System32/WindowsPowerShell/v1.0:/mnt/c/WINDOWS/System32/OpenSSH:/mnt/c/Program Files/usbipd-win:/mnt/c/Program Files/MATLAB/R2025b/bin:/mnt/c/Users/g2909/AppData/Local/Android/Sdk/platform-tools:/mnt/d/Microsoft VS Code/bin:/mnt/c/Users/g2909/AppData/Local/Programs/Ollama:/mnt/c/Users/g2909/AppData/Local/Microsoft/WindowsApps:/mnt/c/Program Files/Git/usr/bin:/mnt/c/Program Files/Git/cmd:/mnt/c/Users/g2909/AppData/Local/Programs/nodejs:/mnt/c/Program Files/Git/usr/bin/vendor_perl:/mnt/c/Program Files/Git/usr/bin/core_perl:/snap/bin'), ('XDG_RUNTIME_DIR', '/run/user/1000/'), ('DISPLAY', ':0'), ('LANG', 'C.UTF-8'), ('AMENT_PREFIX_PATH', '/home/g2909/WUTA1/WUTA-FSD/ros2_ws/install/wuta_msgs:/opt/ros/humble'), ('SHELL', '/bin/bash'), ('PWD', '/home/g2909/WUTA1/WUTA-FSD/ros2_ws/build/mission_manager'), ('XDG_DATA_DIRS', '/usr/local/share:/usr/share:/var/lib/snapd/desktop'), ('PYTHONPATH', '/home/g2909/WUTA1/WUTA-FSD/ros2_ws/install/wuta_msgs/local/lib/python3.10/dist-packages:/opt/ros/humble/lib/python3.10/site-packages:/opt/ros/humble/local/lib/python3.10/dist-packages'), ('COLCON', '1'), ('WSL2_GUI_APPS_ENABLED', '1'), ('HOSTTYPE', 'x86_64'), ('WSLENV', 'VSCODE_WSL_EXT_LOCATION/up'), ('CMAKE_PREFIX_PATH', '/home/g2909/WUTA1/WUTA-FSD/ros2_ws/install/wuta_msgs:/opt/ros/humble')]), 'shell': False}
[8.956861] (ndt_localization) JobProgress: {'identifier': 'ndt_localization', 'progress': 'cmake'}
[8.957578] (ndt_localization) Command: {'cmd': ['/home/g2909/.local/bin/cmake', '/home/g2909/WUTA1/WUTA-FSD/ros2_ws/src/localization/ndt_localization', '-DAMENT_CMAKE_SYMLINK_INSTALL=1', '-DCMAKE_INSTALL_PREFIX=/home/g2909/WUTA1/WUTA-FSD/ros2_ws/install/ndt_localization'], 'cwd': '/home/g2909/WUTA1/WUTA-FSD/ros2_ws/build/ndt_localization', 'env': OrderedDict([('USER', 'g2909'), ('VSCODE_WSL_EXT_LOCATION', '/mnt/c/Users/g2909/.vscode/extensions/ms-vscode-remote.remote-wsl-0.104.3'), ('SHLVL', '1'), ('LD_LIBRARY_PATH', '/home/g2909/WUTA1/WUTA-FSD/ros2_ws/install/wuta_msgs/lib:/opt/ros/humble/opt/rviz_ogre_vendor/lib:/opt/ros/humble/lib/x86_64-linux-gnu:/opt/ros/humble/lib'), ('HOME', '/home/g2909'), ('OLDPWD', '/home/g2909/WUTA-FSD'), ('ROS_PYTHON_VERSION', '3'), ('DBUS_SESSION_BUS_ADDRESS', 'unix:path=/run/user/1000/bus'), ('WSL_DISTRO_NAME', 'Ubuntu-22.04'), ('WAYLAND_DISPLAY', 'wayland-0'), ('ROS_DISTRO', 'humble'), ('LOGNAME', 'g2909'), ('NAME', 'GaoMing'), ('WSL_INTEROP', '/run/WSL/39189_interop'), ('PULSE_SERVER', 'unix:/mnt/wslg/PulseServer'), ('_', '/usr/bin/colcon'), ('ROS_VERSION', '2'), ('TERM', 'xterm-256color'), ('ROS_LOCALHOST_ONLY', '0'), ('PATH', '/opt/ros/humble/bin:/home/g2909/.local/bin:/usr/local/sbin:/usr/local/bin:/usr/sbin:/usr/bin:/sbin:/bin:/usr/games:/usr/local/games:/usr/lib/wsl/lib:/mnt/c/Users/g2909/bin:/mnt/c/Program Files/Git/mingw64/bin:/mnt/c/Program Files/Git/usr/local/bin:/mnt/c/Program Files/Git/usr/bin:/mnt/c/Program Files/Git/usr/bin:/mnt/c/Program Files/Git/mingw64/bin:/mnt/c/Program Files/Git/usr/bin:/mnt/c/Users/g2909/bin:/mnt/c/Program Files/NVIDIA GPU Computing Toolkit/CUDA/v12.9/bin:/mnt/c/Program Files/NVIDIA GPU Computing Toolkit/CUDA/v12.9/libnvvp:/mnt/c/Program Files/Common Files/Oracle/Java/javapath:/mnt/c/Users/g2909/miniconda3:/mnt/c/Users/g2909/miniconda3/Scripts:/mnt/c/Users/g2909/miniconda3/Library/bin:/mnt/c/Windows/system32:/mnt/c/Windows:/mnt/c/Windows/System32/Wbem:/mnt/c/Windows/System32/WindowsPowerShell/v1.0:/mnt/c/mingw64/bin:/mnt/c/Users/g2909/AppData/Local/Programs/Python/Python313:/mnt/c/Users/g2909/AppData/Local/Programs/Python/Python313/Scripts:/mnt/c/Windows/System32/OpenSSH:/mnt/c/Program Files/NVIDIA Corporation/NVIDIA App/NvDLISR:/mnt/c/Program Files (x86)/NVIDIA Corporation/PhysX/Common:/mnt/c/Program Files/dotnet:/mnt/c/Users/g2909/AppData/Local/Android/Sdk/platform-tools:/mnt/c/Program Files/Git/cmd:/mnt/d/SVN/bin:/mnt/c/Program Files/NVIDIA Corporation/Nsight Compute 2025.2.1:/mnt/c/Program Files (x86)/Windows Kits/10/Windows Performance Toolkit:/mnt/c/Program Files (x86)/Microsoft SQL Server/160/Tools/Binn:/mnt/c/Program Files/Microsoft SQL Server/160/Tools/Binn:/mnt/c/Program Files/Microsoft SQL Server/Client SDK/ODBC/170/Tools/Binn:/mnt/c/Program Files/Microsoft SQL Server/160/DTS/Binn:/mnt/c/Program Files (x86)/Windows Kits/8.1/Windows Performance Toolkit:/mnt/c/WINDOWS/system32:/mnt/c/WINDOWS:/mnt/c/WINDOWS/System32/Wbem:/mnt/c/WINDOWS/System32/WindowsPowerShell/v1.0:/mnt/c/WINDOWS/System32/OpenSSH:/mnt/c/Program Files/usbipd-win:/mnt/c/Program Files/MATLAB/R2025b/bin:/mnt/c/Program Files/NVIDIA GPU Computing Toolkit/CUDA/v12.9/bin:/mnt/c/Program Files/NVIDIA GPU Computing Toolkit/CUDA/v12.9/libnvvp:/mnt/c/Program Files/Common Files/Oracle/Java/javapath:/mnt/c/Users/g2909/miniconda3:/mnt/c/Users/g2909/miniconda3/Scripts:/mnt/c/Users/g2909/miniconda3/Library/bin:/mnt/c/Windows/system32:/mnt/c/Windows:/mnt/c/Windows/System32/Wbem:/mnt/c/Windows/System32/WindowsPowerShell/v1.0:/mnt/c/mingw64/bin:/mnt/c/Users/g2909/AppData/Local/Programs/Python/Python313:/mnt/c/Users/g2909/AppData/Local/Programs/Python/Python313/Scripts:/mnt/c/Windows/System32/OpenSSH:/mnt/c/Program Files/NVIDIA Corporation/NVIDIA App/NvDLISR:/mnt/c/Program Files (x86)/NVIDIA Corporation/PhysX/Common:/mnt/c/Program Files/dotnet:/mnt/c/Users/g2909/AppData/Local/Android/Sdk/platform-tools:/mnt/c/Program Files/Git/cmd:/mnt/d/SVN/bin:/mnt/c/Program Files/NVIDIA Corporation/Nsight Compute 2025.2.1:/mnt/c/Program Files (x86)/Windows Kits/10/Windows Performance Toolkit:/mnt/c/Program Files (x86)/Microsoft SQL Server/160/Tools/Binn:/mnt/c/Program Files/Microsoft SQL Server/160/Tools/Binn:/mnt/c/Program Files/Microsoft SQL Server/Client SDK/ODBC/170/Tools/Binn:/mnt/c/Program Files/Microsoft SQL Server/160/DTS/Binn:/mnt/c/Program Files (x86)/Windows Kits/8.1/Windows Performance Toolkit:/mnt/c/WINDOWS/system32:/mnt/c/WINDOWS:/mnt/c/WINDOWS/System32/Wbem:/mnt/c/WINDOWS/System32/WindowsPowerShell/v1.0:/mnt/c/WINDOWS/System32/OpenSSH:/mnt/c/Program Files/usbipd-win:/mnt/c/Program Files/MATLAB/R2025b/bin:/mnt/c/Users/g2909/AppData/Local/Android/Sdk/platform-tools:/mnt/d/Microsoft VS Code/bin:/mnt/c/Users/g2909/AppData/Local/Programs/Ollama:/mnt/c/Users/g2909/AppData/Local/Microsoft/WindowsApps:/mnt/c/Program Files/Git/usr/bin:/mnt/c/Program Files/Git/cmd:/mnt/c/Users/g2909/AppData/Local/Programs/nodejs:/mnt/c/Program Files/Git/usr/bin/vendor_perl:/mnt/c/Program Files/Git/usr/bin/core_perl:/snap/bin'), ('XDG_RUNTIME_DIR', '/run/user/1000/'), ('DISPLAY', ':0'), ('LANG', 'C.UTF-8'), ('AMENT_PREFIX_PATH', '/home/g2909/WUTA1/WUTA-FSD/ros2_ws/install/wuta_msgs:/opt/ros/humble'), ('SHELL', '/bin/bash'), ('PWD', '/home/g2909/WUTA1/WUTA-FSD/ros2_ws/build/ndt_localization'), ('XDG_DATA_DIRS', '/usr/local/share:/usr/share:/var/lib/snapd/desktop'), ('PYTHONPATH', '/home/g2909/WUTA1/WUTA-FSD/ros2_ws/install/wuta_msgs/local/lib/python3.10/dist-packages:/opt/ros/humble/lib/python3.10/site-packages:/opt/ros/humble/local/lib/python3.10/dist-packages'), ('COLCON', '1'), ('WSL2_GUI_APPS_ENABLED', '1'), ('HOSTTYPE', 'x86_64'), ('WSLENV', 'VSCODE_WSL_EXT_LOCATION/up'), ('CMAKE_PREFIX_PATH', '/home/g2909/WUTA1/WUTA-FSD/ros2_ws/install/wuta_msgs:/opt/ros/humble')]), 'shell': False}
[8.959826] (path_generator) JobProgress: {'identifier': 'path_generator', 'progress': 'cmake'}
[8.960257] (path_generator) Command: {'cmd': ['/home/g2909/.local/bin/cmake', '/home/g2909/WUTA1/WUTA-FSD/ros2_ws/src/planning/path_generator', '-DAMENT_CMAKE_SYMLINK_INSTALL=1', '-DCMAKE_INSTALL_PREFIX=/home/g2909/WUTA1/WUTA-FSD/ros2_ws/install/path_generator'], 'cwd': '/home/g2909/WUTA1/WUTA-FSD/ros2_ws/build/path_generator', 'env': OrderedDict([('USER', 'g2909'), ('VSCODE_WSL_EXT_LOCATION', '/mnt/c/Users/g2909/.vscode/extensions/ms-vscode-remote.remote-wsl-0.104.3'), ('SHLVL', '1'), ('LD_LIBRARY_PATH', '/home/g2909/WUTA1/WUTA-FSD/ros2_ws/install/wuta_msgs/lib:/opt/ros/humble/opt/rviz_ogre_vendor/lib:/opt/ros/humble/lib/x86_64-linux-gnu:/opt/ros/humble/lib'), ('HOME', '/home/g2909'), ('OLDPWD', '/home/g2909/WUTA-FSD'), ('ROS_PYTHON_VERSION', '3'), ('DBUS_SESSION_BUS_ADDRESS', 'unix:path=/run/user/1000/bus'), ('WSL_DISTRO_NAME', 'Ubuntu-22.04'), ('WAYLAND_DISPLAY', 'wayland-0'), ('ROS_DISTRO', 'humble'), ('LOGNAME', 'g2909'), ('NAME', 'GaoMing'), ('WSL_INTEROP', '/run/WSL/39189_interop'), ('PULSE_SERVER', 'unix:/mnt/wslg/PulseServer'), ('_', '/usr/bin/colcon'), ('ROS_VERSION', '2'), ('TERM', 'xterm-256color'), ('ROS_LOCALHOST_ONLY', '0'), ('PATH', '/opt/ros/humble/bin:/home/g2909/.local/bin:/usr/local/sbin:/usr/local/bin:/usr/sbin:/usr/bin:/sbin:/bin:/usr/games:/usr/local/games:/usr/lib/wsl/lib:/mnt/c/Users/g2909/bin:/mnt/c/Program Files/Git/mingw64/bin:/mnt/c/Program Files/Git/usr/local/bin:/mnt/c/Program Files/Git/usr/bin:/mnt/c/Program Files/Git/usr/bin:/mnt/c/Program Files/Git/mingw64/bin:/mnt/c/Program Files/Git/usr/bin:/mnt/c/Users/g2909/bin:/mnt/c/Program Files/NVIDIA GPU Computing Toolkit/CUDA/v12.9/bin:/mnt/c/Program Files/NVIDIA GPU Computing Toolkit/CUDA/v12.9/libnvvp:/mnt/c/Program Files/Common Files/Oracle/Java/javapath:/mnt/c/Users/g2909/miniconda3:/mnt/c/Users/g2909/miniconda3/Scripts:/mnt/c/Users/g2909/miniconda3/Library/bin:/mnt/c/Windows/system32:/mnt/c/Windows:/mnt/c/Windows/System32/Wbem:/mnt/c/Windows/System32/WindowsPowerShell/v1.0:/mnt/c/mingw64/bin:/mnt/c/Users/g2909/AppData/Local/Programs/Python/Python313:/mnt/c/Users/g2909/AppData/Local/Programs/Python/Python313/Scripts:/mnt/c/Windows/System32/OpenSSH:/mnt/c/Program Files/NVIDIA Corporation/NVIDIA App/NvDLISR:/mnt/c/Program Files (x86)/NVIDIA Corporation/PhysX/Common:/mnt/c/Program Files/dotnet:/mnt/c/Users/g2909/AppData/Local/Android/Sdk/platform-tools:/mnt/c/Program Files/Git/cmd:/mnt/d/SVN/bin:/mnt/c/Program Files/NVIDIA Corporation/Nsight Compute 2025.2.1:/mnt/c/Program Files (x86)/Windows Kits/10/Windows Performance Toolkit:/mnt/c/Program Files (x86)/Microsoft SQL Server/160/Tools/Binn:/mnt/c/Program Files/Microsoft SQL Server/160/Tools/Binn:/mnt/c/Program Files/Microsoft SQL Server/Client SDK/ODBC/170/Tools/Binn:/mnt/c/Program Files/Microsoft SQL Server/160/DTS/Binn:/mnt/c/Program Files (x86)/Windows Kits/8.1/Windows Performance Toolkit:/mnt/c/WINDOWS/system32:/mnt/c/WINDOWS:/mnt/c/WINDOWS/System32/Wbem:/mnt/c/WINDOWS/System32/WindowsPowerShell/v1.0:/mnt/c/WINDOWS/System32/OpenSSH:/mnt/c/Program Files/usbipd-win:/mnt/c/Program Files/MATLAB/R2025b/bin:/mnt/c/Program Files/NVIDIA GPU Computing Toolkit/CUDA/v12.9/bin:/mnt/c/Program Files/NVIDIA GPU Computing Toolkit/CUDA/v12.9/libnvvp:/mnt/c/Program Files/Common Files/Oracle/Java/javapath:/mnt/c/Users/g2909/miniconda3:/mnt/c/Users/g2909/miniconda3/Scripts:/mnt/c/Users/g2909/miniconda3/Library/bin:/mnt/c/Windows/system32:/mnt/c/Windows:/mnt/c/Windows/System32/Wbem:/mnt/c/Windows/System32/WindowsPowerShell/v1.0:/mnt/c/mingw64/bin:/mnt/c/Users/g2909/AppData/Local/Programs/Python/Python313:/mnt/c/Users/g2909/AppData/Local/Programs/Python/Python313/Scripts:/mnt/c/Windows/System32/OpenSSH:/mnt/c/Program Files/NVIDIA Corporation/NVIDIA App/NvDLISR:/mnt/c/Program Files (x86)/NVIDIA Corporation/PhysX/Common:/mnt/c/Program Files/dotnet:/mnt/c/Users/g2909/AppData/Local/Android/Sdk/platform-tools:/mnt/c/Program Files/Git/cmd:/mnt/d/SVN/bin:/mnt/c/Program Files/NVIDIA Corporation/Nsight Compute 2025.2.1:/mnt/c/Program Files (x86)/Windows Kits/10/Windows Performance Toolkit:/mnt/c/Program Files (x86)/Microsoft SQL Server/160/Tools/Binn:/mnt/c/Program Files/Microsoft SQL Server/160/Tools/Binn:/mnt/c/Program Files/Microsoft SQL Server/Client SDK/ODBC/170/Tools/Binn:/mnt/c/Program Files/Microsoft SQL Server/160/DTS/Binn:/mnt/c/Program Files (x86)/Windows Kits/8.1/Windows Performance Toolkit:/mnt/c/WINDOWS/system32:/mnt/c/WINDOWS:/mnt/c/WINDOWS/System32/Wbem:/mnt/c/WINDOWS/System32/WindowsPowerShell/v1.0:/mnt/c/WINDOWS/System32/OpenSSH:/mnt/c/Program Files/usbipd-win:/mnt/c/Program Files/MATLAB/R2025b/bin:/mnt/c/Users/g2909/AppData/Local/Android/Sdk/platform-tools:/mnt/d/Microsoft VS Code/bin:/mnt/c/Users/g2909/AppData/Local/Programs/Ollama:/mnt/c/Users/g2909/AppData/Local/Microsoft/WindowsApps:/mnt/c/Program Files/Git/usr/bin:/mnt/c/Program Files/Git/cmd:/mnt/c/Users/g2909/AppData/Local/Programs/nodejs:/mnt/c/Program Files/Git/usr/bin/vendor_perl:/mnt/c/Program Files/Git/usr/bin/core_perl:/snap/bin'), ('XDG_RUNTIME_DIR', '/run/user/1000/'), ('DISPLAY', ':0'), ('LANG', 'C.UTF-8'), ('AMENT_PREFIX_PATH', '/home/g2909/WUTA1/WUTA-FSD/ros2_ws/install/wuta_msgs:/opt/ros/humble'), ('SHELL', '/bin/bash'), ('PWD', '/home/g2909/WUTA1/WUTA-FSD/ros2_ws/build/path_generator'), ('XDG_DATA_DIRS', '/usr/local/share:/usr/share:/var/lib/snapd/desktop'), ('PYTHONPATH', '/home/g2909/WUTA1/WUTA-FSD/ros2_ws/install/wuta_msgs/local/lib/python3.10/dist-packages:/opt/ros/humble/lib/python3.10/site-packages:/opt/ros/humble/local/lib/python3.10/dist-packages'), ('COLCON', '1'), ('WSL2_GUI_APPS_ENABLED', '1'), ('HOSTTYPE', 'x86_64'), ('WSLENV', 'VSCODE_WSL_EXT_LOCATION/up'), ('CMAKE_PREFIX_PATH', '/home/g2909/WUTA1/WUTA-FSD/ros2_ws/install/wuta_msgs:/opt/ros/humble')]), 'shell': False}
[8.963284] (detection_fusion) StderrLine: {'line': b'CMake Deprecation Warning at CMakeLists.txt:1 (cmake_minimum_required):\n'}
[8.963389] (detection_fusion) StderrLine: {'line': b'  Compatibility with CMake < 3.10 will be removed from a future version of\n'}
[8.963425] (detection_fusion) StderrLine: {'line': b'  CMake.\n'}
[8.963453] (detection_fusion) StderrLine: {'line': b'\n'}
[8.963480] (detection_fusion) StderrLine: {'line': b'  Update the VERSION argument <min> value.  Or, use the <min>...<max> syntax\n'}
[8.963507] (detection_fusion) StderrLine: {'line': b'  to tell CMake that the project requires at least <min> but has been updated\n'}
[8.963534] (detection_fusion) StderrLine: {'line': b'  to work with policies introduced by <max> or earlier.\n'}
[8.963560] (detection_fusion) StderrLine: {'line': b'\n'}
[8.963585] (detection_fusion) StderrLine: {'line': b'\n'}
[8.984289] (wuta_tools) JobProgress: {'identifier': 'wuta_tools', 'progress': 'cmake'}
[8.985913] (wuta_tools) Command: {'cmd': ['/home/g2909/.local/bin/cmake', '/home/g2909/WUTA1/WUTA-FSD/ros2_ws/src/common/wuta_tools', '-DAMENT_CMAKE_SYMLINK_INSTALL=1', '-DCMAKE_INSTALL_PREFIX=/home/g2909/WUTA1/WUTA-FSD/ros2_ws/install/wuta_tools'], 'cwd': '/home/g2909/WUTA1/WUTA-FSD/ros2_ws/build/wuta_tools', 'env': OrderedDict([('USER', 'g2909'), ('VSCODE_WSL_EXT_LOCATION', '/mnt/c/Users/g2909/.vscode/extensions/ms-vscode-remote.remote-wsl-0.104.3'), ('SHLVL', '1'), ('LD_LIBRARY_PATH', '/home/g2909/WUTA1/WUTA-FSD/ros2_ws/install/wuta_msgs/lib:/opt/ros/humble/opt/rviz_ogre_vendor/lib:/opt/ros/humble/lib/x86_64-linux-gnu:/opt/ros/humble/lib'), ('HOME', '/home/g2909'), ('OLDPWD', '/home/g2909/WUTA-FSD'), ('ROS_PYTHON_VERSION', '3'), ('DBUS_SESSION_BUS_ADDRESS', 'unix:path=/run/user/1000/bus'), ('WSL_DISTRO_NAME', 'Ubuntu-22.04'), ('WAYLAND_DISPLAY', 'wayland-0'), ('ROS_DISTRO', 'humble'), ('LOGNAME', 'g2909'), ('NAME', 'GaoMing'), ('WSL_INTEROP', '/run/WSL/39189_interop'), ('PULSE_SERVER', 'unix:/mnt/wslg/PulseServer'), ('_', '/usr/bin/colcon'), ('ROS_VERSION', '2'), ('TERM', 'xterm-256color'), ('ROS_LOCALHOST_ONLY', '0'), ('PATH', '/opt/ros/humble/bin:/home/g2909/.local/bin:/usr/local/sbin:/usr/local/bin:/usr/sbin:/usr/bin:/sbin:/bin:/usr/games:/usr/local/games:/usr/lib/wsl/lib:/mnt/c/Users/g2909/bin:/mnt/c/Program Files/Git/mingw64/bin:/mnt/c/Program Files/Git/usr/local/bin:/mnt/c/Program Files/Git/usr/bin:/mnt/c/Program Files/Git/usr/bin:/mnt/c/Program Files/Git/mingw64/bin:/mnt/c/Program Files/Git/usr/bin:/mnt/c/Users/g2909/bin:/mnt/c/Program Files/NVIDIA GPU Computing Toolkit/CUDA/v12.9/bin:/mnt/c/Program Files/NVIDIA GPU Computing Toolkit/CUDA/v12.9/libnvvp:/mnt/c/Program Files/Common Files/Oracle/Java/javapath:/mnt/c/Users/g2909/miniconda3:/mnt/c/Users/g2909/miniconda3/Scripts:/mnt/c/Users/g2909/miniconda3/Library/bin:/mnt/c/Windows/system32:/mnt/c/Windows:/mnt/c/Windows/System32/Wbem:/mnt/c/Windows/System32/WindowsPowerShell/v1.0:/mnt/c/mingw64/bin:/mnt/c/Users/g2909/AppData/Local/Programs/Python/Python313:/mnt/c/Users/g2909/AppData/Local/Programs/Python/Python313/Scripts:/mnt/c/Windows/System32/OpenSSH:/mnt/c/Program Files/NVIDIA Corporation/NVIDIA App/NvDLISR:/mnt/c/Program Files (x86)/NVIDIA Corporation/PhysX/Common:/mnt/c/Program Files/dotnet:/mnt/c/Users/g2909/AppData/Local/Android/Sdk/platform-tools:/mnt/c/Program Files/Git/cmd:/mnt/d/SVN/bin:/mnt/c/Program Files/NVIDIA Corporation/Nsight Compute 2025.2.1:/mnt/c/Program Files (x86)/Windows Kits/10/Windows Performance Toolkit:/mnt/c/Program Files (x86)/Microsoft SQL Server/160/Tools/Binn:/mnt/c/Program Files/Microsoft SQL Server/160/Tools/Binn:/mnt/c/Program Files/Microsoft SQL Server/Client SDK/ODBC/170/Tools/Binn:/mnt/c/Program Files/Microsoft SQL Server/160/DTS/Binn:/mnt/c/Program Files (x86)/Windows Kits/8.1/Windows Performance Toolkit:/mnt/c/WINDOWS/system32:/mnt/c/WINDOWS:/mnt/c/WINDOWS/System32/Wbem:/mnt/c/WINDOWS/System32/WindowsPowerShell/v1.0:/mnt/c/WINDOWS/System32/OpenSSH:/mnt/c/Program Files/usbipd-win:/mnt/c/Program Files/MATLAB/R2025b/bin:/mnt/c/Program Files/NVIDIA GPU Computing Toolkit/CUDA/v12.9/bin:/mnt/c/Program Files/NVIDIA GPU Computing Toolkit/CUDA/v12.9/libnvvp:/mnt/c/Program Files/Common Files/Oracle/Java/javapath:/mnt/c/Users/g2909/miniconda3:/mnt/c/Users/g2909/miniconda3/Scripts:/mnt/c/Users/g2909/miniconda3/Library/bin:/mnt/c/Windows/system32:/mnt/c/Windows:/mnt/c/Windows/System32/Wbem:/mnt/c/Windows/System32/WindowsPowerShell/v1.0:/mnt/c/mingw64/bin:/mnt/c/Users/g2909/AppData/Local/Programs/Python/Python313:/mnt/c/Users/g2909/AppData/Local/Programs/Python/Python313/Scripts:/mnt/c/Windows/System32/OpenSSH:/mnt/c/Program Files/NVIDIA Corporation/NVIDIA App/NvDLISR:/mnt/c/Program Files (x86)/NVIDIA Corporation/PhysX/Common:/mnt/c/Program Files/dotnet:/mnt/c/Users/g2909/AppData/Local/Android/Sdk/platform-tools:/mnt/c/Program Files/Git/cmd:/mnt/d/SVN/bin:/mnt/c/Program Files/NVIDIA Corporation/Nsight Compute 2025.2.1:/mnt/c/Program Files (x86)/Windows Kits/10/Windows Performance Toolkit:/mnt/c/Program Files (x86)/Microsoft SQL Server/160/Tools/Binn:/mnt/c/Program Files/Microsoft SQL Server/160/Tools/Binn:/mnt/c/Program Files/Microsoft SQL Server/Client SDK/ODBC/170/Tools/Binn:/mnt/c/Program Files/Microsoft SQL Server/160/DTS/Binn:/mnt/c/Program Files (x86)/Windows Kits/8.1/Windows Performance Toolkit:/mnt/c/WINDOWS/system32:/mnt/c/WINDOWS:/mnt/c/WINDOWS/System32/Wbem:/mnt/c/WINDOWS/System32/WindowsPowerShell/v1.0:/mnt/c/WINDOWS/System32/OpenSSH:/mnt/c/Program Files/usbipd-win:/mnt/c/Program Files/MATLAB/R2025b/bin:/mnt/c/Users/g2909/AppData/Local/Android/Sdk/platform-tools:/mnt/d/Microsoft VS Code/bin:/mnt/c/Users/g2909/AppData/Local/Programs/Ollama:/mnt/c/Users/g2909/AppData/Local/Microsoft/WindowsApps:/mnt/c/Program Files/Git/usr/bin:/mnt/c/Program Files/Git/cmd:/mnt/c/Users/g2909/AppData/Local/Programs/nodejs:/mnt/c/Program Files/Git/usr/bin/vendor_perl:/mnt/c/Program Files/Git/usr/bin/core_perl:/snap/bin'), ('XDG_RUNTIME_DIR', '/run/user/1000/'), ('DISPLAY', ':0'), ('LANG', 'C.UTF-8'), ('AMENT_PREFIX_PATH', '/home/g2909/WUTA1/WUTA-FSD/ros2_ws/install/wuta_msgs:/opt/ros/humble'), ('SHELL', '/bin/bash'), ('PWD', '/home/g2909/WUTA1/WUTA-FSD/ros2_ws/build/wuta_tools'), ('XDG_DATA_DIRS', '/usr/local/share:/usr/share:/var/lib/snapd/desktop'), ('PYTHONPATH', '/home/g2909/WUTA1/WUTA-FSD/ros2_ws/install/wuta_msgs/local/lib/python3.10/dist-packages:/opt/ros/humble/lib/python3.10/site-packages:/opt/ros/humble/local/lib/python3.10/dist-packages'), ('COLCON', '1'), ('WSL2_GUI_APPS_ENABLED', '1'), ('HOSTTYPE', 'x86_64'), ('WSLENV', 'VSCODE_WSL_EXT_LOCATION/up'), ('CMAKE_PREFIX_PATH', '/home/g2909/WUTA1/WUTA-FSD/ros2_ws/install/wuta_msgs:/opt/ros/humble')]), 'shell': False}
[9.007845] (mission_manager) StderrLine: {'line': b'CMake Deprecation Warning at CMakeLists.txt:1 (cmake_minimum_required):\n'}
[9.008046] (mission_manager) StderrLine: {'line': b'  Compatibility with CMake < 3.10 will be removed from a future version of\n'}
[9.008092] (mission_manager) StderrLine: {'line': b'  CMake.\n'}
[9.008120] (mission_manager) StderrLine: {'line': b'\n'}
[9.008147] (mission_manager) StderrLine: {'line': b'  Update the VERSION argument <min> value.  Or, use the <min>...<max> syntax\n'}
[9.008173] (mission_manager) StderrLine: {'line': b'  to tell CMake that the project requires at least <min> but has been updated\n'}
[9.008200] (mission_manager) StderrLine: {'line': b'  to work with policies introduced by <max> or earlier.\n'}
[9.008226] (mission_manager) StderrLine: {'line': b'\n'}
[9.008251] (mission_manager) StderrLine: {'line': b'\n'}
[9.008510] (kiss_icp_wrapper) StderrLine: {'line': b'CMake Deprecation Warning at CMakeLists.txt:1 (cmake_minimum_required):\n'}
[9.008660] (kiss_icp_wrapper) StderrLine: {'line': b'  Compatibility with CMake < 3.10 will be removed from a future version of\n'}
[9.008694] (kiss_icp_wrapper) StderrLine: {'line': b'  CMake.\n'}
[9.008721] (kiss_icp_wrapper) StderrLine: {'line': b'\n'}
[9.008748] (kiss_icp_wrapper) StderrLine: {'line': b'  Update the VERSION argument <min> value.  Or, use the <min>...<max> syntax\n'}
[9.008774] (kiss_icp_wrapper) StderrLine: {'line': b'  to tell CMake that the project requires at least <min> but has been updated\n'}
[9.008800] (kiss_icp_wrapper) StderrLine: {'line': b'  to work with policies introduced by <max> or earlier.\n'}
[9.008826] (kiss_icp_wrapper) StderrLine: {'line': b'\n'}
[9.008852] (kiss_icp_wrapper) StderrLine: {'line': b'\n'}
[9.009421] (lidar_detection) StderrLine: {'line': b'CMake Deprecation Warning at CMakeLists.txt:1 (cmake_minimum_required):\n'}
[9.009558] (lidar_detection) StderrLine: {'line': b'  Compatibility with CMake < 3.10 will be removed from a future version of\n'}
[9.009595] (lidar_detection) StderrLine: {'line': b'  CMake.\n'}
[9.009623] (lidar_detection) StderrLine: {'line': b'\n'}
[9.009649] (lidar_detection) StderrLine: {'line': b'  Update the VERSION argument <min> value.  Or, use the <min>...<max> syntax\n'}
[9.009676] (lidar_detection) StderrLine: {'line': b'  to tell CMake that the project requires at least <min> but has been updated\n'}
[9.009703] (lidar_detection) StderrLine: {'line': b'  to work with policies introduced by <max> or earlier.\n'}
[9.009729] (lidar_detection) StderrLine: {'line': b'\n'}
[9.009754] (lidar_detection) StderrLine: {'line': b'\n'}
[9.015950] (ndt_localization) StderrLine: {'line': b'CMake Deprecation Warning at CMakeLists.txt:1 (cmake_minimum_required):\n'}
[9.016201] (ndt_localization) StderrLine: {'line': b'  Compatibility with CMake < 3.10 will be removed from a future version of\n'}
[9.016263] (ndt_localization) StderrLine: {'line': b'  CMake.\n'}
[9.016294] (ndt_localization) StderrLine: {'line': b'\n'}
[9.016316] (ndt_localization) StderrLine: {'line': b'  Update the VERSION argument <min> value.  Or, use the <min>...<max> syntax\n'}
[9.016337] (ndt_localization) StderrLine: {'line': b'  to tell CMake that the project requires at least <min> but has been updated\n'}
[9.016358] (ndt_localization) StderrLine: {'line': b'  to work with policies introduced by <max> or earlier.\n'}
[9.016377] (ndt_localization) StderrLine: {'line': b'\n'}
[9.016396] (ndt_localization) StderrLine: {'line': b'\n'}
[9.018162] (path_generator) StderrLine: {'line': b'CMake Deprecation Warning at CMakeLists.txt:1 (cmake_minimum_required):\n'}
[9.018475] (path_generator) StderrLine: {'line': b'  Compatibility with CMake < 3.10 will be removed from a future version of\n'}
[9.018527] (path_generator) StderrLine: {'line': b'  CMake.\n'}
[9.018557] (path_generator) StderrLine: {'line': b'\n'}
[9.018585] (path_generator) StderrLine: {'line': b'  Update the VERSION argument <min> value.  Or, use the <min>...<max> syntax\n'}
[9.018618] (path_generator) StderrLine: {'line': b'  to tell CMake that the project requires at least <min> but has been updated\n'}
[9.018645] (path_generator) StderrLine: {'line': b'  to work with policies introduced by <max> or earlier.\n'}
[9.018671] (path_generator) StderrLine: {'line': b'\n'}
[9.018697] (path_generator) StderrLine: {'line': b'\n'}
[9.044900] (wuta_tools) StderrLine: {'line': b'CMake Deprecation Warning at CMakeLists.txt:1 (cmake_minimum_required):\n'}
[9.045112] (wuta_tools) StderrLine: {'line': b'  Compatibility with CMake < 3.10 will be removed from a future version of\n'}
[9.045144] (wuta_tools) StderrLine: {'line': b'  CMake.\n'}
[9.045166] (wuta_tools) StderrLine: {'line': b'\n'}
[9.045186] (wuta_tools) StderrLine: {'line': b'  Update the VERSION argument <min> value.  Or, use the <min>...<max> syntax\n'}
[9.045205] (wuta_tools) StderrLine: {'line': b'  to tell CMake that the project requires at least <min> but has been updated\n'}
[9.045224] (wuta_tools) StderrLine: {'line': b'  to work with policies introduced by <max> or earlier.\n'}
[9.045243] (wuta_tools) StderrLine: {'line': b'\n'}
[9.045261] (wuta_tools) StderrLine: {'line': b'\n'}
[9.048809] (-) TimerEvent: {}
[9.108853] (controller) JobProgress: {'identifier': 'controller', 'progress': 'cmake'}
[9.109974] (controller) Command: {'cmd': ['/home/g2909/.local/bin/cmake', '/home/g2909/WUTA1/WUTA-FSD/ros2_ws/src/control/controller', '-DAMENT_CMAKE_SYMLINK_INSTALL=1', '-DCMAKE_INSTALL_PREFIX=/home/g2909/WUTA1/WUTA-FSD/ros2_ws/install/controller'], 'cwd': '/home/g2909/WUTA1/WUTA-FSD/ros2_ws/build/controller', 'env': OrderedDict([('USER', 'g2909'), ('VSCODE_WSL_EXT_LOCATION', '/mnt/c/Users/g2909/.vscode/extensions/ms-vscode-remote.remote-wsl-0.104.3'), ('SHLVL', '1'), ('LD_LIBRARY_PATH', '/home/g2909/WUTA1/WUTA-FSD/ros2_ws/install/wuta_msgs/lib:/home/g2909/WUTA1/WUTA-FSD/ros2_ws/install/autoware_msgs/lib:/opt/ros/humble/opt/rviz_ogre_vendor/lib:/opt/ros/humble/lib/x86_64-linux-gnu:/opt/ros/humble/lib'), ('HOME', '/home/g2909'), ('OLDPWD', '/home/g2909/WUTA-FSD'), ('ROS_PYTHON_VERSION', '3'), ('DBUS_SESSION_BUS_ADDRESS', 'unix:path=/run/user/1000/bus'), ('WSL_DISTRO_NAME', 'Ubuntu-22.04'), ('WAYLAND_DISPLAY', 'wayland-0'), ('ROS_DISTRO', 'humble'), ('LOGNAME', 'g2909'), ('NAME', 'GaoMing'), ('WSL_INTEROP', '/run/WSL/39189_interop'), ('PULSE_SERVER', 'unix:/mnt/wslg/PulseServer'), ('_', '/usr/bin/colcon'), ('ROS_VERSION', '2'), ('TERM', 'xterm-256color'), ('ROS_LOCALHOST_ONLY', '0'), ('PATH', '/opt/ros/humble/bin:/home/g2909/.local/bin:/usr/local/sbin:/usr/local/bin:/usr/sbin:/usr/bin:/sbin:/bin:/usr/games:/usr/local/games:/usr/lib/wsl/lib:/mnt/c/Users/g2909/bin:/mnt/c/Program Files/Git/mingw64/bin:/mnt/c/Program Files/Git/usr/local/bin:/mnt/c/Program Files/Git/usr/bin:/mnt/c/Program Files/Git/usr/bin:/mnt/c/Program Files/Git/mingw64/bin:/mnt/c/Program Files/Git/usr/bin:/mnt/c/Users/g2909/bin:/mnt/c/Program Files/NVIDIA GPU Computing Toolkit/CUDA/v12.9/bin:/mnt/c/Program Files/NVIDIA GPU Computing Toolkit/CUDA/v12.9/libnvvp:/mnt/c/Program Files/Common Files/Oracle/Java/javapath:/mnt/c/Users/g2909/miniconda3:/mnt/c/Users/g2909/miniconda3/Scripts:/mnt/c/Users/g2909/miniconda3/Library/bin:/mnt/c/Windows/system32:/mnt/c/Windows:/mnt/c/Windows/System32/Wbem:/mnt/c/Windows/System32/WindowsPowerShell/v1.0:/mnt/c/mingw64/bin:/mnt/c/Users/g2909/AppData/Local/Programs/Python/Python313:/mnt/c/Users/g2909/AppData/Local/Programs/Python/Python313/Scripts:/mnt/c/Windows/System32/OpenSSH:/mnt/c/Program Files/NVIDIA Corporation/NVIDIA App/NvDLISR:/mnt/c/Program Files (x86)/NVIDIA Corporation/PhysX/Common:/mnt/c/Program Files/dotnet:/mnt/c/Users/g2909/AppData/Local/Android/Sdk/platform-tools:/mnt/c/Program Files/Git/cmd:/mnt/d/SVN/bin:/mnt/c/Program Files/NVIDIA Corporation/Nsight Compute 2025.2.1:/mnt/c/Program Files (x86)/Windows Kits/10/Windows Performance Toolkit:/mnt/c/Program Files (x86)/Microsoft SQL Server/160/Tools/Binn:/mnt/c/Program Files/Microsoft SQL Server/160/Tools/Binn:/mnt/c/Program Files/Microsoft SQL Server/Client SDK/ODBC/170/Tools/Binn:/mnt/c/Program Files/Microsoft SQL Server/160/DTS/Binn:/mnt/c/Program Files (x86)/Windows Kits/8.1/Windows Performance Toolkit:/mnt/c/WINDOWS/system32:/mnt/c/WINDOWS:/mnt/c/WINDOWS/System32/Wbem:/mnt/c/WINDOWS/System32/WindowsPowerShell/v1.0:/mnt/c/WINDOWS/System32/OpenSSH:/mnt/c/Program Files/usbipd-win:/mnt/c/Program Files/MATLAB/R2025b/bin:/mnt/c/Program Files/NVIDIA GPU Computing Toolkit/CUDA/v12.9/bin:/mnt/c/Program Files/NVIDIA GPU Computing Toolkit/CUDA/v12.9/libnvvp:/mnt/c/Program Files/Common Files/Oracle/Java/javapath:/mnt/c/Users/g2909/miniconda3:/mnt/c/Users/g2909/miniconda3/Scripts:/mnt/c/Users/g2909/miniconda3/Library/bin:/mnt/c/Windows/system32:/mnt/c/Windows:/mnt/c/Windows/System32/Wbem:/mnt/c/Windows/System32/WindowsPowerShell/v1.0:/mnt/c/mingw64/bin:/mnt/c/Users/g2909/AppData/Local/Programs/Python/Python313:/mnt/c/Users/g2909/AppData/Local/Programs/Python/Python313/Scripts:/mnt/c/Windows/System32/OpenSSH:/mnt/c/Program Files/NVIDIA Corporation/NVIDIA App/NvDLISR:/mnt/c/Program Files (x86)/NVIDIA Corporation/PhysX/Common:/mnt/c/Program Files/dotnet:/mnt/c/Users/g2909/AppData/Local/Android/Sdk/platform-tools:/mnt/c/Program Files/Git/cmd:/mnt/d/SVN/bin:/mnt/c/Program Files/NVIDIA Corporation/Nsight Compute 2025.2.1:/mnt/c/Program Files (x86)/Windows Kits/10/Windows Performance Toolkit:/mnt/c/Program Files (x86)/Microsoft SQL Server/160/Tools/Binn:/mnt/c/Program Files/Microsoft SQL Server/160/Tools/Binn:/mnt/c/Program Files/Microsoft SQL Server/Client SDK/ODBC/170/Tools/Binn:/mnt/c/Program Files/Microsoft SQL Server/160/DTS/Binn:/mnt/c/Program Files (x86)/Windows Kits/8.1/Windows Performance Toolkit:/mnt/c/WINDOWS/system32:/mnt/c/WINDOWS:/mnt/c/WINDOWS/System32/Wbem:/mnt/c/WINDOWS/System32/WindowsPowerShell/v1.0:/mnt/c/WINDOWS/System32/OpenSSH:/mnt/c/Program Files/usbipd-win:/mnt/c/Program Files/MATLAB/R2025b/bin:/mnt/c/Users/g2909/AppData/Local/Android/Sdk/platform-tools:/mnt/d/Microsoft VS Code/bin:/mnt/c/Users/g2909/AppData/Local/Programs/Ollama:/mnt/c/Users/g2909/AppData/Local/Microsoft/WindowsApps:/mnt/c/Program Files/Git/usr/bin:/mnt/c/Program Files/Git/cmd:/mnt/c/Users/g2909/AppData/Local/Programs/nodejs:/mnt/c/Program Files/Git/usr/bin/vendor_perl:/mnt/c/Program Files/Git/usr/bin/core_perl:/snap/bin'), ('XDG_RUNTIME_DIR', '/run/user/1000/'), ('DISPLAY', ':0'), ('LANG', 'C.UTF-8'), ('AMENT_PREFIX_PATH', '/home/g2909/WUTA1/WUTA-FSD/ros2_ws/install/wuta_msgs:/home/g2909/WUTA1/WUTA-FSD/ros2_ws/install/autoware_msgs:/opt/ros/humble'), ('SHELL', '/bin/bash'), ('PWD', '/home/g2909/WUTA1/WUTA-FSD/ros2_ws/build/controller'), ('XDG_DATA_DIRS', '/usr/local/share:/usr/share:/var/lib/snapd/desktop'), ('PYTHONPATH', '/home/g2909/WUTA1/WUTA-FSD/ros2_ws/install/wuta_msgs/local/lib/python3.10/dist-packages:/home/g2909/WUTA1/WUTA-FSD/ros2_ws/install/autoware_msgs/local/lib/python3.10/dist-packages:/opt/ros/humble/lib/python3.10/site-packages:/opt/ros/humble/local/lib/python3.10/dist-packages'), ('COLCON', '1'), ('WSL2_GUI_APPS_ENABLED', '1'), ('HOSTTYPE', 'x86_64'), ('WSLENV', 'VSCODE_WSL_EXT_LOCATION/up'), ('CMAKE_PREFIX_PATH', '/home/g2909/WUTA1/WUTA-FSD/ros2_ws/install/wuta_msgs:/home/g2909/WUTA1/WUTA-FSD/ros2_ws/install/autoware_msgs:/opt/ros/humble')]), 'shell': False}
[9.148955] (-) TimerEvent: {}
[9.157313] (camera_detection) StdoutLine: {'line': b'-- The C compiler identification is GNU 11.4.0\n'}
[9.164502] (boundary_detector) StdoutLine: {'line': b'-- The C compiler identification is GNU 11.4.0\n'}
[9.171739] (controller) StderrLine: {'line': b'CMake Deprecation Warning at CMakeLists.txt:1 (cmake_minimum_required):\n'}
[9.171944] (controller) StderrLine: {'line': b'  Compatibility with CMake < 3.10 will be removed from a future version of\n'}
[9.171980] (controller) StderrLine: {'line': b'  CMake.\n'}
[9.172008] (controller) StderrLine: {'line': b'\n'}
[9.172035] (controller) StderrLine: {'line': b'  Update the VERSION argument <min> value.  Or, use the <min>...<max> syntax\n'}
[9.172061] (controller) StderrLine: {'line': b'  to tell CMake that the project requires at least <min> but has been updated\n'}
[9.172092] (controller) StderrLine: {'line': b'  to work with policies introduced by <max> or earlier.\n'}
[9.172117] (controller) StderrLine: {'line': b'\n'}
[9.172142] (controller) StderrLine: {'line': b'\n'}
[9.194013] (detection_fusion) StdoutLine: {'line': b'-- The C compiler identification is GNU 11.4.0\n'}
[9.205759] (kiss_icp_wrapper) StdoutLine: {'line': b'-- The C compiler identification is GNU 11.4.0\n'}
[9.206386] (lidar_detection) StdoutLine: {'line': b'-- The C compiler identification is GNU 11.4.0\n'}
[9.209120] (cone_map_builder) StdoutLine: {'line': b'-- The C compiler identification is GNU 11.4.0\n'}
[9.230091] (path_generator) StdoutLine: {'line': b'-- The C compiler identification is GNU 11.4.0\n'}
[9.230468] (mission_manager) StdoutLine: {'line': b'-- The C compiler identification is GNU 11.4.0\n'}
[9.249099] (-) TimerEvent: {}
[9.269709] (ndt_localization) StdoutLine: {'line': b'-- The C compiler identification is GNU 11.4.0\n'}
[9.286957] (wuta_tools) StdoutLine: {'line': b'-- The C compiler identification is GNU 11.4.0\n'}
[9.349243] (-) TimerEvent: {}
[9.449515] (-) TimerEvent: {}
[9.458491] (controller) StdoutLine: {'line': b'-- The C compiler identification is GNU 11.4.0\n'}
[9.549688] (-) TimerEvent: {}
[9.649986] (-) TimerEvent: {}
[9.750268] (-) TimerEvent: {}
[9.850514] (-) TimerEvent: {}
[9.950829] (-) TimerEvent: {}
[10.031179] (kiss_icp_wrapper) StdoutLine: {'line': b'-- The CXX compiler identification is GNU 11.4.0\n'}
[10.031501] (boundary_detector) StdoutLine: {'line': b'-- The CXX compiler identification is GNU 11.4.0\n'}
[10.031552] (camera_detection) StdoutLine: {'line': b'-- The CXX compiler identification is GNU 11.4.0\n'}
[10.041234] (robot_localization) StdoutLine: {'line': b'-- Found FastRTPS: /opt/ros/humble/include\n'}
[10.051044] (-) TimerEvent: {}
[10.070889] (path_generator) StdoutLine: {'line': b'-- The CXX compiler identification is GNU 11.4.0\n'}
[10.071548] (detection_fusion) StdoutLine: {'line': b'-- The CXX compiler identification is GNU 11.4.0\n'}
[10.071626] (lidar_detection) StdoutLine: {'line': b'-- The CXX compiler identification is GNU 11.4.0\n'}
[10.135416] (mission_manager) StdoutLine: {'line': b'-- The CXX compiler identification is GNU 11.4.0\n'}
[10.135582] (cone_map_builder) StdoutLine: {'line': b'-- The CXX compiler identification is GNU 11.4.0\n'}
[10.135623] (ndt_localization) StdoutLine: {'line': b'-- The CXX compiler identification is GNU 11.4.0\n'}
[10.151222] (-) TimerEvent: {}
[10.182140] (wuta_tools) StdoutLine: {'line': b'-- The CXX compiler identification is GNU 11.4.0\n'}
[10.243882] (controller) StdoutLine: {'line': b'-- The CXX compiler identification is GNU 11.4.0\n'}
[10.251383] (-) TimerEvent: {}
[10.351710] (-) TimerEvent: {}
[10.451978] (-) TimerEvent: {}
[10.514102] (boundary_detector) StdoutLine: {'line': b'-- Detecting C compiler ABI info\n'}
[10.552138] (-) TimerEvent: {}
[10.559722] (camera_detection) StdoutLine: {'line': b'-- Detecting C compiler ABI info\n'}
[10.575222] (kiss_icp_wrapper) StdoutLine: {'line': b'-- Detecting C compiler ABI info\n'}
[10.633307] (lidar_detection) StdoutLine: {'line': b'-- Detecting C compiler ABI info\n'}
[10.639060] (detection_fusion) StdoutLine: {'line': b'-- Detecting C compiler ABI info\n'}
[10.652282] (-) TimerEvent: {}
[10.658335] (mission_manager) StdoutLine: {'line': b'-- Detecting C compiler ABI info\n'}
[10.667869] (path_generator) StdoutLine: {'line': b'-- Detecting C compiler ABI info\n'}
[10.709277] (wuta_tools) StdoutLine: {'line': b'-- Detecting C compiler ABI info\n'}
[10.712714] (cone_map_builder) StdoutLine: {'line': b'-- Detecting C compiler ABI info\n'}
[10.750496] (boundary_detector) StdoutLine: {'line': b'-- Detecting C compiler ABI info - done\n'}
[10.752391] (-) TimerEvent: {}
[10.758929] (boundary_detector) StdoutLine: {'line': b'-- Check for working C compiler: /usr/bin/cc - skipped\n'}
[10.759210] (boundary_detector) StdoutLine: {'line': b'-- Detecting C compile features\n'}
[10.759295] (boundary_detector) StdoutLine: {'line': b'-- Detecting C compile features - done\n'}
[10.766366] (boundary_detector) StdoutLine: {'line': b'-- Detecting CXX compiler ABI info\n'}
[10.771264] (ndt_localization) StdoutLine: {'line': b'-- Detecting C compiler ABI info\n'}
[10.794731] (camera_detection) StdoutLine: {'line': b'-- Detecting C compiler ABI info - done\n'}
[10.803077] (camera_detection) StdoutLine: {'line': b'-- Check for working C compiler: /usr/bin/cc - skipped\n'}
[10.803511] (camera_detection) StdoutLine: {'line': b'-- Detecting C compile features\n'}
[10.803567] (camera_detection) StdoutLine: {'line': b'-- Detecting C compile features - done\n'}
[10.810570] (camera_detection) StdoutLine: {'line': b'-- Detecting CXX compiler ABI info\n'}
[10.812486] (kiss_icp_wrapper) StdoutLine: {'line': b'-- Detecting C compiler ABI info - done\n'}
[10.821084] (kiss_icp_wrapper) StdoutLine: {'line': b'-- Check for working C compiler: /usr/bin/cc - skipped\n'}
[10.821234] (kiss_icp_wrapper) StdoutLine: {'line': b'-- Detecting C compile features\n'}
[10.821500] (kiss_icp_wrapper) StdoutLine: {'line': b'-- Detecting C compile features - done\n'}
[10.829161] (kiss_icp_wrapper) StdoutLine: {'line': b'-- Detecting CXX compiler ABI info\n'}
[10.844092] (controller) StdoutLine: {'line': b'-- Detecting C compiler ABI info\n'}
[10.850496] (lidar_detection) StdoutLine: {'line': b'-- Detecting C compiler ABI info - done\n'}
[10.850654] (detection_fusion) StdoutLine: {'line': b'-- Detecting C compiler ABI info - done\n'}
[10.852499] (-) TimerEvent: {}
[10.858636] (lidar_detection) StdoutLine: {'line': b'-- Check for working C compiler: /usr/bin/cc - skipped\n'}
[10.859019] (lidar_detection) StdoutLine: {'line': b'-- Detecting C compile features\n'}
[10.859190] (lidar_detection) StdoutLine: {'line': b'-- Detecting C compile features - done\n'}
[10.859626] (detection_fusion) StdoutLine: {'line': b'-- Check for working C compiler: /usr/bin/cc - skipped\n'}
[10.859798] (detection_fusion) StdoutLine: {'line': b'-- Detecting C compile features\n'}
[10.860036] (detection_fusion) StdoutLine: {'line': b'-- Detecting C compile features - done\n'}
[10.866641] (lidar_detection) StdoutLine: {'line': b'-- Detecting CXX compiler ABI info\n'}
[10.866964] (detection_fusion) StdoutLine: {'line': b'-- Detecting CXX compiler ABI info\n'}
[10.888236] (mission_manager) StdoutLine: {'line': b'-- Detecting C compiler ABI info - done\n'}
[10.897060] (mission_manager) StdoutLine: {'line': b'-- Check for working C compiler: /usr/bin/cc - skipped\n'}
[10.897347] (mission_manager) StdoutLine: {'line': b'-- Detecting C compile features\n'}
[10.897397] (mission_manager) StdoutLine: {'line': b'-- Detecting C compile features - done\n'}
[10.904303] (mission_manager) StdoutLine: {'line': b'-- Detecting CXX compiler ABI info\n'}
[10.919002] (wuta_tools) StdoutLine: {'line': b'-- Detecting C compiler ABI info - done\n'}
[10.919382] (path_generator) StdoutLine: {'line': b'-- Detecting C compiler ABI info - done\n'}
[10.920038] (cone_map_builder) StdoutLine: {'line': b'-- Detecting C compiler ABI info - done\n'}
[10.928239] (path_generator) StdoutLine: {'line': b'-- Check for working C compiler: /usr/bin/cc - skipped\n'}
[10.928629] (path_generator) StdoutLine: {'line': b'-- Detecting C compile features\n'}
[10.928720] (path_generator) StdoutLine: {'line': b'-- Detecting C compile features - done\n'}
[10.929343] (wuta_tools) StdoutLine: {'line': b'-- Check for working C compiler: /usr/bin/cc - skipped\n'}
[10.929545] (wuta_tools) StdoutLine: {'line': b'-- Detecting C compile features\n'}
[10.929603] (wuta_tools) StdoutLine: {'line': b'-- Detecting C compile features - done\n'}
[10.929891] (cone_map_builder) StdoutLine: {'line': b'-- Check for working C compiler: /usr/bin/cc - skipped\n'}
[10.930200] (cone_map_builder) StdoutLine: {'line': b'-- Detecting C compile features\n'}
[10.930574] (cone_map_builder) StdoutLine: {'line': b'-- Detecting C compile features - done\n'}
[10.936708] (path_generator) StdoutLine: {'line': b'-- Detecting CXX compiler ABI info\n'}
[10.936980] (wuta_tools) StdoutLine: {'line': b'-- Detecting CXX compiler ABI info\n'}
[10.938645] (cone_map_builder) StdoutLine: {'line': b'-- Detecting CXX compiler ABI info\n'}
[10.952660] (-) TimerEvent: {}
[10.990144] (ndt_localization) StdoutLine: {'line': b'-- Detecting C compiler ABI info - done\n'}
[10.996957] (boundary_detector) StdoutLine: {'line': b'-- Detecting CXX compiler ABI info - done\n'}
[10.998732] (ndt_localization) StdoutLine: {'line': b'-- Check for working C compiler: /usr/bin/cc - skipped\n'}
[10.998981] (ndt_localization) StdoutLine: {'line': b'-- Detecting C compile features\n'}
[10.999207] (ndt_localization) StdoutLine: {'line': b'-- Detecting C compile features - done\n'}
[11.006897] (boundary_detector) StdoutLine: {'line': b'-- Check for working CXX compiler: /usr/bin/c++ - skipped\n'}
[11.007402] (boundary_detector) StdoutLine: {'line': b'-- Detecting CXX compile features\n'}
[11.007462] (ndt_localization) StdoutLine: {'line': b'-- Detecting CXX compiler ABI info\n'}
[11.007932] (boundary_detector) StdoutLine: {'line': b'-- Detecting CXX compile features - done\n'}
[11.013738] (boundary_detector) StdoutLine: {'line': b'-- Found ament_cmake: 1.3.14 (/opt/ros/humble/share/ament_cmake/cmake)\n'}
[11.044993] (camera_detection) StdoutLine: {'line': b'-- Detecting CXX compiler ABI info - done\n'}
[11.045154] (kiss_icp_wrapper) StdoutLine: {'line': b'-- Detecting CXX compiler ABI info - done\n'}
[11.052803] (-) TimerEvent: {}
[11.056024] (kiss_icp_wrapper) StdoutLine: {'line': b'-- Check for working CXX compiler: /usr/bin/c++ - skipped\n'}
[11.056162] (camera_detection) StdoutLine: {'line': b'-- Check for working CXX compiler: /usr/bin/c++ - skipped\n'}
[11.056200] (camera_detection) StdoutLine: {'line': b'-- Detecting CXX compile features\n'}
[11.056222] (kiss_icp_wrapper) StdoutLine: {'line': b'-- Detecting CXX compile features\n'}
[11.056333] (camera_detection) StdoutLine: {'line': b'-- Detecting CXX compile features - done\n'}
[11.056623] (kiss_icp_wrapper) StdoutLine: {'line': b'-- Detecting CXX compile features - done\n'}
[11.062356] (camera_detection) StdoutLine: {'line': b'-- Found ament_cmake: 1.3.14 (/opt/ros/humble/share/ament_cmake/cmake)\n'}
[11.062520] (kiss_icp_wrapper) StdoutLine: {'line': b'-- Found ament_cmake: 1.3.14 (/opt/ros/humble/share/ament_cmake/cmake)\n'}
[11.076425] (controller) StdoutLine: {'line': b'-- Detecting C compiler ABI info - done\n'}
[11.086066] (controller) StdoutLine: {'line': b'-- Check for working C compiler: /usr/bin/cc - skipped\n'}
[11.086270] (controller) StdoutLine: {'line': b'-- Detecting C compile features\n'}
[11.086508] (controller) StdoutLine: {'line': b'-- Detecting C compile features - done\n'}
[11.095686] (controller) StdoutLine: {'line': b'-- Detecting CXX compiler ABI info\n'}
[11.111544] (detection_fusion) StdoutLine: {'line': b'-- Detecting CXX compiler ABI info - done\n'}
[11.118257] (boundary_detector) StdoutLine: {'line': b'-- Found Python3: /usr/bin/python3 (found version "3.10.12") found components: Interpreter\n'}
[11.121960] (detection_fusion) StdoutLine: {'line': b'-- Check for working CXX compiler: /usr/bin/c++ - skipped\n'}
[11.122309] (detection_fusion) StdoutLine: {'line': b'-- Detecting CXX compile features\n'}
[11.122984] (detection_fusion) StdoutLine: {'line': b'-- Detecting CXX compile features - done\n'}
[11.132457] (detection_fusion) StdoutLine: {'line': b'-- Found ament_cmake: 1.3.14 (/opt/ros/humble/share/ament_cmake/cmake)\n'}
[11.132992] (lidar_detection) StdoutLine: {'line': b'-- Detecting CXX compiler ABI info - done\n'}
[11.146070] (lidar_detection) StdoutLine: {'line': b'-- Check for working CXX compiler: /usr/bin/c++ - skipped\n'}
[11.146722] (lidar_detection) StdoutLine: {'line': b'-- Detecting CXX compile features\n'}
[11.147830] (lidar_detection) StdoutLine: {'line': b'-- Detecting CXX compile features - done\n'}
[11.151866] (mission_manager) StdoutLine: {'line': b'-- Detecting CXX compiler ABI info - done\n'}
[11.153006] (-) TimerEvent: {}
[11.156263] (lidar_detection) StdoutLine: {'line': b'-- Found ament_cmake: 1.3.14 (/opt/ros/humble/share/ament_cmake/cmake)\n'}
[11.162453] (mission_manager) StdoutLine: {'line': b'-- Check for working CXX compiler: /usr/bin/c++ - skipped\n'}
[11.162886] (mission_manager) StdoutLine: {'line': b'-- Detecting CXX compile features\n'}
[11.163347] (mission_manager) StdoutLine: {'line': b'-- Detecting CXX compile features - done\n'}
[11.166620] (path_generator) StdoutLine: {'line': b'-- Detecting CXX compiler ABI info - done\n'}
[11.171146] (mission_manager) StdoutLine: {'line': b'-- Found ament_cmake: 1.3.14 (/opt/ros/humble/share/ament_cmake/cmake)\n'}
[11.171551] (camera_detection) StdoutLine: {'line': b'-- Found Python3: /usr/bin/python3 (found version "3.10.12") found components: Interpreter\n'}
[11.171868] (boundary_detector) StdoutLine: {'line': b'-- Override CMake install command with custom implementation using symlinks instead of copying resources\n'}
[11.172252] (kiss_icp_wrapper) StdoutLine: {'line': b'-- Found Python3: /usr/bin/python3 (found version "3.10.12") found components: Interpreter\n'}
[11.179888] (path_generator) StdoutLine: {'line': b'-- Check for working CXX compiler: /usr/bin/c++ - skipped\n'}
[11.180246] (path_generator) StdoutLine: {'line': b'-- Detecting CXX compile features\n'}
[11.180813] (path_generator) StdoutLine: {'line': b'-- Detecting CXX compile features - done\n'}
[11.189961] (path_generator) StdoutLine: {'line': b'-- Found ament_cmake: 1.3.14 (/opt/ros/humble/share/ament_cmake/cmake)\n'}
[11.191933] (boundary_detector) StdoutLine: {'line': b'-- Found rclcpp: 16.0.19 (/opt/ros/humble/share/rclcpp/cmake)\n'}
[11.213699] (wuta_tools) StdoutLine: {'line': b'-- Detecting CXX compiler ABI info - done\n'}
[11.225694] (cone_map_builder) StdoutLine: {'line': b'-- Detecting CXX compiler ABI info - done\n'}
[11.225875] (kiss_icp_wrapper) StdoutLine: {'line': b'-- Override CMake install command with custom implementation using symlinks instead of copying resources\n'}
[11.226999] (camera_detection) StdoutLine: {'line': b'-- Override CMake install command with custom implementation using symlinks instead of copying resources\n'}
[11.227698] (wuta_tools) StdoutLine: {'line': b'-- Check for working CXX compiler: /usr/bin/c++ - skipped\n'}
[11.227958] (wuta_tools) StdoutLine: {'line': b'-- Detecting CXX compile features\n'}
[11.228339] (wuta_tools) StdoutLine: {'line': b'-- Detecting CXX compile features - done\n'}
[11.235590] (wuta_tools) StdoutLine: {'line': b'-- Found ament_cmake: 1.3.14 (/opt/ros/humble/share/ament_cmake/cmake)\n'}
[11.237989] (cone_map_builder) StdoutLine: {'line': b'-- Check for working CXX compiler: /usr/bin/c++ - skipped\n'}
[11.238478] (cone_map_builder) StdoutLine: {'line': b'-- Detecting CXX compile features\n'}
[11.238956] (cone_map_builder) StdoutLine: {'line': b'-- Detecting CXX compile features - done\n'}
[11.243010] (detection_fusion) StdoutLine: {'line': b'-- Found Python3: /usr/bin/python3 (found version "3.10.12") found components: Interpreter\n'}
[11.246767] (kiss_icp_wrapper) StdoutLine: {'line': b'-- Found rclcpp: 16.0.19 (/opt/ros/humble/share/rclcpp/cmake)\n'}
[11.247411] (cone_map_builder) StdoutLine: {'line': b'-- Found ament_cmake: 1.3.14 (/opt/ros/humble/share/ament_cmake/cmake)\n'}
[11.253161] (-) TimerEvent: {}
[11.261094] (camera_detection) StdoutLine: {'line': b'-- Found rclcpp: 16.0.19 (/opt/ros/humble/share/rclcpp/cmake)\n'}
[11.266902] (lidar_detection) StdoutLine: {'line': b'-- Found Python3: /usr/bin/python3 (found version "3.10.12") found components: Interpreter\n'}
[11.278728] (mission_manager) StdoutLine: {'line': b'-- Found Python3: /usr/bin/python3 (found version "3.10.12") found components: Interpreter\n'}
[11.290986] (detection_fusion) StdoutLine: {'line': b'-- Override CMake install command with custom implementation using symlinks instead of copying resources\n'}
[11.295775] (path_generator) StdoutLine: {'line': b'-- Found Python3: /usr/bin/python3 (found version "3.10.12") found components: Interpreter\n'}
[11.313351] (detection_fusion) StdoutLine: {'line': b'-- Found rclcpp: 16.0.19 (/opt/ros/humble/share/rclcpp/cmake)\n'}
[11.314833] (lidar_detection) StdoutLine: {'line': b'-- Override CMake install command with custom implementation using symlinks instead of copying resources\n'}
[11.325307] (mission_manager) StdoutLine: {'line': b'-- Override CMake install command with custom implementation using symlinks instead of copying resources\n'}
[11.330103] (ndt_localization) StdoutLine: {'line': b'-- Detecting CXX compiler ABI info - done\n'}
[11.336779] (lidar_detection) StdoutLine: {'line': b'-- Found rclcpp: 16.0.19 (/opt/ros/humble/share/rclcpp/cmake)\n'}
[11.339753] (ndt_localization) StdoutLine: {'line': b'-- Check for working CXX compiler: /usr/bin/c++ - skipped\n'}
[11.340090] (ndt_localization) StdoutLine: {'line': b'-- Detecting CXX compile features\n'}
[11.340297] (ndt_localization) StdoutLine: {'line': b'-- Detecting CXX compile features - done\n'}
[11.342635] (wuta_tools) StdoutLine: {'line': b'-- Found Python3: /usr/bin/python3 (found version "3.10.12") found components: Interpreter\n'}
[11.347558] (path_generator) StdoutLine: {'line': b'-- Override CMake install command with custom implementation using symlinks instead of copying resources\n'}
[11.347823] (mission_manager) StdoutLine: {'line': b'-- Found rclcpp: 16.0.19 (/opt/ros/humble/share/rclcpp/cmake)\n'}
[11.348615] (ndt_localization) StdoutLine: {'line': b'-- Found ament_cmake: 1.3.14 (/opt/ros/humble/share/ament_cmake/cmake)\n'}
[11.350365] (cone_map_builder) StdoutLine: {'line': b'-- Found Python3: /usr/bin/python3 (found version "3.10.12") found components: Interpreter\n'}
[11.353309] (-) TimerEvent: {}
[11.367187] (path_generator) StdoutLine: {'line': b'-- Found rclcpp: 16.0.19 (/opt/ros/humble/share/rclcpp/cmake)\n'}
[11.386640] (wuta_tools) StdoutLine: {'line': b'-- Override CMake install command with custom implementation using symlinks instead of copying resources\n'}
[11.391752] (cone_map_builder) StdoutLine: {'line': b'-- Override CMake install command with custom implementation using symlinks instead of copying resources\n'}
[11.404902] (wuta_tools) StdoutLine: {'line': b'-- Found rclcpp: 16.0.19 (/opt/ros/humble/share/rclcpp/cmake)\n'}
[11.410897] (cone_map_builder) StdoutLine: {'line': b'-- Found rclcpp: 16.0.19 (/opt/ros/humble/share/rclcpp/cmake)\n'}
[11.421217] (controller) StdoutLine: {'line': b'-- Detecting CXX compiler ABI info - done\n'}
[11.430795] (controller) StdoutLine: {'line': b'-- Check for working CXX compiler: /usr/bin/c++ - skipped\n'}
[11.431273] (controller) StdoutLine: {'line': b'-- Detecting CXX compile features\n'}
[11.431353] (controller) StdoutLine: {'line': b'-- Detecting CXX compile features - done\n'}
[11.436847] (controller) StdoutLine: {'line': b'-- Found ament_cmake: 1.3.14 (/opt/ros/humble/share/ament_cmake/cmake)\n'}
[11.444784] (ndt_localization) StdoutLine: {'line': b'-- Found Python3: /usr/bin/python3 (found version "3.10.12") found components: Interpreter\n'}
[11.453453] (-) TimerEvent: {}
[11.486139] (ndt_localization) StdoutLine: {'line': b'-- Override CMake install command with custom implementation using symlinks instead of copying resources\n'}
[11.489753] (boundary_detector) StdoutLine: {'line': b'-- Found rosidl_generator_c: 3.1.9 (/opt/ros/humble/share/rosidl_generator_c/cmake)\n'}
[11.491713] (camera_detection) StdoutLine: {'line': b'-- Found rosidl_generator_c: 3.1.9 (/opt/ros/humble/share/rosidl_generator_c/cmake)\n'}
[11.492833] (kiss_icp_wrapper) StdoutLine: {'line': b'-- Found rosidl_generator_c: 3.1.9 (/opt/ros/humble/share/rosidl_generator_c/cmake)\n'}
[11.493785] (boundary_detector) StdoutLine: {'line': b'-- Found rosidl_adapter: 3.1.9 (/opt/ros/humble/share/rosidl_adapter/cmake)\n'}
[11.494414] (camera_detection) StdoutLine: {'line': b'-- Found rosidl_adapter: 3.1.9 (/opt/ros/humble/share/rosidl_adapter/cmake)\n'}
[11.496760] (kiss_icp_wrapper) StdoutLine: {'line': b'-- Found rosidl_adapter: 3.1.9 (/opt/ros/humble/share/rosidl_adapter/cmake)\n'}
[11.500283] (boundary_detector) StdoutLine: {'line': b'-- Found rosidl_generator_cpp: 3.1.9 (/opt/ros/humble/share/rosidl_generator_cpp/cmake)\n'}
[11.500532] (camera_detection) StdoutLine: {'line': b'-- Found rosidl_generator_cpp: 3.1.9 (/opt/ros/humble/share/rosidl_generator_cpp/cmake)\n'}
[11.503245] (kiss_icp_wrapper) StdoutLine: {'line': b'-- Found rosidl_generator_cpp: 3.1.9 (/opt/ros/humble/share/rosidl_generator_cpp/cmake)\n'}
[11.504924] (ndt_localization) StdoutLine: {'line': b'-- Found rclcpp: 16.0.19 (/opt/ros/humble/share/rclcpp/cmake)\n'}
[11.508153] (boundary_detector) StdoutLine: {'line': b'-- Using all available rosidl_typesupport_c: rosidl_typesupport_fastrtps_c;rosidl_typesupport_introspection_c\n'}
[11.509637] (camera_detection) StdoutLine: {'line': b'-- Using all available rosidl_typesupport_c: rosidl_typesupport_fastrtps_c;rosidl_typesupport_introspection_c\n'}
[11.511280] (kiss_icp_wrapper) StdoutLine: {'line': b'-- Using all available rosidl_typesupport_c: rosidl_typesupport_fastrtps_c;rosidl_typesupport_introspection_c\n'}
[11.519455] (boundary_detector) StdoutLine: {'line': b'-- Using all available rosidl_typesupport_cpp: rosidl_typesupport_fastrtps_cpp;rosidl_typesupport_introspection_cpp\n'}
[11.521508] (camera_detection) StdoutLine: {'line': b'-- Using all available rosidl_typesupport_cpp: rosidl_typesupport_fastrtps_cpp;rosidl_typesupport_introspection_cpp\n'}
[11.523484] (kiss_icp_wrapper) StdoutLine: {'line': b'-- Using all available rosidl_typesupport_cpp: rosidl_typesupport_fastrtps_cpp;rosidl_typesupport_introspection_cpp\n'}
[11.523888] (controller) StdoutLine: {'line': b'-- Found Python3: /usr/bin/python3 (found version "3.10.12") found components: Interpreter\n'}
[11.553605] (-) TimerEvent: {}
[11.555448] (lidar_detection) StdoutLine: {'line': b'-- Found rosidl_generator_c: 3.1.9 (/opt/ros/humble/share/rosidl_generator_c/cmake)\n'}
[11.555858] (boundary_detector) StdoutLine: {'line': b'-- Found rmw_implementation_cmake: 6.1.2 (/opt/ros/humble/share/rmw_implementation_cmake/cmake)\n'}
[11.556655] (mission_manager) StdoutLine: {'line': b'-- Found rosidl_generator_c: 3.1.9 (/opt/ros/humble/share/rosidl_generator_c/cmake)\n'}
[11.557055] (camera_detection) StdoutLine: {'line': b'-- Found rmw_implementation_cmake: 6.1.2 (/opt/ros/humble/share/rmw_implementation_cmake/cmake)\n'}
[11.557285] (boundary_detector) StdoutLine: {'line': b'-- Found rmw_fastrtps_cpp: 6.2.10 (/opt/ros/humble/share/rmw_fastrtps_cpp/cmake)\n'}
[11.558624] (kiss_icp_wrapper) StdoutLine: {'line': b'-- Found rmw_implementation_cmake: 6.1.2 (/opt/ros/humble/share/rmw_implementation_cmake/cmake)\n'}
[11.560215] (camera_detection) StdoutLine: {'line': b'-- Found rmw_fastrtps_cpp: 6.2.10 (/opt/ros/humble/share/rmw_fastrtps_cpp/cmake)\n'}
[11.560606] (lidar_detection) StdoutLine: {'line': b'-- Found rosidl_adapter: 3.1.9 (/opt/ros/humble/share/rosidl_adapter/cmake)\n'}
[11.561391] (mission_manager) StdoutLine: {'line': b'-- Found rosidl_adapter: 3.1.9 (/opt/ros/humble/share/rosidl_adapter/cmake)\n'}
[11.562261] (kiss_icp_wrapper) StdoutLine: {'line': b'-- Found rmw_fastrtps_cpp: 6.2.10 (/opt/ros/humble/share/rmw_fastrtps_cpp/cmake)\n'}
[11.567145] (mission_manager) StdoutLine: {'line': b'-- Found rosidl_generator_cpp: 3.1.9 (/opt/ros/humble/share/rosidl_generator_cpp/cmake)\n'}
[11.567505] (lidar_detection) StdoutLine: {'line': b'-- Found rosidl_generator_cpp: 3.1.9 (/opt/ros/humble/share/rosidl_generator_cpp/cmake)\n'}
[11.574521] (controller) StdoutLine: {'line': b'-- Override CMake install command with custom implementation using symlinks instead of copying resources\n'}
[11.577425] (lidar_detection) StdoutLine: {'line': b'-- Using all available rosidl_typesupport_c: rosidl_typesupport_fastrtps_c;rosidl_typesupport_introspection_c\n'}
[11.577592] (mission_manager) StdoutLine: {'line': b'-- Using all available rosidl_typesupport_c: rosidl_typesupport_fastrtps_c;rosidl_typesupport_introspection_c\n'}
[11.591058] (mission_manager) StdoutLine: {'line': b'-- Using all available rosidl_typesupport_cpp: rosidl_typesupport_fastrtps_cpp;rosidl_typesupport_introspection_cpp\n'}
[11.591248] (lidar_detection) StdoutLine: {'line': b'-- Using all available rosidl_typesupport_cpp: rosidl_typesupport_fastrtps_cpp;rosidl_typesupport_introspection_cpp\n'}
[11.594591] (controller) StdoutLine: {'line': b'-- Found rclcpp: 16.0.19 (/opt/ros/humble/share/rclcpp/cmake)\n'}
[11.616423] (detection_fusion) StdoutLine: {'line': b'-- Found rosidl_generator_c: 3.1.9 (/opt/ros/humble/share/rosidl_generator_c/cmake)\n'}
[11.619246] (detection_fusion) StdoutLine: {'line': b'-- Found rosidl_adapter: 3.1.9 (/opt/ros/humble/share/rosidl_adapter/cmake)\n'}
[11.619861] (path_generator) StdoutLine: {'line': b'-- Found rosidl_generator_c: 3.1.9 (/opt/ros/humble/share/rosidl_generator_c/cmake)\n'}
[11.620234] (wuta_tools) StdoutLine: {'line': b'-- Found rosidl_generator_c: 3.1.9 (/opt/ros/humble/share/rosidl_generator_c/cmake)\n'}
[11.620439] (cone_map_builder) StdoutLine: {'line': b'-- Found rosidl_generator_c: 3.1.9 (/opt/ros/humble/share/rosidl_generator_c/cmake)\n'}
[11.623856] (path_generator) StdoutLine: {'line': b'-- Found rosidl_adapter: 3.1.9 (/opt/ros/humble/share/rosidl_adapter/cmake)\n'}
[11.624005] (cone_map_builder) StdoutLine: {'line': b'-- Found rosidl_adapter: 3.1.9 (/opt/ros/humble/share/rosidl_adapter/cmake)\n'}
[11.624052] (wuta_tools) StdoutLine: {'line': b'-- Found rosidl_adapter: 3.1.9 (/opt/ros/humble/share/rosidl_adapter/cmake)\n'}
[11.626185] (detection_fusion) StdoutLine: {'line': b'-- Found rosidl_generator_cpp: 3.1.9 (/opt/ros/humble/share/rosidl_generator_cpp/cmake)\n'}
[11.626839] (lidar_detection) StdoutLine: {'line': b'-- Found rmw_implementation_cmake: 6.1.2 (/opt/ros/humble/share/rmw_implementation_cmake/cmake)\n'}
[11.628457] (lidar_detection) StdoutLine: {'line': b'-- Found rmw_fastrtps_cpp: 6.2.10 (/opt/ros/humble/share/rmw_fastrtps_cpp/cmake)\n'}
[11.629527] (mission_manager) StdoutLine: {'line': b'-- Found rmw_implementation_cmake: 6.1.2 (/opt/ros/humble/share/rmw_implementation_cmake/cmake)\n'}
[11.630889] (cone_map_builder) StdoutLine: {'line': b'-- Found rosidl_generator_cpp: 3.1.9 (/opt/ros/humble/share/rosidl_generator_cpp/cmake)\n'}
[11.630994] (path_generator) StdoutLine: {'line': b'-- Found rosidl_generator_cpp: 3.1.9 (/opt/ros/humble/share/rosidl_generator_cpp/cmake)\n'}
[11.631037] (mission_manager) StdoutLine: {'line': b'-- Found rmw_fastrtps_cpp: 6.2.10 (/opt/ros/humble/share/rmw_fastrtps_cpp/cmake)\n'}
[11.631505] (wuta_tools) StdoutLine: {'line': b'-- Found rosidl_generator_cpp: 3.1.9 (/opt/ros/humble/share/rosidl_generator_cpp/cmake)\n'}
[11.636798] (detection_fusion) StdoutLine: {'line': b'-- Using all available rosidl_typesupport_c: rosidl_typesupport_fastrtps_c;rosidl_typesupport_introspection_c\n'}
[11.640205] (cone_map_builder) StdoutLine: {'line': b'-- Using all available rosidl_typesupport_c: rosidl_typesupport_fastrtps_c;rosidl_typesupport_introspection_c\n'}
[11.640368] (path_generator) StdoutLine: {'line': b'-- Using all available rosidl_typesupport_c: rosidl_typesupport_fastrtps_c;rosidl_typesupport_introspection_c\n'}
[11.640419] (wuta_tools) StdoutLine: {'line': b'-- Using all available rosidl_typesupport_c: rosidl_typesupport_fastrtps_c;rosidl_typesupport_introspection_c\n'}
[11.648603] (detection_fusion) StdoutLine: {'line': b'-- Using all available rosidl_typesupport_cpp: rosidl_typesupport_fastrtps_cpp;rosidl_typesupport_introspection_cpp\n'}
[11.653195] (cone_map_builder) StdoutLine: {'line': b'-- Using all available rosidl_typesupport_cpp: rosidl_typesupport_fastrtps_cpp;rosidl_typesupport_introspection_cpp\n'}
[11.653708] (-) TimerEvent: {}
[11.654357] (path_generator) StdoutLine: {'line': b'-- Using all available rosidl_typesupport_cpp: rosidl_typesupport_fastrtps_cpp;rosidl_typesupport_introspection_cpp\n'}
[11.655728] (wuta_tools) StdoutLine: {'line': b'-- Using all available rosidl_typesupport_cpp: rosidl_typesupport_fastrtps_cpp;rosidl_typesupport_introspection_cpp\n'}
[11.687256] (detection_fusion) StdoutLine: {'line': b'-- Found rmw_implementation_cmake: 6.1.2 (/opt/ros/humble/share/rmw_implementation_cmake/cmake)\n'}
[11.690681] (cone_map_builder) StdoutLine: {'line': b'-- Found rmw_implementation_cmake: 6.1.2 (/opt/ros/humble/share/rmw_implementation_cmake/cmake)\n'}
[11.690833] (detection_fusion) StdoutLine: {'line': b'-- Found rmw_fastrtps_cpp: 6.2.10 (/opt/ros/humble/share/rmw_fastrtps_cpp/cmake)\n'}
[11.692341] (cone_map_builder) StdoutLine: {'line': b'-- Found rmw_fastrtps_cpp: 6.2.10 (/opt/ros/humble/share/rmw_fastrtps_cpp/cmake)\n'}
[11.692783] (path_generator) StdoutLine: {'line': b'-- Found rmw_implementation_cmake: 6.1.2 (/opt/ros/humble/share/rmw_implementation_cmake/cmake)\n'}
[11.694779] (path_generator) StdoutLine: {'line': b'-- Found rmw_fastrtps_cpp: 6.2.10 (/opt/ros/humble/share/rmw_fastrtps_cpp/cmake)\n'}
[11.700999] (wuta_tools) StdoutLine: {'line': b'-- Found rmw_implementation_cmake: 6.1.2 (/opt/ros/humble/share/rmw_implementation_cmake/cmake)\n'}
[11.702503] (wuta_tools) StdoutLine: {'line': b'-- Found rmw_fastrtps_cpp: 6.2.10 (/opt/ros/humble/share/rmw_fastrtps_cpp/cmake)\n'}
[11.737742] (kiss_icp) StderrLine: {'line': b'CMake Deprecation Warning at /home/g2909/WUTA1/WUTA-FSD/ros2_ws/build/kiss_icp/_deps/tessil-src/CMakeLists.txt:1 (cmake_minimum_required):\n'}
[11.737905] (kiss_icp) StderrLine: {'line': b'  Compatibility with CMake < 3.10 will be removed from a future version of\n'}
[11.737939] (kiss_icp) StderrLine: {'line': b'  CMake.\n'}
[11.737964] (kiss_icp) StderrLine: {'line': b'\n'}
[11.737987] (kiss_icp) StderrLine: {'line': b'  Update the VERSION argument <min> value.  Or, use the <min>...<max> syntax\n'}
[11.738009] (kiss_icp) StderrLine: {'line': b'  to tell CMake that the project requires at least <min> but has been updated\n'}
[11.738031] (kiss_icp) StderrLine: {'line': b'  to work with policies introduced by <max> or earlier.\n'}
[11.738053] (kiss_icp) StderrLine: {'line': b'\n'}
[11.738074] (kiss_icp) StderrLine: {'line': b'\n'}
[11.741968] (kiss_icp) StdoutLine: {'line': b'-- Found ament_cmake: 1.3.14 (/opt/ros/humble/share/ament_cmake/cmake)\n'}
[11.753840] (-) TimerEvent: {}
[11.825692] (kiss_icp) StdoutLine: {'line': b'-- Found Python3: /usr/bin/python3 (found version "3.10.12") found components: Interpreter\n'}
[11.853981] (-) TimerEvent: {}
[11.870819] (kiss_icp) StdoutLine: {'line': b'-- Override CMake install command with custom implementation using symlinks instead of copying resources\n'}
[11.889853] (kiss_icp) StdoutLine: {'line': b'-- Found geometry_msgs: 4.9.1 (/opt/ros/humble/share/geometry_msgs/cmake)\n'}
[11.944773] (ndt_localization) StdoutLine: {'line': b'-- Found rosidl_generator_c: 3.1.9 (/opt/ros/humble/share/rosidl_generator_c/cmake)\n'}
[11.947687] (ndt_localization) StdoutLine: {'line': b'-- Found rosidl_adapter: 3.1.9 (/opt/ros/humble/share/rosidl_adapter/cmake)\n'}
[11.954112] (-) TimerEvent: {}
[11.954414] (ndt_localization) StdoutLine: {'line': b'-- Found rosidl_generator_cpp: 3.1.9 (/opt/ros/humble/share/rosidl_generator_cpp/cmake)\n'}
[11.962717] (ndt_localization) StdoutLine: {'line': b'-- Using all available rosidl_typesupport_c: rosidl_typesupport_fastrtps_c;rosidl_typesupport_introspection_c\n'}
[11.980179] (ndt_localization) StdoutLine: {'line': b'-- Using all available rosidl_typesupport_cpp: rosidl_typesupport_fastrtps_cpp;rosidl_typesupport_introspection_cpp\n'}
[12.030174] (ndt_localization) StdoutLine: {'line': b'-- Found rmw_implementation_cmake: 6.1.2 (/opt/ros/humble/share/rmw_implementation_cmake/cmake)\n'}
[12.031917] (ndt_localization) StdoutLine: {'line': b'-- Found rmw_fastrtps_cpp: 6.2.10 (/opt/ros/humble/share/rmw_fastrtps_cpp/cmake)\n'}
[12.034350] (controller) StdoutLine: {'line': b'-- Found rosidl_generator_c: 3.1.9 (/opt/ros/humble/share/rosidl_generator_c/cmake)\n'}
[12.037707] (controller) StdoutLine: {'line': b'-- Found rosidl_adapter: 3.1.9 (/opt/ros/humble/share/rosidl_adapter/cmake)\n'}
[12.044926] (controller) StdoutLine: {'line': b'-- Found rosidl_generator_cpp: 3.1.9 (/opt/ros/humble/share/rosidl_generator_cpp/cmake)\n'}
[12.054261] (-) TimerEvent: {}
[12.058318] (controller) StdoutLine: {'line': b'-- Using all available rosidl_typesupport_c: rosidl_typesupport_fastrtps_c;rosidl_typesupport_introspection_c\n'}
[12.076448] (controller) StdoutLine: {'line': b'-- Using all available rosidl_typesupport_cpp: rosidl_typesupport_fastrtps_cpp;rosidl_typesupport_introspection_cpp\n'}
[12.132613] (controller) StdoutLine: {'line': b'-- Found rmw_implementation_cmake: 6.1.2 (/opt/ros/humble/share/rmw_implementation_cmake/cmake)\n'}
[12.134219] (controller) StdoutLine: {'line': b'-- Found rmw_fastrtps_cpp: 6.2.10 (/opt/ros/humble/share/rmw_fastrtps_cpp/cmake)\n'}
[12.154389] (-) TimerEvent: {}
[12.254641] (-) TimerEvent: {}
[12.269389] (kiss_icp) StdoutLine: {'line': b'-- Found rosidl_generator_c: 3.1.9 (/opt/ros/humble/share/rosidl_generator_c/cmake)\n'}
[12.272347] (kiss_icp) StdoutLine: {'line': b'-- Found rosidl_adapter: 3.1.9 (/opt/ros/humble/share/rosidl_adapter/cmake)\n'}
[12.278239] (kiss_icp) StdoutLine: {'line': b'-- Found rosidl_generator_cpp: 3.1.9 (/opt/ros/humble/share/rosidl_generator_cpp/cmake)\n'}
[12.289143] (kiss_icp) StdoutLine: {'line': b'-- Using all available rosidl_typesupport_c: rosidl_typesupport_fastrtps_c;rosidl_typesupport_introspection_c\n'}
[12.299976] (kiss_icp) StdoutLine: {'line': b'-- Using all available rosidl_typesupport_cpp: rosidl_typesupport_fastrtps_cpp;rosidl_typesupport_introspection_cpp\n'}
[12.333857] (kiss_icp) StdoutLine: {'line': b'-- Found nav_msgs: 4.9.1 (/opt/ros/humble/share/nav_msgs/cmake)\n'}
[12.354786] (-) TimerEvent: {}
[12.356269] (kiss_icp) StdoutLine: {'line': b'-- Found rclcpp: 16.0.19 (/opt/ros/humble/share/rclcpp/cmake)\n'}
[12.383789] (kiss_icp) StdoutLine: {'line': b'-- Found rmw_implementation_cmake: 6.1.2 (/opt/ros/humble/share/rmw_implementation_cmake/cmake)\n'}
[12.385271] (kiss_icp) StdoutLine: {'line': b'-- Found rmw_fastrtps_cpp: 6.2.10 (/opt/ros/humble/share/rmw_fastrtps_cpp/cmake)\n'}
[12.454963] (-) TimerEvent: {}
[12.555222] (-) TimerEvent: {}
[12.655453] (-) TimerEvent: {}
[12.755718] (-) TimerEvent: {}
[12.855960] (-) TimerEvent: {}
[12.956224] (-) TimerEvent: {}
[13.056457] (-) TimerEvent: {}
[13.122196] (boundary_detector) StdoutLine: {'line': b'-- Found OpenSSL: /usr/lib/x86_64-linux-gnu/libcrypto.so (found version "3.0.2")\n'}
[13.123436] (kiss_icp_wrapper) StdoutLine: {'line': b'-- Found OpenSSL: /usr/lib/x86_64-linux-gnu/libcrypto.so (found version "3.0.2")\n'}
[13.156598] (-) TimerEvent: {}
[13.180745] (mission_manager) StdoutLine: {'line': b'-- Found OpenSSL: /usr/lib/x86_64-linux-gnu/libcrypto.so (found version "3.0.2")\n'}
[13.180928] (camera_detection) StdoutLine: {'line': b'-- Found OpenSSL: /usr/lib/x86_64-linux-gnu/libcrypto.so (found version "3.0.2")\n'}
[13.256736] (-) TimerEvent: {}
[13.356978] (-) TimerEvent: {}
[13.457221] (-) TimerEvent: {}
[13.557461] (-) TimerEvent: {}
[13.594668] (wuta_tools) StdoutLine: {'line': b'-- Found OpenSSL: /usr/lib/x86_64-linux-gnu/libcrypto.so (found version "3.0.2")\n'}
[13.657693] (-) TimerEvent: {}
[13.757940] (-) TimerEvent: {}
[13.824537] (cone_map_builder) StdoutLine: {'line': b'-- Found OpenSSL: /usr/lib/x86_64-linux-gnu/libcrypto.so (found version "3.0.2")\n'}
[13.858108] (-) TimerEvent: {}
[13.958384] (-) TimerEvent: {}
[14.058625] (-) TimerEvent: {}
[14.158862] (-) TimerEvent: {}
[14.167335] (lidar_detection) StdoutLine: {'line': b'-- Found OpenSSL: /usr/lib/x86_64-linux-gnu/libcrypto.so (found version "3.0.2")\n'}
[14.259023] (-) TimerEvent: {}
[14.359526] (-) TimerEvent: {}
[14.459878] (-) TimerEvent: {}
[14.560142] (-) TimerEvent: {}
[14.660404] (-) TimerEvent: {}
[14.673607] (detection_fusion) StdoutLine: {'line': b'-- Found OpenSSL: /usr/lib/x86_64-linux-gnu/libcrypto.so (found version "3.0.2")\n'}
[14.673909] (path_generator) StdoutLine: {'line': b'-- Found OpenSSL: /usr/lib/x86_64-linux-gnu/libcrypto.so (found version "3.0.2")\n'}
[14.677179] (ndt_localization) StdoutLine: {'line': b'-- Found OpenSSL: /usr/lib/x86_64-linux-gnu/libcrypto.so (found version "3.0.2")\n'}
[14.683412] (kiss_icp) StdoutLine: {'line': b'-- Found OpenSSL: /usr/lib/x86_64-linux-gnu/libcrypto.so (found version "3.0.2")\n'}
[14.760545] (-) TimerEvent: {}
[14.784953] (controller) StdoutLine: {'line': b'-- Found OpenSSL: /usr/lib/x86_64-linux-gnu/libcrypto.so (found version "3.0.2")\n'}
[14.860680] (-) TimerEvent: {}
[14.923811] (robot_localization) StdoutLine: {'line': b"-- Using RMW implementation 'rmw_fastrtps_cpp' as default\n"}
[14.933450] (robot_localization) StdoutLine: {'line': b'-- Performing Test CMAKE_HAVE_LIBC_PTHREAD\n'}
[14.960846] (-) TimerEvent: {}
[15.061148] (-) TimerEvent: {}
[15.161471] (-) TimerEvent: {}
[15.163459] (robot_localization) StdoutLine: {'line': b'-- Performing Test CMAKE_HAVE_LIBC_PTHREAD - Success\n'}
[15.164277] (robot_localization) StdoutLine: {'line': b'-- Found Threads: TRUE\n'}
[15.228697] (robot_localization) StdoutLine: {'line': b'-- Found diagnostic_msgs: 4.9.1 (/opt/ros/humble/share/diagnostic_msgs/cmake)\n'}
[15.240855] (kiss_icp_wrapper) StdoutLine: {'line': b'-- Found FastRTPS: /opt/ros/humble/include\n'}
[15.249117] (robot_localization) StdoutLine: {'line': b'-- Found diagnostic_updater: 4.0.7 (/opt/ros/humble/share/diagnostic_updater/cmake)\n'}
[15.257757] (robot_localization) StdoutLine: {'line': b'-- Found geographic_msgs: 1.0.6 (/opt/ros/humble/share/geographic_msgs/cmake)\n'}
[15.261595] (-) TimerEvent: {}
[15.307392] (robot_localization) StdoutLine: {'line': b'-- Found message_filters: 4.3.18 (/opt/ros/humble/share/message_filters/cmake)\n'}
[15.311872] (robot_localization) StdoutLine: {'line': b'-- Found nav_msgs: 4.9.1 (/opt/ros/humble/share/nav_msgs/cmake)\n'}
[15.326797] (robot_localization) StdoutLine: {'line': b'-- Found rosidl_default_generators: 1.2.1 (/opt/ros/humble/share/rosidl_default_generators/cmake)\n'}
[15.337270] (robot_localization) StdoutLine: {'line': b'-- Found sensor_msgs: 4.9.1 (/opt/ros/humble/share/sensor_msgs/cmake)\n'}
[15.359312] (robot_localization) StdoutLine: {'line': b'-- Found std_srvs: 4.9.1 (/opt/ros/humble/share/std_srvs/cmake)\n'}
[15.361710] (-) TimerEvent: {}
[15.374457] (robot_localization) StdoutLine: {'line': b'-- Found tf2: 0.25.20 (/opt/ros/humble/share/tf2/cmake)\n'}
[15.376105] (boundary_detector) StdoutLine: {'line': b'-- Found FastRTPS: /opt/ros/humble/include\n'}
[15.384158] (robot_localization) StdoutLine: {'line': b'-- Found tf2_eigen: 0.25.20 (/opt/ros/humble/share/tf2_eigen/cmake)\n'}
[15.461886] (-) TimerEvent: {}
[15.499878] (robot_localization) StdoutLine: {'line': b'-- Found tf2_geometry_msgs: 0.25.20 (/opt/ros/humble/share/tf2_geometry_msgs/cmake)\n'}
[15.562048] (-) TimerEvent: {}
[15.662301] (-) TimerEvent: {}
[15.669921] (robot_localization) StdoutLine: {'line': b'-- Found eigen3_cmake_module: 0.1.1 (/opt/ros/humble/share/eigen3_cmake_module/cmake)\n'}
[15.671579] (robot_localization) StdoutLine: {'line': b'-- Found Eigen3: TRUE (found version "3.4.0")\n'}
[15.671665] (robot_localization) StdoutLine: {'line': b'-- Ensuring Eigen3 include directory is part of orocos-kdl CMake target\n'}
[15.673845] (robot_localization) StderrLine: {'line': b'CMake Warning (dev) at CMakeLists.txt:34 (find_package):\n'}
[15.673955] (robot_localization) StderrLine: {'line': b'  Policy CMP0167 is not set: The FindBoost module is removed.  Run "cmake\n'}
[15.673991] (robot_localization) StderrLine: {'line': b'  --help-policy CMP0167" for policy details.  Use the cmake_policy command to\n'}
[15.674020] (robot_localization) StderrLine: {'line': b'  set the policy and suppress this warning.\n'}
[15.674047] (robot_localization) StderrLine: {'line': b'\n'}
[15.674073] (robot_localization) StderrLine: {'line': b'This warning is for project developers.  Use -Wno-dev to suppress it.\n'}
[15.674100] (robot_localization) StderrLine: {'line': b'\n'}
[15.682324] (robot_localization) StdoutLine: {'line': b'-- Found Boost: /usr/lib/x86_64-linux-gnu/cmake/Boost-1.74.0/BoostConfig.cmake (found version "1.74.0")\n'}
[15.687880] (robot_localization) StdoutLine: {'line': b'-- Found yaml_cpp_vendor: 8.0.2 (/opt/ros/humble/share/yaml_cpp_vendor/cmake)\n'}
[15.762471] (-) TimerEvent: {}
[15.859595] (robot_localization) StdoutLine: {'line': b'-- Found GeographicLib: /usr/lib/x86_64-linux-gnu\n'}
[15.862544] (-) TimerEvent: {}
[15.962713] (-) TimerEvent: {}
[15.986609] (mission_manager) StdoutLine: {'line': b'-- Found FastRTPS: /opt/ros/humble/include\n'}
[16.062892] (-) TimerEvent: {}
[16.163165] (-) TimerEvent: {}
[16.225845] (robot_localization) StdoutLine: {'line': b'-- Found ament_cmake_cppcheck: 0.12.15 (/opt/ros/humble/share/ament_cmake_cppcheck/cmake)\n'}
[16.228930] (robot_localization) StdoutLine: {'line': b'-- Found ament_cmake_cpplint: 0.12.15 (/opt/ros/humble/share/ament_cmake_cpplint/cmake)\n'}
[16.231789] (robot_localization) StdoutLine: {'line': b'-- Found ament_cmake_uncrustify: 0.12.15 (/opt/ros/humble/share/ament_cmake_uncrustify/cmake)\n'}
[16.234648] (robot_localization) StdoutLine: {'line': b'-- Found ament_cmake_ros: 0.10.0 (/opt/ros/humble/share/ament_cmake_ros/cmake)\n'}
[16.263319] (-) TimerEvent: {}
[16.363627] (-) TimerEvent: {}
[16.435715] (cone_map_builder) StdoutLine: {'line': b'-- Found FastRTPS: /opt/ros/humble/include\n'}
[16.440941] (wuta_tools) StdoutLine: {'line': b'-- Found FastRTPS: /opt/ros/humble/include\n'}
[16.463747] (-) TimerEvent: {}
[16.501684] (camera_detection) StdoutLine: {'line': b'-- Found FastRTPS: /opt/ros/humble/include\n'}
[16.563906] (-) TimerEvent: {}
[16.664164] (-) TimerEvent: {}
[16.764377] (-) TimerEvent: {}
[16.833916] (detection_fusion) StdoutLine: {'line': b'-- Found FastRTPS: /opt/ros/humble/include\n'}
[16.839105] (robot_localization) StdoutLine: {'line': b'-- Using all available rosidl_typesupport_c: rosidl_typesupport_fastrtps_c;rosidl_typesupport_introspection_c\n'}
[16.864569] (-) TimerEvent: {}
[16.964811] (-) TimerEvent: {}
[17.053963] (robot_localization) StdoutLine: {'line': b'-- Using all available rosidl_typesupport_cpp: rosidl_typesupport_fastrtps_cpp;rosidl_typesupport_introspection_cpp\n'}
[17.056630] (robot_localization) StderrLine: {'line': b'CMake Warning (dev) at /opt/ros/humble/share/rosidl_generator_py/cmake/rosidl_generator_py_generate_interfaces.cmake:20 (find_package):\n'}
[17.056783] (robot_localization) StderrLine: {'line': b'  Policy CMP0148 is not set: The FindPythonInterp and FindPythonLibs modules\n'}
[17.056814] (robot_localization) StderrLine: {'line': b'  are removed.  Run "cmake --help-policy CMP0148" for policy details.  Use\n'}
[17.056836] (robot_localization) StderrLine: {'line': b'  the cmake_policy command to set the policy and suppress this warning.\n'}
[17.056858] (robot_localization) StderrLine: {'line': b'\n'}
[17.056877] (robot_localization) StderrLine: {'line': b'Call Stack (most recent call first):\n'}
[17.056895] (robot_localization) StderrLine: {'line': b'  /opt/ros/humble/share/ament_cmake_core/cmake/core/ament_execute_extensions.cmake:48 (include)\n'}
[17.056914] (robot_localization) StderrLine: {'line': b'  /opt/ros/humble/share/rosidl_cmake/cmake/rosidl_generate_interfaces.cmake:286 (ament_execute_extensions)\n'}
[17.056932] (robot_localization) StderrLine: {'line': b'  CMakeLists.txt:43 (rosidl_generate_interfaces)\n'}
[17.056950] (robot_localization) StderrLine: {'line': b'This warning is for project developers.  Use -Wno-dev to suppress it.\n'}
[17.056967] (robot_localization) StderrLine: {'line': b'\n'}
[17.064947] (-) TimerEvent: {}
[17.134472] (lidar_detection) StdoutLine: {'line': b'-- Found FastRTPS: /opt/ros/humble/include\n'}
[17.165117] (-) TimerEvent: {}
[17.221381] (robot_localization) StdoutLine: {'line': b'-- Found PythonInterp: /usr/bin/python3 (found suitable version "3.10.12", minimum required is "3.6")\n'}
[17.222211] (robot_localization) StdoutLine: {'line': b'-- Found python_cmake_module: 0.10.0 (/opt/ros/humble/share/python_cmake_module/cmake)\n'}
[17.222565] (robot_localization) StderrLine: {'line': b'CMake Warning (dev) at /opt/ros/humble/share/python_cmake_module/cmake/Modules/FindPythonExtra.cmake:52 (find_package):\n'}
[17.222649] (robot_localization) StderrLine: {'line': b'  Policy CMP0148 is not set: The FindPythonInterp and FindPythonLibs modules\n'}
[17.222682] (robot_localization) StderrLine: {'line': b'  are removed.  Run "cmake --help-policy CMP0148" for policy details.  Use\n'}
[17.222710] (robot_localization) StderrLine: {'line': b'  the cmake_policy command to set the policy and suppress this warning.\n'}
[17.222736] (robot_localization) StderrLine: {'line': b'\n'}
[17.222770] (robot_localization) StderrLine: {'line': b'Call Stack (most recent call first):\n'}
[17.222796] (robot_localization) StderrLine: {'line': b'  /opt/ros/humble/share/rosidl_generator_py/cmake/rosidl_generator_py_generate_interfaces.cmake:23 (find_package)\n'}
[17.222822] (robot_localization) StderrLine: {'line': b'  /opt/ros/humble/share/ament_cmake_core/cmake/core/ament_execute_extensions.cmake:48 (include)\n'}
[17.222847] (robot_localization) StderrLine: {'line': b'  /opt/ros/humble/share/rosidl_cmake/cmake/rosidl_generate_interfaces.cmake:286 (ament_execute_extensions)\n'}
[17.222872] (robot_localization) StderrLine: {'line': b'  CMakeLists.txt:43 (rosidl_generate_interfaces)\n'}
[17.222896] (robot_localization) StderrLine: {'line': b'This warning is for project developers.  Use -Wno-dev to suppress it.\n'}
[17.222921] (robot_localization) StderrLine: {'line': b'\n'}
[17.236012] (robot_localization) StderrLine: {'line': b'CMake Warning (dev) at /opt/ros/humble/share/python_cmake_module/cmake/Modules/FindPythonExtra.cmake:140 (find_package):\n'}
[17.236163] (robot_localization) StderrLine: {'line': b'  Policy CMP0148 is not set: The FindPythonInterp and FindPythonLibs modules\n'}
[17.236192] (robot_localization) StderrLine: {'line': b'  are removed.  Run "cmake --help-policy CMP0148" for policy details.  Use\n'}
[17.236215] (robot_localization) StderrLine: {'line': b'  the cmake_policy command to set the policy and suppress this warning.\n'}
[17.236235] (robot_localization) StderrLine: {'line': b'\n'}
[17.236254] (robot_localization) StderrLine: {'line': b'Call Stack (most recent call first):\n'}
[17.236272] (robot_localization) StderrLine: {'line': b'  /opt/ros/humble/share/rosidl_generator_py/cmake/rosidl_generator_py_generate_interfaces.cmake:23 (find_package)\n'}
[17.236293] (robot_localization) StderrLine: {'line': b'  /opt/ros/humble/share/ament_cmake_core/cmake/core/ament_execute_extensions.cmake:48 (include)\n'}
[17.236311] (robot_localization) StderrLine: {'line': b'  /opt/ros/humble/share/rosidl_cmake/cmake/rosidl_generate_interfaces.cmake:286 (ament_execute_extensions)\n'}
[17.236336] (robot_localization) StderrLine: {'line': b'  CMakeLists.txt:43 (rosidl_generate_interfaces)\n'}
[17.236353] (robot_localization) StderrLine: {'line': b'This warning is for project developers.  Use -Wno-dev to suppress it.\n'}
[17.236370] (robot_localization) StderrLine: {'line': b'\n'}
[17.265275] (-) TimerEvent: {}
[17.365516] (-) TimerEvent: {}
[17.465763] (-) TimerEvent: {}
[17.566036] (-) TimerEvent: {}
[17.661509] (ndt_localization) StdoutLine: {'line': b'-- Found FastRTPS: /opt/ros/humble/include\n'}
[17.666167] (-) TimerEvent: {}
[17.766423] (-) TimerEvent: {}
[17.866667] (-) TimerEvent: {}
[17.966906] (-) TimerEvent: {}
[18.067144] (-) TimerEvent: {}
[18.167425] (-) TimerEvent: {}
[18.186040] (kiss_icp) StdoutLine: {'line': b'-- Found FastRTPS: /opt/ros/humble/include\n'}
[18.267584] (-) TimerEvent: {}
[18.279814] (robot_localization) StdoutLine: {'line': b'-- Found PythonLibs: /usr/lib/x86_64-linux-gnu/libpython3.10.so (found suitable version "3.10.12", minimum required is "3.5")\n'}
[18.280064] (robot_localization) StdoutLine: {'line': b'-- Using PYTHON_EXECUTABLE: /usr/bin/python3\n'}
[18.280127] (robot_localization) StdoutLine: {'line': b'-- Using PYTHON_INCLUDE_DIRS: /usr/include/python3.10\n'}
[18.280202] (robot_localization) StdoutLine: {'line': b'-- Using PYTHON_LIBRARIES: /usr/lib/x86_64-linux-gnu/libpython3.10.so\n'}
[18.298318] (robot_localization) StdoutLine: {'line': b'-- Found PythonExtra: .so\n'}
[18.332470] (path_generator) StdoutLine: {'line': b'-- Found FastRTPS: /opt/ros/humble/include\n'}
[18.367730] (-) TimerEvent: {}
[18.410495] (robot_localization) StdoutLine: {'line': b'-- Found ament_cmake_flake8: 0.12.15 (/opt/ros/humble/share/ament_cmake_flake8/cmake)\n'}
[18.413836] (robot_localization) StdoutLine: {'line': b'-- Found ament_cmake_pep257: 0.12.15 (/opt/ros/humble/share/ament_cmake_pep257/cmake)\n'}
[18.467868] (-) TimerEvent: {}
[18.545297] (robot_localization) StdoutLine: {'line': b'-- Found ament_cmake_lint_cmake: 0.12.15 (/opt/ros/humble/share/ament_cmake_lint_cmake/cmake)\n'}
[18.547818] (robot_localization) StdoutLine: {'line': b'-- Found launch_testing_ament_cmake: 1.0.14 (/opt/ros/humble/share/launch_testing_ament_cmake/cmake)\n'}
[18.548641] (robot_localization) StderrLine: {'line': b'CMake Warning (dev) at /opt/ros/humble/share/python_cmake_module/cmake/Modules/FindPythonExtra.cmake:52 (find_package):\n'}
[18.548718] (robot_localization) StderrLine: {'line': b'  Policy CMP0148 is not set: The FindPythonInterp and FindPythonLibs modules\n'}
[18.548745] (robot_localization) StderrLine: {'line': b'  are removed.  Run "cmake --help-policy CMP0148" for policy details.  Use\n'}
[18.548768] (robot_localization) StderrLine: {'line': b'  the cmake_policy command to set the policy and suppress this warning.\n'}
[18.548787] (robot_localization) StderrLine: {'line': b'\n'}
[18.548805] (robot_localization) StderrLine: {'line': b'Call Stack (most recent call first):\n'}
[18.548824] (robot_localization) StderrLine: {'line': b'  /opt/ros/humble/share/launch_testing_ament_cmake/cmake/launch_testing_ament_cmake-extras.cmake:18 (find_package)\n'}
[18.548848] (robot_localization) StderrLine: {'line': b'  /opt/ros/humble/share/launch_testing_ament_cmake/cmake/launch_testing_ament_cmakeConfig.cmake:41 (include)\n'}
[18.548866] (robot_localization) StderrLine: {'line': b'  CMakeLists.txt:172 (find_package)\n'}
[18.548882] (robot_localization) StderrLine: {'line': b'This warning is for project developers.  Use -Wno-dev to suppress it.\n'}
[18.548901] (robot_localization) StderrLine: {'line': b'\n'}
[18.562071] (robot_localization) StderrLine: {'line': b'CMake Warning (dev) at /opt/ros/humble/share/python_cmake_module/cmake/Modules/FindPythonExtra.cmake:140 (find_package):\n'}
[18.562227] (robot_localization) StderrLine: {'line': b'  Policy CMP0148 is not set: The FindPythonInterp and FindPythonLibs modules\n'}
[18.562257] (robot_localization) StderrLine: {'line': b'  are removed.  Run "cmake --help-policy CMP0148" for policy details.  Use\n'}
[18.562281] (robot_localization) StderrLine: {'line': b'  the cmake_policy command to set the policy and suppress this warning.\n'}
[18.562311] (robot_localization) StderrLine: {'line': b'\n'}
[18.562330] (robot_localization) StderrLine: {'line': b'Call Stack (most recent call first):\n'}
[18.562348] (robot_localization) StderrLine: {'line': b'  /opt/ros/humble/share/launch_testing_ament_cmake/cmake/launch_testing_ament_cmake-extras.cmake:18 (find_package)\n'}
[18.562366] (robot_localization) StderrLine: {'line': b'  /opt/ros/humble/share/launch_testing_ament_cmake/cmake/launch_testing_ament_cmakeConfig.cmake:41 (include)\n'}
[18.562383] (robot_localization) StderrLine: {'line': b'  CMakeLists.txt:172 (find_package)\n'}
[18.562400] (robot_localization) StderrLine: {'line': b'This warning is for project developers.  Use -Wno-dev to suppress it.\n'}
[18.562417] (robot_localization) StderrLine: {'line': b'\n'}
[18.563168] (robot_localization) StdoutLine: {'line': b'-- Using PYTHON_EXECUTABLE: /usr/bin/python3\n'}
[18.563253] (robot_localization) StdoutLine: {'line': b'-- Using PYTHON_INCLUDE_DIRS: /usr/include/python3.10\n'}
[18.563274] (robot_localization) StdoutLine: {'line': b'-- Using PYTHON_LIBRARIES: /usr/lib/x86_64-linux-gnu/libpython3.10.so\n'}
[18.566347] (robot_localization) StdoutLine: {'line': b"-- Found gtest sources under '/opt/ros/humble/src/gtest_vendor': C++ tests using 'Google Test' will be built\n"}
[18.567946] (-) TimerEvent: {}
[18.569226] (robot_localization) StderrLine: {'line': b'CMake Deprecation Warning at /opt/ros/humble/src/gtest_vendor/CMakeLists.txt:2 (cmake_minimum_required):\n'}
[18.569314] (robot_localization) StderrLine: {'line': b'  Compatibility with CMake < 3.10 will be removed from a future version of\n'}
[18.569339] (robot_localization) StderrLine: {'line': b'  CMake.\n'}
[18.569361] (robot_localization) StderrLine: {'line': b'\n'}
[18.569379] (robot_localization) StderrLine: {'line': b'  Update the VERSION argument <min> value.  Or, use the <min>...<max> syntax\n'}
[18.569404] (robot_localization) StderrLine: {'line': b'  to tell CMake that the project requires at least <min> but has been updated\n'}
[18.569422] (robot_localization) StderrLine: {'line': b'  to work with policies introduced by <max> or earlier.\n'}
[18.569439] (robot_localization) StderrLine: {'line': b'\n'}
[18.569456] (robot_localization) StderrLine: {'line': b'\n'}
[18.590058] (robot_localization) StdoutLine: {'line': b'-- Configuring done (18.5s)\n'}
[18.638470] (controller) StdoutLine: {'line': b'-- Found FastRTPS: /opt/ros/humble/include\n'}
[18.668096] (-) TimerEvent: {}
[18.715956] (robot_localization) StdoutLine: {'line': b'-- Generating done (0.1s)\n'}
[18.768243] (-) TimerEvent: {}
[18.781490] (robot_localization) StdoutLine: {'line': b'-- Build files have been written to: /home/g2909/WUTA1/WUTA-FSD/ros2_ws/build/robot_localization\n'}
[18.798685] (robot_localization) CommandEnded: {'returncode': 0}
[18.800227] (robot_localization) JobProgress: {'identifier': 'robot_localization', 'progress': 'build'}
[18.800245] (robot_localization) Command: {'cmd': ['/home/g2909/.local/bin/cmake', '--build', '/home/g2909/WUTA1/WUTA-FSD/ros2_ws/build/robot_localization', '--', '-j16', '-l16'], 'cwd': '/home/g2909/WUTA1/WUTA-FSD/ros2_ws/build/robot_localization', 'env': OrderedDict([('USER', 'g2909'), ('VSCODE_WSL_EXT_LOCATION', '/mnt/c/Users/g2909/.vscode/extensions/ms-vscode-remote.remote-wsl-0.104.3'), ('SHLVL', '1'), ('LD_LIBRARY_PATH', '/opt/ros/humble/opt/rviz_ogre_vendor/lib:/opt/ros/humble/lib/x86_64-linux-gnu:/opt/ros/humble/lib'), ('HOME', '/home/g2909'), ('OLDPWD', '/home/g2909/WUTA-FSD'), ('ROS_PYTHON_VERSION', '3'), ('DBUS_SESSION_BUS_ADDRESS', 'unix:path=/run/user/1000/bus'), ('WSL_DISTRO_NAME', 'Ubuntu-22.04'), ('WAYLAND_DISPLAY', 'wayland-0'), ('ROS_DISTRO', 'humble'), ('LOGNAME', 'g2909'), ('NAME', 'GaoMing'), ('WSL_INTEROP', '/run/WSL/39189_interop'), ('PULSE_SERVER', 'unix:/mnt/wslg/PulseServer'), ('_', '/usr/bin/colcon'), ('ROS_VERSION', '2'), ('TERM', 'xterm-256color'), ('ROS_LOCALHOST_ONLY', '0'), ('PATH', '/opt/ros/humble/bin:/home/g2909/.local/bin:/usr/local/sbin:/usr/local/bin:/usr/sbin:/usr/bin:/sbin:/bin:/usr/games:/usr/local/games:/usr/lib/wsl/lib:/mnt/c/Users/g2909/bin:/mnt/c/Program Files/Git/mingw64/bin:/mnt/c/Program Files/Git/usr/local/bin:/mnt/c/Program Files/Git/usr/bin:/mnt/c/Program Files/Git/usr/bin:/mnt/c/Program Files/Git/mingw64/bin:/mnt/c/Program Files/Git/usr/bin:/mnt/c/Users/g2909/bin:/mnt/c/Program Files/NVIDIA GPU Computing Toolkit/CUDA/v12.9/bin:/mnt/c/Program Files/NVIDIA GPU Computing Toolkit/CUDA/v12.9/libnvvp:/mnt/c/Program Files/Common Files/Oracle/Java/javapath:/mnt/c/Users/g2909/miniconda3:/mnt/c/Users/g2909/miniconda3/Scripts:/mnt/c/Users/g2909/miniconda3/Library/bin:/mnt/c/Windows/system32:/mnt/c/Windows:/mnt/c/Windows/System32/Wbem:/mnt/c/Windows/System32/WindowsPowerShell/v1.0:/mnt/c/mingw64/bin:/mnt/c/Users/g2909/AppData/Local/Programs/Python/Python313:/mnt/c/Users/g2909/AppData/Local/Programs/Python/Python313/Scripts:/mnt/c/Windows/System32/OpenSSH:/mnt/c/Program Files/NVIDIA Corporation/NVIDIA App/NvDLISR:/mnt/c/Program Files (x86)/NVIDIA Corporation/PhysX/Common:/mnt/c/Program Files/dotnet:/mnt/c/Users/g2909/AppData/Local/Android/Sdk/platform-tools:/mnt/c/Program Files/Git/cmd:/mnt/d/SVN/bin:/mnt/c/Program Files/NVIDIA Corporation/Nsight Compute 2025.2.1:/mnt/c/Program Files (x86)/Windows Kits/10/Windows Performance Toolkit:/mnt/c/Program Files (x86)/Microsoft SQL Server/160/Tools/Binn:/mnt/c/Program Files/Microsoft SQL Server/160/Tools/Binn:/mnt/c/Program Files/Microsoft SQL Server/Client SDK/ODBC/170/Tools/Binn:/mnt/c/Program Files/Microsoft SQL Server/160/DTS/Binn:/mnt/c/Program Files (x86)/Windows Kits/8.1/Windows Performance Toolkit:/mnt/c/WINDOWS/system32:/mnt/c/WINDOWS:/mnt/c/WINDOWS/System32/Wbem:/mnt/c/WINDOWS/System32/WindowsPowerShell/v1.0:/mnt/c/WINDOWS/System32/OpenSSH:/mnt/c/Program Files/usbipd-win:/mnt/c/Program Files/MATLAB/R2025b/bin:/mnt/c/Program Files/NVIDIA GPU Computing Toolkit/CUDA/v12.9/bin:/mnt/c/Program Files/NVIDIA GPU Computing Toolkit/CUDA/v12.9/libnvvp:/mnt/c/Program Files/Common Files/Oracle/Java/javapath:/mnt/c/Users/g2909/miniconda3:/mnt/c/Users/g2909/miniconda3/Scripts:/mnt/c/Users/g2909/miniconda3/Library/bin:/mnt/c/Windows/system32:/mnt/c/Windows:/mnt/c/Windows/System32/Wbem:/mnt/c/Windows/System32/WindowsPowerShell/v1.0:/mnt/c/mingw64/bin:/mnt/c/Users/g2909/AppData/Local/Programs/Python/Python313:/mnt/c/Users/g2909/AppData/Local/Programs/Python/Python313/Scripts:/mnt/c/Windows/System32/OpenSSH:/mnt/c/Program Files/NVIDIA Corporation/NVIDIA App/NvDLISR:/mnt/c/Program Files (x86)/NVIDIA Corporation/PhysX/Common:/mnt/c/Program Files/dotnet:/mnt/c/Users/g2909/AppData/Local/Android/Sdk/platform-tools:/mnt/c/Program Files/Git/cmd:/mnt/d/SVN/bin:/mnt/c/Program Files/NVIDIA Corporation/Nsight Compute 2025.2.1:/mnt/c/Program Files (x86)/Windows Kits/10/Windows Performance Toolkit:/mnt/c/Program Files (x86)/Microsoft SQL Server/160/Tools/Binn:/mnt/c/Program Files/Microsoft SQL Server/160/Tools/Binn:/mnt/c/Program Files/Microsoft SQL Server/Client SDK/ODBC/170/Tools/Binn:/mnt/c/Program Files/Microsoft SQL Server/160/DTS/Binn:/mnt/c/Program Files (x86)/Windows Kits/8.1/Windows Performance Toolkit:/mnt/c/WINDOWS/system32:/mnt/c/WINDOWS:/mnt/c/WINDOWS/System32/Wbem:/mnt/c/WINDOWS/System32/WindowsPowerShell/v1.0:/mnt/c/WINDOWS/System32/OpenSSH:/mnt/c/Program Files/usbipd-win:/mnt/c/Program Files/MATLAB/R2025b/bin:/mnt/c/Users/g2909/AppData/Local/Android/Sdk/platform-tools:/mnt/d/Microsoft VS Code/bin:/mnt/c/Users/g2909/AppData/Local/Programs/Ollama:/mnt/c/Users/g2909/AppData/Local/Microsoft/WindowsApps:/mnt/c/Program Files/Git/usr/bin:/mnt/c/Program Files/Git/cmd:/mnt/c/Users/g2909/AppData/Local/Programs/nodejs:/mnt/c/Program Files/Git/usr/bin/vendor_perl:/mnt/c/Program Files/Git/usr/bin/core_perl:/snap/bin'), ('XDG_RUNTIME_DIR', '/run/user/1000/'), ('DISPLAY', ':0'), ('LANG', 'C.UTF-8'), ('AMENT_PREFIX_PATH', '/opt/ros/humble'), ('SHELL', '/bin/bash'), ('PWD', '/home/g2909/WUTA1/WUTA-FSD/ros2_ws/build/robot_localization'), ('XDG_DATA_DIRS', '/usr/local/share:/usr/share:/var/lib/snapd/desktop'), ('PYTHONPATH', '/opt/ros/humble/lib/python3.10/site-packages:/opt/ros/humble/local/lib/python3.10/dist-packages'), ('COLCON', '1'), ('WSL2_GUI_APPS_ENABLED', '1'), ('HOSTTYPE', 'x86_64'), ('WSLENV', 'VSCODE_WSL_EXT_LOCATION/up'), ('CMAKE_PREFIX_PATH', '/opt/ros/humble')]), 'shell': False}
[18.866363] (robot_localization) StdoutLine: {'line': b'[  1%] Generating C code for ROS interfaces\n'}
[18.868359] (-) TimerEvent: {}
[18.870346] (robot_localization) StdoutLine: {'line': b'[  2%] Building CXX object gtest/CMakeFiles/gtest_main.dir/src/gtest_main.cc.o\n'}
[18.870498] (robot_localization) StdoutLine: {'line': b'[  3%] Generating Rust code for ROS interfaces\n'}
[18.870742] (robot_localization) StdoutLine: {'line': b'[  4%] Generating C++ code for ROS interfaces\n'}
[18.872919] (robot_localization) StdoutLine: {'line': b'[  5%] Building CXX object gtest/CMakeFiles/gtest.dir/src/gtest-all.cc.o\n'}
[18.874867] (robot_localization) StdoutLine: {'line': b'[  5%] Built target ament_cmake_python_symlink_robot_localization\n'}
[18.968985] (-) TimerEvent: {}
[19.064577] (robot_localization) StdoutLine: {'line': b'running egg_info\n'}
[19.065817] (robot_localization) StdoutLine: {'line': b'creating robot_localization.egg-info\n'}
[19.066118] (robot_localization) StdoutLine: {'line': b'writing robot_localization.egg-info/PKG-INFO\n'}
[19.066746] (robot_localization) StdoutLine: {'line': b'writing dependency_links to robot_localization.egg-info/dependency_links.txt\n'}
[19.066811] (robot_localization) StdoutLine: {'line': b'writing top-level names to robot_localization.egg-info/top_level.txt\n'}
[19.066844] (robot_localization) StdoutLine: {'line': b"writing manifest file 'robot_localization.egg-info/SOURCES.txt'\n"}
[19.068457] (robot_localization) StdoutLine: {'line': b"reading manifest file 'robot_localization.egg-info/SOURCES.txt'\n"}
[19.068874] (-) TimerEvent: {}
[19.068894] (robot_localization) StdoutLine: {'line': b"writing manifest file 'robot_localization.egg-info/SOURCES.txt'\n"}
[19.096409] (robot_localization) StdoutLine: {'line': b'[  5%] Built target robot_localization__rs\n'}
[19.096592] (robot_localization) StdoutLine: {'line': b'[  5%] Built target ament_cmake_python_build_robot_localization_egg\n'}
[19.169058] (-) TimerEvent: {}
[19.269307] (-) TimerEvent: {}
[19.311950] (robot_localization) StdoutLine: {'line': b'[  7%] Building C object CMakeFiles/robot_localization__rosidl_generator_c.dir/rosidl_generator_c/robot_localization/srv/detail/from_ll__functions.c.o\n'}
[19.312187] (robot_localization) StdoutLine: {'line': b'[  7%] Building C object CMakeFiles/robot_localization__rosidl_generator_c.dir/rosidl_generator_c/robot_localization/srv/detail/get_state__functions.c.o\n'}
[19.312287] (robot_localization) StdoutLine: {'line': b'[  7%] Building C object CMakeFiles/robot_localization__rosidl_generator_c.dir/rosidl_generator_c/robot_localization/srv/detail/set_datum__functions.c.o\n'}
[19.312662] (robot_localization) StdoutLine: {'line': b'[  9%] Building C object CMakeFiles/robot_localization__rosidl_generator_c.dir/rosidl_generator_c/robot_localization/srv/detail/set_pose__functions.c.o\n'}
[19.312732] (robot_localization) StdoutLine: {'line': b'[  9%] Building C object CMakeFiles/robot_localization__rosidl_generator_c.dir/rosidl_generator_c/robot_localization/srv/detail/toggle_filter_processing__functions.c.o\n'}
[19.316399] (robot_localization) StdoutLine: {'line': b'[ 10%] Building C object CMakeFiles/robot_localization__rosidl_generator_c.dir/rosidl_generator_c/robot_localization/srv/detail/to_ll__functions.c.o\n'}
[19.359435] (robot_localization) StdoutLine: {'line': b'[ 10%] Built target robot_localization__cpp\n'}
[19.366464] (robot_localization) StdoutLine: {'line': b'[ 11%] Generating C++ introspection for ROS interfaces\n'}
[19.366628] (robot_localization) StdoutLine: {'line': b'[ 11%] Generating C++ type support for eProsima Fast-RTPS\n'}
[19.367168] (robot_localization) StdoutLine: {'line': b'[ 12%] Generating C++ type support dispatch for ROS interfaces\n'}
[19.369429] (-) TimerEvent: {}
[19.449462] (robot_localization) StdoutLine: {'line': b'[ 13%] Linking C shared library librobot_localization__rosidl_generator_c.so\n'}
[19.469557] (-) TimerEvent: {}
[19.569775] (-) TimerEvent: {}
[19.634745] (robot_localization) StdoutLine: {'line': b'[ 15%] Building CXX object CMakeFiles/robot_localization__rosidl_typesupport_cpp.dir/rosidl_typesupport_cpp/robot_localization/srv/get_state__type_support.cpp.o\n'}
[19.635070] (robot_localization) StdoutLine: {'line': b'[ 15%] Building CXX object CMakeFiles/robot_localization__rosidl_typesupport_cpp.dir/rosidl_typesupport_cpp/robot_localization/srv/set_pose__type_support.cpp.o\n'}
[19.635539] (robot_localization) StdoutLine: {'line': b'[ 16%] Building CXX object CMakeFiles/robot_localization__rosidl_typesupport_cpp.dir/rosidl_typesupport_cpp/robot_localization/srv/from_ll__type_support.cpp.o\n'}
[19.635883] (robot_localization) StdoutLine: {'line': b'[ 16%] Building CXX object CMakeFiles/robot_localization__rosidl_typesupport_cpp.dir/rosidl_typesupport_cpp/robot_localization/srv/set_datum__type_support.cpp.o\n'}
[19.636055] (robot_localization) StdoutLine: {'line': b'[ 17%] Building CXX object CMakeFiles/robot_localization__rosidl_typesupport_cpp.dir/rosidl_typesupport_cpp/robot_localization/srv/toggle_filter_processing__type_support.cpp.o\n'}
[19.636084] (robot_localization) StdoutLine: {'line': b'[ 18%] Building CXX object CMakeFiles/robot_localization__rosidl_typesupport_cpp.dir/rosidl_typesupport_cpp/robot_localization/srv/to_ll__type_support.cpp.o\n'}
[19.670023] (-) TimerEvent: {}
[19.695471] (robot_localization) StdoutLine: {'line': b'[ 19%] Building CXX object CMakeFiles/robot_localization__rosidl_typesupport_introspection_cpp.dir/rosidl_typesupport_introspection_cpp/robot_localization/srv/detail/get_state__type_support.cpp.o\n'}
[19.696010] (robot_localization) StdoutLine: {'line': b'[ 20%] Building CXX object CMakeFiles/robot_localization__rosidl_typesupport_introspection_cpp.dir/rosidl_typesupport_introspection_cpp/robot_localization/srv/detail/set_pose__type_support.cpp.o\n'}
[19.696746] (robot_localization) StdoutLine: {'line': b'[ 21%] Building CXX object CMakeFiles/robot_localization__rosidl_typesupport_introspection_cpp.dir/rosidl_typesupport_introspection_cpp/robot_localization/srv/detail/set_datum__type_support.cpp.o\n'}
[19.697732] (robot_localization) StdoutLine: {'line': b'[ 22%] Building CXX object CMakeFiles/robot_localization__rosidl_typesupport_introspection_cpp.dir/rosidl_typesupport_introspection_cpp/robot_localization/srv/detail/from_ll__type_support.cpp.o\n'}
[19.702926] (robot_localization) StdoutLine: {'line': b'[ 22%] Building CXX object CMakeFiles/robot_localization__rosidl_typesupport_introspection_cpp.dir/rosidl_typesupport_introspection_cpp/robot_localization/srv/detail/to_ll__type_support.cpp.o\n'}
[19.704401] (robot_localization) StdoutLine: {'line': b'[ 23%] Building CXX object CMakeFiles/robot_localization__rosidl_typesupport_introspection_cpp.dir/rosidl_typesupport_introspection_cpp/robot_localization/srv/detail/toggle_filter_processing__type_support.cpp.o\n'}
[19.770697] (-) TimerEvent: {}
[19.834520] (robot_localization) StdoutLine: {'line': b'[ 24%] Linking CXX static library libgtest_main.a\n'}
[19.847536] (robot_localization) StdoutLine: {'line': b'[ 25%] Building CXX object CMakeFiles/robot_localization__rosidl_typesupport_fastrtps_cpp.dir/rosidl_typesupport_fastrtps_cpp/robot_localization/srv/detail/dds_fastrtps/from_ll__type_support.cpp.o\n'}
[19.868578] (robot_localization) StdoutLine: {'line': b'[ 25%] Built target gtest_main\n'}
[19.872711] (-) TimerEvent: {}
[19.873129] (robot_localization) StdoutLine: {'line': b'[ 26%] Building CXX object CMakeFiles/robot_localization__rosidl_typesupport_fastrtps_cpp.dir/rosidl_typesupport_fastrtps_cpp/robot_localization/srv/detail/dds_fastrtps/get_state__type_support.cpp.o\n'}
[19.927364] (robot_localization) StdoutLine: {'line': b'[ 27%] Building CXX object CMakeFiles/robot_localization__rosidl_typesupport_fastrtps_cpp.dir/rosidl_typesupport_fastrtps_cpp/robot_localization/srv/detail/dds_fastrtps/set_datum__type_support.cpp.o\n'}
[19.942661] (robot_localization) StdoutLine: {'line': b'[ 28%] Building CXX object CMakeFiles/robot_localization__rosidl_typesupport_fastrtps_cpp.dir/rosidl_typesupport_fastrtps_cpp/robot_localization/srv/detail/dds_fastrtps/set_pose__type_support.cpp.o\n'}
[19.949293] (robot_localization) StdoutLine: {'line': b'[ 29%] Building CXX object CMakeFiles/robot_localization__rosidl_typesupport_fastrtps_cpp.dir/rosidl_typesupport_fastrtps_cpp/robot_localization/srv/detail/dds_fastrtps/toggle_filter_processing__type_support.cpp.o\n'}
[19.970060] (robot_localization) StdoutLine: {'line': b'[ 30%] Building CXX object CMakeFiles/robot_localization__rosidl_typesupport_fastrtps_cpp.dir/rosidl_typesupport_fastrtps_cpp/robot_localization/srv/detail/dds_fastrtps/to_ll__type_support.cpp.o\n'}
[19.972963] (-) TimerEvent: {}
[20.005648] (robot_localization) StdoutLine: {'line': b'[ 31%] Linking CXX shared library librobot_localization__rosidl_typesupport_cpp.so\n'}
[20.074655] (-) TimerEvent: {}
[20.175850] (-) TimerEvent: {}
[20.206368] (robot_localization) StdoutLine: {'line': b'[ 31%] Built target robot_localization__rosidl_generator_c\n'}
[20.217618] (robot_localization) StdoutLine: {'line': b'[ 32%] Generating C type support for eProsima Fast-RTPS\n'}
[20.217806] (robot_localization) StdoutLine: {'line': b'[ 32%] Generating C introspection for ROS interfaces\n'}
[20.217843] (robot_localization) StdoutLine: {'line': b'[ 33%] Generating C type support dispatch for ROS interfaces\n'}
[20.242221] (robot_localization) StdoutLine: {'line': b'[ 34%] Linking CXX shared library librobot_localization__rosidl_typesupport_introspection_cpp.so\n'}
[20.276131] (-) TimerEvent: {}
[20.376813] (-) TimerEvent: {}
[20.403879] (robot_localization) StdoutLine: {'line': b'[ 35%] Linking CXX shared library librobot_localization__rosidl_typesupport_fastrtps_cpp.so\n'}
[20.474122] (robot_localization) StdoutLine: {'line': b'[ 36%] Building CXX object CMakeFiles/robot_localization__rosidl_typesupport_c.dir/rosidl_typesupport_c/robot_localization/srv/set_pose__type_support.cpp.o\n'}
[20.474595] (robot_localization) StdoutLine: {'line': b'[ 38%] Building CXX object CMakeFiles/robot_localization__rosidl_typesupport_c.dir/rosidl_typesupport_c/robot_localization/srv/from_ll__type_support.cpp.o\n'}
[20.474665] (robot_localization) StdoutLine: {'line': b'[ 38%] Building CXX object CMakeFiles/robot_localization__rosidl_typesupport_c.dir/rosidl_typesupport_c/robot_localization/srv/get_state__type_support.cpp.o\n'}
[20.474704] (robot_localization) StdoutLine: {'line': b'[ 39%] Building CXX object CMakeFiles/robot_localization__rosidl_typesupport_c.dir/rosidl_typesupport_c/robot_localization/srv/toggle_filter_processing__type_support.cpp.o\n'}
[20.475077] (robot_localization) StdoutLine: {'line': b'[ 40%] Building CXX object CMakeFiles/robot_localization__rosidl_typesupport_c.dir/rosidl_typesupport_c/robot_localization/srv/to_ll__type_support.cpp.o\n'}
[20.475175] (robot_localization) StdoutLine: {'line': b'[ 40%] Building CXX object CMakeFiles/robot_localization__rosidl_typesupport_c.dir/rosidl_typesupport_c/robot_localization/srv/set_datum__type_support.cpp.o\n'}
[20.476955] (-) TimerEvent: {}
[20.499086] (robot_localization) StdoutLine: {'line': b'[ 41%] Linking CXX shared library librobot_localization__rosidl_typesupport_c.so\n'}
[20.503993] (robot_localization) StdoutLine: {'line': b'[ 41%] Built target robot_localization__rosidl_typesupport_cpp\n'}
[20.515231] (robot_localization) StdoutLine: {'line': b'[ 43%] Building CXX object CMakeFiles/rl_lib.dir/src/ukf.cpp.o\n'}
[20.515425] (robot_localization) StdoutLine: {'line': b'[ 44%] Building CXX object CMakeFiles/rl_lib.dir/src/navsat_transform.cpp.o\n'}
[20.515461] (robot_localization) StdoutLine: {'line': b'[ 43%] Building CXX object CMakeFiles/rl_lib.dir/src/ekf.cpp.o\n'}
[20.515507] (robot_localization) StdoutLine: {'line': b'[ 46%] Building CXX object CMakeFiles/rl_lib.dir/src/filter_base.cpp.o\n'}
[20.515675] (robot_localization) StdoutLine: {'line': b'[ 46%] Building CXX object CMakeFiles/rl_lib.dir/src/filter_utilities.cpp.o\n'}
[20.516308] (robot_localization) StdoutLine: {'line': b'[ 46%] Building CXX object CMakeFiles/rl_lib.dir/src/ros_filter.cpp.o\n'}
[20.516437] (robot_localization) StdoutLine: {'line': b'[ 47%] Building CXX object CMakeFiles/rl_lib.dir/src/ros_filter_utilities.cpp.o\n'}
[20.516525] (robot_localization) StdoutLine: {'line': b'[ 48%] Building CXX object CMakeFiles/rl_lib.dir/src/robot_localization_estimator.cpp.o\n'}
[20.516560] (robot_localization) StdoutLine: {'line': b'[ 49%] Building CXX object CMakeFiles/rl_lib.dir/src/ros_robot_localization_listener.cpp.o\n'}
[20.579202] (robot_localization) StdoutLine: {'line': b'[ 50%] Building CXX object CMakeFiles/robot_localization__rosidl_typesupport_fastrtps_c.dir/rosidl_typesupport_fastrtps_c/robot_localization/srv/detail/from_ll__type_support_c.cpp.o\n'}
[20.579389] (-) TimerEvent: {}
[20.579428] (robot_localization) StdoutLine: {'line': b'[ 50%] Building CXX object CMakeFiles/robot_localization__rosidl_typesupport_fastrtps_c.dir/rosidl_typesupport_fastrtps_c/robot_localization/srv/detail/get_state__type_support_c.cpp.o\n'}
[20.626075] (robot_localization) StdoutLine: {'line': b'[ 51%] Building C object CMakeFiles/robot_localization__rosidl_typesupport_introspection_c.dir/rosidl_typesupport_introspection_c/robot_localization/srv/detail/from_ll__type_support.c.o\n'}
[20.672971] (robot_localization) StdoutLine: {'line': b'[ 52%] Building C object CMakeFiles/robot_localization__rosidl_typesupport_introspection_c.dir/rosidl_typesupport_introspection_c/robot_localization/srv/detail/get_state__type_support.c.o\n'}
[20.680140] (-) TimerEvent: {}
[20.727712] (robot_localization) StdoutLine: {'line': b'[ 53%] Building C object CMakeFiles/robot_localization__rosidl_typesupport_introspection_c.dir/rosidl_typesupport_introspection_c/robot_localization/srv/detail/set_datum__type_support.c.o\n'}
[20.777184] (robot_localization) StdoutLine: {'line': b'[ 54%] Building C object CMakeFiles/robot_localization__rosidl_typesupport_introspection_c.dir/rosidl_typesupport_introspection_c/robot_localization/srv/detail/set_pose__type_support.c.o\n'}
[20.780653] (-) TimerEvent: {}
[20.797373] (robot_localization) StdoutLine: {'line': b'[ 54%] Built target robot_localization__rosidl_typesupport_introspection_cpp\n'}
[20.804641] (robot_localization) StdoutLine: {'line': b'[ 55%] Building C object CMakeFiles/robot_localization__rosidl_typesupport_introspection_c.dir/rosidl_typesupport_introspection_c/robot_localization/srv/detail/toggle_filter_processing__type_support.c.o\n'}
[20.840198] (robot_localization) StdoutLine: {'line': b'[ 56%] Building C object CMakeFiles/robot_localization__rosidl_typesupport_introspection_c.dir/rosidl_typesupport_introspection_c/robot_localization/srv/detail/to_ll__type_support.c.o\n'}
[20.864029] (robot_localization) StdoutLine: {'line': b'[ 57%] Building CXX object CMakeFiles/robot_localization__rosidl_typesupport_fastrtps_c.dir/rosidl_typesupport_fastrtps_c/robot_localization/srv/detail/set_datum__type_support_c.cpp.o\n'}
[20.880789] (-) TimerEvent: {}
[20.908121] (robot_localization) StdoutLine: {'line': b'[ 58%] Linking C shared library librobot_localization__rosidl_typesupport_introspection_c.so\n'}
[20.960449] (robot_localization) StdoutLine: {'line': b'[ 59%] Building CXX object CMakeFiles/robot_localization__rosidl_typesupport_fastrtps_c.dir/rosidl_typesupport_fastrtps_c/robot_localization/srv/detail/set_pose__type_support_c.cpp.o\n'}
[20.981411] (-) TimerEvent: {}
[21.084678] (-) TimerEvent: {}
[21.090964] (robot_localization) StdoutLine: {'line': b'[ 60%] Building CXX object CMakeFiles/robot_localization__rosidl_typesupport_fastrtps_c.dir/rosidl_typesupport_fastrtps_c/robot_localization/srv/detail/toggle_filter_processing__type_support_c.cpp.o\n'}
[21.191758] (-) TimerEvent: {}
[21.286345] (robot_localization) StdoutLine: {'line': b'[ 60%] Built target robot_localization__rosidl_typesupport_fastrtps_cpp\n'}
[21.291673] (-) TimerEvent: {}
[21.294521] (robot_localization) StdoutLine: {'line': b'[ 61%] Building CXX object CMakeFiles/robot_localization__rosidl_typesupport_fastrtps_c.dir/rosidl_typesupport_fastrtps_c/robot_localization/srv/detail/to_ll__type_support_c.cpp.o\n'}
[21.333047] (robot_localization) StdoutLine: {'line': b'[ 61%] Built target robot_localization__rosidl_typesupport_c\n'}
[21.396986] (-) TimerEvent: {}
[21.499035] (-) TimerEvent: {}
[21.599351] (-) TimerEvent: {}
[21.634860] (robot_localization) StdoutLine: {'line': b'[ 61%] Built target robot_localization__rosidl_typesupport_introspection_c\n'}
[21.699593] (-) TimerEvent: {}
[21.800097] (-) TimerEvent: {}
[21.832290] (robot_localization) StdoutLine: {'line': b'[ 62%] Linking CXX shared library librobot_localization__rosidl_typesupport_fastrtps_c.so\n'}
[21.900284] (-) TimerEvent: {}
[22.001683] (-) TimerEvent: {}
[22.104910] (-) TimerEvent: {}
[22.205527] (-) TimerEvent: {}
[22.305848] (-) TimerEvent: {}
[22.406381] (-) TimerEvent: {}
[22.507535] (-) TimerEvent: {}
[22.609117] (-) TimerEvent: {}
[22.710440] (-) TimerEvent: {}
[22.815681] (-) TimerEvent: {}
[22.857702] (robot_localization) StdoutLine: {'line': b'[ 62%] Built target robot_localization__rosidl_typesupport_fastrtps_c\n'}
[22.879828] (robot_localization) StdoutLine: {'line': b'[ 62%] Built target robot_localization\n'}
[22.896655] (robot_localization) StdoutLine: {'line': b'[ 63%] Generating Python code for ROS interfaces\n'}
[22.916028] (-) TimerEvent: {}
[23.016308] (-) TimerEvent: {}
[23.116605] (-) TimerEvent: {}
[23.216876] (-) TimerEvent: {}
[23.317199] (-) TimerEvent: {}
[23.417461] (-) TimerEvent: {}
[23.517939] (-) TimerEvent: {}
[23.618307] (-) TimerEvent: {}
[23.718602] (-) TimerEvent: {}
[23.791206] (robot_localization) StdoutLine: {'line': b'[ 63%] Built target robot_localization__py\n'}
[23.808150] (robot_localization) StdoutLine: {'line': b'[ 65%] Building C object CMakeFiles/robot_localization__rosidl_generator_py.dir/rosidl_generator_py/robot_localization/srv/_from_ll_s.c.o\n'}
[23.808414] (robot_localization) StdoutLine: {'line': b'[ 65%] Building C object CMakeFiles/robot_localization__rosidl_generator_py.dir/rosidl_generator_py/robot_localization/srv/_get_state_s.c.o\n'}
[23.808456] (robot_localization) StdoutLine: {'line': b'[ 65%] Building C object CMakeFiles/robot_localization__rosidl_generator_py.dir/rosidl_generator_py/robot_localization/srv/_set_datum_s.c.o\n'}
[23.808485] (robot_localization) StdoutLine: {'line': b'[ 66%] Building C object CMakeFiles/robot_localization__rosidl_generator_py.dir/rosidl_generator_py/robot_localization/srv/_set_pose_s.c.o\n'}
[23.819855] (robot_localization) StdoutLine: {'line': b'[ 67%] Building C object CMakeFiles/robot_localization__rosidl_generator_py.dir/rosidl_generator_py/robot_localization/srv/_toggle_filter_processing_s.c.o\n'}
[23.820067] (-) TimerEvent: {}
[23.828654] (robot_localization) StdoutLine: {'line': b'[ 68%] Building C object CMakeFiles/robot_localization__rosidl_generator_py.dir/rosidl_generator_py/robot_localization/srv/_to_ll_s.c.o\n'}
[23.863999] (kiss_icp_wrapper) StdoutLine: {'line': b"-- Using RMW implementation 'rmw_fastrtps_cpp' as default\n"}
[23.880641] (kiss_icp_wrapper) StdoutLine: {'line': b'-- Performing Test CMAKE_HAVE_LIBC_PTHREAD\n'}
[23.932963] (-) TimerEvent: {}
[24.033341] (-) TimerEvent: {}
[24.044030] (robot_localization) StdoutLine: {'line': b'[ 69%] Linking C shared library rosidl_generator_py/robot_localization/librobot_localization__rosidl_generator_py.so\n'}
[24.133503] (-) TimerEvent: {}
[24.233810] (-) TimerEvent: {}
[24.334099] (-) TimerEvent: {}
[24.434447] (-) TimerEvent: {}
[24.459639] (kiss_icp_wrapper) StdoutLine: {'line': b'-- Performing Test CMAKE_HAVE_LIBC_PTHREAD - Success\n'}
[24.459849] (kiss_icp_wrapper) StdoutLine: {'line': b'-- Found Threads: TRUE\n'}
[24.518264] (kiss_icp_wrapper) StdoutLine: {'line': b'-- Found wuta_msgs: 1.0.0 (/home/g2909/WUTA1/WUTA-FSD/ros2_ws/install/wuta_msgs/share/wuta_msgs/cmake)\n'}
[24.532564] (robot_localization) StdoutLine: {'line': b'[ 69%] Built target robot_localization__rosidl_generator_py\n'}
[24.534734] (-) TimerEvent: {}
[24.556782] (robot_localization) StdoutLine: {'line': b'[ 69%] Building C object CMakeFiles/robot_localization__rosidl_typesupport_introspection_c__pyext.dir/rosidl_generator_py/robot_localization/_robot_localization_s.ep.rosidl_typesupport_introspection_c.c.o\n'}
[24.557003] (robot_localization) StdoutLine: {'line': b'[ 70%] Building C object CMakeFiles/robot_localization__rosidl_typesupport_c__pyext.dir/rosidl_generator_py/robot_localization/_robot_localization_s.ep.rosidl_typesupport_c.c.o\n'}
[24.558938] (robot_localization) StdoutLine: {'line': b'[ 71%] Building C object CMakeFiles/robot_localization__rosidl_typesupport_fastrtps_c__pyext.dir/rosidl_generator_py/robot_localization/_robot_localization_s.ep.rosidl_typesupport_fastrtps_c.c.o\n'}
[24.634877] (-) TimerEvent: {}
[24.660001] (kiss_icp_wrapper) StdoutLine: {'line': b'-- Configuring done (15.7s)\n'}
[24.671567] (kiss_icp_wrapper) StdoutLine: {'line': b'-- Generating done (0.0s)\n'}
[24.693189] (kiss_icp_wrapper) StdoutLine: {'line': b'-- Build files have been written to: /home/g2909/WUTA1/WUTA-FSD/ros2_ws/build/kiss_icp_wrapper\n'}
[24.726477] (kiss_icp_wrapper) CommandEnded: {'returncode': 0}
[24.727075] (kiss_icp_wrapper) JobProgress: {'identifier': 'kiss_icp_wrapper', 'progress': 'build'}
[24.727290] (kiss_icp_wrapper) Command: {'cmd': ['/home/g2909/.local/bin/cmake', '--build', '/home/g2909/WUTA1/WUTA-FSD/ros2_ws/build/kiss_icp_wrapper', '--', '-j16', '-l16'], 'cwd': '/home/g2909/WUTA1/WUTA-FSD/ros2_ws/build/kiss_icp_wrapper', 'env': OrderedDict([('USER', 'g2909'), ('VSCODE_WSL_EXT_LOCATION', '/mnt/c/Users/g2909/.vscode/extensions/ms-vscode-remote.remote-wsl-0.104.3'), ('SHLVL', '1'), ('LD_LIBRARY_PATH', '/home/g2909/WUTA1/WUTA-FSD/ros2_ws/install/wuta_msgs/lib:/opt/ros/humble/opt/rviz_ogre_vendor/lib:/opt/ros/humble/lib/x86_64-linux-gnu:/opt/ros/humble/lib'), ('HOME', '/home/g2909'), ('OLDPWD', '/home/g2909/WUTA-FSD'), ('ROS_PYTHON_VERSION', '3'), ('DBUS_SESSION_BUS_ADDRESS', 'unix:path=/run/user/1000/bus'), ('WSL_DISTRO_NAME', 'Ubuntu-22.04'), ('WAYLAND_DISPLAY', 'wayland-0'), ('ROS_DISTRO', 'humble'), ('LOGNAME', 'g2909'), ('NAME', 'GaoMing'), ('WSL_INTEROP', '/run/WSL/39189_interop'), ('PULSE_SERVER', 'unix:/mnt/wslg/PulseServer'), ('_', '/usr/bin/colcon'), ('ROS_VERSION', '2'), ('TERM', 'xterm-256color'), ('ROS_LOCALHOST_ONLY', '0'), ('PATH', '/opt/ros/humble/bin:/home/g2909/.local/bin:/usr/local/sbin:/usr/local/bin:/usr/sbin:/usr/bin:/sbin:/bin:/usr/games:/usr/local/games:/usr/lib/wsl/lib:/mnt/c/Users/g2909/bin:/mnt/c/Program Files/Git/mingw64/bin:/mnt/c/Program Files/Git/usr/local/bin:/mnt/c/Program Files/Git/usr/bin:/mnt/c/Program Files/Git/usr/bin:/mnt/c/Program Files/Git/mingw64/bin:/mnt/c/Program Files/Git/usr/bin:/mnt/c/Users/g2909/bin:/mnt/c/Program Files/NVIDIA GPU Computing Toolkit/CUDA/v12.9/bin:/mnt/c/Program Files/NVIDIA GPU Computing Toolkit/CUDA/v12.9/libnvvp:/mnt/c/Program Files/Common Files/Oracle/Java/javapath:/mnt/c/Users/g2909/miniconda3:/mnt/c/Users/g2909/miniconda3/Scripts:/mnt/c/Users/g2909/miniconda3/Library/bin:/mnt/c/Windows/system32:/mnt/c/Windows:/mnt/c/Windows/System32/Wbem:/mnt/c/Windows/System32/WindowsPowerShell/v1.0:/mnt/c/mingw64/bin:/mnt/c/Users/g2909/AppData/Local/Programs/Python/Python313:/mnt/c/Users/g2909/AppData/Local/Programs/Python/Python313/Scripts:/mnt/c/Windows/System32/OpenSSH:/mnt/c/Program Files/NVIDIA Corporation/NVIDIA App/NvDLISR:/mnt/c/Program Files (x86)/NVIDIA Corporation/PhysX/Common:/mnt/c/Program Files/dotnet:/mnt/c/Users/g2909/AppData/Local/Android/Sdk/platform-tools:/mnt/c/Program Files/Git/cmd:/mnt/d/SVN/bin:/mnt/c/Program Files/NVIDIA Corporation/Nsight Compute 2025.2.1:/mnt/c/Program Files (x86)/Windows Kits/10/Windows Performance Toolkit:/mnt/c/Program Files (x86)/Microsoft SQL Server/160/Tools/Binn:/mnt/c/Program Files/Microsoft SQL Server/160/Tools/Binn:/mnt/c/Program Files/Microsoft SQL Server/Client SDK/ODBC/170/Tools/Binn:/mnt/c/Program Files/Microsoft SQL Server/160/DTS/Binn:/mnt/c/Program Files (x86)/Windows Kits/8.1/Windows Performance Toolkit:/mnt/c/WINDOWS/system32:/mnt/c/WINDOWS:/mnt/c/WINDOWS/System32/Wbem:/mnt/c/WINDOWS/System32/WindowsPowerShell/v1.0:/mnt/c/WINDOWS/System32/OpenSSH:/mnt/c/Program Files/usbipd-win:/mnt/c/Program Files/MATLAB/R2025b/bin:/mnt/c/Program Files/NVIDIA GPU Computing Toolkit/CUDA/v12.9/bin:/mnt/c/Program Files/NVIDIA GPU Computing Toolkit/CUDA/v12.9/libnvvp:/mnt/c/Program Files/Common Files/Oracle/Java/javapath:/mnt/c/Users/g2909/miniconda3:/mnt/c/Users/g2909/miniconda3/Scripts:/mnt/c/Users/g2909/miniconda3/Library/bin:/mnt/c/Windows/system32:/mnt/c/Windows:/mnt/c/Windows/System32/Wbem:/mnt/c/Windows/System32/WindowsPowerShell/v1.0:/mnt/c/mingw64/bin:/mnt/c/Users/g2909/AppData/Local/Programs/Python/Python313:/mnt/c/Users/g2909/AppData/Local/Programs/Python/Python313/Scripts:/mnt/c/Windows/System32/OpenSSH:/mnt/c/Program Files/NVIDIA Corporation/NVIDIA App/NvDLISR:/mnt/c/Program Files (x86)/NVIDIA Corporation/PhysX/Common:/mnt/c/Program Files/dotnet:/mnt/c/Users/g2909/AppData/Local/Android/Sdk/platform-tools:/mnt/c/Program Files/Git/cmd:/mnt/d/SVN/bin:/mnt/c/Program Files/NVIDIA Corporation/Nsight Compute 2025.2.1:/mnt/c/Program Files (x86)/Windows Kits/10/Windows Performance Toolkit:/mnt/c/Program Files (x86)/Microsoft SQL Server/160/Tools/Binn:/mnt/c/Program Files/Microsoft SQL Server/160/Tools/Binn:/mnt/c/Program Files/Microsoft SQL Server/Client SDK/ODBC/170/Tools/Binn:/mnt/c/Program Files/Microsoft SQL Server/160/DTS/Binn:/mnt/c/Program Files (x86)/Windows Kits/8.1/Windows Performance Toolkit:/mnt/c/WINDOWS/system32:/mnt/c/WINDOWS:/mnt/c/WINDOWS/System32/Wbem:/mnt/c/WINDOWS/System32/WindowsPowerShell/v1.0:/mnt/c/WINDOWS/System32/OpenSSH:/mnt/c/Program Files/usbipd-win:/mnt/c/Program Files/MATLAB/R2025b/bin:/mnt/c/Users/g2909/AppData/Local/Android/Sdk/platform-tools:/mnt/d/Microsoft VS Code/bin:/mnt/c/Users/g2909/AppData/Local/Programs/Ollama:/mnt/c/Users/g2909/AppData/Local/Microsoft/WindowsApps:/mnt/c/Program Files/Git/usr/bin:/mnt/c/Program Files/Git/cmd:/mnt/c/Users/g2909/AppData/Local/Programs/nodejs:/mnt/c/Program Files/Git/usr/bin/vendor_perl:/mnt/c/Program Files/Git/usr/bin/core_perl:/snap/bin'), ('XDG_RUNTIME_DIR', '/run/user/1000/'), ('DISPLAY', ':0'), ('LANG', 'C.UTF-8'), ('AMENT_PREFIX_PATH', '/home/g2909/WUTA1/WUTA-FSD/ros2_ws/install/wuta_msgs:/opt/ros/humble'), ('SHELL', '/bin/bash'), ('PWD', '/home/g2909/WUTA1/WUTA-FSD/ros2_ws/build/kiss_icp_wrapper'), ('XDG_DATA_DIRS', '/usr/local/share:/usr/share:/var/lib/snapd/desktop'), ('PYTHONPATH', '/home/g2909/WUTA1/WUTA-FSD/ros2_ws/install/wuta_msgs/local/lib/python3.10/dist-packages:/opt/ros/humble/lib/python3.10/site-packages:/opt/ros/humble/local/lib/python3.10/dist-packages'), ('COLCON', '1'), ('WSL2_GUI_APPS_ENABLED', '1'), ('HOSTTYPE', 'x86_64'), ('WSLENV', 'VSCODE_WSL_EXT_LOCATION/up'), ('CMAKE_PREFIX_PATH', '/home/g2909/WUTA1/WUTA-FSD/ros2_ws/install/wuta_msgs:/opt/ros/humble')]), 'shell': False}
[24.735025] (-) TimerEvent: {}
[24.836246] (-) TimerEvent: {}
[24.838460] (kiss_icp_wrapper) CommandEnded: {'returncode': 0}
[24.847732] (kiss_icp_wrapper) JobProgress: {'identifier': 'kiss_icp_wrapper', 'progress': 'install'}
[24.847770] (kiss_icp_wrapper) Command: {'cmd': ['/home/g2909/.local/bin/cmake', '--install', '/home/g2909/WUTA1/WUTA-FSD/ros2_ws/build/kiss_icp_wrapper'], 'cwd': '/home/g2909/WUTA1/WUTA-FSD/ros2_ws/build/kiss_icp_wrapper', 'env': OrderedDict([('USER', 'g2909'), ('VSCODE_WSL_EXT_LOCATION', '/mnt/c/Users/g2909/.vscode/extensions/ms-vscode-remote.remote-wsl-0.104.3'), ('SHLVL', '1'), ('LD_LIBRARY_PATH', '/home/g2909/WUTA1/WUTA-FSD/ros2_ws/install/wuta_msgs/lib:/opt/ros/humble/opt/rviz_ogre_vendor/lib:/opt/ros/humble/lib/x86_64-linux-gnu:/opt/ros/humble/lib'), ('HOME', '/home/g2909'), ('OLDPWD', '/home/g2909/WUTA-FSD'), ('ROS_PYTHON_VERSION', '3'), ('DBUS_SESSION_BUS_ADDRESS', 'unix:path=/run/user/1000/bus'), ('WSL_DISTRO_NAME', 'Ubuntu-22.04'), ('WAYLAND_DISPLAY', 'wayland-0'), ('ROS_DISTRO', 'humble'), ('LOGNAME', 'g2909'), ('NAME', 'GaoMing'), ('WSL_INTEROP', '/run/WSL/39189_interop'), ('PULSE_SERVER', 'unix:/mnt/wslg/PulseServer'), ('_', '/usr/bin/colcon'), ('ROS_VERSION', '2'), ('TERM', 'xterm-256color'), ('ROS_LOCALHOST_ONLY', '0'), ('PATH', '/opt/ros/humble/bin:/home/g2909/.local/bin:/usr/local/sbin:/usr/local/bin:/usr/sbin:/usr/bin:/sbin:/bin:/usr/games:/usr/local/games:/usr/lib/wsl/lib:/mnt/c/Users/g2909/bin:/mnt/c/Program Files/Git/mingw64/bin:/mnt/c/Program Files/Git/usr/local/bin:/mnt/c/Program Files/Git/usr/bin:/mnt/c/Program Files/Git/usr/bin:/mnt/c/Program Files/Git/mingw64/bin:/mnt/c/Program Files/Git/usr/bin:/mnt/c/Users/g2909/bin:/mnt/c/Program Files/NVIDIA GPU Computing Toolkit/CUDA/v12.9/bin:/mnt/c/Program Files/NVIDIA GPU Computing Toolkit/CUDA/v12.9/libnvvp:/mnt/c/Program Files/Common Files/Oracle/Java/javapath:/mnt/c/Users/g2909/miniconda3:/mnt/c/Users/g2909/miniconda3/Scripts:/mnt/c/Users/g2909/miniconda3/Library/bin:/mnt/c/Windows/system32:/mnt/c/Windows:/mnt/c/Windows/System32/Wbem:/mnt/c/Windows/System32/WindowsPowerShell/v1.0:/mnt/c/mingw64/bin:/mnt/c/Users/g2909/AppData/Local/Programs/Python/Python313:/mnt/c/Users/g2909/AppData/Local/Programs/Python/Python313/Scripts:/mnt/c/Windows/System32/OpenSSH:/mnt/c/Program Files/NVIDIA Corporation/NVIDIA App/NvDLISR:/mnt/c/Program Files (x86)/NVIDIA Corporation/PhysX/Common:/mnt/c/Program Files/dotnet:/mnt/c/Users/g2909/AppData/Local/Android/Sdk/platform-tools:/mnt/c/Program Files/Git/cmd:/mnt/d/SVN/bin:/mnt/c/Program Files/NVIDIA Corporation/Nsight Compute 2025.2.1:/mnt/c/Program Files (x86)/Windows Kits/10/Windows Performance Toolkit:/mnt/c/Program Files (x86)/Microsoft SQL Server/160/Tools/Binn:/mnt/c/Program Files/Microsoft SQL Server/160/Tools/Binn:/mnt/c/Program Files/Microsoft SQL Server/Client SDK/ODBC/170/Tools/Binn:/mnt/c/Program Files/Microsoft SQL Server/160/DTS/Binn:/mnt/c/Program Files (x86)/Windows Kits/8.1/Windows Performance Toolkit:/mnt/c/WINDOWS/system32:/mnt/c/WINDOWS:/mnt/c/WINDOWS/System32/Wbem:/mnt/c/WINDOWS/System32/WindowsPowerShell/v1.0:/mnt/c/WINDOWS/System32/OpenSSH:/mnt/c/Program Files/usbipd-win:/mnt/c/Program Files/MATLAB/R2025b/bin:/mnt/c/Program Files/NVIDIA GPU Computing Toolkit/CUDA/v12.9/bin:/mnt/c/Program Files/NVIDIA GPU Computing Toolkit/CUDA/v12.9/libnvvp:/mnt/c/Program Files/Common Files/Oracle/Java/javapath:/mnt/c/Users/g2909/miniconda3:/mnt/c/Users/g2909/miniconda3/Scripts:/mnt/c/Users/g2909/miniconda3/Library/bin:/mnt/c/Windows/system32:/mnt/c/Windows:/mnt/c/Windows/System32/Wbem:/mnt/c/Windows/System32/WindowsPowerShell/v1.0:/mnt/c/mingw64/bin:/mnt/c/Users/g2909/AppData/Local/Programs/Python/Python313:/mnt/c/Users/g2909/AppData/Local/Programs/Python/Python313/Scripts:/mnt/c/Windows/System32/OpenSSH:/mnt/c/Program Files/NVIDIA Corporation/NVIDIA App/NvDLISR:/mnt/c/Program Files (x86)/NVIDIA Corporation/PhysX/Common:/mnt/c/Program Files/dotnet:/mnt/c/Users/g2909/AppData/Local/Android/Sdk/platform-tools:/mnt/c/Program Files/Git/cmd:/mnt/d/SVN/bin:/mnt/c/Program Files/NVIDIA Corporation/Nsight Compute 2025.2.1:/mnt/c/Program Files (x86)/Windows Kits/10/Windows Performance Toolkit:/mnt/c/Program Files (x86)/Microsoft SQL Server/160/Tools/Binn:/mnt/c/Program Files/Microsoft SQL Server/160/Tools/Binn:/mnt/c/Program Files/Microsoft SQL Server/Client SDK/ODBC/170/Tools/Binn:/mnt/c/Program Files/Microsoft SQL Server/160/DTS/Binn:/mnt/c/Program Files (x86)/Windows Kits/8.1/Windows Performance Toolkit:/mnt/c/WINDOWS/system32:/mnt/c/WINDOWS:/mnt/c/WINDOWS/System32/Wbem:/mnt/c/WINDOWS/System32/WindowsPowerShell/v1.0:/mnt/c/WINDOWS/System32/OpenSSH:/mnt/c/Program Files/usbipd-win:/mnt/c/Program Files/MATLAB/R2025b/bin:/mnt/c/Users/g2909/AppData/Local/Android/Sdk/platform-tools:/mnt/d/Microsoft VS Code/bin:/mnt/c/Users/g2909/AppData/Local/Programs/Ollama:/mnt/c/Users/g2909/AppData/Local/Microsoft/WindowsApps:/mnt/c/Program Files/Git/usr/bin:/mnt/c/Program Files/Git/cmd:/mnt/c/Users/g2909/AppData/Local/Programs/nodejs:/mnt/c/Program Files/Git/usr/bin/vendor_perl:/mnt/c/Program Files/Git/usr/bin/core_perl:/snap/bin'), ('XDG_RUNTIME_DIR', '/run/user/1000/'), ('DISPLAY', ':0'), ('LANG', 'C.UTF-8'), ('AMENT_PREFIX_PATH', '/home/g2909/WUTA1/WUTA-FSD/ros2_ws/install/wuta_msgs:/opt/ros/humble'), ('SHELL', '/bin/bash'), ('PWD', '/home/g2909/WUTA1/WUTA-FSD/ros2_ws/build/kiss_icp_wrapper'), ('XDG_DATA_DIRS', '/usr/local/share:/usr/share:/var/lib/snapd/desktop'), ('PYTHONPATH', '/home/g2909/WUTA1/WUTA-FSD/ros2_ws/install/wuta_msgs/local/lib/python3.10/dist-packages:/opt/ros/humble/lib/python3.10/site-packages:/opt/ros/humble/local/lib/python3.10/dist-packages'), ('COLCON', '1'), ('WSL2_GUI_APPS_ENABLED', '1'), ('HOSTTYPE', 'x86_64'), ('WSLENV', 'VSCODE_WSL_EXT_LOCATION/up'), ('CMAKE_PREFIX_PATH', '/home/g2909/WUTA1/WUTA-FSD/ros2_ws/install/wuta_msgs:/opt/ros/humble')]), 'shell': False}
[24.871231] (robot_localization) StdoutLine: {'line': b'[ 72%] Linking C shared library rosidl_generator_py/robot_localization/robot_localization_s__rosidl_typesupport_c.cpython-310-x86_64-linux-gnu.so\n'}
[24.897356] (robot_localization) StdoutLine: {'line': b'[ 73%] Linking C shared library rosidl_generator_py/robot_localization/robot_localization_s__rosidl_typesupport_introspection_c.cpython-310-x86_64-linux-gnu.so\n'}
[24.930537] (kiss_icp_wrapper) StdoutLine: {'line': b'-- Install configuration: ""\n'}
[24.931114] (kiss_icp_wrapper) StdoutLine: {'line': b'-- Execute custom install script\n'}
[24.932306] (kiss_icp_wrapper) StdoutLine: {'line': b'-- Symlinking: /home/g2909/WUTA1/WUTA-FSD/ros2_ws/install/kiss_icp_wrapper/share/kiss_icp_wrapper/config/kiss_icp_hesai128.yaml\n'}
[24.936534] (-) TimerEvent: {}
[24.938711] (kiss_icp_wrapper) StdoutLine: {'line': b'-- Symlinking: /home/g2909/WUTA1/WUTA-FSD/ros2_ws/install/kiss_icp_wrapper/share/ament_index/resource_index/package_run_dependencies/kiss_icp_wrapper\n'}
[24.942885] (kiss_icp_wrapper) StdoutLine: {'line': b'-- Symlinking: /home/g2909/WUTA1/WUTA-FSD/ros2_ws/install/kiss_icp_wrapper/share/ament_index/resource_index/parent_prefix_path/kiss_icp_wrapper\n'}
[24.948361] (kiss_icp_wrapper) StdoutLine: {'line': b'-- Symlinking: /home/g2909/WUTA1/WUTA-FSD/ros2_ws/install/kiss_icp_wrapper/share/kiss_icp_wrapper/environment/ament_prefix_path.sh\n'}
[24.951264] (robot_localization) StdoutLine: {'line': b'[ 74%] Linking C shared library rosidl_generator_py/robot_localization/robot_localization_s__rosidl_typesupport_fastrtps_c.cpython-310-x86_64-linux-gnu.so\n'}
[24.955878] (kiss_icp_wrapper) StdoutLine: {'line': b'-- Symlinking: /home/g2909/WUTA1/WUTA-FSD/ros2_ws/install/kiss_icp_wrapper/share/kiss_icp_wrapper/environment/ament_prefix_path.dsv\n'}
[24.964938] (kiss_icp_wrapper) StdoutLine: {'line': b'-- Symlinking: /home/g2909/WUTA1/WUTA-FSD/ros2_ws/install/kiss_icp_wrapper/share/kiss_icp_wrapper/environment/path.sh\n'}
[24.969792] (kiss_icp_wrapper) StdoutLine: {'line': b'-- Symlinking: /home/g2909/WUTA1/WUTA-FSD/ros2_ws/install/kiss_icp_wrapper/share/kiss_icp_wrapper/environment/path.dsv\n'}
[24.975513] (kiss_icp_wrapper) StdoutLine: {'line': b'-- Symlinking: /home/g2909/WUTA1/WUTA-FSD/ros2_ws/install/kiss_icp_wrapper/share/kiss_icp_wrapper/local_setup.bash\n'}
[24.981883] (kiss_icp_wrapper) StdoutLine: {'line': b'-- Symlinking: /home/g2909/WUTA1/WUTA-FSD/ros2_ws/install/kiss_icp_wrapper/share/kiss_icp_wrapper/local_setup.sh\n'}
[24.989275] (kiss_icp_wrapper) StdoutLine: {'line': b'-- Symlinking: /home/g2909/WUTA1/WUTA-FSD/ros2_ws/install/kiss_icp_wrapper/share/kiss_icp_wrapper/local_setup.zsh\n'}
[24.993624] (kiss_icp_wrapper) StdoutLine: {'line': b'-- Symlinking: /home/g2909/WUTA1/WUTA-FSD/ros2_ws/install/kiss_icp_wrapper/share/kiss_icp_wrapper/local_setup.dsv\n'}
[24.999456] (kiss_icp_wrapper) StdoutLine: {'line': b'-- Symlinking: /home/g2909/WUTA1/WUTA-FSD/ros2_ws/install/kiss_icp_wrapper/share/kiss_icp_wrapper/package.dsv\n'}
[25.007726] (kiss_icp_wrapper) StdoutLine: {'line': b'-- Symlinking: /home/g2909/WUTA1/WUTA-FSD/ros2_ws/install/kiss_icp_wrapper/share/ament_index/resource_index/packages/kiss_icp_wrapper\n'}
[25.014188] (kiss_icp_wrapper) StdoutLine: {'line': b'-- Symlinking: /home/g2909/WUTA1/WUTA-FSD/ros2_ws/install/kiss_icp_wrapper/share/kiss_icp_wrapper/cmake/kiss_icp_wrapperConfig.cmake\n'}
[25.018946] (kiss_icp_wrapper) StdoutLine: {'line': b'-- Symlinking: /home/g2909/WUTA1/WUTA-FSD/ros2_ws/install/kiss_icp_wrapper/share/kiss_icp_wrapper/cmake/kiss_icp_wrapperConfig-version.cmake\n'}
[25.022547] (kiss_icp_wrapper) StdoutLine: {'line': b'-- Symlinking: /home/g2909/WUTA1/WUTA-FSD/ros2_ws/install/kiss_icp_wrapper/share/kiss_icp_wrapper/package.xml\n'}
[25.035535] (kiss_icp_wrapper) CommandEnded: {'returncode': 0}
[25.036644] (-) TimerEvent: {}
[25.047683] (kiss_icp_wrapper) JobEnded: {'identifier': 'kiss_icp_wrapper', 'rc': 0}
[25.136838] (-) TimerEvent: {}
[25.237390] (-) TimerEvent: {}
[25.341230] (-) TimerEvent: {}
[25.441845] (-) TimerEvent: {}
[25.453997] (boundary_detector) StdoutLine: {'line': b"-- Using RMW implementation 'rmw_fastrtps_cpp' as default\n"}
[25.463660] (boundary_detector) StdoutLine: {'line': b'-- Performing Test CMAKE_HAVE_LIBC_PTHREAD\n'}
[25.468153] (robot_localization) StdoutLine: {'line': b'[ 74%] Built target robot_localization__rosidl_typesupport_c__pyext\n'}
[25.470382] (robot_localization) StdoutLine: {'line': b'[ 74%] Built target robot_localization__rosidl_typesupport_introspection_c__pyext\n'}
[25.542095] (-) TimerEvent: {}
[25.605568] (robot_localization) StdoutLine: {'line': b'[ 74%] Built target robot_localization__rosidl_typesupport_fastrtps_c__pyext\n'}
[25.642875] (-) TimerEvent: {}
[25.743248] (-) TimerEvent: {}
[25.843969] (-) TimerEvent: {}
[25.944329] (-) TimerEvent: {}
[25.956443] (wuta_tools) StdoutLine: {'line': b"-- Using RMW implementation 'rmw_fastrtps_cpp' as default\n"}
[25.968978] (wuta_tools) StdoutLine: {'line': b'-- Performing Test CMAKE_HAVE_LIBC_PTHREAD\n'}
[26.044517] (-) TimerEvent: {}
[26.059469] (boundary_detector) StdoutLine: {'line': b'-- Performing Test CMAKE_HAVE_LIBC_PTHREAD - Success\n'}
[26.059715] (boundary_detector) StdoutLine: {'line': b'-- Found Threads: TRUE\n'}
[26.132295] (boundary_detector) StdoutLine: {'line': b'-- Found geometry_msgs: 4.9.1 (/opt/ros/humble/share/geometry_msgs/cmake)\n'}
[26.145011] (-) TimerEvent: {}
[26.149644] (boundary_detector) StdoutLine: {'line': b'-- Found visualization_msgs: 4.9.1 (/opt/ros/humble/share/visualization_msgs/cmake)\n'}
[26.212692] (boundary_detector) StdoutLine: {'line': b'-- Found wuta_msgs: 1.0.0 (/home/g2909/WUTA1/WUTA-FSD/ros2_ws/install/wuta_msgs/share/wuta_msgs/cmake)\n'}
[26.231626] (boundary_detector) StdoutLine: {'line': b'-- Found autoware_msgs: 1.12.0 (/opt/ros/humble/share/autoware_msgs/cmake)\n'}
[26.245218] (-) TimerEvent: {}
[26.323081] (boundary_detector) StdoutLine: {'line': b'-- Configuring done (17.4s)\n'}
[26.345366] (-) TimerEvent: {}
[26.346297] (boundary_detector) StdoutLine: {'line': b'-- Generating done (0.0s)\n'}
[26.381075] (boundary_detector) StdoutLine: {'line': b'-- Build files have been written to: /home/g2909/WUTA1/WUTA-FSD/ros2_ws/build/boundary_detector\n'}
[26.396287] (boundary_detector) CommandEnded: {'returncode': 0}
[26.398487] (boundary_detector) JobProgress: {'identifier': 'boundary_detector', 'progress': 'build'}
[26.398590] (boundary_detector) Command: {'cmd': ['/home/g2909/.local/bin/cmake', '--build', '/home/g2909/WUTA1/WUTA-FSD/ros2_ws/build/boundary_detector', '--', '-j16', '-l16'], 'cwd': '/home/g2909/WUTA1/WUTA-FSD/ros2_ws/build/boundary_detector', 'env': OrderedDict([('USER', 'g2909'), ('VSCODE_WSL_EXT_LOCATION', '/mnt/c/Users/g2909/.vscode/extensions/ms-vscode-remote.remote-wsl-0.104.3'), ('SHLVL', '1'), ('LD_LIBRARY_PATH', '/home/g2909/WUTA1/WUTA-FSD/ros2_ws/install/wuta_msgs/lib:/opt/ros/humble/opt/rviz_ogre_vendor/lib:/opt/ros/humble/lib/x86_64-linux-gnu:/opt/ros/humble/lib'), ('HOME', '/home/g2909'), ('OLDPWD', '/home/g2909/WUTA-FSD'), ('ROS_PYTHON_VERSION', '3'), ('DBUS_SESSION_BUS_ADDRESS', 'unix:path=/run/user/1000/bus'), ('WSL_DISTRO_NAME', 'Ubuntu-22.04'), ('WAYLAND_DISPLAY', 'wayland-0'), ('ROS_DISTRO', 'humble'), ('LOGNAME', 'g2909'), ('NAME', 'GaoMing'), ('WSL_INTEROP', '/run/WSL/39189_interop'), ('PULSE_SERVER', 'unix:/mnt/wslg/PulseServer'), ('_', '/usr/bin/colcon'), ('ROS_VERSION', '2'), ('TERM', 'xterm-256color'), ('ROS_LOCALHOST_ONLY', '0'), ('PATH', '/opt/ros/humble/bin:/home/g2909/.local/bin:/usr/local/sbin:/usr/local/bin:/usr/sbin:/usr/bin:/sbin:/bin:/usr/games:/usr/local/games:/usr/lib/wsl/lib:/mnt/c/Users/g2909/bin:/mnt/c/Program Files/Git/mingw64/bin:/mnt/c/Program Files/Git/usr/local/bin:/mnt/c/Program Files/Git/usr/bin:/mnt/c/Program Files/Git/usr/bin:/mnt/c/Program Files/Git/mingw64/bin:/mnt/c/Program Files/Git/usr/bin:/mnt/c/Users/g2909/bin:/mnt/c/Program Files/NVIDIA GPU Computing Toolkit/CUDA/v12.9/bin:/mnt/c/Program Files/NVIDIA GPU Computing Toolkit/CUDA/v12.9/libnvvp:/mnt/c/Program Files/Common Files/Oracle/Java/javapath:/mnt/c/Users/g2909/miniconda3:/mnt/c/Users/g2909/miniconda3/Scripts:/mnt/c/Users/g2909/miniconda3/Library/bin:/mnt/c/Windows/system32:/mnt/c/Windows:/mnt/c/Windows/System32/Wbem:/mnt/c/Windows/System32/WindowsPowerShell/v1.0:/mnt/c/mingw64/bin:/mnt/c/Users/g2909/AppData/Local/Programs/Python/Python313:/mnt/c/Users/g2909/AppData/Local/Programs/Python/Python313/Scripts:/mnt/c/Windows/System32/OpenSSH:/mnt/c/Program Files/NVIDIA Corporation/NVIDIA App/NvDLISR:/mnt/c/Program Files (x86)/NVIDIA Corporation/PhysX/Common:/mnt/c/Program Files/dotnet:/mnt/c/Users/g2909/AppData/Local/Android/Sdk/platform-tools:/mnt/c/Program Files/Git/cmd:/mnt/d/SVN/bin:/mnt/c/Program Files/NVIDIA Corporation/Nsight Compute 2025.2.1:/mnt/c/Program Files (x86)/Windows Kits/10/Windows Performance Toolkit:/mnt/c/Program Files (x86)/Microsoft SQL Server/160/Tools/Binn:/mnt/c/Program Files/Microsoft SQL Server/160/Tools/Binn:/mnt/c/Program Files/Microsoft SQL Server/Client SDK/ODBC/170/Tools/Binn:/mnt/c/Program Files/Microsoft SQL Server/160/DTS/Binn:/mnt/c/Program Files (x86)/Windows Kits/8.1/Windows Performance Toolkit:/mnt/c/WINDOWS/system32:/mnt/c/WINDOWS:/mnt/c/WINDOWS/System32/Wbem:/mnt/c/WINDOWS/System32/WindowsPowerShell/v1.0:/mnt/c/WINDOWS/System32/OpenSSH:/mnt/c/Program Files/usbipd-win:/mnt/c/Program Files/MATLAB/R2025b/bin:/mnt/c/Program Files/NVIDIA GPU Computing Toolkit/CUDA/v12.9/bin:/mnt/c/Program Files/NVIDIA GPU Computing Toolkit/CUDA/v12.9/libnvvp:/mnt/c/Program Files/Common Files/Oracle/Java/javapath:/mnt/c/Users/g2909/miniconda3:/mnt/c/Users/g2909/miniconda3/Scripts:/mnt/c/Users/g2909/miniconda3/Library/bin:/mnt/c/Windows/system32:/mnt/c/Windows:/mnt/c/Windows/System32/Wbem:/mnt/c/Windows/System32/WindowsPowerShell/v1.0:/mnt/c/mingw64/bin:/mnt/c/Users/g2909/AppData/Local/Programs/Python/Python313:/mnt/c/Users/g2909/AppData/Local/Programs/Python/Python313/Scripts:/mnt/c/Windows/System32/OpenSSH:/mnt/c/Program Files/NVIDIA Corporation/NVIDIA App/NvDLISR:/mnt/c/Program Files (x86)/NVIDIA Corporation/PhysX/Common:/mnt/c/Program Files/dotnet:/mnt/c/Users/g2909/AppData/Local/Android/Sdk/platform-tools:/mnt/c/Program Files/Git/cmd:/mnt/d/SVN/bin:/mnt/c/Program Files/NVIDIA Corporation/Nsight Compute 2025.2.1:/mnt/c/Program Files (x86)/Windows Kits/10/Windows Performance Toolkit:/mnt/c/Program Files (x86)/Microsoft SQL Server/160/Tools/Binn:/mnt/c/Program Files/Microsoft SQL Server/160/Tools/Binn:/mnt/c/Program Files/Microsoft SQL Server/Client SDK/ODBC/170/Tools/Binn:/mnt/c/Program Files/Microsoft SQL Server/160/DTS/Binn:/mnt/c/Program Files (x86)/Windows Kits/8.1/Windows Performance Toolkit:/mnt/c/WINDOWS/system32:/mnt/c/WINDOWS:/mnt/c/WINDOWS/System32/Wbem:/mnt/c/WINDOWS/System32/WindowsPowerShell/v1.0:/mnt/c/WINDOWS/System32/OpenSSH:/mnt/c/Program Files/usbipd-win:/mnt/c/Program Files/MATLAB/R2025b/bin:/mnt/c/Users/g2909/AppData/Local/Android/Sdk/platform-tools:/mnt/d/Microsoft VS Code/bin:/mnt/c/Users/g2909/AppData/Local/Programs/Ollama:/mnt/c/Users/g2909/AppData/Local/Microsoft/WindowsApps:/mnt/c/Program Files/Git/usr/bin:/mnt/c/Program Files/Git/cmd:/mnt/c/Users/g2909/AppData/Local/Programs/nodejs:/mnt/c/Program Files/Git/usr/bin/vendor_perl:/mnt/c/Program Files/Git/usr/bin/core_perl:/snap/bin'), ('XDG_RUNTIME_DIR', '/run/user/1000/'), ('DISPLAY', ':0'), ('LANG', 'C.UTF-8'), ('AMENT_PREFIX_PATH', '/home/g2909/WUTA1/WUTA-FSD/ros2_ws/install/wuta_msgs:/opt/ros/humble'), ('SHELL', '/bin/bash'), ('PWD', '/home/g2909/WUTA1/WUTA-FSD/ros2_ws/build/boundary_detector'), ('XDG_DATA_DIRS', '/usr/local/share:/usr/share:/var/lib/snapd/desktop'), ('PYTHONPATH', '/home/g2909/WUTA1/WUTA-FSD/ros2_ws/install/wuta_msgs/local/lib/python3.10/dist-packages:/opt/ros/humble/lib/python3.10/site-packages:/opt/ros/humble/local/lib/python3.10/dist-packages'), ('COLCON', '1'), ('WSL2_GUI_APPS_ENABLED', '1'), ('HOSTTYPE', 'x86_64'), ('WSLENV', 'VSCODE_WSL_EXT_LOCATION/up'), ('CMAKE_PREFIX_PATH', '/home/g2909/WUTA1/WUTA-FSD/ros2_ws/install/wuta_msgs:/opt/ros/humble')]), 'shell': False}
[26.445706] (-) TimerEvent: {}
[26.516475] (boundary_detector) StdoutLine: {'line': b'[ 12%] Building CXX object CMakeFiles/pathplanning.dir/thirdparty/pathplanning/src/Evaluation.cpp.o\n'}
[26.518696] (boundary_detector) StdoutLine: {'line': b'[ 18%] Building CXX object CMakeFiles/pathplanning.dir/thirdparty/pathplanning/src/Divide.cpp.o\n'}
[26.518765] (boundary_detector) StdoutLine: {'line': b'[ 25%] Building CXX object CMakeFiles/pathplanning.dir/thirdparty/pathplanning/src/BowyerWatson.cpp.o\n'}
[26.519343] (boundary_detector) StdoutLine: {'line': b'[ 25%] Building CXX object CMakeFiles/pathplanning.dir/thirdparty/pathplanning/src/DelaunayTriangle.cpp.o\n'}
[26.522826] (boundary_detector) StdoutLine: {'line': b'[ 31%] Building CXX object CMakeFiles/pathplanning.dir/thirdparty/pathplanning/src/Line.cpp.o\n'}
[26.524050] (boundary_detector) StdoutLine: {'line': b'[ 37%] Building CXX object CMakeFiles/pathplanning.dir/thirdparty/pathplanning/src/PathSearch.cpp.o\n'}
[26.524672] (boundary_detector) StdoutLine: {'line': b'[ 50%] Building CXX object CMakeFiles/pathplanning.dir/thirdparty/pathplanning/src/Vect.cpp.o\n'}
[26.524722] (boundary_detector) StdoutLine: {'line': b'[ 50%] Building CXX object CMakeFiles/pathplanning.dir/thirdparty/pathplanning/src/Triangle.cpp.o\n'}
[26.533005] (boundary_detector) StdoutLine: {'line': b'[ 56%] Building CXX object CMakeFiles/pathplanning.dir/thirdparty/pathplanning/src/MidPoint.cpp.o\n'}
[26.533204] (boundary_detector) StdoutLine: {'line': b'[ 62%] Building CXX object CMakeFiles/pathplanning.dir/thirdparty/pathplanning/src/GlobalVariables.cpp.o\n'}
[26.533254] (boundary_detector) StdoutLine: {'line': b'[ 68%] Building CXX object CMakeFiles/pathplanning.dir/thirdparty/pathplanning/src/Point2d.cpp.o\n'}
[26.533282] (boundary_detector) StdoutLine: {'line': b'[ 75%] Building CXX object CMakeFiles/pathplanning.dir/thirdparty/pathplanning/src/Path.cpp.o\n'}
[26.554753] (-) TimerEvent: {}
[26.576330] (boundary_detector) StdoutLine: {'line': b'[ 81%] Building CXX object CMakeFiles/pathplanning.dir/thirdparty/pathplanning/src/Tool.cpp.o\n'}
[26.657635] (-) TimerEvent: {}
[26.757992] (-) TimerEvent: {}
[26.816052] (wuta_tools) StdoutLine: {'line': b'-- Performing Test CMAKE_HAVE_LIBC_PTHREAD - Success\n'}
[26.830826] (wuta_tools) StdoutLine: {'line': b'-- Found Threads: TRUE\n'}
[26.869093] (-) TimerEvent: {}
[26.972334] (-) TimerEvent: {}
[27.007412] (wuta_tools) StdoutLine: {'line': b'-- Found wuta_msgs: 1.0.0 (/home/g2909/WUTA1/WUTA-FSD/ros2_ws/install/wuta_msgs/share/wuta_msgs/cmake)\n'}
[27.072575] (-) TimerEvent: {}
[27.172850] (-) TimerEvent: {}
[27.273259] (-) TimerEvent: {}
[27.375243] (-) TimerEvent: {}
[27.402087] (wuta_tools) StdoutLine: {'line': b'-- Configuring done (18.4s)\n'}
[27.558701] (-) TimerEvent: {}
[27.569812] (wuta_tools) StdoutLine: {'line': b'-- Generating done (0.2s)\n'}
[27.591435] (wuta_tools) StdoutLine: {'line': b'-- Build files have been written to: /home/g2909/WUTA1/WUTA-FSD/ros2_ws/build/wuta_tools\n'}
[27.616038] (wuta_tools) CommandEnded: {'returncode': 0}
[27.616687] (wuta_tools) JobProgress: {'identifier': 'wuta_tools', 'progress': 'build'}
[27.616925] (wuta_tools) Command: {'cmd': ['/home/g2909/.local/bin/cmake', '--build', '/home/g2909/WUTA1/WUTA-FSD/ros2_ws/build/wuta_tools', '--', '-j16', '-l16'], 'cwd': '/home/g2909/WUTA1/WUTA-FSD/ros2_ws/build/wuta_tools', 'env': OrderedDict([('USER', 'g2909'), ('VSCODE_WSL_EXT_LOCATION', '/mnt/c/Users/g2909/.vscode/extensions/ms-vscode-remote.remote-wsl-0.104.3'), ('SHLVL', '1'), ('LD_LIBRARY_PATH', '/home/g2909/WUTA1/WUTA-FSD/ros2_ws/install/wuta_msgs/lib:/opt/ros/humble/opt/rviz_ogre_vendor/lib:/opt/ros/humble/lib/x86_64-linux-gnu:/opt/ros/humble/lib'), ('HOME', '/home/g2909'), ('OLDPWD', '/home/g2909/WUTA-FSD'), ('ROS_PYTHON_VERSION', '3'), ('DBUS_SESSION_BUS_ADDRESS', 'unix:path=/run/user/1000/bus'), ('WSL_DISTRO_NAME', 'Ubuntu-22.04'), ('WAYLAND_DISPLAY', 'wayland-0'), ('ROS_DISTRO', 'humble'), ('LOGNAME', 'g2909'), ('NAME', 'GaoMing'), ('WSL_INTEROP', '/run/WSL/39189_interop'), ('PULSE_SERVER', 'unix:/mnt/wslg/PulseServer'), ('_', '/usr/bin/colcon'), ('ROS_VERSION', '2'), ('TERM', 'xterm-256color'), ('ROS_LOCALHOST_ONLY', '0'), ('PATH', '/opt/ros/humble/bin:/home/g2909/.local/bin:/usr/local/sbin:/usr/local/bin:/usr/sbin:/usr/bin:/sbin:/bin:/usr/games:/usr/local/games:/usr/lib/wsl/lib:/mnt/c/Users/g2909/bin:/mnt/c/Program Files/Git/mingw64/bin:/mnt/c/Program Files/Git/usr/local/bin:/mnt/c/Program Files/Git/usr/bin:/mnt/c/Program Files/Git/usr/bin:/mnt/c/Program Files/Git/mingw64/bin:/mnt/c/Program Files/Git/usr/bin:/mnt/c/Users/g2909/bin:/mnt/c/Program Files/NVIDIA GPU Computing Toolkit/CUDA/v12.9/bin:/mnt/c/Program Files/NVIDIA GPU Computing Toolkit/CUDA/v12.9/libnvvp:/mnt/c/Program Files/Common Files/Oracle/Java/javapath:/mnt/c/Users/g2909/miniconda3:/mnt/c/Users/g2909/miniconda3/Scripts:/mnt/c/Users/g2909/miniconda3/Library/bin:/mnt/c/Windows/system32:/mnt/c/Windows:/mnt/c/Windows/System32/Wbem:/mnt/c/Windows/System32/WindowsPowerShell/v1.0:/mnt/c/mingw64/bin:/mnt/c/Users/g2909/AppData/Local/Programs/Python/Python313:/mnt/c/Users/g2909/AppData/Local/Programs/Python/Python313/Scripts:/mnt/c/Windows/System32/OpenSSH:/mnt/c/Program Files/NVIDIA Corporation/NVIDIA App/NvDLISR:/mnt/c/Program Files (x86)/NVIDIA Corporation/PhysX/Common:/mnt/c/Program Files/dotnet:/mnt/c/Users/g2909/AppData/Local/Android/Sdk/platform-tools:/mnt/c/Program Files/Git/cmd:/mnt/d/SVN/bin:/mnt/c/Program Files/NVIDIA Corporation/Nsight Compute 2025.2.1:/mnt/c/Program Files (x86)/Windows Kits/10/Windows Performance Toolkit:/mnt/c/Program Files (x86)/Microsoft SQL Server/160/Tools/Binn:/mnt/c/Program Files/Microsoft SQL Server/160/Tools/Binn:/mnt/c/Program Files/Microsoft SQL Server/Client SDK/ODBC/170/Tools/Binn:/mnt/c/Program Files/Microsoft SQL Server/160/DTS/Binn:/mnt/c/Program Files (x86)/Windows Kits/8.1/Windows Performance Toolkit:/mnt/c/WINDOWS/system32:/mnt/c/WINDOWS:/mnt/c/WINDOWS/System32/Wbem:/mnt/c/WINDOWS/System32/WindowsPowerShell/v1.0:/mnt/c/WINDOWS/System32/OpenSSH:/mnt/c/Program Files/usbipd-win:/mnt/c/Program Files/MATLAB/R2025b/bin:/mnt/c/Program Files/NVIDIA GPU Computing Toolkit/CUDA/v12.9/bin:/mnt/c/Program Files/NVIDIA GPU Computing Toolkit/CUDA/v12.9/libnvvp:/mnt/c/Program Files/Common Files/Oracle/Java/javapath:/mnt/c/Users/g2909/miniconda3:/mnt/c/Users/g2909/miniconda3/Scripts:/mnt/c/Users/g2909/miniconda3/Library/bin:/mnt/c/Windows/system32:/mnt/c/Windows:/mnt/c/Windows/System32/Wbem:/mnt/c/Windows/System32/WindowsPowerShell/v1.0:/mnt/c/mingw64/bin:/mnt/c/Users/g2909/AppData/Local/Programs/Python/Python313:/mnt/c/Users/g2909/AppData/Local/Programs/Python/Python313/Scripts:/mnt/c/Windows/System32/OpenSSH:/mnt/c/Program Files/NVIDIA Corporation/NVIDIA App/NvDLISR:/mnt/c/Program Files (x86)/NVIDIA Corporation/PhysX/Common:/mnt/c/Program Files/dotnet:/mnt/c/Users/g2909/AppData/Local/Android/Sdk/platform-tools:/mnt/c/Program Files/Git/cmd:/mnt/d/SVN/bin:/mnt/c/Program Files/NVIDIA Corporation/Nsight Compute 2025.2.1:/mnt/c/Program Files (x86)/Windows Kits/10/Windows Performance Toolkit:/mnt/c/Program Files (x86)/Microsoft SQL Server/160/Tools/Binn:/mnt/c/Program Files/Microsoft SQL Server/160/Tools/Binn:/mnt/c/Program Files/Microsoft SQL Server/Client SDK/ODBC/170/Tools/Binn:/mnt/c/Program Files/Microsoft SQL Server/160/DTS/Binn:/mnt/c/Program Files (x86)/Windows Kits/8.1/Windows Performance Toolkit:/mnt/c/WINDOWS/system32:/mnt/c/WINDOWS:/mnt/c/WINDOWS/System32/Wbem:/mnt/c/WINDOWS/System32/WindowsPowerShell/v1.0:/mnt/c/WINDOWS/System32/OpenSSH:/mnt/c/Program Files/usbipd-win:/mnt/c/Program Files/MATLAB/R2025b/bin:/mnt/c/Users/g2909/AppData/Local/Android/Sdk/platform-tools:/mnt/d/Microsoft VS Code/bin:/mnt/c/Users/g2909/AppData/Local/Programs/Ollama:/mnt/c/Users/g2909/AppData/Local/Microsoft/WindowsApps:/mnt/c/Program Files/Git/usr/bin:/mnt/c/Program Files/Git/cmd:/mnt/c/Users/g2909/AppData/Local/Programs/nodejs:/mnt/c/Program Files/Git/usr/bin/vendor_perl:/mnt/c/Program Files/Git/usr/bin/core_perl:/snap/bin'), ('XDG_RUNTIME_DIR', '/run/user/1000/'), ('DISPLAY', ':0'), ('LANG', 'C.UTF-8'), ('AMENT_PREFIX_PATH', '/home/g2909/WUTA1/WUTA-FSD/ros2_ws/install/wuta_msgs:/opt/ros/humble'), ('SHELL', '/bin/bash'), ('PWD', '/home/g2909/WUTA1/WUTA-FSD/ros2_ws/build/wuta_tools'), ('XDG_DATA_DIRS', '/usr/local/share:/usr/share:/var/lib/snapd/desktop'), ('PYTHONPATH', '/home/g2909/WUTA1/WUTA-FSD/ros2_ws/install/wuta_msgs/local/lib/python3.10/dist-packages:/opt/ros/humble/lib/python3.10/site-packages:/opt/ros/humble/local/lib/python3.10/dist-packages'), ('COLCON', '1'), ('WSL2_GUI_APPS_ENABLED', '1'), ('HOSTTYPE', 'x86_64'), ('WSLENV', 'VSCODE_WSL_EXT_LOCATION/up'), ('CMAKE_PREFIX_PATH', '/home/g2909/WUTA1/WUTA-FSD/ros2_ws/install/wuta_msgs:/opt/ros/humble')]), 'shell': False}
[27.658817] (-) TimerEvent: {}
[27.749692] (wuta_tools) CommandEnded: {'returncode': 0}
[27.750534] (wuta_tools) JobProgress: {'identifier': 'wuta_tools', 'progress': 'install'}
[27.750675] (wuta_tools) Command: {'cmd': ['/home/g2909/.local/bin/cmake', '--install', '/home/g2909/WUTA1/WUTA-FSD/ros2_ws/build/wuta_tools'], 'cwd': '/home/g2909/WUTA1/WUTA-FSD/ros2_ws/build/wuta_tools', 'env': OrderedDict([('USER', 'g2909'), ('VSCODE_WSL_EXT_LOCATION', '/mnt/c/Users/g2909/.vscode/extensions/ms-vscode-remote.remote-wsl-0.104.3'), ('SHLVL', '1'), ('LD_LIBRARY_PATH', '/home/g2909/WUTA1/WUTA-FSD/ros2_ws/install/wuta_msgs/lib:/opt/ros/humble/opt/rviz_ogre_vendor/lib:/opt/ros/humble/lib/x86_64-linux-gnu:/opt/ros/humble/lib'), ('HOME', '/home/g2909'), ('OLDPWD', '/home/g2909/WUTA-FSD'), ('ROS_PYTHON_VERSION', '3'), ('DBUS_SESSION_BUS_ADDRESS', 'unix:path=/run/user/1000/bus'), ('WSL_DISTRO_NAME', 'Ubuntu-22.04'), ('WAYLAND_DISPLAY', 'wayland-0'), ('ROS_DISTRO', 'humble'), ('LOGNAME', 'g2909'), ('NAME', 'GaoMing'), ('WSL_INTEROP', '/run/WSL/39189_interop'), ('PULSE_SERVER', 'unix:/mnt/wslg/PulseServer'), ('_', '/usr/bin/colcon'), ('ROS_VERSION', '2'), ('TERM', 'xterm-256color'), ('ROS_LOCALHOST_ONLY', '0'), ('PATH', '/opt/ros/humble/bin:/home/g2909/.local/bin:/usr/local/sbin:/usr/local/bin:/usr/sbin:/usr/bin:/sbin:/bin:/usr/games:/usr/local/games:/usr/lib/wsl/lib:/mnt/c/Users/g2909/bin:/mnt/c/Program Files/Git/mingw64/bin:/mnt/c/Program Files/Git/usr/local/bin:/mnt/c/Program Files/Git/usr/bin:/mnt/c/Program Files/Git/usr/bin:/mnt/c/Program Files/Git/mingw64/bin:/mnt/c/Program Files/Git/usr/bin:/mnt/c/Users/g2909/bin:/mnt/c/Program Files/NVIDIA GPU Computing Toolkit/CUDA/v12.9/bin:/mnt/c/Program Files/NVIDIA GPU Computing Toolkit/CUDA/v12.9/libnvvp:/mnt/c/Program Files/Common Files/Oracle/Java/javapath:/mnt/c/Users/g2909/miniconda3:/mnt/c/Users/g2909/miniconda3/Scripts:/mnt/c/Users/g2909/miniconda3/Library/bin:/mnt/c/Windows/system32:/mnt/c/Windows:/mnt/c/Windows/System32/Wbem:/mnt/c/Windows/System32/WindowsPowerShell/v1.0:/mnt/c/mingw64/bin:/mnt/c/Users/g2909/AppData/Local/Programs/Python/Python313:/mnt/c/Users/g2909/AppData/Local/Programs/Python/Python313/Scripts:/mnt/c/Windows/System32/OpenSSH:/mnt/c/Program Files/NVIDIA Corporation/NVIDIA App/NvDLISR:/mnt/c/Program Files (x86)/NVIDIA Corporation/PhysX/Common:/mnt/c/Program Files/dotnet:/mnt/c/Users/g2909/AppData/Local/Android/Sdk/platform-tools:/mnt/c/Program Files/Git/cmd:/mnt/d/SVN/bin:/mnt/c/Program Files/NVIDIA Corporation/Nsight Compute 2025.2.1:/mnt/c/Program Files (x86)/Windows Kits/10/Windows Performance Toolkit:/mnt/c/Program Files (x86)/Microsoft SQL Server/160/Tools/Binn:/mnt/c/Program Files/Microsoft SQL Server/160/Tools/Binn:/mnt/c/Program Files/Microsoft SQL Server/Client SDK/ODBC/170/Tools/Binn:/mnt/c/Program Files/Microsoft SQL Server/160/DTS/Binn:/mnt/c/Program Files (x86)/Windows Kits/8.1/Windows Performance Toolkit:/mnt/c/WINDOWS/system32:/mnt/c/WINDOWS:/mnt/c/WINDOWS/System32/Wbem:/mnt/c/WINDOWS/System32/WindowsPowerShell/v1.0:/mnt/c/WINDOWS/System32/OpenSSH:/mnt/c/Program Files/usbipd-win:/mnt/c/Program Files/MATLAB/R2025b/bin:/mnt/c/Program Files/NVIDIA GPU Computing Toolkit/CUDA/v12.9/bin:/mnt/c/Program Files/NVIDIA GPU Computing Toolkit/CUDA/v12.9/libnvvp:/mnt/c/Program Files/Common Files/Oracle/Java/javapath:/mnt/c/Users/g2909/miniconda3:/mnt/c/Users/g2909/miniconda3/Scripts:/mnt/c/Users/g2909/miniconda3/Library/bin:/mnt/c/Windows/system32:/mnt/c/Windows:/mnt/c/Windows/System32/Wbem:/mnt/c/Windows/System32/WindowsPowerShell/v1.0:/mnt/c/mingw64/bin:/mnt/c/Users/g2909/AppData/Local/Programs/Python/Python313:/mnt/c/Users/g2909/AppData/Local/Programs/Python/Python313/Scripts:/mnt/c/Windows/System32/OpenSSH:/mnt/c/Program Files/NVIDIA Corporation/NVIDIA App/NvDLISR:/mnt/c/Program Files (x86)/NVIDIA Corporation/PhysX/Common:/mnt/c/Program Files/dotnet:/mnt/c/Users/g2909/AppData/Local/Android/Sdk/platform-tools:/mnt/c/Program Files/Git/cmd:/mnt/d/SVN/bin:/mnt/c/Program Files/NVIDIA Corporation/Nsight Compute 2025.2.1:/mnt/c/Program Files (x86)/Windows Kits/10/Windows Performance Toolkit:/mnt/c/Program Files (x86)/Microsoft SQL Server/160/Tools/Binn:/mnt/c/Program Files/Microsoft SQL Server/160/Tools/Binn:/mnt/c/Program Files/Microsoft SQL Server/Client SDK/ODBC/170/Tools/Binn:/mnt/c/Program Files/Microsoft SQL Server/160/DTS/Binn:/mnt/c/Program Files (x86)/Windows Kits/8.1/Windows Performance Toolkit:/mnt/c/WINDOWS/system32:/mnt/c/WINDOWS:/mnt/c/WINDOWS/System32/Wbem:/mnt/c/WINDOWS/System32/WindowsPowerShell/v1.0:/mnt/c/WINDOWS/System32/OpenSSH:/mnt/c/Program Files/usbipd-win:/mnt/c/Program Files/MATLAB/R2025b/bin:/mnt/c/Users/g2909/AppData/Local/Android/Sdk/platform-tools:/mnt/d/Microsoft VS Code/bin:/mnt/c/Users/g2909/AppData/Local/Programs/Ollama:/mnt/c/Users/g2909/AppData/Local/Microsoft/WindowsApps:/mnt/c/Program Files/Git/usr/bin:/mnt/c/Program Files/Git/cmd:/mnt/c/Users/g2909/AppData/Local/Programs/nodejs:/mnt/c/Program Files/Git/usr/bin/vendor_perl:/mnt/c/Program Files/Git/usr/bin/core_perl:/snap/bin'), ('XDG_RUNTIME_DIR', '/run/user/1000/'), ('DISPLAY', ':0'), ('LANG', 'C.UTF-8'), ('AMENT_PREFIX_PATH', '/home/g2909/WUTA1/WUTA-FSD/ros2_ws/install/wuta_msgs:/opt/ros/humble'), ('SHELL', '/bin/bash'), ('PWD', '/home/g2909/WUTA1/WUTA-FSD/ros2_ws/build/wuta_tools'), ('XDG_DATA_DIRS', '/usr/local/share:/usr/share:/var/lib/snapd/desktop'), ('PYTHONPATH', '/home/g2909/WUTA1/WUTA-FSD/ros2_ws/install/wuta_msgs/local/lib/python3.10/dist-packages:/opt/ros/humble/lib/python3.10/site-packages:/opt/ros/humble/local/lib/python3.10/dist-packages'), ('COLCON', '1'), ('WSL2_GUI_APPS_ENABLED', '1'), ('HOSTTYPE', 'x86_64'), ('WSLENV', 'VSCODE_WSL_EXT_LOCATION/up'), ('CMAKE_PREFIX_PATH', '/home/g2909/WUTA1/WUTA-FSD/ros2_ws/install/wuta_msgs:/opt/ros/humble')]), 'shell': False}
[27.759088] (-) TimerEvent: {}
[27.859494] (-) TimerEvent: {}
[27.915086] (wuta_tools) StdoutLine: {'line': b'-- Install configuration: ""\n'}
[27.917856] (wuta_tools) StdoutLine: {'line': b'-- Execute custom install script\n'}
[27.918169] (wuta_tools) StdoutLine: {'line': b'-- Symlinking: /home/g2909/WUTA1/WUTA-FSD/ros2_ws/install/wuta_tools/share/ament_index/resource_index/package_run_dependencies/wuta_tools\n'}
[27.924446] (wuta_tools) StdoutLine: {'line': b'-- Symlinking: /home/g2909/WUTA1/WUTA-FSD/ros2_ws/install/wuta_tools/share/ament_index/resource_index/parent_prefix_path/wuta_tools\n'}
[27.931032] (wuta_tools) StdoutLine: {'line': b'-- Symlinking: /home/g2909/WUTA1/WUTA-FSD/ros2_ws/install/wuta_tools/share/wuta_tools/environment/ament_prefix_path.sh\n'}
[27.942545] (wuta_tools) StdoutLine: {'line': b'-- Symlinking: /home/g2909/WUTA1/WUTA-FSD/ros2_ws/install/wuta_tools/share/wuta_tools/environment/ament_prefix_path.dsv\n'}
[27.951671] (wuta_tools) StdoutLine: {'line': b'-- Symlinking: /home/g2909/WUTA1/WUTA-FSD/ros2_ws/install/wuta_tools/share/wuta_tools/environment/path.sh\n'}
[27.959608] (-) TimerEvent: {}
[27.961533] (wuta_tools) StdoutLine: {'line': b'-- Symlinking: /home/g2909/WUTA1/WUTA-FSD/ros2_ws/install/wuta_tools/share/wuta_tools/environment/path.dsv\n'}
[27.978096] (wuta_tools) StdoutLine: {'line': b'-- Symlinking: /home/g2909/WUTA1/WUTA-FSD/ros2_ws/install/wuta_tools/share/wuta_tools/local_setup.bash\n'}
[27.986161] (wuta_tools) StdoutLine: {'line': b'-- Symlinking: /home/g2909/WUTA1/WUTA-FSD/ros2_ws/install/wuta_tools/share/wuta_tools/local_setup.sh\n'}
[27.994694] (wuta_tools) StdoutLine: {'line': b'-- Symlinking: /home/g2909/WUTA1/WUTA-FSD/ros2_ws/install/wuta_tools/share/wuta_tools/local_setup.zsh\n'}
[28.002003] (wuta_tools) StdoutLine: {'line': b'-- Symlinking: /home/g2909/WUTA1/WUTA-FSD/ros2_ws/install/wuta_tools/share/wuta_tools/local_setup.dsv\n'}
[28.006858] (wuta_tools) StdoutLine: {'line': b'-- Symlinking: /home/g2909/WUTA1/WUTA-FSD/ros2_ws/install/wuta_tools/share/wuta_tools/package.dsv\n'}
[28.013590] (wuta_tools) StdoutLine: {'line': b'-- Symlinking: /home/g2909/WUTA1/WUTA-FSD/ros2_ws/install/wuta_tools/share/ament_index/resource_index/packages/wuta_tools\n'}
[28.018756] (wuta_tools) StdoutLine: {'line': b'-- Symlinking: /home/g2909/WUTA1/WUTA-FSD/ros2_ws/install/wuta_tools/share/wuta_tools/cmake/wuta_toolsConfig.cmake\n'}
[28.023538] (wuta_tools) StdoutLine: {'line': b'-- Symlinking: /home/g2909/WUTA1/WUTA-FSD/ros2_ws/install/wuta_tools/share/wuta_tools/cmake/wuta_toolsConfig-version.cmake\n'}
[28.041116] (wuta_tools) StdoutLine: {'line': b'-- Symlinking: /home/g2909/WUTA1/WUTA-FSD/ros2_ws/install/wuta_tools/share/wuta_tools/package.xml\n'}
[28.051196] (wuta_tools) CommandEnded: {'returncode': 0}
[28.059954] (-) TimerEvent: {}
[28.063835] (wuta_tools) JobEnded: {'identifier': 'wuta_tools', 'rc': 0}
[28.082406] (mission_manager) StdoutLine: {'line': b"-- Using RMW implementation 'rmw_fastrtps_cpp' as default\n"}
[28.091853] (mission_manager) StdoutLine: {'line': b'-- Performing Test CMAKE_HAVE_LIBC_PTHREAD\n'}
[28.160118] (-) TimerEvent: {}
[28.261583] (-) TimerEvent: {}
[28.363624] (-) TimerEvent: {}
[28.464316] (-) TimerEvent: {}
[28.565065] (-) TimerEvent: {}
[28.663161] (boundary_detector) StdoutLine: {'line': b'[ 87%] Linking CXX static library libpathplanning.a\n'}
[28.665195] (-) TimerEvent: {}
[28.706416] (boundary_detector) StdoutLine: {'line': b'[ 87%] Built target pathplanning\n'}
[28.721258] (boundary_detector) StdoutLine: {'line': b'[ 93%] Building CXX object CMakeFiles/boundary_detector_node.dir/src/boundary_detector_node.cpp.o\n'}
[28.765369] (-) TimerEvent: {}
[28.850642] (mission_manager) StdoutLine: {'line': b'-- Performing Test CMAKE_HAVE_LIBC_PTHREAD - Success\n'}
[28.859781] (mission_manager) StdoutLine: {'line': b'-- Found Threads: TRUE\n'}
[28.865781] (-) TimerEvent: {}
[28.925295] (mission_manager) StdoutLine: {'line': b'-- Found wuta_msgs: 1.0.0 (/home/g2909/WUTA1/WUTA-FSD/ros2_ws/install/wuta_msgs/share/wuta_msgs/cmake)\n'}
[28.952030] (boundary_detector) StderrLine: {'line': b'In file included from /home/g2909/WUTA1/WUTA-FSD/ros2_ws/src/planning/boundary_detector/src/boundary_detector_node.cpp:1:\n'}
[28.952358] (boundary_detector) StderrLine: {'line': b'/home/g2909/WUTA1/WUTA-FSD/ros2_ws/src/planning/boundary_detector/include/boundary_detector/boundary_detector_node.hpp:15:10: fatal error: autoware_msgs/msg/lane.hpp: No such file or directory\n'}
[28.952509] (boundary_detector) StderrLine: {'line': b'   15 | #include <autoware_msgs/msg/lane.hpp>\n'}
[28.952567] (boundary_detector) StderrLine: {'line': b'      |          ^~~~~~~~~~~~~~~~~~~~~~~~~~~~\n'}
[28.952599] (boundary_detector) StderrLine: {'line': b'compilation terminated.\n'}
[28.958269] (boundary_detector) StderrLine: {'line': b'gmake[2]: *** [CMakeFiles/boundary_detector_node.dir/build.make:79: CMakeFiles/boundary_detector_node.dir/src/boundary_detector_node.cpp.o] Error 1\n'}
[28.960261] (boundary_detector) StderrLine: {'line': b'gmake[1]: *** [CMakeFiles/Makefile2:188: CMakeFiles/boundary_detector_node.dir/all] Error 2\n'}
[28.960830] (boundary_detector) StderrLine: {'line': b'gmake: *** [Makefile:146: all] Error 2\n'}
[28.967498] (boundary_detector) CommandEnded: {'returncode': 2}
[28.968170] (-) TimerEvent: {}
[28.975243] (boundary_detector) JobEnded: {'identifier': 'boundary_detector', 'rc': 2}
[29.039910] (mission_manager) StdoutLine: {'line': b'-- Configuring done (20.0s)\n'}
[29.055991] (mission_manager) StdoutLine: {'line': b'-- Generating done (0.0s)\n'}
[29.068496] (-) TimerEvent: {}
[29.092717] (mission_manager) StdoutLine: {'line': b'-- Build files have been written to: /home/g2909/WUTA1/WUTA-FSD/ros2_ws/build/mission_manager\n'}
[29.119411] (mission_manager) JobEnded: {'identifier': 'mission_manager', 'rc': 'SIGINT'}
[29.168667] (-) TimerEvent: {}
[29.268967] (-) TimerEvent: {}
[29.307944] (cone_map_builder) StdoutLine: {'line': b"-- Using RMW implementation 'rmw_fastrtps_cpp' as default\n"}
[29.319458] (cone_map_builder) StdoutLine: {'line': b'-- Performing Test CMAKE_HAVE_LIBC_PTHREAD\n'}
[29.369322] (-) TimerEvent: {}
[29.434094] (robot_localization) StdoutLine: {'line': b'[ 75%] Linking CXX static library libgtest.a\n'}
[29.469498] (-) TimerEvent: {}
[29.502947] (robot_localization) StdoutLine: {'line': b'[ 75%] Built target gtest\n'}
[29.569687] (-) TimerEvent: {}
[29.670021] (-) TimerEvent: {}
[29.714535] (cone_map_builder) StdoutLine: {'line': b'-- Performing Test CMAKE_HAVE_LIBC_PTHREAD - Success\n'}
[29.716285] (cone_map_builder) StdoutLine: {'line': b'-- Found Threads: TRUE\n'}
[29.770150] (-) TimerEvent: {}
[29.793330] (cone_map_builder) StdoutLine: {'line': b'-- Found geometry_msgs: 4.9.1 (/opt/ros/humble/share/geometry_msgs/cmake)\n'}
[29.810202] (cone_map_builder) StdoutLine: {'line': b'-- Found visualization_msgs: 4.9.1 (/opt/ros/humble/share/visualization_msgs/cmake)\n'}
[29.869661] (cone_map_builder) StdoutLine: {'line': b'-- Found tf2_ros: 0.25.20 (/opt/ros/humble/share/tf2_ros/cmake)\n'}
[29.870348] (-) TimerEvent: {}
[29.939754] (camera_detection) StdoutLine: {'line': b"-- Using RMW implementation 'rmw_fastrtps_cpp' as default\n"}
[29.948345] (camera_detection) StdoutLine: {'line': b'-- Performing Test CMAKE_HAVE_LIBC_PTHREAD\n'}
[29.970588] (-) TimerEvent: {}
[29.998298] (cone_map_builder) StdoutLine: {'line': b'-- Found tf2_geometry_msgs: 0.25.20 (/opt/ros/humble/share/tf2_geometry_msgs/cmake)\n'}
[30.070765] (-) TimerEvent: {}
[30.171056] (-) TimerEvent: {}
[30.271852] (-) TimerEvent: {}
[30.315852] (detection_fusion) StdoutLine: {'line': b"-- Using RMW implementation 'rmw_fastrtps_cpp' as default\n"}
[30.325102] (detection_fusion) StdoutLine: {'line': b'-- Performing Test CMAKE_HAVE_LIBC_PTHREAD\n'}
[30.363485] (cone_map_builder) StdoutLine: {'line': b'-- Found eigen3_cmake_module: 0.1.1 (/opt/ros/humble/share/eigen3_cmake_module/cmake)\n'}
[30.364161] (cone_map_builder) StdoutLine: {'line': b'-- Found Eigen3: TRUE (found version "3.4.0")\n'}
[30.364415] (cone_map_builder) StdoutLine: {'line': b'-- Ensuring Eigen3 include directory is part of orocos-kdl CMake target\n'}
[30.365991] (cone_map_builder) StdoutLine: {'line': b'-- Found wuta_msgs: 1.0.0 (/home/g2909/WUTA1/WUTA-FSD/ros2_ws/install/wuta_msgs/share/wuta_msgs/cmake)\n'}
[30.372026] (-) TimerEvent: {}
[30.420135] (camera_detection) StdoutLine: {'line': b'-- Performing Test CMAKE_HAVE_LIBC_PTHREAD - Success\n'}
[30.422015] (camera_detection) StdoutLine: {'line': b'-- Found Threads: TRUE\n'}
[30.457395] (cone_map_builder) StdoutLine: {'line': b'-- Configuring done (21.5s)\n'}
[30.472201] (-) TimerEvent: {}
[30.477365] (cone_map_builder) StdoutLine: {'line': b'-- Generating done (0.0s)\n'}
[30.499076] (camera_detection) StdoutLine: {'line': b'-- Found wuta_msgs: 1.0.0 (/home/g2909/WUTA1/WUTA-FSD/ros2_ws/install/wuta_msgs/share/wuta_msgs/cmake)\n'}
[30.538201] (cone_map_builder) StdoutLine: {'line': b'-- Build files have been written to: /home/g2909/WUTA1/WUTA-FSD/ros2_ws/build/cone_map_builder\n'}
[30.556861] (cone_map_builder) JobEnded: {'identifier': 'cone_map_builder', 'rc': 'SIGINT'}
[30.572365] (-) TimerEvent: {}
[30.621555] (camera_detection) StdoutLine: {'line': b'-- Configuring done (21.7s)\n'}
[30.634582] (camera_detection) StdoutLine: {'line': b'-- Generating done (0.0s)\n'}
[30.672823] (-) TimerEvent: {}
[30.673702] (camera_detection) StdoutLine: {'line': b'-- Build files have been written to: /home/g2909/WUTA1/WUTA-FSD/ros2_ws/build/camera_detection\n'}
[30.687946] (camera_detection) JobEnded: {'identifier': 'camera_detection', 'rc': 'SIGINT'}
[30.736057] (detection_fusion) StdoutLine: {'line': b'-- Performing Test CMAKE_HAVE_LIBC_PTHREAD - Success\n'}
[30.737421] (detection_fusion) StdoutLine: {'line': b'-- Found Threads: TRUE\n'}
[30.772877] (-) TimerEvent: {}
[30.805804] (detection_fusion) StdoutLine: {'line': b'-- Found wuta_msgs: 1.0.0 (/home/g2909/WUTA1/WUTA-FSD/ros2_ws/install/wuta_msgs/share/wuta_msgs/cmake)\n'}
[30.873009] (-) TimerEvent: {}
[30.900257] (detection_fusion) StdoutLine: {'line': b'-- Configuring done (21.9s)\n'}
[30.910133] (detection_fusion) StdoutLine: {'line': b'-- Generating done (0.0s)\n'}
[30.937199] (detection_fusion) StdoutLine: {'line': b'-- Build files have been written to: /home/g2909/WUTA1/WUTA-FSD/ros2_ws/build/detection_fusion\n'}
[30.949911] (detection_fusion) JobEnded: {'identifier': 'detection_fusion', 'rc': 'SIGINT'}
[30.973226] (-) TimerEvent: {}
[30.999294] (lidar_detection) StdoutLine: {'line': b"-- Using RMW implementation 'rmw_fastrtps_cpp' as default\n"}
[31.007060] (lidar_detection) StdoutLine: {'line': b'-- Performing Test CMAKE_HAVE_LIBC_PTHREAD\n'}
[31.073469] (-) TimerEvent: {}
[31.173764] (-) TimerEvent: {}
[31.274041] (-) TimerEvent: {}
[31.320537] (lidar_detection) StdoutLine: {'line': b'-- Performing Test CMAKE_HAVE_LIBC_PTHREAD - Success\n'}
[31.321216] (lidar_detection) StdoutLine: {'line': b'-- Found Threads: TRUE\n'}
[31.374191] (-) TimerEvent: {}
[31.384317] (lidar_detection) StdoutLine: {'line': b'-- Found sensor_msgs: 4.9.1 (/opt/ros/humble/share/sensor_msgs/cmake)\n'}
[31.417123] (lidar_detection) StdoutLine: {'line': b'-- Found visualization_msgs: 4.9.1 (/opt/ros/humble/share/visualization_msgs/cmake)\n'}
[31.436021] (lidar_detection) StdoutLine: {'line': b'-- Found wuta_msgs: 1.0.0 (/home/g2909/WUTA1/WUTA-FSD/ros2_ws/install/wuta_msgs/share/wuta_msgs/cmake)\n'}
[31.463409] (lidar_detection) StderrLine: {'line': b'CMake Warning (dev) at /usr/lib/x86_64-linux-gnu/cmake/pcl/PCLConfig.cmake:146 (find_package):\n'}
[31.463590] (lidar_detection) StderrLine: {'line': b'  Policy CMP0144 is not set: find_package uses upper-case <PACKAGENAME>_ROOT\n'}
[31.463627] (lidar_detection) StderrLine: {'line': b'  variables.  Run "cmake --help-policy CMP0144" for policy details.  Use the\n'}
[31.463655] (lidar_detection) StderrLine: {'line': b'  cmake_policy command to set the policy and suppress this warning.\n'}
[31.463683] (lidar_detection) StderrLine: {'line': b'\n'}
[31.463711] (lidar_detection) StderrLine: {'line': b'  CMake variable EIGEN_ROOT is set to:\n'}
[31.463797] (lidar_detection) StderrLine: {'line': b'\n'}
[31.463831] (lidar_detection) StderrLine: {'line': b'    /usr/include/eigen3\n'}
[31.463855] (lidar_detection) StderrLine: {'line': b'\n'}
[31.463879] (lidar_detection) StderrLine: {'line': b'  For compatibility, find_package is ignoring the variable, but code in a\n'}
[31.463901] (lidar_detection) StderrLine: {'line': b'  .cmake module might still use it.\n'}
[31.463921] (lidar_detection) StderrLine: {'line': b'Call Stack (most recent call first):\n'}
[31.463948] (lidar_detection) StderrLine: {'line': b'  /usr/lib/x86_64-linux-gnu/cmake/pcl/PCLConfig.cmake:299 (find_eigen)\n'}
[31.463969] (lidar_detection) StderrLine: {'line': b'  /usr/lib/x86_64-linux-gnu/cmake/pcl/PCLConfig.cmake:543 (find_external_library)\n'}
[31.463989] (lidar_detection) StderrLine: {'line': b'  CMakeLists.txt:11 (find_package)\n'}
[31.464008] (lidar_detection) StderrLine: {'line': b'This warning is for project developers.  Use -Wno-dev to suppress it.\n'}
[31.464028] (lidar_detection) StderrLine: {'line': b'\n'}
[31.468228] (lidar_detection) StdoutLine: {'line': b"-- Checking for module 'eigen3'\n"}
[31.474363] (-) TimerEvent: {}
[31.481301] (lidar_detection) StdoutLine: {'line': b'--   Found eigen3, version 3.4.0\n'}
[31.508345] (lidar_detection) StdoutLine: {'line': b'-- Found Eigen: /usr/include/eigen3 (Required is at least version "3.1")\n'}
[31.508544] (lidar_detection) StdoutLine: {'line': b'-- Eigen found (include: /usr/include/eigen3, version: 3.4.0)\n'}
[31.508974] (lidar_detection) StderrLine: {'line': b'CMake Warning (dev) at /usr/lib/x86_64-linux-gnu/cmake/pcl/PCLConfig.cmake:128 (find_package):\n'}
[31.509129] (lidar_detection) StderrLine: {'line': b'  Policy CMP0167 is not set: The FindBoost module is removed.  Run "cmake\n'}
[31.509171] (lidar_detection) StderrLine: {'line': b'  --help-policy CMP0167" for policy details.  Use the cmake_policy command to\n'}
[31.509205] (lidar_detection) StderrLine: {'line': b'  set the policy and suppress this warning.\n'}
[31.509236] (lidar_detection) StderrLine: {'line': b'\n'}
[31.509267] (lidar_detection) StderrLine: {'line': b'Call Stack (most recent call first):\n'}
[31.509296] (lidar_detection) StderrLine: {'line': b'  /usr/lib/x86_64-linux-gnu/cmake/pcl/PCLConfig.cmake:297 (find_boost)\n'}
[31.509327] (lidar_detection) StderrLine: {'line': b'  /usr/lib/x86_64-linux-gnu/cmake/pcl/PCLConfig.cmake:543 (find_external_library)\n'}
[31.509358] (lidar_detection) StderrLine: {'line': b'  CMakeLists.txt:11 (find_package)\n'}
[31.509388] (lidar_detection) StderrLine: {'line': b'This warning is for project developers.  Use -Wno-dev to suppress it.\n'}
[31.509420] (lidar_detection) StderrLine: {'line': b'\n'}
[31.542237] (lidar_detection) StdoutLine: {'line': b'-- Found Boost: /usr/lib/x86_64-linux-gnu/cmake/Boost-1.74.0/BoostConfig.cmake (found suitable version "1.74.0", minimum required is "1.65.0") found components: system filesystem date_time iostreams serialization\n'}
[31.574536] (-) TimerEvent: {}
[31.588292] (lidar_detection) StdoutLine: {'line': b'-- Found GLEW: /usr/lib/x86_64-linux-gnu/libGLEW.so\n'}
[31.639769] (ndt_localization) StdoutLine: {'line': b"-- Using RMW implementation 'rmw_fastrtps_cpp' as default\n"}
[31.653200] (ndt_localization) StdoutLine: {'line': b'-- Performing Test CMAKE_HAVE_LIBC_PTHREAD\n'}
[31.674769] (-) TimerEvent: {}
[31.775092] (-) TimerEvent: {}
[31.875412] (-) TimerEvent: {}
[31.888918] (lidar_detection) StdoutLine: {'line': b'-- Found OpenGL: /usr/lib/x86_64-linux-gnu/libOpenGL.so  found components: OpenGL GLX\n'}
[31.975618] (-) TimerEvent: {}
[32.004169] (ndt_localization) StdoutLine: {'line': b'-- Performing Test CMAKE_HAVE_LIBC_PTHREAD - Success\n'}
[32.004997] (ndt_localization) StdoutLine: {'line': b'-- Found Threads: TRUE\n'}
[32.065895] (ndt_localization) StdoutLine: {'line': b'-- Found sensor_msgs: 4.9.1 (/opt/ros/humble/share/sensor_msgs/cmake)\n'}
[32.076514] (-) TimerEvent: {}
[32.114638] (ndt_localization) StdoutLine: {'line': b'-- Found nav_msgs: 4.9.1 (/opt/ros/humble/share/nav_msgs/cmake)\n'}
[32.137044] (ndt_localization) StdoutLine: {'line': b'-- Found visualization_msgs: 4.9.1 (/opt/ros/humble/share/visualization_msgs/cmake)\n'}
[32.169961] (ndt_localization) StdoutLine: {'line': b'-- Found wuta_msgs: 1.0.0 (/home/g2909/WUTA1/WUTA-FSD/ros2_ws/install/wuta_msgs/share/wuta_msgs/cmake)\n'}
[32.176673] (-) TimerEvent: {}
[32.212271] (ndt_localization) StderrLine: {'line': b'CMake Warning (dev) at /usr/lib/x86_64-linux-gnu/cmake/pcl/PCLConfig.cmake:146 (find_package):\n'}
[32.212462] (ndt_localization) StderrLine: {'line': b'  Policy CMP0144 is not set: find_package uses upper-case <PACKAGENAME>_ROOT\n'}
[32.212499] (ndt_localization) StderrLine: {'line': b'  variables.  Run "cmake --help-policy CMP0144" for policy details.  Use the\n'}
[32.212527] (ndt_localization) StderrLine: {'line': b'  cmake_policy command to set the policy and suppress this warning.\n'}
[32.212552] (ndt_localization) StderrLine: {'line': b'\n'}
[32.212576] (ndt_localization) StderrLine: {'line': b'  CMake variable EIGEN_ROOT is set to:\n'}
[32.212601] (ndt_localization) StderrLine: {'line': b'\n'}
[32.212624] (ndt_localization) StderrLine: {'line': b'    /usr/include/eigen3\n'}
[32.212646] (ndt_localization) StderrLine: {'line': b'\n'}
[32.212668] (ndt_localization) StderrLine: {'line': b'  For compatibility, find_package is ignoring the variable, but code in a\n'}
[32.212700] (ndt_localization) StderrLine: {'line': b'  .cmake module might still use it.\n'}
[32.212724] (ndt_localization) StderrLine: {'line': b'Call Stack (most recent call first):\n'}
[32.212747] (ndt_localization) StderrLine: {'line': b'  /usr/lib/x86_64-linux-gnu/cmake/pcl/PCLConfig.cmake:299 (find_eigen)\n'}
[32.212768] (ndt_localization) StderrLine: {'line': b'  /usr/lib/x86_64-linux-gnu/cmake/pcl/PCLConfig.cmake:543 (find_external_library)\n'}
[32.212789] (ndt_localization) StderrLine: {'line': b'  CMakeLists.txt:14 (find_package)\n'}
[32.212809] (ndt_localization) StderrLine: {'line': b'This warning is for project developers.  Use -Wno-dev to suppress it.\n'}
[32.212830] (ndt_localization) StderrLine: {'line': b'\n'}
[32.218423] (ndt_localization) StdoutLine: {'line': b"-- Checking for module 'eigen3'\n"}
[32.232255] (ndt_localization) StdoutLine: {'line': b'--   Found eigen3, version 3.4.0\n'}
[32.264591] (ndt_localization) StdoutLine: {'line': b'-- Found Eigen: /usr/include/eigen3 (Required is at least version "3.1")\n'}
[32.264784] (ndt_localization) StdoutLine: {'line': b'-- Eigen found (include: /usr/include/eigen3, version: 3.4.0)\n'}
[32.265138] (ndt_localization) StderrLine: {'line': b'CMake Warning (dev) at /usr/lib/x86_64-linux-gnu/cmake/pcl/PCLConfig.cmake:128 (find_package):\n'}
[32.265263] (ndt_localization) StderrLine: {'line': b'  Policy CMP0167 is not set: The FindBoost module is removed.  Run "cmake\n'}
[32.265318] (ndt_localization) StderrLine: {'line': b'  --help-policy CMP0167" for policy details.  Use the cmake_policy command to\n'}
[32.265354] (ndt_localization) StderrLine: {'line': b'  set the policy and suppress this warning.\n'}
[32.265385] (ndt_localization) StderrLine: {'line': b'\n'}
[32.265416] (ndt_localization) StderrLine: {'line': b'Call Stack (most recent call first):\n'}
[32.265446] (ndt_localization) StderrLine: {'line': b'  /usr/lib/x86_64-linux-gnu/cmake/pcl/PCLConfig.cmake:297 (find_boost)\n'}
[32.265486] (ndt_localization) StderrLine: {'line': b'  /usr/lib/x86_64-linux-gnu/cmake/pcl/PCLConfig.cmake:543 (find_external_library)\n'}
[32.265515] (ndt_localization) StderrLine: {'line': b'  CMakeLists.txt:14 (find_package)\n'}
[32.265545] (ndt_localization) StderrLine: {'line': b'This warning is for project developers.  Use -Wno-dev to suppress it.\n'}
[32.265647] (ndt_localization) StderrLine: {'line': b'\n'}
[32.276846] (-) TimerEvent: {}
[32.283614] (ndt_localization) StdoutLine: {'line': b'-- Found Boost: /usr/lib/x86_64-linux-gnu/cmake/Boost-1.74.0/BoostConfig.cmake (found suitable version "1.74.0", minimum required is "1.65.0") found components: system filesystem date_time iostreams serialization\n'}
[32.336438] (ndt_localization) StdoutLine: {'line': b"-- Checking for module 'libusb-1.0'\n"}
[32.349641] (ndt_localization) StdoutLine: {'line': b'--   Found libusb-1.0, version 1.0.25\n'}
[32.373960] (lidar_detection) StdoutLine: {'line': b'-- Found MPI_C: /usr/lib/x86_64-linux-gnu/libmpi.so (found version "3.1")\n'}
[32.374165] (lidar_detection) StdoutLine: {'line': b'-- Found MPI: TRUE (found version "3.1") found components: C\n'}
[32.376998] (-) TimerEvent: {}
[32.379283] (lidar_detection) StdoutLine: {'line': b'-- Found JsonCpp: /usr/lib/x86_64-linux-gnu/libjsoncpp.so (found suitable version "1.9.5", minimum required is "0.7.0")\n'}
[32.477274] (-) TimerEvent: {}
[32.577590] (-) TimerEvent: {}
[32.677895] (-) TimerEvent: {}
[32.691507] (ndt_localization) StdoutLine: {'line': b'-- Found libusb: /usr/lib/x86_64-linux-gnu/libusb-1.0.so\n'}
[32.692617] (ndt_localization) StdoutLine: {'line': b'-- Found OpenNI: /usr/lib/libOpenNI.so;libusb::libusb (found version "1.5.4.0")\n'}
[32.692737] (ndt_localization) StdoutLine: {'line': b'-- OpenNI found (version: 1.5.4.0, include: /usr/include/ni, lib: /usr/lib/libOpenNI.so;libusb::libusb)\n'}
[32.778080] (-) TimerEvent: {}
[32.783699] (kiss_icp) StdoutLine: {'line': b"-- Using RMW implementation 'rmw_fastrtps_cpp' as default\n"}
[32.790619] (kiss_icp) StdoutLine: {'line': b'-- Performing Test CMAKE_HAVE_LIBC_PTHREAD\n'}
[32.878223] (-) TimerEvent: {}
[32.978508] (-) TimerEvent: {}
[33.054505] (path_generator) StdoutLine: {'line': b"-- Using RMW implementation 'rmw_fastrtps_cpp' as default\n"}
[33.060818] (path_generator) StdoutLine: {'line': b'-- Performing Test CMAKE_HAVE_LIBC_PTHREAD\n'}
[33.078674] (-) TimerEvent: {}
[33.131951] (kiss_icp) StdoutLine: {'line': b'-- Performing Test CMAKE_HAVE_LIBC_PTHREAD - Success\n'}
[33.133008] (kiss_icp) StdoutLine: {'line': b'-- Found Threads: TRUE\n'}
[33.178968] (-) TimerEvent: {}
[33.182773] (kiss_icp) StdoutLine: {'line': b'-- Found rclcpp_components: 16.0.19 (/opt/ros/humble/share/rclcpp_components/cmake)\n'}
[33.206728] (kiss_icp) StdoutLine: {'line': b'-- Found sensor_msgs: 4.9.1 (/opt/ros/humble/share/sensor_msgs/cmake)\n'}
[33.228996] (kiss_icp) StdoutLine: {'line': b'-- Found tf2_ros: 0.25.20 (/opt/ros/humble/share/tf2_ros/cmake)\n'}
[33.279089] (-) TimerEvent: {}
[33.299873] (kiss_icp) StdoutLine: {'line': b'-- Found std_srvs: 4.9.1 (/opt/ros/humble/share/std_srvs/cmake)\n'}
[33.353352] (ndt_localization) StdoutLine: {'line': b'-- Found OpenNI2: /usr/lib/x86_64-linux-gnu/libOpenNI2.so;libusb::libusb (found version "2.2.0.33")\n'}
[33.353563] (ndt_localization) StdoutLine: {'line': b'-- OpenNI2 found (version: 2.2.0.33, include: /usr/include/openni2, lib: /usr/lib/x86_64-linux-gnu/libOpenNI2.so;libusb::libusb)\n'}
[33.353917] (ndt_localization) StderrLine: {'line': b'** WARNING ** io features related to pcap will be disabled\n'}
[33.354031] (ndt_localization) StderrLine: {'line': b'** WARNING ** io features related to png will be disabled\n'}
[33.379269] (-) TimerEvent: {}
[33.380497] (kiss_icp) StdoutLine: {'line': b'-- Configuring done (33.3s)\n'}
[33.388032] (ndt_localization) StdoutLine: {'line': b'-- Found GLEW: /usr/lib/x86_64-linux-gnu/libGLEW.so\n'}
[33.412094] (path_generator) StdoutLine: {'line': b'-- Performing Test CMAKE_HAVE_LIBC_PTHREAD - Success\n'}
[33.413278] (path_generator) StdoutLine: {'line': b'-- Found Threads: TRUE\n'}
[33.422146] (kiss_icp) StdoutLine: {'line': b'-- Generating done (0.0s)\n'}
[33.468012] (kiss_icp) StdoutLine: {'line': b'-- Build files have been written to: /home/g2909/WUTA1/WUTA-FSD/ros2_ws/build/kiss_icp\n'}
[33.470380] (path_generator) StdoutLine: {'line': b'-- Found geometry_msgs: 4.9.1 (/opt/ros/humble/share/geometry_msgs/cmake)\n'}
[33.479437] (-) TimerEvent: {}
[33.481990] (path_generator) StdoutLine: {'line': b'-- Found wuta_msgs: 1.0.0 (/home/g2909/WUTA1/WUTA-FSD/ros2_ws/install/wuta_msgs/share/wuta_msgs/cmake)\n'}
[33.490566] (kiss_icp) JobEnded: {'identifier': 'kiss_icp', 'rc': 'SIGINT'}
[33.498053] (path_generator) StdoutLine: {'line': b'-- Found autoware_msgs: 1.12.0 (/opt/ros/humble/share/autoware_msgs/cmake)\n'}
[33.553563] (path_generator) StdoutLine: {'line': b'-- Configuring done (24.5s)\n'}
[33.560394] (controller) StdoutLine: {'line': b"-- Using RMW implementation 'rmw_fastrtps_cpp' as default\n"}
[33.567207] (path_generator) StdoutLine: {'line': b'-- Generating done (0.0s)\n'}
[33.567559] (controller) StdoutLine: {'line': b'-- Performing Test CMAKE_HAVE_LIBC_PTHREAD\n'}
[33.579626] (-) TimerEvent: {}
[33.589202] (path_generator) StdoutLine: {'line': b'-- Build files have been written to: /home/g2909/WUTA1/WUTA-FSD/ros2_ws/build/path_generator\n'}
[33.601539] (path_generator) JobEnded: {'identifier': 'path_generator', 'rc': 'SIGINT'}
[33.679798] (-) TimerEvent: {}
[33.702596] (ndt_localization) StdoutLine: {'line': b'-- Found OpenGL: /usr/lib/x86_64-linux-gnu/libOpenGL.so  found components: OpenGL GLX\n'}
[33.780030] (-) TimerEvent: {}
[33.880336] (-) TimerEvent: {}
[33.903626] (controller) StdoutLine: {'line': b'-- Performing Test CMAKE_HAVE_LIBC_PTHREAD - Success\n'}
[33.904458] (controller) StdoutLine: {'line': b'-- Found Threads: TRUE\n'}
[33.957496] (controller) StdoutLine: {'line': b'-- Found geometry_msgs: 4.9.1 (/opt/ros/humble/share/geometry_msgs/cmake)\n'}
[33.969552] (controller) StdoutLine: {'line': b'-- Found visualization_msgs: 4.9.1 (/opt/ros/humble/share/visualization_msgs/cmake)\n'}
[33.980517] (-) TimerEvent: {}
[34.003083] (controller) StdoutLine: {'line': b'-- Found autoware_msgs: 0.1.0 (/home/g2909/WUTA1/WUTA-FSD/ros2_ws/install/autoware_msgs/share/autoware_msgs/cmake)\n'}
[34.016893] (controller) StdoutLine: {'line': b'-- Found wuta_msgs: 1.0.0 (/home/g2909/WUTA1/WUTA-FSD/ros2_ws/install/wuta_msgs/share/wuta_msgs/cmake)\n'}
[34.077278] (controller) StdoutLine: {'line': b'-- Configuring done (24.9s)\n'}
[34.080733] (-) TimerEvent: {}
[34.089712] (controller) StdoutLine: {'line': b'-- Generating done (0.0s)\n'}
[34.094781] (ndt_localization) StdoutLine: {'line': b'-- Found MPI_C: /usr/lib/x86_64-linux-gnu/libmpi.so (found version "3.1")\n'}
[34.095155] (ndt_localization) StdoutLine: {'line': b'-- Found MPI: TRUE (found version "3.1") found components: C\n'}
[34.097030] (ndt_localization) StdoutLine: {'line': b'-- Found JsonCpp: /usr/lib/x86_64-linux-gnu/libjsoncpp.so (found suitable version "1.9.5", minimum required is "0.7.0")\n'}
[34.113917] (controller) StdoutLine: {'line': b'-- Build files have been written to: /home/g2909/WUTA1/WUTA-FSD/ros2_ws/build/controller\n'}
[34.123856] (controller) JobEnded: {'identifier': 'controller', 'rc': 'SIGINT'}
[34.180904] (-) TimerEvent: {}
[34.281155] (-) TimerEvent: {}
[34.381458] (-) TimerEvent: {}
[34.481726] (-) TimerEvent: {}
[34.582010] (-) TimerEvent: {}
[34.682285] (-) TimerEvent: {}
[34.782519] (-) TimerEvent: {}
[34.882782] (-) TimerEvent: {}
[34.983039] (-) TimerEvent: {}
[35.083242] (-) TimerEvent: {}
[35.183478] (-) TimerEvent: {}
[35.283749] (-) TimerEvent: {}
[35.384009] (-) TimerEvent: {}
[35.484264] (-) TimerEvent: {}
[35.584552] (-) TimerEvent: {}
[35.656040] (lidar_detection) StdoutLine: {'line': b'-- Found ZLIB: /usr/lib/x86_64-linux-gnu/libz.so (found version "1.2.11")\n'}
[35.684748] (-) TimerEvent: {}
[35.785022] (-) TimerEvent: {}
[35.885324] (-) TimerEvent: {}
[35.985628] (-) TimerEvent: {}
[36.085958] (-) TimerEvent: {}
[36.186245] (-) TimerEvent: {}
[36.286521] (-) TimerEvent: {}
[36.386824] (-) TimerEvent: {}
[36.487209] (-) TimerEvent: {}
[36.587528] (-) TimerEvent: {}
[36.687855] (-) TimerEvent: {}
[36.788125] (-) TimerEvent: {}
[36.888387] (-) TimerEvent: {}
[36.988704] (-) TimerEvent: {}
[37.030264] (ndt_localization) StdoutLine: {'line': b'-- Found ZLIB: /usr/lib/x86_64-linux-gnu/libz.so (found version "1.2.11")\n'}
[37.088852] (-) TimerEvent: {}
[37.189115] (-) TimerEvent: {}
[37.289369] (-) TimerEvent: {}
[37.389627] (-) TimerEvent: {}
[37.489913] (-) TimerEvent: {}
[37.590192] (-) TimerEvent: {}
[37.690497] (-) TimerEvent: {}
[37.790790] (-) TimerEvent: {}
[37.891073] (-) TimerEvent: {}
[37.991380] (-) TimerEvent: {}
[38.091659] (-) TimerEvent: {}
[38.192045] (-) TimerEvent: {}
[38.292335] (-) TimerEvent: {}
[38.392595] (-) TimerEvent: {}
[38.492870] (-) TimerEvent: {}
[38.593150] (-) TimerEvent: {}
[38.693476] (-) TimerEvent: {}
[38.793769] (-) TimerEvent: {}
[38.894106] (-) TimerEvent: {}
[38.994386] (-) TimerEvent: {}
[39.094680] (-) TimerEvent: {}
[39.194940] (-) TimerEvent: {}
[39.204631] (lidar_detection) StdoutLine: {'line': b'-- Found PNG: /usr/lib/x86_64-linux-gnu/libpng.so (found version "1.6.37")\n'}
[39.228324] (lidar_detection) StdoutLine: {'line': b'-- Found Eigen3: /usr/include/eigen3 (found version "3.4.0")\n'}
[39.295099] (-) TimerEvent: {}
[39.395417] (-) TimerEvent: {}
[39.495691] (-) TimerEvent: {}
[39.595950] (-) TimerEvent: {}
[39.696207] (-) TimerEvent: {}
[39.796477] (-) TimerEvent: {}
[39.896761] (-) TimerEvent: {}
[39.997014] (-) TimerEvent: {}
[40.097288] (-) TimerEvent: {}
[40.197584] (-) TimerEvent: {}
[40.297889] (-) TimerEvent: {}
[40.398256] (-) TimerEvent: {}
[40.498594] (-) TimerEvent: {}
[40.598870] (-) TimerEvent: {}
[40.644306] (ndt_localization) StdoutLine: {'line': b'-- Found PNG: /usr/lib/x86_64-linux-gnu/libpng.so (found version "1.6.37")\n'}
[40.654054] (ndt_localization) StdoutLine: {'line': b'-- Found Eigen3: /usr/include/eigen3 (found version "3.4.0")\n'}
[40.699021] (-) TimerEvent: {}
[40.799293] (-) TimerEvent: {}
[40.899562] (-) TimerEvent: {}
[40.999823] (-) TimerEvent: {}
[41.100112] (-) TimerEvent: {}
[41.200407] (-) TimerEvent: {}
[41.300707] (-) TimerEvent: {}
[41.400977] (-) TimerEvent: {}
[41.501222] (-) TimerEvent: {}
[41.601484] (-) TimerEvent: {}
[41.701736] (-) TimerEvent: {}
[41.802018] (-) TimerEvent: {}
[41.902314] (-) TimerEvent: {}
[42.002595] (-) TimerEvent: {}
[42.102890] (-) TimerEvent: {}
[42.203168] (-) TimerEvent: {}
[42.303463] (-) TimerEvent: {}
[42.403744] (-) TimerEvent: {}
[42.504149] (-) TimerEvent: {}
[42.604413] (-) TimerEvent: {}
[42.704644] (-) TimerEvent: {}
[42.804882] (-) TimerEvent: {}
[42.905139] (-) TimerEvent: {}
[43.005410] (-) TimerEvent: {}
[43.105655] (-) TimerEvent: {}
[43.205908] (-) TimerEvent: {}
[43.306149] (-) TimerEvent: {}
[43.406397] (-) TimerEvent: {}
[43.506649] (-) TimerEvent: {}
[43.606953] (-) TimerEvent: {}
[43.707229] (-) TimerEvent: {}
[43.807489] (-) TimerEvent: {}
[43.907759] (-) TimerEvent: {}
[44.008001] (-) TimerEvent: {}
[44.108286] (-) TimerEvent: {}
[44.208595] (-) TimerEvent: {}
[44.308877] (-) TimerEvent: {}
[44.409124] (-) TimerEvent: {}
[44.509414] (-) TimerEvent: {}
[44.609711] (-) TimerEvent: {}
[44.710037] (-) TimerEvent: {}
[44.810328] (-) TimerEvent: {}
[44.910631] (-) TimerEvent: {}
[45.010920] (-) TimerEvent: {}
[45.111225] (-) TimerEvent: {}
[45.211513] (-) TimerEvent: {}
[45.311831] (-) TimerEvent: {}
[45.412164] (-) TimerEvent: {}
[45.512427] (-) TimerEvent: {}
[45.612691] (-) TimerEvent: {}
[45.712959] (-) TimerEvent: {}
[45.813213] (-) TimerEvent: {}
[45.913444] (-) TimerEvent: {}
[46.013750] (-) TimerEvent: {}
[46.113986] (-) TimerEvent: {}
[46.214226] (-) TimerEvent: {}
[46.314590] (-) TimerEvent: {}
[46.414840] (-) TimerEvent: {}
[46.515105] (-) TimerEvent: {}
[46.615367] (-) TimerEvent: {}
[46.715657] (-) TimerEvent: {}
[46.815922] (-) TimerEvent: {}
[46.916196] (-) TimerEvent: {}
[47.016462] (-) TimerEvent: {}
[47.116726] (-) TimerEvent: {}
[47.216986] (-) TimerEvent: {}
[47.312517] (lidar_detection) StdoutLine: {'line': b'-- Found X11: /usr/include\n'}
[47.312884] (lidar_detection) StdoutLine: {'line': b'-- Looking for XOpenDisplay in /usr/lib/x86_64-linux-gnu/libX11.so;/usr/lib/x86_64-linux-gnu/libXext.so\n'}
[47.317087] (-) TimerEvent: {}
[47.417310] (-) TimerEvent: {}
[47.517570] (-) TimerEvent: {}
[47.588351] (lidar_detection) StdoutLine: {'line': b'-- Looking for XOpenDisplay in /usr/lib/x86_64-linux-gnu/libX11.so;/usr/lib/x86_64-linux-gnu/libXext.so - found\n'}
[47.588651] (lidar_detection) StdoutLine: {'line': b'-- Looking for gethostbyname\n'}
[47.617732] (-) TimerEvent: {}
[47.718014] (-) TimerEvent: {}
[47.818244] (-) TimerEvent: {}
[47.836586] (lidar_detection) StdoutLine: {'line': b'-- Looking for gethostbyname - found\n'}
[47.836766] (lidar_detection) StdoutLine: {'line': b'-- Looking for connect\n'}
[47.918390] (-) TimerEvent: {}
[48.018635] (-) TimerEvent: {}
[48.118901] (-) TimerEvent: {}
[48.138617] (lidar_detection) StdoutLine: {'line': b'-- Looking for connect - found\n'}
[48.138800] (lidar_detection) StdoutLine: {'line': b'-- Looking for remove\n'}
[48.219092] (-) TimerEvent: {}
[48.319476] (-) TimerEvent: {}
[48.419776] (-) TimerEvent: {}
[48.458519] (lidar_detection) StdoutLine: {'line': b'-- Looking for remove - found\n'}
[48.458678] (lidar_detection) StdoutLine: {'line': b'-- Looking for shmat\n'}
[48.519912] (-) TimerEvent: {}
[48.620165] (-) TimerEvent: {}
[48.720429] (-) TimerEvent: {}
[48.750892] (lidar_detection) StdoutLine: {'line': b'-- Looking for shmat - found\n'}
[48.751071] (lidar_detection) StdoutLine: {'line': b'-- Looking for IceConnectionNumber in ICE\n'}
[48.797110] (ndt_localization) StdoutLine: {'line': b'-- Found X11: /usr/include\n'}
[48.797378] (ndt_localization) StdoutLine: {'line': b'-- Looking for XOpenDisplay in /usr/lib/x86_64-linux-gnu/libX11.so;/usr/lib/x86_64-linux-gnu/libXext.so\n'}
[48.820610] (-) TimerEvent: {}
[48.920869] (-) TimerEvent: {}
[49.021138] (-) TimerEvent: {}
[49.036698] (lidar_detection) StdoutLine: {'line': b'-- Looking for IceConnectionNumber in ICE - found\n'}
[49.067913] (ndt_localization) StdoutLine: {'line': b'-- Looking for XOpenDisplay in /usr/lib/x86_64-linux-gnu/libX11.so;/usr/lib/x86_64-linux-gnu/libXext.so - found\n'}
[49.068071] (ndt_localization) StdoutLine: {'line': b'-- Looking for gethostbyname\n'}
[49.121287] (-) TimerEvent: {}
[49.221564] (-) TimerEvent: {}
[49.321862] (-) TimerEvent: {}
[49.356532] (ndt_localization) StdoutLine: {'line': b'-- Looking for gethostbyname - found\n'}
[49.356703] (ndt_localization) StdoutLine: {'line': b'-- Looking for connect\n'}
[49.422006] (-) TimerEvent: {}
[49.522258] (-) TimerEvent: {}
[49.622504] (-) TimerEvent: {}
[49.624364] (ndt_localization) StdoutLine: {'line': b'-- Looking for connect - found\n'}
[49.624529] (ndt_localization) StdoutLine: {'line': b'-- Looking for remove\n'}
[49.722678] (-) TimerEvent: {}
[49.822948] (-) TimerEvent: {}
[49.912039] (ndt_localization) StdoutLine: {'line': b'-- Looking for remove - found\n'}
[49.912226] (ndt_localization) StdoutLine: {'line': b'-- Looking for shmat\n'}
[49.923117] (-) TimerEvent: {}
[50.023381] (-) TimerEvent: {}
[50.123659] (-) TimerEvent: {}
[50.196156] (ndt_localization) StdoutLine: {'line': b'-- Looking for shmat - found\n'}
[50.196346] (ndt_localization) StdoutLine: {'line': b'-- Looking for IceConnectionNumber in ICE\n'}
[50.223809] (-) TimerEvent: {}
[50.324072] (-) TimerEvent: {}
[50.424325] (-) TimerEvent: {}
[50.512916] (ndt_localization) StdoutLine: {'line': b'-- Looking for IceConnectionNumber in ICE - found\n'}
[50.524524] (-) TimerEvent: {}
[50.624833] (-) TimerEvent: {}
[50.725115] (-) TimerEvent: {}
[50.825363] (-) TimerEvent: {}
[50.925602] (-) TimerEvent: {}
[51.025861] (-) TimerEvent: {}
[51.126166] (-) TimerEvent: {}
[51.226445] (-) TimerEvent: {}
[51.326735] (-) TimerEvent: {}
[51.427028] (-) TimerEvent: {}
[51.527347] (-) TimerEvent: {}
[51.627621] (-) TimerEvent: {}
[51.727881] (-) TimerEvent: {}
[51.828144] (-) TimerEvent: {}
[51.928470] (-) TimerEvent: {}
[52.028784] (-) TimerEvent: {}
[52.129228] (-) TimerEvent: {}
[52.229592] (-) TimerEvent: {}
[52.330086] (-) TimerEvent: {}
[52.430436] (-) TimerEvent: {}
[52.530700] (-) TimerEvent: {}
[52.630970] (-) TimerEvent: {}
[52.731296] (-) TimerEvent: {}
[52.831557] (-) TimerEvent: {}
[52.931807] (-) TimerEvent: {}
[53.032060] (-) TimerEvent: {}
[53.132313] (-) TimerEvent: {}
[53.232570] (-) TimerEvent: {}
[53.332802] (-) TimerEvent: {}
[53.433083] (-) TimerEvent: {}
[53.533374] (-) TimerEvent: {}
[53.633621] (-) TimerEvent: {}
[53.733858] (-) TimerEvent: {}
[53.834110] (-) TimerEvent: {}
[53.934412] (-) TimerEvent: {}
[54.034667] (-) TimerEvent: {}
[54.134942] (-) TimerEvent: {}
[54.235210] (-) TimerEvent: {}
[54.335470] (-) TimerEvent: {}
[54.435749] (-) TimerEvent: {}
[54.536030] (-) TimerEvent: {}
[54.636296] (-) TimerEvent: {}
[54.736605] (-) TimerEvent: {}
[54.836852] (-) TimerEvent: {}
[54.937118] (-) TimerEvent: {}
[55.037421] (-) TimerEvent: {}
[55.137723] (-) TimerEvent: {}
[55.238017] (-) TimerEvent: {}
[55.338285] (-) TimerEvent: {}
[55.438541] (-) TimerEvent: {}
[55.538848] (-) TimerEvent: {}
[55.639142] (-) TimerEvent: {}
[55.739448] (-) TimerEvent: {}
[55.839720] (-) TimerEvent: {}
[55.939959] (-) TimerEvent: {}
[56.040191] (-) TimerEvent: {}
[56.140450] (-) TimerEvent: {}
[56.240696] (-) TimerEvent: {}
[56.340935] (-) TimerEvent: {}
[56.441184] (-) TimerEvent: {}
[56.541451] (-) TimerEvent: {}
[56.641701] (-) TimerEvent: {}
[56.741991] (-) TimerEvent: {}
[56.842308] (-) TimerEvent: {}
[56.942557] (-) TimerEvent: {}
[57.042862] (-) TimerEvent: {}
[57.143244] (-) TimerEvent: {}
[57.243540] (-) TimerEvent: {}
[57.343802] (-) TimerEvent: {}
[57.444044] (-) TimerEvent: {}
[57.544334] (-) TimerEvent: {}
[57.644585] (-) TimerEvent: {}
[57.744834] (-) TimerEvent: {}
[57.845076] (-) TimerEvent: {}
[57.945348] (-) TimerEvent: {}
[58.045626] (-) TimerEvent: {}
[58.145881] (-) TimerEvent: {}
[58.246133] (-) TimerEvent: {}
[58.346392] (-) TimerEvent: {}
[58.446642] (-) TimerEvent: {}
[58.546898] (-) TimerEvent: {}
[58.647195] (-) TimerEvent: {}
[58.747529] (-) TimerEvent: {}
[58.847841] (-) TimerEvent: {}
[58.948086] (-) TimerEvent: {}
[59.048333] (-) TimerEvent: {}
[59.148577] (-) TimerEvent: {}
[59.248812] (-) TimerEvent: {}
[59.349054] (-) TimerEvent: {}
[59.449311] (-) TimerEvent: {}
[59.549585] (-) TimerEvent: {}
[59.649873] (-) TimerEvent: {}
[59.750171] (-) TimerEvent: {}
[59.850479] (-) TimerEvent: {}
[59.950805] (-) TimerEvent: {}
[60.051159] (-) TimerEvent: {}
[60.151409] (-) TimerEvent: {}
[60.251763] (-) TimerEvent: {}
[60.352022] (-) TimerEvent: {}
[60.408057] (lidar_detection) StdoutLine: {'line': b'-- Found EXPAT: /usr/lib/x86_64-linux-gnu/libexpat.so (found version "2.4.7")\n'}
[60.410508] (lidar_detection) StdoutLine: {'line': b'-- Found double-conversion: /usr/lib/x86_64-linux-gnu/libdouble-conversion.so\n'}
[60.413144] (lidar_detection) StdoutLine: {'line': b'-- Found LZ4: /usr/lib/x86_64-linux-gnu/liblz4.so (found version "1.9.3")\n'}
[60.415629] (lidar_detection) StdoutLine: {'line': b'-- Found LZMA: /usr/lib/x86_64-linux-gnu/liblzma.so (found version "5.2.5")\n'}
[60.452162] (-) TimerEvent: {}
[60.552407] (-) TimerEvent: {}
[60.652646] (-) TimerEvent: {}
[60.752927] (-) TimerEvent: {}
[60.853172] (-) TimerEvent: {}
[60.953459] (-) TimerEvent: {}
[61.053790] (-) TimerEvent: {}
[61.154072] (-) TimerEvent: {}
[61.254456] (-) TimerEvent: {}
[61.354734] (-) TimerEvent: {}
[61.401204] (lidar_detection) StdoutLine: {'line': b'-- Found JPEG: /usr/lib/x86_64-linux-gnu/libjpeg.so (found version "80")\n'}
[61.454962] (-) TimerEvent: {}
[61.555279] (-) TimerEvent: {}
[61.655534] (-) TimerEvent: {}
[61.755798] (-) TimerEvent: {}
[61.856058] (-) TimerEvent: {}
[61.866467] (ndt_localization) StdoutLine: {'line': b'-- Found EXPAT: /usr/lib/x86_64-linux-gnu/libexpat.so (found version "2.4.7")\n'}
[61.868123] (ndt_localization) StdoutLine: {'line': b'-- Found double-conversion: /usr/lib/x86_64-linux-gnu/libdouble-conversion.so\n'}
[61.869960] (ndt_localization) StdoutLine: {'line': b'-- Found LZ4: /usr/lib/x86_64-linux-gnu/liblz4.so (found version "1.9.3")\n'}
[61.871141] (ndt_localization) StdoutLine: {'line': b'-- Found LZMA: /usr/lib/x86_64-linux-gnu/liblzma.so (found version "5.2.5")\n'}
[61.956219] (-) TimerEvent: {}
[62.056469] (-) TimerEvent: {}
[62.156720] (-) TimerEvent: {}
[62.256956] (-) TimerEvent: {}
[62.357336] (-) TimerEvent: {}
[62.457599] (-) TimerEvent: {}
[62.556754] (ndt_localization) StdoutLine: {'line': b'-- Found JPEG: /usr/lib/x86_64-linux-gnu/libjpeg.so (found version "80")\n'}
[62.557677] (-) TimerEvent: {}
[62.657870] (-) TimerEvent: {}
[62.758126] (-) TimerEvent: {}
[62.858369] (-) TimerEvent: {}
[62.958612] (-) TimerEvent: {}
[63.058931] (-) TimerEvent: {}
[63.159185] (-) TimerEvent: {}
[63.259438] (-) TimerEvent: {}
[63.359687] (-) TimerEvent: {}
[63.459929] (-) TimerEvent: {}
[63.560219] (-) TimerEvent: {}
[63.660486] (-) TimerEvent: {}
[63.760728] (-) TimerEvent: {}
[63.860975] (-) TimerEvent: {}
[63.961232] (-) TimerEvent: {}
[64.063330] (-) TimerEvent: {}
[64.163588] (-) TimerEvent: {}
[64.263853] (-) TimerEvent: {}
[64.364103] (-) TimerEvent: {}
[64.464435] (-) TimerEvent: {}
[64.564748] (-) TimerEvent: {}
[64.664989] (-) TimerEvent: {}
[64.765253] (-) TimerEvent: {}
[64.865523] (-) TimerEvent: {}
[64.965762] (-) TimerEvent: {}
[65.112898] (lidar_detection) StdoutLine: {'line': b'-- Found TIFF: /usr/lib/x86_64-linux-gnu/libtiff.so (found version "4.3.0")\n'}
[65.113083] (-) TimerEvent: {}
[65.117650] (lidar_detection) StdoutLine: {'line': b'-- Found Freetype: /usr/lib/x86_64-linux-gnu/libfreetype.so (found version "2.11.1")\n'}
[65.122856] (lidar_detection) StdoutLine: {'line': b'-- Found utf8cpp: /usr/include/utf8cpp\n'}
[65.213299] (-) TimerEvent: {}
[65.313590] (-) TimerEvent: {}
[65.413847] (-) TimerEvent: {}
[65.514144] (-) TimerEvent: {}
[65.614399] (-) TimerEvent: {}
[65.714648] (-) TimerEvent: {}
[65.814884] (-) TimerEvent: {}
[65.915207] (-) TimerEvent: {}
[66.015472] (-) TimerEvent: {}
[66.115745] (-) TimerEvent: {}
[66.216071] (-) TimerEvent: {}
[66.316404] (-) TimerEvent: {}
[66.382222] (ndt_localization) StdoutLine: {'line': b'-- Found TIFF: /usr/lib/x86_64-linux-gnu/libtiff.so (found version "4.3.0")\n'}
[66.387518] (ndt_localization) StdoutLine: {'line': b'-- Found Freetype: /usr/lib/x86_64-linux-gnu/libfreetype.so (found version "2.11.1")\n'}
[66.393089] (ndt_localization) StdoutLine: {'line': b'-- Found utf8cpp: /usr/include/utf8cpp\n'}
[66.410335] (ndt_localization) StderrLine: {'line': b'CMake Warning (dev) at /usr/lib/x86_64-linux-gnu/cmake/pcl/PCLConfig.cmake:128 (find_package):\n'}
[66.410547] (ndt_localization) StderrLine: {'line': b'  Policy CMP0167 is not set: The FindBoost module is removed.  Run "cmake\n'}
[66.410599] (ndt_localization) StderrLine: {'line': b'  --help-policy CMP0167" for policy details.  Use the cmake_policy command to\n'}
[66.410648] (ndt_localization) StderrLine: {'line': b'  set the policy and suppress this warning.\n'}
[66.410684] (ndt_localization) StderrLine: {'line': b'\n'}
[66.410718] (ndt_localization) StderrLine: {'line': b'Call Stack (most recent call first):\n'}
[66.410745] (ndt_localization) StderrLine: {'line': b'  /usr/lib/x86_64-linux-gnu/cmake/pcl/PCLConfig.cmake:297 (find_boost)\n'}
[66.410772] (ndt_localization) StderrLine: {'line': b'  /usr/lib/x86_64-linux-gnu/cmake/pcl/PCLConfig.cmake:543 (find_external_library)\n'}
[66.410792] (ndt_localization) StderrLine: {'line': b'  CMakeLists.txt:14 (find_package)\n'}
[66.410812] (ndt_localization) StderrLine: {'line': b'This warning is for project developers.  Use -Wno-dev to suppress it.\n'}
[66.410832] (ndt_localization) StderrLine: {'line': b'\n'}
[66.416530] (-) TimerEvent: {}
[66.421398] (ndt_localization) StdoutLine: {'line': b'-- Eigen found (include: /usr/include/eigen3, version: 3.4.0)\n'}
[66.422854] (ndt_localization) StderrLine: {'line': b'CMake Warning (dev) at /usr/lib/x86_64-linux-gnu/cmake/pcl/Modules/FindFLANN.cmake:44 (find_package):\n'}
[66.423059] (ndt_localization) StderrLine: {'line': b'  Policy CMP0144 is not set: find_package uses upper-case <PACKAGENAME>_ROOT\n'}
[66.423115] (ndt_localization) StderrLine: {'line': b'  variables.  Run "cmake --help-policy CMP0144" for policy details.  Use the\n'}
[66.423173] (ndt_localization) StderrLine: {'line': b'  cmake_policy command to set the policy and suppress this warning.\n'}
[66.423198] (ndt_localization) StderrLine: {'line': b'\n'}
[66.423221] (ndt_localization) StderrLine: {'line': b'  CMake variable FLANN_ROOT is set to:\n'}
[66.423261] (ndt_localization) StderrLine: {'line': b'\n'}
[66.423294] (ndt_localization) StderrLine: {'line': b'    /usr\n'}
[66.423338] (ndt_localization) StderrLine: {'line': b'\n'}
[66.423397] (ndt_localization) StderrLine: {'line': b'  For compatibility, find_package is ignoring the variable, but code in a\n'}
[66.423443] (ndt_localization) StderrLine: {'line': b'  .cmake module might still use it.\n'}
[66.423475] (ndt_localization) StderrLine: {'line': b'Call Stack (most recent call first):\n'}
[66.423506] (ndt_localization) StderrLine: {'line': b'  /usr/lib/x86_64-linux-gnu/cmake/pcl/PCLConfig.cmake:256 (find_package)\n'}
[66.423538] (ndt_localization) StderrLine: {'line': b'  /usr/lib/x86_64-linux-gnu/cmake/pcl/PCLConfig.cmake:301 (find_flann)\n'}
[66.423566] (ndt_localization) StderrLine: {'line': b'  /usr/lib/x86_64-linux-gnu/cmake/pcl/PCLConfig.cmake:543 (find_external_library)\n'}
[66.423593] (ndt_localization) StderrLine: {'line': b'  CMakeLists.txt:14 (find_package)\n'}
[66.423612] (ndt_localization) StderrLine: {'line': b'This warning is for project developers.  Use -Wno-dev to suppress it.\n'}
[66.423631] (ndt_localization) StderrLine: {'line': b'\n'}
[66.516801] (-) TimerEvent: {}
[66.617096] (-) TimerEvent: {}
[66.717390] (-) TimerEvent: {}
[66.817666] (-) TimerEvent: {}
[66.917935] (-) TimerEvent: {}
[67.018199] (-) TimerEvent: {}
[67.118464] (-) TimerEvent: {}
[67.218710] (-) TimerEvent: {}
[67.318994] (-) TimerEvent: {}
[67.419341] (-) TimerEvent: {}
[67.519629] (-) TimerEvent: {}
[67.619929] (-) TimerEvent: {}
[67.720269] (-) TimerEvent: {}
[67.820544] (-) TimerEvent: {}
[67.920844] (-) TimerEvent: {}
[68.021230] (-) TimerEvent: {}
[68.121536] (-) TimerEvent: {}
[68.221785] (-) TimerEvent: {}
[68.322032] (-) TimerEvent: {}
[68.422271] (-) TimerEvent: {}
[68.522572] (-) TimerEvent: {}
[68.622909] (-) TimerEvent: {}
[68.723180] (-) TimerEvent: {}
[68.823457] (-) TimerEvent: {}
[68.923706] (-) TimerEvent: {}
[68.950858] (ndt_localization) StdoutLine: {'line': b"-- Checking for module 'flann'\n"}
[68.961826] (ndt_localization) StdoutLine: {'line': b'--   Found flann, version 1.9.1\n'}
[69.023844] (-) TimerEvent: {}
[69.124102] (-) TimerEvent: {}
[69.224375] (-) TimerEvent: {}
[69.324655] (-) TimerEvent: {}
[69.424919] (-) TimerEvent: {}
[69.525155] (-) TimerEvent: {}
[69.625466] (-) TimerEvent: {}
[69.725842] (-) TimerEvent: {}
[69.826119] (-) TimerEvent: {}
[69.926423] (-) TimerEvent: {}
[70.026704] (-) TimerEvent: {}
[70.126959] (-) TimerEvent: {}
[70.227230] (-) TimerEvent: {}
[70.327477] (-) TimerEvent: {}
[70.352506] (ndt_localization) StdoutLine: {'line': b'-- Found FLANN: /usr/lib/x86_64-linux-gnu/libflann_cpp.so\n'}
[70.352686] (ndt_localization) StdoutLine: {'line': b'-- FLANN found (include: /usr/include, lib: /usr/lib/x86_64-linux-gnu/libflann_cpp.so)\n'}
[70.427627] (-) TimerEvent: {}
[70.527937] (-) TimerEvent: {}
[70.628218] (-) TimerEvent: {}
[70.728648] (-) TimerEvent: {}
[70.828934] (-) TimerEvent: {}
[70.929186] (-) TimerEvent: {}
[71.029485] (-) TimerEvent: {}
[71.129772] (-) TimerEvent: {}
[71.230009] (-) TimerEvent: {}
[71.330245] (-) TimerEvent: {}
[71.430480] (-) TimerEvent: {}
[71.530724] (-) TimerEvent: {}
[71.630987] (-) TimerEvent: {}
[71.731242] (-) TimerEvent: {}
[71.831491] (-) TimerEvent: {}
[71.931801] (-) TimerEvent: {}
[72.032114] (-) TimerEvent: {}
[72.132416] (-) TimerEvent: {}
[72.232656] (-) TimerEvent: {}
[72.332915] (-) TimerEvent: {}
[72.433187] (-) TimerEvent: {}
[72.533448] (-) TimerEvent: {}
[72.633708] (-) TimerEvent: {}
[72.733947] (-) TimerEvent: {}
[72.834197] (-) TimerEvent: {}
[72.934439] (-) TimerEvent: {}
[73.034718] (-) TimerEvent: {}
[73.135039] (-) TimerEvent: {}
[73.235333] (-) TimerEvent: {}
[73.335590] (-) TimerEvent: {}
[73.435842] (-) TimerEvent: {}
[73.536093] (-) TimerEvent: {}
[73.636411] (-) TimerEvent: {}
[73.736669] (-) TimerEvent: {}
[73.836907] (-) TimerEvent: {}
[73.937146] (-) TimerEvent: {}
[74.037518] (-) TimerEvent: {}
[74.137764] (-) TimerEvent: {}
[74.238025] (-) TimerEvent: {}
[74.338274] (-) TimerEvent: {}
[74.438521] (-) TimerEvent: {}
[74.538757] (-) TimerEvent: {}
[74.638999] (-) TimerEvent: {}
[74.739256] (-) TimerEvent: {}
[74.839490] (-) TimerEvent: {}
[74.939727] (-) TimerEvent: {}
[75.040001] (-) TimerEvent: {}
[75.140258] (-) TimerEvent: {}
[75.240509] (-) TimerEvent: {}
[75.340758] (-) TimerEvent: {}
[75.441035] (-) TimerEvent: {}
[75.541287] (-) TimerEvent: {}
[75.641523] (-) TimerEvent: {}
[75.741817] (-) TimerEvent: {}
[75.842097] (-) TimerEvent: {}
[75.942414] (-) TimerEvent: {}
[76.042697] (-) TimerEvent: {}
[76.142947] (-) TimerEvent: {}
[76.243205] (-) TimerEvent: {}
[76.343447] (-) TimerEvent: {}
[76.443683] (-) TimerEvent: {}
[76.543958] (-) TimerEvent: {}
[76.644231] (-) TimerEvent: {}
[76.744543] (-) TimerEvent: {}
[76.844855] (-) TimerEvent: {}
[76.945123] (-) TimerEvent: {}
[77.045386] (-) TimerEvent: {}
[77.145655] (-) TimerEvent: {}
[77.245965] (-) TimerEvent: {}
[77.346230] (-) TimerEvent: {}
[77.446500] (-) TimerEvent: {}
[77.546791] (-) TimerEvent: {}
[77.647054] (-) TimerEvent: {}
[77.747381] (-) TimerEvent: {}
[77.847669] (-) TimerEvent: {}
[77.947941] (-) TimerEvent: {}
[78.048199] (-) TimerEvent: {}
[78.148449] (-) TimerEvent: {}
[78.248704] (-) TimerEvent: {}
[78.348966] (-) TimerEvent: {}
[78.449224] (-) TimerEvent: {}
[78.549500] (-) TimerEvent: {}
[78.649779] (-) TimerEvent: {}
[78.750039] (-) TimerEvent: {}
[78.850341] (-) TimerEvent: {}
[78.950631] (-) TimerEvent: {}
[79.050892] (-) TimerEvent: {}
[79.147450] (robot_localization) StdoutLine: {'line': b'[ 76%] Linking CXX shared library librl_lib.so\n'}
[79.150989] (-) TimerEvent: {}
[79.251247] (-) TimerEvent: {}
[79.351488] (-) TimerEvent: {}
[79.451743] (-) TimerEvent: {}
[79.552068] (-) TimerEvent: {}
[79.652333] (-) TimerEvent: {}
[79.752583] (-) TimerEvent: {}
[79.852832] (-) TimerEvent: {}
[79.953087] (-) TimerEvent: {}
[80.053381] (-) TimerEvent: {}
[80.153652] (-) TimerEvent: {}
[80.253906] (-) TimerEvent: {}
[80.354177] (-) TimerEvent: {}
[80.454464] (-) TimerEvent: {}
[80.554722] (-) TimerEvent: {}
[80.654967] (-) TimerEvent: {}
[80.755242] (-) TimerEvent: {}
[80.855493] (-) TimerEvent: {}
[80.928633] (robot_localization) StdoutLine: {'line': b'[ 76%] Built target rl_lib\n'}
[80.936944] (robot_localization) StdoutLine: {'line': b'[ 76%] Building CXX object CMakeFiles/ekf_node.dir/src/ekf_node.cpp.o\n'}
[80.937390] (robot_localization) StdoutLine: {'line': b'[ 77%] Building CXX object CMakeFiles/filter_base-test.dir/test/test_filter_base.cpp.o\n'}
[80.937432] (robot_localization) StdoutLine: {'line': b'[ 78%] Building CXX object CMakeFiles/robot_localization_listener_node.dir/src/robot_localization_listener_node.cpp.o\n'}
[80.938241] (robot_localization) StdoutLine: {'line': b'[ 80%] Building CXX object CMakeFiles/ukf_node.dir/src/ukf_node.cpp.o\n'}
[80.938527] (robot_localization) StdoutLine: {'line': b'[ 80%] Building CXX object CMakeFiles/test_ukf.dir/test/test_ukf.cpp.o\n'}
[80.938583] (robot_localization) StdoutLine: {'line': b'[ 80%] Building CXX object CMakeFiles/navsat_transform_node.dir/src/navsat_transform_node.cpp.o\n'}
[80.938915] (robot_localization) StdoutLine: {'line': b'[ 81%] Building CXX object CMakeFiles/test_robot_localization_estimator.dir/test/test_robot_localization_estimator.cpp.o\n'}
[80.938999] (robot_localization) StdoutLine: {'line': b'[ 82%] Building CXX object CMakeFiles/test_ekf.dir/test/test_ekf.cpp.o\n'}
[80.939269] (robot_localization) StdoutLine: {'line': b'[ 83%] Building CXX object CMakeFiles/test_ros_robot_localization_listener.dir/test/test_ros_robot_localization_listener.cpp.o\n'}
[80.939350] (robot_localization) StdoutLine: {'line': b'[ 84%] Building CXX object CMakeFiles/test_ros_robot_localization_listener_publisher.dir/test/test_ros_robot_localization_listener_publisher.cpp.o\n'}
[80.939870] (robot_localization) StdoutLine: {'line': b'[ 85%] Building CXX object CMakeFiles/test_navsat_conversions.dir/test/test_navsat_conversions.cpp.o\n'}
[80.955666] (-) TimerEvent: {}
[81.055952] (-) TimerEvent: {}
[81.156324] (-) TimerEvent: {}
[81.256638] (-) TimerEvent: {}
[81.356958] (-) TimerEvent: {}
[81.457269] (-) TimerEvent: {}
[81.557580] (-) TimerEvent: {}
[81.657889] (-) TimerEvent: {}
[81.758246] (-) TimerEvent: {}
[81.859145] (-) TimerEvent: {}
[81.959483] (-) TimerEvent: {}
[82.060941] (-) TimerEvent: {}
[82.161254] (-) TimerEvent: {}
[82.261528] (-) TimerEvent: {}
[82.361819] (-) TimerEvent: {}
[82.419622] (robot_localization) StdoutLine: {'line': b'[ 86%] Linking CXX executable test_navsat_conversions\n'}
[82.462069] (-) TimerEvent: {}
[82.562614] (-) TimerEvent: {}
[82.663445] (-) TimerEvent: {}
[82.763756] (-) TimerEvent: {}
[82.864037] (-) TimerEvent: {}
[82.964348] (-) TimerEvent: {}
[83.064648] (-) TimerEvent: {}
[83.080730] (robot_localization) StdoutLine: {'line': b'[ 86%] Built target test_navsat_conversions\n'}
[83.164847] (-) TimerEvent: {}
[83.265151] (-) TimerEvent: {}
[83.365753] (-) TimerEvent: {}
[83.466046] (-) TimerEvent: {}
[83.566341] (-) TimerEvent: {}
[83.666747] (-) TimerEvent: {}
[83.767177] (-) TimerEvent: {}
[83.867477] (-) TimerEvent: {}
[83.967768] (-) TimerEvent: {}
[84.068073] (-) TimerEvent: {}
[84.168349] (-) TimerEvent: {}
[84.268662] (-) TimerEvent: {}
[84.368942] (-) TimerEvent: {}
[84.469242] (-) TimerEvent: {}
[84.569556] (-) TimerEvent: {}
[84.669875] (-) TimerEvent: {}
[84.770185] (-) TimerEvent: {}
[84.870495] (-) TimerEvent: {}
[84.970801] (-) TimerEvent: {}
[85.002709] (robot_localization) StdoutLine: {'line': b'[ 87%] Linking CXX executable filter_base-test\n'}
[85.071097] (-) TimerEvent: {}
[85.171511] (-) TimerEvent: {}
[85.271798] (-) TimerEvent: {}
[85.372171] (-) TimerEvent: {}
[85.472562] (-) TimerEvent: {}
[85.572898] (-) TimerEvent: {}
[85.673377] (-) TimerEvent: {}
[85.680805] (robot_localization) StdoutLine: {'line': b'[ 87%] Built target filter_base-test\n'}
[85.773547] (-) TimerEvent: {}
[85.873880] (-) TimerEvent: {}
[85.974180] (-) TimerEvent: {}
[86.074488] (-) TimerEvent: {}
[86.174877] (-) TimerEvent: {}
[86.275245] (-) TimerEvent: {}
[86.375540] (-) TimerEvent: {}
[86.475874] (-) TimerEvent: {}
[86.576181] (-) TimerEvent: {}
[86.676536] (-) TimerEvent: {}
[86.776926] (-) TimerEvent: {}
[86.877196] (-) TimerEvent: {}
[86.977524] (-) TimerEvent: {}
[87.077894] (-) TimerEvent: {}
[87.178197] (-) TimerEvent: {}
[87.278514] (-) TimerEvent: {}
[87.378864] (-) TimerEvent: {}
[87.479214] (-) TimerEvent: {}
[87.579547] (-) TimerEvent: {}
[87.679880] (-) TimerEvent: {}
[87.780198] (-) TimerEvent: {}
[87.880496] (-) TimerEvent: {}
[87.980801] (-) TimerEvent: {}
[88.081133] (-) TimerEvent: {}
[88.181443] (-) TimerEvent: {}
[88.281722] (-) TimerEvent: {}
[88.359872] (robot_localization) StdoutLine: {'line': b'[ 88%] Linking CXX executable navsat_transform_node\n'}
[88.381885] (-) TimerEvent: {}
[88.482184] (-) TimerEvent: {}
[88.582502] (-) TimerEvent: {}
[88.682820] (-) TimerEvent: {}
[88.783144] (-) TimerEvent: {}
[88.857674] (robot_localization) StdoutLine: {'line': b'[ 88%] Built target navsat_transform_node\n'}
[88.873563] (robot_localization) StdoutLine: {'line': b'[ 89%] Linking CXX executable ekf_node\n'}
[88.883255] (-) TimerEvent: {}
[88.929615] (robot_localization) StdoutLine: {'line': b'[ 90%] Linking CXX executable ukf_node\n'}
[88.983437] (-) TimerEvent: {}
[89.083764] (-) TimerEvent: {}
[89.184050] (-) TimerEvent: {}
[89.284347] (-) TimerEvent: {}
[89.369262] (robot_localization) StdoutLine: {'line': b'[ 90%] Built target ekf_node\n'}
[89.383077] (robot_localization) StdoutLine: {'line': b'[ 92%] Building CXX object CMakeFiles/test_ekf_localization_node_interfaces.dir/test/test_ekf_localization_node_interfaces.cpp.o\n'}
[89.383407] (robot_localization) StdoutLine: {'line': b'[ 92%] Building CXX object CMakeFiles/test_filter_base_diagnostics_timestamps.dir/test/test_filter_base_diagnostics_timestamps.cpp.o\n'}
[89.384454] (-) TimerEvent: {}
[89.448084] (robot_localization) StdoutLine: {'line': b'[ 92%] Built target ukf_node\n'}
[89.461373] (robot_localization) StdoutLine: {'line': b'[ 93%] Building CXX object CMakeFiles/test_ukf_localization_node_interfaces.dir/test/test_ukf_localization_node_interfaces.cpp.o\n'}
[89.484674] (-) TimerEvent: {}
[89.584969] (-) TimerEvent: {}
[89.685287] (-) TimerEvent: {}
[89.689317] (robot_localization) StdoutLine: {'line': b'[ 94%] Linking CXX executable test_robot_localization_estimator\n'}
[89.785481] (-) TimerEvent: {}
[89.885796] (-) TimerEvent: {}
[89.986128] (-) TimerEvent: {}
[90.086409] (-) TimerEvent: {}
[90.186711] (-) TimerEvent: {}
[90.287044] (-) TimerEvent: {}
[90.321183] (robot_localization) StdoutLine: {'line': b'[ 94%] Linking CXX executable test_ros_robot_localization_listener\n'}
[90.349601] (robot_localization) StdoutLine: {'line': b'[ 94%] Built target test_robot_localization_estimator\n'}
[90.387267] (-) TimerEvent: {}
[90.487654] (-) TimerEvent: {}
[90.528723] (robot_localization) StdoutLine: {'line': b'[ 95%] Linking CXX executable robot_localization_listener_node\n'}
[90.587823] (-) TimerEvent: {}
[90.688118] (-) TimerEvent: {}
[90.714388] (robot_localization) StdoutLine: {'line': b'[ 96%] Linking CXX executable test_ukf\n'}
[90.739648] (robot_localization) StdoutLine: {'line': b'[ 97%] Linking CXX executable test_ekf\n'}
[90.788326] (-) TimerEvent: {}
[90.888706] (-) TimerEvent: {}
[90.920020] (robot_localization) StdoutLine: {'line': b'[ 97%] Built target test_ros_robot_localization_listener\n'}
[90.988917] (-) TimerEvent: {}
[91.080407] (robot_localization) StdoutLine: {'line': b'[ 97%] Built target robot_localization_listener_node\n'}
[91.089132] (-) TimerEvent: {}
[91.189437] (-) TimerEvent: {}
[91.289747] (-) TimerEvent: {}
[91.292876] (robot_localization) StdoutLine: {'line': b'[ 97%] Built target test_ukf\n'}
[91.309480] (robot_localization) StdoutLine: {'line': b'[ 97%] Built target test_ekf\n'}
[91.389914] (-) TimerEvent: {}
[91.490236] (-) TimerEvent: {}
[91.590530] (-) TimerEvent: {}
[91.690880] (-) TimerEvent: {}
[91.791241] (-) TimerEvent: {}
[91.879897] (robot_localization) StdoutLine: {'line': b'[ 98%] Linking CXX executable test_ros_robot_localization_listener_publisher\n'}
[91.891455] (-) TimerEvent: {}
[91.991766] (-) TimerEvent: {}
[92.092062] (-) TimerEvent: {}
[92.193104] (-) TimerEvent: {}
[92.289250] (robot_localization) StdoutLine: {'line': b'[ 98%] Built target test_ros_robot_localization_listener_publisher\n'}
[92.293240] (-) TimerEvent: {}
[92.393505] (-) TimerEvent: {}
[92.493772] (-) TimerEvent: {}
[92.552290] (lidar_detection) StderrLine: {'line': b'CMake Warning (dev) at /usr/lib/x86_64-linux-gnu/cmake/pcl/Modules/FindFLANN.cmake:44 (find_package):\n'}
[92.552500] (lidar_detection) StderrLine: {'line': b'  Policy CMP0144 is not set: find_package uses upper-case <PACKAGENAME>_ROOT\n'}
[92.552540] (lidar_detection) StderrLine: {'line': b'  variables.  Run "cmake --help-policy CMP0144" for policy details.  Use the\n'}
[92.552573] (lidar_detection) StderrLine: {'line': b'  cmake_policy command to set the policy and suppress this warning.\n'}
[92.552605] (lidar_detection) StderrLine: {'line': b'\n'}
[92.552636] (lidar_detection) StderrLine: {'line': b'  CMake variable FLANN_ROOT is set to:\n'}
[92.552666] (lidar_detection) StderrLine: {'line': b'\n'}
[92.552695] (lidar_detection) StderrLine: {'line': b'    /usr\n'}
[92.552724] (lidar_detection) StderrLine: {'line': b'\n'}
[92.552753] (lidar_detection) StderrLine: {'line': b'  For compatibility, find_package is ignoring the variable, but code in a\n'}
[92.552782] (lidar_detection) StderrLine: {'line': b'  .cmake module might still use it.\n'}
[92.552824] (lidar_detection) StderrLine: {'line': b'Call Stack (most recent call first):\n'}
[92.552852] (lidar_detection) StderrLine: {'line': b'  /usr/lib/x86_64-linux-gnu/cmake/pcl/PCLConfig.cmake:256 (find_package)\n'}
[92.552881] (lidar_detection) StderrLine: {'line': b'  /usr/lib/x86_64-linux-gnu/cmake/pcl/PCLConfig.cmake:301 (find_flann)\n'}
[92.552909] (lidar_detection) StderrLine: {'line': b'  /usr/lib/x86_64-linux-gnu/cmake/pcl/PCLConfig.cmake:543 (find_external_library)\n'}
[92.552940] (lidar_detection) StderrLine: {'line': b'  CMakeLists.txt:11 (find_package)\n'}
[92.552968] (lidar_detection) StderrLine: {'line': b'This warning is for project developers.  Use -Wno-dev to suppress it.\n'}
[92.552997] (lidar_detection) StderrLine: {'line': b'\n'}
[92.593949] (-) TimerEvent: {}
[92.694227] (-) TimerEvent: {}
[92.794500] (-) TimerEvent: {}
[92.894775] (-) TimerEvent: {}
[92.995050] (-) TimerEvent: {}
[93.095342] (-) TimerEvent: {}
[93.195591] (-) TimerEvent: {}
[93.295892] (-) TimerEvent: {}
[93.396174] (-) TimerEvent: {}
[93.496457] (-) TimerEvent: {}
[93.596748] (-) TimerEvent: {}
[93.697032] (-) TimerEvent: {}
[93.797357] (-) TimerEvent: {}
[93.897677] (-) TimerEvent: {}
[93.997952] (-) TimerEvent: {}
[94.098217] (-) TimerEvent: {}
[94.198528] (-) TimerEvent: {}
[94.298841] (-) TimerEvent: {}
[94.399176] (-) TimerEvent: {}
[94.499468] (-) TimerEvent: {}
[94.599739] (-) TimerEvent: {}
[94.700051] (-) TimerEvent: {}
[94.800343] (-) TimerEvent: {}
[94.900610] (-) TimerEvent: {}
[95.000898] (-) TimerEvent: {}
[95.101237] (-) TimerEvent: {}
[95.201509] (-) TimerEvent: {}
[95.301875] (-) TimerEvent: {}
[95.402151] (-) TimerEvent: {}
[95.502428] (-) TimerEvent: {}
[95.602692] (-) TimerEvent: {}
[95.691998] (lidar_detection) StdoutLine: {'line': b"-- Checking for module 'flann'\n"}
[95.702788] (lidar_detection) StdoutLine: {'line': b'--   Found flann, version 1.9.1\n'}
[95.702995] (-) TimerEvent: {}
[95.803223] (-) TimerEvent: {}
[95.903517] (-) TimerEvent: {}
[96.003860] (-) TimerEvent: {}
[96.104136] (-) TimerEvent: {}
[96.204390] (-) TimerEvent: {}
[96.304647] (-) TimerEvent: {}
[96.404911] (-) TimerEvent: {}
[96.505159] (-) TimerEvent: {}
[96.605461] (-) TimerEvent: {}
[96.705827] (-) TimerEvent: {}
[96.806099] (-) TimerEvent: {}
[96.906377] (-) TimerEvent: {}
[97.006653] (-) TimerEvent: {}
[97.106930] (-) TimerEvent: {}
[97.108929] (lidar_detection) StdoutLine: {'line': b'-- Found FLANN: /usr/lib/x86_64-linux-gnu/libflann_cpp.so\n'}
[97.109132] (lidar_detection) StdoutLine: {'line': b'-- FLANN found (include: /usr/include, lib: /usr/lib/x86_64-linux-gnu/libflann_cpp.so)\n'}
[97.109831] (lidar_detection) StdoutLine: {'line': b'-- looking for PCL_COMMON\n'}
[97.111013] (lidar_detection) StdoutLine: {'line': b'-- Found PCL_COMMON: /usr/lib/x86_64-linux-gnu/libpcl_common.so\n'}
[97.111359] (lidar_detection) StdoutLine: {'line': b'-- looking for PCL_SAMPLE_CONSENSUS\n'}
[97.112215] (lidar_detection) StdoutLine: {'line': b'-- Found PCL_SAMPLE_CONSENSUS: /usr/lib/x86_64-linux-gnu/libpcl_sample_consensus.so\n'}
[97.112592] (lidar_detection) StdoutLine: {'line': b'-- looking for PCL_OCTREE\n'}
[97.114373] (lidar_detection) StdoutLine: {'line': b'-- Found PCL_OCTREE: /usr/lib/x86_64-linux-gnu/libpcl_octree.so\n'}
[97.114941] (lidar_detection) StdoutLine: {'line': b'-- looking for PCL_FILTERS\n'}
[97.116055] (lidar_detection) StdoutLine: {'line': b'-- Found PCL_FILTERS: /usr/lib/x86_64-linux-gnu/libpcl_filters.so\n'}
[97.116441] (lidar_detection) StdoutLine: {'line': b'-- looking for PCL_GEOMETRY\n'}
[97.116924] (lidar_detection) StdoutLine: {'line': b'-- Found PCL_GEOMETRY: /usr/include/pcl-1.12\n'}
[97.117170] (lidar_detection) StdoutLine: {'line': b'-- looking for PCL_2D\n'}
[97.117456] (lidar_detection) StdoutLine: {'line': b'-- Found PCL_2D: /usr/include/pcl-1.12\n'}
[97.117661] (lidar_detection) StdoutLine: {'line': b'-- looking for PCL_FEATURES\n'}
[97.119010] (lidar_detection) StdoutLine: {'line': b'-- Found PCL_FEATURES: /usr/lib/x86_64-linux-gnu/libpcl_features.so\n'}
[97.119226] (lidar_detection) StdoutLine: {'line': b'-- looking for PCL_ML\n'}
[97.120300] (lidar_detection) StdoutLine: {'line': b'-- Found PCL_ML: /usr/lib/x86_64-linux-gnu/libpcl_ml.so\n'}
[97.120387] (lidar_detection) StdoutLine: {'line': b'-- looking for PCL_SEGMENTATION\n'}
[97.121659] (lidar_detection) StdoutLine: {'line': b'-- Found PCL_SEGMENTATION: /usr/lib/x86_64-linux-gnu/libpcl_segmentation.so\n'}
[97.121930] (lidar_detection) StdoutLine: {'line': b'-- looking for PCL_SEARCH\n'}
[97.123182] (lidar_detection) StdoutLine: {'line': b'-- Found PCL_SEARCH: /usr/lib/x86_64-linux-gnu/libpcl_search.so\n'}
[97.123425] (lidar_detection) StdoutLine: {'line': b'-- looking for PCL_KDTREE\n'}
[97.124464] (lidar_detection) StdoutLine: {'line': b'-- Found PCL_KDTREE: /usr/lib/x86_64-linux-gnu/libpcl_kdtree.so\n'}
[97.125038] (lidar_detection) StdoutLine: {'line': b'-- Found PCL: pcl_common;pcl_sample_consensus;pcl_octree;pcl_filters;pcl_features;pcl_ml;pcl_segmentation;pcl_search;pcl_kdtree;Boost::system;Boost::filesystem;Boost::date_time;Boost::iostreams;Boost::serialization;VTK::ChartsCore;VTK::CommonColor;VTK::CommonComputationalGeometry;VTK::CommonCore;VTK::CommonDataModel;VTK::CommonExecutionModel;VTK::CommonMath;VTK::CommonMisc;VTK::CommonTransforms;VTK::FiltersCore;VTK::FiltersExtraction;VTK::FiltersGeneral;VTK::FiltersGeometry;VTK::FiltersModeling;VTK::FiltersSources;VTK::ImagingCore;VTK::ImagingSources;VTK::InteractionImage;VTK::InteractionStyle;VTK::InteractionWidgets;VTK::IOCore;VTK::IOGeometry;VTK::IOImage;VTK::IOLegacy;VTK::IOPLY;VTK::RenderingAnnotation;VTK::RenderingCore;VTK::RenderingContext2D;VTK::RenderingLOD;VTK::RenderingFreeType;VTK::ViewsCore;VTK::ViewsContext2D;VTK::RenderingOpenGL2;VTK::GUISupportQt;FLANN::FLANN\n'}
[97.170975] (lidar_detection) StdoutLine: {'line': b'-- Found pcl_conversions: 2.4.5 (/opt/ros/humble/share/pcl_conversions/cmake)\n'}
[97.207132] (-) TimerEvent: {}
[97.255332] (lidar_detection) StdoutLine: {'line': b'-- Configuring done (88.2s)\n'}
[97.299039] (lidar_detection) StdoutLine: {'line': b'-- Generating done (0.0s)\n'}
[97.307279] (-) TimerEvent: {}
[97.364750] (lidar_detection) StdoutLine: {'line': b'-- Build files have been written to: /home/g2909/WUTA1/WUTA-FSD/ros2_ws/build/lidar_detection\n'}
[97.383119] (lidar_detection) JobEnded: {'identifier': 'lidar_detection', 'rc': 'SIGINT'}
[97.407494] (-) TimerEvent: {}
[97.507806] (-) TimerEvent: {}
[97.608095] (-) TimerEvent: {}
[97.708367] (-) TimerEvent: {}
[97.808653] (-) TimerEvent: {}
[97.908951] (-) TimerEvent: {}
[98.009269] (-) TimerEvent: {}
[98.109563] (-) TimerEvent: {}
[98.209865] (-) TimerEvent: {}
[98.310170] (-) TimerEvent: {}
[98.410512] (-) TimerEvent: {}
[98.510822] (-) TimerEvent: {}
[98.611078] (-) TimerEvent: {}
[98.711336] (-) TimerEvent: {}
[98.811618] (-) TimerEvent: {}
[98.911890] (-) TimerEvent: {}
[99.012174] (-) TimerEvent: {}
[99.112446] (-) TimerEvent: {}
[99.212706] (-) TimerEvent: {}
[99.312957] (-) TimerEvent: {}
[99.413226] (-) TimerEvent: {}
[99.513499] (-) TimerEvent: {}
[99.613765] (-) TimerEvent: {}
[99.714056] (-) TimerEvent: {}
[99.814319] (-) TimerEvent: {}
[99.914584] (-) TimerEvent: {}
[100.014841] (-) TimerEvent: {}
[100.115158] (-) TimerEvent: {}
[100.215445] (-) TimerEvent: {}
[100.315776] (-) TimerEvent: {}
[100.416052] (-) TimerEvent: {}
[100.516355] (-) TimerEvent: {}
[100.616742] (-) TimerEvent: {}
[100.717065] (-) TimerEvent: {}
[100.817433] (-) TimerEvent: {}
[100.917838] (-) TimerEvent: {}
[101.018130] (-) TimerEvent: {}
[101.118387] (-) TimerEvent: {}
[101.218698] (-) TimerEvent: {}
[101.319009] (-) TimerEvent: {}
[101.419293] (-) TimerEvent: {}
[101.519567] (-) TimerEvent: {}
[101.619889] (-) TimerEvent: {}
[101.720194] (-) TimerEvent: {}
[101.820478] (-) TimerEvent: {}
[101.920765] (-) TimerEvent: {}
[102.021045] (-) TimerEvent: {}
[102.121302] (-) TimerEvent: {}
[102.221578] (-) TimerEvent: {}
[102.321829] (-) TimerEvent: {}
[102.422111] (-) TimerEvent: {}
[102.522407] (-) TimerEvent: {}
[102.622668] (-) TimerEvent: {}
[102.722967] (-) TimerEvent: {}
[102.823240] (-) TimerEvent: {}
[102.923482] (-) TimerEvent: {}
[103.023722] (-) TimerEvent: {}
[103.123992] (-) TimerEvent: {}
[103.224253] (-) TimerEvent: {}
[103.324498] (-) TimerEvent: {}
[103.424738] (-) TimerEvent: {}
[103.524993] (-) TimerEvent: {}
[103.625236] (-) TimerEvent: {}
[103.725516] (-) TimerEvent: {}
[103.825774] (-) TimerEvent: {}
[103.926060] (-) TimerEvent: {}
[104.026299] (-) TimerEvent: {}
[104.126611] (-) TimerEvent: {}
[104.226954] (-) TimerEvent: {}
[104.327235] (-) TimerEvent: {}
[104.427551] (-) TimerEvent: {}
[104.527799] (-) TimerEvent: {}
[104.628049] (-) TimerEvent: {}
[104.728302] (-) TimerEvent: {}
[104.828576] (-) TimerEvent: {}
[104.928822] (-) TimerEvent: {}
[105.029080] (-) TimerEvent: {}
[105.129349] (-) TimerEvent: {}
[105.229642] (-) TimerEvent: {}
[105.329886] (-) TimerEvent: {}
[105.430147] (-) TimerEvent: {}
[105.530396] (-) TimerEvent: {}
[105.630647] (-) TimerEvent: {}
[105.730904] (-) TimerEvent: {}
[105.831182] (-) TimerEvent: {}
[105.931447] (-) TimerEvent: {}
[106.031706] (-) TimerEvent: {}
[106.131971] (-) TimerEvent: {}
[106.232231] (-) TimerEvent: {}
[106.332502] (-) TimerEvent: {}
[106.432786] (-) TimerEvent: {}
[106.533093] (-) TimerEvent: {}
[106.633376] (-) TimerEvent: {}
[106.733646] (-) TimerEvent: {}
[106.833905] (-) TimerEvent: {}
[106.934149] (-) TimerEvent: {}
[107.034436] (-) TimerEvent: {}
[107.134744] (-) TimerEvent: {}
[107.139365] (robot_localization) StdoutLine: {'line': b'[ 99%] Linking CXX executable test_filter_base_diagnostics_timestamps\n'}
[107.234849] (-) TimerEvent: {}
[107.335120] (-) TimerEvent: {}
[107.435395] (-) TimerEvent: {}
[107.535655] (-) TimerEvent: {}
[107.635955] (-) TimerEvent: {}
[107.656255] (robot_localization) StdoutLine: {'line': b'[ 99%] Built target test_filter_base_diagnostics_timestamps\n'}
[107.736113] (-) TimerEvent: {}
[107.836363] (-) TimerEvent: {}
[107.936665] (-) TimerEvent: {}
[108.036987] (-) TimerEvent: {}
[108.137262] (-) TimerEvent: {}
[108.237542] (-) TimerEvent: {}
[108.337842] (-) TimerEvent: {}
[108.438109] (-) TimerEvent: {}
[108.538385] (-) TimerEvent: {}
[108.563351] (robot_localization) StdoutLine: {'line': b'[100%] Linking CXX executable test_ukf_localization_node_interfaces\n'}
[108.571268] (robot_localization) StdoutLine: {'line': b'[100%] Linking CXX executable test_ekf_localization_node_interfaces\n'}
[108.638530] (-) TimerEvent: {}
[108.738784] (-) TimerEvent: {}
[108.839063] (-) TimerEvent: {}
[108.939361] (-) TimerEvent: {}
[108.985924] (robot_localization) StdoutLine: {'line': b'[100%] Built target test_ekf_localization_node_interfaces\n'}
[108.986080] (robot_localization) StdoutLine: {'line': b'[100%] Built target test_ukf_localization_node_interfaces\n'}
[108.991949] (robot_localization) JobEnded: {'identifier': 'robot_localization', 'rc': 'SIGINT'}
[109.039500] (-) TimerEvent: {}
[109.139783] (-) TimerEvent: {}
[109.240030] (-) TimerEvent: {}
[109.340304] (-) TimerEvent: {}
[109.440678] (-) TimerEvent: {}
[109.540929] (-) TimerEvent: {}
[109.641207] (-) TimerEvent: {}
[109.741492] (-) TimerEvent: {}
[109.841746] (-) TimerEvent: {}
[109.941995] (-) TimerEvent: {}
[110.042259] (-) TimerEvent: {}
[110.142512] (-) TimerEvent: {}
[110.242775] (-) TimerEvent: {}
[110.343029] (-) TimerEvent: {}
[110.443284] (-) TimerEvent: {}
[110.543568] (-) TimerEvent: {}
[110.643822] (-) TimerEvent: {}
[110.744085] (-) TimerEvent: {}
[110.844341] (-) TimerEvent: {}
[110.944597] (-) TimerEvent: {}
[111.044851] (-) TimerEvent: {}
[111.145104] (-) TimerEvent: {}
[111.245414] (-) TimerEvent: {}
[111.345677] (-) TimerEvent: {}
[111.445939] (-) TimerEvent: {}
[111.546200] (-) TimerEvent: {}
[111.646464] (-) TimerEvent: {}
[111.746714] (-) TimerEvent: {}
[111.846974] (-) TimerEvent: {}
[111.947237] (-) TimerEvent: {}
[112.047488] (-) TimerEvent: {}
[112.147743] (-) TimerEvent: {}
[112.248003] (-) TimerEvent: {}
[112.348257] (-) TimerEvent: {}
[112.448562] (-) TimerEvent: {}
[112.548899] (-) TimerEvent: {}
[112.649179] (-) TimerEvent: {}
[112.749445] (-) TimerEvent: {}
[112.849707] (-) TimerEvent: {}
[112.949989] (-) TimerEvent: {}
[113.050277] (-) TimerEvent: {}
[113.150542] (-) TimerEvent: {}
[113.250841] (-) TimerEvent: {}
[113.351162] (-) TimerEvent: {}
[113.451426] (-) TimerEvent: {}
[113.551685] (-) TimerEvent: {}
[113.651948] (-) TimerEvent: {}
[113.752216] (-) TimerEvent: {}
[113.852486] (-) TimerEvent: {}
[113.952753] (-) TimerEvent: {}
[114.053012] (-) TimerEvent: {}
[114.153270] (-) TimerEvent: {}
[114.253526] (-) TimerEvent: {}
[114.353793] (-) TimerEvent: {}
[114.454047] (-) TimerEvent: {}
[114.554319] (-) TimerEvent: {}
[114.654579] (-) TimerEvent: {}
[114.754833] (-) TimerEvent: {}
[114.855087] (-) TimerEvent: {}
[114.955367] (-) TimerEvent: {}
[115.055617] (-) TimerEvent: {}
[115.155871] (-) TimerEvent: {}
[115.256099] (-) TimerEvent: {}
[115.356339] (-) TimerEvent: {}
[115.456582] (-) TimerEvent: {}
[115.556850] (-) TimerEvent: {}
[115.657101] (-) TimerEvent: {}
[115.757340] (-) TimerEvent: {}
[115.857585] (-) TimerEvent: {}
[115.957882] (-) TimerEvent: {}
[116.058131] (-) TimerEvent: {}
[116.158394] (-) TimerEvent: {}
[116.258798] (-) TimerEvent: {}
[116.359046] (-) TimerEvent: {}
[116.459320] (-) TimerEvent: {}
[116.559583] (-) TimerEvent: {}
[116.659838] (-) TimerEvent: {}
[116.760093] (-) TimerEvent: {}
[116.860350] (-) TimerEvent: {}
[116.960605] (-) TimerEvent: {}
[117.060842] (-) TimerEvent: {}
[117.161093] (-) TimerEvent: {}
[117.261346] (-) TimerEvent: {}
[117.361596] (-) TimerEvent: {}
[117.461849] (-) TimerEvent: {}
[117.562097] (-) TimerEvent: {}
[117.662389] (-) TimerEvent: {}
[117.762686] (-) TimerEvent: {}
[117.862969] (-) TimerEvent: {}
[117.963279] (-) TimerEvent: {}
[118.063532] (-) TimerEvent: {}
[118.163781] (-) TimerEvent: {}
[118.264094] (-) TimerEvent: {}
[118.364357] (-) TimerEvent: {}
[118.464610] (-) TimerEvent: {}
[118.564865] (-) TimerEvent: {}
[118.665120] (-) TimerEvent: {}
[118.765402] (-) TimerEvent: {}
[118.865759] (-) TimerEvent: {}
[118.966016] (-) TimerEvent: {}
[119.066313] (-) TimerEvent: {}
[119.166603] (-) TimerEvent: {}
[119.266851] (-) TimerEvent: {}
[119.367095] (-) TimerEvent: {}
[119.467362] (-) TimerEvent: {}
[119.567646] (-) TimerEvent: {}
[119.667909] (-) TimerEvent: {}
[119.768213] (-) TimerEvent: {}
[119.868520] (-) TimerEvent: {}
[119.968775] (-) TimerEvent: {}
[120.069062] (-) TimerEvent: {}
[120.169326] (-) TimerEvent: {}
[120.269596] (-) TimerEvent: {}
[120.369845] (-) TimerEvent: {}
[120.470119] (-) TimerEvent: {}
[120.570375] (-) TimerEvent: {}
[120.670633] (-) TimerEvent: {}
[120.770895] (-) TimerEvent: {}
[120.871150] (-) TimerEvent: {}
[120.971401] (-) TimerEvent: {}
[121.071653] (-) TimerEvent: {}
[121.171901] (-) TimerEvent: {}
[121.272176] (-) TimerEvent: {}
[121.372438] (-) TimerEvent: {}
[121.472688] (-) TimerEvent: {}
[121.573030] (-) TimerEvent: {}
[121.673322] (-) TimerEvent: {}
[121.773597] (-) TimerEvent: {}
[121.873843] (-) TimerEvent: {}
[121.974093] (-) TimerEvent: {}
[122.074349] (-) TimerEvent: {}
[122.174598] (-) TimerEvent: {}
[122.274851] (-) TimerEvent: {}
[122.375106] (-) TimerEvent: {}
[122.475362] (-) TimerEvent: {}
[122.575632] (-) TimerEvent: {}
[122.675891] (-) TimerEvent: {}
[122.776148] (-) TimerEvent: {}
[122.876399] (-) TimerEvent: {}
[122.976682] (-) TimerEvent: {}
[123.076941] (-) TimerEvent: {}
[123.177189] (-) TimerEvent: {}
[123.277441] (-) TimerEvent: {}
[123.315339] (ndt_localization) StdoutLine: {'line': b'-- looking for PCL_COMMON\n'}
[123.316015] (ndt_localization) StdoutLine: {'line': b'-- Found PCL_COMMON: /usr/lib/x86_64-linux-gnu/libpcl_common.so\n'}
[123.316261] (ndt_localization) StdoutLine: {'line': b'-- looking for PCL_OCTREE\n'}
[123.316774] (ndt_localization) StdoutLine: {'line': b'-- Found PCL_OCTREE: /usr/lib/x86_64-linux-gnu/libpcl_octree.so\n'}
[123.316913] (ndt_localization) StdoutLine: {'line': b'-- looking for PCL_IO\n'}
[123.317487] (ndt_localization) StdoutLine: {'line': b'-- Found PCL_IO: /usr/lib/x86_64-linux-gnu/libpcl_io.so\n'}
[123.317585] (ndt_localization) StdoutLine: {'line': b'-- looking for PCL_KDTREE\n'}
[123.318172] (ndt_localization) StdoutLine: {'line': b'-- Found PCL_KDTREE: /usr/lib/x86_64-linux-gnu/libpcl_kdtree.so\n'}
[123.318318] (ndt_localization) StdoutLine: {'line': b'-- looking for PCL_SEARCH\n'}
[123.318860] (ndt_localization) StdoutLine: {'line': b'-- Found PCL_SEARCH: /usr/lib/x86_64-linux-gnu/libpcl_search.so\n'}
[123.318936] (ndt_localization) StdoutLine: {'line': b'-- looking for PCL_SAMPLE_CONSENSUS\n'}
[123.319466] (ndt_localization) StdoutLine: {'line': b'-- Found PCL_SAMPLE_CONSENSUS: /usr/lib/x86_64-linux-gnu/libpcl_sample_consensus.so\n'}
[123.319575] (ndt_localization) StdoutLine: {'line': b'-- looking for PCL_FILTERS\n'}
[123.320173] (ndt_localization) StdoutLine: {'line': b'-- Found PCL_FILTERS: /usr/lib/x86_64-linux-gnu/libpcl_filters.so\n'}
[123.320285] (ndt_localization) StdoutLine: {'line': b'-- looking for PCL_2D\n'}
[123.320473] (ndt_localization) StdoutLine: {'line': b'-- Found PCL_2D: /usr/include/pcl-1.12\n'}
[123.320568] (ndt_localization) StdoutLine: {'line': b'-- looking for PCL_FEATURES\n'}
[123.321172] (ndt_localization) StdoutLine: {'line': b'-- Found PCL_FEATURES: /usr/lib/x86_64-linux-gnu/libpcl_features.so\n'}
[123.321294] (ndt_localization) StdoutLine: {'line': b'-- looking for PCL_REGISTRATION\n'}
[123.322040] (ndt_localization) StdoutLine: {'line': b'-- Found PCL_REGISTRATION: /usr/lib/x86_64-linux-gnu/libpcl_registration.so\n'}
[123.322458] (ndt_localization) StdoutLine: {'line': b'-- Found PCL: pcl_common;pcl_octree;pcl_io;pcl_kdtree;pcl_search;pcl_sample_consensus;pcl_filters;pcl_features;pcl_registration;Boost::system;Boost::filesystem;Boost::date_time;Boost::iostreams;Boost::serialization;/usr/lib/libOpenNI.so;libusb::libusb;/usr/lib/x86_64-linux-gnu/libOpenNI2.so;libusb::libusb;VTK::ChartsCore;VTK::CommonColor;VTK::CommonComputationalGeometry;VTK::CommonCore;VTK::CommonDataModel;VTK::CommonExecutionModel;VTK::CommonMath;VTK::CommonMisc;VTK::CommonTransforms;VTK::FiltersCore;VTK::FiltersExtraction;VTK::FiltersGeneral;VTK::FiltersGeometry;VTK::FiltersModeling;VTK::FiltersSources;VTK::ImagingCore;VTK::ImagingSources;VTK::InteractionImage;VTK::InteractionStyle;VTK::InteractionWidgets;VTK::IOCore;VTK::IOGeometry;VTK::IOImage;VTK::IOLegacy;VTK::IOPLY;VTK::RenderingAnnotation;VTK::RenderingCore;VTK::RenderingContext2D;VTK::RenderingLOD;VTK::RenderingFreeType;VTK::ViewsCore;VTK::ViewsContext2D;VTK::RenderingOpenGL2;VTK::GUISupportQt;FLANN::FLANN\n'}
[123.323744] (ndt_localization) StdoutLine: {'line': b'-- Found pcl_conversions: 2.4.5 (/opt/ros/humble/share/pcl_conversions/cmake)\n'}
[123.377571] (-) TimerEvent: {}
[123.397944] (ndt_localization) StdoutLine: {'line': b'-- Configuring done (114.4s)\n'}
[123.434082] (ndt_localization) StdoutLine: {'line': b'-- Generating done (0.0s)\n'}
[123.477924] (-) TimerEvent: {}
[123.489315] (ndt_localization) StdoutLine: {'line': b'-- Build files have been written to: /home/g2909/WUTA1/WUTA-FSD/ros2_ws/build/ndt_localization\n'}
[123.506334] (ndt_localization) JobEnded: {'identifier': 'ndt_localization', 'rc': 'SIGINT'}
[123.516842] (localization_manager) JobSkipped: {'identifier': 'localization_manager'}
[123.516870] (-) EventReactorShutdown: {}
