[0.065s] DEBUG:colcon:Command line arguments: ['/usr/bin/colcon', 'build', '--symlink-install', '--cmake-args', '-DCMAKE_MODULE_PATH=/home/starry1n/WUTA/WUTA-FSD/ros2_ws/cmake']
[0.065s] DEBUG:colcon:Parsed command line arguments: Namespace(log_base=None, log_level=None, verb_name='build', build_base='build', install_base='install', merge_install=False, symlink_install=True, test_result_base=None, continue_on_error=False, executor='parallel', parallel_workers=8, event_handlers=None, ignore_user_meta=False, metas=['./colcon.meta'], base_paths=['.'], packages_ignore=None, packages_ignore_regex=None, paths=None, packages_up_to=None, packages_up_to_regex=None, packages_above=None, packages_above_and_dependencies=None, packages_above_depth=None, packages_select_by_dep=None, packages_skip_by_dep=None, packages_skip_up_to=None, packages_select_build_failed=False, packages_skip_build_finished=False, packages_select_test_failures=False, packages_skip_test_passed=False, packages_select=None, packages_skip=None, packages_select_regex=None, packages_skip_regex=None, packages_start=None, packages_end=None, allow_overriding=[], cmake_args=['-DCMAKE_MODULE_PATH=/home/starry1n/WUTA/WUTA-FSD/ros2_ws/cmake'], cmake_target=None, cmake_target_skip_unavailable=False, cmake_clean_cache=False, cmake_clean_first=False, cmake_force_configure=False, ament_cmake_args=None, catkin_cmake_args=None, catkin_skip_building_tests=False, verb_parser=<colcon_defaults.argument_parser.defaults.DefaultArgumentsDecorator object at 0x758263d3ef80>, verb_extension=<colcon_core.verb.build.BuildVerb object at 0x758263ebb580>, main=<bound method BuildVerb.main of <colcon_core.verb.build.BuildVerb object at 0x758263ebb580>>)
[0.151s] Level 1:colcon.colcon_core.package_discovery:discover_packages(colcon_meta) check parameters
[0.151s] Level 1:colcon.colcon_core.package_discovery:discover_packages(recursive) check parameters
[0.151s] Level 1:colcon.colcon_core.package_discovery:discover_packages(ignore) check parameters
[0.151s] Level 1:colcon.colcon_core.package_discovery:discover_packages(path) check parameters
[0.152s] Level 1:colcon.colcon_core.package_discovery:discover_packages(colcon_meta) discover
[0.152s] Level 1:colcon.colcon_core.package_discovery:discover_packages(recursive) discover
[0.152s] INFO:colcon.colcon_core.package_discovery:Crawling recursively for packages in '/home/starry1n/WUTA/WUTA-FSD/ros2_ws'
[0.152s] Level 1:colcon.colcon_core.package_identification:_identify(.) by extensions ['ignore', 'ignore_ament_install']
[0.152s] Level 1:colcon.colcon_core.package_identification:_identify(.) by extension 'ignore'
[0.152s] Level 1:colcon.colcon_core.package_identification:_identify(.) by extension 'ignore_ament_install'
[0.152s] Level 1:colcon.colcon_core.package_identification:_identify(.) by extensions ['colcon_pkg']
[0.152s] Level 1:colcon.colcon_core.package_identification:_identify(.) by extension 'colcon_pkg'
[0.152s] Level 1:colcon.colcon_core.package_identification:_identify(.) by extensions ['colcon_meta']
[0.152s] Level 1:colcon.colcon_core.package_identification:_identify(.) by extension 'colcon_meta'
[0.152s] Level 1:colcon.colcon_core.package_identification:_identify(.) by extensions ['ros']
[0.152s] Level 1:colcon.colcon_core.package_identification:_identify(.) by extension 'ros'
[0.166s] Level 1:colcon.colcon_core.package_identification:_identify(.) by extensions ['cmake', 'python']
[0.166s] Level 1:colcon.colcon_core.package_identification:_identify(.) by extension 'cmake'
[0.166s] Level 1:colcon.colcon_core.package_identification:_identify(.) by extension 'python'
[0.166s] Level 1:colcon.colcon_core.package_identification:_identify(.) by extensions ['python_setup_py']
[0.166s] Level 1:colcon.colcon_core.package_identification:_identify(.) by extension 'python_setup_py'
[0.166s] Level 1:colcon.colcon_core.package_identification:_identify(build) by extensions ['ignore', 'ignore_ament_install']
[0.166s] Level 1:colcon.colcon_core.package_identification:_identify(build) by extension 'ignore'
[0.166s] Level 1:colcon.colcon_core.package_identification:_identify(build) ignored
[0.166s] Level 1:colcon.colcon_core.package_identification:_identify(cmake) by extensions ['ignore', 'ignore_ament_install']
[0.166s] Level 1:colcon.colcon_core.package_identification:_identify(cmake) by extension 'ignore'
[0.167s] Level 1:colcon.colcon_core.package_identification:_identify(cmake) by extension 'ignore_ament_install'
[0.167s] Level 1:colcon.colcon_core.package_identification:_identify(cmake) by extensions ['colcon_pkg']
[0.167s] Level 1:colcon.colcon_core.package_identification:_identify(cmake) by extension 'colcon_pkg'
[0.167s] Level 1:colcon.colcon_core.package_identification:_identify(cmake) by extensions ['colcon_meta']
[0.167s] Level 1:colcon.colcon_core.package_identification:_identify(cmake) by extension 'colcon_meta'
[0.167s] Level 1:colcon.colcon_core.package_identification:_identify(cmake) by extensions ['ros']
[0.167s] Level 1:colcon.colcon_core.package_identification:_identify(cmake) by extension 'ros'
[0.167s] Level 1:colcon.colcon_core.package_identification:_identify(cmake) by extensions ['cmake', 'python']
[0.167s] Level 1:colcon.colcon_core.package_identification:_identify(cmake) by extension 'cmake'
[0.167s] Level 1:colcon.colcon_core.package_identification:_identify(cmake) by extension 'python'
[0.167s] Level 1:colcon.colcon_core.package_identification:_identify(cmake) by extensions ['python_setup_py']
[0.167s] Level 1:colcon.colcon_core.package_identification:_identify(cmake) by extension 'python_setup_py'
[0.167s] Level 1:colcon.colcon_core.package_identification:_identify(install) by extensions ['ignore', 'ignore_ament_install']
[0.167s] Level 1:colcon.colcon_core.package_identification:_identify(install) by extension 'ignore'
[0.167s] Level 1:colcon.colcon_core.package_identification:_identify(install) ignored
[0.167s] Level 1:colcon.colcon_core.package_identification:_identify(log) by extensions ['ignore', 'ignore_ament_install']
[0.168s] Level 1:colcon.colcon_core.package_identification:_identify(log) by extension 'ignore'
[0.168s] Level 1:colcon.colcon_core.package_identification:_identify(log) ignored
[0.168s] Level 1:colcon.colcon_core.package_identification:_identify(src) by extensions ['ignore', 'ignore_ament_install']
[0.168s] Level 1:colcon.colcon_core.package_identification:_identify(src) by extension 'ignore'
[0.168s] Level 1:colcon.colcon_core.package_identification:_identify(src) by extension 'ignore_ament_install'
[0.168s] Level 1:colcon.colcon_core.package_identification:_identify(src) by extensions ['colcon_pkg']
[0.168s] Level 1:colcon.colcon_core.package_identification:_identify(src) by extension 'colcon_pkg'
[0.168s] Level 1:colcon.colcon_core.package_identification:_identify(src) by extensions ['colcon_meta']
[0.168s] Level 1:colcon.colcon_core.package_identification:_identify(src) by extension 'colcon_meta'
[0.168s] Level 1:colcon.colcon_core.package_identification:_identify(src) by extensions ['ros']
[0.168s] Level 1:colcon.colcon_core.package_identification:_identify(src) by extension 'ros'
[0.168s] Level 1:colcon.colcon_core.package_identification:_identify(src) by extensions ['cmake', 'python']
[0.168s] Level 1:colcon.colcon_core.package_identification:_identify(src) by extension 'cmake'
[0.168s] Level 1:colcon.colcon_core.package_identification:_identify(src) by extension 'python'
[0.168s] Level 1:colcon.colcon_core.package_identification:_identify(src) by extensions ['python_setup_py']
[0.168s] Level 1:colcon.colcon_core.package_identification:_identify(src) by extension 'python_setup_py'
[0.168s] Level 1:colcon.colcon_core.package_identification:_identify(src/common) by extensions ['ignore', 'ignore_ament_install']
[0.168s] Level 1:colcon.colcon_core.package_identification:_identify(src/common) by extension 'ignore'
[0.168s] Level 1:colcon.colcon_core.package_identification:_identify(src/common) by extension 'ignore_ament_install'
[0.168s] Level 1:colcon.colcon_core.package_identification:_identify(src/common) by extensions ['colcon_pkg']
[0.168s] Level 1:colcon.colcon_core.package_identification:_identify(src/common) by extension 'colcon_pkg'
[0.168s] Level 1:colcon.colcon_core.package_identification:_identify(src/common) by extensions ['colcon_meta']
[0.168s] Level 1:colcon.colcon_core.package_identification:_identify(src/common) by extension 'colcon_meta'
[0.168s] Level 1:colcon.colcon_core.package_identification:_identify(src/common) by extensions ['ros']
[0.168s] Level 1:colcon.colcon_core.package_identification:_identify(src/common) by extension 'ros'
[0.168s] Level 1:colcon.colcon_core.package_identification:_identify(src/common) by extensions ['cmake', 'python']
[0.168s] Level 1:colcon.colcon_core.package_identification:_identify(src/common) by extension 'cmake'
[0.168s] Level 1:colcon.colcon_core.package_identification:_identify(src/common) by extension 'python'
[0.168s] Level 1:colcon.colcon_core.package_identification:_identify(src/common) by extensions ['python_setup_py']
[0.168s] Level 1:colcon.colcon_core.package_identification:_identify(src/common) by extension 'python_setup_py'
[0.168s] Level 1:colcon.colcon_core.package_identification:_identify(src/common/autoware_msgs) by extensions ['ignore', 'ignore_ament_install']
[0.169s] Level 1:colcon.colcon_core.package_identification:_identify(src/common/autoware_msgs) by extension 'ignore'
[0.169s] Level 1:colcon.colcon_core.package_identification:_identify(src/common/autoware_msgs) by extension 'ignore_ament_install'
[0.169s] Level 1:colcon.colcon_core.package_identification:_identify(src/common/autoware_msgs) by extensions ['colcon_pkg']
[0.169s] Level 1:colcon.colcon_core.package_identification:_identify(src/common/autoware_msgs) by extension 'colcon_pkg'
[0.169s] Level 1:colcon.colcon_core.package_identification:_identify(src/common/autoware_msgs) by extensions ['colcon_meta']
[0.169s] Level 1:colcon.colcon_core.package_identification:_identify(src/common/autoware_msgs) by extension 'colcon_meta'
[0.169s] Level 1:colcon.colcon_core.package_identification:_identify(src/common/autoware_msgs) by extensions ['ros']
[0.169s] Level 1:colcon.colcon_core.package_identification:_identify(src/common/autoware_msgs) by extension 'ros'
[0.170s] DEBUG:colcon.colcon_core.package_identification:Package 'src/common/autoware_msgs' with type 'ros.ament_cmake' and name 'autoware_msgs'
[0.171s] Level 1:colcon.colcon_core.package_identification:_identify(src/common/wuta_msgs) by extensions ['ignore', 'ignore_ament_install']
[0.171s] Level 1:colcon.colcon_core.package_identification:_identify(src/common/wuta_msgs) by extension 'ignore'
[0.171s] Level 1:colcon.colcon_core.package_identification:_identify(src/common/wuta_msgs) by extension 'ignore_ament_install'
[0.171s] Level 1:colcon.colcon_core.package_identification:_identify(src/common/wuta_msgs) by extensions ['colcon_pkg']
[0.171s] Level 1:colcon.colcon_core.package_identification:_identify(src/common/wuta_msgs) by extension 'colcon_pkg'
[0.171s] Level 1:colcon.colcon_core.package_identification:_identify(src/common/wuta_msgs) by extensions ['colcon_meta']
[0.171s] Level 1:colcon.colcon_core.package_identification:_identify(src/common/wuta_msgs) by extension 'colcon_meta'
[0.171s] Level 1:colcon.colcon_core.package_identification:_identify(src/common/wuta_msgs) by extensions ['ros']
[0.171s] Level 1:colcon.colcon_core.package_identification:_identify(src/common/wuta_msgs) by extension 'ros'
[0.171s] DEBUG:colcon.colcon_core.package_identification:Package 'src/common/wuta_msgs' with type 'ros.ament_cmake' and name 'wuta_msgs'
[0.172s] Level 1:colcon.colcon_core.package_identification:_identify(src/common/wuta_tools) by extensions ['ignore', 'ignore_ament_install']
[0.172s] Level 1:colcon.colcon_core.package_identification:_identify(src/common/wuta_tools) by extension 'ignore'
[0.172s] Level 1:colcon.colcon_core.package_identification:_identify(src/common/wuta_tools) by extension 'ignore_ament_install'
[0.172s] Level 1:colcon.colcon_core.package_identification:_identify(src/common/wuta_tools) by extensions ['colcon_pkg']
[0.172s] Level 1:colcon.colcon_core.package_identification:_identify(src/common/wuta_tools) by extension 'colcon_pkg'
[0.172s] Level 1:colcon.colcon_core.package_identification:_identify(src/common/wuta_tools) by extensions ['colcon_meta']
[0.172s] Level 1:colcon.colcon_core.package_identification:_identify(src/common/wuta_tools) by extension 'colcon_meta'
[0.172s] Level 1:colcon.colcon_core.package_identification:_identify(src/common/wuta_tools) by extensions ['ros']
[0.172s] Level 1:colcon.colcon_core.package_identification:_identify(src/common/wuta_tools) by extension 'ros'
[0.172s] DEBUG:colcon.colcon_core.package_identification:Package 'src/common/wuta_tools' with type 'ros.ament_cmake' and name 'wuta_tools'
[0.172s] Level 1:colcon.colcon_core.package_identification:_identify(src/control) by extensions ['ignore', 'ignore_ament_install']
[0.172s] Level 1:colcon.colcon_core.package_identification:_identify(src/control) by extension 'ignore'
[0.172s] Level 1:colcon.colcon_core.package_identification:_identify(src/control) by extension 'ignore_ament_install'
[0.172s] Level 1:colcon.colcon_core.package_identification:_identify(src/control) by extensions ['colcon_pkg']
[0.172s] Level 1:colcon.colcon_core.package_identification:_identify(src/control) by extension 'colcon_pkg'
[0.172s] Level 1:colcon.colcon_core.package_identification:_identify(src/control) by extensions ['colcon_meta']
[0.172s] Level 1:colcon.colcon_core.package_identification:_identify(src/control) by extension 'colcon_meta'
[0.172s] Level 1:colcon.colcon_core.package_identification:_identify(src/control) by extensions ['ros']
[0.172s] Level 1:colcon.colcon_core.package_identification:_identify(src/control) by extension 'ros'
[0.172s] Level 1:colcon.colcon_core.package_identification:_identify(src/control) by extensions ['cmake', 'python']
[0.172s] Level 1:colcon.colcon_core.package_identification:_identify(src/control) by extension 'cmake'
[0.172s] Level 1:colcon.colcon_core.package_identification:_identify(src/control) by extension 'python'
[0.173s] Level 1:colcon.colcon_core.package_identification:_identify(src/control) by extensions ['python_setup_py']
[0.173s] Level 1:colcon.colcon_core.package_identification:_identify(src/control) by extension 'python_setup_py'
[0.173s] Level 1:colcon.colcon_core.package_identification:_identify(src/control/controller) by extensions ['ignore', 'ignore_ament_install']
[0.173s] Level 1:colcon.colcon_core.package_identification:_identify(src/control/controller) by extension 'ignore'
[0.173s] Level 1:colcon.colcon_core.package_identification:_identify(src/control/controller) by extension 'ignore_ament_install'
[0.173s] Level 1:colcon.colcon_core.package_identification:_identify(src/control/controller) by extensions ['colcon_pkg']
[0.173s] Level 1:colcon.colcon_core.package_identification:_identify(src/control/controller) by extension 'colcon_pkg'
[0.173s] Level 1:colcon.colcon_core.package_identification:_identify(src/control/controller) by extensions ['colcon_meta']
[0.173s] Level 1:colcon.colcon_core.package_identification:_identify(src/control/controller) by extension 'colcon_meta'
[0.173s] Level 1:colcon.colcon_core.package_identification:_identify(src/control/controller) by extensions ['ros']
[0.173s] Level 1:colcon.colcon_core.package_identification:_identify(src/control/controller) by extension 'ros'
[0.173s] DEBUG:colcon.colcon_core.package_identification:Package 'src/control/controller' with type 'ros.ament_cmake' and name 'controller'
[0.173s] Level 1:colcon.colcon_core.package_identification:_identify(src/localization) by extensions ['ignore', 'ignore_ament_install']
[0.173s] Level 1:colcon.colcon_core.package_identification:_identify(src/localization) by extension 'ignore'
[0.173s] Level 1:colcon.colcon_core.package_identification:_identify(src/localization) by extension 'ignore_ament_install'
[0.173s] Level 1:colcon.colcon_core.package_identification:_identify(src/localization) by extensions ['colcon_pkg']
[0.173s] Level 1:colcon.colcon_core.package_identification:_identify(src/localization) by extension 'colcon_pkg'
[0.173s] Level 1:colcon.colcon_core.package_identification:_identify(src/localization) by extensions ['colcon_meta']
[0.173s] Level 1:colcon.colcon_core.package_identification:_identify(src/localization) by extension 'colcon_meta'
[0.173s] Level 1:colcon.colcon_core.package_identification:_identify(src/localization) by extensions ['ros']
[0.173s] Level 1:colcon.colcon_core.package_identification:_identify(src/localization) by extension 'ros'
[0.173s] Level 1:colcon.colcon_core.package_identification:_identify(src/localization) by extensions ['cmake', 'python']
[0.174s] Level 1:colcon.colcon_core.package_identification:_identify(src/localization) by extension 'cmake'
[0.174s] Level 1:colcon.colcon_core.package_identification:_identify(src/localization) by extension 'python'
[0.174s] Level 1:colcon.colcon_core.package_identification:_identify(src/localization) by extensions ['python_setup_py']
[0.174s] Level 1:colcon.colcon_core.package_identification:_identify(src/localization) by extension 'python_setup_py'
[0.174s] Level 1:colcon.colcon_core.package_identification:_identify(src/localization/kiss-icp) by extensions ['ignore', 'ignore_ament_install']
[0.174s] Level 1:colcon.colcon_core.package_identification:_identify(src/localization/kiss-icp) by extension 'ignore'
[0.174s] Level 1:colcon.colcon_core.package_identification:_identify(src/localization/kiss-icp) by extension 'ignore_ament_install'
[0.174s] Level 1:colcon.colcon_core.package_identification:_identify(src/localization/kiss-icp) by extensions ['colcon_pkg']
[0.174s] Level 1:colcon.colcon_core.package_identification:_identify(src/localization/kiss-icp) by extension 'colcon_pkg'
[0.174s] Level 1:colcon.colcon_core.package_identification:_identify(src/localization/kiss-icp) by extensions ['colcon_meta']
[0.174s] Level 1:colcon.colcon_core.package_identification:_identify(src/localization/kiss-icp) by extension 'colcon_meta'
[0.174s] Level 1:colcon.colcon_core.package_identification:_identify(src/localization/kiss-icp) by extensions ['ros']
[0.174s] Level 1:colcon.colcon_core.package_identification:_identify(src/localization/kiss-icp) by extension 'ros'
[0.174s] Level 1:colcon.colcon_core.package_identification:_identify(src/localization/kiss-icp) by extensions ['cmake', 'python']
[0.174s] Level 1:colcon.colcon_core.package_identification:_identify(src/localization/kiss-icp) by extension 'cmake'
[0.174s] Level 1:colcon.colcon_core.package_identification:_identify(src/localization/kiss-icp) by extension 'python'
[0.174s] Level 1:colcon.colcon_core.package_identification:_identify(src/localization/kiss-icp) by extensions ['python_setup_py']
[0.174s] Level 1:colcon.colcon_core.package_identification:_identify(src/localization/kiss-icp) by extension 'python_setup_py'
[0.174s] Level 1:colcon.colcon_core.package_identification:_identify(src/localization/kiss-icp/config) by extensions ['ignore', 'ignore_ament_install']
[0.174s] Level 1:colcon.colcon_core.package_identification:_identify(src/localization/kiss-icp/config) by extension 'ignore'
[0.174s] Level 1:colcon.colcon_core.package_identification:_identify(src/localization/kiss-icp/config) by extension 'ignore_ament_install'
[0.174s] Level 1:colcon.colcon_core.package_identification:_identify(src/localization/kiss-icp/config) by extensions ['colcon_pkg']
[0.174s] Level 1:colcon.colcon_core.package_identification:_identify(src/localization/kiss-icp/config) by extension 'colcon_pkg'
[0.174s] Level 1:colcon.colcon_core.package_identification:_identify(src/localization/kiss-icp/config) by extensions ['colcon_meta']
[0.174s] Level 1:colcon.colcon_core.package_identification:_identify(src/localization/kiss-icp/config) by extension 'colcon_meta'
[0.174s] Level 1:colcon.colcon_core.package_identification:_identify(src/localization/kiss-icp/config) by extensions ['ros']
[0.174s] Level 1:colcon.colcon_core.package_identification:_identify(src/localization/kiss-icp/config) by extension 'ros'
[0.174s] Level 1:colcon.colcon_core.package_identification:_identify(src/localization/kiss-icp/config) by extensions ['cmake', 'python']
[0.174s] Level 1:colcon.colcon_core.package_identification:_identify(src/localization/kiss-icp/config) by extension 'cmake'
[0.174s] Level 1:colcon.colcon_core.package_identification:_identify(src/localization/kiss-icp/config) by extension 'python'
[0.174s] Level 1:colcon.colcon_core.package_identification:_identify(src/localization/kiss-icp/config) by extensions ['python_setup_py']
[0.174s] Level 1:colcon.colcon_core.package_identification:_identify(src/localization/kiss-icp/config) by extension 'python_setup_py'
[0.175s] Level 1:colcon.colcon_core.package_identification:_identify(src/localization/kiss-icp/cpp) by extensions ['ignore', 'ignore_ament_install']
[0.175s] Level 1:colcon.colcon_core.package_identification:_identify(src/localization/kiss-icp/cpp) by extension 'ignore'
[0.175s] Level 1:colcon.colcon_core.package_identification:_identify(src/localization/kiss-icp/cpp) ignored
[0.175s] Level 1:colcon.colcon_core.package_identification:_identify(src/localization/kiss-icp/eval) by extensions ['ignore', 'ignore_ament_install']
[0.175s] Level 1:colcon.colcon_core.package_identification:_identify(src/localization/kiss-icp/eval) by extension 'ignore'
[0.175s] Level 1:colcon.colcon_core.package_identification:_identify(src/localization/kiss-icp/eval) by extension 'ignore_ament_install'
[0.175s] Level 1:colcon.colcon_core.package_identification:_identify(src/localization/kiss-icp/eval) by extensions ['colcon_pkg']
[0.175s] Level 1:colcon.colcon_core.package_identification:_identify(src/localization/kiss-icp/eval) by extension 'colcon_pkg'
[0.175s] Level 1:colcon.colcon_core.package_identification:_identify(src/localization/kiss-icp/eval) by extensions ['colcon_meta']
[0.175s] Level 1:colcon.colcon_core.package_identification:_identify(src/localization/kiss-icp/eval) by extension 'colcon_meta'
[0.175s] Level 1:colcon.colcon_core.package_identification:_identify(src/localization/kiss-icp/eval) by extensions ['ros']
[0.175s] Level 1:colcon.colcon_core.package_identification:_identify(src/localization/kiss-icp/eval) by extension 'ros'
[0.175s] Level 1:colcon.colcon_core.package_identification:_identify(src/localization/kiss-icp/eval) by extensions ['cmake', 'python']
[0.175s] Level 1:colcon.colcon_core.package_identification:_identify(src/localization/kiss-icp/eval) by extension 'cmake'
[0.175s] Level 1:colcon.colcon_core.package_identification:_identify(src/localization/kiss-icp/eval) by extension 'python'
[0.175s] Level 1:colcon.colcon_core.package_identification:_identify(src/localization/kiss-icp/eval) by extensions ['python_setup_py']
[0.175s] Level 1:colcon.colcon_core.package_identification:_identify(src/localization/kiss-icp/eval) by extension 'python_setup_py'
[0.175s] Level 1:colcon.colcon_core.package_identification:_identify(src/localization/kiss-icp/python) by extensions ['ignore', 'ignore_ament_install']
[0.175s] Level 1:colcon.colcon_core.package_identification:_identify(src/localization/kiss-icp/python) by extension 'ignore'
[0.175s] Level 1:colcon.colcon_core.package_identification:_identify(src/localization/kiss-icp/python) ignored
[0.175s] Level 1:colcon.colcon_core.package_identification:_identify(src/localization/kiss-icp/ros) by extensions ['ignore', 'ignore_ament_install']
[0.175s] Level 1:colcon.colcon_core.package_identification:_identify(src/localization/kiss-icp/ros) by extension 'ignore'
[0.175s] Level 1:colcon.colcon_core.package_identification:_identify(src/localization/kiss-icp/ros) by extension 'ignore_ament_install'
[0.175s] Level 1:colcon.colcon_core.package_identification:_identify(src/localization/kiss-icp/ros) by extensions ['colcon_pkg']
[0.175s] Level 1:colcon.colcon_core.package_identification:_identify(src/localization/kiss-icp/ros) by extension 'colcon_pkg'
[0.175s] Level 1:colcon.colcon_core.package_identification:_identify(src/localization/kiss-icp/ros) by extensions ['colcon_meta']
[0.175s] Level 1:colcon.colcon_core.package_identification:_identify(src/localization/kiss-icp/ros) by extension 'colcon_meta'
[0.175s] Level 1:colcon.colcon_core.package_identification:_identify(src/localization/kiss-icp/ros) by extensions ['ros']
[0.175s] Level 1:colcon.colcon_core.package_identification:_identify(src/localization/kiss-icp/ros) by extension 'ros'
[0.176s] DEBUG:colcon.colcon_core.package_identification:Package 'src/localization/kiss-icp/ros' with type 'ros.ament_cmake' and name 'kiss_icp'
[0.176s] Level 1:colcon.colcon_core.package_identification:_identify(src/localization/kiss_icp_wrapper) by extensions ['ignore', 'ignore_ament_install']
[0.176s] Level 1:colcon.colcon_core.package_identification:_identify(src/localization/kiss_icp_wrapper) by extension 'ignore'
[0.176s] Level 1:colcon.colcon_core.package_identification:_identify(src/localization/kiss_icp_wrapper) by extension 'ignore_ament_install'
[0.176s] Level 1:colcon.colcon_core.package_identification:_identify(src/localization/kiss_icp_wrapper) by extensions ['colcon_pkg']
[0.176s] Level 1:colcon.colcon_core.package_identification:_identify(src/localization/kiss_icp_wrapper) by extension 'colcon_pkg'
[0.176s] Level 1:colcon.colcon_core.package_identification:_identify(src/localization/kiss_icp_wrapper) by extensions ['colcon_meta']
[0.176s] Level 1:colcon.colcon_core.package_identification:_identify(src/localization/kiss_icp_wrapper) by extension 'colcon_meta'
[0.176s] Level 1:colcon.colcon_core.package_identification:_identify(src/localization/kiss_icp_wrapper) by extensions ['ros']
[0.176s] Level 1:colcon.colcon_core.package_identification:_identify(src/localization/kiss_icp_wrapper) by extension 'ros'
[0.177s] DEBUG:colcon.colcon_core.package_identification:Package 'src/localization/kiss_icp_wrapper' with type 'ros.ament_cmake' and name 'kiss_icp_wrapper'
[0.177s] Level 1:colcon.colcon_core.package_identification:_identify(src/localization/localization_manager) by extensions ['ignore', 'ignore_ament_install']
[0.177s] Level 1:colcon.colcon_core.package_identification:_identify(src/localization/localization_manager) by extension 'ignore'
[0.177s] Level 1:colcon.colcon_core.package_identification:_identify(src/localization/localization_manager) by extension 'ignore_ament_install'
[0.177s] Level 1:colcon.colcon_core.package_identification:_identify(src/localization/localization_manager) by extensions ['colcon_pkg']
[0.177s] Level 1:colcon.colcon_core.package_identification:_identify(src/localization/localization_manager) by extension 'colcon_pkg'
[0.177s] Level 1:colcon.colcon_core.package_identification:_identify(src/localization/localization_manager) by extensions ['colcon_meta']
[0.177s] Level 1:colcon.colcon_core.package_identification:_identify(src/localization/localization_manager) by extension 'colcon_meta'
[0.177s] Level 1:colcon.colcon_core.package_identification:_identify(src/localization/localization_manager) by extensions ['ros']
[0.177s] Level 1:colcon.colcon_core.package_identification:_identify(src/localization/localization_manager) by extension 'ros'
[0.178s] DEBUG:colcon.colcon_core.package_identification:Package 'src/localization/localization_manager' with type 'ros.ament_cmake' and name 'localization_manager'
[0.178s] Level 1:colcon.colcon_core.package_identification:_identify(src/localization/ndt_localization) by extensions ['ignore', 'ignore_ament_install']
[0.178s] Level 1:colcon.colcon_core.package_identification:_identify(src/localization/ndt_localization) by extension 'ignore'
[0.178s] Level 1:colcon.colcon_core.package_identification:_identify(src/localization/ndt_localization) by extension 'ignore_ament_install'
[0.178s] Level 1:colcon.colcon_core.package_identification:_identify(src/localization/ndt_localization) by extensions ['colcon_pkg']
[0.178s] Level 1:colcon.colcon_core.package_identification:_identify(src/localization/ndt_localization) by extension 'colcon_pkg'
[0.178s] Level 1:colcon.colcon_core.package_identification:_identify(src/localization/ndt_localization) by extensions ['colcon_meta']
[0.178s] Level 1:colcon.colcon_core.package_identification:_identify(src/localization/ndt_localization) by extension 'colcon_meta'
[0.178s] Level 1:colcon.colcon_core.package_identification:_identify(src/localization/ndt_localization) by extensions ['ros']
[0.178s] Level 1:colcon.colcon_core.package_identification:_identify(src/localization/ndt_localization) by extension 'ros'
[0.178s] DEBUG:colcon.colcon_core.package_identification:Package 'src/localization/ndt_localization' with type 'ros.ament_cmake' and name 'ndt_localization'
[0.178s] Level 1:colcon.colcon_core.package_identification:_identify(src/localization/robot_localization) by extensions ['ignore', 'ignore_ament_install']
[0.179s] Level 1:colcon.colcon_core.package_identification:_identify(src/localization/robot_localization) by extension 'ignore'
[0.179s] Level 1:colcon.colcon_core.package_identification:_identify(src/localization/robot_localization) by extension 'ignore_ament_install'
[0.179s] Level 1:colcon.colcon_core.package_identification:_identify(src/localization/robot_localization) by extensions ['colcon_pkg']
[0.179s] Level 1:colcon.colcon_core.package_identification:_identify(src/localization/robot_localization) by extension 'colcon_pkg'
[0.179s] Level 1:colcon.colcon_core.package_identification:_identify(src/localization/robot_localization) by extensions ['colcon_meta']
[0.179s] Level 1:colcon.colcon_core.package_identification:_identify(src/localization/robot_localization) by extension 'colcon_meta'
[0.179s] Level 1:colcon.colcon_core.package_identification:_identify(src/localization/robot_localization) by extensions ['ros']
[0.179s] Level 1:colcon.colcon_core.package_identification:_identify(src/localization/robot_localization) by extension 'ros'
[0.180s] DEBUG:colcon.colcon_core.package_identification:Package 'src/localization/robot_localization' with type 'ros.ament_cmake' and name 'robot_localization'
[0.180s] Level 1:colcon.colcon_core.package_identification:_identify(src/mapping) by extensions ['ignore', 'ignore_ament_install']
[0.180s] Level 1:colcon.colcon_core.package_identification:_identify(src/mapping) by extension 'ignore'
[0.180s] Level 1:colcon.colcon_core.package_identification:_identify(src/mapping) by extension 'ignore_ament_install'
[0.180s] Level 1:colcon.colcon_core.package_identification:_identify(src/mapping) by extensions ['colcon_pkg']
[0.180s] Level 1:colcon.colcon_core.package_identification:_identify(src/mapping) by extension 'colcon_pkg'
[0.180s] Level 1:colcon.colcon_core.package_identification:_identify(src/mapping) by extensions ['colcon_meta']
[0.180s] Level 1:colcon.colcon_core.package_identification:_identify(src/mapping) by extension 'colcon_meta'
[0.180s] Level 1:colcon.colcon_core.package_identification:_identify(src/mapping) by extensions ['ros']
[0.180s] Level 1:colcon.colcon_core.package_identification:_identify(src/mapping) by extension 'ros'
[0.180s] Level 1:colcon.colcon_core.package_identification:_identify(src/mapping) by extensions ['cmake', 'python']
[0.180s] Level 1:colcon.colcon_core.package_identification:_identify(src/mapping) by extension 'cmake'
[0.180s] Level 1:colcon.colcon_core.package_identification:_identify(src/mapping) by extension 'python'
[0.180s] Level 1:colcon.colcon_core.package_identification:_identify(src/mapping) by extensions ['python_setup_py']
[0.180s] Level 1:colcon.colcon_core.package_identification:_identify(src/mapping) by extension 'python_setup_py'
[0.180s] Level 1:colcon.colcon_core.package_identification:_identify(src/mapping/cone_map_builder) by extensions ['ignore', 'ignore_ament_install']
[0.180s] Level 1:colcon.colcon_core.package_identification:_identify(src/mapping/cone_map_builder) by extension 'ignore'
[0.180s] Level 1:colcon.colcon_core.package_identification:_identify(src/mapping/cone_map_builder) by extension 'ignore_ament_install'
[0.180s] Level 1:colcon.colcon_core.package_identification:_identify(src/mapping/cone_map_builder) by extensions ['colcon_pkg']
[0.180s] Level 1:colcon.colcon_core.package_identification:_identify(src/mapping/cone_map_builder) by extension 'colcon_pkg'
[0.180s] Level 1:colcon.colcon_core.package_identification:_identify(src/mapping/cone_map_builder) by extensions ['colcon_meta']
[0.180s] Level 1:colcon.colcon_core.package_identification:_identify(src/mapping/cone_map_builder) by extension 'colcon_meta'
[0.180s] Level 1:colcon.colcon_core.package_identification:_identify(src/mapping/cone_map_builder) by extensions ['ros']
[0.180s] Level 1:colcon.colcon_core.package_identification:_identify(src/mapping/cone_map_builder) by extension 'ros'
[0.181s] DEBUG:colcon.colcon_core.package_identification:Package 'src/mapping/cone_map_builder' with type 'ros.ament_cmake' and name 'cone_map_builder'
[0.181s] Level 1:colcon.colcon_core.package_identification:_identify(src/perception) by extensions ['ignore', 'ignore_ament_install']
[0.181s] Level 1:colcon.colcon_core.package_identification:_identify(src/perception) by extension 'ignore'
[0.181s] Level 1:colcon.colcon_core.package_identification:_identify(src/perception) by extension 'ignore_ament_install'
[0.181s] Level 1:colcon.colcon_core.package_identification:_identify(src/perception) by extensions ['colcon_pkg']
[0.181s] Level 1:colcon.colcon_core.package_identification:_identify(src/perception) by extension 'colcon_pkg'
[0.181s] Level 1:colcon.colcon_core.package_identification:_identify(src/perception) by extensions ['colcon_meta']
[0.181s] Level 1:colcon.colcon_core.package_identification:_identify(src/perception) by extension 'colcon_meta'
[0.181s] Level 1:colcon.colcon_core.package_identification:_identify(src/perception) by extensions ['ros']
[0.181s] Level 1:colcon.colcon_core.package_identification:_identify(src/perception) by extension 'ros'
[0.181s] Level 1:colcon.colcon_core.package_identification:_identify(src/perception) by extensions ['cmake', 'python']
[0.181s] Level 1:colcon.colcon_core.package_identification:_identify(src/perception) by extension 'cmake'
[0.181s] Level 1:colcon.colcon_core.package_identification:_identify(src/perception) by extension 'python'
[0.181s] Level 1:colcon.colcon_core.package_identification:_identify(src/perception) by extensions ['python_setup_py']
[0.181s] Level 1:colcon.colcon_core.package_identification:_identify(src/perception) by extension 'python_setup_py'
[0.181s] Level 1:colcon.colcon_core.package_identification:_identify(src/perception/camera_detection) by extensions ['ignore', 'ignore_ament_install']
[0.181s] Level 1:colcon.colcon_core.package_identification:_identify(src/perception/camera_detection) by extension 'ignore'
[0.181s] Level 1:colcon.colcon_core.package_identification:_identify(src/perception/camera_detection) by extension 'ignore_ament_install'
[0.181s] Level 1:colcon.colcon_core.package_identification:_identify(src/perception/camera_detection) by extensions ['colcon_pkg']
[0.181s] Level 1:colcon.colcon_core.package_identification:_identify(src/perception/camera_detection) by extension 'colcon_pkg'
[0.181s] Level 1:colcon.colcon_core.package_identification:_identify(src/perception/camera_detection) by extensions ['colcon_meta']
[0.181s] Level 1:colcon.colcon_core.package_identification:_identify(src/perception/camera_detection) by extension 'colcon_meta'
[0.181s] Level 1:colcon.colcon_core.package_identification:_identify(src/perception/camera_detection) by extensions ['ros']
[0.181s] Level 1:colcon.colcon_core.package_identification:_identify(src/perception/camera_detection) by extension 'ros'
[0.182s] DEBUG:colcon.colcon_core.package_identification:Package 'src/perception/camera_detection' with type 'ros.ament_cmake' and name 'camera_detection'
[0.182s] Level 1:colcon.colcon_core.package_identification:_identify(src/perception/detection_fusion) by extensions ['ignore', 'ignore_ament_install']
[0.182s] Level 1:colcon.colcon_core.package_identification:_identify(src/perception/detection_fusion) by extension 'ignore'
[0.182s] Level 1:colcon.colcon_core.package_identification:_identify(src/perception/detection_fusion) by extension 'ignore_ament_install'
[0.182s] Level 1:colcon.colcon_core.package_identification:_identify(src/perception/detection_fusion) by extensions ['colcon_pkg']
[0.182s] Level 1:colcon.colcon_core.package_identification:_identify(src/perception/detection_fusion) by extension 'colcon_pkg'
[0.182s] Level 1:colcon.colcon_core.package_identification:_identify(src/perception/detection_fusion) by extensions ['colcon_meta']
[0.182s] Level 1:colcon.colcon_core.package_identification:_identify(src/perception/detection_fusion) by extension 'colcon_meta'
[0.182s] Level 1:colcon.colcon_core.package_identification:_identify(src/perception/detection_fusion) by extensions ['ros']
[0.182s] Level 1:colcon.colcon_core.package_identification:_identify(src/perception/detection_fusion) by extension 'ros'
[0.182s] DEBUG:colcon.colcon_core.package_identification:Package 'src/perception/detection_fusion' with type 'ros.ament_cmake' and name 'detection_fusion'
[0.182s] Level 1:colcon.colcon_core.package_identification:_identify(src/perception/lidar_detection) by extensions ['ignore', 'ignore_ament_install']
[0.182s] Level 1:colcon.colcon_core.package_identification:_identify(src/perception/lidar_detection) by extension 'ignore'
[0.182s] Level 1:colcon.colcon_core.package_identification:_identify(src/perception/lidar_detection) by extension 'ignore_ament_install'
[0.183s] Level 1:colcon.colcon_core.package_identification:_identify(src/perception/lidar_detection) by extensions ['colcon_pkg']
[0.183s] Level 1:colcon.colcon_core.package_identification:_identify(src/perception/lidar_detection) by extension 'colcon_pkg'
[0.183s] Level 1:colcon.colcon_core.package_identification:_identify(src/perception/lidar_detection) by extensions ['colcon_meta']
[0.183s] Level 1:colcon.colcon_core.package_identification:_identify(src/perception/lidar_detection) by extension 'colcon_meta'
[0.183s] Level 1:colcon.colcon_core.package_identification:_identify(src/perception/lidar_detection) by extensions ['ros']
[0.183s] Level 1:colcon.colcon_core.package_identification:_identify(src/perception/lidar_detection) by extension 'ros'
[0.183s] DEBUG:colcon.colcon_core.package_identification:Package 'src/perception/lidar_detection' with type 'ros.ament_cmake' and name 'lidar_detection'
[0.183s] Level 1:colcon.colcon_core.package_identification:_identify(src/planning) by extensions ['ignore', 'ignore_ament_install']
[0.183s] Level 1:colcon.colcon_core.package_identification:_identify(src/planning) by extension 'ignore'
[0.183s] Level 1:colcon.colcon_core.package_identification:_identify(src/planning) by extension 'ignore_ament_install'
[0.183s] Level 1:colcon.colcon_core.package_identification:_identify(src/planning) by extensions ['colcon_pkg']
[0.183s] Level 1:colcon.colcon_core.package_identification:_identify(src/planning) by extension 'colcon_pkg'
[0.183s] Level 1:colcon.colcon_core.package_identification:_identify(src/planning) by extensions ['colcon_meta']
[0.183s] Level 1:colcon.colcon_core.package_identification:_identify(src/planning) by extension 'colcon_meta'
[0.183s] Level 1:colcon.colcon_core.package_identification:_identify(src/planning) by extensions ['ros']
[0.183s] Level 1:colcon.colcon_core.package_identification:_identify(src/planning) by extension 'ros'
[0.183s] Level 1:colcon.colcon_core.package_identification:_identify(src/planning) by extensions ['cmake', 'python']
[0.183s] Level 1:colcon.colcon_core.package_identification:_identify(src/planning) by extension 'cmake'
[0.183s] Level 1:colcon.colcon_core.package_identification:_identify(src/planning) by extension 'python'
[0.183s] Level 1:colcon.colcon_core.package_identification:_identify(src/planning) by extensions ['python_setup_py']
[0.183s] Level 1:colcon.colcon_core.package_identification:_identify(src/planning) by extension 'python_setup_py'
[0.183s] Level 1:colcon.colcon_core.package_identification:_identify(src/planning/boundary_detector) by extensions ['ignore', 'ignore_ament_install']
[0.184s] Level 1:colcon.colcon_core.package_identification:_identify(src/planning/boundary_detector) by extension 'ignore'
[0.184s] Level 1:colcon.colcon_core.package_identification:_identify(src/planning/boundary_detector) by extension 'ignore_ament_install'
[0.184s] Level 1:colcon.colcon_core.package_identification:_identify(src/planning/boundary_detector) by extensions ['colcon_pkg']
[0.184s] Level 1:colcon.colcon_core.package_identification:_identify(src/planning/boundary_detector) by extension 'colcon_pkg'
[0.184s] Level 1:colcon.colcon_core.package_identification:_identify(src/planning/boundary_detector) by extensions ['colcon_meta']
[0.184s] Level 1:colcon.colcon_core.package_identification:_identify(src/planning/boundary_detector) by extension 'colcon_meta'
[0.184s] Level 1:colcon.colcon_core.package_identification:_identify(src/planning/boundary_detector) by extensions ['ros']
[0.184s] Level 1:colcon.colcon_core.package_identification:_identify(src/planning/boundary_detector) by extension 'ros'
[0.184s] DEBUG:colcon.colcon_core.package_identification:Package 'src/planning/boundary_detector' with type 'ros.ament_cmake' and name 'boundary_detector'
[0.184s] Level 1:colcon.colcon_core.package_identification:_identify(src/planning/path_generator) by extensions ['ignore', 'ignore_ament_install']
[0.184s] Level 1:colcon.colcon_core.package_identification:_identify(src/planning/path_generator) by extension 'ignore'
[0.184s] Level 1:colcon.colcon_core.package_identification:_identify(src/planning/path_generator) by extension 'ignore_ament_install'
[0.184s] Level 1:colcon.colcon_core.package_identification:_identify(src/planning/path_generator) by extensions ['colcon_pkg']
[0.184s] Level 1:colcon.colcon_core.package_identification:_identify(src/planning/path_generator) by extension 'colcon_pkg'
[0.184s] Level 1:colcon.colcon_core.package_identification:_identify(src/planning/path_generator) by extensions ['colcon_meta']
[0.184s] Level 1:colcon.colcon_core.package_identification:_identify(src/planning/path_generator) by extension 'colcon_meta'
[0.184s] Level 1:colcon.colcon_core.package_identification:_identify(src/planning/path_generator) by extensions ['ros']
[0.184s] Level 1:colcon.colcon_core.package_identification:_identify(src/planning/path_generator) by extension 'ros'
[0.185s] DEBUG:colcon.colcon_core.package_identification:Package 'src/planning/path_generator' with type 'ros.ament_cmake' and name 'path_generator'
[0.185s] Level 1:colcon.colcon_core.package_identification:_identify(src/system) by extensions ['ignore', 'ignore_ament_install']
[0.185s] Level 1:colcon.colcon_core.package_identification:_identify(src/system) by extension 'ignore'
[0.185s] Level 1:colcon.colcon_core.package_identification:_identify(src/system) by extension 'ignore_ament_install'
[0.185s] Level 1:colcon.colcon_core.package_identification:_identify(src/system) by extensions ['colcon_pkg']
[0.185s] Level 1:colcon.colcon_core.package_identification:_identify(src/system) by extension 'colcon_pkg'
[0.185s] Level 1:colcon.colcon_core.package_identification:_identify(src/system) by extensions ['colcon_meta']
[0.185s] Level 1:colcon.colcon_core.package_identification:_identify(src/system) by extension 'colcon_meta'
[0.185s] Level 1:colcon.colcon_core.package_identification:_identify(src/system) by extensions ['ros']
[0.185s] Level 1:colcon.colcon_core.package_identification:_identify(src/system) by extension 'ros'
[0.185s] Level 1:colcon.colcon_core.package_identification:_identify(src/system) by extensions ['cmake', 'python']
[0.185s] Level 1:colcon.colcon_core.package_identification:_identify(src/system) by extension 'cmake'
[0.185s] Level 1:colcon.colcon_core.package_identification:_identify(src/system) by extension 'python'
[0.185s] Level 1:colcon.colcon_core.package_identification:_identify(src/system) by extensions ['python_setup_py']
[0.185s] Level 1:colcon.colcon_core.package_identification:_identify(src/system) by extension 'python_setup_py'
[0.185s] Level 1:colcon.colcon_core.package_identification:_identify(src/system/mission_manager) by extensions ['ignore', 'ignore_ament_install']
[0.185s] Level 1:colcon.colcon_core.package_identification:_identify(src/system/mission_manager) by extension 'ignore'
[0.185s] Level 1:colcon.colcon_core.package_identification:_identify(src/system/mission_manager) by extension 'ignore_ament_install'
[0.185s] Level 1:colcon.colcon_core.package_identification:_identify(src/system/mission_manager) by extensions ['colcon_pkg']
[0.185s] Level 1:colcon.colcon_core.package_identification:_identify(src/system/mission_manager) by extension 'colcon_pkg'
[0.185s] Level 1:colcon.colcon_core.package_identification:_identify(src/system/mission_manager) by extensions ['colcon_meta']
[0.185s] Level 1:colcon.colcon_core.package_identification:_identify(src/system/mission_manager) by extension 'colcon_meta'
[0.186s] Level 1:colcon.colcon_core.package_identification:_identify(src/system/mission_manager) by extensions ['ros']
[0.186s] Level 1:colcon.colcon_core.package_identification:_identify(src/system/mission_manager) by extension 'ros'
[0.186s] DEBUG:colcon.colcon_core.package_identification:Package 'src/system/mission_manager' with type 'ros.ament_cmake' and name 'mission_manager'
[0.186s] Level 1:colcon.colcon_core.package_discovery:discover_packages(recursive) using defaults
[0.186s] Level 1:colcon.colcon_core.package_discovery:discover_packages(ignore) discover
[0.186s] Level 1:colcon.colcon_core.package_discovery:discover_packages(ignore) using defaults
[0.186s] Level 1:colcon.colcon_core.package_discovery:discover_packages(path) discover
[0.186s] Level 1:colcon.colcon_core.package_discovery:discover_packages(path) using defaults
[0.213s] Level 1:colcon.colcon_core.package_discovery:discover_packages(prefix_path) check parameters
[0.213s] Level 1:colcon.colcon_core.package_discovery:discover_packages(prefix_path) discover
[0.214s] DEBUG:colcon.colcon_installed_package_information.package_discovery:Found 289 installed packages in /opt/ros/humble
[0.215s] Level 1:colcon.colcon_core.package_discovery:discover_packages(prefix_path) using defaults
[0.251s] Level 5:colcon.colcon_core.verb:set package 'autoware_msgs' build argument 'cmake_args' from command line to '['-DCMAKE_MODULE_PATH=/home/starry1n/WUTA/WUTA-FSD/ros2_ws/cmake']'
[0.251s] Level 5:colcon.colcon_core.verb:set package 'autoware_msgs' build argument 'cmake_target' from command line to 'None'
[0.251s] Level 5:colcon.colcon_core.verb:set package 'autoware_msgs' build argument 'cmake_target_skip_unavailable' from command line to 'False'
[0.251s] Level 5:colcon.colcon_core.verb:set package 'autoware_msgs' build argument 'cmake_clean_cache' from command line to 'False'
[0.251s] Level 5:colcon.colcon_core.verb:set package 'autoware_msgs' build argument 'cmake_clean_first' from command line to 'False'
[0.251s] Level 5:colcon.colcon_core.verb:set package 'autoware_msgs' build argument 'cmake_force_configure' from command line to 'False'
[0.251s] Level 5:colcon.colcon_core.verb:set package 'autoware_msgs' build argument 'ament_cmake_args' from command line to 'None'
[0.251s] Level 5:colcon.colcon_core.verb:set package 'autoware_msgs' build argument 'catkin_cmake_args' from command line to 'None'
[0.251s] Level 5:colcon.colcon_core.verb:set package 'autoware_msgs' build argument 'catkin_skip_building_tests' from command line to 'False'
[0.251s] DEBUG:colcon.colcon_core.verb:Building package 'autoware_msgs' with the following arguments: {'ament_cmake_args': None, 'build_base': '/home/starry1n/WUTA/WUTA-FSD/ros2_ws/build/autoware_msgs', 'catkin_cmake_args': None, 'catkin_skip_building_tests': False, 'cmake_args': ['-DCMAKE_MODULE_PATH=/home/starry1n/WUTA/WUTA-FSD/ros2_ws/cmake'], 'cmake_clean_cache': False, 'cmake_clean_first': False, 'cmake_force_configure': False, 'cmake_target': None, 'cmake_target_skip_unavailable': False, 'install_base': '/home/starry1n/WUTA/WUTA-FSD/ros2_ws/install/autoware_msgs', 'merge_install': False, 'path': '/home/starry1n/WUTA/WUTA-FSD/ros2_ws/src/common/autoware_msgs', 'symlink_install': True, 'test_result_base': None}
[0.251s] Level 5:colcon.colcon_core.verb:set package 'kiss_icp' build argument 'cmake_args' from command line to '['-DCMAKE_MODULE_PATH=/home/starry1n/WUTA/WUTA-FSD/ros2_ws/cmake']'
[0.251s] Level 5:colcon.colcon_core.verb:set package 'kiss_icp' build argument 'cmake_target' from command line to 'None'
[0.251s] Level 5:colcon.colcon_core.verb:set package 'kiss_icp' build argument 'cmake_target_skip_unavailable' from command line to 'False'
[0.251s] Level 5:colcon.colcon_core.verb:set package 'kiss_icp' build argument 'cmake_clean_cache' from command line to 'False'
[0.251s] Level 5:colcon.colcon_core.verb:set package 'kiss_icp' build argument 'cmake_clean_first' from command line to 'False'
[0.251s] Level 5:colcon.colcon_core.verb:set package 'kiss_icp' build argument 'cmake_force_configure' from command line to 'False'
[0.251s] Level 5:colcon.colcon_core.verb:set package 'kiss_icp' build argument 'ament_cmake_args' from command line to 'None'
[0.251s] Level 5:colcon.colcon_core.verb:set package 'kiss_icp' build argument 'catkin_cmake_args' from command line to 'None'
[0.251s] Level 5:colcon.colcon_core.verb:set package 'kiss_icp' build argument 'catkin_skip_building_tests' from command line to 'False'
[0.251s] DEBUG:colcon.colcon_core.verb:Building package 'kiss_icp' with the following arguments: {'ament_cmake_args': None, 'build_base': '/home/starry1n/WUTA/WUTA-FSD/ros2_ws/build/kiss_icp', 'catkin_cmake_args': None, 'catkin_skip_building_tests': False, 'cmake_args': ['-DCMAKE_MODULE_PATH=/home/starry1n/WUTA/WUTA-FSD/ros2_ws/cmake'], 'cmake_clean_cache': False, 'cmake_clean_first': False, 'cmake_force_configure': False, 'cmake_target': None, 'cmake_target_skip_unavailable': False, 'install_base': '/home/starry1n/WUTA/WUTA-FSD/ros2_ws/install/kiss_icp', 'merge_install': False, 'path': '/home/starry1n/WUTA/WUTA-FSD/ros2_ws/src/localization/kiss-icp/ros', 'symlink_install': True, 'test_result_base': None}
[0.251s] Level 5:colcon.colcon_core.verb:set package 'robot_localization' build argument 'cmake_args' from command line to '['-DCMAKE_MODULE_PATH=/home/starry1n/WUTA/WUTA-FSD/ros2_ws/cmake']'
[0.251s] Level 5:colcon.colcon_core.verb:set package 'robot_localization' build argument 'cmake_target' from command line to 'None'
[0.251s] Level 5:colcon.colcon_core.verb:set package 'robot_localization' build argument 'cmake_target_skip_unavailable' from command line to 'False'
[0.251s] Level 5:colcon.colcon_core.verb:set package 'robot_localization' build argument 'cmake_clean_cache' from command line to 'False'
[0.251s] Level 5:colcon.colcon_core.verb:set package 'robot_localization' build argument 'cmake_clean_first' from command line to 'False'
[0.252s] Level 5:colcon.colcon_core.verb:set package 'robot_localization' build argument 'cmake_force_configure' from command line to 'False'
[0.252s] Level 5:colcon.colcon_core.verb:set package 'robot_localization' build argument 'ament_cmake_args' from command line to 'None'
[0.252s] Level 5:colcon.colcon_core.verb:set package 'robot_localization' build argument 'catkin_cmake_args' from command line to 'None'
[0.252s] Level 5:colcon.colcon_core.verb:set package 'robot_localization' build argument 'catkin_skip_building_tests' from command line to 'False'
[0.252s] DEBUG:colcon.colcon_core.verb:Building package 'robot_localization' with the following arguments: {'ament_cmake_args': None, 'build_base': '/home/starry1n/WUTA/WUTA-FSD/ros2_ws/build/robot_localization', 'catkin_cmake_args': None, 'catkin_skip_building_tests': False, 'cmake_args': ['-DCMAKE_MODULE_PATH=/home/starry1n/WUTA/WUTA-FSD/ros2_ws/cmake'], 'cmake_clean_cache': False, 'cmake_clean_first': False, 'cmake_force_configure': False, 'cmake_target': None, 'cmake_target_skip_unavailable': False, 'install_base': '/home/starry1n/WUTA/WUTA-FSD/ros2_ws/install/robot_localization', 'merge_install': False, 'path': '/home/starry1n/WUTA/WUTA-FSD/ros2_ws/src/localization/robot_localization', 'symlink_install': True, 'test_result_base': None}
[0.252s] Level 5:colcon.colcon_core.verb:set package 'wuta_msgs' build argument 'cmake_args' from command line to '['-DCMAKE_MODULE_PATH=/home/starry1n/WUTA/WUTA-FSD/ros2_ws/cmake']'
[0.252s] Level 5:colcon.colcon_core.verb:set package 'wuta_msgs' build argument 'cmake_target' from command line to 'None'
[0.252s] Level 5:colcon.colcon_core.verb:set package 'wuta_msgs' build argument 'cmake_target_skip_unavailable' from command line to 'False'
[0.252s] Level 5:colcon.colcon_core.verb:set package 'wuta_msgs' build argument 'cmake_clean_cache' from command line to 'False'
[0.252s] Level 5:colcon.colcon_core.verb:set package 'wuta_msgs' build argument 'cmake_clean_first' from command line to 'False'
[0.252s] Level 5:colcon.colcon_core.verb:set package 'wuta_msgs' build argument 'cmake_force_configure' from command line to 'False'
[0.252s] Level 5:colcon.colcon_core.verb:set package 'wuta_msgs' build argument 'ament_cmake_args' from command line to 'None'
[0.252s] Level 5:colcon.colcon_core.verb:set package 'wuta_msgs' build argument 'catkin_cmake_args' from command line to 'None'
[0.252s] Level 5:colcon.colcon_core.verb:set package 'wuta_msgs' build argument 'catkin_skip_building_tests' from command line to 'False'
[0.252s] DEBUG:colcon.colcon_core.verb:Building package 'wuta_msgs' with the following arguments: {'ament_cmake_args': None, 'build_base': '/home/starry1n/WUTA/WUTA-FSD/ros2_ws/build/wuta_msgs', 'catkin_cmake_args': None, 'catkin_skip_building_tests': False, 'cmake_args': ['-DCMAKE_MODULE_PATH=/home/starry1n/WUTA/WUTA-FSD/ros2_ws/cmake'], 'cmake_clean_cache': False, 'cmake_clean_first': False, 'cmake_force_configure': False, 'cmake_target': None, 'cmake_target_skip_unavailable': False, 'install_base': '/home/starry1n/WUTA/WUTA-FSD/ros2_ws/install/wuta_msgs', 'merge_install': False, 'path': '/home/starry1n/WUTA/WUTA-FSD/ros2_ws/src/common/wuta_msgs', 'symlink_install': True, 'test_result_base': None}
[0.252s] Level 5:colcon.colcon_core.verb:set package 'boundary_detector' build argument 'cmake_args' from command line to '['-DCMAKE_MODULE_PATH=/home/starry1n/WUTA/WUTA-FSD/ros2_ws/cmake']'
[0.252s] Level 5:colcon.colcon_core.verb:set package 'boundary_detector' build argument 'cmake_target' from command line to 'None'
[0.252s] Level 5:colcon.colcon_core.verb:set package 'boundary_detector' build argument 'cmake_target_skip_unavailable' from command line to 'False'
[0.252s] Level 5:colcon.colcon_core.verb:set package 'boundary_detector' build argument 'cmake_clean_cache' from command line to 'False'
[0.252s] Level 5:colcon.colcon_core.verb:set package 'boundary_detector' build argument 'cmake_clean_first' from command line to 'False'
[0.252s] Level 5:colcon.colcon_core.verb:set package 'boundary_detector' build argument 'cmake_force_configure' from command line to 'False'
[0.252s] Level 5:colcon.colcon_core.verb:set package 'boundary_detector' build argument 'ament_cmake_args' from command line to 'None'
[0.252s] Level 5:colcon.colcon_core.verb:set package 'boundary_detector' build argument 'catkin_cmake_args' from command line to 'None'
[0.252s] Level 5:colcon.colcon_core.verb:set package 'boundary_detector' build argument 'catkin_skip_building_tests' from command line to 'False'
[0.252s] DEBUG:colcon.colcon_core.verb:Building package 'boundary_detector' with the following arguments: {'ament_cmake_args': None, 'build_base': '/home/starry1n/WUTA/WUTA-FSD/ros2_ws/build/boundary_detector', 'catkin_cmake_args': None, 'catkin_skip_building_tests': False, 'cmake_args': ['-DCMAKE_MODULE_PATH=/home/starry1n/WUTA/WUTA-FSD/ros2_ws/cmake'], 'cmake_clean_cache': False, 'cmake_clean_first': False, 'cmake_force_configure': False, 'cmake_target': None, 'cmake_target_skip_unavailable': False, 'install_base': '/home/starry1n/WUTA/WUTA-FSD/ros2_ws/install/boundary_detector', 'merge_install': False, 'path': '/home/starry1n/WUTA/WUTA-FSD/ros2_ws/src/planning/boundary_detector', 'symlink_install': True, 'test_result_base': None}
[0.252s] Level 5:colcon.colcon_core.verb:set package 'camera_detection' build argument 'cmake_args' from command line to '['-DCMAKE_MODULE_PATH=/home/starry1n/WUTA/WUTA-FSD/ros2_ws/cmake']'
[0.253s] Level 5:colcon.colcon_core.verb:set package 'camera_detection' build argument 'cmake_target' from command line to 'None'
[0.253s] Level 5:colcon.colcon_core.verb:set package 'camera_detection' build argument 'cmake_target_skip_unavailable' from command line to 'False'
[0.253s] Level 5:colcon.colcon_core.verb:set package 'camera_detection' build argument 'cmake_clean_cache' from command line to 'False'
[0.253s] Level 5:colcon.colcon_core.verb:set package 'camera_detection' build argument 'cmake_clean_first' from command line to 'False'
[0.253s] Level 5:colcon.colcon_core.verb:set package 'camera_detection' build argument 'cmake_force_configure' from command line to 'False'
[0.253s] Level 5:colcon.colcon_core.verb:set package 'camera_detection' build argument 'ament_cmake_args' from command line to 'None'
[0.253s] Level 5:colcon.colcon_core.verb:set package 'camera_detection' build argument 'catkin_cmake_args' from command line to 'None'
[0.253s] Level 5:colcon.colcon_core.verb:set package 'camera_detection' build argument 'catkin_skip_building_tests' from command line to 'False'
[0.253s] DEBUG:colcon.colcon_core.verb:Building package 'camera_detection' with the following arguments: {'ament_cmake_args': None, 'build_base': '/home/starry1n/WUTA/WUTA-FSD/ros2_ws/build/camera_detection', 'catkin_cmake_args': None, 'catkin_skip_building_tests': False, 'cmake_args': ['-DCMAKE_MODULE_PATH=/home/starry1n/WUTA/WUTA-FSD/ros2_ws/cmake'], 'cmake_clean_cache': False, 'cmake_clean_first': False, 'cmake_force_configure': False, 'cmake_target': None, 'cmake_target_skip_unavailable': False, 'install_base': '/home/starry1n/WUTA/WUTA-FSD/ros2_ws/install/camera_detection', 'merge_install': False, 'path': '/home/starry1n/WUTA/WUTA-FSD/ros2_ws/src/perception/camera_detection', 'symlink_install': True, 'test_result_base': None}
[0.253s] Level 5:colcon.colcon_core.verb:set package 'cone_map_builder' build argument 'cmake_args' from command line to '['-DCMAKE_MODULE_PATH=/home/starry1n/WUTA/WUTA-FSD/ros2_ws/cmake']'
[0.253s] Level 5:colcon.colcon_core.verb:set package 'cone_map_builder' build argument 'cmake_target' from command line to 'None'
[0.253s] Level 5:colcon.colcon_core.verb:set package 'cone_map_builder' build argument 'cmake_target_skip_unavailable' from command line to 'False'
[0.253s] Level 5:colcon.colcon_core.verb:set package 'cone_map_builder' build argument 'cmake_clean_cache' from command line to 'False'
[0.253s] Level 5:colcon.colcon_core.verb:set package 'cone_map_builder' build argument 'cmake_clean_first' from command line to 'False'
[0.253s] Level 5:colcon.colcon_core.verb:set package 'cone_map_builder' build argument 'cmake_force_configure' from command line to 'False'
[0.253s] Level 5:colcon.colcon_core.verb:set package 'cone_map_builder' build argument 'ament_cmake_args' from command line to 'None'
[0.253s] Level 5:colcon.colcon_core.verb:set package 'cone_map_builder' build argument 'catkin_cmake_args' from command line to 'None'
[0.253s] Level 5:colcon.colcon_core.verb:set package 'cone_map_builder' build argument 'catkin_skip_building_tests' from command line to 'False'
[0.253s] DEBUG:colcon.colcon_core.verb:Building package 'cone_map_builder' with the following arguments: {'ament_cmake_args': None, 'build_base': '/home/starry1n/WUTA/WUTA-FSD/ros2_ws/build/cone_map_builder', 'catkin_cmake_args': None, 'catkin_skip_building_tests': False, 'cmake_args': ['-DCMAKE_MODULE_PATH=/home/starry1n/WUTA/WUTA-FSD/ros2_ws/cmake'], 'cmake_clean_cache': False, 'cmake_clean_first': False, 'cmake_force_configure': False, 'cmake_target': None, 'cmake_target_skip_unavailable': False, 'install_base': '/home/starry1n/WUTA/WUTA-FSD/ros2_ws/install/cone_map_builder', 'merge_install': False, 'path': '/home/starry1n/WUTA/WUTA-FSD/ros2_ws/src/mapping/cone_map_builder', 'symlink_install': True, 'test_result_base': None}
[0.253s] Level 5:colcon.colcon_core.verb:set package 'controller' build argument 'cmake_args' from command line to '['-DCMAKE_MODULE_PATH=/home/starry1n/WUTA/WUTA-FSD/ros2_ws/cmake']'
[0.253s] Level 5:colcon.colcon_core.verb:set package 'controller' build argument 'cmake_target' from command line to 'None'
[0.253s] Level 5:colcon.colcon_core.verb:set package 'controller' build argument 'cmake_target_skip_unavailable' from command line to 'False'
[0.253s] Level 5:colcon.colcon_core.verb:set package 'controller' build argument 'cmake_clean_cache' from command line to 'False'
[0.253s] Level 5:colcon.colcon_core.verb:set package 'controller' build argument 'cmake_clean_first' from command line to 'False'
[0.253s] Level 5:colcon.colcon_core.verb:set package 'controller' build argument 'cmake_force_configure' from command line to 'False'
[0.253s] Level 5:colcon.colcon_core.verb:set package 'controller' build argument 'ament_cmake_args' from command line to 'None'
[0.253s] Level 5:colcon.colcon_core.verb:set package 'controller' build argument 'catkin_cmake_args' from command line to 'None'
[0.253s] Level 5:colcon.colcon_core.verb:set package 'controller' build argument 'catkin_skip_building_tests' from command line to 'False'
[0.253s] DEBUG:colcon.colcon_core.verb:Building package 'controller' with the following arguments: {'ament_cmake_args': None, 'build_base': '/home/starry1n/WUTA/WUTA-FSD/ros2_ws/build/controller', 'catkin_cmake_args': None, 'catkin_skip_building_tests': False, 'cmake_args': ['-DCMAKE_MODULE_PATH=/home/starry1n/WUTA/WUTA-FSD/ros2_ws/cmake'], 'cmake_clean_cache': False, 'cmake_clean_first': False, 'cmake_force_configure': False, 'cmake_target': None, 'cmake_target_skip_unavailable': False, 'install_base': '/home/starry1n/WUTA/WUTA-FSD/ros2_ws/install/controller', 'merge_install': False, 'path': '/home/starry1n/WUTA/WUTA-FSD/ros2_ws/src/control/controller', 'symlink_install': True, 'test_result_base': None}
[0.253s] Level 5:colcon.colcon_core.verb:set package 'detection_fusion' build argument 'cmake_args' from command line to '['-DCMAKE_MODULE_PATH=/home/starry1n/WUTA/WUTA-FSD/ros2_ws/cmake']'
[0.253s] Level 5:colcon.colcon_core.verb:set package 'detection_fusion' build argument 'cmake_target' from command line to 'None'
[0.253s] Level 5:colcon.colcon_core.verb:set package 'detection_fusion' build argument 'cmake_target_skip_unavailable' from command line to 'False'
[0.253s] Level 5:colcon.colcon_core.verb:set package 'detection_fusion' build argument 'cmake_clean_cache' from command line to 'False'
[0.253s] Level 5:colcon.colcon_core.verb:set package 'detection_fusion' build argument 'cmake_clean_first' from command line to 'False'
[0.253s] Level 5:colcon.colcon_core.verb:set package 'detection_fusion' build argument 'cmake_force_configure' from command line to 'False'
[0.253s] Level 5:colcon.colcon_core.verb:set package 'detection_fusion' build argument 'ament_cmake_args' from command line to 'None'
[0.253s] Level 5:colcon.colcon_core.verb:set package 'detection_fusion' build argument 'catkin_cmake_args' from command line to 'None'
[0.253s] Level 5:colcon.colcon_core.verb:set package 'detection_fusion' build argument 'catkin_skip_building_tests' from command line to 'False'
[0.254s] DEBUG:colcon.colcon_core.verb:Building package 'detection_fusion' with the following arguments: {'ament_cmake_args': None, 'build_base': '/home/starry1n/WUTA/WUTA-FSD/ros2_ws/build/detection_fusion', 'catkin_cmake_args': None, 'catkin_skip_building_tests': False, 'cmake_args': ['-DCMAKE_MODULE_PATH=/home/starry1n/WUTA/WUTA-FSD/ros2_ws/cmake'], 'cmake_clean_cache': False, 'cmake_clean_first': False, 'cmake_force_configure': False, 'cmake_target': None, 'cmake_target_skip_unavailable': False, 'install_base': '/home/starry1n/WUTA/WUTA-FSD/ros2_ws/install/detection_fusion', 'merge_install': False, 'path': '/home/starry1n/WUTA/WUTA-FSD/ros2_ws/src/perception/detection_fusion', 'symlink_install': True, 'test_result_base': None}
[0.254s] Level 5:colcon.colcon_core.verb:set package 'kiss_icp_wrapper' build argument 'cmake_args' from command line to '['-DCMAKE_MODULE_PATH=/home/starry1n/WUTA/WUTA-FSD/ros2_ws/cmake']'
[0.254s] Level 5:colcon.colcon_core.verb:set package 'kiss_icp_wrapper' build argument 'cmake_target' from command line to 'None'
[0.254s] Level 5:colcon.colcon_core.verb:set package 'kiss_icp_wrapper' build argument 'cmake_target_skip_unavailable' from command line to 'False'
[0.254s] Level 5:colcon.colcon_core.verb:set package 'kiss_icp_wrapper' build argument 'cmake_clean_cache' from command line to 'False'
[0.254s] Level 5:colcon.colcon_core.verb:set package 'kiss_icp_wrapper' build argument 'cmake_clean_first' from command line to 'False'
[0.254s] Level 5:colcon.colcon_core.verb:set package 'kiss_icp_wrapper' build argument 'cmake_force_configure' from command line to 'False'
[0.254s] Level 5:colcon.colcon_core.verb:set package 'kiss_icp_wrapper' build argument 'ament_cmake_args' from command line to 'None'
[0.254s] Level 5:colcon.colcon_core.verb:set package 'kiss_icp_wrapper' build argument 'catkin_cmake_args' from command line to 'None'
[0.254s] Level 5:colcon.colcon_core.verb:set package 'kiss_icp_wrapper' build argument 'catkin_skip_building_tests' from command line to 'False'
[0.254s] DEBUG:colcon.colcon_core.verb:Building package 'kiss_icp_wrapper' with the following arguments: {'ament_cmake_args': None, 'build_base': '/home/starry1n/WUTA/WUTA-FSD/ros2_ws/build/kiss_icp_wrapper', 'catkin_cmake_args': None, 'catkin_skip_building_tests': False, 'cmake_args': ['-DCMAKE_MODULE_PATH=/home/starry1n/WUTA/WUTA-FSD/ros2_ws/cmake'], 'cmake_clean_cache': False, 'cmake_clean_first': False, 'cmake_force_configure': False, 'cmake_target': None, 'cmake_target_skip_unavailable': False, 'install_base': '/home/starry1n/WUTA/WUTA-FSD/ros2_ws/install/kiss_icp_wrapper', 'merge_install': False, 'path': '/home/starry1n/WUTA/WUTA-FSD/ros2_ws/src/localization/kiss_icp_wrapper', 'symlink_install': True, 'test_result_base': None}
[0.254s] Level 5:colcon.colcon_core.verb:set package 'lidar_detection' build argument 'cmake_args' from command line to '['-DCMAKE_MODULE_PATH=/home/starry1n/WUTA/WUTA-FSD/ros2_ws/cmake']'
[0.254s] Level 5:colcon.colcon_core.verb:set package 'lidar_detection' build argument 'cmake_target' from command line to 'None'
[0.254s] Level 5:colcon.colcon_core.verb:set package 'lidar_detection' build argument 'cmake_target_skip_unavailable' from command line to 'False'
[0.254s] Level 5:colcon.colcon_core.verb:set package 'lidar_detection' build argument 'cmake_clean_cache' from command line to 'False'
[0.254s] Level 5:colcon.colcon_core.verb:set package 'lidar_detection' build argument 'cmake_clean_first' from command line to 'False'
[0.254s] Level 5:colcon.colcon_core.verb:set package 'lidar_detection' build argument 'cmake_force_configure' from command line to 'False'
[0.254s] Level 5:colcon.colcon_core.verb:set package 'lidar_detection' build argument 'ament_cmake_args' from command line to 'None'
[0.254s] Level 5:colcon.colcon_core.verb:set package 'lidar_detection' build argument 'catkin_cmake_args' from command line to 'None'
[0.254s] Level 5:colcon.colcon_core.verb:set package 'lidar_detection' build argument 'catkin_skip_building_tests' from command line to 'False'
[0.254s] DEBUG:colcon.colcon_core.verb:Building package 'lidar_detection' with the following arguments: {'ament_cmake_args': None, 'build_base': '/home/starry1n/WUTA/WUTA-FSD/ros2_ws/build/lidar_detection', 'catkin_cmake_args': None, 'catkin_skip_building_tests': False, 'cmake_args': ['-DCMAKE_MODULE_PATH=/home/starry1n/WUTA/WUTA-FSD/ros2_ws/cmake'], 'cmake_clean_cache': False, 'cmake_clean_first': False, 'cmake_force_configure': False, 'cmake_target': None, 'cmake_target_skip_unavailable': False, 'install_base': '/home/starry1n/WUTA/WUTA-FSD/ros2_ws/install/lidar_detection', 'merge_install': False, 'path': '/home/starry1n/WUTA/WUTA-FSD/ros2_ws/src/perception/lidar_detection', 'symlink_install': True, 'test_result_base': None}
[0.254s] Level 5:colcon.colcon_core.verb:set package 'localization_manager' build argument 'cmake_args' from command line to '['-DCMAKE_MODULE_PATH=/home/starry1n/WUTA/WUTA-FSD/ros2_ws/cmake']'
[0.254s] Level 5:colcon.colcon_core.verb:set package 'localization_manager' build argument 'cmake_target' from command line to 'None'
[0.254s] Level 5:colcon.colcon_core.verb:set package 'localization_manager' build argument 'cmake_target_skip_unavailable' from command line to 'False'
[0.254s] Level 5:colcon.colcon_core.verb:set package 'localization_manager' build argument 'cmake_clean_cache' from command line to 'False'
[0.254s] Level 5:colcon.colcon_core.verb:set package 'localization_manager' build argument 'cmake_clean_first' from command line to 'False'
[0.254s] Level 5:colcon.colcon_core.verb:set package 'localization_manager' build argument 'cmake_force_configure' from command line to 'False'
[0.254s] Level 5:colcon.colcon_core.verb:set package 'localization_manager' build argument 'ament_cmake_args' from command line to 'None'
[0.254s] Level 5:colcon.colcon_core.verb:set package 'localization_manager' build argument 'catkin_cmake_args' from command line to 'None'
[0.254s] Level 5:colcon.colcon_core.verb:set package 'localization_manager' build argument 'catkin_skip_building_tests' from command line to 'False'
[0.254s] DEBUG:colcon.colcon_core.verb:Building package 'localization_manager' with the following arguments: {'ament_cmake_args': None, 'build_base': '/home/starry1n/WUTA/WUTA-FSD/ros2_ws/build/localization_manager', 'catkin_cmake_args': None, 'catkin_skip_building_tests': False, 'cmake_args': ['-DCMAKE_MODULE_PATH=/home/starry1n/WUTA/WUTA-FSD/ros2_ws/cmake'], 'cmake_clean_cache': False, 'cmake_clean_first': False, 'cmake_force_configure': False, 'cmake_target': None, 'cmake_target_skip_unavailable': False, 'install_base': '/home/starry1n/WUTA/WUTA-FSD/ros2_ws/install/localization_manager', 'merge_install': False, 'path': '/home/starry1n/WUTA/WUTA-FSD/ros2_ws/src/localization/localization_manager', 'symlink_install': True, 'test_result_base': None}
[0.255s] Level 5:colcon.colcon_core.verb:set package 'mission_manager' build argument 'cmake_args' from command line to '['-DCMAKE_MODULE_PATH=/home/starry1n/WUTA/WUTA-FSD/ros2_ws/cmake']'
[0.255s] Level 5:colcon.colcon_core.verb:set package 'mission_manager' build argument 'cmake_target' from command line to 'None'
[0.255s] Level 5:colcon.colcon_core.verb:set package 'mission_manager' build argument 'cmake_target_skip_unavailable' from command line to 'False'
[0.255s] Level 5:colcon.colcon_core.verb:set package 'mission_manager' build argument 'cmake_clean_cache' from command line to 'False'
[0.255s] Level 5:colcon.colcon_core.verb:set package 'mission_manager' build argument 'cmake_clean_first' from command line to 'False'
[0.255s] Level 5:colcon.colcon_core.verb:set package 'mission_manager' build argument 'cmake_force_configure' from command line to 'False'
[0.255s] Level 5:colcon.colcon_core.verb:set package 'mission_manager' build argument 'ament_cmake_args' from command line to 'None'
[0.255s] Level 5:colcon.colcon_core.verb:set package 'mission_manager' build argument 'catkin_cmake_args' from command line to 'None'
[0.255s] Level 5:colcon.colcon_core.verb:set package 'mission_manager' build argument 'catkin_skip_building_tests' from command line to 'False'
[0.255s] DEBUG:colcon.colcon_core.verb:Building package 'mission_manager' with the following arguments: {'ament_cmake_args': None, 'build_base': '/home/starry1n/WUTA/WUTA-FSD/ros2_ws/build/mission_manager', 'catkin_cmake_args': None, 'catkin_skip_building_tests': False, 'cmake_args': ['-DCMAKE_MODULE_PATH=/home/starry1n/WUTA/WUTA-FSD/ros2_ws/cmake'], 'cmake_clean_cache': False, 'cmake_clean_first': False, 'cmake_force_configure': False, 'cmake_target': None, 'cmake_target_skip_unavailable': False, 'install_base': '/home/starry1n/WUTA/WUTA-FSD/ros2_ws/install/mission_manager', 'merge_install': False, 'path': '/home/starry1n/WUTA/WUTA-FSD/ros2_ws/src/system/mission_manager', 'symlink_install': True, 'test_result_base': None}
[0.255s] Level 5:colcon.colcon_core.verb:set package 'ndt_localization' build argument 'cmake_args' from command line to '['-DCMAKE_MODULE_PATH=/home/starry1n/WUTA/WUTA-FSD/ros2_ws/cmake']'
[0.255s] Level 5:colcon.colcon_core.verb:set package 'ndt_localization' build argument 'cmake_target' from command line to 'None'
[0.255s] Level 5:colcon.colcon_core.verb:set package 'ndt_localization' build argument 'cmake_target_skip_unavailable' from command line to 'False'
[0.255s] Level 5:colcon.colcon_core.verb:set package 'ndt_localization' build argument 'cmake_clean_cache' from command line to 'False'
[0.255s] Level 5:colcon.colcon_core.verb:set package 'ndt_localization' build argument 'cmake_clean_first' from command line to 'False'
[0.255s] Level 5:colcon.colcon_core.verb:set package 'ndt_localization' build argument 'cmake_force_configure' from command line to 'False'
[0.255s] Level 5:colcon.colcon_core.verb:set package 'ndt_localization' build argument 'ament_cmake_args' from command line to 'None'
[0.255s] Level 5:colcon.colcon_core.verb:set package 'ndt_localization' build argument 'catkin_cmake_args' from command line to 'None'
[0.255s] Level 5:colcon.colcon_core.verb:set package 'ndt_localization' build argument 'catkin_skip_building_tests' from command line to 'False'
[0.255s] DEBUG:colcon.colcon_core.verb:Building package 'ndt_localization' with the following arguments: {'ament_cmake_args': None, 'build_base': '/home/starry1n/WUTA/WUTA-FSD/ros2_ws/build/ndt_localization', 'catkin_cmake_args': None, 'catkin_skip_building_tests': False, 'cmake_args': ['-DCMAKE_MODULE_PATH=/home/starry1n/WUTA/WUTA-FSD/ros2_ws/cmake'], 'cmake_clean_cache': False, 'cmake_clean_first': False, 'cmake_force_configure': False, 'cmake_target': None, 'cmake_target_skip_unavailable': False, 'install_base': '/home/starry1n/WUTA/WUTA-FSD/ros2_ws/install/ndt_localization', 'merge_install': False, 'path': '/home/starry1n/WUTA/WUTA-FSD/ros2_ws/src/localization/ndt_localization', 'symlink_install': True, 'test_result_base': None}
[0.255s] Level 5:colcon.colcon_core.verb:set package 'path_generator' build argument 'cmake_args' from command line to '['-DCMAKE_MODULE_PATH=/home/starry1n/WUTA/WUTA-FSD/ros2_ws/cmake']'
[0.255s] Level 5:colcon.colcon_core.verb:set package 'path_generator' build argument 'cmake_target' from command line to 'None'
[0.255s] Level 5:colcon.colcon_core.verb:set package 'path_generator' build argument 'cmake_target_skip_unavailable' from command line to 'False'
[0.255s] Level 5:colcon.colcon_core.verb:set package 'path_generator' build argument 'cmake_clean_cache' from command line to 'False'
[0.255s] Level 5:colcon.colcon_core.verb:set package 'path_generator' build argument 'cmake_clean_first' from command line to 'False'
[0.255s] Level 5:colcon.colcon_core.verb:set package 'path_generator' build argument 'cmake_force_configure' from command line to 'False'
[0.255s] Level 5:colcon.colcon_core.verb:set package 'path_generator' build argument 'ament_cmake_args' from command line to 'None'
[0.255s] Level 5:colcon.colcon_core.verb:set package 'path_generator' build argument 'catkin_cmake_args' from command line to 'None'
[0.255s] Level 5:colcon.colcon_core.verb:set package 'path_generator' build argument 'catkin_skip_building_tests' from command line to 'False'
[0.255s] DEBUG:colcon.colcon_core.verb:Building package 'path_generator' with the following arguments: {'ament_cmake_args': None, 'build_base': '/home/starry1n/WUTA/WUTA-FSD/ros2_ws/build/path_generator', 'catkin_cmake_args': None, 'catkin_skip_building_tests': False, 'cmake_args': ['-DCMAKE_MODULE_PATH=/home/starry1n/WUTA/WUTA-FSD/ros2_ws/cmake'], 'cmake_clean_cache': False, 'cmake_clean_first': False, 'cmake_force_configure': False, 'cmake_target': None, 'cmake_target_skip_unavailable': False, 'install_base': '/home/starry1n/WUTA/WUTA-FSD/ros2_ws/install/path_generator', 'merge_install': False, 'path': '/home/starry1n/WUTA/WUTA-FSD/ros2_ws/src/planning/path_generator', 'symlink_install': True, 'test_result_base': None}
[0.256s] Level 5:colcon.colcon_core.verb:set package 'wuta_tools' build argument 'cmake_args' from command line to '['-DCMAKE_MODULE_PATH=/home/starry1n/WUTA/WUTA-FSD/ros2_ws/cmake']'
[0.256s] Level 5:colcon.colcon_core.verb:set package 'wuta_tools' build argument 'cmake_target' from command line to 'None'
[0.256s] Level 5:colcon.colcon_core.verb:set package 'wuta_tools' build argument 'cmake_target_skip_unavailable' from command line to 'False'
[0.256s] Level 5:colcon.colcon_core.verb:set package 'wuta_tools' build argument 'cmake_clean_cache' from command line to 'False'
[0.256s] Level 5:colcon.colcon_core.verb:set package 'wuta_tools' build argument 'cmake_clean_first' from command line to 'False'
[0.256s] Level 5:colcon.colcon_core.verb:set package 'wuta_tools' build argument 'cmake_force_configure' from command line to 'False'
[0.256s] Level 5:colcon.colcon_core.verb:set package 'wuta_tools' build argument 'ament_cmake_args' from command line to 'None'
[0.256s] Level 5:colcon.colcon_core.verb:set package 'wuta_tools' build argument 'catkin_cmake_args' from command line to 'None'
[0.256s] Level 5:colcon.colcon_core.verb:set package 'wuta_tools' build argument 'catkin_skip_building_tests' from command line to 'False'
[0.256s] DEBUG:colcon.colcon_core.verb:Building package 'wuta_tools' with the following arguments: {'ament_cmake_args': None, 'build_base': '/home/starry1n/WUTA/WUTA-FSD/ros2_ws/build/wuta_tools', 'catkin_cmake_args': None, 'catkin_skip_building_tests': False, 'cmake_args': ['-DCMAKE_MODULE_PATH=/home/starry1n/WUTA/WUTA-FSD/ros2_ws/cmake'], 'cmake_clean_cache': False, 'cmake_clean_first': False, 'cmake_force_configure': False, 'cmake_target': None, 'cmake_target_skip_unavailable': False, 'install_base': '/home/starry1n/WUTA/WUTA-FSD/ros2_ws/install/wuta_tools', 'merge_install': False, 'path': '/home/starry1n/WUTA/WUTA-FSD/ros2_ws/src/common/wuta_tools', 'symlink_install': True, 'test_result_base': None}
[0.256s] INFO:colcon.colcon_core.executor:Executing jobs using 'parallel' executor
[0.257s] DEBUG:colcon.colcon_parallel_executor.executor.parallel:run_until_complete
[0.257s] INFO:colcon.colcon_ros.task.ament_cmake.build:Building ROS package in '/home/starry1n/WUTA/WUTA-FSD/ros2_ws/src/common/wuta_msgs' with build type 'ament_cmake'
[0.257s] INFO:colcon.colcon_cmake.task.cmake.build:Building CMake package in '/home/starry1n/WUTA/WUTA-FSD/ros2_ws/src/common/wuta_msgs'
[0.258s] INFO:colcon.colcon_core.plugin_system:Skipping extension 'colcon_core.shell.bat': Not used on non-Windows systems
[0.259s] INFO:colcon.colcon_core.shell:Skip shell extension 'powershell' for command environment: Not usable outside of PowerShell
[0.259s] DEBUG:colcon.colcon_core.shell:Skip shell extension 'dsv' for command environment
[0.261s] INFO:colcon.colcon_ros.task.ament_cmake.build:Building ROS package in '/home/starry1n/WUTA/WUTA-FSD/ros2_ws/src/common/autoware_msgs' with build type 'ament_cmake'
[0.261s] INFO:colcon.colcon_cmake.task.cmake.build:Building CMake package in '/home/starry1n/WUTA/WUTA-FSD/ros2_ws/src/common/autoware_msgs'
[0.261s] INFO:colcon.colcon_core.shell:Skip shell extension 'powershell' for command environment: Not usable outside of PowerShell
[0.261s] DEBUG:colcon.colcon_core.shell:Skip shell extension 'dsv' for command environment
[0.263s] INFO:colcon.colcon_ros.task.ament_cmake.build:Building ROS package in '/home/starry1n/WUTA/WUTA-FSD/ros2_ws/src/localization/kiss-icp/ros' with build type 'ament_cmake'
[0.263s] INFO:colcon.colcon_cmake.task.cmake.build:Building CMake package in '/home/starry1n/WUTA/WUTA-FSD/ros2_ws/src/localization/kiss-icp/ros'
[0.263s] INFO:colcon.colcon_core.shell:Skip shell extension 'powershell' for command environment: Not usable outside of PowerShell
[0.263s] DEBUG:colcon.colcon_core.shell:Skip shell extension 'dsv' for command environment
[0.265s] INFO:colcon.colcon_ros.task.ament_cmake.build:Building ROS package in '/home/starry1n/WUTA/WUTA-FSD/ros2_ws/src/localization/robot_localization' with build type 'ament_cmake'
[0.265s] INFO:colcon.colcon_cmake.task.cmake.build:Building CMake package in '/home/starry1n/WUTA/WUTA-FSD/ros2_ws/src/localization/robot_localization'
[0.265s] INFO:colcon.colcon_core.shell:Skip shell extension 'powershell' for command environment: Not usable outside of PowerShell
[0.265s] DEBUG:colcon.colcon_core.shell:Skip shell extension 'dsv' for command environment
[0.271s] DEBUG:colcon.colcon_core.event_handler.log_command:Invoking command in '/home/starry1n/WUTA/WUTA-FSD/ros2_ws/build/wuta_msgs': CMAKE_PREFIX_PATH=/opt/ros/humble /usr/bin/cmake --build /home/starry1n/WUTA/WUTA-FSD/ros2_ws/build/wuta_msgs -- -j8 -l8
[0.274s] DEBUG:colcon.colcon_core.event_handler.log_command:Invoking command in '/home/starry1n/WUTA/WUTA-FSD/ros2_ws/build/autoware_msgs': CMAKE_PREFIX_PATH=/opt/ros/humble /usr/bin/cmake --build /home/starry1n/WUTA/WUTA-FSD/ros2_ws/build/autoware_msgs -- -j8 -l8
[0.277s] DEBUG:colcon.colcon_core.event_handler.log_command:Invoking command in '/home/starry1n/WUTA/WUTA-FSD/ros2_ws/build/kiss_icp': CMAKE_PREFIX_PATH=/opt/ros/humble /usr/bin/cmake --build /home/starry1n/WUTA/WUTA-FSD/ros2_ws/build/kiss_icp -- -j8 -l8
[0.281s] DEBUG:colcon.colcon_core.event_handler.log_command:Invoking command in '/home/starry1n/WUTA/WUTA-FSD/ros2_ws/build/robot_localization': CMAKE_PREFIX_PATH=/opt/ros/humble /usr/bin/cmake --build /home/starry1n/WUTA/WUTA-FSD/ros2_ws/build/robot_localization -- -j8 -l8
[0.506s] DEBUG:colcon.colcon_core.event_handler.log_command:Invoked command in '/home/starry1n/WUTA/WUTA-FSD/ros2_ws/build/kiss_icp' returned '0': CMAKE_PREFIX_PATH=/opt/ros/humble /usr/bin/cmake --build /home/starry1n/WUTA/WUTA-FSD/ros2_ws/build/kiss_icp -- -j8 -l8
[0.523s] DEBUG:colcon.colcon_core.event_handler.log_command:Invoking command in '/home/starry1n/WUTA/WUTA-FSD/ros2_ws/build/kiss_icp': CMAKE_PREFIX_PATH=/opt/ros/humble /usr/bin/cmake --install /home/starry1n/WUTA/WUTA-FSD/ros2_ws/build/kiss_icp
[0.560s] Level 1:colcon.colcon_core.environment:create_environment_scripts_only(kiss_icp)
[0.562s] Level 1:colcon.colcon_core.environment:checking '/home/starry1n/WUTA/WUTA-FSD/ros2_ws/install/kiss_icp' for CMake module files
[0.562s] Level 1:colcon.colcon_core.environment:checking '/home/starry1n/WUTA/WUTA-FSD/ros2_ws/install/kiss_icp' for CMake config files
[0.562s] Level 1:colcon.colcon_core.shell:create_environment_hook('kiss_icp', 'cmake_prefix_path')
[0.563s] INFO:colcon.colcon_core.shell:Creating environment hook '/home/starry1n/WUTA/WUTA-FSD/ros2_ws/install/kiss_icp/share/kiss_icp/hook/cmake_prefix_path.ps1'
[0.563s] INFO:colcon.colcon_core.shell:Creating environment descriptor '/home/starry1n/WUTA/WUTA-FSD/ros2_ws/install/kiss_icp/share/kiss_icp/hook/cmake_prefix_path.dsv'
[0.567s] INFO:colcon.colcon_core.shell:Creating environment hook '/home/starry1n/WUTA/WUTA-FSD/ros2_ws/install/kiss_icp/share/kiss_icp/hook/cmake_prefix_path.sh'
[0.568s] DEBUG:colcon.colcon_core.event_handler.log_command:Invoked command in '/home/starry1n/WUTA/WUTA-FSD/ros2_ws/build/kiss_icp' returned '0': CMAKE_PREFIX_PATH=/opt/ros/humble /usr/bin/cmake --install /home/starry1n/WUTA/WUTA-FSD/ros2_ws/build/kiss_icp
[0.568s] Level 1:colcon.colcon_core.environment:checking '/home/starry1n/WUTA/WUTA-FSD/ros2_ws/install/kiss_icp/lib'
[0.568s] Level 1:colcon.colcon_core.shell:create_environment_hook('kiss_icp', 'ld_library_path_lib')
[0.569s] INFO:colcon.colcon_core.shell:Creating environment hook '/home/starry1n/WUTA/WUTA-FSD/ros2_ws/install/kiss_icp/share/kiss_icp/hook/ld_library_path_lib.ps1'
[0.569s] INFO:colcon.colcon_core.shell:Creating environment descriptor '/home/starry1n/WUTA/WUTA-FSD/ros2_ws/install/kiss_icp/share/kiss_icp/hook/ld_library_path_lib.dsv'
[0.571s] INFO:colcon.colcon_core.shell:Creating environment hook '/home/starry1n/WUTA/WUTA-FSD/ros2_ws/install/kiss_icp/share/kiss_icp/hook/ld_library_path_lib.sh'
[0.571s] Level 1:colcon.colcon_core.environment:checking '/home/starry1n/WUTA/WUTA-FSD/ros2_ws/install/kiss_icp/bin'
[0.571s] Level 1:colcon.colcon_core.environment:checking '/home/starry1n/WUTA/WUTA-FSD/ros2_ws/install/kiss_icp/lib/pkgconfig/kiss_icp.pc'
[0.571s] Level 1:colcon.colcon_core.environment:checking '/home/starry1n/WUTA/WUTA-FSD/ros2_ws/install/kiss_icp/lib/python3.10/site-packages'
[0.572s] Level 1:colcon.colcon_core.environment:checking '/home/starry1n/WUTA/WUTA-FSD/ros2_ws/install/kiss_icp/bin'
[0.572s] INFO:colcon.colcon_core.shell:Creating package script '/home/starry1n/WUTA/WUTA-FSD/ros2_ws/install/kiss_icp/share/kiss_icp/package.ps1'
[0.573s] INFO:colcon.colcon_core.shell:Creating package descriptor '/home/starry1n/WUTA/WUTA-FSD/ros2_ws/install/kiss_icp/share/kiss_icp/package.dsv'
[0.573s] INFO:colcon.colcon_core.shell:Creating package script '/home/starry1n/WUTA/WUTA-FSD/ros2_ws/install/kiss_icp/share/kiss_icp/package.sh'
[0.575s] INFO:colcon.colcon_core.shell:Creating package script '/home/starry1n/WUTA/WUTA-FSD/ros2_ws/install/kiss_icp/share/kiss_icp/package.bash'
[0.576s] INFO:colcon.colcon_core.shell:Creating package script '/home/starry1n/WUTA/WUTA-FSD/ros2_ws/install/kiss_icp/share/kiss_icp/package.zsh'
[0.577s] Level 1:colcon.colcon_core.environment:create_file_with_runtime_dependencies(/home/starry1n/WUTA/WUTA-FSD/ros2_ws/install/kiss_icp/share/colcon-core/packages/kiss_icp)
[0.581s] Level 1:colcon.colcon_core.environment:create_environment_scripts_only(kiss_icp)
[0.581s] Level 1:colcon.colcon_core.environment:checking '/home/starry1n/WUTA/WUTA-FSD/ros2_ws/install/kiss_icp' for CMake module files
[0.581s] Level 1:colcon.colcon_core.environment:checking '/home/starry1n/WUTA/WUTA-FSD/ros2_ws/install/kiss_icp' for CMake config files
[0.582s] Level 1:colcon.colcon_core.shell:create_environment_hook('kiss_icp', 'cmake_prefix_path')
[0.582s] INFO:colcon.colcon_core.shell:Creating environment hook '/home/starry1n/WUTA/WUTA-FSD/ros2_ws/install/kiss_icp/share/kiss_icp/hook/cmake_prefix_path.ps1'
[0.582s] INFO:colcon.colcon_core.shell:Creating environment descriptor '/home/starry1n/WUTA/WUTA-FSD/ros2_ws/install/kiss_icp/share/kiss_icp/hook/cmake_prefix_path.dsv'
[0.583s] INFO:colcon.colcon_core.shell:Creating environment hook '/home/starry1n/WUTA/WUTA-FSD/ros2_ws/install/kiss_icp/share/kiss_icp/hook/cmake_prefix_path.sh'
[0.583s] Level 1:colcon.colcon_core.environment:checking '/home/starry1n/WUTA/WUTA-FSD/ros2_ws/install/kiss_icp/lib'
[0.583s] Level 1:colcon.colcon_core.shell:create_environment_hook('kiss_icp', 'ld_library_path_lib')
[0.583s] INFO:colcon.colcon_core.shell:Creating environment hook '/home/starry1n/WUTA/WUTA-FSD/ros2_ws/install/kiss_icp/share/kiss_icp/hook/ld_library_path_lib.ps1'
[0.583s] INFO:colcon.colcon_core.shell:Creating environment descriptor '/home/starry1n/WUTA/WUTA-FSD/ros2_ws/install/kiss_icp/share/kiss_icp/hook/ld_library_path_lib.dsv'
[0.585s] INFO:colcon.colcon_core.shell:Creating environment hook '/home/starry1n/WUTA/WUTA-FSD/ros2_ws/install/kiss_icp/share/kiss_icp/hook/ld_library_path_lib.sh'
[0.585s] Level 1:colcon.colcon_core.environment:checking '/home/starry1n/WUTA/WUTA-FSD/ros2_ws/install/kiss_icp/bin'
[0.585s] Level 1:colcon.colcon_core.environment:checking '/home/starry1n/WUTA/WUTA-FSD/ros2_ws/install/kiss_icp/lib/pkgconfig/kiss_icp.pc'
[0.585s] Level 1:colcon.colcon_core.environment:checking '/home/starry1n/WUTA/WUTA-FSD/ros2_ws/install/kiss_icp/lib/python3.10/site-packages'
[0.585s] Level 1:colcon.colcon_core.environment:checking '/home/starry1n/WUTA/WUTA-FSD/ros2_ws/install/kiss_icp/bin'
[0.586s] INFO:colcon.colcon_core.shell:Creating package script '/home/starry1n/WUTA/WUTA-FSD/ros2_ws/install/kiss_icp/share/kiss_icp/package.ps1'
[0.588s] INFO:colcon.colcon_core.shell:Creating package descriptor '/home/starry1n/WUTA/WUTA-FSD/ros2_ws/install/kiss_icp/share/kiss_icp/package.dsv'
[0.588s] INFO:colcon.colcon_core.shell:Creating package script '/home/starry1n/WUTA/WUTA-FSD/ros2_ws/install/kiss_icp/share/kiss_icp/package.sh'
[0.589s] INFO:colcon.colcon_core.shell:Creating package script '/home/starry1n/WUTA/WUTA-FSD/ros2_ws/install/kiss_icp/share/kiss_icp/package.bash'
[0.590s] INFO:colcon.colcon_core.shell:Creating package script '/home/starry1n/WUTA/WUTA-FSD/ros2_ws/install/kiss_icp/share/kiss_icp/package.zsh'
[0.591s] Level 1:colcon.colcon_core.environment:create_file_with_runtime_dependencies(/home/starry1n/WUTA/WUTA-FSD/ros2_ws/install/kiss_icp/share/colcon-core/packages/kiss_icp)
[0.743s] DEBUG:colcon.colcon_core.event_handler.log_command:Invoked command in '/home/starry1n/WUTA/WUTA-FSD/ros2_ws/build/autoware_msgs' returned '0': CMAKE_PREFIX_PATH=/opt/ros/humble /usr/bin/cmake --build /home/starry1n/WUTA/WUTA-FSD/ros2_ws/build/autoware_msgs -- -j8 -l8
[0.745s] DEBUG:colcon.colcon_core.event_handler.log_command:Invoking command in '/home/starry1n/WUTA/WUTA-FSD/ros2_ws/build/autoware_msgs': CMAKE_PREFIX_PATH=/opt/ros/humble /usr/bin/cmake --install /home/starry1n/WUTA/WUTA-FSD/ros2_ws/build/autoware_msgs
[0.784s] DEBUG:colcon.colcon_core.event_handler.log_command:Invoked command in '/home/starry1n/WUTA/WUTA-FSD/ros2_ws/build/robot_localization' returned '0': CMAKE_PREFIX_PATH=/opt/ros/humble /usr/bin/cmake --build /home/starry1n/WUTA/WUTA-FSD/ros2_ws/build/robot_localization -- -j8 -l8
[0.784s] DEBUG:colcon.colcon_core.event_handler.log_command:Invoking command in '/home/starry1n/WUTA/WUTA-FSD/ros2_ws/build/robot_localization': CMAKE_PREFIX_PATH=/opt/ros/humble /usr/bin/cmake --install /home/starry1n/WUTA/WUTA-FSD/ros2_ws/build/robot_localization
[0.807s] DEBUG:colcon.colcon_core.event_handler.log_command:Invoked command in '/home/starry1n/WUTA/WUTA-FSD/ros2_ws/build/wuta_msgs' returned '0': CMAKE_PREFIX_PATH=/opt/ros/humble /usr/bin/cmake --build /home/starry1n/WUTA/WUTA-FSD/ros2_ws/build/wuta_msgs -- -j8 -l8
[0.808s] DEBUG:colcon.colcon_core.event_handler.log_command:Invoking command in '/home/starry1n/WUTA/WUTA-FSD/ros2_ws/build/wuta_msgs': CMAKE_PREFIX_PATH=/opt/ros/humble /usr/bin/cmake --install /home/starry1n/WUTA/WUTA-FSD/ros2_ws/build/wuta_msgs
[0.814s] Level 1:colcon.colcon_core.environment:create_environment_scripts_only(autoware_msgs)
[0.814s] Level 1:colcon.colcon_core.environment:checking '/home/starry1n/WUTA/WUTA-FSD/ros2_ws/install/autoware_msgs' for CMake module files
[0.819s] Level 1:colcon.colcon_core.environment:checking '/home/starry1n/WUTA/WUTA-FSD/ros2_ws/install/autoware_msgs' for CMake config files
[0.826s] DEBUG:colcon.colcon_core.event_handler.log_command:Invoked command in '/home/starry1n/WUTA/WUTA-FSD/ros2_ws/build/autoware_msgs' returned '0': CMAKE_PREFIX_PATH=/opt/ros/humble /usr/bin/cmake --install /home/starry1n/WUTA/WUTA-FSD/ros2_ws/build/autoware_msgs
[0.826s] Level 1:colcon.colcon_core.shell:create_environment_hook('autoware_msgs', 'cmake_prefix_path')
[0.826s] INFO:colcon.colcon_core.shell:Creating environment hook '/home/starry1n/WUTA/WUTA-FSD/ros2_ws/install/autoware_msgs/share/autoware_msgs/hook/cmake_prefix_path.ps1'
[0.826s] INFO:colcon.colcon_core.shell:Creating environment descriptor '/home/starry1n/WUTA/WUTA-FSD/ros2_ws/install/autoware_msgs/share/autoware_msgs/hook/cmake_prefix_path.dsv'
[0.827s] INFO:colcon.colcon_core.shell:Creating environment hook '/home/starry1n/WUTA/WUTA-FSD/ros2_ws/install/autoware_msgs/share/autoware_msgs/hook/cmake_prefix_path.sh'
[0.829s] Level 1:colcon.colcon_core.environment:checking '/home/starry1n/WUTA/WUTA-FSD/ros2_ws/install/autoware_msgs/lib'
[0.829s] Level 1:colcon.colcon_core.shell:create_environment_hook('autoware_msgs', 'ld_library_path_lib')
[0.830s] INFO:colcon.colcon_core.shell:Creating environment hook '/home/starry1n/WUTA/WUTA-FSD/ros2_ws/install/autoware_msgs/share/autoware_msgs/hook/ld_library_path_lib.ps1'
[0.831s] INFO:colcon.colcon_core.shell:Creating environment descriptor '/home/starry1n/WUTA/WUTA-FSD/ros2_ws/install/autoware_msgs/share/autoware_msgs/hook/ld_library_path_lib.dsv'
[0.831s] INFO:colcon.colcon_core.shell:Creating environment hook '/home/starry1n/WUTA/WUTA-FSD/ros2_ws/install/autoware_msgs/share/autoware_msgs/hook/ld_library_path_lib.sh'
[0.832s] Level 1:colcon.colcon_core.environment:checking '/home/starry1n/WUTA/WUTA-FSD/ros2_ws/install/autoware_msgs/bin'
[0.832s] Level 1:colcon.colcon_core.environment:checking '/home/starry1n/WUTA/WUTA-FSD/ros2_ws/install/autoware_msgs/lib/pkgconfig/autoware_msgs.pc'
[0.832s] Level 1:colcon.colcon_core.environment:checking '/home/starry1n/WUTA/WUTA-FSD/ros2_ws/install/autoware_msgs/lib/python3.10/site-packages'
[0.832s] Level 1:colcon.colcon_core.environment:checking '/home/starry1n/WUTA/WUTA-FSD/ros2_ws/install/autoware_msgs/bin'
[0.833s] INFO:colcon.colcon_core.shell:Creating package script '/home/starry1n/WUTA/WUTA-FSD/ros2_ws/install/autoware_msgs/share/autoware_msgs/package.ps1'
[0.833s] INFO:colcon.colcon_core.shell:Creating package descriptor '/home/starry1n/WUTA/WUTA-FSD/ros2_ws/install/autoware_msgs/share/autoware_msgs/package.dsv'
[0.834s] INFO:colcon.colcon_core.shell:Creating package script '/home/starry1n/WUTA/WUTA-FSD/ros2_ws/install/autoware_msgs/share/autoware_msgs/package.sh'
[0.835s] INFO:colcon.colcon_core.shell:Creating package script '/home/starry1n/WUTA/WUTA-FSD/ros2_ws/install/autoware_msgs/share/autoware_msgs/package.bash'
[0.835s] INFO:colcon.colcon_core.shell:Creating package script '/home/starry1n/WUTA/WUTA-FSD/ros2_ws/install/autoware_msgs/share/autoware_msgs/package.zsh'
[0.836s] Level 1:colcon.colcon_core.environment:create_file_with_runtime_dependencies(/home/starry1n/WUTA/WUTA-FSD/ros2_ws/install/autoware_msgs/share/colcon-core/packages/autoware_msgs)
[0.837s] Level 1:colcon.colcon_core.environment:create_environment_scripts_only(autoware_msgs)
[0.838s] Level 1:colcon.colcon_core.environment:checking '/home/starry1n/WUTA/WUTA-FSD/ros2_ws/install/autoware_msgs' for CMake module files
[0.838s] Level 1:colcon.colcon_core.environment:checking '/home/starry1n/WUTA/WUTA-FSD/ros2_ws/install/autoware_msgs' for CMake config files
[0.839s] Level 1:colcon.colcon_core.shell:create_environment_hook('autoware_msgs', 'cmake_prefix_path')
[0.839s] INFO:colcon.colcon_core.shell:Creating environment hook '/home/starry1n/WUTA/WUTA-FSD/ros2_ws/install/autoware_msgs/share/autoware_msgs/hook/cmake_prefix_path.ps1'
[0.839s] INFO:colcon.colcon_core.shell:Creating environment descriptor '/home/starry1n/WUTA/WUTA-FSD/ros2_ws/install/autoware_msgs/share/autoware_msgs/hook/cmake_prefix_path.dsv'
[0.840s] INFO:colcon.colcon_core.shell:Creating environment hook '/home/starry1n/WUTA/WUTA-FSD/ros2_ws/install/autoware_msgs/share/autoware_msgs/hook/cmake_prefix_path.sh'
[0.842s] Level 1:colcon.colcon_core.environment:checking '/home/starry1n/WUTA/WUTA-FSD/ros2_ws/install/autoware_msgs/lib'
[0.842s] Level 1:colcon.colcon_core.shell:create_environment_hook('autoware_msgs', 'ld_library_path_lib')
[0.842s] INFO:colcon.colcon_core.shell:Creating environment hook '/home/starry1n/WUTA/WUTA-FSD/ros2_ws/install/autoware_msgs/share/autoware_msgs/hook/ld_library_path_lib.ps1'
[0.843s] INFO:colcon.colcon_core.shell:Creating environment descriptor '/home/starry1n/WUTA/WUTA-FSD/ros2_ws/install/autoware_msgs/share/autoware_msgs/hook/ld_library_path_lib.dsv'
[0.844s] INFO:colcon.colcon_core.shell:Creating environment hook '/home/starry1n/WUTA/WUTA-FSD/ros2_ws/install/autoware_msgs/share/autoware_msgs/hook/ld_library_path_lib.sh'
[0.845s] Level 1:colcon.colcon_core.environment:checking '/home/starry1n/WUTA/WUTA-FSD/ros2_ws/install/autoware_msgs/bin'
[0.845s] Level 1:colcon.colcon_core.environment:checking '/home/starry1n/WUTA/WUTA-FSD/ros2_ws/install/autoware_msgs/lib/pkgconfig/autoware_msgs.pc'
[0.845s] Level 1:colcon.colcon_core.environment:checking '/home/starry1n/WUTA/WUTA-FSD/ros2_ws/install/autoware_msgs/lib/python3.10/site-packages'
[0.845s] Level 1:colcon.colcon_core.environment:checking '/home/starry1n/WUTA/WUTA-FSD/ros2_ws/install/autoware_msgs/bin'
[0.846s] INFO:colcon.colcon_core.shell:Creating package script '/home/starry1n/WUTA/WUTA-FSD/ros2_ws/install/autoware_msgs/share/autoware_msgs/package.ps1'
[0.846s] INFO:colcon.colcon_core.shell:Creating package descriptor '/home/starry1n/WUTA/WUTA-FSD/ros2_ws/install/autoware_msgs/share/autoware_msgs/package.dsv'
[0.847s] INFO:colcon.colcon_core.shell:Creating package script '/home/starry1n/WUTA/WUTA-FSD/ros2_ws/install/autoware_msgs/share/autoware_msgs/package.sh'
[0.847s] INFO:colcon.colcon_core.shell:Creating package script '/home/starry1n/WUTA/WUTA-FSD/ros2_ws/install/autoware_msgs/share/autoware_msgs/package.bash'
[0.848s] INFO:colcon.colcon_core.shell:Creating package script '/home/starry1n/WUTA/WUTA-FSD/ros2_ws/install/autoware_msgs/share/autoware_msgs/package.zsh'
[0.849s] Level 1:colcon.colcon_core.environment:create_file_with_runtime_dependencies(/home/starry1n/WUTA/WUTA-FSD/ros2_ws/install/autoware_msgs/share/colcon-core/packages/autoware_msgs)
[0.856s] Level 1:colcon.colcon_core.environment:create_environment_scripts_only(robot_localization)
[0.857s] Level 1:colcon.colcon_core.environment:checking '/home/starry1n/WUTA/WUTA-FSD/ros2_ws/install/robot_localization' for CMake module files
[0.858s] Level 1:colcon.colcon_core.environment:checking '/home/starry1n/WUTA/WUTA-FSD/ros2_ws/install/robot_localization' for CMake config files
[0.861s] Level 1:colcon.colcon_core.shell:create_environment_hook('robot_localization', 'cmake_prefix_path')
[0.861s] INFO:colcon.colcon_core.shell:Creating environment hook '/home/starry1n/WUTA/WUTA-FSD/ros2_ws/install/robot_localization/share/robot_localization/hook/cmake_prefix_path.ps1'
[0.862s] INFO:colcon.colcon_core.shell:Creating environment descriptor '/home/starry1n/WUTA/WUTA-FSD/ros2_ws/install/robot_localization/share/robot_localization/hook/cmake_prefix_path.dsv'
[0.864s] INFO:colcon.colcon_core.shell:Creating environment hook '/home/starry1n/WUTA/WUTA-FSD/ros2_ws/install/robot_localization/share/robot_localization/hook/cmake_prefix_path.sh'
[0.865s] Level 1:colcon.colcon_core.environment:checking '/home/starry1n/WUTA/WUTA-FSD/ros2_ws/install/robot_localization/lib'
[0.866s] Level 1:colcon.colcon_core.shell:create_environment_hook('robot_localization', 'ld_library_path_lib')
[0.866s] INFO:colcon.colcon_core.shell:Creating environment hook '/home/starry1n/WUTA/WUTA-FSD/ros2_ws/install/robot_localization/share/robot_localization/hook/ld_library_path_lib.ps1'
[0.867s] INFO:colcon.colcon_core.shell:Creating environment descriptor '/home/starry1n/WUTA/WUTA-FSD/ros2_ws/install/robot_localization/share/robot_localization/hook/ld_library_path_lib.dsv'
[0.868s] INFO:colcon.colcon_core.shell:Creating environment hook '/home/starry1n/WUTA/WUTA-FSD/ros2_ws/install/robot_localization/share/robot_localization/hook/ld_library_path_lib.sh'
[0.869s] Level 1:colcon.colcon_core.environment:checking '/home/starry1n/WUTA/WUTA-FSD/ros2_ws/install/robot_localization/bin'
[0.870s] Level 1:colcon.colcon_core.environment:checking '/home/starry1n/WUTA/WUTA-FSD/ros2_ws/install/robot_localization/lib/pkgconfig/robot_localization.pc'
[0.870s] Level 1:colcon.colcon_core.environment:checking '/home/starry1n/WUTA/WUTA-FSD/ros2_ws/install/robot_localization/lib/python3.10/site-packages'
[0.870s] Level 1:colcon.colcon_core.environment:checking '/home/starry1n/WUTA/WUTA-FSD/ros2_ws/install/robot_localization/bin'
[0.870s] INFO:colcon.colcon_core.shell:Creating package script '/home/starry1n/WUTA/WUTA-FSD/ros2_ws/install/robot_localization/share/robot_localization/package.ps1'
[0.872s] DEBUG:colcon.colcon_core.event_handler.log_command:Invoked command in '/home/starry1n/WUTA/WUTA-FSD/ros2_ws/build/robot_localization' returned '0': CMAKE_PREFIX_PATH=/opt/ros/humble /usr/bin/cmake --install /home/starry1n/WUTA/WUTA-FSD/ros2_ws/build/robot_localization
[0.872s] INFO:colcon.colcon_core.shell:Creating package descriptor '/home/starry1n/WUTA/WUTA-FSD/ros2_ws/install/robot_localization/share/robot_localization/package.dsv'
[0.873s] INFO:colcon.colcon_core.shell:Creating package script '/home/starry1n/WUTA/WUTA-FSD/ros2_ws/install/robot_localization/share/robot_localization/package.sh'
[0.873s] INFO:colcon.colcon_core.shell:Creating package script '/home/starry1n/WUTA/WUTA-FSD/ros2_ws/install/robot_localization/share/robot_localization/package.bash'
[0.873s] INFO:colcon.colcon_core.shell:Creating package script '/home/starry1n/WUTA/WUTA-FSD/ros2_ws/install/robot_localization/share/robot_localization/package.zsh'
[0.874s] Level 1:colcon.colcon_core.environment:create_file_with_runtime_dependencies(/home/starry1n/WUTA/WUTA-FSD/ros2_ws/install/robot_localization/share/colcon-core/packages/robot_localization)
[0.875s] Level 1:colcon.colcon_core.environment:create_environment_scripts_only(robot_localization)
[0.875s] Level 1:colcon.colcon_core.environment:checking '/home/starry1n/WUTA/WUTA-FSD/ros2_ws/install/robot_localization' for CMake module files
[0.875s] Level 1:colcon.colcon_core.environment:checking '/home/starry1n/WUTA/WUTA-FSD/ros2_ws/install/robot_localization' for CMake config files
[0.876s] Level 1:colcon.colcon_core.shell:create_environment_hook('robot_localization', 'cmake_prefix_path')
[0.876s] INFO:colcon.colcon_core.shell:Creating environment hook '/home/starry1n/WUTA/WUTA-FSD/ros2_ws/install/robot_localization/share/robot_localization/hook/cmake_prefix_path.ps1'
[0.876s] INFO:colcon.colcon_core.shell:Creating environment descriptor '/home/starry1n/WUTA/WUTA-FSD/ros2_ws/install/robot_localization/share/robot_localization/hook/cmake_prefix_path.dsv'
[0.876s] INFO:colcon.colcon_core.shell:Creating environment hook '/home/starry1n/WUTA/WUTA-FSD/ros2_ws/install/robot_localization/share/robot_localization/hook/cmake_prefix_path.sh'
[0.877s] Level 1:colcon.colcon_core.environment:checking '/home/starry1n/WUTA/WUTA-FSD/ros2_ws/install/robot_localization/lib'
[0.877s] Level 1:colcon.colcon_core.shell:create_environment_hook('robot_localization', 'ld_library_path_lib')
[0.877s] INFO:colcon.colcon_core.shell:Creating environment hook '/home/starry1n/WUTA/WUTA-FSD/ros2_ws/install/robot_localization/share/robot_localization/hook/ld_library_path_lib.ps1'
[0.877s] INFO:colcon.colcon_core.shell:Creating environment descriptor '/home/starry1n/WUTA/WUTA-FSD/ros2_ws/install/robot_localization/share/robot_localization/hook/ld_library_path_lib.dsv'
[0.877s] INFO:colcon.colcon_core.shell:Creating environment hook '/home/starry1n/WUTA/WUTA-FSD/ros2_ws/install/robot_localization/share/robot_localization/hook/ld_library_path_lib.sh'
[0.878s] Level 1:colcon.colcon_core.environment:checking '/home/starry1n/WUTA/WUTA-FSD/ros2_ws/install/robot_localization/bin'
[0.878s] Level 1:colcon.colcon_core.environment:checking '/home/starry1n/WUTA/WUTA-FSD/ros2_ws/install/robot_localization/lib/pkgconfig/robot_localization.pc'
[0.878s] Level 1:colcon.colcon_core.environment:checking '/home/starry1n/WUTA/WUTA-FSD/ros2_ws/install/robot_localization/lib/python3.10/site-packages'
[0.878s] Level 1:colcon.colcon_core.environment:checking '/home/starry1n/WUTA/WUTA-FSD/ros2_ws/install/robot_localization/bin'
[0.878s] INFO:colcon.colcon_core.shell:Creating package script '/home/starry1n/WUTA/WUTA-FSD/ros2_ws/install/robot_localization/share/robot_localization/package.ps1'
[0.879s] INFO:colcon.colcon_core.shell:Creating package descriptor '/home/starry1n/WUTA/WUTA-FSD/ros2_ws/install/robot_localization/share/robot_localization/package.dsv'
[0.879s] INFO:colcon.colcon_core.shell:Creating package script '/home/starry1n/WUTA/WUTA-FSD/ros2_ws/install/robot_localization/share/robot_localization/package.sh'
[0.879s] INFO:colcon.colcon_core.shell:Creating package script '/home/starry1n/WUTA/WUTA-FSD/ros2_ws/install/robot_localization/share/robot_localization/package.bash'
[0.880s] INFO:colcon.colcon_core.shell:Creating package script '/home/starry1n/WUTA/WUTA-FSD/ros2_ws/install/robot_localization/share/robot_localization/package.zsh'
[0.880s] Level 1:colcon.colcon_core.environment:create_file_with_runtime_dependencies(/home/starry1n/WUTA/WUTA-FSD/ros2_ws/install/robot_localization/share/colcon-core/packages/robot_localization)
[0.881s] Level 1:colcon.colcon_core.environment:create_environment_scripts_only(wuta_msgs)
[0.881s] Level 1:colcon.colcon_core.environment:checking '/home/starry1n/WUTA/WUTA-FSD/ros2_ws/install/wuta_msgs' for CMake module files
[0.883s] DEBUG:colcon.colcon_core.event_handler.log_command:Invoked command in '/home/starry1n/WUTA/WUTA-FSD/ros2_ws/build/wuta_msgs' returned '0': CMAKE_PREFIX_PATH=/opt/ros/humble /usr/bin/cmake --install /home/starry1n/WUTA/WUTA-FSD/ros2_ws/build/wuta_msgs
[0.883s] Level 1:colcon.colcon_core.environment:checking '/home/starry1n/WUTA/WUTA-FSD/ros2_ws/install/wuta_msgs' for CMake config files
[0.883s] Level 1:colcon.colcon_core.shell:create_environment_hook('wuta_msgs', 'cmake_prefix_path')
[0.884s] INFO:colcon.colcon_core.shell:Creating environment hook '/home/starry1n/WUTA/WUTA-FSD/ros2_ws/install/wuta_msgs/share/wuta_msgs/hook/cmake_prefix_path.ps1'
[0.884s] INFO:colcon.colcon_core.shell:Creating environment descriptor '/home/starry1n/WUTA/WUTA-FSD/ros2_ws/install/wuta_msgs/share/wuta_msgs/hook/cmake_prefix_path.dsv'
[0.884s] INFO:colcon.colcon_core.shell:Creating environment hook '/home/starry1n/WUTA/WUTA-FSD/ros2_ws/install/wuta_msgs/share/wuta_msgs/hook/cmake_prefix_path.sh'
[0.885s] Level 1:colcon.colcon_core.environment:checking '/home/starry1n/WUTA/WUTA-FSD/ros2_ws/install/wuta_msgs/lib'
[0.885s] Level 1:colcon.colcon_core.shell:create_environment_hook('wuta_msgs', 'ld_library_path_lib')
[0.885s] INFO:colcon.colcon_core.shell:Creating environment hook '/home/starry1n/WUTA/WUTA-FSD/ros2_ws/install/wuta_msgs/share/wuta_msgs/hook/ld_library_path_lib.ps1'
[0.885s] INFO:colcon.colcon_core.shell:Creating environment descriptor '/home/starry1n/WUTA/WUTA-FSD/ros2_ws/install/wuta_msgs/share/wuta_msgs/hook/ld_library_path_lib.dsv'
[0.885s] INFO:colcon.colcon_core.shell:Creating environment hook '/home/starry1n/WUTA/WUTA-FSD/ros2_ws/install/wuta_msgs/share/wuta_msgs/hook/ld_library_path_lib.sh'
[0.886s] Level 1:colcon.colcon_core.environment:checking '/home/starry1n/WUTA/WUTA-FSD/ros2_ws/install/wuta_msgs/bin'
[0.886s] Level 1:colcon.colcon_core.environment:checking '/home/starry1n/WUTA/WUTA-FSD/ros2_ws/install/wuta_msgs/lib/pkgconfig/wuta_msgs.pc'
[0.886s] Level 1:colcon.colcon_core.environment:checking '/home/starry1n/WUTA/WUTA-FSD/ros2_ws/install/wuta_msgs/lib/python3.10/site-packages'
[0.886s] Level 1:colcon.colcon_core.environment:checking '/home/starry1n/WUTA/WUTA-FSD/ros2_ws/install/wuta_msgs/bin'
[0.886s] INFO:colcon.colcon_core.shell:Creating package script '/home/starry1n/WUTA/WUTA-FSD/ros2_ws/install/wuta_msgs/share/wuta_msgs/package.ps1'
[0.887s] INFO:colcon.colcon_core.shell:Creating package descriptor '/home/starry1n/WUTA/WUTA-FSD/ros2_ws/install/wuta_msgs/share/wuta_msgs/package.dsv'
[0.887s] INFO:colcon.colcon_core.shell:Creating package script '/home/starry1n/WUTA/WUTA-FSD/ros2_ws/install/wuta_msgs/share/wuta_msgs/package.sh'
[0.888s] INFO:colcon.colcon_core.shell:Creating package script '/home/starry1n/WUTA/WUTA-FSD/ros2_ws/install/wuta_msgs/share/wuta_msgs/package.bash'
[0.888s] INFO:colcon.colcon_core.shell:Creating package script '/home/starry1n/WUTA/WUTA-FSD/ros2_ws/install/wuta_msgs/share/wuta_msgs/package.zsh'
[0.888s] Level 1:colcon.colcon_core.environment:create_file_with_runtime_dependencies(/home/starry1n/WUTA/WUTA-FSD/ros2_ws/install/wuta_msgs/share/colcon-core/packages/wuta_msgs)
[0.889s] Level 1:colcon.colcon_core.environment:create_environment_scripts_only(wuta_msgs)
[0.889s] Level 1:colcon.colcon_core.environment:checking '/home/starry1n/WUTA/WUTA-FSD/ros2_ws/install/wuta_msgs' for CMake module files
[0.889s] Level 1:colcon.colcon_core.environment:checking '/home/starry1n/WUTA/WUTA-FSD/ros2_ws/install/wuta_msgs' for CMake config files
[0.890s] Level 1:colcon.colcon_core.shell:create_environment_hook('wuta_msgs', 'cmake_prefix_path')
[0.890s] INFO:colcon.colcon_core.shell:Creating environment hook '/home/starry1n/WUTA/WUTA-FSD/ros2_ws/install/wuta_msgs/share/wuta_msgs/hook/cmake_prefix_path.ps1'
[0.890s] INFO:colcon.colcon_core.shell:Creating environment descriptor '/home/starry1n/WUTA/WUTA-FSD/ros2_ws/install/wuta_msgs/share/wuta_msgs/hook/cmake_prefix_path.dsv'
[0.890s] INFO:colcon.colcon_core.shell:Creating environment hook '/home/starry1n/WUTA/WUTA-FSD/ros2_ws/install/wuta_msgs/share/wuta_msgs/hook/cmake_prefix_path.sh'
[0.891s] Level 1:colcon.colcon_core.environment:checking '/home/starry1n/WUTA/WUTA-FSD/ros2_ws/install/wuta_msgs/lib'
[0.891s] Level 1:colcon.colcon_core.shell:create_environment_hook('wuta_msgs', 'ld_library_path_lib')
[0.891s] INFO:colcon.colcon_core.shell:Creating environment hook '/home/starry1n/WUTA/WUTA-FSD/ros2_ws/install/wuta_msgs/share/wuta_msgs/hook/ld_library_path_lib.ps1'
[0.891s] INFO:colcon.colcon_core.shell:Creating environment descriptor '/home/starry1n/WUTA/WUTA-FSD/ros2_ws/install/wuta_msgs/share/wuta_msgs/hook/ld_library_path_lib.dsv'
[0.892s] INFO:colcon.colcon_core.shell:Creating environment hook '/home/starry1n/WUTA/WUTA-FSD/ros2_ws/install/wuta_msgs/share/wuta_msgs/hook/ld_library_path_lib.sh'
[0.892s] Level 1:colcon.colcon_core.environment:checking '/home/starry1n/WUTA/WUTA-FSD/ros2_ws/install/wuta_msgs/bin'
[0.892s] Level 1:colcon.colcon_core.environment:checking '/home/starry1n/WUTA/WUTA-FSD/ros2_ws/install/wuta_msgs/lib/pkgconfig/wuta_msgs.pc'
[0.892s] Level 1:colcon.colcon_core.environment:checking '/home/starry1n/WUTA/WUTA-FSD/ros2_ws/install/wuta_msgs/lib/python3.10/site-packages'
[0.892s] Level 1:colcon.colcon_core.environment:checking '/home/starry1n/WUTA/WUTA-FSD/ros2_ws/install/wuta_msgs/bin'
[0.893s] INFO:colcon.colcon_core.shell:Creating package script '/home/starry1n/WUTA/WUTA-FSD/ros2_ws/install/wuta_msgs/share/wuta_msgs/package.ps1'
[0.893s] INFO:colcon.colcon_core.shell:Creating package descriptor '/home/starry1n/WUTA/WUTA-FSD/ros2_ws/install/wuta_msgs/share/wuta_msgs/package.dsv'
[0.894s] INFO:colcon.colcon_core.shell:Creating package script '/home/starry1n/WUTA/WUTA-FSD/ros2_ws/install/wuta_msgs/share/wuta_msgs/package.sh'
[0.894s] INFO:colcon.colcon_core.shell:Creating package script '/home/starry1n/WUTA/WUTA-FSD/ros2_ws/install/wuta_msgs/share/wuta_msgs/package.bash'
[0.894s] INFO:colcon.colcon_core.shell:Creating package script '/home/starry1n/WUTA/WUTA-FSD/ros2_ws/install/wuta_msgs/share/wuta_msgs/package.zsh'
[0.895s] Level 1:colcon.colcon_core.environment:create_file_with_runtime_dependencies(/home/starry1n/WUTA/WUTA-FSD/ros2_ws/install/wuta_msgs/share/colcon-core/packages/wuta_msgs)
[0.895s] INFO:colcon.colcon_ros.task.ament_cmake.build:Building ROS package in '/home/starry1n/WUTA/WUTA-FSD/ros2_ws/src/planning/boundary_detector' with build type 'ament_cmake'
[0.895s] INFO:colcon.colcon_cmake.task.cmake.build:Building CMake package in '/home/starry1n/WUTA/WUTA-FSD/ros2_ws/src/planning/boundary_detector'
[0.896s] INFO:colcon.colcon_core.shell:Skip shell extension 'powershell' for command environment: Not usable outside of PowerShell
[0.896s] DEBUG:colcon.colcon_core.shell:Skip shell extension 'dsv' for command environment
[0.898s] INFO:colcon.colcon_ros.task.ament_cmake.build:Building ROS package in '/home/starry1n/WUTA/WUTA-FSD/ros2_ws/src/perception/camera_detection' with build type 'ament_cmake'
[0.898s] INFO:colcon.colcon_cmake.task.cmake.build:Building CMake package in '/home/starry1n/WUTA/WUTA-FSD/ros2_ws/src/perception/camera_detection'
[0.898s] INFO:colcon.colcon_core.shell:Skip shell extension 'powershell' for command environment: Not usable outside of PowerShell
[0.898s] DEBUG:colcon.colcon_core.shell:Skip shell extension 'dsv' for command environment
[0.900s] INFO:colcon.colcon_ros.task.ament_cmake.build:Building ROS package in '/home/starry1n/WUTA/WUTA-FSD/ros2_ws/src/mapping/cone_map_builder' with build type 'ament_cmake'
[0.900s] INFO:colcon.colcon_cmake.task.cmake.build:Building CMake package in '/home/starry1n/WUTA/WUTA-FSD/ros2_ws/src/mapping/cone_map_builder'
[0.900s] INFO:colcon.colcon_core.shell:Skip shell extension 'powershell' for command environment: Not usable outside of PowerShell
[0.900s] DEBUG:colcon.colcon_core.shell:Skip shell extension 'dsv' for command environment
[0.902s] INFO:colcon.colcon_ros.task.ament_cmake.build:Building ROS package in '/home/starry1n/WUTA/WUTA-FSD/ros2_ws/src/control/controller' with build type 'ament_cmake'
[0.902s] INFO:colcon.colcon_cmake.task.cmake.build:Building CMake package in '/home/starry1n/WUTA/WUTA-FSD/ros2_ws/src/control/controller'
[0.902s] INFO:colcon.colcon_core.shell:Skip shell extension 'powershell' for command environment: Not usable outside of PowerShell
[0.902s] DEBUG:colcon.colcon_core.shell:Skip shell extension 'dsv' for command environment
[0.905s] INFO:colcon.colcon_ros.task.ament_cmake.build:Building ROS package in '/home/starry1n/WUTA/WUTA-FSD/ros2_ws/src/perception/detection_fusion' with build type 'ament_cmake'
[0.905s] INFO:colcon.colcon_cmake.task.cmake.build:Building CMake package in '/home/starry1n/WUTA/WUTA-FSD/ros2_ws/src/perception/detection_fusion'
[0.905s] INFO:colcon.colcon_core.shell:Skip shell extension 'powershell' for command environment: Not usable outside of PowerShell
[0.905s] DEBUG:colcon.colcon_core.shell:Skip shell extension 'dsv' for command environment
[0.908s] INFO:colcon.colcon_ros.task.ament_cmake.build:Building ROS package in '/home/starry1n/WUTA/WUTA-FSD/ros2_ws/src/localization/kiss_icp_wrapper' with build type 'ament_cmake'
[0.908s] INFO:colcon.colcon_cmake.task.cmake.build:Building CMake package in '/home/starry1n/WUTA/WUTA-FSD/ros2_ws/src/localization/kiss_icp_wrapper'
[0.908s] INFO:colcon.colcon_core.shell:Skip shell extension 'powershell' for command environment: Not usable outside of PowerShell
[0.908s] DEBUG:colcon.colcon_core.shell:Skip shell extension 'dsv' for command environment
[0.911s] INFO:colcon.colcon_ros.task.ament_cmake.build:Building ROS package in '/home/starry1n/WUTA/WUTA-FSD/ros2_ws/src/perception/lidar_detection' with build type 'ament_cmake'
[0.911s] INFO:colcon.colcon_cmake.task.cmake.build:Building CMake package in '/home/starry1n/WUTA/WUTA-FSD/ros2_ws/src/perception/lidar_detection'
[0.911s] INFO:colcon.colcon_core.shell:Skip shell extension 'powershell' for command environment: Not usable outside of PowerShell
[0.911s] DEBUG:colcon.colcon_core.shell:Skip shell extension 'dsv' for command environment
[0.914s] INFO:colcon.colcon_ros.task.ament_cmake.build:Building ROS package in '/home/starry1n/WUTA/WUTA-FSD/ros2_ws/src/localization/localization_manager' with build type 'ament_cmake'
[0.915s] INFO:colcon.colcon_cmake.task.cmake.build:Building CMake package in '/home/starry1n/WUTA/WUTA-FSD/ros2_ws/src/localization/localization_manager'
[0.915s] INFO:colcon.colcon_core.shell:Skip shell extension 'powershell' for command environment: Not usable outside of PowerShell
[0.915s] DEBUG:colcon.colcon_core.shell:Skip shell extension 'dsv' for command environment
[0.925s] DEBUG:colcon.colcon_core.event_handler.log_command:Invoking command in '/home/starry1n/WUTA/WUTA-FSD/ros2_ws/build/boundary_detector': AMENT_PREFIX_PATH=/home/starry1n/WUTA/WUTA-FSD/ros2_ws/install/wuta_msgs:/home/starry1n/WUTA/WUTA-FSD/ros2_ws/install/autoware_msgs:${AMENT_PREFIX_PATH} CMAKE_PREFIX_PATH=/home/starry1n/WUTA/WUTA-FSD/ros2_ws/install/wuta_msgs:/home/starry1n/WUTA/WUTA-FSD/ros2_ws/install/autoware_msgs:/opt/ros/humble LD_LIBRARY_PATH=/home/starry1n/WUTA/WUTA-FSD/ros2_ws/install/wuta_msgs/lib:/home/starry1n/WUTA/WUTA-FSD/ros2_ws/install/autoware_msgs/lib:${LD_LIBRARY_PATH} PYTHONPATH=/home/starry1n/WUTA/WUTA-FSD/ros2_ws/install/wuta_msgs/local/lib/python3.10/dist-packages:/home/starry1n/WUTA/WUTA-FSD/ros2_ws/install/autoware_msgs/local/lib/python3.10/dist-packages:${PYTHONPATH} /usr/bin/cmake --build /home/starry1n/WUTA/WUTA-FSD/ros2_ws/build/boundary_detector -- -j8 -l8
[0.929s] DEBUG:colcon.colcon_core.event_handler.log_command:Invoking command in '/home/starry1n/WUTA/WUTA-FSD/ros2_ws/build/camera_detection': AMENT_PREFIX_PATH=/home/starry1n/WUTA/WUTA-FSD/ros2_ws/install/wuta_msgs:${AMENT_PREFIX_PATH} CMAKE_PREFIX_PATH=/home/starry1n/WUTA/WUTA-FSD/ros2_ws/install/wuta_msgs:/opt/ros/humble LD_LIBRARY_PATH=/home/starry1n/WUTA/WUTA-FSD/ros2_ws/install/wuta_msgs/lib:${LD_LIBRARY_PATH} PYTHONPATH=/home/starry1n/WUTA/WUTA-FSD/ros2_ws/install/wuta_msgs/local/lib/python3.10/dist-packages:${PYTHONPATH} /usr/bin/cmake --build /home/starry1n/WUTA/WUTA-FSD/ros2_ws/build/camera_detection -- -j8 -l8
[0.929s] DEBUG:colcon.colcon_core.event_handler.log_command:Invoking command in '/home/starry1n/WUTA/WUTA-FSD/ros2_ws/build/cone_map_builder': AMENT_PREFIX_PATH=/home/starry1n/WUTA/WUTA-FSD/ros2_ws/install/wuta_msgs:${AMENT_PREFIX_PATH} CMAKE_PREFIX_PATH=/home/starry1n/WUTA/WUTA-FSD/ros2_ws/install/wuta_msgs:/opt/ros/humble LD_LIBRARY_PATH=/home/starry1n/WUTA/WUTA-FSD/ros2_ws/install/wuta_msgs/lib:${LD_LIBRARY_PATH} PYTHONPATH=/home/starry1n/WUTA/WUTA-FSD/ros2_ws/install/wuta_msgs/local/lib/python3.10/dist-packages:${PYTHONPATH} /usr/bin/cmake --build /home/starry1n/WUTA/WUTA-FSD/ros2_ws/build/cone_map_builder -- -j8 -l8
[0.930s] DEBUG:colcon.colcon_core.event_handler.log_command:Invoking command in '/home/starry1n/WUTA/WUTA-FSD/ros2_ws/build/controller': AMENT_PREFIX_PATH=/home/starry1n/WUTA/WUTA-FSD/ros2_ws/install/wuta_msgs:/home/starry1n/WUTA/WUTA-FSD/ros2_ws/install/autoware_msgs:${AMENT_PREFIX_PATH} CMAKE_PREFIX_PATH=/home/starry1n/WUTA/WUTA-FSD/ros2_ws/install/wuta_msgs:/home/starry1n/WUTA/WUTA-FSD/ros2_ws/install/autoware_msgs:/opt/ros/humble LD_LIBRARY_PATH=/home/starry1n/WUTA/WUTA-FSD/ros2_ws/install/wuta_msgs/lib:/home/starry1n/WUTA/WUTA-FSD/ros2_ws/install/autoware_msgs/lib:${LD_LIBRARY_PATH} PYTHONPATH=/home/starry1n/WUTA/WUTA-FSD/ros2_ws/install/wuta_msgs/local/lib/python3.10/dist-packages:/home/starry1n/WUTA/WUTA-FSD/ros2_ws/install/autoware_msgs/local/lib/python3.10/dist-packages:${PYTHONPATH} /usr/bin/cmake --build /home/starry1n/WUTA/WUTA-FSD/ros2_ws/build/controller -- -j8 -l8
[0.934s] DEBUG:colcon.colcon_core.event_handler.log_command:Invoking command in '/home/starry1n/WUTA/WUTA-FSD/ros2_ws/build/detection_fusion': AMENT_PREFIX_PATH=/home/starry1n/WUTA/WUTA-FSD/ros2_ws/install/wuta_msgs:${AMENT_PREFIX_PATH} CMAKE_PREFIX_PATH=/home/starry1n/WUTA/WUTA-FSD/ros2_ws/install/wuta_msgs:/opt/ros/humble LD_LIBRARY_PATH=/home/starry1n/WUTA/WUTA-FSD/ros2_ws/install/wuta_msgs/lib:${LD_LIBRARY_PATH} PYTHONPATH=/home/starry1n/WUTA/WUTA-FSD/ros2_ws/install/wuta_msgs/local/lib/python3.10/dist-packages:${PYTHONPATH} /usr/bin/cmake --build /home/starry1n/WUTA/WUTA-FSD/ros2_ws/build/detection_fusion -- -j8 -l8
[0.937s] DEBUG:colcon.colcon_core.event_handler.log_command:Invoking command in '/home/starry1n/WUTA/WUTA-FSD/ros2_ws/build/kiss_icp_wrapper': AMENT_PREFIX_PATH=/home/starry1n/WUTA/WUTA-FSD/ros2_ws/install/wuta_msgs:${AMENT_PREFIX_PATH} CMAKE_PREFIX_PATH=/home/starry1n/WUTA/WUTA-FSD/ros2_ws/install/wuta_msgs:/opt/ros/humble LD_LIBRARY_PATH=/home/starry1n/WUTA/WUTA-FSD/ros2_ws/install/wuta_msgs/lib:${LD_LIBRARY_PATH} PYTHONPATH=/home/starry1n/WUTA/WUTA-FSD/ros2_ws/install/wuta_msgs/local/lib/python3.10/dist-packages:${PYTHONPATH} /usr/bin/cmake --build /home/starry1n/WUTA/WUTA-FSD/ros2_ws/build/kiss_icp_wrapper -- -j8 -l8
[0.940s] DEBUG:colcon.colcon_core.event_handler.log_command:Invoking command in '/home/starry1n/WUTA/WUTA-FSD/ros2_ws/build/lidar_detection': AMENT_PREFIX_PATH=/home/starry1n/WUTA/WUTA-FSD/ros2_ws/install/wuta_msgs:${AMENT_PREFIX_PATH} CMAKE_PREFIX_PATH=/home/starry1n/WUTA/WUTA-FSD/ros2_ws/install/wuta_msgs:/opt/ros/humble LD_LIBRARY_PATH=/home/starry1n/WUTA/WUTA-FSD/ros2_ws/install/wuta_msgs/lib:${LD_LIBRARY_PATH} PYTHONPATH=/home/starry1n/WUTA/WUTA-FSD/ros2_ws/install/wuta_msgs/local/lib/python3.10/dist-packages:${PYTHONPATH} /usr/bin/cmake --build /home/starry1n/WUTA/WUTA-FSD/ros2_ws/build/lidar_detection -- -j8 -l8
[0.947s] DEBUG:colcon.colcon_core.event_handler.log_command:Invoking command in '/home/starry1n/WUTA/WUTA-FSD/ros2_ws/build/localization_manager': AMENT_PREFIX_PATH=/home/starry1n/WUTA/WUTA-FSD/ros2_ws/install/wuta_msgs:/home/starry1n/WUTA/WUTA-FSD/ros2_ws/install/robot_localization:/home/starry1n/WUTA/WUTA-FSD/ros2_ws/install/kiss_icp:${AMENT_PREFIX_PATH} CMAKE_PREFIX_PATH=/home/starry1n/WUTA/WUTA-FSD/ros2_ws/install/wuta_msgs:/home/starry1n/WUTA/WUTA-FSD/ros2_ws/install/robot_localization:/home/starry1n/WUTA/WUTA-FSD/ros2_ws/install/kiss_icp:/opt/ros/humble LD_LIBRARY_PATH=/home/starry1n/WUTA/WUTA-FSD/ros2_ws/install/wuta_msgs/lib:/home/starry1n/WUTA/WUTA-FSD/ros2_ws/install/robot_localization/lib:/home/starry1n/WUTA/WUTA-FSD/ros2_ws/install/kiss_icp/lib:${LD_LIBRARY_PATH} PYTHONPATH=/home/starry1n/WUTA/WUTA-FSD/ros2_ws/install/wuta_msgs/local/lib/python3.10/dist-packages:/home/starry1n/WUTA/WUTA-FSD/ros2_ws/install/robot_localization/local/lib/python3.10/dist-packages:${PYTHONPATH} /usr/bin/cmake --build /home/starry1n/WUTA/WUTA-FSD/ros2_ws/build/localization_manager -- -j8 -l8
[0.989s] DEBUG:colcon.colcon_core.event_handler.log_command:Invoked command in '/home/starry1n/WUTA/WUTA-FSD/ros2_ws/build/camera_detection' returned '0': AMENT_PREFIX_PATH=/home/starry1n/WUTA/WUTA-FSD/ros2_ws/install/wuta_msgs:${AMENT_PREFIX_PATH} CMAKE_PREFIX_PATH=/home/starry1n/WUTA/WUTA-FSD/ros2_ws/install/wuta_msgs:/opt/ros/humble LD_LIBRARY_PATH=/home/starry1n/WUTA/WUTA-FSD/ros2_ws/install/wuta_msgs/lib:${LD_LIBRARY_PATH} PYTHONPATH=/home/starry1n/WUTA/WUTA-FSD/ros2_ws/install/wuta_msgs/local/lib/python3.10/dist-packages:${PYTHONPATH} /usr/bin/cmake --build /home/starry1n/WUTA/WUTA-FSD/ros2_ws/build/camera_detection -- -j8 -l8
[0.992s] DEBUG:colcon.colcon_core.event_handler.log_command:Invoking command in '/home/starry1n/WUTA/WUTA-FSD/ros2_ws/build/camera_detection': AMENT_PREFIX_PATH=/home/starry1n/WUTA/WUTA-FSD/ros2_ws/install/wuta_msgs:${AMENT_PREFIX_PATH} CMAKE_PREFIX_PATH=/home/starry1n/WUTA/WUTA-FSD/ros2_ws/install/wuta_msgs:/opt/ros/humble LD_LIBRARY_PATH=/home/starry1n/WUTA/WUTA-FSD/ros2_ws/install/wuta_msgs/lib:${LD_LIBRARY_PATH} PYTHONPATH=/home/starry1n/WUTA/WUTA-FSD/ros2_ws/install/wuta_msgs/local/lib/python3.10/dist-packages:${PYTHONPATH} /usr/bin/cmake --install /home/starry1n/WUTA/WUTA-FSD/ros2_ws/build/camera_detection
[1.009s] DEBUG:colcon.colcon_core.event_handler.log_command:Invoked command in '/home/starry1n/WUTA/WUTA-FSD/ros2_ws/build/detection_fusion' returned '0': AMENT_PREFIX_PATH=/home/starry1n/WUTA/WUTA-FSD/ros2_ws/install/wuta_msgs:${AMENT_PREFIX_PATH} CMAKE_PREFIX_PATH=/home/starry1n/WUTA/WUTA-FSD/ros2_ws/install/wuta_msgs:/opt/ros/humble LD_LIBRARY_PATH=/home/starry1n/WUTA/WUTA-FSD/ros2_ws/install/wuta_msgs/lib:${LD_LIBRARY_PATH} PYTHONPATH=/home/starry1n/WUTA/WUTA-FSD/ros2_ws/install/wuta_msgs/local/lib/python3.10/dist-packages:${PYTHONPATH} /usr/bin/cmake --build /home/starry1n/WUTA/WUTA-FSD/ros2_ws/build/detection_fusion -- -j8 -l8
[1.010s] DEBUG:colcon.colcon_core.event_handler.log_command:Invoking command in '/home/starry1n/WUTA/WUTA-FSD/ros2_ws/build/detection_fusion': AMENT_PREFIX_PATH=/home/starry1n/WUTA/WUTA-FSD/ros2_ws/install/wuta_msgs:${AMENT_PREFIX_PATH} CMAKE_PREFIX_PATH=/home/starry1n/WUTA/WUTA-FSD/ros2_ws/install/wuta_msgs:/opt/ros/humble LD_LIBRARY_PATH=/home/starry1n/WUTA/WUTA-FSD/ros2_ws/install/wuta_msgs/lib:${LD_LIBRARY_PATH} PYTHONPATH=/home/starry1n/WUTA/WUTA-FSD/ros2_ws/install/wuta_msgs/local/lib/python3.10/dist-packages:${PYTHONPATH} /usr/bin/cmake --install /home/starry1n/WUTA/WUTA-FSD/ros2_ws/build/detection_fusion
[1.016s] DEBUG:colcon.colcon_core.event_handler.log_command:Invoked command in '/home/starry1n/WUTA/WUTA-FSD/ros2_ws/build/kiss_icp_wrapper' returned '0': AMENT_PREFIX_PATH=/home/starry1n/WUTA/WUTA-FSD/ros2_ws/install/wuta_msgs:${AMENT_PREFIX_PATH} CMAKE_PREFIX_PATH=/home/starry1n/WUTA/WUTA-FSD/ros2_ws/install/wuta_msgs:/opt/ros/humble LD_LIBRARY_PATH=/home/starry1n/WUTA/WUTA-FSD/ros2_ws/install/wuta_msgs/lib:${LD_LIBRARY_PATH} PYTHONPATH=/home/starry1n/WUTA/WUTA-FSD/ros2_ws/install/wuta_msgs/local/lib/python3.10/dist-packages:${PYTHONPATH} /usr/bin/cmake --build /home/starry1n/WUTA/WUTA-FSD/ros2_ws/build/kiss_icp_wrapper -- -j8 -l8
[1.018s] DEBUG:colcon.colcon_core.event_handler.log_command:Invoking command in '/home/starry1n/WUTA/WUTA-FSD/ros2_ws/build/kiss_icp_wrapper': AMENT_PREFIX_PATH=/home/starry1n/WUTA/WUTA-FSD/ros2_ws/install/wuta_msgs:${AMENT_PREFIX_PATH} CMAKE_PREFIX_PATH=/home/starry1n/WUTA/WUTA-FSD/ros2_ws/install/wuta_msgs:/opt/ros/humble LD_LIBRARY_PATH=/home/starry1n/WUTA/WUTA-FSD/ros2_ws/install/wuta_msgs/lib:${LD_LIBRARY_PATH} PYTHONPATH=/home/starry1n/WUTA/WUTA-FSD/ros2_ws/install/wuta_msgs/local/lib/python3.10/dist-packages:${PYTHONPATH} /usr/bin/cmake --install /home/starry1n/WUTA/WUTA-FSD/ros2_ws/build/kiss_icp_wrapper
[1.020s] Level 1:colcon.colcon_core.environment:create_environment_scripts_only(camera_detection)
[1.020s] Level 1:colcon.colcon_core.environment:checking '/home/starry1n/WUTA/WUTA-FSD/ros2_ws/install/camera_detection' for CMake module files
[1.020s] Level 1:colcon.colcon_core.environment:checking '/home/starry1n/WUTA/WUTA-FSD/ros2_ws/install/camera_detection' for CMake config files
[1.021s] Level 1:colcon.colcon_core.shell:create_environment_hook('camera_detection', 'cmake_prefix_path')
[1.021s] INFO:colcon.colcon_core.shell:Creating environment hook '/home/starry1n/WUTA/WUTA-FSD/ros2_ws/install/camera_detection/share/camera_detection/hook/cmake_prefix_path.ps1'
[1.021s] INFO:colcon.colcon_core.shell:Creating environment descriptor '/home/starry1n/WUTA/WUTA-FSD/ros2_ws/install/camera_detection/share/camera_detection/hook/cmake_prefix_path.dsv'
[1.021s] INFO:colcon.colcon_core.shell:Creating environment hook '/home/starry1n/WUTA/WUTA-FSD/ros2_ws/install/camera_detection/share/camera_detection/hook/cmake_prefix_path.sh'
[1.022s] Level 1:colcon.colcon_core.environment:checking '/home/starry1n/WUTA/WUTA-FSD/ros2_ws/install/camera_detection/bin'
[1.022s] Level 1:colcon.colcon_core.environment:checking '/home/starry1n/WUTA/WUTA-FSD/ros2_ws/install/camera_detection/lib/pkgconfig/camera_detection.pc'
[1.022s] Level 1:colcon.colcon_core.environment:checking '/home/starry1n/WUTA/WUTA-FSD/ros2_ws/install/camera_detection/lib/python3.10/site-packages'
[1.022s] Level 1:colcon.colcon_core.environment:checking '/home/starry1n/WUTA/WUTA-FSD/ros2_ws/install/camera_detection/bin'
[1.022s] INFO:colcon.colcon_core.shell:Creating package script '/home/starry1n/WUTA/WUTA-FSD/ros2_ws/install/camera_detection/share/camera_detection/package.ps1'
[1.023s] DEBUG:colcon.colcon_core.event_handler.log_command:Invoked command in '/home/starry1n/WUTA/WUTA-FSD/ros2_ws/build/camera_detection' returned '0': AMENT_PREFIX_PATH=/home/starry1n/WUTA/WUTA-FSD/ros2_ws/install/wuta_msgs:${AMENT_PREFIX_PATH} CMAKE_PREFIX_PATH=/home/starry1n/WUTA/WUTA-FSD/ros2_ws/install/wuta_msgs:/opt/ros/humble LD_LIBRARY_PATH=/home/starry1n/WUTA/WUTA-FSD/ros2_ws/install/wuta_msgs/lib:${LD_LIBRARY_PATH} PYTHONPATH=/home/starry1n/WUTA/WUTA-FSD/ros2_ws/install/wuta_msgs/local/lib/python3.10/dist-packages:${PYTHONPATH} /usr/bin/cmake --install /home/starry1n/WUTA/WUTA-FSD/ros2_ws/build/camera_detection
[1.023s] INFO:colcon.colcon_core.shell:Creating package descriptor '/home/starry1n/WUTA/WUTA-FSD/ros2_ws/install/camera_detection/share/camera_detection/package.dsv'
[1.024s] INFO:colcon.colcon_core.shell:Creating package script '/home/starry1n/WUTA/WUTA-FSD/ros2_ws/install/camera_detection/share/camera_detection/package.sh'
[1.024s] INFO:colcon.colcon_core.shell:Creating package script '/home/starry1n/WUTA/WUTA-FSD/ros2_ws/install/camera_detection/share/camera_detection/package.bash'
[1.024s] INFO:colcon.colcon_core.shell:Creating package script '/home/starry1n/WUTA/WUTA-FSD/ros2_ws/install/camera_detection/share/camera_detection/package.zsh'
[1.024s] Level 1:colcon.colcon_core.environment:create_file_with_runtime_dependencies(/home/starry1n/WUTA/WUTA-FSD/ros2_ws/install/camera_detection/share/colcon-core/packages/camera_detection)
[1.025s] Level 1:colcon.colcon_core.environment:create_environment_scripts_only(camera_detection)
[1.025s] Level 1:colcon.colcon_core.environment:checking '/home/starry1n/WUTA/WUTA-FSD/ros2_ws/install/camera_detection' for CMake module files
[1.026s] Level 1:colcon.colcon_core.environment:checking '/home/starry1n/WUTA/WUTA-FSD/ros2_ws/install/camera_detection' for CMake config files
[1.026s] Level 1:colcon.colcon_core.shell:create_environment_hook('camera_detection', 'cmake_prefix_path')
[1.026s] INFO:colcon.colcon_core.shell:Creating environment hook '/home/starry1n/WUTA/WUTA-FSD/ros2_ws/install/camera_detection/share/camera_detection/hook/cmake_prefix_path.ps1'
[1.026s] INFO:colcon.colcon_core.shell:Creating environment descriptor '/home/starry1n/WUTA/WUTA-FSD/ros2_ws/install/camera_detection/share/camera_detection/hook/cmake_prefix_path.dsv'
[1.027s] INFO:colcon.colcon_core.shell:Creating environment hook '/home/starry1n/WUTA/WUTA-FSD/ros2_ws/install/camera_detection/share/camera_detection/hook/cmake_prefix_path.sh'
[1.028s] Level 1:colcon.colcon_core.environment:checking '/home/starry1n/WUTA/WUTA-FSD/ros2_ws/install/camera_detection/bin'
[1.028s] Level 1:colcon.colcon_core.environment:checking '/home/starry1n/WUTA/WUTA-FSD/ros2_ws/install/camera_detection/lib/pkgconfig/camera_detection.pc'
[1.028s] Level 1:colcon.colcon_core.environment:checking '/home/starry1n/WUTA/WUTA-FSD/ros2_ws/install/camera_detection/lib/python3.10/site-packages'
[1.028s] Level 1:colcon.colcon_core.environment:checking '/home/starry1n/WUTA/WUTA-FSD/ros2_ws/install/camera_detection/bin'
[1.028s] INFO:colcon.colcon_core.shell:Creating package script '/home/starry1n/WUTA/WUTA-FSD/ros2_ws/install/camera_detection/share/camera_detection/package.ps1'
[1.029s] INFO:colcon.colcon_core.shell:Creating package descriptor '/home/starry1n/WUTA/WUTA-FSD/ros2_ws/install/camera_detection/share/camera_detection/package.dsv'
[1.029s] INFO:colcon.colcon_core.shell:Creating package script '/home/starry1n/WUTA/WUTA-FSD/ros2_ws/install/camera_detection/share/camera_detection/package.sh'
[1.030s] INFO:colcon.colcon_core.shell:Creating package script '/home/starry1n/WUTA/WUTA-FSD/ros2_ws/install/camera_detection/share/camera_detection/package.bash'
[1.030s] INFO:colcon.colcon_core.shell:Creating package script '/home/starry1n/WUTA/WUTA-FSD/ros2_ws/install/camera_detection/share/camera_detection/package.zsh'
[1.030s] Level 1:colcon.colcon_core.environment:create_file_with_runtime_dependencies(/home/starry1n/WUTA/WUTA-FSD/ros2_ws/install/camera_detection/share/colcon-core/packages/camera_detection)
[1.032s] INFO:colcon.colcon_ros.task.ament_cmake.build:Building ROS package in '/home/starry1n/WUTA/WUTA-FSD/ros2_ws/src/system/mission_manager' with build type 'ament_cmake'
[1.032s] INFO:colcon.colcon_cmake.task.cmake.build:Building CMake package in '/home/starry1n/WUTA/WUTA-FSD/ros2_ws/src/system/mission_manager'
[1.032s] INFO:colcon.colcon_core.shell:Skip shell extension 'powershell' for command environment: Not usable outside of PowerShell
[1.032s] DEBUG:colcon.colcon_core.shell:Skip shell extension 'dsv' for command environment
[1.039s] DEBUG:colcon.colcon_core.event_handler.log_command:Invoked command in '/home/starry1n/WUTA/WUTA-FSD/ros2_ws/build/controller' returned '0': AMENT_PREFIX_PATH=/home/starry1n/WUTA/WUTA-FSD/ros2_ws/install/wuta_msgs:/home/starry1n/WUTA/WUTA-FSD/ros2_ws/install/autoware_msgs:${AMENT_PREFIX_PATH} CMAKE_PREFIX_PATH=/home/starry1n/WUTA/WUTA-FSD/ros2_ws/install/wuta_msgs:/home/starry1n/WUTA/WUTA-FSD/ros2_ws/install/autoware_msgs:/opt/ros/humble LD_LIBRARY_PATH=/home/starry1n/WUTA/WUTA-FSD/ros2_ws/install/wuta_msgs/lib:/home/starry1n/WUTA/WUTA-FSD/ros2_ws/install/autoware_msgs/lib:${LD_LIBRARY_PATH} PYTHONPATH=/home/starry1n/WUTA/WUTA-FSD/ros2_ws/install/wuta_msgs/local/lib/python3.10/dist-packages:/home/starry1n/WUTA/WUTA-FSD/ros2_ws/install/autoware_msgs/local/lib/python3.10/dist-packages:${PYTHONPATH} /usr/bin/cmake --build /home/starry1n/WUTA/WUTA-FSD/ros2_ws/build/controller -- -j8 -l8
[1.040s] DEBUG:colcon.colcon_core.event_handler.log_command:Invoking command in '/home/starry1n/WUTA/WUTA-FSD/ros2_ws/build/controller': AMENT_PREFIX_PATH=/home/starry1n/WUTA/WUTA-FSD/ros2_ws/install/wuta_msgs:/home/starry1n/WUTA/WUTA-FSD/ros2_ws/install/autoware_msgs:${AMENT_PREFIX_PATH} CMAKE_PREFIX_PATH=/home/starry1n/WUTA/WUTA-FSD/ros2_ws/install/wuta_msgs:/home/starry1n/WUTA/WUTA-FSD/ros2_ws/install/autoware_msgs:/opt/ros/humble LD_LIBRARY_PATH=/home/starry1n/WUTA/WUTA-FSD/ros2_ws/install/wuta_msgs/lib:/home/starry1n/WUTA/WUTA-FSD/ros2_ws/install/autoware_msgs/lib:${LD_LIBRARY_PATH} PYTHONPATH=/home/starry1n/WUTA/WUTA-FSD/ros2_ws/install/wuta_msgs/local/lib/python3.10/dist-packages:/home/starry1n/WUTA/WUTA-FSD/ros2_ws/install/autoware_msgs/local/lib/python3.10/dist-packages:${PYTHONPATH} /usr/bin/cmake --install /home/starry1n/WUTA/WUTA-FSD/ros2_ws/build/controller
[1.054s] Level 1:colcon.colcon_core.environment:create_environment_scripts_only(detection_fusion)
[1.054s] Level 1:colcon.colcon_core.environment:checking '/home/starry1n/WUTA/WUTA-FSD/ros2_ws/install/detection_fusion' for CMake module files
[1.055s] Level 1:colcon.colcon_core.environment:checking '/home/starry1n/WUTA/WUTA-FSD/ros2_ws/install/detection_fusion' for CMake config files
[1.055s] Level 1:colcon.colcon_core.shell:create_environment_hook('detection_fusion', 'cmake_prefix_path')
[1.055s] INFO:colcon.colcon_core.shell:Creating environment hook '/home/starry1n/WUTA/WUTA-FSD/ros2_ws/install/detection_fusion/share/detection_fusion/hook/cmake_prefix_path.ps1'
[1.056s] DEBUG:colcon.colcon_core.event_handler.log_command:Invoked command in '/home/starry1n/WUTA/WUTA-FSD/ros2_ws/build/cone_map_builder' returned '0': AMENT_PREFIX_PATH=/home/starry1n/WUTA/WUTA-FSD/ros2_ws/install/wuta_msgs:${AMENT_PREFIX_PATH} CMAKE_PREFIX_PATH=/home/starry1n/WUTA/WUTA-FSD/ros2_ws/install/wuta_msgs:/opt/ros/humble LD_LIBRARY_PATH=/home/starry1n/WUTA/WUTA-FSD/ros2_ws/install/wuta_msgs/lib:${LD_LIBRARY_PATH} PYTHONPATH=/home/starry1n/WUTA/WUTA-FSD/ros2_ws/install/wuta_msgs/local/lib/python3.10/dist-packages:${PYTHONPATH} /usr/bin/cmake --build /home/starry1n/WUTA/WUTA-FSD/ros2_ws/build/cone_map_builder -- -j8 -l8
[1.057s] INFO:colcon.colcon_core.shell:Creating environment descriptor '/home/starry1n/WUTA/WUTA-FSD/ros2_ws/install/detection_fusion/share/detection_fusion/hook/cmake_prefix_path.dsv'
[1.059s] INFO:colcon.colcon_core.shell:Creating environment hook '/home/starry1n/WUTA/WUTA-FSD/ros2_ws/install/detection_fusion/share/detection_fusion/hook/cmake_prefix_path.sh'
[1.058s] DEBUG:colcon.colcon_core.event_handler.log_command:Invoking command in '/home/starry1n/WUTA/WUTA-FSD/ros2_ws/build/cone_map_builder': AMENT_PREFIX_PATH=/home/starry1n/WUTA/WUTA-FSD/ros2_ws/install/wuta_msgs:${AMENT_PREFIX_PATH} CMAKE_PREFIX_PATH=/home/starry1n/WUTA/WUTA-FSD/ros2_ws/install/wuta_msgs:/opt/ros/humble LD_LIBRARY_PATH=/home/starry1n/WUTA/WUTA-FSD/ros2_ws/install/wuta_msgs/lib:${LD_LIBRARY_PATH} PYTHONPATH=/home/starry1n/WUTA/WUTA-FSD/ros2_ws/install/wuta_msgs/local/lib/python3.10/dist-packages:${PYTHONPATH} /usr/bin/cmake --install /home/starry1n/WUTA/WUTA-FSD/ros2_ws/build/cone_map_builder
[1.060s] DEBUG:colcon.colcon_core.event_handler.log_command:Invoked command in '/home/starry1n/WUTA/WUTA-FSD/ros2_ws/build/detection_fusion' returned '0': AMENT_PREFIX_PATH=/home/starry1n/WUTA/WUTA-FSD/ros2_ws/install/wuta_msgs:${AMENT_PREFIX_PATH} CMAKE_PREFIX_PATH=/home/starry1n/WUTA/WUTA-FSD/ros2_ws/install/wuta_msgs:/opt/ros/humble LD_LIBRARY_PATH=/home/starry1n/WUTA/WUTA-FSD/ros2_ws/install/wuta_msgs/lib:${LD_LIBRARY_PATH} PYTHONPATH=/home/starry1n/WUTA/WUTA-FSD/ros2_ws/install/wuta_msgs/local/lib/python3.10/dist-packages:${PYTHONPATH} /usr/bin/cmake --install /home/starry1n/WUTA/WUTA-FSD/ros2_ws/build/detection_fusion
[1.062s] Level 1:colcon.colcon_core.environment:checking '/home/starry1n/WUTA/WUTA-FSD/ros2_ws/install/detection_fusion/bin'
[1.062s] Level 1:colcon.colcon_core.environment:checking '/home/starry1n/WUTA/WUTA-FSD/ros2_ws/install/detection_fusion/lib/pkgconfig/detection_fusion.pc'
[1.062s] Level 1:colcon.colcon_core.environment:checking '/home/starry1n/WUTA/WUTA-FSD/ros2_ws/install/detection_fusion/lib/python3.10/site-packages'
[1.063s] Level 1:colcon.colcon_core.environment:checking '/home/starry1n/WUTA/WUTA-FSD/ros2_ws/install/detection_fusion/bin'
[1.063s] INFO:colcon.colcon_core.shell:Creating package script '/home/starry1n/WUTA/WUTA-FSD/ros2_ws/install/detection_fusion/share/detection_fusion/package.ps1'
[1.064s] INFO:colcon.colcon_core.shell:Creating package descriptor '/home/starry1n/WUTA/WUTA-FSD/ros2_ws/install/detection_fusion/share/detection_fusion/package.dsv'
[1.065s] INFO:colcon.colcon_core.shell:Creating package script '/home/starry1n/WUTA/WUTA-FSD/ros2_ws/install/detection_fusion/share/detection_fusion/package.sh'
[1.066s] INFO:colcon.colcon_core.shell:Creating package script '/home/starry1n/WUTA/WUTA-FSD/ros2_ws/install/detection_fusion/share/detection_fusion/package.bash'
[1.066s] INFO:colcon.colcon_core.shell:Creating package script '/home/starry1n/WUTA/WUTA-FSD/ros2_ws/install/detection_fusion/share/detection_fusion/package.zsh'
[1.068s] Level 1:colcon.colcon_core.environment:create_file_with_runtime_dependencies(/home/starry1n/WUTA/WUTA-FSD/ros2_ws/install/detection_fusion/share/colcon-core/packages/detection_fusion)
[1.069s] Level 1:colcon.colcon_core.environment:create_environment_scripts_only(detection_fusion)
[1.069s] Level 1:colcon.colcon_core.environment:checking '/home/starry1n/WUTA/WUTA-FSD/ros2_ws/install/detection_fusion' for CMake module files
[1.070s] Level 1:colcon.colcon_core.environment:checking '/home/starry1n/WUTA/WUTA-FSD/ros2_ws/install/detection_fusion' for CMake config files
[1.070s] Level 1:colcon.colcon_core.shell:create_environment_hook('detection_fusion', 'cmake_prefix_path')
[1.070s] INFO:colcon.colcon_core.shell:Creating environment hook '/home/starry1n/WUTA/WUTA-FSD/ros2_ws/install/detection_fusion/share/detection_fusion/hook/cmake_prefix_path.ps1'
[1.070s] INFO:colcon.colcon_core.shell:Creating environment descriptor '/home/starry1n/WUTA/WUTA-FSD/ros2_ws/install/detection_fusion/share/detection_fusion/hook/cmake_prefix_path.dsv'
[1.071s] INFO:colcon.colcon_core.shell:Creating environment hook '/home/starry1n/WUTA/WUTA-FSD/ros2_ws/install/detection_fusion/share/detection_fusion/hook/cmake_prefix_path.sh'
[1.071s] Level 1:colcon.colcon_core.environment:checking '/home/starry1n/WUTA/WUTA-FSD/ros2_ws/install/detection_fusion/bin'
[1.071s] Level 1:colcon.colcon_core.environment:checking '/home/starry1n/WUTA/WUTA-FSD/ros2_ws/install/detection_fusion/lib/pkgconfig/detection_fusion.pc'
[1.071s] Level 1:colcon.colcon_core.environment:checking '/home/starry1n/WUTA/WUTA-FSD/ros2_ws/install/detection_fusion/lib/python3.10/site-packages'
[1.072s] Level 1:colcon.colcon_core.environment:checking '/home/starry1n/WUTA/WUTA-FSD/ros2_ws/install/detection_fusion/bin'
[1.072s] INFO:colcon.colcon_core.shell:Creating package script '/home/starry1n/WUTA/WUTA-FSD/ros2_ws/install/detection_fusion/share/detection_fusion/package.ps1'
[1.072s] INFO:colcon.colcon_core.shell:Creating package descriptor '/home/starry1n/WUTA/WUTA-FSD/ros2_ws/install/detection_fusion/share/detection_fusion/package.dsv'
[1.072s] INFO:colcon.colcon_core.shell:Creating package script '/home/starry1n/WUTA/WUTA-FSD/ros2_ws/install/detection_fusion/share/detection_fusion/package.sh'
[1.073s] INFO:colcon.colcon_core.shell:Creating package script '/home/starry1n/WUTA/WUTA-FSD/ros2_ws/install/detection_fusion/share/detection_fusion/package.bash'
[1.073s] INFO:colcon.colcon_core.shell:Creating package script '/home/starry1n/WUTA/WUTA-FSD/ros2_ws/install/detection_fusion/share/detection_fusion/package.zsh'
[1.073s] Level 1:colcon.colcon_core.environment:create_file_with_runtime_dependencies(/home/starry1n/WUTA/WUTA-FSD/ros2_ws/install/detection_fusion/share/colcon-core/packages/detection_fusion)
[1.075s] INFO:colcon.colcon_ros.task.ament_cmake.build:Building ROS package in '/home/starry1n/WUTA/WUTA-FSD/ros2_ws/src/localization/ndt_localization' with build type 'ament_cmake'
[1.075s] INFO:colcon.colcon_cmake.task.cmake.build:Building CMake package in '/home/starry1n/WUTA/WUTA-FSD/ros2_ws/src/localization/ndt_localization'
[1.075s] INFO:colcon.colcon_core.shell:Skip shell extension 'powershell' for command environment: Not usable outside of PowerShell
[1.075s] DEBUG:colcon.colcon_core.shell:Skip shell extension 'dsv' for command environment
[1.080s] DEBUG:colcon.colcon_core.event_handler.log_command:Invoked command in '/home/starry1n/WUTA/WUTA-FSD/ros2_ws/build/localization_manager' returned '0': AMENT_PREFIX_PATH=/home/starry1n/WUTA/WUTA-FSD/ros2_ws/install/wuta_msgs:/home/starry1n/WUTA/WUTA-FSD/ros2_ws/install/robot_localization:/home/starry1n/WUTA/WUTA-FSD/ros2_ws/install/kiss_icp:${AMENT_PREFIX_PATH} CMAKE_PREFIX_PATH=/home/starry1n/WUTA/WUTA-FSD/ros2_ws/install/wuta_msgs:/home/starry1n/WUTA/WUTA-FSD/ros2_ws/install/robot_localization:/home/starry1n/WUTA/WUTA-FSD/ros2_ws/install/kiss_icp:/opt/ros/humble LD_LIBRARY_PATH=/home/starry1n/WUTA/WUTA-FSD/ros2_ws/install/wuta_msgs/lib:/home/starry1n/WUTA/WUTA-FSD/ros2_ws/install/robot_localization/lib:/home/starry1n/WUTA/WUTA-FSD/ros2_ws/install/kiss_icp/lib:${LD_LIBRARY_PATH} PYTHONPATH=/home/starry1n/WUTA/WUTA-FSD/ros2_ws/install/wuta_msgs/local/lib/python3.10/dist-packages:/home/starry1n/WUTA/WUTA-FSD/ros2_ws/install/robot_localization/local/lib/python3.10/dist-packages:${PYTHONPATH} /usr/bin/cmake --build /home/starry1n/WUTA/WUTA-FSD/ros2_ws/build/localization_manager -- -j8 -l8
[1.083s] Level 1:colcon.colcon_core.environment:create_environment_scripts_only(kiss_icp_wrapper)
[1.083s] Level 1:colcon.colcon_core.environment:checking '/home/starry1n/WUTA/WUTA-FSD/ros2_ws/install/kiss_icp_wrapper' for CMake module files
[1.083s] DEBUG:colcon.colcon_core.event_handler.log_command:Invoking command in '/home/starry1n/WUTA/WUTA-FSD/ros2_ws/build/localization_manager': AMENT_PREFIX_PATH=/home/starry1n/WUTA/WUTA-FSD/ros2_ws/install/wuta_msgs:/home/starry1n/WUTA/WUTA-FSD/ros2_ws/install/robot_localization:/home/starry1n/WUTA/WUTA-FSD/ros2_ws/install/kiss_icp:${AMENT_PREFIX_PATH} CMAKE_PREFIX_PATH=/home/starry1n/WUTA/WUTA-FSD/ros2_ws/install/wuta_msgs:/home/starry1n/WUTA/WUTA-FSD/ros2_ws/install/robot_localization:/home/starry1n/WUTA/WUTA-FSD/ros2_ws/install/kiss_icp:/opt/ros/humble LD_LIBRARY_PATH=/home/starry1n/WUTA/WUTA-FSD/ros2_ws/install/wuta_msgs/lib:/home/starry1n/WUTA/WUTA-FSD/ros2_ws/install/robot_localization/lib:/home/starry1n/WUTA/WUTA-FSD/ros2_ws/install/kiss_icp/lib:${LD_LIBRARY_PATH} PYTHONPATH=/home/starry1n/WUTA/WUTA-FSD/ros2_ws/install/wuta_msgs/local/lib/python3.10/dist-packages:/home/starry1n/WUTA/WUTA-FSD/ros2_ws/install/robot_localization/local/lib/python3.10/dist-packages:${PYTHONPATH} /usr/bin/cmake --install /home/starry1n/WUTA/WUTA-FSD/ros2_ws/build/localization_manager
[1.085s] DEBUG:colcon.colcon_core.event_handler.log_command:Invoked command in '/home/starry1n/WUTA/WUTA-FSD/ros2_ws/build/kiss_icp_wrapper' returned '0': AMENT_PREFIX_PATH=/home/starry1n/WUTA/WUTA-FSD/ros2_ws/install/wuta_msgs:${AMENT_PREFIX_PATH} CMAKE_PREFIX_PATH=/home/starry1n/WUTA/WUTA-FSD/ros2_ws/install/wuta_msgs:/opt/ros/humble LD_LIBRARY_PATH=/home/starry1n/WUTA/WUTA-FSD/ros2_ws/install/wuta_msgs/lib:${LD_LIBRARY_PATH} PYTHONPATH=/home/starry1n/WUTA/WUTA-FSD/ros2_ws/install/wuta_msgs/local/lib/python3.10/dist-packages:${PYTHONPATH} /usr/bin/cmake --install /home/starry1n/WUTA/WUTA-FSD/ros2_ws/build/kiss_icp_wrapper
[1.086s] Level 1:colcon.colcon_core.environment:checking '/home/starry1n/WUTA/WUTA-FSD/ros2_ws/install/kiss_icp_wrapper' for CMake config files
[1.086s] Level 1:colcon.colcon_core.shell:create_environment_hook('kiss_icp_wrapper', 'cmake_prefix_path')
[1.087s] INFO:colcon.colcon_core.shell:Creating environment hook '/home/starry1n/WUTA/WUTA-FSD/ros2_ws/install/kiss_icp_wrapper/share/kiss_icp_wrapper/hook/cmake_prefix_path.ps1'
[1.088s] INFO:colcon.colcon_core.shell:Creating environment descriptor '/home/starry1n/WUTA/WUTA-FSD/ros2_ws/install/kiss_icp_wrapper/share/kiss_icp_wrapper/hook/cmake_prefix_path.dsv'
[1.089s] INFO:colcon.colcon_core.shell:Creating environment hook '/home/starry1n/WUTA/WUTA-FSD/ros2_ws/install/kiss_icp_wrapper/share/kiss_icp_wrapper/hook/cmake_prefix_path.sh'
[1.091s] Level 1:colcon.colcon_core.environment:checking '/home/starry1n/WUTA/WUTA-FSD/ros2_ws/install/kiss_icp_wrapper/bin'
[1.091s] Level 1:colcon.colcon_core.environment:checking '/home/starry1n/WUTA/WUTA-FSD/ros2_ws/install/kiss_icp_wrapper/lib/pkgconfig/kiss_icp_wrapper.pc'
[1.091s] Level 1:colcon.colcon_core.environment:checking '/home/starry1n/WUTA/WUTA-FSD/ros2_ws/install/kiss_icp_wrapper/lib/python3.10/site-packages'
[1.092s] Level 1:colcon.colcon_core.environment:checking '/home/starry1n/WUTA/WUTA-FSD/ros2_ws/install/kiss_icp_wrapper/bin'
[1.092s] INFO:colcon.colcon_core.shell:Creating package script '/home/starry1n/WUTA/WUTA-FSD/ros2_ws/install/kiss_icp_wrapper/share/kiss_icp_wrapper/package.ps1'
[1.093s] INFO:colcon.colcon_core.shell:Creating package descriptor '/home/starry1n/WUTA/WUTA-FSD/ros2_ws/install/kiss_icp_wrapper/share/kiss_icp_wrapper/package.dsv'
[1.093s] INFO:colcon.colcon_core.shell:Creating package script '/home/starry1n/WUTA/WUTA-FSD/ros2_ws/install/kiss_icp_wrapper/share/kiss_icp_wrapper/package.sh'
[1.094s] INFO:colcon.colcon_core.shell:Creating package script '/home/starry1n/WUTA/WUTA-FSD/ros2_ws/install/kiss_icp_wrapper/share/kiss_icp_wrapper/package.bash'
[1.094s] INFO:colcon.colcon_core.shell:Creating package script '/home/starry1n/WUTA/WUTA-FSD/ros2_ws/install/kiss_icp_wrapper/share/kiss_icp_wrapper/package.zsh'
[1.094s] Level 1:colcon.colcon_core.environment:create_file_with_runtime_dependencies(/home/starry1n/WUTA/WUTA-FSD/ros2_ws/install/kiss_icp_wrapper/share/colcon-core/packages/kiss_icp_wrapper)
[1.096s] Level 1:colcon.colcon_core.environment:create_environment_scripts_only(kiss_icp_wrapper)
[1.096s] Level 1:colcon.colcon_core.environment:checking '/home/starry1n/WUTA/WUTA-FSD/ros2_ws/install/kiss_icp_wrapper' for CMake module files
[1.096s] Level 1:colcon.colcon_core.environment:checking '/home/starry1n/WUTA/WUTA-FSD/ros2_ws/install/kiss_icp_wrapper' for CMake config files
[1.096s] Level 1:colcon.colcon_core.shell:create_environment_hook('kiss_icp_wrapper', 'cmake_prefix_path')
[1.096s] INFO:colcon.colcon_core.shell:Creating environment hook '/home/starry1n/WUTA/WUTA-FSD/ros2_ws/install/kiss_icp_wrapper/share/kiss_icp_wrapper/hook/cmake_prefix_path.ps1'
[1.097s] INFO:colcon.colcon_core.shell:Creating environment descriptor '/home/starry1n/WUTA/WUTA-FSD/ros2_ws/install/kiss_icp_wrapper/share/kiss_icp_wrapper/hook/cmake_prefix_path.dsv'
[1.097s] INFO:colcon.colcon_core.shell:Creating environment hook '/home/starry1n/WUTA/WUTA-FSD/ros2_ws/install/kiss_icp_wrapper/share/kiss_icp_wrapper/hook/cmake_prefix_path.sh'
[1.098s] Level 1:colcon.colcon_core.environment:checking '/home/starry1n/WUTA/WUTA-FSD/ros2_ws/install/kiss_icp_wrapper/bin'
[1.098s] Level 1:colcon.colcon_core.environment:checking '/home/starry1n/WUTA/WUTA-FSD/ros2_ws/install/kiss_icp_wrapper/lib/pkgconfig/kiss_icp_wrapper.pc'
[1.098s] Level 1:colcon.colcon_core.environment:checking '/home/starry1n/WUTA/WUTA-FSD/ros2_ws/install/kiss_icp_wrapper/lib/python3.10/site-packages'
[1.098s] Level 1:colcon.colcon_core.environment:checking '/home/starry1n/WUTA/WUTA-FSD/ros2_ws/install/kiss_icp_wrapper/bin'
[1.098s] INFO:colcon.colcon_core.shell:Creating package script '/home/starry1n/WUTA/WUTA-FSD/ros2_ws/install/kiss_icp_wrapper/share/kiss_icp_wrapper/package.ps1'
[1.099s] INFO:colcon.colcon_core.shell:Creating package descriptor '/home/starry1n/WUTA/WUTA-FSD/ros2_ws/install/kiss_icp_wrapper/share/kiss_icp_wrapper/package.dsv'
[1.099s] INFO:colcon.colcon_core.shell:Creating package script '/home/starry1n/WUTA/WUTA-FSD/ros2_ws/install/kiss_icp_wrapper/share/kiss_icp_wrapper/package.sh'
[1.100s] INFO:colcon.colcon_core.shell:Creating package script '/home/starry1n/WUTA/WUTA-FSD/ros2_ws/install/kiss_icp_wrapper/share/kiss_icp_wrapper/package.bash'
[1.100s] INFO:colcon.colcon_core.shell:Creating package script '/home/starry1n/WUTA/WUTA-FSD/ros2_ws/install/kiss_icp_wrapper/share/kiss_icp_wrapper/package.zsh'
[1.101s] Level 1:colcon.colcon_core.environment:create_file_with_runtime_dependencies(/home/starry1n/WUTA/WUTA-FSD/ros2_ws/install/kiss_icp_wrapper/share/colcon-core/packages/kiss_icp_wrapper)
[1.106s] DEBUG:colcon.colcon_core.event_handler.log_command:Invoking command in '/home/starry1n/WUTA/WUTA-FSD/ros2_ws/build/mission_manager': AMENT_PREFIX_PATH=/home/starry1n/WUTA/WUTA-FSD/ros2_ws/install/wuta_msgs:${AMENT_PREFIX_PATH} CMAKE_PREFIX_PATH=/home/starry1n/WUTA/WUTA-FSD/ros2_ws/install/wuta_msgs:/opt/ros/humble LD_LIBRARY_PATH=/home/starry1n/WUTA/WUTA-FSD/ros2_ws/install/wuta_msgs/lib:${LD_LIBRARY_PATH} PYTHONPATH=/home/starry1n/WUTA/WUTA-FSD/ros2_ws/install/wuta_msgs/local/lib/python3.10/dist-packages:${PYTHONPATH} /usr/bin/cmake --build /home/starry1n/WUTA/WUTA-FSD/ros2_ws/build/mission_manager -- -j8 -l8
[1.109s] DEBUG:colcon.colcon_core.event_handler.log_command:Invoked command in '/home/starry1n/WUTA/WUTA-FSD/ros2_ws/build/boundary_detector' returned '0': AMENT_PREFIX_PATH=/home/starry1n/WUTA/WUTA-FSD/ros2_ws/install/wuta_msgs:/home/starry1n/WUTA/WUTA-FSD/ros2_ws/install/autoware_msgs:${AMENT_PREFIX_PATH} CMAKE_PREFIX_PATH=/home/starry1n/WUTA/WUTA-FSD/ros2_ws/install/wuta_msgs:/home/starry1n/WUTA/WUTA-FSD/ros2_ws/install/autoware_msgs:/opt/ros/humble LD_LIBRARY_PATH=/home/starry1n/WUTA/WUTA-FSD/ros2_ws/install/wuta_msgs/lib:/home/starry1n/WUTA/WUTA-FSD/ros2_ws/install/autoware_msgs/lib:${LD_LIBRARY_PATH} PYTHONPATH=/home/starry1n/WUTA/WUTA-FSD/ros2_ws/install/wuta_msgs/local/lib/python3.10/dist-packages:/home/starry1n/WUTA/WUTA-FSD/ros2_ws/install/autoware_msgs/local/lib/python3.10/dist-packages:${PYTHONPATH} /usr/bin/cmake --build /home/starry1n/WUTA/WUTA-FSD/ros2_ws/build/boundary_detector -- -j8 -l8
[1.109s] DEBUG:colcon.colcon_core.event_handler.log_command:Invoking command in '/home/starry1n/WUTA/WUTA-FSD/ros2_ws/build/boundary_detector': AMENT_PREFIX_PATH=/home/starry1n/WUTA/WUTA-FSD/ros2_ws/install/wuta_msgs:/home/starry1n/WUTA/WUTA-FSD/ros2_ws/install/autoware_msgs:${AMENT_PREFIX_PATH} CMAKE_PREFIX_PATH=/home/starry1n/WUTA/WUTA-FSD/ros2_ws/install/wuta_msgs:/home/starry1n/WUTA/WUTA-FSD/ros2_ws/install/autoware_msgs:/opt/ros/humble LD_LIBRARY_PATH=/home/starry1n/WUTA/WUTA-FSD/ros2_ws/install/wuta_msgs/lib:/home/starry1n/WUTA/WUTA-FSD/ros2_ws/install/autoware_msgs/lib:${LD_LIBRARY_PATH} PYTHONPATH=/home/starry1n/WUTA/WUTA-FSD/ros2_ws/install/wuta_msgs/local/lib/python3.10/dist-packages:/home/starry1n/WUTA/WUTA-FSD/ros2_ws/install/autoware_msgs/local/lib/python3.10/dist-packages:${PYTHONPATH} /usr/bin/cmake --install /home/starry1n/WUTA/WUTA-FSD/ros2_ws/build/boundary_detector
[1.109s] INFO:colcon.colcon_ros.task.ament_cmake.build:Building ROS package in '/home/starry1n/WUTA/WUTA-FSD/ros2_ws/src/planning/path_generator' with build type 'ament_cmake'
[1.110s] INFO:colcon.colcon_cmake.task.cmake.build:Building CMake package in '/home/starry1n/WUTA/WUTA-FSD/ros2_ws/src/planning/path_generator'
[1.110s] INFO:colcon.colcon_core.shell:Skip shell extension 'powershell' for command environment: Not usable outside of PowerShell
[1.110s] DEBUG:colcon.colcon_core.shell:Skip shell extension 'dsv' for command environment
[1.113s] Level 1:colcon.colcon_core.environment:create_environment_scripts_only(controller)
[1.113s] Level 1:colcon.colcon_core.environment:checking '/home/starry1n/WUTA/WUTA-FSD/ros2_ws/install/controller' for CMake module files
[1.113s] Level 1:colcon.colcon_core.environment:checking '/home/starry1n/WUTA/WUTA-FSD/ros2_ws/install/controller' for CMake config files
[1.113s] Level 1:colcon.colcon_core.shell:create_environment_hook('controller', 'cmake_prefix_path')
[1.114s] INFO:colcon.colcon_core.shell:Creating environment hook '/home/starry1n/WUTA/WUTA-FSD/ros2_ws/install/controller/share/controller/hook/cmake_prefix_path.ps1'
[1.115s] INFO:colcon.colcon_core.shell:Creating environment descriptor '/home/starry1n/WUTA/WUTA-FSD/ros2_ws/install/controller/share/controller/hook/cmake_prefix_path.dsv'
[1.115s] INFO:colcon.colcon_core.shell:Creating environment hook '/home/starry1n/WUTA/WUTA-FSD/ros2_ws/install/controller/share/controller/hook/cmake_prefix_path.sh'
[1.116s] Level 1:colcon.colcon_core.environment:checking '/home/starry1n/WUTA/WUTA-FSD/ros2_ws/install/controller/lib'
[1.117s] DEBUG:colcon.colcon_core.event_handler.log_command:Invoked command in '/home/starry1n/WUTA/WUTA-FSD/ros2_ws/build/controller' returned '0': AMENT_PREFIX_PATH=/home/starry1n/WUTA/WUTA-FSD/ros2_ws/install/wuta_msgs:/home/starry1n/WUTA/WUTA-FSD/ros2_ws/install/autoware_msgs:${AMENT_PREFIX_PATH} CMAKE_PREFIX_PATH=/home/starry1n/WUTA/WUTA-FSD/ros2_ws/install/wuta_msgs:/home/starry1n/WUTA/WUTA-FSD/ros2_ws/install/autoware_msgs:/opt/ros/humble LD_LIBRARY_PATH=/home/starry1n/WUTA/WUTA-FSD/ros2_ws/install/wuta_msgs/lib:/home/starry1n/WUTA/WUTA-FSD/ros2_ws/install/autoware_msgs/lib:${LD_LIBRARY_PATH} PYTHONPATH=/home/starry1n/WUTA/WUTA-FSD/ros2_ws/install/wuta_msgs/local/lib/python3.10/dist-packages:/home/starry1n/WUTA/WUTA-FSD/ros2_ws/install/autoware_msgs/local/lib/python3.10/dist-packages:${PYTHONPATH} /usr/bin/cmake --install /home/starry1n/WUTA/WUTA-FSD/ros2_ws/build/controller
[1.117s] Level 1:colcon.colcon_core.environment:checking '/home/starry1n/WUTA/WUTA-FSD/ros2_ws/install/controller/bin'
[1.117s] Level 1:colcon.colcon_core.environment:checking '/home/starry1n/WUTA/WUTA-FSD/ros2_ws/install/controller/lib/pkgconfig/controller.pc'
[1.117s] Level 1:colcon.colcon_core.environment:checking '/home/starry1n/WUTA/WUTA-FSD/ros2_ws/install/controller/lib/python3.10/site-packages'
[1.118s] Level 1:colcon.colcon_core.environment:checking '/home/starry1n/WUTA/WUTA-FSD/ros2_ws/install/controller/bin'
[1.118s] INFO:colcon.colcon_core.shell:Creating package script '/home/starry1n/WUTA/WUTA-FSD/ros2_ws/install/controller/share/controller/package.ps1'
[1.118s] INFO:colcon.colcon_core.shell:Creating package descriptor '/home/starry1n/WUTA/WUTA-FSD/ros2_ws/install/controller/share/controller/package.dsv'
[1.119s] INFO:colcon.colcon_core.shell:Creating package script '/home/starry1n/WUTA/WUTA-FSD/ros2_ws/install/controller/share/controller/package.sh'
[1.120s] INFO:colcon.colcon_core.shell:Creating package script '/home/starry1n/WUTA/WUTA-FSD/ros2_ws/install/controller/share/controller/package.bash'
[1.121s] INFO:colcon.colcon_core.shell:Creating package script '/home/starry1n/WUTA/WUTA-FSD/ros2_ws/install/controller/share/controller/package.zsh'
[1.122s] Level 1:colcon.colcon_core.environment:create_file_with_runtime_dependencies(/home/starry1n/WUTA/WUTA-FSD/ros2_ws/install/controller/share/colcon-core/packages/controller)
[1.124s] Level 1:colcon.colcon_core.environment:create_environment_scripts_only(controller)
[1.124s] Level 1:colcon.colcon_core.environment:checking '/home/starry1n/WUTA/WUTA-FSD/ros2_ws/install/controller' for CMake module files
[1.124s] Level 1:colcon.colcon_core.environment:checking '/home/starry1n/WUTA/WUTA-FSD/ros2_ws/install/controller' for CMake config files
[1.125s] Level 1:colcon.colcon_core.shell:create_environment_hook('controller', 'cmake_prefix_path')
[1.125s] INFO:colcon.colcon_core.shell:Creating environment hook '/home/starry1n/WUTA/WUTA-FSD/ros2_ws/install/controller/share/controller/hook/cmake_prefix_path.ps1'
[1.125s] INFO:colcon.colcon_core.shell:Creating environment descriptor '/home/starry1n/WUTA/WUTA-FSD/ros2_ws/install/controller/share/controller/hook/cmake_prefix_path.dsv'
[1.126s] INFO:colcon.colcon_core.shell:Creating environment hook '/home/starry1n/WUTA/WUTA-FSD/ros2_ws/install/controller/share/controller/hook/cmake_prefix_path.sh'
[1.127s] Level 1:colcon.colcon_core.environment:checking '/home/starry1n/WUTA/WUTA-FSD/ros2_ws/install/controller/lib'
[1.127s] Level 1:colcon.colcon_core.environment:checking '/home/starry1n/WUTA/WUTA-FSD/ros2_ws/install/controller/bin'
[1.128s] Level 1:colcon.colcon_core.environment:checking '/home/starry1n/WUTA/WUTA-FSD/ros2_ws/install/controller/lib/pkgconfig/controller.pc'
[1.128s] Level 1:colcon.colcon_core.environment:checking '/home/starry1n/WUTA/WUTA-FSD/ros2_ws/install/controller/lib/python3.10/site-packages'
[1.128s] Level 1:colcon.colcon_core.environment:checking '/home/starry1n/WUTA/WUTA-FSD/ros2_ws/install/controller/bin'
[1.128s] INFO:colcon.colcon_core.shell:Creating package script '/home/starry1n/WUTA/WUTA-FSD/ros2_ws/install/controller/share/controller/package.ps1'
[1.129s] INFO:colcon.colcon_core.shell:Creating package descriptor '/home/starry1n/WUTA/WUTA-FSD/ros2_ws/install/controller/share/controller/package.dsv'
[1.130s] INFO:colcon.colcon_core.shell:Creating package script '/home/starry1n/WUTA/WUTA-FSD/ros2_ws/install/controller/share/controller/package.sh'
[1.131s] INFO:colcon.colcon_core.shell:Creating package script '/home/starry1n/WUTA/WUTA-FSD/ros2_ws/install/controller/share/controller/package.bash'
[1.132s] INFO:colcon.colcon_core.shell:Creating package script '/home/starry1n/WUTA/WUTA-FSD/ros2_ws/install/controller/share/controller/package.zsh'
[1.132s] Level 1:colcon.colcon_core.environment:create_file_with_runtime_dependencies(/home/starry1n/WUTA/WUTA-FSD/ros2_ws/install/controller/share/colcon-core/packages/controller)
[1.133s] Level 1:colcon.colcon_core.environment:create_environment_scripts_only(cone_map_builder)
[1.133s] Level 1:colcon.colcon_core.environment:checking '/home/starry1n/WUTA/WUTA-FSD/ros2_ws/install/cone_map_builder' for CMake module files
[1.134s] DEBUG:colcon.colcon_core.event_handler.log_command:Invoked command in '/home/starry1n/WUTA/WUTA-FSD/ros2_ws/build/cone_map_builder' returned '0': AMENT_PREFIX_PATH=/home/starry1n/WUTA/WUTA-FSD/ros2_ws/install/wuta_msgs:${AMENT_PREFIX_PATH} CMAKE_PREFIX_PATH=/home/starry1n/WUTA/WUTA-FSD/ros2_ws/install/wuta_msgs:/opt/ros/humble LD_LIBRARY_PATH=/home/starry1n/WUTA/WUTA-FSD/ros2_ws/install/wuta_msgs/lib:${LD_LIBRARY_PATH} PYTHONPATH=/home/starry1n/WUTA/WUTA-FSD/ros2_ws/install/wuta_msgs/local/lib/python3.10/dist-packages:${PYTHONPATH} /usr/bin/cmake --install /home/starry1n/WUTA/WUTA-FSD/ros2_ws/build/cone_map_builder
[1.134s] Level 1:colcon.colcon_core.environment:checking '/home/starry1n/WUTA/WUTA-FSD/ros2_ws/install/cone_map_builder' for CMake config files
[1.135s] Level 1:colcon.colcon_core.shell:create_environment_hook('cone_map_builder', 'cmake_prefix_path')
[1.135s] INFO:colcon.colcon_core.shell:Creating environment hook '/home/starry1n/WUTA/WUTA-FSD/ros2_ws/install/cone_map_builder/share/cone_map_builder/hook/cmake_prefix_path.ps1'
[1.135s] INFO:colcon.colcon_core.shell:Creating environment descriptor '/home/starry1n/WUTA/WUTA-FSD/ros2_ws/install/cone_map_builder/share/cone_map_builder/hook/cmake_prefix_path.dsv'
[1.136s] INFO:colcon.colcon_core.shell:Creating environment hook '/home/starry1n/WUTA/WUTA-FSD/ros2_ws/install/cone_map_builder/share/cone_map_builder/hook/cmake_prefix_path.sh'
[1.136s] Level 1:colcon.colcon_core.environment:checking '/home/starry1n/WUTA/WUTA-FSD/ros2_ws/install/cone_map_builder/lib'
[1.136s] Level 1:colcon.colcon_core.environment:checking '/home/starry1n/WUTA/WUTA-FSD/ros2_ws/install/cone_map_builder/bin'
[1.136s] Level 1:colcon.colcon_core.environment:checking '/home/starry1n/WUTA/WUTA-FSD/ros2_ws/install/cone_map_builder/lib/pkgconfig/cone_map_builder.pc'
[1.136s] Level 1:colcon.colcon_core.environment:checking '/home/starry1n/WUTA/WUTA-FSD/ros2_ws/install/cone_map_builder/lib/python3.10/site-packages'
[1.137s] Level 1:colcon.colcon_core.environment:checking '/home/starry1n/WUTA/WUTA-FSD/ros2_ws/install/cone_map_builder/bin'
[1.137s] INFO:colcon.colcon_core.shell:Creating package script '/home/starry1n/WUTA/WUTA-FSD/ros2_ws/install/cone_map_builder/share/cone_map_builder/package.ps1'
[1.137s] INFO:colcon.colcon_core.shell:Creating package descriptor '/home/starry1n/WUTA/WUTA-FSD/ros2_ws/install/cone_map_builder/share/cone_map_builder/package.dsv'
[1.138s] INFO:colcon.colcon_core.shell:Creating package script '/home/starry1n/WUTA/WUTA-FSD/ros2_ws/install/cone_map_builder/share/cone_map_builder/package.sh'
[1.138s] INFO:colcon.colcon_core.shell:Creating package script '/home/starry1n/WUTA/WUTA-FSD/ros2_ws/install/cone_map_builder/share/cone_map_builder/package.bash'
[1.138s] INFO:colcon.colcon_core.shell:Creating package script '/home/starry1n/WUTA/WUTA-FSD/ros2_ws/install/cone_map_builder/share/cone_map_builder/package.zsh'
[1.138s] Level 1:colcon.colcon_core.environment:create_file_with_runtime_dependencies(/home/starry1n/WUTA/WUTA-FSD/ros2_ws/install/cone_map_builder/share/colcon-core/packages/cone_map_builder)
[1.139s] Level 1:colcon.colcon_core.environment:create_environment_scripts_only(cone_map_builder)
[1.139s] Level 1:colcon.colcon_core.environment:checking '/home/starry1n/WUTA/WUTA-FSD/ros2_ws/install/cone_map_builder' for CMake module files
[1.140s] Level 1:colcon.colcon_core.environment:checking '/home/starry1n/WUTA/WUTA-FSD/ros2_ws/install/cone_map_builder' for CMake config files
[1.140s] Level 1:colcon.colcon_core.shell:create_environment_hook('cone_map_builder', 'cmake_prefix_path')
[1.141s] INFO:colcon.colcon_core.shell:Creating environment hook '/home/starry1n/WUTA/WUTA-FSD/ros2_ws/install/cone_map_builder/share/cone_map_builder/hook/cmake_prefix_path.ps1'
[1.141s] INFO:colcon.colcon_core.shell:Creating environment descriptor '/home/starry1n/WUTA/WUTA-FSD/ros2_ws/install/cone_map_builder/share/cone_map_builder/hook/cmake_prefix_path.dsv'
[1.142s] INFO:colcon.colcon_core.shell:Creating environment hook '/home/starry1n/WUTA/WUTA-FSD/ros2_ws/install/cone_map_builder/share/cone_map_builder/hook/cmake_prefix_path.sh'
[1.142s] Level 1:colcon.colcon_core.environment:checking '/home/starry1n/WUTA/WUTA-FSD/ros2_ws/install/cone_map_builder/lib'
[1.143s] Level 1:colcon.colcon_core.environment:checking '/home/starry1n/WUTA/WUTA-FSD/ros2_ws/install/cone_map_builder/bin'
[1.143s] Level 1:colcon.colcon_core.environment:checking '/home/starry1n/WUTA/WUTA-FSD/ros2_ws/install/cone_map_builder/lib/pkgconfig/cone_map_builder.pc'
[1.143s] Level 1:colcon.colcon_core.environment:checking '/home/starry1n/WUTA/WUTA-FSD/ros2_ws/install/cone_map_builder/lib/python3.10/site-packages'
[1.143s] Level 1:colcon.colcon_core.environment:checking '/home/starry1n/WUTA/WUTA-FSD/ros2_ws/install/cone_map_builder/bin'
[1.143s] INFO:colcon.colcon_core.shell:Creating package script '/home/starry1n/WUTA/WUTA-FSD/ros2_ws/install/cone_map_builder/share/cone_map_builder/package.ps1'
[1.144s] INFO:colcon.colcon_core.shell:Creating package descriptor '/home/starry1n/WUTA/WUTA-FSD/ros2_ws/install/cone_map_builder/share/cone_map_builder/package.dsv'
[1.145s] INFO:colcon.colcon_core.shell:Creating package script '/home/starry1n/WUTA/WUTA-FSD/ros2_ws/install/cone_map_builder/share/cone_map_builder/package.sh'
[1.146s] INFO:colcon.colcon_core.shell:Creating package script '/home/starry1n/WUTA/WUTA-FSD/ros2_ws/install/cone_map_builder/share/cone_map_builder/package.bash'
[1.147s] INFO:colcon.colcon_core.shell:Creating package script '/home/starry1n/WUTA/WUTA-FSD/ros2_ws/install/cone_map_builder/share/cone_map_builder/package.zsh'
[1.148s] Level 1:colcon.colcon_core.environment:create_file_with_runtime_dependencies(/home/starry1n/WUTA/WUTA-FSD/ros2_ws/install/cone_map_builder/share/colcon-core/packages/cone_map_builder)
[1.150s] INFO:colcon.colcon_ros.task.ament_cmake.build:Building ROS package in '/home/starry1n/WUTA/WUTA-FSD/ros2_ws/src/common/wuta_tools' with build type 'ament_cmake'
[1.150s] INFO:colcon.colcon_cmake.task.cmake.build:Building CMake package in '/home/starry1n/WUTA/WUTA-FSD/ros2_ws/src/common/wuta_tools'
[1.150s] INFO:colcon.colcon_core.shell:Skip shell extension 'powershell' for command environment: Not usable outside of PowerShell
[1.151s] DEBUG:colcon.colcon_core.shell:Skip shell extension 'dsv' for command environment
[1.161s] Level 1:colcon.colcon_core.environment:create_environment_scripts_only(localization_manager)
[1.161s] Level 1:colcon.colcon_core.environment:checking '/home/starry1n/WUTA/WUTA-FSD/ros2_ws/install/localization_manager' for CMake module files
[1.162s] Level 1:colcon.colcon_core.environment:checking '/home/starry1n/WUTA/WUTA-FSD/ros2_ws/install/localization_manager' for CMake config files
[1.162s] Level 1:colcon.colcon_core.shell:create_environment_hook('localization_manager', 'cmake_prefix_path')
[1.162s] INFO:colcon.colcon_core.shell:Creating environment hook '/home/starry1n/WUTA/WUTA-FSD/ros2_ws/install/localization_manager/share/localization_manager/hook/cmake_prefix_path.ps1'
[1.163s] DEBUG:colcon.colcon_core.event_handler.log_command:Invoked command in '/home/starry1n/WUTA/WUTA-FSD/ros2_ws/build/localization_manager' returned '0': AMENT_PREFIX_PATH=/home/starry1n/WUTA/WUTA-FSD/ros2_ws/install/wuta_msgs:/home/starry1n/WUTA/WUTA-FSD/ros2_ws/install/robot_localization:/home/starry1n/WUTA/WUTA-FSD/ros2_ws/install/kiss_icp:${AMENT_PREFIX_PATH} CMAKE_PREFIX_PATH=/home/starry1n/WUTA/WUTA-FSD/ros2_ws/install/wuta_msgs:/home/starry1n/WUTA/WUTA-FSD/ros2_ws/install/robot_localization:/home/starry1n/WUTA/WUTA-FSD/ros2_ws/install/kiss_icp:/opt/ros/humble LD_LIBRARY_PATH=/home/starry1n/WUTA/WUTA-FSD/ros2_ws/install/wuta_msgs/lib:/home/starry1n/WUTA/WUTA-FSD/ros2_ws/install/robot_localization/lib:/home/starry1n/WUTA/WUTA-FSD/ros2_ws/install/kiss_icp/lib:${LD_LIBRARY_PATH} PYTHONPATH=/home/starry1n/WUTA/WUTA-FSD/ros2_ws/install/wuta_msgs/local/lib/python3.10/dist-packages:/home/starry1n/WUTA/WUTA-FSD/ros2_ws/install/robot_localization/local/lib/python3.10/dist-packages:${PYTHONPATH} /usr/bin/cmake --install /home/starry1n/WUTA/WUTA-FSD/ros2_ws/build/localization_manager
[1.164s] INFO:colcon.colcon_core.shell:Creating environment descriptor '/home/starry1n/WUTA/WUTA-FSD/ros2_ws/install/localization_manager/share/localization_manager/hook/cmake_prefix_path.dsv'
[1.164s] INFO:colcon.colcon_core.shell:Creating environment hook '/home/starry1n/WUTA/WUTA-FSD/ros2_ws/install/localization_manager/share/localization_manager/hook/cmake_prefix_path.sh'
[1.165s] Level 1:colcon.colcon_core.environment:checking '/home/starry1n/WUTA/WUTA-FSD/ros2_ws/install/localization_manager/lib'
[1.165s] Level 1:colcon.colcon_core.environment:checking '/home/starry1n/WUTA/WUTA-FSD/ros2_ws/install/localization_manager/bin'
[1.165s] Level 1:colcon.colcon_core.environment:checking '/home/starry1n/WUTA/WUTA-FSD/ros2_ws/install/localization_manager/lib/pkgconfig/localization_manager.pc'
[1.165s] Level 1:colcon.colcon_core.environment:checking '/home/starry1n/WUTA/WUTA-FSD/ros2_ws/install/localization_manager/lib/python3.10/site-packages'
[1.165s] Level 1:colcon.colcon_core.environment:checking '/home/starry1n/WUTA/WUTA-FSD/ros2_ws/install/localization_manager/bin'
[1.165s] INFO:colcon.colcon_core.shell:Creating package script '/home/starry1n/WUTA/WUTA-FSD/ros2_ws/install/localization_manager/share/localization_manager/package.ps1'
[1.166s] INFO:colcon.colcon_core.shell:Creating package descriptor '/home/starry1n/WUTA/WUTA-FSD/ros2_ws/install/localization_manager/share/localization_manager/package.dsv'
[1.167s] INFO:colcon.colcon_core.shell:Creating package script '/home/starry1n/WUTA/WUTA-FSD/ros2_ws/install/localization_manager/share/localization_manager/package.sh'
[1.168s] INFO:colcon.colcon_core.shell:Creating package script '/home/starry1n/WUTA/WUTA-FSD/ros2_ws/install/localization_manager/share/localization_manager/package.bash'
[1.169s] INFO:colcon.colcon_core.shell:Creating package script '/home/starry1n/WUTA/WUTA-FSD/ros2_ws/install/localization_manager/share/localization_manager/package.zsh'
[1.169s] Level 1:colcon.colcon_core.environment:create_file_with_runtime_dependencies(/home/starry1n/WUTA/WUTA-FSD/ros2_ws/install/localization_manager/share/colcon-core/packages/localization_manager)
[1.170s] Level 1:colcon.colcon_core.environment:create_environment_scripts_only(localization_manager)
[1.170s] Level 1:colcon.colcon_core.environment:checking '/home/starry1n/WUTA/WUTA-FSD/ros2_ws/install/localization_manager' for CMake module files
[1.171s] Level 1:colcon.colcon_core.environment:checking '/home/starry1n/WUTA/WUTA-FSD/ros2_ws/install/localization_manager' for CMake config files
[1.171s] Level 1:colcon.colcon_core.shell:create_environment_hook('localization_manager', 'cmake_prefix_path')
[1.171s] INFO:colcon.colcon_core.shell:Creating environment hook '/home/starry1n/WUTA/WUTA-FSD/ros2_ws/install/localization_manager/share/localization_manager/hook/cmake_prefix_path.ps1'
[1.172s] INFO:colcon.colcon_core.shell:Creating environment descriptor '/home/starry1n/WUTA/WUTA-FSD/ros2_ws/install/localization_manager/share/localization_manager/hook/cmake_prefix_path.dsv'
[1.172s] INFO:colcon.colcon_core.shell:Creating environment hook '/home/starry1n/WUTA/WUTA-FSD/ros2_ws/install/localization_manager/share/localization_manager/hook/cmake_prefix_path.sh'
[1.172s] Level 1:colcon.colcon_core.environment:checking '/home/starry1n/WUTA/WUTA-FSD/ros2_ws/install/localization_manager/lib'
[1.172s] Level 1:colcon.colcon_core.environment:checking '/home/starry1n/WUTA/WUTA-FSD/ros2_ws/install/localization_manager/bin'
[1.172s] Level 1:colcon.colcon_core.environment:checking '/home/starry1n/WUTA/WUTA-FSD/ros2_ws/install/localization_manager/lib/pkgconfig/localization_manager.pc'
[1.173s] Level 1:colcon.colcon_core.environment:checking '/home/starry1n/WUTA/WUTA-FSD/ros2_ws/install/localization_manager/lib/python3.10/site-packages'
[1.173s] Level 1:colcon.colcon_core.environment:checking '/home/starry1n/WUTA/WUTA-FSD/ros2_ws/install/localization_manager/bin'
[1.173s] INFO:colcon.colcon_core.shell:Creating package script '/home/starry1n/WUTA/WUTA-FSD/ros2_ws/install/localization_manager/share/localization_manager/package.ps1'
[1.174s] INFO:colcon.colcon_core.shell:Creating package descriptor '/home/starry1n/WUTA/WUTA-FSD/ros2_ws/install/localization_manager/share/localization_manager/package.dsv'
[1.175s] INFO:colcon.colcon_core.shell:Creating package script '/home/starry1n/WUTA/WUTA-FSD/ros2_ws/install/localization_manager/share/localization_manager/package.sh'
[1.175s] INFO:colcon.colcon_core.shell:Creating package script '/home/starry1n/WUTA/WUTA-FSD/ros2_ws/install/localization_manager/share/localization_manager/package.bash'
[1.176s] INFO:colcon.colcon_core.shell:Creating package script '/home/starry1n/WUTA/WUTA-FSD/ros2_ws/install/localization_manager/share/localization_manager/package.zsh'
[1.176s] Level 1:colcon.colcon_core.environment:create_file_with_runtime_dependencies(/home/starry1n/WUTA/WUTA-FSD/ros2_ws/install/localization_manager/share/colcon-core/packages/localization_manager)
[1.181s] Level 1:colcon.colcon_core.environment:create_environment_scripts_only(boundary_detector)
[1.181s] Level 1:colcon.colcon_core.environment:checking '/home/starry1n/WUTA/WUTA-FSD/ros2_ws/install/boundary_detector' for CMake module files
[1.182s] Level 1:colcon.colcon_core.environment:checking '/home/starry1n/WUTA/WUTA-FSD/ros2_ws/install/boundary_detector' for CMake config files
[1.183s] DEBUG:colcon.colcon_core.event_handler.log_command:Invoking command in '/home/starry1n/WUTA/WUTA-FSD/ros2_ws/build/ndt_localization': AMENT_PREFIX_PATH=/home/starry1n/WUTA/WUTA-FSD/ros2_ws/install/wuta_msgs:${AMENT_PREFIX_PATH} CMAKE_PREFIX_PATH=/home/starry1n/WUTA/WUTA-FSD/ros2_ws/install/wuta_msgs:/opt/ros/humble LD_LIBRARY_PATH=/home/starry1n/WUTA/WUTA-FSD/ros2_ws/install/wuta_msgs/lib:${LD_LIBRARY_PATH} PYTHONPATH=/home/starry1n/WUTA/WUTA-FSD/ros2_ws/install/wuta_msgs/local/lib/python3.10/dist-packages:${PYTHONPATH} /usr/bin/cmake --build /home/starry1n/WUTA/WUTA-FSD/ros2_ws/build/ndt_localization -- -j8 -l8
[1.183s] DEBUG:colcon.colcon_core.event_handler.log_command:Invoked command in '/home/starry1n/WUTA/WUTA-FSD/ros2_ws/build/boundary_detector' returned '0': AMENT_PREFIX_PATH=/home/starry1n/WUTA/WUTA-FSD/ros2_ws/install/wuta_msgs:/home/starry1n/WUTA/WUTA-FSD/ros2_ws/install/autoware_msgs:${AMENT_PREFIX_PATH} CMAKE_PREFIX_PATH=/home/starry1n/WUTA/WUTA-FSD/ros2_ws/install/wuta_msgs:/home/starry1n/WUTA/WUTA-FSD/ros2_ws/install/autoware_msgs:/opt/ros/humble LD_LIBRARY_PATH=/home/starry1n/WUTA/WUTA-FSD/ros2_ws/install/wuta_msgs/lib:/home/starry1n/WUTA/WUTA-FSD/ros2_ws/install/autoware_msgs/lib:${LD_LIBRARY_PATH} PYTHONPATH=/home/starry1n/WUTA/WUTA-FSD/ros2_ws/install/wuta_msgs/local/lib/python3.10/dist-packages:/home/starry1n/WUTA/WUTA-FSD/ros2_ws/install/autoware_msgs/local/lib/python3.10/dist-packages:${PYTHONPATH} /usr/bin/cmake --install /home/starry1n/WUTA/WUTA-FSD/ros2_ws/build/boundary_detector
[1.183s] Level 1:colcon.colcon_core.shell:create_environment_hook('boundary_detector', 'cmake_prefix_path')
[1.183s] INFO:colcon.colcon_core.shell:Creating environment hook '/home/starry1n/WUTA/WUTA-FSD/ros2_ws/install/boundary_detector/share/boundary_detector/hook/cmake_prefix_path.ps1'
[1.184s] INFO:colcon.colcon_core.shell:Creating environment descriptor '/home/starry1n/WUTA/WUTA-FSD/ros2_ws/install/boundary_detector/share/boundary_detector/hook/cmake_prefix_path.dsv'
[1.185s] INFO:colcon.colcon_core.shell:Creating environment hook '/home/starry1n/WUTA/WUTA-FSD/ros2_ws/install/boundary_detector/share/boundary_detector/hook/cmake_prefix_path.sh'
[1.185s] Level 1:colcon.colcon_core.environment:checking '/home/starry1n/WUTA/WUTA-FSD/ros2_ws/install/boundary_detector/lib'
[1.185s] Level 1:colcon.colcon_core.environment:checking '/home/starry1n/WUTA/WUTA-FSD/ros2_ws/install/boundary_detector/bin'
[1.185s] Level 1:colcon.colcon_core.environment:checking '/home/starry1n/WUTA/WUTA-FSD/ros2_ws/install/boundary_detector/lib/pkgconfig/boundary_detector.pc'
[1.185s] Level 1:colcon.colcon_core.environment:checking '/home/starry1n/WUTA/WUTA-FSD/ros2_ws/install/boundary_detector/lib/python3.10/site-packages'
[1.186s] Level 1:colcon.colcon_core.environment:checking '/home/starry1n/WUTA/WUTA-FSD/ros2_ws/install/boundary_detector/bin'
[1.186s] INFO:colcon.colcon_core.shell:Creating package script '/home/starry1n/WUTA/WUTA-FSD/ros2_ws/install/boundary_detector/share/boundary_detector/package.ps1'
[1.186s] INFO:colcon.colcon_core.shell:Creating package descriptor '/home/starry1n/WUTA/WUTA-FSD/ros2_ws/install/boundary_detector/share/boundary_detector/package.dsv'
[1.187s] INFO:colcon.colcon_core.shell:Creating package script '/home/starry1n/WUTA/WUTA-FSD/ros2_ws/install/boundary_detector/share/boundary_detector/package.sh'
[1.188s] INFO:colcon.colcon_core.shell:Creating package script '/home/starry1n/WUTA/WUTA-FSD/ros2_ws/install/boundary_detector/share/boundary_detector/package.bash'
[1.189s] INFO:colcon.colcon_core.shell:Creating package script '/home/starry1n/WUTA/WUTA-FSD/ros2_ws/install/boundary_detector/share/boundary_detector/package.zsh'
[1.189s] Level 1:colcon.colcon_core.environment:create_file_with_runtime_dependencies(/home/starry1n/WUTA/WUTA-FSD/ros2_ws/install/boundary_detector/share/colcon-core/packages/boundary_detector)
[1.190s] Level 1:colcon.colcon_core.environment:create_environment_scripts_only(boundary_detector)
[1.190s] Level 1:colcon.colcon_core.environment:checking '/home/starry1n/WUTA/WUTA-FSD/ros2_ws/install/boundary_detector' for CMake module files
[1.190s] Level 1:colcon.colcon_core.environment:checking '/home/starry1n/WUTA/WUTA-FSD/ros2_ws/install/boundary_detector' for CMake config files
[1.191s] Level 1:colcon.colcon_core.shell:create_environment_hook('boundary_detector', 'cmake_prefix_path')
[1.191s] INFO:colcon.colcon_core.shell:Creating environment hook '/home/starry1n/WUTA/WUTA-FSD/ros2_ws/install/boundary_detector/share/boundary_detector/hook/cmake_prefix_path.ps1'
[1.192s] INFO:colcon.colcon_core.shell:Creating environment descriptor '/home/starry1n/WUTA/WUTA-FSD/ros2_ws/install/boundary_detector/share/boundary_detector/hook/cmake_prefix_path.dsv'
[1.192s] INFO:colcon.colcon_core.shell:Creating environment hook '/home/starry1n/WUTA/WUTA-FSD/ros2_ws/install/boundary_detector/share/boundary_detector/hook/cmake_prefix_path.sh'
[1.192s] Level 1:colcon.colcon_core.environment:checking '/home/starry1n/WUTA/WUTA-FSD/ros2_ws/install/boundary_detector/lib'
[1.192s] Level 1:colcon.colcon_core.environment:checking '/home/starry1n/WUTA/WUTA-FSD/ros2_ws/install/boundary_detector/bin'
[1.192s] Level 1:colcon.colcon_core.environment:checking '/home/starry1n/WUTA/WUTA-FSD/ros2_ws/install/boundary_detector/lib/pkgconfig/boundary_detector.pc'
[1.193s] Level 1:colcon.colcon_core.environment:checking '/home/starry1n/WUTA/WUTA-FSD/ros2_ws/install/boundary_detector/lib/python3.10/site-packages'
[1.193s] Level 1:colcon.colcon_core.environment:checking '/home/starry1n/WUTA/WUTA-FSD/ros2_ws/install/boundary_detector/bin'
[1.193s] INFO:colcon.colcon_core.shell:Creating package script '/home/starry1n/WUTA/WUTA-FSD/ros2_ws/install/boundary_detector/share/boundary_detector/package.ps1'
[1.193s] INFO:colcon.colcon_core.shell:Creating package descriptor '/home/starry1n/WUTA/WUTA-FSD/ros2_ws/install/boundary_detector/share/boundary_detector/package.dsv'
[1.194s] INFO:colcon.colcon_core.shell:Creating package script '/home/starry1n/WUTA/WUTA-FSD/ros2_ws/install/boundary_detector/share/boundary_detector/package.sh'
[1.194s] INFO:colcon.colcon_core.shell:Creating package script '/home/starry1n/WUTA/WUTA-FSD/ros2_ws/install/boundary_detector/share/boundary_detector/package.bash'
[1.194s] INFO:colcon.colcon_core.shell:Creating package script '/home/starry1n/WUTA/WUTA-FSD/ros2_ws/install/boundary_detector/share/boundary_detector/package.zsh'
[1.195s] Level 1:colcon.colcon_core.environment:create_file_with_runtime_dependencies(/home/starry1n/WUTA/WUTA-FSD/ros2_ws/install/boundary_detector/share/colcon-core/packages/boundary_detector)
[1.204s] DEBUG:colcon.colcon_core.event_handler.log_command:Invoking command in '/home/starry1n/WUTA/WUTA-FSD/ros2_ws/build/path_generator': AMENT_PREFIX_PATH=/home/starry1n/WUTA/WUTA-FSD/ros2_ws/install/wuta_msgs:/home/starry1n/WUTA/WUTA-FSD/ros2_ws/install/autoware_msgs:${AMENT_PREFIX_PATH} CMAKE_PREFIX_PATH=/home/starry1n/WUTA/WUTA-FSD/ros2_ws/install/wuta_msgs:/home/starry1n/WUTA/WUTA-FSD/ros2_ws/install/autoware_msgs:/opt/ros/humble LD_LIBRARY_PATH=/home/starry1n/WUTA/WUTA-FSD/ros2_ws/install/wuta_msgs/lib:/home/starry1n/WUTA/WUTA-FSD/ros2_ws/install/autoware_msgs/lib:${LD_LIBRARY_PATH} PYTHONPATH=/home/starry1n/WUTA/WUTA-FSD/ros2_ws/install/wuta_msgs/local/lib/python3.10/dist-packages:/home/starry1n/WUTA/WUTA-FSD/ros2_ws/install/autoware_msgs/local/lib/python3.10/dist-packages:${PYTHONPATH} /usr/bin/cmake --build /home/starry1n/WUTA/WUTA-FSD/ros2_ws/build/path_generator -- -j8 -l8
[1.204s] DEBUG:colcon.colcon_core.event_handler.log_command:Invoked command in '/home/starry1n/WUTA/WUTA-FSD/ros2_ws/build/mission_manager' returned '0': AMENT_PREFIX_PATH=/home/starry1n/WUTA/WUTA-FSD/ros2_ws/install/wuta_msgs:${AMENT_PREFIX_PATH} CMAKE_PREFIX_PATH=/home/starry1n/WUTA/WUTA-FSD/ros2_ws/install/wuta_msgs:/opt/ros/humble LD_LIBRARY_PATH=/home/starry1n/WUTA/WUTA-FSD/ros2_ws/install/wuta_msgs/lib:${LD_LIBRARY_PATH} PYTHONPATH=/home/starry1n/WUTA/WUTA-FSD/ros2_ws/install/wuta_msgs/local/lib/python3.10/dist-packages:${PYTHONPATH} /usr/bin/cmake --build /home/starry1n/WUTA/WUTA-FSD/ros2_ws/build/mission_manager -- -j8 -l8
[1.204s] DEBUG:colcon.colcon_core.event_handler.log_command:Invoking command in '/home/starry1n/WUTA/WUTA-FSD/ros2_ws/build/mission_manager': AMENT_PREFIX_PATH=/home/starry1n/WUTA/WUTA-FSD/ros2_ws/install/wuta_msgs:${AMENT_PREFIX_PATH} CMAKE_PREFIX_PATH=/home/starry1n/WUTA/WUTA-FSD/ros2_ws/install/wuta_msgs:/opt/ros/humble LD_LIBRARY_PATH=/home/starry1n/WUTA/WUTA-FSD/ros2_ws/install/wuta_msgs/lib:${LD_LIBRARY_PATH} PYTHONPATH=/home/starry1n/WUTA/WUTA-FSD/ros2_ws/install/wuta_msgs/local/lib/python3.10/dist-packages:${PYTHONPATH} /usr/bin/cmake --install /home/starry1n/WUTA/WUTA-FSD/ros2_ws/build/mission_manager
[1.204s] DEBUG:colcon.colcon_core.event_handler.log_command:Invoking command in '/home/starry1n/WUTA/WUTA-FSD/ros2_ws/build/wuta_tools': AMENT_PREFIX_PATH=/home/starry1n/WUTA/WUTA-FSD/ros2_ws/install/wuta_msgs:${AMENT_PREFIX_PATH} CMAKE_PREFIX_PATH=/home/starry1n/WUTA/WUTA-FSD/ros2_ws/install/wuta_msgs:/opt/ros/humble LD_LIBRARY_PATH=/home/starry1n/WUTA/WUTA-FSD/ros2_ws/install/wuta_msgs/lib:${LD_LIBRARY_PATH} PYTHONPATH=/home/starry1n/WUTA/WUTA-FSD/ros2_ws/install/wuta_msgs/local/lib/python3.10/dist-packages:${PYTHONPATH} /usr/bin/cmake --build /home/starry1n/WUTA/WUTA-FSD/ros2_ws/build/wuta_tools -- -j8 -l8
[1.227s] Level 1:colcon.colcon_core.environment:create_environment_scripts_only(mission_manager)
[1.228s] Level 1:colcon.colcon_core.environment:checking '/home/starry1n/WUTA/WUTA-FSD/ros2_ws/install/mission_manager' for CMake module files
[1.228s] Level 1:colcon.colcon_core.environment:checking '/home/starry1n/WUTA/WUTA-FSD/ros2_ws/install/mission_manager' for CMake config files
[1.228s] Level 1:colcon.colcon_core.shell:create_environment_hook('mission_manager', 'cmake_prefix_path')
[1.229s] INFO:colcon.colcon_core.shell:Creating environment hook '/home/starry1n/WUTA/WUTA-FSD/ros2_ws/install/mission_manager/share/mission_manager/hook/cmake_prefix_path.ps1'
[1.229s] DEBUG:colcon.colcon_core.event_handler.log_command:Invoked command in '/home/starry1n/WUTA/WUTA-FSD/ros2_ws/build/mission_manager' returned '0': AMENT_PREFIX_PATH=/home/starry1n/WUTA/WUTA-FSD/ros2_ws/install/wuta_msgs:${AMENT_PREFIX_PATH} CMAKE_PREFIX_PATH=/home/starry1n/WUTA/WUTA-FSD/ros2_ws/install/wuta_msgs:/opt/ros/humble LD_LIBRARY_PATH=/home/starry1n/WUTA/WUTA-FSD/ros2_ws/install/wuta_msgs/lib:${LD_LIBRARY_PATH} PYTHONPATH=/home/starry1n/WUTA/WUTA-FSD/ros2_ws/install/wuta_msgs/local/lib/python3.10/dist-packages:${PYTHONPATH} /usr/bin/cmake --install /home/starry1n/WUTA/WUTA-FSD/ros2_ws/build/mission_manager
[1.230s] INFO:colcon.colcon_core.shell:Creating environment descriptor '/home/starry1n/WUTA/WUTA-FSD/ros2_ws/install/mission_manager/share/mission_manager/hook/cmake_prefix_path.dsv'
[1.231s] INFO:colcon.colcon_core.shell:Creating environment hook '/home/starry1n/WUTA/WUTA-FSD/ros2_ws/install/mission_manager/share/mission_manager/hook/cmake_prefix_path.sh'
[1.232s] Level 1:colcon.colcon_core.environment:checking '/home/starry1n/WUTA/WUTA-FSD/ros2_ws/install/mission_manager/lib'
[1.233s] Level 1:colcon.colcon_core.environment:checking '/home/starry1n/WUTA/WUTA-FSD/ros2_ws/install/mission_manager/bin'
[1.233s] Level 1:colcon.colcon_core.environment:checking '/home/starry1n/WUTA/WUTA-FSD/ros2_ws/install/mission_manager/lib/pkgconfig/mission_manager.pc'
[1.233s] Level 1:colcon.colcon_core.environment:checking '/home/starry1n/WUTA/WUTA-FSD/ros2_ws/install/mission_manager/lib/python3.10/site-packages'
[1.233s] Level 1:colcon.colcon_core.environment:checking '/home/starry1n/WUTA/WUTA-FSD/ros2_ws/install/mission_manager/bin'
[1.233s] INFO:colcon.colcon_core.shell:Creating package script '/home/starry1n/WUTA/WUTA-FSD/ros2_ws/install/mission_manager/share/mission_manager/package.ps1'
[1.235s] INFO:colcon.colcon_core.shell:Creating package descriptor '/home/starry1n/WUTA/WUTA-FSD/ros2_ws/install/mission_manager/share/mission_manager/package.dsv'
[1.236s] INFO:colcon.colcon_core.shell:Creating package script '/home/starry1n/WUTA/WUTA-FSD/ros2_ws/install/mission_manager/share/mission_manager/package.sh'
[1.236s] INFO:colcon.colcon_core.shell:Creating package script '/home/starry1n/WUTA/WUTA-FSD/ros2_ws/install/mission_manager/share/mission_manager/package.bash'
[1.237s] INFO:colcon.colcon_core.shell:Creating package script '/home/starry1n/WUTA/WUTA-FSD/ros2_ws/install/mission_manager/share/mission_manager/package.zsh'
[1.238s] Level 1:colcon.colcon_core.environment:create_file_with_runtime_dependencies(/home/starry1n/WUTA/WUTA-FSD/ros2_ws/install/mission_manager/share/colcon-core/packages/mission_manager)
[1.240s] Level 1:colcon.colcon_core.environment:create_environment_scripts_only(mission_manager)
[1.240s] Level 1:colcon.colcon_core.environment:checking '/home/starry1n/WUTA/WUTA-FSD/ros2_ws/install/mission_manager' for CMake module files
[1.241s] Level 1:colcon.colcon_core.environment:checking '/home/starry1n/WUTA/WUTA-FSD/ros2_ws/install/mission_manager' for CMake config files
[1.241s] Level 1:colcon.colcon_core.shell:create_environment_hook('mission_manager', 'cmake_prefix_path')
[1.241s] INFO:colcon.colcon_core.shell:Creating environment hook '/home/starry1n/WUTA/WUTA-FSD/ros2_ws/install/mission_manager/share/mission_manager/hook/cmake_prefix_path.ps1'
[1.242s] INFO:colcon.colcon_core.shell:Creating environment descriptor '/home/starry1n/WUTA/WUTA-FSD/ros2_ws/install/mission_manager/share/mission_manager/hook/cmake_prefix_path.dsv'
[1.243s] INFO:colcon.colcon_core.shell:Creating environment hook '/home/starry1n/WUTA/WUTA-FSD/ros2_ws/install/mission_manager/share/mission_manager/hook/cmake_prefix_path.sh'
[1.244s] Level 1:colcon.colcon_core.environment:checking '/home/starry1n/WUTA/WUTA-FSD/ros2_ws/install/mission_manager/lib'
[1.244s] Level 1:colcon.colcon_core.environment:checking '/home/starry1n/WUTA/WUTA-FSD/ros2_ws/install/mission_manager/bin'
[1.244s] Level 1:colcon.colcon_core.environment:checking '/home/starry1n/WUTA/WUTA-FSD/ros2_ws/install/mission_manager/lib/pkgconfig/mission_manager.pc'
[1.244s] Level 1:colcon.colcon_core.environment:checking '/home/starry1n/WUTA/WUTA-FSD/ros2_ws/install/mission_manager/lib/python3.10/site-packages'
[1.245s] Level 1:colcon.colcon_core.environment:checking '/home/starry1n/WUTA/WUTA-FSD/ros2_ws/install/mission_manager/bin'
[1.245s] INFO:colcon.colcon_core.shell:Creating package script '/home/starry1n/WUTA/WUTA-FSD/ros2_ws/install/mission_manager/share/mission_manager/package.ps1'
[1.247s] INFO:colcon.colcon_core.shell:Creating package descriptor '/home/starry1n/WUTA/WUTA-FSD/ros2_ws/install/mission_manager/share/mission_manager/package.dsv'
[1.248s] INFO:colcon.colcon_core.shell:Creating package script '/home/starry1n/WUTA/WUTA-FSD/ros2_ws/install/mission_manager/share/mission_manager/package.sh'
[1.249s] INFO:colcon.colcon_core.shell:Creating package script '/home/starry1n/WUTA/WUTA-FSD/ros2_ws/install/mission_manager/share/mission_manager/package.bash'
[1.250s] INFO:colcon.colcon_core.shell:Creating package script '/home/starry1n/WUTA/WUTA-FSD/ros2_ws/install/mission_manager/share/mission_manager/package.zsh'
[1.251s] Level 1:colcon.colcon_core.environment:create_file_with_runtime_dependencies(/home/starry1n/WUTA/WUTA-FSD/ros2_ws/install/mission_manager/share/colcon-core/packages/mission_manager)
[1.256s] DEBUG:colcon.colcon_core.event_handler.log_command:Invoked command in '/home/starry1n/WUTA/WUTA-FSD/ros2_ws/build/wuta_tools' returned '0': AMENT_PREFIX_PATH=/home/starry1n/WUTA/WUTA-FSD/ros2_ws/install/wuta_msgs:${AMENT_PREFIX_PATH} CMAKE_PREFIX_PATH=/home/starry1n/WUTA/WUTA-FSD/ros2_ws/install/wuta_msgs:/opt/ros/humble LD_LIBRARY_PATH=/home/starry1n/WUTA/WUTA-FSD/ros2_ws/install/wuta_msgs/lib:${LD_LIBRARY_PATH} PYTHONPATH=/home/starry1n/WUTA/WUTA-FSD/ros2_ws/install/wuta_msgs/local/lib/python3.10/dist-packages:${PYTHONPATH} /usr/bin/cmake --build /home/starry1n/WUTA/WUTA-FSD/ros2_ws/build/wuta_tools -- -j8 -l8
[1.256s] DEBUG:colcon.colcon_core.event_handler.log_command:Invoking command in '/home/starry1n/WUTA/WUTA-FSD/ros2_ws/build/wuta_tools': AMENT_PREFIX_PATH=/home/starry1n/WUTA/WUTA-FSD/ros2_ws/install/wuta_msgs:${AMENT_PREFIX_PATH} CMAKE_PREFIX_PATH=/home/starry1n/WUTA/WUTA-FSD/ros2_ws/install/wuta_msgs:/opt/ros/humble LD_LIBRARY_PATH=/home/starry1n/WUTA/WUTA-FSD/ros2_ws/install/wuta_msgs/lib:${LD_LIBRARY_PATH} PYTHONPATH=/home/starry1n/WUTA/WUTA-FSD/ros2_ws/install/wuta_msgs/local/lib/python3.10/dist-packages:${PYTHONPATH} /usr/bin/cmake --install /home/starry1n/WUTA/WUTA-FSD/ros2_ws/build/wuta_tools
[1.287s] DEBUG:colcon.colcon_core.event_handler.log_command:Invoked command in '/home/starry1n/WUTA/WUTA-FSD/ros2_ws/build/ndt_localization' returned '0': AMENT_PREFIX_PATH=/home/starry1n/WUTA/WUTA-FSD/ros2_ws/install/wuta_msgs:${AMENT_PREFIX_PATH} CMAKE_PREFIX_PATH=/home/starry1n/WUTA/WUTA-FSD/ros2_ws/install/wuta_msgs:/opt/ros/humble LD_LIBRARY_PATH=/home/starry1n/WUTA/WUTA-FSD/ros2_ws/install/wuta_msgs/lib:${LD_LIBRARY_PATH} PYTHONPATH=/home/starry1n/WUTA/WUTA-FSD/ros2_ws/install/wuta_msgs/local/lib/python3.10/dist-packages:${PYTHONPATH} /usr/bin/cmake --build /home/starry1n/WUTA/WUTA-FSD/ros2_ws/build/ndt_localization -- -j8 -l8
[1.287s] DEBUG:colcon.colcon_core.event_handler.log_command:Invoking command in '/home/starry1n/WUTA/WUTA-FSD/ros2_ws/build/ndt_localization': AMENT_PREFIX_PATH=/home/starry1n/WUTA/WUTA-FSD/ros2_ws/install/wuta_msgs:${AMENT_PREFIX_PATH} CMAKE_PREFIX_PATH=/home/starry1n/WUTA/WUTA-FSD/ros2_ws/install/wuta_msgs:/opt/ros/humble LD_LIBRARY_PATH=/home/starry1n/WUTA/WUTA-FSD/ros2_ws/install/wuta_msgs/lib:${LD_LIBRARY_PATH} PYTHONPATH=/home/starry1n/WUTA/WUTA-FSD/ros2_ws/install/wuta_msgs/local/lib/python3.10/dist-packages:${PYTHONPATH} /usr/bin/cmake --install /home/starry1n/WUTA/WUTA-FSD/ros2_ws/build/ndt_localization
[1.295s] Level 1:colcon.colcon_core.environment:create_environment_scripts_only(wuta_tools)
[1.295s] Level 1:colcon.colcon_core.environment:checking '/home/starry1n/WUTA/WUTA-FSD/ros2_ws/install/wuta_tools' for CMake module files
[1.296s] DEBUG:colcon.colcon_core.event_handler.log_command:Invoked command in '/home/starry1n/WUTA/WUTA-FSD/ros2_ws/build/wuta_tools' returned '0': AMENT_PREFIX_PATH=/home/starry1n/WUTA/WUTA-FSD/ros2_ws/install/wuta_msgs:${AMENT_PREFIX_PATH} CMAKE_PREFIX_PATH=/home/starry1n/WUTA/WUTA-FSD/ros2_ws/install/wuta_msgs:/opt/ros/humble LD_LIBRARY_PATH=/home/starry1n/WUTA/WUTA-FSD/ros2_ws/install/wuta_msgs/lib:${LD_LIBRARY_PATH} PYTHONPATH=/home/starry1n/WUTA/WUTA-FSD/ros2_ws/install/wuta_msgs/local/lib/python3.10/dist-packages:${PYTHONPATH} /usr/bin/cmake --install /home/starry1n/WUTA/WUTA-FSD/ros2_ws/build/wuta_tools
[1.296s] Level 1:colcon.colcon_core.environment:checking '/home/starry1n/WUTA/WUTA-FSD/ros2_ws/install/wuta_tools' for CMake config files
[1.296s] Level 1:colcon.colcon_core.shell:create_environment_hook('wuta_tools', 'cmake_prefix_path')
[1.296s] INFO:colcon.colcon_core.shell:Creating environment hook '/home/starry1n/WUTA/WUTA-FSD/ros2_ws/install/wuta_tools/share/wuta_tools/hook/cmake_prefix_path.ps1'
[1.297s] INFO:colcon.colcon_core.shell:Creating environment descriptor '/home/starry1n/WUTA/WUTA-FSD/ros2_ws/install/wuta_tools/share/wuta_tools/hook/cmake_prefix_path.dsv'
[1.297s] INFO:colcon.colcon_core.shell:Creating environment hook '/home/starry1n/WUTA/WUTA-FSD/ros2_ws/install/wuta_tools/share/wuta_tools/hook/cmake_prefix_path.sh'
[1.298s] Level 1:colcon.colcon_core.environment:checking '/home/starry1n/WUTA/WUTA-FSD/ros2_ws/install/wuta_tools/bin'
[1.298s] Level 1:colcon.colcon_core.environment:checking '/home/starry1n/WUTA/WUTA-FSD/ros2_ws/install/wuta_tools/lib/pkgconfig/wuta_tools.pc'
[1.298s] Level 1:colcon.colcon_core.environment:checking '/home/starry1n/WUTA/WUTA-FSD/ros2_ws/install/wuta_tools/lib/python3.10/site-packages'
[1.298s] Level 1:colcon.colcon_core.environment:checking '/home/starry1n/WUTA/WUTA-FSD/ros2_ws/install/wuta_tools/bin'
[1.298s] INFO:colcon.colcon_core.shell:Creating package script '/home/starry1n/WUTA/WUTA-FSD/ros2_ws/install/wuta_tools/share/wuta_tools/package.ps1'
[1.299s] INFO:colcon.colcon_core.shell:Creating package descriptor '/home/starry1n/WUTA/WUTA-FSD/ros2_ws/install/wuta_tools/share/wuta_tools/package.dsv'
[1.299s] INFO:colcon.colcon_core.shell:Creating package script '/home/starry1n/WUTA/WUTA-FSD/ros2_ws/install/wuta_tools/share/wuta_tools/package.sh'
[1.299s] INFO:colcon.colcon_core.shell:Creating package script '/home/starry1n/WUTA/WUTA-FSD/ros2_ws/install/wuta_tools/share/wuta_tools/package.bash'
[1.300s] INFO:colcon.colcon_core.shell:Creating package script '/home/starry1n/WUTA/WUTA-FSD/ros2_ws/install/wuta_tools/share/wuta_tools/package.zsh'
[1.300s] Level 1:colcon.colcon_core.environment:create_file_with_runtime_dependencies(/home/starry1n/WUTA/WUTA-FSD/ros2_ws/install/wuta_tools/share/colcon-core/packages/wuta_tools)
[1.301s] Level 1:colcon.colcon_core.environment:create_environment_scripts_only(wuta_tools)
[1.301s] Level 1:colcon.colcon_core.environment:checking '/home/starry1n/WUTA/WUTA-FSD/ros2_ws/install/wuta_tools' for CMake module files
[1.301s] Level 1:colcon.colcon_core.environment:checking '/home/starry1n/WUTA/WUTA-FSD/ros2_ws/install/wuta_tools' for CMake config files
[1.301s] Level 1:colcon.colcon_core.shell:create_environment_hook('wuta_tools', 'cmake_prefix_path')
[1.301s] INFO:colcon.colcon_core.shell:Creating environment hook '/home/starry1n/WUTA/WUTA-FSD/ros2_ws/install/wuta_tools/share/wuta_tools/hook/cmake_prefix_path.ps1'
[1.302s] INFO:colcon.colcon_core.shell:Creating environment descriptor '/home/starry1n/WUTA/WUTA-FSD/ros2_ws/install/wuta_tools/share/wuta_tools/hook/cmake_prefix_path.dsv'
[1.302s] INFO:colcon.colcon_core.shell:Creating environment hook '/home/starry1n/WUTA/WUTA-FSD/ros2_ws/install/wuta_tools/share/wuta_tools/hook/cmake_prefix_path.sh'
[1.303s] Level 1:colcon.colcon_core.environment:checking '/home/starry1n/WUTA/WUTA-FSD/ros2_ws/install/wuta_tools/bin'
[1.303s] Level 1:colcon.colcon_core.environment:checking '/home/starry1n/WUTA/WUTA-FSD/ros2_ws/install/wuta_tools/lib/pkgconfig/wuta_tools.pc'
[1.303s] Level 1:colcon.colcon_core.environment:checking '/home/starry1n/WUTA/WUTA-FSD/ros2_ws/install/wuta_tools/lib/python3.10/site-packages'
[1.303s] Level 1:colcon.colcon_core.environment:checking '/home/starry1n/WUTA/WUTA-FSD/ros2_ws/install/wuta_tools/bin'
[1.303s] INFO:colcon.colcon_core.shell:Creating package script '/home/starry1n/WUTA/WUTA-FSD/ros2_ws/install/wuta_tools/share/wuta_tools/package.ps1'
[1.304s] INFO:colcon.colcon_core.shell:Creating package descriptor '/home/starry1n/WUTA/WUTA-FSD/ros2_ws/install/wuta_tools/share/wuta_tools/package.dsv'
[1.304s] INFO:colcon.colcon_core.shell:Creating package script '/home/starry1n/WUTA/WUTA-FSD/ros2_ws/install/wuta_tools/share/wuta_tools/package.sh'
[1.305s] INFO:colcon.colcon_core.shell:Creating package script '/home/starry1n/WUTA/WUTA-FSD/ros2_ws/install/wuta_tools/share/wuta_tools/package.bash'
[1.306s] INFO:colcon.colcon_core.shell:Creating package script '/home/starry1n/WUTA/WUTA-FSD/ros2_ws/install/wuta_tools/share/wuta_tools/package.zsh'
[1.306s] Level 1:colcon.colcon_core.environment:create_file_with_runtime_dependencies(/home/starry1n/WUTA/WUTA-FSD/ros2_ws/install/wuta_tools/share/colcon-core/packages/wuta_tools)
[1.308s] DEBUG:colcon.colcon_core.event_handler.log_command:Invoked command in '/home/starry1n/WUTA/WUTA-FSD/ros2_ws/build/path_generator' returned '0': AMENT_PREFIX_PATH=/home/starry1n/WUTA/WUTA-FSD/ros2_ws/install/wuta_msgs:/home/starry1n/WUTA/WUTA-FSD/ros2_ws/install/autoware_msgs:${AMENT_PREFIX_PATH} CMAKE_PREFIX_PATH=/home/starry1n/WUTA/WUTA-FSD/ros2_ws/install/wuta_msgs:/home/starry1n/WUTA/WUTA-FSD/ros2_ws/install/autoware_msgs:/opt/ros/humble LD_LIBRARY_PATH=/home/starry1n/WUTA/WUTA-FSD/ros2_ws/install/wuta_msgs/lib:/home/starry1n/WUTA/WUTA-FSD/ros2_ws/install/autoware_msgs/lib:${LD_LIBRARY_PATH} PYTHONPATH=/home/starry1n/WUTA/WUTA-FSD/ros2_ws/install/wuta_msgs/local/lib/python3.10/dist-packages:/home/starry1n/WUTA/WUTA-FSD/ros2_ws/install/autoware_msgs/local/lib/python3.10/dist-packages:${PYTHONPATH} /usr/bin/cmake --build /home/starry1n/WUTA/WUTA-FSD/ros2_ws/build/path_generator -- -j8 -l8
[1.309s] DEBUG:colcon.colcon_core.event_handler.log_command:Invoking command in '/home/starry1n/WUTA/WUTA-FSD/ros2_ws/build/path_generator': AMENT_PREFIX_PATH=/home/starry1n/WUTA/WUTA-FSD/ros2_ws/install/wuta_msgs:/home/starry1n/WUTA/WUTA-FSD/ros2_ws/install/autoware_msgs:${AMENT_PREFIX_PATH} CMAKE_PREFIX_PATH=/home/starry1n/WUTA/WUTA-FSD/ros2_ws/install/wuta_msgs:/home/starry1n/WUTA/WUTA-FSD/ros2_ws/install/autoware_msgs:/opt/ros/humble LD_LIBRARY_PATH=/home/starry1n/WUTA/WUTA-FSD/ros2_ws/install/wuta_msgs/lib:/home/starry1n/WUTA/WUTA-FSD/ros2_ws/install/autoware_msgs/lib:${LD_LIBRARY_PATH} PYTHONPATH=/home/starry1n/WUTA/WUTA-FSD/ros2_ws/install/wuta_msgs/local/lib/python3.10/dist-packages:/home/starry1n/WUTA/WUTA-FSD/ros2_ws/install/autoware_msgs/local/lib/python3.10/dist-packages:${PYTHONPATH} /usr/bin/cmake --install /home/starry1n/WUTA/WUTA-FSD/ros2_ws/build/path_generator
[1.317s] Level 1:colcon.colcon_core.environment:create_environment_scripts_only(ndt_localization)
[1.317s] DEBUG:colcon.colcon_core.event_handler.log_command:Invoked command in '/home/starry1n/WUTA/WUTA-FSD/ros2_ws/build/ndt_localization' returned '0': AMENT_PREFIX_PATH=/home/starry1n/WUTA/WUTA-FSD/ros2_ws/install/wuta_msgs:${AMENT_PREFIX_PATH} CMAKE_PREFIX_PATH=/home/starry1n/WUTA/WUTA-FSD/ros2_ws/install/wuta_msgs:/opt/ros/humble LD_LIBRARY_PATH=/home/starry1n/WUTA/WUTA-FSD/ros2_ws/install/wuta_msgs/lib:${LD_LIBRARY_PATH} PYTHONPATH=/home/starry1n/WUTA/WUTA-FSD/ros2_ws/install/wuta_msgs/local/lib/python3.10/dist-packages:${PYTHONPATH} /usr/bin/cmake --install /home/starry1n/WUTA/WUTA-FSD/ros2_ws/build/ndt_localization
[1.317s] Level 1:colcon.colcon_core.environment:checking '/home/starry1n/WUTA/WUTA-FSD/ros2_ws/install/ndt_localization' for CMake module files
[1.318s] Level 1:colcon.colcon_core.environment:checking '/home/starry1n/WUTA/WUTA-FSD/ros2_ws/install/ndt_localization' for CMake config files
[1.319s] Level 1:colcon.colcon_core.shell:create_environment_hook('ndt_localization', 'cmake_prefix_path')
[1.319s] INFO:colcon.colcon_core.shell:Creating environment hook '/home/starry1n/WUTA/WUTA-FSD/ros2_ws/install/ndt_localization/share/ndt_localization/hook/cmake_prefix_path.ps1'
[1.320s] INFO:colcon.colcon_core.shell:Creating environment descriptor '/home/starry1n/WUTA/WUTA-FSD/ros2_ws/install/ndt_localization/share/ndt_localization/hook/cmake_prefix_path.dsv'
[1.321s] INFO:colcon.colcon_core.shell:Creating environment hook '/home/starry1n/WUTA/WUTA-FSD/ros2_ws/install/ndt_localization/share/ndt_localization/hook/cmake_prefix_path.sh'
[1.321s] Level 1:colcon.colcon_core.environment:checking '/home/starry1n/WUTA/WUTA-FSD/ros2_ws/install/ndt_localization/lib'
[1.321s] Level 1:colcon.colcon_core.environment:checking '/home/starry1n/WUTA/WUTA-FSD/ros2_ws/install/ndt_localization/bin'
[1.321s] Level 1:colcon.colcon_core.environment:checking '/home/starry1n/WUTA/WUTA-FSD/ros2_ws/install/ndt_localization/lib/pkgconfig/ndt_localization.pc'
[1.322s] Level 1:colcon.colcon_core.environment:checking '/home/starry1n/WUTA/WUTA-FSD/ros2_ws/install/ndt_localization/lib/python3.10/site-packages'
[1.322s] Level 1:colcon.colcon_core.environment:checking '/home/starry1n/WUTA/WUTA-FSD/ros2_ws/install/ndt_localization/bin'
[1.322s] INFO:colcon.colcon_core.shell:Creating package script '/home/starry1n/WUTA/WUTA-FSD/ros2_ws/install/ndt_localization/share/ndt_localization/package.ps1'
[1.322s] INFO:colcon.colcon_core.shell:Creating package descriptor '/home/starry1n/WUTA/WUTA-FSD/ros2_ws/install/ndt_localization/share/ndt_localization/package.dsv'
[1.323s] INFO:colcon.colcon_core.shell:Creating package script '/home/starry1n/WUTA/WUTA-FSD/ros2_ws/install/ndt_localization/share/ndt_localization/package.sh'
[1.323s] INFO:colcon.colcon_core.shell:Creating package script '/home/starry1n/WUTA/WUTA-FSD/ros2_ws/install/ndt_localization/share/ndt_localization/package.bash'
[1.323s] INFO:colcon.colcon_core.shell:Creating package script '/home/starry1n/WUTA/WUTA-FSD/ros2_ws/install/ndt_localization/share/ndt_localization/package.zsh'
[1.323s] Level 1:colcon.colcon_core.environment:create_file_with_runtime_dependencies(/home/starry1n/WUTA/WUTA-FSD/ros2_ws/install/ndt_localization/share/colcon-core/packages/ndt_localization)
[1.325s] Level 1:colcon.colcon_core.environment:create_environment_scripts_only(ndt_localization)
[1.325s] Level 1:colcon.colcon_core.environment:checking '/home/starry1n/WUTA/WUTA-FSD/ros2_ws/install/ndt_localization' for CMake module files
[1.325s] Level 1:colcon.colcon_core.environment:checking '/home/starry1n/WUTA/WUTA-FSD/ros2_ws/install/ndt_localization' for CMake config files
[1.325s] Level 1:colcon.colcon_core.shell:create_environment_hook('ndt_localization', 'cmake_prefix_path')
[1.325s] INFO:colcon.colcon_core.shell:Creating environment hook '/home/starry1n/WUTA/WUTA-FSD/ros2_ws/install/ndt_localization/share/ndt_localization/hook/cmake_prefix_path.ps1'
[1.326s] INFO:colcon.colcon_core.shell:Creating environment descriptor '/home/starry1n/WUTA/WUTA-FSD/ros2_ws/install/ndt_localization/share/ndt_localization/hook/cmake_prefix_path.dsv'
[1.326s] INFO:colcon.colcon_core.shell:Creating environment hook '/home/starry1n/WUTA/WUTA-FSD/ros2_ws/install/ndt_localization/share/ndt_localization/hook/cmake_prefix_path.sh'
[1.329s] Level 1:colcon.colcon_core.environment:checking '/home/starry1n/WUTA/WUTA-FSD/ros2_ws/install/ndt_localization/lib'
[1.329s] Level 1:colcon.colcon_core.environment:checking '/home/starry1n/WUTA/WUTA-FSD/ros2_ws/install/ndt_localization/bin'
[1.329s] Level 1:colcon.colcon_core.environment:checking '/home/starry1n/WUTA/WUTA-FSD/ros2_ws/install/ndt_localization/lib/pkgconfig/ndt_localization.pc'
[1.329s] Level 1:colcon.colcon_core.environment:checking '/home/starry1n/WUTA/WUTA-FSD/ros2_ws/install/ndt_localization/lib/python3.10/site-packages'
[1.329s] Level 1:colcon.colcon_core.environment:checking '/home/starry1n/WUTA/WUTA-FSD/ros2_ws/install/ndt_localization/bin'
[1.330s] INFO:colcon.colcon_core.shell:Creating package script '/home/starry1n/WUTA/WUTA-FSD/ros2_ws/install/ndt_localization/share/ndt_localization/package.ps1'
[1.331s] INFO:colcon.colcon_core.shell:Creating package descriptor '/home/starry1n/WUTA/WUTA-FSD/ros2_ws/install/ndt_localization/share/ndt_localization/package.dsv'
[1.332s] INFO:colcon.colcon_core.shell:Creating package script '/home/starry1n/WUTA/WUTA-FSD/ros2_ws/install/ndt_localization/share/ndt_localization/package.sh'
[1.333s] INFO:colcon.colcon_core.shell:Creating package script '/home/starry1n/WUTA/WUTA-FSD/ros2_ws/install/ndt_localization/share/ndt_localization/package.bash'
[1.333s] INFO:colcon.colcon_core.shell:Creating package script '/home/starry1n/WUTA/WUTA-FSD/ros2_ws/install/ndt_localization/share/ndt_localization/package.zsh'
[1.334s] Level 1:colcon.colcon_core.environment:create_file_with_runtime_dependencies(/home/starry1n/WUTA/WUTA-FSD/ros2_ws/install/ndt_localization/share/colcon-core/packages/ndt_localization)
[1.338s] Level 1:colcon.colcon_core.environment:create_environment_scripts_only(path_generator)
[1.338s] DEBUG:colcon.colcon_core.event_handler.log_command:Invoked command in '/home/starry1n/WUTA/WUTA-FSD/ros2_ws/build/path_generator' returned '0': AMENT_PREFIX_PATH=/home/starry1n/WUTA/WUTA-FSD/ros2_ws/install/wuta_msgs:/home/starry1n/WUTA/WUTA-FSD/ros2_ws/install/autoware_msgs:${AMENT_PREFIX_PATH} CMAKE_PREFIX_PATH=/home/starry1n/WUTA/WUTA-FSD/ros2_ws/install/wuta_msgs:/home/starry1n/WUTA/WUTA-FSD/ros2_ws/install/autoware_msgs:/opt/ros/humble LD_LIBRARY_PATH=/home/starry1n/WUTA/WUTA-FSD/ros2_ws/install/wuta_msgs/lib:/home/starry1n/WUTA/WUTA-FSD/ros2_ws/install/autoware_msgs/lib:${LD_LIBRARY_PATH} PYTHONPATH=/home/starry1n/WUTA/WUTA-FSD/ros2_ws/install/wuta_msgs/local/lib/python3.10/dist-packages:/home/starry1n/WUTA/WUTA-FSD/ros2_ws/install/autoware_msgs/local/lib/python3.10/dist-packages:${PYTHONPATH} /usr/bin/cmake --install /home/starry1n/WUTA/WUTA-FSD/ros2_ws/build/path_generator
[1.339s] Level 1:colcon.colcon_core.environment:checking '/home/starry1n/WUTA/WUTA-FSD/ros2_ws/install/path_generator' for CMake module files
[1.340s] Level 1:colcon.colcon_core.environment:checking '/home/starry1n/WUTA/WUTA-FSD/ros2_ws/install/path_generator' for CMake config files
[1.340s] Level 1:colcon.colcon_core.shell:create_environment_hook('path_generator', 'cmake_prefix_path')
[1.340s] INFO:colcon.colcon_core.shell:Creating environment hook '/home/starry1n/WUTA/WUTA-FSD/ros2_ws/install/path_generator/share/path_generator/hook/cmake_prefix_path.ps1'
[1.341s] INFO:colcon.colcon_core.shell:Creating environment descriptor '/home/starry1n/WUTA/WUTA-FSD/ros2_ws/install/path_generator/share/path_generator/hook/cmake_prefix_path.dsv'
[1.341s] INFO:colcon.colcon_core.shell:Creating environment hook '/home/starry1n/WUTA/WUTA-FSD/ros2_ws/install/path_generator/share/path_generator/hook/cmake_prefix_path.sh'
[1.341s] Level 1:colcon.colcon_core.environment:checking '/home/starry1n/WUTA/WUTA-FSD/ros2_ws/install/path_generator/lib'
[1.341s] Level 1:colcon.colcon_core.environment:checking '/home/starry1n/WUTA/WUTA-FSD/ros2_ws/install/path_generator/bin'
[1.342s] Level 1:colcon.colcon_core.environment:checking '/home/starry1n/WUTA/WUTA-FSD/ros2_ws/install/path_generator/lib/pkgconfig/path_generator.pc'
[1.342s] Level 1:colcon.colcon_core.environment:checking '/home/starry1n/WUTA/WUTA-FSD/ros2_ws/install/path_generator/lib/python3.10/site-packages'
[1.342s] Level 1:colcon.colcon_core.environment:checking '/home/starry1n/WUTA/WUTA-FSD/ros2_ws/install/path_generator/bin'
[1.342s] INFO:colcon.colcon_core.shell:Creating package script '/home/starry1n/WUTA/WUTA-FSD/ros2_ws/install/path_generator/share/path_generator/package.ps1'
[1.342s] INFO:colcon.colcon_core.shell:Creating package descriptor '/home/starry1n/WUTA/WUTA-FSD/ros2_ws/install/path_generator/share/path_generator/package.dsv'
[1.343s] INFO:colcon.colcon_core.shell:Creating package script '/home/starry1n/WUTA/WUTA-FSD/ros2_ws/install/path_generator/share/path_generator/package.sh'
[1.343s] INFO:colcon.colcon_core.shell:Creating package script '/home/starry1n/WUTA/WUTA-FSD/ros2_ws/install/path_generator/share/path_generator/package.bash'
[1.343s] INFO:colcon.colcon_core.shell:Creating package script '/home/starry1n/WUTA/WUTA-FSD/ros2_ws/install/path_generator/share/path_generator/package.zsh'
[1.344s] Level 1:colcon.colcon_core.environment:create_file_with_runtime_dependencies(/home/starry1n/WUTA/WUTA-FSD/ros2_ws/install/path_generator/share/colcon-core/packages/path_generator)
[1.344s] Level 1:colcon.colcon_core.environment:create_environment_scripts_only(path_generator)
[1.344s] Level 1:colcon.colcon_core.environment:checking '/home/starry1n/WUTA/WUTA-FSD/ros2_ws/install/path_generator' for CMake module files
[1.345s] Level 1:colcon.colcon_core.environment:checking '/home/starry1n/WUTA/WUTA-FSD/ros2_ws/install/path_generator' for CMake config files
[1.345s] Level 1:colcon.colcon_core.shell:create_environment_hook('path_generator', 'cmake_prefix_path')
[1.345s] INFO:colcon.colcon_core.shell:Creating environment hook '/home/starry1n/WUTA/WUTA-FSD/ros2_ws/install/path_generator/share/path_generator/hook/cmake_prefix_path.ps1'
[1.345s] INFO:colcon.colcon_core.shell:Creating environment descriptor '/home/starry1n/WUTA/WUTA-FSD/ros2_ws/install/path_generator/share/path_generator/hook/cmake_prefix_path.dsv'
[1.345s] INFO:colcon.colcon_core.shell:Creating environment hook '/home/starry1n/WUTA/WUTA-FSD/ros2_ws/install/path_generator/share/path_generator/hook/cmake_prefix_path.sh'
[1.346s] Level 1:colcon.colcon_core.environment:checking '/home/starry1n/WUTA/WUTA-FSD/ros2_ws/install/path_generator/lib'
[1.346s] Level 1:colcon.colcon_core.environment:checking '/home/starry1n/WUTA/WUTA-FSD/ros2_ws/install/path_generator/bin'
[1.346s] Level 1:colcon.colcon_core.environment:checking '/home/starry1n/WUTA/WUTA-FSD/ros2_ws/install/path_generator/lib/pkgconfig/path_generator.pc'
[1.346s] Level 1:colcon.colcon_core.environment:checking '/home/starry1n/WUTA/WUTA-FSD/ros2_ws/install/path_generator/lib/python3.10/site-packages'
[1.346s] Level 1:colcon.colcon_core.environment:checking '/home/starry1n/WUTA/WUTA-FSD/ros2_ws/install/path_generator/bin'
[1.347s] INFO:colcon.colcon_core.shell:Creating package script '/home/starry1n/WUTA/WUTA-FSD/ros2_ws/install/path_generator/share/path_generator/package.ps1'
[1.347s] INFO:colcon.colcon_core.shell:Creating package descriptor '/home/starry1n/WUTA/WUTA-FSD/ros2_ws/install/path_generator/share/path_generator/package.dsv'
[1.347s] INFO:colcon.colcon_core.shell:Creating package script '/home/starry1n/WUTA/WUTA-FSD/ros2_ws/install/path_generator/share/path_generator/package.sh'
[1.348s] INFO:colcon.colcon_core.shell:Creating package script '/home/starry1n/WUTA/WUTA-FSD/ros2_ws/install/path_generator/share/path_generator/package.bash'
[1.348s] INFO:colcon.colcon_core.shell:Creating package script '/home/starry1n/WUTA/WUTA-FSD/ros2_ws/install/path_generator/share/path_generator/package.zsh'
[1.348s] Level 1:colcon.colcon_core.environment:create_file_with_runtime_dependencies(/home/starry1n/WUTA/WUTA-FSD/ros2_ws/install/path_generator/share/colcon-core/packages/path_generator)
[13.066s] DEBUG:colcon.colcon_core.event_handler.log_command:Invoked command in '/home/starry1n/WUTA/WUTA-FSD/ros2_ws/build/lidar_detection' returned '0': AMENT_PREFIX_PATH=/home/starry1n/WUTA/WUTA-FSD/ros2_ws/install/wuta_msgs:${AMENT_PREFIX_PATH} CMAKE_PREFIX_PATH=/home/starry1n/WUTA/WUTA-FSD/ros2_ws/install/wuta_msgs:/opt/ros/humble LD_LIBRARY_PATH=/home/starry1n/WUTA/WUTA-FSD/ros2_ws/install/wuta_msgs/lib:${LD_LIBRARY_PATH} PYTHONPATH=/home/starry1n/WUTA/WUTA-FSD/ros2_ws/install/wuta_msgs/local/lib/python3.10/dist-packages:${PYTHONPATH} /usr/bin/cmake --build /home/starry1n/WUTA/WUTA-FSD/ros2_ws/build/lidar_detection -- -j8 -l8
[13.068s] DEBUG:colcon.colcon_core.event_handler.log_command:Invoking command in '/home/starry1n/WUTA/WUTA-FSD/ros2_ws/build/lidar_detection': AMENT_PREFIX_PATH=/home/starry1n/WUTA/WUTA-FSD/ros2_ws/install/wuta_msgs:${AMENT_PREFIX_PATH} CMAKE_PREFIX_PATH=/home/starry1n/WUTA/WUTA-FSD/ros2_ws/install/wuta_msgs:/opt/ros/humble LD_LIBRARY_PATH=/home/starry1n/WUTA/WUTA-FSD/ros2_ws/install/wuta_msgs/lib:${LD_LIBRARY_PATH} PYTHONPATH=/home/starry1n/WUTA/WUTA-FSD/ros2_ws/install/wuta_msgs/local/lib/python3.10/dist-packages:${PYTHONPATH} /usr/bin/cmake --install /home/starry1n/WUTA/WUTA-FSD/ros2_ws/build/lidar_detection
[13.085s] Level 1:colcon.colcon_core.environment:create_environment_scripts_only(lidar_detection)
[13.085s] Level 1:colcon.colcon_core.environment:checking '/home/starry1n/WUTA/WUTA-FSD/ros2_ws/install/lidar_detection' for CMake module files
[13.086s] DEBUG:colcon.colcon_core.event_handler.log_command:Invoked command in '/home/starry1n/WUTA/WUTA-FSD/ros2_ws/build/lidar_detection' returned '0': AMENT_PREFIX_PATH=/home/starry1n/WUTA/WUTA-FSD/ros2_ws/install/wuta_msgs:${AMENT_PREFIX_PATH} CMAKE_PREFIX_PATH=/home/starry1n/WUTA/WUTA-FSD/ros2_ws/install/wuta_msgs:/opt/ros/humble LD_LIBRARY_PATH=/home/starry1n/WUTA/WUTA-FSD/ros2_ws/install/wuta_msgs/lib:${LD_LIBRARY_PATH} PYTHONPATH=/home/starry1n/WUTA/WUTA-FSD/ros2_ws/install/wuta_msgs/local/lib/python3.10/dist-packages:${PYTHONPATH} /usr/bin/cmake --install /home/starry1n/WUTA/WUTA-FSD/ros2_ws/build/lidar_detection
[13.086s] Level 1:colcon.colcon_core.environment:checking '/home/starry1n/WUTA/WUTA-FSD/ros2_ws/install/lidar_detection' for CMake config files
[13.087s] Level 1:colcon.colcon_core.shell:create_environment_hook('lidar_detection', 'cmake_prefix_path')
[13.087s] INFO:colcon.colcon_core.shell:Creating environment hook '/home/starry1n/WUTA/WUTA-FSD/ros2_ws/install/lidar_detection/share/lidar_detection/hook/cmake_prefix_path.ps1'
[13.088s] INFO:colcon.colcon_core.shell:Creating environment descriptor '/home/starry1n/WUTA/WUTA-FSD/ros2_ws/install/lidar_detection/share/lidar_detection/hook/cmake_prefix_path.dsv'
[13.088s] INFO:colcon.colcon_core.shell:Creating environment hook '/home/starry1n/WUTA/WUTA-FSD/ros2_ws/install/lidar_detection/share/lidar_detection/hook/cmake_prefix_path.sh'
[13.088s] Level 1:colcon.colcon_core.environment:checking '/home/starry1n/WUTA/WUTA-FSD/ros2_ws/install/lidar_detection/lib'
[13.088s] Level 1:colcon.colcon_core.environment:checking '/home/starry1n/WUTA/WUTA-FSD/ros2_ws/install/lidar_detection/bin'
[13.088s] Level 1:colcon.colcon_core.environment:checking '/home/starry1n/WUTA/WUTA-FSD/ros2_ws/install/lidar_detection/lib/pkgconfig/lidar_detection.pc'
[13.089s] Level 1:colcon.colcon_core.environment:checking '/home/starry1n/WUTA/WUTA-FSD/ros2_ws/install/lidar_detection/lib/python3.10/site-packages'
[13.089s] Level 1:colcon.colcon_core.environment:checking '/home/starry1n/WUTA/WUTA-FSD/ros2_ws/install/lidar_detection/bin'
[13.089s] INFO:colcon.colcon_core.shell:Creating package script '/home/starry1n/WUTA/WUTA-FSD/ros2_ws/install/lidar_detection/share/lidar_detection/package.ps1'
[13.090s] INFO:colcon.colcon_core.shell:Creating package descriptor '/home/starry1n/WUTA/WUTA-FSD/ros2_ws/install/lidar_detection/share/lidar_detection/package.dsv'
[13.090s] INFO:colcon.colcon_core.shell:Creating package script '/home/starry1n/WUTA/WUTA-FSD/ros2_ws/install/lidar_detection/share/lidar_detection/package.sh'
[13.090s] INFO:colcon.colcon_core.shell:Creating package script '/home/starry1n/WUTA/WUTA-FSD/ros2_ws/install/lidar_detection/share/lidar_detection/package.bash'
[13.091s] INFO:colcon.colcon_core.shell:Creating package script '/home/starry1n/WUTA/WUTA-FSD/ros2_ws/install/lidar_detection/share/lidar_detection/package.zsh'
[13.091s] Level 1:colcon.colcon_core.environment:create_file_with_runtime_dependencies(/home/starry1n/WUTA/WUTA-FSD/ros2_ws/install/lidar_detection/share/colcon-core/packages/lidar_detection)
[13.092s] Level 1:colcon.colcon_core.environment:create_environment_scripts_only(lidar_detection)
[13.092s] Level 1:colcon.colcon_core.environment:checking '/home/starry1n/WUTA/WUTA-FSD/ros2_ws/install/lidar_detection' for CMake module files
[13.092s] Level 1:colcon.colcon_core.environment:checking '/home/starry1n/WUTA/WUTA-FSD/ros2_ws/install/lidar_detection' for CMake config files
[13.093s] Level 1:colcon.colcon_core.shell:create_environment_hook('lidar_detection', 'cmake_prefix_path')
[13.093s] INFO:colcon.colcon_core.shell:Creating environment hook '/home/starry1n/WUTA/WUTA-FSD/ros2_ws/install/lidar_detection/share/lidar_detection/hook/cmake_prefix_path.ps1'
[13.093s] INFO:colcon.colcon_core.shell:Creating environment descriptor '/home/starry1n/WUTA/WUTA-FSD/ros2_ws/install/lidar_detection/share/lidar_detection/hook/cmake_prefix_path.dsv'
[13.093s] INFO:colcon.colcon_core.shell:Creating environment hook '/home/starry1n/WUTA/WUTA-FSD/ros2_ws/install/lidar_detection/share/lidar_detection/hook/cmake_prefix_path.sh'
[13.094s] Level 1:colcon.colcon_core.environment:checking '/home/starry1n/WUTA/WUTA-FSD/ros2_ws/install/lidar_detection/lib'
[13.094s] Level 1:colcon.colcon_core.environment:checking '/home/starry1n/WUTA/WUTA-FSD/ros2_ws/install/lidar_detection/bin'
[13.094s] Level 1:colcon.colcon_core.environment:checking '/home/starry1n/WUTA/WUTA-FSD/ros2_ws/install/lidar_detection/lib/pkgconfig/lidar_detection.pc'
[13.094s] Level 1:colcon.colcon_core.environment:checking '/home/starry1n/WUTA/WUTA-FSD/ros2_ws/install/lidar_detection/lib/python3.10/site-packages'
[13.094s] Level 1:colcon.colcon_core.environment:checking '/home/starry1n/WUTA/WUTA-FSD/ros2_ws/install/lidar_detection/bin'
[13.094s] INFO:colcon.colcon_core.shell:Creating package script '/home/starry1n/WUTA/WUTA-FSD/ros2_ws/install/lidar_detection/share/lidar_detection/package.ps1'
[13.095s] INFO:colcon.colcon_core.shell:Creating package descriptor '/home/starry1n/WUTA/WUTA-FSD/ros2_ws/install/lidar_detection/share/lidar_detection/package.dsv'
[13.095s] INFO:colcon.colcon_core.shell:Creating package script '/home/starry1n/WUTA/WUTA-FSD/ros2_ws/install/lidar_detection/share/lidar_detection/package.sh'
[13.095s] INFO:colcon.colcon_core.shell:Creating package script '/home/starry1n/WUTA/WUTA-FSD/ros2_ws/install/lidar_detection/share/lidar_detection/package.bash'
[13.096s] INFO:colcon.colcon_core.shell:Creating package script '/home/starry1n/WUTA/WUTA-FSD/ros2_ws/install/lidar_detection/share/lidar_detection/package.zsh'
[13.096s] Level 1:colcon.colcon_core.environment:create_file_with_runtime_dependencies(/home/starry1n/WUTA/WUTA-FSD/ros2_ws/install/lidar_detection/share/colcon-core/packages/lidar_detection)
[13.096s] DEBUG:colcon.colcon_parallel_executor.executor.parallel:closing loop
[13.096s] DEBUG:colcon.colcon_parallel_executor.executor.parallel:loop closed
[13.097s] DEBUG:colcon.colcon_parallel_executor.executor.parallel:run_until_complete finished with '0'
[13.097s] DEBUG:colcon.colcon_core.event_reactor:joining thread
[13.101s] INFO:colcon.colcon_core.plugin_system:Skipping extension 'colcon_notification.desktop_notification.terminal_notifier': Not used on non-Darwin systems
[13.101s] INFO:colcon.colcon_core.plugin_system:Skipping extension 'colcon_notification.desktop_notification.win32': Not used on non-Windows systems
[13.101s] INFO:colcon.colcon_notification.desktop_notification:Sending desktop notification using 'notify2'
[13.111s] DEBUG:colcon.colcon_core.event_reactor:joined thread
[13.111s] INFO:colcon.colcon_core.shell:Creating prefix script '/home/starry1n/WUTA/WUTA-FSD/ros2_ws/install/local_setup.ps1'
[13.112s] INFO:colcon.colcon_core.shell:Creating prefix util module '/home/starry1n/WUTA/WUTA-FSD/ros2_ws/install/_local_setup_util_ps1.py'
[13.113s] INFO:colcon.colcon_core.shell:Creating prefix chain script '/home/starry1n/WUTA/WUTA-FSD/ros2_ws/install/setup.ps1'
[13.114s] INFO:colcon.colcon_core.shell:Creating prefix script '/home/starry1n/WUTA/WUTA-FSD/ros2_ws/install/local_setup.sh'
[13.114s] INFO:colcon.colcon_core.shell:Creating prefix util module '/home/starry1n/WUTA/WUTA-FSD/ros2_ws/install/_local_setup_util_sh.py'
[13.115s] INFO:colcon.colcon_core.shell:Creating prefix chain script '/home/starry1n/WUTA/WUTA-FSD/ros2_ws/install/setup.sh'
[13.115s] INFO:colcon.colcon_core.shell:Creating prefix script '/home/starry1n/WUTA/WUTA-FSD/ros2_ws/install/local_setup.bash'
[13.116s] INFO:colcon.colcon_core.shell:Creating prefix chain script '/home/starry1n/WUTA/WUTA-FSD/ros2_ws/install/setup.bash'
[13.116s] INFO:colcon.colcon_core.shell:Creating prefix script '/home/starry1n/WUTA/WUTA-FSD/ros2_ws/install/local_setup.zsh'
[13.117s] INFO:colcon.colcon_core.shell:Creating prefix chain script '/home/starry1n/WUTA/WUTA-FSD/ros2_ws/install/setup.zsh'
