[0.060s] DEBUG:colcon:Command line arguments: ['/usr/bin/colcon', 'build', '--symlink-install', '--cmake-args', '-DCMAKE_MODULE_PATH=/home/starry1n/WUTA/WUTA-FSD/ros2_ws/cmake']
[0.061s] DEBUG:colcon:Parsed command line arguments: Namespace(log_base=None, log_level=None, verb_name='build', build_base='build', install_base='install', merge_install=False, symlink_install=True, test_result_base=None, continue_on_error=False, executor='parallel', parallel_workers=8, event_handlers=None, ignore_user_meta=False, metas=['./colcon.meta'], base_paths=['.'], packages_ignore=None, packages_ignore_regex=None, paths=None, packages_up_to=None, packages_up_to_regex=None, packages_above=None, packages_above_and_dependencies=None, packages_above_depth=None, packages_select_by_dep=None, packages_skip_by_dep=None, packages_skip_up_to=None, packages_select_build_failed=False, packages_skip_build_finished=False, packages_select_test_failures=False, packages_skip_test_passed=False, packages_select=None, packages_skip=None, packages_select_regex=None, packages_skip_regex=None, packages_start=None, packages_end=None, allow_overriding=[], cmake_args=['-DCMAKE_MODULE_PATH=/home/starry1n/WUTA/WUTA-FSD/ros2_ws/cmake'], cmake_target=None, cmake_target_skip_unavailable=False, cmake_clean_cache=False, cmake_clean_first=False, cmake_force_configure=False, ament_cmake_args=None, catkin_cmake_args=None, catkin_skip_building_tests=False, verb_parser=<colcon_defaults.argument_parser.defaults.DefaultArgumentsDecorator object at 0x796b10a1ed10>, verb_extension=<colcon_core.verb.build.BuildVerb object at 0x796b10b9b310>, main=<bound method BuildVerb.main of <colcon_core.verb.build.BuildVerb object at 0x796b10b9b310>>)
[0.145s] Level 1:colcon.colcon_core.package_discovery:discover_packages(colcon_meta) check parameters
[0.145s] Level 1:colcon.colcon_core.package_discovery:discover_packages(recursive) check parameters
[0.145s] Level 1:colcon.colcon_core.package_discovery:discover_packages(ignore) check parameters
[0.145s] Level 1:colcon.colcon_core.package_discovery:discover_packages(path) check parameters
[0.145s] Level 1:colcon.colcon_core.package_discovery:discover_packages(colcon_meta) discover
[0.145s] Level 1:colcon.colcon_core.package_discovery:discover_packages(recursive) discover
[0.145s] INFO:colcon.colcon_core.package_discovery:Crawling recursively for packages in '/home/starry1n/WUTA/WUTA-FSD/ros2_ws'
[0.145s] Level 1:colcon.colcon_core.package_identification:_identify(.) by extensions ['ignore', 'ignore_ament_install']
[0.145s] Level 1:colcon.colcon_core.package_identification:_identify(.) by extension 'ignore'
[0.145s] Level 1:colcon.colcon_core.package_identification:_identify(.) by extension 'ignore_ament_install'
[0.145s] Level 1:colcon.colcon_core.package_identification:_identify(.) by extensions ['colcon_pkg']
[0.145s] Level 1:colcon.colcon_core.package_identification:_identify(.) by extension 'colcon_pkg'
[0.145s] Level 1:colcon.colcon_core.package_identification:_identify(.) by extensions ['colcon_meta']
[0.145s] Level 1:colcon.colcon_core.package_identification:_identify(.) by extension 'colcon_meta'
[0.145s] Level 1:colcon.colcon_core.package_identification:_identify(.) by extensions ['ros']
[0.145s] Level 1:colcon.colcon_core.package_identification:_identify(.) by extension 'ros'
[0.152s] Level 1:colcon.colcon_core.package_identification:_identify(.) by extensions ['cmake', 'python']
[0.152s] Level 1:colcon.colcon_core.package_identification:_identify(.) by extension 'cmake'
[0.152s] Level 1:colcon.colcon_core.package_identification:_identify(.) by extension 'python'
[0.152s] Level 1:colcon.colcon_core.package_identification:_identify(.) by extensions ['python_setup_py']
[0.152s] Level 1:colcon.colcon_core.package_identification:_identify(.) by extension 'python_setup_py'
[0.152s] Level 1:colcon.colcon_core.package_identification:_identify(build) by extensions ['ignore', 'ignore_ament_install']
[0.152s] Level 1:colcon.colcon_core.package_identification:_identify(build) by extension 'ignore'
[0.152s] Level 1:colcon.colcon_core.package_identification:_identify(build) ignored
[0.152s] Level 1:colcon.colcon_core.package_identification:_identify(cmake) by extensions ['ignore', 'ignore_ament_install']
[0.152s] Level 1:colcon.colcon_core.package_identification:_identify(cmake) by extension 'ignore'
[0.152s] Level 1:colcon.colcon_core.package_identification:_identify(cmake) by extension 'ignore_ament_install'
[0.153s] Level 1:colcon.colcon_core.package_identification:_identify(cmake) by extensions ['colcon_pkg']
[0.153s] Level 1:colcon.colcon_core.package_identification:_identify(cmake) by extension 'colcon_pkg'
[0.153s] Level 1:colcon.colcon_core.package_identification:_identify(cmake) by extensions ['colcon_meta']
[0.153s] Level 1:colcon.colcon_core.package_identification:_identify(cmake) by extension 'colcon_meta'
[0.153s] Level 1:colcon.colcon_core.package_identification:_identify(cmake) by extensions ['ros']
[0.153s] Level 1:colcon.colcon_core.package_identification:_identify(cmake) by extension 'ros'
[0.153s] Level 1:colcon.colcon_core.package_identification:_identify(cmake) by extensions ['cmake', 'python']
[0.153s] Level 1:colcon.colcon_core.package_identification:_identify(cmake) by extension 'cmake'
[0.153s] Level 1:colcon.colcon_core.package_identification:_identify(cmake) by extension 'python'
[0.153s] Level 1:colcon.colcon_core.package_identification:_identify(cmake) by extensions ['python_setup_py']
[0.153s] Level 1:colcon.colcon_core.package_identification:_identify(cmake) by extension 'python_setup_py'
[0.153s] Level 1:colcon.colcon_core.package_identification:_identify(install) by extensions ['ignore', 'ignore_ament_install']
[0.153s] Level 1:colcon.colcon_core.package_identification:_identify(install) by extension 'ignore'
[0.153s] Level 1:colcon.colcon_core.package_identification:_identify(install) ignored
[0.153s] Level 1:colcon.colcon_core.package_identification:_identify(log) by extensions ['ignore', 'ignore_ament_install']
[0.153s] Level 1:colcon.colcon_core.package_identification:_identify(log) by extension 'ignore'
[0.153s] Level 1:colcon.colcon_core.package_identification:_identify(log) ignored
[0.153s] Level 1:colcon.colcon_core.package_identification:_identify(src) by extensions ['ignore', 'ignore_ament_install']
[0.153s] Level 1:colcon.colcon_core.package_identification:_identify(src) by extension 'ignore'
[0.153s] Level 1:colcon.colcon_core.package_identification:_identify(src) by extension 'ignore_ament_install'
[0.153s] Level 1:colcon.colcon_core.package_identification:_identify(src) by extensions ['colcon_pkg']
[0.153s] Level 1:colcon.colcon_core.package_identification:_identify(src) by extension 'colcon_pkg'
[0.153s] Level 1:colcon.colcon_core.package_identification:_identify(src) by extensions ['colcon_meta']
[0.153s] Level 1:colcon.colcon_core.package_identification:_identify(src) by extension 'colcon_meta'
[0.153s] Level 1:colcon.colcon_core.package_identification:_identify(src) by extensions ['ros']
[0.153s] Level 1:colcon.colcon_core.package_identification:_identify(src) by extension 'ros'
[0.153s] Level 1:colcon.colcon_core.package_identification:_identify(src) by extensions ['cmake', 'python']
[0.153s] Level 1:colcon.colcon_core.package_identification:_identify(src) by extension 'cmake'
[0.153s] Level 1:colcon.colcon_core.package_identification:_identify(src) by extension 'python'
[0.153s] Level 1:colcon.colcon_core.package_identification:_identify(src) by extensions ['python_setup_py']
[0.153s] Level 1:colcon.colcon_core.package_identification:_identify(src) by extension 'python_setup_py'
[0.154s] Level 1:colcon.colcon_core.package_identification:_identify(src/common) by extensions ['ignore', 'ignore_ament_install']
[0.154s] Level 1:colcon.colcon_core.package_identification:_identify(src/common) by extension 'ignore'
[0.154s] Level 1:colcon.colcon_core.package_identification:_identify(src/common) by extension 'ignore_ament_install'
[0.154s] Level 1:colcon.colcon_core.package_identification:_identify(src/common) by extensions ['colcon_pkg']
[0.154s] Level 1:colcon.colcon_core.package_identification:_identify(src/common) by extension 'colcon_pkg'
[0.154s] Level 1:colcon.colcon_core.package_identification:_identify(src/common) by extensions ['colcon_meta']
[0.154s] Level 1:colcon.colcon_core.package_identification:_identify(src/common) by extension 'colcon_meta'
[0.154s] Level 1:colcon.colcon_core.package_identification:_identify(src/common) by extensions ['ros']
[0.154s] Level 1:colcon.colcon_core.package_identification:_identify(src/common) by extension 'ros'
[0.154s] Level 1:colcon.colcon_core.package_identification:_identify(src/common) by extensions ['cmake', 'python']
[0.154s] Level 1:colcon.colcon_core.package_identification:_identify(src/common) by extension 'cmake'
[0.154s] Level 1:colcon.colcon_core.package_identification:_identify(src/common) by extension 'python'
[0.154s] Level 1:colcon.colcon_core.package_identification:_identify(src/common) by extensions ['python_setup_py']
[0.154s] Level 1:colcon.colcon_core.package_identification:_identify(src/common) by extension 'python_setup_py'
[0.154s] Level 1:colcon.colcon_core.package_identification:_identify(src/common/autoware_msgs) by extensions ['ignore', 'ignore_ament_install']
[0.154s] Level 1:colcon.colcon_core.package_identification:_identify(src/common/autoware_msgs) by extension 'ignore'
[0.154s] Level 1:colcon.colcon_core.package_identification:_identify(src/common/autoware_msgs) by extension 'ignore_ament_install'
[0.154s] Level 1:colcon.colcon_core.package_identification:_identify(src/common/autoware_msgs) by extensions ['colcon_pkg']
[0.154s] Level 1:colcon.colcon_core.package_identification:_identify(src/common/autoware_msgs) by extension 'colcon_pkg'
[0.154s] Level 1:colcon.colcon_core.package_identification:_identify(src/common/autoware_msgs) by extensions ['colcon_meta']
[0.154s] Level 1:colcon.colcon_core.package_identification:_identify(src/common/autoware_msgs) by extension 'colcon_meta'
[0.154s] Level 1:colcon.colcon_core.package_identification:_identify(src/common/autoware_msgs) by extensions ['ros']
[0.154s] Level 1:colcon.colcon_core.package_identification:_identify(src/common/autoware_msgs) by extension 'ros'
[0.156s] DEBUG:colcon.colcon_core.package_identification:Package 'src/common/autoware_msgs' with type 'ros.ament_cmake' and name 'autoware_msgs'
[0.156s] Level 1:colcon.colcon_core.package_identification:_identify(src/common/wuta_msgs) by extensions ['ignore', 'ignore_ament_install']
[0.156s] Level 1:colcon.colcon_core.package_identification:_identify(src/common/wuta_msgs) by extension 'ignore'
[0.156s] Level 1:colcon.colcon_core.package_identification:_identify(src/common/wuta_msgs) by extension 'ignore_ament_install'
[0.156s] Level 1:colcon.colcon_core.package_identification:_identify(src/common/wuta_msgs) by extensions ['colcon_pkg']
[0.156s] Level 1:colcon.colcon_core.package_identification:_identify(src/common/wuta_msgs) by extension 'colcon_pkg'
[0.156s] Level 1:colcon.colcon_core.package_identification:_identify(src/common/wuta_msgs) by extensions ['colcon_meta']
[0.156s] Level 1:colcon.colcon_core.package_identification:_identify(src/common/wuta_msgs) by extension 'colcon_meta'
[0.156s] Level 1:colcon.colcon_core.package_identification:_identify(src/common/wuta_msgs) by extensions ['ros']
[0.156s] Level 1:colcon.colcon_core.package_identification:_identify(src/common/wuta_msgs) by extension 'ros'
[0.156s] DEBUG:colcon.colcon_core.package_identification:Package 'src/common/wuta_msgs' with type 'ros.ament_cmake' and name 'wuta_msgs'
[0.156s] Level 1:colcon.colcon_core.package_identification:_identify(src/common/wuta_tools) by extensions ['ignore', 'ignore_ament_install']
[0.156s] Level 1:colcon.colcon_core.package_identification:_identify(src/common/wuta_tools) by extension 'ignore'
[0.156s] Level 1:colcon.colcon_core.package_identification:_identify(src/common/wuta_tools) by extension 'ignore_ament_install'
[0.156s] Level 1:colcon.colcon_core.package_identification:_identify(src/common/wuta_tools) by extensions ['colcon_pkg']
[0.157s] Level 1:colcon.colcon_core.package_identification:_identify(src/common/wuta_tools) by extension 'colcon_pkg'
[0.157s] Level 1:colcon.colcon_core.package_identification:_identify(src/common/wuta_tools) by extensions ['colcon_meta']
[0.157s] Level 1:colcon.colcon_core.package_identification:_identify(src/common/wuta_tools) by extension 'colcon_meta'
[0.157s] Level 1:colcon.colcon_core.package_identification:_identify(src/common/wuta_tools) by extensions ['ros']
[0.157s] Level 1:colcon.colcon_core.package_identification:_identify(src/common/wuta_tools) by extension 'ros'
[0.157s] DEBUG:colcon.colcon_core.package_identification:Package 'src/common/wuta_tools' with type 'ros.ament_cmake' and name 'wuta_tools'
[0.157s] Level 1:colcon.colcon_core.package_identification:_identify(src/control) by extensions ['ignore', 'ignore_ament_install']
[0.157s] Level 1:colcon.colcon_core.package_identification:_identify(src/control) by extension 'ignore'
[0.157s] Level 1:colcon.colcon_core.package_identification:_identify(src/control) by extension 'ignore_ament_install'
[0.157s] Level 1:colcon.colcon_core.package_identification:_identify(src/control) by extensions ['colcon_pkg']
[0.157s] Level 1:colcon.colcon_core.package_identification:_identify(src/control) by extension 'colcon_pkg'
[0.157s] Level 1:colcon.colcon_core.package_identification:_identify(src/control) by extensions ['colcon_meta']
[0.157s] Level 1:colcon.colcon_core.package_identification:_identify(src/control) by extension 'colcon_meta'
[0.157s] Level 1:colcon.colcon_core.package_identification:_identify(src/control) by extensions ['ros']
[0.157s] Level 1:colcon.colcon_core.package_identification:_identify(src/control) by extension 'ros'
[0.157s] Level 1:colcon.colcon_core.package_identification:_identify(src/control) by extensions ['cmake', 'python']
[0.157s] Level 1:colcon.colcon_core.package_identification:_identify(src/control) by extension 'cmake'
[0.157s] Level 1:colcon.colcon_core.package_identification:_identify(src/control) by extension 'python'
[0.157s] Level 1:colcon.colcon_core.package_identification:_identify(src/control) by extensions ['python_setup_py']
[0.157s] Level 1:colcon.colcon_core.package_identification:_identify(src/control) by extension 'python_setup_py'
[0.157s] Level 1:colcon.colcon_core.package_identification:_identify(src/control/controller) by extensions ['ignore', 'ignore_ament_install']
[0.157s] Level 1:colcon.colcon_core.package_identification:_identify(src/control/controller) by extension 'ignore'
[0.157s] Level 1:colcon.colcon_core.package_identification:_identify(src/control/controller) by extension 'ignore_ament_install'
[0.157s] Level 1:colcon.colcon_core.package_identification:_identify(src/control/controller) by extensions ['colcon_pkg']
[0.157s] Level 1:colcon.colcon_core.package_identification:_identify(src/control/controller) by extension 'colcon_pkg'
[0.157s] Level 1:colcon.colcon_core.package_identification:_identify(src/control/controller) by extensions ['colcon_meta']
[0.157s] Level 1:colcon.colcon_core.package_identification:_identify(src/control/controller) by extension 'colcon_meta'
[0.158s] Level 1:colcon.colcon_core.package_identification:_identify(src/control/controller) by extensions ['ros']
[0.158s] Level 1:colcon.colcon_core.package_identification:_identify(src/control/controller) by extension 'ros'
[0.158s] DEBUG:colcon.colcon_core.package_identification:Package 'src/control/controller' with type 'ros.ament_cmake' and name 'controller'
[0.158s] Level 1:colcon.colcon_core.package_identification:_identify(src/localization) by extensions ['ignore', 'ignore_ament_install']
[0.158s] Level 1:colcon.colcon_core.package_identification:_identify(src/localization) by extension 'ignore'
[0.158s] Level 1:colcon.colcon_core.package_identification:_identify(src/localization) by extension 'ignore_ament_install'
[0.158s] Level 1:colcon.colcon_core.package_identification:_identify(src/localization) by extensions ['colcon_pkg']
[0.158s] Level 1:colcon.colcon_core.package_identification:_identify(src/localization) by extension 'colcon_pkg'
[0.158s] Level 1:colcon.colcon_core.package_identification:_identify(src/localization) by extensions ['colcon_meta']
[0.158s] Level 1:colcon.colcon_core.package_identification:_identify(src/localization) by extension 'colcon_meta'
[0.158s] Level 1:colcon.colcon_core.package_identification:_identify(src/localization) by extensions ['ros']
[0.158s] Level 1:colcon.colcon_core.package_identification:_identify(src/localization) by extension 'ros'
[0.158s] Level 1:colcon.colcon_core.package_identification:_identify(src/localization) by extensions ['cmake', 'python']
[0.158s] Level 1:colcon.colcon_core.package_identification:_identify(src/localization) by extension 'cmake'
[0.158s] Level 1:colcon.colcon_core.package_identification:_identify(src/localization) by extension 'python'
[0.158s] Level 1:colcon.colcon_core.package_identification:_identify(src/localization) by extensions ['python_setup_py']
[0.158s] Level 1:colcon.colcon_core.package_identification:_identify(src/localization) by extension 'python_setup_py'
[0.158s] Level 1:colcon.colcon_core.package_identification:_identify(src/localization/kiss-icp) by extensions ['ignore', 'ignore_ament_install']
[0.159s] Level 1:colcon.colcon_core.package_identification:_identify(src/localization/kiss-icp) by extension 'ignore'
[0.159s] Level 1:colcon.colcon_core.package_identification:_identify(src/localization/kiss-icp) by extension 'ignore_ament_install'
[0.159s] Level 1:colcon.colcon_core.package_identification:_identify(src/localization/kiss-icp) by extensions ['colcon_pkg']
[0.159s] Level 1:colcon.colcon_core.package_identification:_identify(src/localization/kiss-icp) by extension 'colcon_pkg'
[0.159s] Level 1:colcon.colcon_core.package_identification:_identify(src/localization/kiss-icp) by extensions ['colcon_meta']
[0.159s] Level 1:colcon.colcon_core.package_identification:_identify(src/localization/kiss-icp) by extension 'colcon_meta'
[0.159s] Level 1:colcon.colcon_core.package_identification:_identify(src/localization/kiss-icp) by extensions ['ros']
[0.159s] Level 1:colcon.colcon_core.package_identification:_identify(src/localization/kiss-icp) by extension 'ros'
[0.159s] Level 1:colcon.colcon_core.package_identification:_identify(src/localization/kiss-icp) by extensions ['cmake', 'python']
[0.159s] Level 1:colcon.colcon_core.package_identification:_identify(src/localization/kiss-icp) by extension 'cmake'
[0.159s] Level 1:colcon.colcon_core.package_identification:_identify(src/localization/kiss-icp) by extension 'python'
[0.159s] Level 1:colcon.colcon_core.package_identification:_identify(src/localization/kiss-icp) by extensions ['python_setup_py']
[0.159s] Level 1:colcon.colcon_core.package_identification:_identify(src/localization/kiss-icp) by extension 'python_setup_py'
[0.159s] Level 1:colcon.colcon_core.package_identification:_identify(src/localization/kiss-icp/config) by extensions ['ignore', 'ignore_ament_install']
[0.159s] Level 1:colcon.colcon_core.package_identification:_identify(src/localization/kiss-icp/config) by extension 'ignore'
[0.159s] Level 1:colcon.colcon_core.package_identification:_identify(src/localization/kiss-icp/config) by extension 'ignore_ament_install'
[0.159s] Level 1:colcon.colcon_core.package_identification:_identify(src/localization/kiss-icp/config) by extensions ['colcon_pkg']
[0.159s] Level 1:colcon.colcon_core.package_identification:_identify(src/localization/kiss-icp/config) by extension 'colcon_pkg'
[0.159s] Level 1:colcon.colcon_core.package_identification:_identify(src/localization/kiss-icp/config) by extensions ['colcon_meta']
[0.159s] Level 1:colcon.colcon_core.package_identification:_identify(src/localization/kiss-icp/config) by extension 'colcon_meta'
[0.159s] Level 1:colcon.colcon_core.package_identification:_identify(src/localization/kiss-icp/config) by extensions ['ros']
[0.159s] Level 1:colcon.colcon_core.package_identification:_identify(src/localization/kiss-icp/config) by extension 'ros'
[0.159s] Level 1:colcon.colcon_core.package_identification:_identify(src/localization/kiss-icp/config) by extensions ['cmake', 'python']
[0.159s] Level 1:colcon.colcon_core.package_identification:_identify(src/localization/kiss-icp/config) by extension 'cmake'
[0.159s] Level 1:colcon.colcon_core.package_identification:_identify(src/localization/kiss-icp/config) by extension 'python'
[0.159s] Level 1:colcon.colcon_core.package_identification:_identify(src/localization/kiss-icp/config) by extensions ['python_setup_py']
[0.159s] Level 1:colcon.colcon_core.package_identification:_identify(src/localization/kiss-icp/config) by extension 'python_setup_py'
[0.159s] Level 1:colcon.colcon_core.package_identification:_identify(src/localization/kiss-icp/cpp) by extensions ['ignore', 'ignore_ament_install']
[0.159s] Level 1:colcon.colcon_core.package_identification:_identify(src/localization/kiss-icp/cpp) by extension 'ignore'
[0.159s] Level 1:colcon.colcon_core.package_identification:_identify(src/localization/kiss-icp/cpp) ignored
[0.159s] Level 1:colcon.colcon_core.package_identification:_identify(src/localization/kiss-icp/eval) by extensions ['ignore', 'ignore_ament_install']
[0.159s] Level 1:colcon.colcon_core.package_identification:_identify(src/localization/kiss-icp/eval) by extension 'ignore'
[0.159s] Level 1:colcon.colcon_core.package_identification:_identify(src/localization/kiss-icp/eval) by extension 'ignore_ament_install'
[0.159s] Level 1:colcon.colcon_core.package_identification:_identify(src/localization/kiss-icp/eval) by extensions ['colcon_pkg']
[0.159s] Level 1:colcon.colcon_core.package_identification:_identify(src/localization/kiss-icp/eval) by extension 'colcon_pkg'
[0.159s] Level 1:colcon.colcon_core.package_identification:_identify(src/localization/kiss-icp/eval) by extensions ['colcon_meta']
[0.159s] Level 1:colcon.colcon_core.package_identification:_identify(src/localization/kiss-icp/eval) by extension 'colcon_meta'
[0.159s] Level 1:colcon.colcon_core.package_identification:_identify(src/localization/kiss-icp/eval) by extensions ['ros']
[0.159s] Level 1:colcon.colcon_core.package_identification:_identify(src/localization/kiss-icp/eval) by extension 'ros'
[0.160s] Level 1:colcon.colcon_core.package_identification:_identify(src/localization/kiss-icp/eval) by extensions ['cmake', 'python']
[0.160s] Level 1:colcon.colcon_core.package_identification:_identify(src/localization/kiss-icp/eval) by extension 'cmake'
[0.160s] Level 1:colcon.colcon_core.package_identification:_identify(src/localization/kiss-icp/eval) by extension 'python'
[0.160s] Level 1:colcon.colcon_core.package_identification:_identify(src/localization/kiss-icp/eval) by extensions ['python_setup_py']
[0.160s] Level 1:colcon.colcon_core.package_identification:_identify(src/localization/kiss-icp/eval) by extension 'python_setup_py'
[0.160s] Level 1:colcon.colcon_core.package_identification:_identify(src/localization/kiss-icp/python) by extensions ['ignore', 'ignore_ament_install']
[0.160s] Level 1:colcon.colcon_core.package_identification:_identify(src/localization/kiss-icp/python) by extension 'ignore'
[0.160s] Level 1:colcon.colcon_core.package_identification:_identify(src/localization/kiss-icp/python) ignored
[0.160s] Level 1:colcon.colcon_core.package_identification:_identify(src/localization/kiss-icp/ros) by extensions ['ignore', 'ignore_ament_install']
[0.160s] Level 1:colcon.colcon_core.package_identification:_identify(src/localization/kiss-icp/ros) by extension 'ignore'
[0.160s] Level 1:colcon.colcon_core.package_identification:_identify(src/localization/kiss-icp/ros) by extension 'ignore_ament_install'
[0.160s] Level 1:colcon.colcon_core.package_identification:_identify(src/localization/kiss-icp/ros) by extensions ['colcon_pkg']
[0.160s] Level 1:colcon.colcon_core.package_identification:_identify(src/localization/kiss-icp/ros) by extension 'colcon_pkg'
[0.160s] Level 1:colcon.colcon_core.package_identification:_identify(src/localization/kiss-icp/ros) by extensions ['colcon_meta']
[0.160s] Level 1:colcon.colcon_core.package_identification:_identify(src/localization/kiss-icp/ros) by extension 'colcon_meta'
[0.160s] Level 1:colcon.colcon_core.package_identification:_identify(src/localization/kiss-icp/ros) by extensions ['ros']
[0.160s] Level 1:colcon.colcon_core.package_identification:_identify(src/localization/kiss-icp/ros) by extension 'ros'
[0.161s] DEBUG:colcon.colcon_core.package_identification:Package 'src/localization/kiss-icp/ros' with type 'ros.ament_cmake' and name 'kiss_icp'
[0.161s] Level 1:colcon.colcon_core.package_identification:_identify(src/localization/kiss_icp_wrapper) by extensions ['ignore', 'ignore_ament_install']
[0.161s] Level 1:colcon.colcon_core.package_identification:_identify(src/localization/kiss_icp_wrapper) by extension 'ignore'
[0.161s] Level 1:colcon.colcon_core.package_identification:_identify(src/localization/kiss_icp_wrapper) by extension 'ignore_ament_install'
[0.161s] Level 1:colcon.colcon_core.package_identification:_identify(src/localization/kiss_icp_wrapper) by extensions ['colcon_pkg']
[0.161s] Level 1:colcon.colcon_core.package_identification:_identify(src/localization/kiss_icp_wrapper) by extension 'colcon_pkg'
[0.161s] Level 1:colcon.colcon_core.package_identification:_identify(src/localization/kiss_icp_wrapper) by extensions ['colcon_meta']
[0.161s] Level 1:colcon.colcon_core.package_identification:_identify(src/localization/kiss_icp_wrapper) by extension 'colcon_meta'
[0.161s] Level 1:colcon.colcon_core.package_identification:_identify(src/localization/kiss_icp_wrapper) by extensions ['ros']
[0.161s] Level 1:colcon.colcon_core.package_identification:_identify(src/localization/kiss_icp_wrapper) by extension 'ros'
[0.161s] DEBUG:colcon.colcon_core.package_identification:Package 'src/localization/kiss_icp_wrapper' with type 'ros.ament_cmake' and name 'kiss_icp_wrapper'
[0.161s] Level 1:colcon.colcon_core.package_identification:_identify(src/localization/localization_manager) by extensions ['ignore', 'ignore_ament_install']
[0.161s] Level 1:colcon.colcon_core.package_identification:_identify(src/localization/localization_manager) by extension 'ignore'
[0.161s] Level 1:colcon.colcon_core.package_identification:_identify(src/localization/localization_manager) by extension 'ignore_ament_install'
[0.161s] Level 1:colcon.colcon_core.package_identification:_identify(src/localization/localization_manager) by extensions ['colcon_pkg']
[0.161s] Level 1:colcon.colcon_core.package_identification:_identify(src/localization/localization_manager) by extension 'colcon_pkg'
[0.161s] Level 1:colcon.colcon_core.package_identification:_identify(src/localization/localization_manager) by extensions ['colcon_meta']
[0.161s] Level 1:colcon.colcon_core.package_identification:_identify(src/localization/localization_manager) by extension 'colcon_meta'
[0.161s] Level 1:colcon.colcon_core.package_identification:_identify(src/localization/localization_manager) by extensions ['ros']
[0.162s] Level 1:colcon.colcon_core.package_identification:_identify(src/localization/localization_manager) by extension 'ros'
[0.162s] DEBUG:colcon.colcon_core.package_identification:Package 'src/localization/localization_manager' with type 'ros.ament_cmake' and name 'localization_manager'
[0.162s] Level 1:colcon.colcon_core.package_identification:_identify(src/localization/ndt_localization) by extensions ['ignore', 'ignore_ament_install']
[0.162s] Level 1:colcon.colcon_core.package_identification:_identify(src/localization/ndt_localization) by extension 'ignore'
[0.162s] Level 1:colcon.colcon_core.package_identification:_identify(src/localization/ndt_localization) by extension 'ignore_ament_install'
[0.162s] Level 1:colcon.colcon_core.package_identification:_identify(src/localization/ndt_localization) by extensions ['colcon_pkg']
[0.162s] Level 1:colcon.colcon_core.package_identification:_identify(src/localization/ndt_localization) by extension 'colcon_pkg'
[0.162s] Level 1:colcon.colcon_core.package_identification:_identify(src/localization/ndt_localization) by extensions ['colcon_meta']
[0.162s] Level 1:colcon.colcon_core.package_identification:_identify(src/localization/ndt_localization) by extension 'colcon_meta'
[0.162s] Level 1:colcon.colcon_core.package_identification:_identify(src/localization/ndt_localization) by extensions ['ros']
[0.162s] Level 1:colcon.colcon_core.package_identification:_identify(src/localization/ndt_localization) by extension 'ros'
[0.163s] DEBUG:colcon.colcon_core.package_identification:Package 'src/localization/ndt_localization' with type 'ros.ament_cmake' and name 'ndt_localization'
[0.163s] Level 1:colcon.colcon_core.package_identification:_identify(src/localization/robot_localization) by extensions ['ignore', 'ignore_ament_install']
[0.163s] Level 1:colcon.colcon_core.package_identification:_identify(src/localization/robot_localization) by extension 'ignore'
[0.163s] Level 1:colcon.colcon_core.package_identification:_identify(src/localization/robot_localization) by extension 'ignore_ament_install'
[0.163s] Level 1:colcon.colcon_core.package_identification:_identify(src/localization/robot_localization) by extensions ['colcon_pkg']
[0.163s] Level 1:colcon.colcon_core.package_identification:_identify(src/localization/robot_localization) by extension 'colcon_pkg'
[0.163s] Level 1:colcon.colcon_core.package_identification:_identify(src/localization/robot_localization) by extensions ['colcon_meta']
[0.163s] Level 1:colcon.colcon_core.package_identification:_identify(src/localization/robot_localization) by extension 'colcon_meta'
[0.163s] Level 1:colcon.colcon_core.package_identification:_identify(src/localization/robot_localization) by extensions ['ros']
[0.163s] Level 1:colcon.colcon_core.package_identification:_identify(src/localization/robot_localization) by extension 'ros'
[0.164s] DEBUG:colcon.colcon_core.package_identification:Package 'src/localization/robot_localization' with type 'ros.ament_cmake' and name 'robot_localization'
[0.164s] Level 1:colcon.colcon_core.package_identification:_identify(src/mapping) by extensions ['ignore', 'ignore_ament_install']
[0.164s] Level 1:colcon.colcon_core.package_identification:_identify(src/mapping) by extension 'ignore'
[0.164s] Level 1:colcon.colcon_core.package_identification:_identify(src/mapping) by extension 'ignore_ament_install'
[0.164s] Level 1:colcon.colcon_core.package_identification:_identify(src/mapping) by extensions ['colcon_pkg']
[0.164s] Level 1:colcon.colcon_core.package_identification:_identify(src/mapping) by extension 'colcon_pkg'
[0.164s] Level 1:colcon.colcon_core.package_identification:_identify(src/mapping) by extensions ['colcon_meta']
[0.164s] Level 1:colcon.colcon_core.package_identification:_identify(src/mapping) by extension 'colcon_meta'
[0.164s] Level 1:colcon.colcon_core.package_identification:_identify(src/mapping) by extensions ['ros']
[0.164s] Level 1:colcon.colcon_core.package_identification:_identify(src/mapping) by extension 'ros'
[0.164s] Level 1:colcon.colcon_core.package_identification:_identify(src/mapping) by extensions ['cmake', 'python']
[0.164s] Level 1:colcon.colcon_core.package_identification:_identify(src/mapping) by extension 'cmake'
[0.164s] Level 1:colcon.colcon_core.package_identification:_identify(src/mapping) by extension 'python'
[0.164s] Level 1:colcon.colcon_core.package_identification:_identify(src/mapping) by extensions ['python_setup_py']
[0.164s] Level 1:colcon.colcon_core.package_identification:_identify(src/mapping) by extension 'python_setup_py'
[0.164s] Level 1:colcon.colcon_core.package_identification:_identify(src/mapping/cone_map_builder) by extensions ['ignore', 'ignore_ament_install']
[0.164s] Level 1:colcon.colcon_core.package_identification:_identify(src/mapping/cone_map_builder) by extension 'ignore'
[0.165s] Level 1:colcon.colcon_core.package_identification:_identify(src/mapping/cone_map_builder) by extension 'ignore_ament_install'
[0.165s] Level 1:colcon.colcon_core.package_identification:_identify(src/mapping/cone_map_builder) by extensions ['colcon_pkg']
[0.165s] Level 1:colcon.colcon_core.package_identification:_identify(src/mapping/cone_map_builder) by extension 'colcon_pkg'
[0.165s] Level 1:colcon.colcon_core.package_identification:_identify(src/mapping/cone_map_builder) by extensions ['colcon_meta']
[0.165s] Level 1:colcon.colcon_core.package_identification:_identify(src/mapping/cone_map_builder) by extension 'colcon_meta'
[0.165s] Level 1:colcon.colcon_core.package_identification:_identify(src/mapping/cone_map_builder) by extensions ['ros']
[0.165s] Level 1:colcon.colcon_core.package_identification:_identify(src/mapping/cone_map_builder) by extension 'ros'
[0.165s] DEBUG:colcon.colcon_core.package_identification:Package 'src/mapping/cone_map_builder' with type 'ros.ament_cmake' and name 'cone_map_builder'
[0.165s] Level 1:colcon.colcon_core.package_identification:_identify(src/perception) by extensions ['ignore', 'ignore_ament_install']
[0.165s] Level 1:colcon.colcon_core.package_identification:_identify(src/perception) by extension 'ignore'
[0.165s] Level 1:colcon.colcon_core.package_identification:_identify(src/perception) by extension 'ignore_ament_install'
[0.165s] Level 1:colcon.colcon_core.package_identification:_identify(src/perception) by extensions ['colcon_pkg']
[0.165s] Level 1:colcon.colcon_core.package_identification:_identify(src/perception) by extension 'colcon_pkg'
[0.165s] Level 1:colcon.colcon_core.package_identification:_identify(src/perception) by extensions ['colcon_meta']
[0.165s] Level 1:colcon.colcon_core.package_identification:_identify(src/perception) by extension 'colcon_meta'
[0.165s] Level 1:colcon.colcon_core.package_identification:_identify(src/perception) by extensions ['ros']
[0.165s] Level 1:colcon.colcon_core.package_identification:_identify(src/perception) by extension 'ros'
[0.166s] Level 1:colcon.colcon_core.package_identification:_identify(src/perception) by extensions ['cmake', 'python']
[0.166s] Level 1:colcon.colcon_core.package_identification:_identify(src/perception) by extension 'cmake'
[0.166s] Level 1:colcon.colcon_core.package_identification:_identify(src/perception) by extension 'python'
[0.166s] Level 1:colcon.colcon_core.package_identification:_identify(src/perception) by extensions ['python_setup_py']
[0.166s] Level 1:colcon.colcon_core.package_identification:_identify(src/perception) by extension 'python_setup_py'
[0.166s] Level 1:colcon.colcon_core.package_identification:_identify(src/perception/camera_detection) by extensions ['ignore', 'ignore_ament_install']
[0.166s] Level 1:colcon.colcon_core.package_identification:_identify(src/perception/camera_detection) by extension 'ignore'
[0.166s] Level 1:colcon.colcon_core.package_identification:_identify(src/perception/camera_detection) by extension 'ignore_ament_install'
[0.166s] Level 1:colcon.colcon_core.package_identification:_identify(src/perception/camera_detection) by extensions ['colcon_pkg']
[0.166s] Level 1:colcon.colcon_core.package_identification:_identify(src/perception/camera_detection) by extension 'colcon_pkg'
[0.166s] Level 1:colcon.colcon_core.package_identification:_identify(src/perception/camera_detection) by extensions ['colcon_meta']
[0.166s] Level 1:colcon.colcon_core.package_identification:_identify(src/perception/camera_detection) by extension 'colcon_meta'
[0.166s] Level 1:colcon.colcon_core.package_identification:_identify(src/perception/camera_detection) by extensions ['ros']
[0.166s] Level 1:colcon.colcon_core.package_identification:_identify(src/perception/camera_detection) by extension 'ros'
[0.166s] DEBUG:colcon.colcon_core.package_identification:Package 'src/perception/camera_detection' with type 'ros.ament_cmake' and name 'camera_detection'
[0.166s] Level 1:colcon.colcon_core.package_identification:_identify(src/perception/detection_fusion) by extensions ['ignore', 'ignore_ament_install']
[0.166s] Level 1:colcon.colcon_core.package_identification:_identify(src/perception/detection_fusion) by extension 'ignore'
[0.166s] Level 1:colcon.colcon_core.package_identification:_identify(src/perception/detection_fusion) by extension 'ignore_ament_install'
[0.166s] Level 1:colcon.colcon_core.package_identification:_identify(src/perception/detection_fusion) by extensions ['colcon_pkg']
[0.166s] Level 1:colcon.colcon_core.package_identification:_identify(src/perception/detection_fusion) by extension 'colcon_pkg'
[0.166s] Level 1:colcon.colcon_core.package_identification:_identify(src/perception/detection_fusion) by extensions ['colcon_meta']
[0.166s] Level 1:colcon.colcon_core.package_identification:_identify(src/perception/detection_fusion) by extension 'colcon_meta'
[0.166s] Level 1:colcon.colcon_core.package_identification:_identify(src/perception/detection_fusion) by extensions ['ros']
[0.166s] Level 1:colcon.colcon_core.package_identification:_identify(src/perception/detection_fusion) by extension 'ros'
[0.167s] DEBUG:colcon.colcon_core.package_identification:Package 'src/perception/detection_fusion' with type 'ros.ament_cmake' and name 'detection_fusion'
[0.167s] Level 1:colcon.colcon_core.package_identification:_identify(src/perception/lidar_detection) by extensions ['ignore', 'ignore_ament_install']
[0.167s] Level 1:colcon.colcon_core.package_identification:_identify(src/perception/lidar_detection) by extension 'ignore'
[0.167s] Level 1:colcon.colcon_core.package_identification:_identify(src/perception/lidar_detection) by extension 'ignore_ament_install'
[0.167s] Level 1:colcon.colcon_core.package_identification:_identify(src/perception/lidar_detection) by extensions ['colcon_pkg']
[0.167s] Level 1:colcon.colcon_core.package_identification:_identify(src/perception/lidar_detection) by extension 'colcon_pkg'
[0.167s] Level 1:colcon.colcon_core.package_identification:_identify(src/perception/lidar_detection) by extensions ['colcon_meta']
[0.167s] Level 1:colcon.colcon_core.package_identification:_identify(src/perception/lidar_detection) by extension 'colcon_meta'
[0.167s] Level 1:colcon.colcon_core.package_identification:_identify(src/perception/lidar_detection) by extensions ['ros']
[0.167s] Level 1:colcon.colcon_core.package_identification:_identify(src/perception/lidar_detection) by extension 'ros'
[0.167s] DEBUG:colcon.colcon_core.package_identification:Package 'src/perception/lidar_detection' with type 'ros.ament_cmake' and name 'lidar_detection'
[0.168s] Level 1:colcon.colcon_core.package_identification:_identify(src/planning) by extensions ['ignore', 'ignore_ament_install']
[0.168s] Level 1:colcon.colcon_core.package_identification:_identify(src/planning) by extension 'ignore'
[0.168s] Level 1:colcon.colcon_core.package_identification:_identify(src/planning) by extension 'ignore_ament_install'
[0.168s] Level 1:colcon.colcon_core.package_identification:_identify(src/planning) by extensions ['colcon_pkg']
[0.168s] Level 1:colcon.colcon_core.package_identification:_identify(src/planning) by extension 'colcon_pkg'
[0.168s] Level 1:colcon.colcon_core.package_identification:_identify(src/planning) by extensions ['colcon_meta']
[0.168s] Level 1:colcon.colcon_core.package_identification:_identify(src/planning) by extension 'colcon_meta'
[0.168s] Level 1:colcon.colcon_core.package_identification:_identify(src/planning) by extensions ['ros']
[0.168s] Level 1:colcon.colcon_core.package_identification:_identify(src/planning) by extension 'ros'
[0.168s] Level 1:colcon.colcon_core.package_identification:_identify(src/planning) by extensions ['cmake', 'python']
[0.168s] Level 1:colcon.colcon_core.package_identification:_identify(src/planning) by extension 'cmake'
[0.168s] Level 1:colcon.colcon_core.package_identification:_identify(src/planning) by extension 'python'
[0.168s] Level 1:colcon.colcon_core.package_identification:_identify(src/planning) by extensions ['python_setup_py']
[0.168s] Level 1:colcon.colcon_core.package_identification:_identify(src/planning) by extension 'python_setup_py'
[0.168s] Level 1:colcon.colcon_core.package_identification:_identify(src/planning/boundary_detector) by extensions ['ignore', 'ignore_ament_install']
[0.168s] Level 1:colcon.colcon_core.package_identification:_identify(src/planning/boundary_detector) by extension 'ignore'
[0.168s] Level 1:colcon.colcon_core.package_identification:_identify(src/planning/boundary_detector) by extension 'ignore_ament_install'
[0.168s] Level 1:colcon.colcon_core.package_identification:_identify(src/planning/boundary_detector) by extensions ['colcon_pkg']
[0.168s] Level 1:colcon.colcon_core.package_identification:_identify(src/planning/boundary_detector) by extension 'colcon_pkg'
[0.168s] Level 1:colcon.colcon_core.package_identification:_identify(src/planning/boundary_detector) by extensions ['colcon_meta']
[0.168s] Level 1:colcon.colcon_core.package_identification:_identify(src/planning/boundary_detector) by extension 'colcon_meta'
[0.168s] Level 1:colcon.colcon_core.package_identification:_identify(src/planning/boundary_detector) by extensions ['ros']
[0.168s] Level 1:colcon.colcon_core.package_identification:_identify(src/planning/boundary_detector) by extension 'ros'
[0.168s] DEBUG:colcon.colcon_core.package_identification:Package 'src/planning/boundary_detector' with type 'ros.ament_cmake' and name 'boundary_detector'
[0.169s] Level 1:colcon.colcon_core.package_identification:_identify(src/planning/path_generator) by extensions ['ignore', 'ignore_ament_install']
[0.169s] Level 1:colcon.colcon_core.package_identification:_identify(src/planning/path_generator) by extension 'ignore'
[0.169s] Level 1:colcon.colcon_core.package_identification:_identify(src/planning/path_generator) by extension 'ignore_ament_install'
[0.169s] Level 1:colcon.colcon_core.package_identification:_identify(src/planning/path_generator) by extensions ['colcon_pkg']
[0.169s] Level 1:colcon.colcon_core.package_identification:_identify(src/planning/path_generator) by extension 'colcon_pkg'
[0.169s] Level 1:colcon.colcon_core.package_identification:_identify(src/planning/path_generator) by extensions ['colcon_meta']
[0.169s] Level 1:colcon.colcon_core.package_identification:_identify(src/planning/path_generator) by extension 'colcon_meta'
[0.169s] Level 1:colcon.colcon_core.package_identification:_identify(src/planning/path_generator) by extensions ['ros']
[0.169s] Level 1:colcon.colcon_core.package_identification:_identify(src/planning/path_generator) by extension 'ros'
[0.169s] DEBUG:colcon.colcon_core.package_identification:Package 'src/planning/path_generator' with type 'ros.ament_cmake' and name 'path_generator'
[0.169s] Level 1:colcon.colcon_core.package_identification:_identify(src/system) by extensions ['ignore', 'ignore_ament_install']
[0.169s] Level 1:colcon.colcon_core.package_identification:_identify(src/system) by extension 'ignore'
[0.169s] Level 1:colcon.colcon_core.package_identification:_identify(src/system) by extension 'ignore_ament_install'
[0.169s] Level 1:colcon.colcon_core.package_identification:_identify(src/system) by extensions ['colcon_pkg']
[0.169s] Level 1:colcon.colcon_core.package_identification:_identify(src/system) by extension 'colcon_pkg'
[0.169s] Level 1:colcon.colcon_core.package_identification:_identify(src/system) by extensions ['colcon_meta']
[0.169s] Level 1:colcon.colcon_core.package_identification:_identify(src/system) by extension 'colcon_meta'
[0.169s] Level 1:colcon.colcon_core.package_identification:_identify(src/system) by extensions ['ros']
[0.169s] Level 1:colcon.colcon_core.package_identification:_identify(src/system) by extension 'ros'
[0.169s] Level 1:colcon.colcon_core.package_identification:_identify(src/system) by extensions ['cmake', 'python']
[0.169s] Level 1:colcon.colcon_core.package_identification:_identify(src/system) by extension 'cmake'
[0.169s] Level 1:colcon.colcon_core.package_identification:_identify(src/system) by extension 'python'
[0.169s] Level 1:colcon.colcon_core.package_identification:_identify(src/system) by extensions ['python_setup_py']
[0.169s] Level 1:colcon.colcon_core.package_identification:_identify(src/system) by extension 'python_setup_py'
[0.169s] Level 1:colcon.colcon_core.package_identification:_identify(src/system/mission_manager) by extensions ['ignore', 'ignore_ament_install']
[0.169s] Level 1:colcon.colcon_core.package_identification:_identify(src/system/mission_manager) by extension 'ignore'
[0.170s] Level 1:colcon.colcon_core.package_identification:_identify(src/system/mission_manager) by extension 'ignore_ament_install'
[0.170s] Level 1:colcon.colcon_core.package_identification:_identify(src/system/mission_manager) by extensions ['colcon_pkg']
[0.170s] Level 1:colcon.colcon_core.package_identification:_identify(src/system/mission_manager) by extension 'colcon_pkg'
[0.170s] Level 1:colcon.colcon_core.package_identification:_identify(src/system/mission_manager) by extensions ['colcon_meta']
[0.170s] Level 1:colcon.colcon_core.package_identification:_identify(src/system/mission_manager) by extension 'colcon_meta'
[0.170s] Level 1:colcon.colcon_core.package_identification:_identify(src/system/mission_manager) by extensions ['ros']
[0.170s] Level 1:colcon.colcon_core.package_identification:_identify(src/system/mission_manager) by extension 'ros'
[0.170s] DEBUG:colcon.colcon_core.package_identification:Package 'src/system/mission_manager' with type 'ros.ament_cmake' and name 'mission_manager'
[0.170s] Level 1:colcon.colcon_core.package_discovery:discover_packages(recursive) using defaults
[0.170s] Level 1:colcon.colcon_core.package_discovery:discover_packages(ignore) discover
[0.170s] Level 1:colcon.colcon_core.package_discovery:discover_packages(ignore) using defaults
[0.170s] Level 1:colcon.colcon_core.package_discovery:discover_packages(path) discover
[0.170s] Level 1:colcon.colcon_core.package_discovery:discover_packages(path) using defaults
[0.191s] Level 1:colcon.colcon_core.package_discovery:discover_packages(prefix_path) check parameters
[0.191s] Level 1:colcon.colcon_core.package_discovery:discover_packages(prefix_path) discover
[0.192s] DEBUG:colcon.colcon_installed_package_information.package_discovery:Found 289 installed packages in /opt/ros/humble
[0.193s] Level 1:colcon.colcon_core.package_discovery:discover_packages(prefix_path) using defaults
[0.214s] Level 5:colcon.colcon_core.verb:set package 'autoware_msgs' build argument 'cmake_args' from command line to '['-DCMAKE_MODULE_PATH=/home/starry1n/WUTA/WUTA-FSD/ros2_ws/cmake']'
[0.214s] Level 5:colcon.colcon_core.verb:set package 'autoware_msgs' build argument 'cmake_target' from command line to 'None'
[0.214s] Level 5:colcon.colcon_core.verb:set package 'autoware_msgs' build argument 'cmake_target_skip_unavailable' from command line to 'False'
[0.214s] Level 5:colcon.colcon_core.verb:set package 'autoware_msgs' build argument 'cmake_clean_cache' from command line to 'False'
[0.214s] Level 5:colcon.colcon_core.verb:set package 'autoware_msgs' build argument 'cmake_clean_first' from command line to 'False'
[0.214s] Level 5:colcon.colcon_core.verb:set package 'autoware_msgs' build argument 'cmake_force_configure' from command line to 'False'
[0.214s] Level 5:colcon.colcon_core.verb:set package 'autoware_msgs' build argument 'ament_cmake_args' from command line to 'None'
[0.214s] Level 5:colcon.colcon_core.verb:set package 'autoware_msgs' build argument 'catkin_cmake_args' from command line to 'None'
[0.214s] Level 5:colcon.colcon_core.verb:set package 'autoware_msgs' build argument 'catkin_skip_building_tests' from command line to 'False'
[0.214s] DEBUG:colcon.colcon_core.verb:Building package 'autoware_msgs' with the following arguments: {'ament_cmake_args': None, 'build_base': '/home/starry1n/WUTA/WUTA-FSD/ros2_ws/build/autoware_msgs', 'catkin_cmake_args': None, 'catkin_skip_building_tests': False, 'cmake_args': ['-DCMAKE_MODULE_PATH=/home/starry1n/WUTA/WUTA-FSD/ros2_ws/cmake'], 'cmake_clean_cache': False, 'cmake_clean_first': False, 'cmake_force_configure': False, 'cmake_target': None, 'cmake_target_skip_unavailable': False, 'install_base': '/home/starry1n/WUTA/WUTA-FSD/ros2_ws/install/autoware_msgs', 'merge_install': False, 'path': '/home/starry1n/WUTA/WUTA-FSD/ros2_ws/src/common/autoware_msgs', 'symlink_install': True, 'test_result_base': None}
[0.215s] Level 5:colcon.colcon_core.verb:set package 'kiss_icp' build argument 'cmake_args' from command line to '['-DCMAKE_MODULE_PATH=/home/starry1n/WUTA/WUTA-FSD/ros2_ws/cmake']'
[0.215s] Level 5:colcon.colcon_core.verb:set package 'kiss_icp' build argument 'cmake_target' from command line to 'None'
[0.215s] Level 5:colcon.colcon_core.verb:set package 'kiss_icp' build argument 'cmake_target_skip_unavailable' from command line to 'False'
[0.215s] Level 5:colcon.colcon_core.verb:set package 'kiss_icp' build argument 'cmake_clean_cache' from command line to 'False'
[0.215s] Level 5:colcon.colcon_core.verb:set package 'kiss_icp' build argument 'cmake_clean_first' from command line to 'False'
[0.215s] Level 5:colcon.colcon_core.verb:set package 'kiss_icp' build argument 'cmake_force_configure' from command line to 'False'
[0.215s] Level 5:colcon.colcon_core.verb:set package 'kiss_icp' build argument 'ament_cmake_args' from command line to 'None'
[0.215s] Level 5:colcon.colcon_core.verb:set package 'kiss_icp' build argument 'catkin_cmake_args' from command line to 'None'
[0.215s] Level 5:colcon.colcon_core.verb:set package 'kiss_icp' build argument 'catkin_skip_building_tests' from command line to 'False'
[0.215s] DEBUG:colcon.colcon_core.verb:Building package 'kiss_icp' with the following arguments: {'ament_cmake_args': None, 'build_base': '/home/starry1n/WUTA/WUTA-FSD/ros2_ws/build/kiss_icp', 'catkin_cmake_args': None, 'catkin_skip_building_tests': False, 'cmake_args': ['-DCMAKE_MODULE_PATH=/home/starry1n/WUTA/WUTA-FSD/ros2_ws/cmake'], 'cmake_clean_cache': False, 'cmake_clean_first': False, 'cmake_force_configure': False, 'cmake_target': None, 'cmake_target_skip_unavailable': False, 'install_base': '/home/starry1n/WUTA/WUTA-FSD/ros2_ws/install/kiss_icp', 'merge_install': False, 'path': '/home/starry1n/WUTA/WUTA-FSD/ros2_ws/src/localization/kiss-icp/ros', 'symlink_install': True, 'test_result_base': None}
[0.215s] Level 5:colcon.colcon_core.verb:set package 'robot_localization' build argument 'cmake_args' from command line to '['-DCMAKE_MODULE_PATH=/home/starry1n/WUTA/WUTA-FSD/ros2_ws/cmake']'
[0.215s] Level 5:colcon.colcon_core.verb:set package 'robot_localization' build argument 'cmake_target' from command line to 'None'
[0.215s] Level 5:colcon.colcon_core.verb:set package 'robot_localization' build argument 'cmake_target_skip_unavailable' from command line to 'False'
[0.215s] Level 5:colcon.colcon_core.verb:set package 'robot_localization' build argument 'cmake_clean_cache' from command line to 'False'
[0.215s] Level 5:colcon.colcon_core.verb:set package 'robot_localization' build argument 'cmake_clean_first' from command line to 'False'
[0.215s] Level 5:colcon.colcon_core.verb:set package 'robot_localization' build argument 'cmake_force_configure' from command line to 'False'
[0.215s] Level 5:colcon.colcon_core.verb:set package 'robot_localization' build argument 'ament_cmake_args' from command line to 'None'
[0.215s] Level 5:colcon.colcon_core.verb:set package 'robot_localization' build argument 'catkin_cmake_args' from command line to 'None'
[0.215s] Level 5:colcon.colcon_core.verb:set package 'robot_localization' build argument 'catkin_skip_building_tests' from command line to 'False'
[0.215s] DEBUG:colcon.colcon_core.verb:Building package 'robot_localization' with the following arguments: {'ament_cmake_args': None, 'build_base': '/home/starry1n/WUTA/WUTA-FSD/ros2_ws/build/robot_localization', 'catkin_cmake_args': None, 'catkin_skip_building_tests': False, 'cmake_args': ['-DCMAKE_MODULE_PATH=/home/starry1n/WUTA/WUTA-FSD/ros2_ws/cmake'], 'cmake_clean_cache': False, 'cmake_clean_first': False, 'cmake_force_configure': False, 'cmake_target': None, 'cmake_target_skip_unavailable': False, 'install_base': '/home/starry1n/WUTA/WUTA-FSD/ros2_ws/install/robot_localization', 'merge_install': False, 'path': '/home/starry1n/WUTA/WUTA-FSD/ros2_ws/src/localization/robot_localization', 'symlink_install': True, 'test_result_base': None}
[0.215s] Level 5:colcon.colcon_core.verb:set package 'wuta_msgs' build argument 'cmake_args' from command line to '['-DCMAKE_MODULE_PATH=/home/starry1n/WUTA/WUTA-FSD/ros2_ws/cmake']'
[0.215s] Level 5:colcon.colcon_core.verb:set package 'wuta_msgs' build argument 'cmake_target' from command line to 'None'
[0.215s] Level 5:colcon.colcon_core.verb:set package 'wuta_msgs' build argument 'cmake_target_skip_unavailable' from command line to 'False'
[0.215s] Level 5:colcon.colcon_core.verb:set package 'wuta_msgs' build argument 'cmake_clean_cache' from command line to 'False'
[0.215s] Level 5:colcon.colcon_core.verb:set package 'wuta_msgs' build argument 'cmake_clean_first' from command line to 'False'
[0.215s] Level 5:colcon.colcon_core.verb:set package 'wuta_msgs' build argument 'cmake_force_configure' from command line to 'False'
[0.215s] Level 5:colcon.colcon_core.verb:set package 'wuta_msgs' build argument 'ament_cmake_args' from command line to 'None'
[0.215s] Level 5:colcon.colcon_core.verb:set package 'wuta_msgs' build argument 'catkin_cmake_args' from command line to 'None'
[0.215s] Level 5:colcon.colcon_core.verb:set package 'wuta_msgs' build argument 'catkin_skip_building_tests' from command line to 'False'
[0.215s] DEBUG:colcon.colcon_core.verb:Building package 'wuta_msgs' with the following arguments: {'ament_cmake_args': None, 'build_base': '/home/starry1n/WUTA/WUTA-FSD/ros2_ws/build/wuta_msgs', 'catkin_cmake_args': None, 'catkin_skip_building_tests': False, 'cmake_args': ['-DCMAKE_MODULE_PATH=/home/starry1n/WUTA/WUTA-FSD/ros2_ws/cmake'], 'cmake_clean_cache': False, 'cmake_clean_first': False, 'cmake_force_configure': False, 'cmake_target': None, 'cmake_target_skip_unavailable': False, 'install_base': '/home/starry1n/WUTA/WUTA-FSD/ros2_ws/install/wuta_msgs', 'merge_install': False, 'path': '/home/starry1n/WUTA/WUTA-FSD/ros2_ws/src/common/wuta_msgs', 'symlink_install': True, 'test_result_base': None}
[0.216s] Level 5:colcon.colcon_core.verb:set package 'boundary_detector' build argument 'cmake_args' from command line to '['-DCMAKE_MODULE_PATH=/home/starry1n/WUTA/WUTA-FSD/ros2_ws/cmake']'
[0.216s] Level 5:colcon.colcon_core.verb:set package 'boundary_detector' build argument 'cmake_target' from command line to 'None'
[0.216s] Level 5:colcon.colcon_core.verb:set package 'boundary_detector' build argument 'cmake_target_skip_unavailable' from command line to 'False'
[0.216s] Level 5:colcon.colcon_core.verb:set package 'boundary_detector' build argument 'cmake_clean_cache' from command line to 'False'
[0.216s] Level 5:colcon.colcon_core.verb:set package 'boundary_detector' build argument 'cmake_clean_first' from command line to 'False'
[0.216s] Level 5:colcon.colcon_core.verb:set package 'boundary_detector' build argument 'cmake_force_configure' from command line to 'False'
[0.216s] Level 5:colcon.colcon_core.verb:set package 'boundary_detector' build argument 'ament_cmake_args' from command line to 'None'
[0.216s] Level 5:colcon.colcon_core.verb:set package 'boundary_detector' build argument 'catkin_cmake_args' from command line to 'None'
[0.216s] Level 5:colcon.colcon_core.verb:set package 'boundary_detector' build argument 'catkin_skip_building_tests' from command line to 'False'
[0.216s] DEBUG:colcon.colcon_core.verb:Building package 'boundary_detector' with the following arguments: {'ament_cmake_args': None, 'build_base': '/home/starry1n/WUTA/WUTA-FSD/ros2_ws/build/boundary_detector', 'catkin_cmake_args': None, 'catkin_skip_building_tests': False, 'cmake_args': ['-DCMAKE_MODULE_PATH=/home/starry1n/WUTA/WUTA-FSD/ros2_ws/cmake'], 'cmake_clean_cache': False, 'cmake_clean_first': False, 'cmake_force_configure': False, 'cmake_target': None, 'cmake_target_skip_unavailable': False, 'install_base': '/home/starry1n/WUTA/WUTA-FSD/ros2_ws/install/boundary_detector', 'merge_install': False, 'path': '/home/starry1n/WUTA/WUTA-FSD/ros2_ws/src/planning/boundary_detector', 'symlink_install': True, 'test_result_base': None}
[0.216s] Level 5:colcon.colcon_core.verb:set package 'camera_detection' build argument 'cmake_args' from command line to '['-DCMAKE_MODULE_PATH=/home/starry1n/WUTA/WUTA-FSD/ros2_ws/cmake']'
[0.216s] Level 5:colcon.colcon_core.verb:set package 'camera_detection' build argument 'cmake_target' from command line to 'None'
[0.216s] Level 5:colcon.colcon_core.verb:set package 'camera_detection' build argument 'cmake_target_skip_unavailable' from command line to 'False'
[0.216s] Level 5:colcon.colcon_core.verb:set package 'camera_detection' build argument 'cmake_clean_cache' from command line to 'False'
[0.216s] Level 5:colcon.colcon_core.verb:set package 'camera_detection' build argument 'cmake_clean_first' from command line to 'False'
[0.216s] Level 5:colcon.colcon_core.verb:set package 'camera_detection' build argument 'cmake_force_configure' from command line to 'False'
[0.216s] Level 5:colcon.colcon_core.verb:set package 'camera_detection' build argument 'ament_cmake_args' from command line to 'None'
[0.216s] Level 5:colcon.colcon_core.verb:set package 'camera_detection' build argument 'catkin_cmake_args' from command line to 'None'
[0.216s] Level 5:colcon.colcon_core.verb:set package 'camera_detection' build argument 'catkin_skip_building_tests' from command line to 'False'
[0.216s] DEBUG:colcon.colcon_core.verb:Building package 'camera_detection' with the following arguments: {'ament_cmake_args': None, 'build_base': '/home/starry1n/WUTA/WUTA-FSD/ros2_ws/build/camera_detection', 'catkin_cmake_args': None, 'catkin_skip_building_tests': False, 'cmake_args': ['-DCMAKE_MODULE_PATH=/home/starry1n/WUTA/WUTA-FSD/ros2_ws/cmake'], 'cmake_clean_cache': False, 'cmake_clean_first': False, 'cmake_force_configure': False, 'cmake_target': None, 'cmake_target_skip_unavailable': False, 'install_base': '/home/starry1n/WUTA/WUTA-FSD/ros2_ws/install/camera_detection', 'merge_install': False, 'path': '/home/starry1n/WUTA/WUTA-FSD/ros2_ws/src/perception/camera_detection', 'symlink_install': True, 'test_result_base': None}
[0.216s] Level 5:colcon.colcon_core.verb:set package 'cone_map_builder' build argument 'cmake_args' from command line to '['-DCMAKE_MODULE_PATH=/home/starry1n/WUTA/WUTA-FSD/ros2_ws/cmake']'
[0.216s] Level 5:colcon.colcon_core.verb:set package 'cone_map_builder' build argument 'cmake_target' from command line to 'None'
[0.216s] Level 5:colcon.colcon_core.verb:set package 'cone_map_builder' build argument 'cmake_target_skip_unavailable' from command line to 'False'
[0.216s] Level 5:colcon.colcon_core.verb:set package 'cone_map_builder' build argument 'cmake_clean_cache' from command line to 'False'
[0.216s] Level 5:colcon.colcon_core.verb:set package 'cone_map_builder' build argument 'cmake_clean_first' from command line to 'False'
[0.216s] Level 5:colcon.colcon_core.verb:set package 'cone_map_builder' build argument 'cmake_force_configure' from command line to 'False'
[0.216s] Level 5:colcon.colcon_core.verb:set package 'cone_map_builder' build argument 'ament_cmake_args' from command line to 'None'
[0.216s] Level 5:colcon.colcon_core.verb:set package 'cone_map_builder' build argument 'catkin_cmake_args' from command line to 'None'
[0.216s] Level 5:colcon.colcon_core.verb:set package 'cone_map_builder' build argument 'catkin_skip_building_tests' from command line to 'False'
[0.216s] DEBUG:colcon.colcon_core.verb:Building package 'cone_map_builder' with the following arguments: {'ament_cmake_args': None, 'build_base': '/home/starry1n/WUTA/WUTA-FSD/ros2_ws/build/cone_map_builder', 'catkin_cmake_args': None, 'catkin_skip_building_tests': False, 'cmake_args': ['-DCMAKE_MODULE_PATH=/home/starry1n/WUTA/WUTA-FSD/ros2_ws/cmake'], 'cmake_clean_cache': False, 'cmake_clean_first': False, 'cmake_force_configure': False, 'cmake_target': None, 'cmake_target_skip_unavailable': False, 'install_base': '/home/starry1n/WUTA/WUTA-FSD/ros2_ws/install/cone_map_builder', 'merge_install': False, 'path': '/home/starry1n/WUTA/WUTA-FSD/ros2_ws/src/mapping/cone_map_builder', 'symlink_install': True, 'test_result_base': None}
[0.216s] Level 5:colcon.colcon_core.verb:set package 'controller' build argument 'cmake_args' from command line to '['-DCMAKE_MODULE_PATH=/home/starry1n/WUTA/WUTA-FSD/ros2_ws/cmake']'
[0.216s] Level 5:colcon.colcon_core.verb:set package 'controller' build argument 'cmake_target' from command line to 'None'
[0.216s] Level 5:colcon.colcon_core.verb:set package 'controller' build argument 'cmake_target_skip_unavailable' from command line to 'False'
[0.217s] Level 5:colcon.colcon_core.verb:set package 'controller' build argument 'cmake_clean_cache' from command line to 'False'
[0.217s] Level 5:colcon.colcon_core.verb:set package 'controller' build argument 'cmake_clean_first' from command line to 'False'
[0.217s] Level 5:colcon.colcon_core.verb:set package 'controller' build argument 'cmake_force_configure' from command line to 'False'
[0.217s] Level 5:colcon.colcon_core.verb:set package 'controller' build argument 'ament_cmake_args' from command line to 'None'
[0.217s] Level 5:colcon.colcon_core.verb:set package 'controller' build argument 'catkin_cmake_args' from command line to 'None'
[0.217s] Level 5:colcon.colcon_core.verb:set package 'controller' build argument 'catkin_skip_building_tests' from command line to 'False'
[0.217s] DEBUG:colcon.colcon_core.verb:Building package 'controller' with the following arguments: {'ament_cmake_args': None, 'build_base': '/home/starry1n/WUTA/WUTA-FSD/ros2_ws/build/controller', 'catkin_cmake_args': None, 'catkin_skip_building_tests': False, 'cmake_args': ['-DCMAKE_MODULE_PATH=/home/starry1n/WUTA/WUTA-FSD/ros2_ws/cmake'], 'cmake_clean_cache': False, 'cmake_clean_first': False, 'cmake_force_configure': False, 'cmake_target': None, 'cmake_target_skip_unavailable': False, 'install_base': '/home/starry1n/WUTA/WUTA-FSD/ros2_ws/install/controller', 'merge_install': False, 'path': '/home/starry1n/WUTA/WUTA-FSD/ros2_ws/src/control/controller', 'symlink_install': True, 'test_result_base': None}
[0.217s] Level 5:colcon.colcon_core.verb:set package 'detection_fusion' build argument 'cmake_args' from command line to '['-DCMAKE_MODULE_PATH=/home/starry1n/WUTA/WUTA-FSD/ros2_ws/cmake']'
[0.217s] Level 5:colcon.colcon_core.verb:set package 'detection_fusion' build argument 'cmake_target' from command line to 'None'
[0.217s] Level 5:colcon.colcon_core.verb:set package 'detection_fusion' build argument 'cmake_target_skip_unavailable' from command line to 'False'
[0.217s] Level 5:colcon.colcon_core.verb:set package 'detection_fusion' build argument 'cmake_clean_cache' from command line to 'False'
[0.217s] Level 5:colcon.colcon_core.verb:set package 'detection_fusion' build argument 'cmake_clean_first' from command line to 'False'
[0.217s] Level 5:colcon.colcon_core.verb:set package 'detection_fusion' build argument 'cmake_force_configure' from command line to 'False'
[0.217s] Level 5:colcon.colcon_core.verb:set package 'detection_fusion' build argument 'ament_cmake_args' from command line to 'None'
[0.217s] Level 5:colcon.colcon_core.verb:set package 'detection_fusion' build argument 'catkin_cmake_args' from command line to 'None'
[0.217s] Level 5:colcon.colcon_core.verb:set package 'detection_fusion' build argument 'catkin_skip_building_tests' from command line to 'False'
[0.217s] DEBUG:colcon.colcon_core.verb:Building package 'detection_fusion' with the following arguments: {'ament_cmake_args': None, 'build_base': '/home/starry1n/WUTA/WUTA-FSD/ros2_ws/build/detection_fusion', 'catkin_cmake_args': None, 'catkin_skip_building_tests': False, 'cmake_args': ['-DCMAKE_MODULE_PATH=/home/starry1n/WUTA/WUTA-FSD/ros2_ws/cmake'], 'cmake_clean_cache': False, 'cmake_clean_first': False, 'cmake_force_configure': False, 'cmake_target': None, 'cmake_target_skip_unavailable': False, 'install_base': '/home/starry1n/WUTA/WUTA-FSD/ros2_ws/install/detection_fusion', 'merge_install': False, 'path': '/home/starry1n/WUTA/WUTA-FSD/ros2_ws/src/perception/detection_fusion', 'symlink_install': True, 'test_result_base': None}
[0.217s] Level 5:colcon.colcon_core.verb:set package 'kiss_icp_wrapper' build argument 'cmake_args' from command line to '['-DCMAKE_MODULE_PATH=/home/starry1n/WUTA/WUTA-FSD/ros2_ws/cmake']'
[0.217s] Level 5:colcon.colcon_core.verb:set package 'kiss_icp_wrapper' build argument 'cmake_target' from command line to 'None'
[0.217s] Level 5:colcon.colcon_core.verb:set package 'kiss_icp_wrapper' build argument 'cmake_target_skip_unavailable' from command line to 'False'
[0.217s] Level 5:colcon.colcon_core.verb:set package 'kiss_icp_wrapper' build argument 'cmake_clean_cache' from command line to 'False'
[0.217s] Level 5:colcon.colcon_core.verb:set package 'kiss_icp_wrapper' build argument 'cmake_clean_first' from command line to 'False'
[0.217s] Level 5:colcon.colcon_core.verb:set package 'kiss_icp_wrapper' build argument 'cmake_force_configure' from command line to 'False'
[0.217s] Level 5:colcon.colcon_core.verb:set package 'kiss_icp_wrapper' build argument 'ament_cmake_args' from command line to 'None'
[0.217s] Level 5:colcon.colcon_core.verb:set package 'kiss_icp_wrapper' build argument 'catkin_cmake_args' from command line to 'None'
[0.217s] Level 5:colcon.colcon_core.verb:set package 'kiss_icp_wrapper' build argument 'catkin_skip_building_tests' from command line to 'False'
[0.217s] DEBUG:colcon.colcon_core.verb:Building package 'kiss_icp_wrapper' with the following arguments: {'ament_cmake_args': None, 'build_base': '/home/starry1n/WUTA/WUTA-FSD/ros2_ws/build/kiss_icp_wrapper', 'catkin_cmake_args': None, 'catkin_skip_building_tests': False, 'cmake_args': ['-DCMAKE_MODULE_PATH=/home/starry1n/WUTA/WUTA-FSD/ros2_ws/cmake'], 'cmake_clean_cache': False, 'cmake_clean_first': False, 'cmake_force_configure': False, 'cmake_target': None, 'cmake_target_skip_unavailable': False, 'install_base': '/home/starry1n/WUTA/WUTA-FSD/ros2_ws/install/kiss_icp_wrapper', 'merge_install': False, 'path': '/home/starry1n/WUTA/WUTA-FSD/ros2_ws/src/localization/kiss_icp_wrapper', 'symlink_install': True, 'test_result_base': None}
[0.217s] Level 5:colcon.colcon_core.verb:set package 'lidar_detection' build argument 'cmake_args' from command line to '['-DCMAKE_MODULE_PATH=/home/starry1n/WUTA/WUTA-FSD/ros2_ws/cmake']'
[0.217s] Level 5:colcon.colcon_core.verb:set package 'lidar_detection' build argument 'cmake_target' from command line to 'None'
[0.217s] Level 5:colcon.colcon_core.verb:set package 'lidar_detection' build argument 'cmake_target_skip_unavailable' from command line to 'False'
[0.217s] Level 5:colcon.colcon_core.verb:set package 'lidar_detection' build argument 'cmake_clean_cache' from command line to 'False'
[0.217s] Level 5:colcon.colcon_core.verb:set package 'lidar_detection' build argument 'cmake_clean_first' from command line to 'False'
[0.217s] Level 5:colcon.colcon_core.verb:set package 'lidar_detection' build argument 'cmake_force_configure' from command line to 'False'
[0.217s] Level 5:colcon.colcon_core.verb:set package 'lidar_detection' build argument 'ament_cmake_args' from command line to 'None'
[0.217s] Level 5:colcon.colcon_core.verb:set package 'lidar_detection' build argument 'catkin_cmake_args' from command line to 'None'
[0.217s] Level 5:colcon.colcon_core.verb:set package 'lidar_detection' build argument 'catkin_skip_building_tests' from command line to 'False'
[0.217s] DEBUG:colcon.colcon_core.verb:Building package 'lidar_detection' with the following arguments: {'ament_cmake_args': None, 'build_base': '/home/starry1n/WUTA/WUTA-FSD/ros2_ws/build/lidar_detection', 'catkin_cmake_args': None, 'catkin_skip_building_tests': False, 'cmake_args': ['-DCMAKE_MODULE_PATH=/home/starry1n/WUTA/WUTA-FSD/ros2_ws/cmake'], 'cmake_clean_cache': False, 'cmake_clean_first': False, 'cmake_force_configure': False, 'cmake_target': None, 'cmake_target_skip_unavailable': False, 'install_base': '/home/starry1n/WUTA/WUTA-FSD/ros2_ws/install/lidar_detection', 'merge_install': False, 'path': '/home/starry1n/WUTA/WUTA-FSD/ros2_ws/src/perception/lidar_detection', 'symlink_install': True, 'test_result_base': None}
[0.218s] Level 5:colcon.colcon_core.verb:set package 'localization_manager' build argument 'cmake_args' from command line to '['-DCMAKE_MODULE_PATH=/home/starry1n/WUTA/WUTA-FSD/ros2_ws/cmake']'
[0.218s] Level 5:colcon.colcon_core.verb:set package 'localization_manager' build argument 'cmake_target' from command line to 'None'
[0.218s] Level 5:colcon.colcon_core.verb:set package 'localization_manager' build argument 'cmake_target_skip_unavailable' from command line to 'False'
[0.218s] Level 5:colcon.colcon_core.verb:set package 'localization_manager' build argument 'cmake_clean_cache' from command line to 'False'
[0.218s] Level 5:colcon.colcon_core.verb:set package 'localization_manager' build argument 'cmake_clean_first' from command line to 'False'
[0.218s] Level 5:colcon.colcon_core.verb:set package 'localization_manager' build argument 'cmake_force_configure' from command line to 'False'
[0.218s] Level 5:colcon.colcon_core.verb:set package 'localization_manager' build argument 'ament_cmake_args' from command line to 'None'
[0.218s] Level 5:colcon.colcon_core.verb:set package 'localization_manager' build argument 'catkin_cmake_args' from command line to 'None'
[0.218s] Level 5:colcon.colcon_core.verb:set package 'localization_manager' build argument 'catkin_skip_building_tests' from command line to 'False'
[0.218s] DEBUG:colcon.colcon_core.verb:Building package 'localization_manager' with the following arguments: {'ament_cmake_args': None, 'build_base': '/home/starry1n/WUTA/WUTA-FSD/ros2_ws/build/localization_manager', 'catkin_cmake_args': None, 'catkin_skip_building_tests': False, 'cmake_args': ['-DCMAKE_MODULE_PATH=/home/starry1n/WUTA/WUTA-FSD/ros2_ws/cmake'], 'cmake_clean_cache': False, 'cmake_clean_first': False, 'cmake_force_configure': False, 'cmake_target': None, 'cmake_target_skip_unavailable': False, 'install_base': '/home/starry1n/WUTA/WUTA-FSD/ros2_ws/install/localization_manager', 'merge_install': False, 'path': '/home/starry1n/WUTA/WUTA-FSD/ros2_ws/src/localization/localization_manager', 'symlink_install': True, 'test_result_base': None}
[0.218s] Level 5:colcon.colcon_core.verb:set package 'mission_manager' build argument 'cmake_args' from command line to '['-DCMAKE_MODULE_PATH=/home/starry1n/WUTA/WUTA-FSD/ros2_ws/cmake']'
[0.218s] Level 5:colcon.colcon_core.verb:set package 'mission_manager' build argument 'cmake_target' from command line to 'None'
[0.218s] Level 5:colcon.colcon_core.verb:set package 'mission_manager' build argument 'cmake_target_skip_unavailable' from command line to 'False'
[0.218s] Level 5:colcon.colcon_core.verb:set package 'mission_manager' build argument 'cmake_clean_cache' from command line to 'False'
[0.218s] Level 5:colcon.colcon_core.verb:set package 'mission_manager' build argument 'cmake_clean_first' from command line to 'False'
[0.218s] Level 5:colcon.colcon_core.verb:set package 'mission_manager' build argument 'cmake_force_configure' from command line to 'False'
[0.218s] Level 5:colcon.colcon_core.verb:set package 'mission_manager' build argument 'ament_cmake_args' from command line to 'None'
[0.218s] Level 5:colcon.colcon_core.verb:set package 'mission_manager' build argument 'catkin_cmake_args' from command line to 'None'
[0.218s] Level 5:colcon.colcon_core.verb:set package 'mission_manager' build argument 'catkin_skip_building_tests' from command line to 'False'
[0.218s] DEBUG:colcon.colcon_core.verb:Building package 'mission_manager' with the following arguments: {'ament_cmake_args': None, 'build_base': '/home/starry1n/WUTA/WUTA-FSD/ros2_ws/build/mission_manager', 'catkin_cmake_args': None, 'catkin_skip_building_tests': False, 'cmake_args': ['-DCMAKE_MODULE_PATH=/home/starry1n/WUTA/WUTA-FSD/ros2_ws/cmake'], 'cmake_clean_cache': False, 'cmake_clean_first': False, 'cmake_force_configure': False, 'cmake_target': None, 'cmake_target_skip_unavailable': False, 'install_base': '/home/starry1n/WUTA/WUTA-FSD/ros2_ws/install/mission_manager', 'merge_install': False, 'path': '/home/starry1n/WUTA/WUTA-FSD/ros2_ws/src/system/mission_manager', 'symlink_install': True, 'test_result_base': None}
[0.218s] Level 5:colcon.colcon_core.verb:set package 'ndt_localization' build argument 'cmake_args' from command line to '['-DCMAKE_MODULE_PATH=/home/starry1n/WUTA/WUTA-FSD/ros2_ws/cmake']'
[0.218s] Level 5:colcon.colcon_core.verb:set package 'ndt_localization' build argument 'cmake_target' from command line to 'None'
[0.218s] Level 5:colcon.colcon_core.verb:set package 'ndt_localization' build argument 'cmake_target_skip_unavailable' from command line to 'False'
[0.218s] Level 5:colcon.colcon_core.verb:set package 'ndt_localization' build argument 'cmake_clean_cache' from command line to 'False'
[0.218s] Level 5:colcon.colcon_core.verb:set package 'ndt_localization' build argument 'cmake_clean_first' from command line to 'False'
[0.218s] Level 5:colcon.colcon_core.verb:set package 'ndt_localization' build argument 'cmake_force_configure' from command line to 'False'
[0.218s] Level 5:colcon.colcon_core.verb:set package 'ndt_localization' build argument 'ament_cmake_args' from command line to 'None'
[0.218s] Level 5:colcon.colcon_core.verb:set package 'ndt_localization' build argument 'catkin_cmake_args' from command line to 'None'
[0.218s] Level 5:colcon.colcon_core.verb:set package 'ndt_localization' build argument 'catkin_skip_building_tests' from command line to 'False'
[0.218s] DEBUG:colcon.colcon_core.verb:Building package 'ndt_localization' with the following arguments: {'ament_cmake_args': None, 'build_base': '/home/starry1n/WUTA/WUTA-FSD/ros2_ws/build/ndt_localization', 'catkin_cmake_args': None, 'catkin_skip_building_tests': False, 'cmake_args': ['-DCMAKE_MODULE_PATH=/home/starry1n/WUTA/WUTA-FSD/ros2_ws/cmake'], 'cmake_clean_cache': False, 'cmake_clean_first': False, 'cmake_force_configure': False, 'cmake_target': None, 'cmake_target_skip_unavailable': False, 'install_base': '/home/starry1n/WUTA/WUTA-FSD/ros2_ws/install/ndt_localization', 'merge_install': False, 'path': '/home/starry1n/WUTA/WUTA-FSD/ros2_ws/src/localization/ndt_localization', 'symlink_install': True, 'test_result_base': None}
[0.218s] Level 5:colcon.colcon_core.verb:set package 'path_generator' build argument 'cmake_args' from command line to '['-DCMAKE_MODULE_PATH=/home/starry1n/WUTA/WUTA-FSD/ros2_ws/cmake']'
[0.218s] Level 5:colcon.colcon_core.verb:set package 'path_generator' build argument 'cmake_target' from command line to 'None'
[0.218s] Level 5:colcon.colcon_core.verb:set package 'path_generator' build argument 'cmake_target_skip_unavailable' from command line to 'False'
[0.218s] Level 5:colcon.colcon_core.verb:set package 'path_generator' build argument 'cmake_clean_cache' from command line to 'False'
[0.218s] Level 5:colcon.colcon_core.verb:set package 'path_generator' build argument 'cmake_clean_first' from command line to 'False'
[0.218s] Level 5:colcon.colcon_core.verb:set package 'path_generator' build argument 'cmake_force_configure' from command line to 'False'
[0.218s] Level 5:colcon.colcon_core.verb:set package 'path_generator' build argument 'ament_cmake_args' from command line to 'None'
[0.218s] Level 5:colcon.colcon_core.verb:set package 'path_generator' build argument 'catkin_cmake_args' from command line to 'None'
[0.218s] Level 5:colcon.colcon_core.verb:set package 'path_generator' build argument 'catkin_skip_building_tests' from command line to 'False'
[0.218s] DEBUG:colcon.colcon_core.verb:Building package 'path_generator' with the following arguments: {'ament_cmake_args': None, 'build_base': '/home/starry1n/WUTA/WUTA-FSD/ros2_ws/build/path_generator', 'catkin_cmake_args': None, 'catkin_skip_building_tests': False, 'cmake_args': ['-DCMAKE_MODULE_PATH=/home/starry1n/WUTA/WUTA-FSD/ros2_ws/cmake'], 'cmake_clean_cache': False, 'cmake_clean_first': False, 'cmake_force_configure': False, 'cmake_target': None, 'cmake_target_skip_unavailable': False, 'install_base': '/home/starry1n/WUTA/WUTA-FSD/ros2_ws/install/path_generator', 'merge_install': False, 'path': '/home/starry1n/WUTA/WUTA-FSD/ros2_ws/src/planning/path_generator', 'symlink_install': True, 'test_result_base': None}
[0.219s] Level 5:colcon.colcon_core.verb:set package 'wuta_tools' build argument 'cmake_args' from command line to '['-DCMAKE_MODULE_PATH=/home/starry1n/WUTA/WUTA-FSD/ros2_ws/cmake']'
[0.219s] Level 5:colcon.colcon_core.verb:set package 'wuta_tools' build argument 'cmake_target' from command line to 'None'
[0.219s] Level 5:colcon.colcon_core.verb:set package 'wuta_tools' build argument 'cmake_target_skip_unavailable' from command line to 'False'
[0.219s] Level 5:colcon.colcon_core.verb:set package 'wuta_tools' build argument 'cmake_clean_cache' from command line to 'False'
[0.219s] Level 5:colcon.colcon_core.verb:set package 'wuta_tools' build argument 'cmake_clean_first' from command line to 'False'
[0.219s] Level 5:colcon.colcon_core.verb:set package 'wuta_tools' build argument 'cmake_force_configure' from command line to 'False'
[0.219s] Level 5:colcon.colcon_core.verb:set package 'wuta_tools' build argument 'ament_cmake_args' from command line to 'None'
[0.219s] Level 5:colcon.colcon_core.verb:set package 'wuta_tools' build argument 'catkin_cmake_args' from command line to 'None'
[0.219s] Level 5:colcon.colcon_core.verb:set package 'wuta_tools' build argument 'catkin_skip_building_tests' from command line to 'False'
[0.219s] DEBUG:colcon.colcon_core.verb:Building package 'wuta_tools' with the following arguments: {'ament_cmake_args': None, 'build_base': '/home/starry1n/WUTA/WUTA-FSD/ros2_ws/build/wuta_tools', 'catkin_cmake_args': None, 'catkin_skip_building_tests': False, 'cmake_args': ['-DCMAKE_MODULE_PATH=/home/starry1n/WUTA/WUTA-FSD/ros2_ws/cmake'], 'cmake_clean_cache': False, 'cmake_clean_first': False, 'cmake_force_configure': False, 'cmake_target': None, 'cmake_target_skip_unavailable': False, 'install_base': '/home/starry1n/WUTA/WUTA-FSD/ros2_ws/install/wuta_tools', 'merge_install': False, 'path': '/home/starry1n/WUTA/WUTA-FSD/ros2_ws/src/common/wuta_tools', 'symlink_install': True, 'test_result_base': None}
[0.219s] INFO:colcon.colcon_core.executor:Executing jobs using 'parallel' executor
[0.220s] DEBUG:colcon.colcon_parallel_executor.executor.parallel:run_until_complete
[0.220s] INFO:colcon.colcon_ros.task.ament_cmake.build:Building ROS package in '/home/starry1n/WUTA/WUTA-FSD/ros2_ws/src/common/wuta_msgs' with build type 'ament_cmake'
[0.220s] INFO:colcon.colcon_cmake.task.cmake.build:Building CMake package in '/home/starry1n/WUTA/WUTA-FSD/ros2_ws/src/common/wuta_msgs'
[0.222s] INFO:colcon.colcon_core.plugin_system:Skipping extension 'colcon_core.shell.bat': Not used on non-Windows systems
[0.222s] INFO:colcon.colcon_core.shell:Skip shell extension 'powershell' for command environment: Not usable outside of PowerShell
[0.222s] DEBUG:colcon.colcon_core.shell:Skip shell extension 'dsv' for command environment
[0.224s] INFO:colcon.colcon_ros.task.ament_cmake.build:Building ROS package in '/home/starry1n/WUTA/WUTA-FSD/ros2_ws/src/common/autoware_msgs' with build type 'ament_cmake'
[0.224s] INFO:colcon.colcon_cmake.task.cmake.build:Building CMake package in '/home/starry1n/WUTA/WUTA-FSD/ros2_ws/src/common/autoware_msgs'
[0.224s] INFO:colcon.colcon_core.shell:Skip shell extension 'powershell' for command environment: Not usable outside of PowerShell
[0.224s] DEBUG:colcon.colcon_core.shell:Skip shell extension 'dsv' for command environment
[0.226s] INFO:colcon.colcon_ros.task.ament_cmake.build:Building ROS package in '/home/starry1n/WUTA/WUTA-FSD/ros2_ws/src/localization/kiss-icp/ros' with build type 'ament_cmake'
[0.226s] INFO:colcon.colcon_cmake.task.cmake.build:Building CMake package in '/home/starry1n/WUTA/WUTA-FSD/ros2_ws/src/localization/kiss-icp/ros'
[0.226s] INFO:colcon.colcon_core.shell:Skip shell extension 'powershell' for command environment: Not usable outside of PowerShell
[0.226s] DEBUG:colcon.colcon_core.shell:Skip shell extension 'dsv' for command environment
[0.229s] INFO:colcon.colcon_ros.task.ament_cmake.build:Building ROS package in '/home/starry1n/WUTA/WUTA-FSD/ros2_ws/src/localization/robot_localization' with build type 'ament_cmake'
[0.229s] INFO:colcon.colcon_cmake.task.cmake.build:Building CMake package in '/home/starry1n/WUTA/WUTA-FSD/ros2_ws/src/localization/robot_localization'
[0.229s] INFO:colcon.colcon_core.shell:Skip shell extension 'powershell' for command environment: Not usable outside of PowerShell
[0.229s] DEBUG:colcon.colcon_core.shell:Skip shell extension 'dsv' for command environment
[0.235s] DEBUG:colcon.colcon_core.event_handler.log_command:Invoking command in '/home/starry1n/WUTA/WUTA-FSD/ros2_ws/build/wuta_msgs': CMAKE_PREFIX_PATH=/opt/ros/humble /usr/bin/cmake --build /home/starry1n/WUTA/WUTA-FSD/ros2_ws/build/wuta_msgs -- -j8 -l8
[0.239s] DEBUG:colcon.colcon_core.event_handler.log_command:Invoking command in '/home/starry1n/WUTA/WUTA-FSD/ros2_ws/build/autoware_msgs': CMAKE_PREFIX_PATH=/opt/ros/humble /usr/bin/cmake --build /home/starry1n/WUTA/WUTA-FSD/ros2_ws/build/autoware_msgs -- -j8 -l8
[0.246s] DEBUG:colcon.colcon_core.event_handler.log_command:Invoking command in '/home/starry1n/WUTA/WUTA-FSD/ros2_ws/build/kiss_icp': CMAKE_PREFIX_PATH=/opt/ros/humble /usr/bin/cmake --build /home/starry1n/WUTA/WUTA-FSD/ros2_ws/build/kiss_icp -- -j8 -l8
[0.251s] DEBUG:colcon.colcon_core.event_handler.log_command:Invoking command in '/home/starry1n/WUTA/WUTA-FSD/ros2_ws/build/robot_localization': CMAKE_PREFIX_PATH=/opt/ros/humble /usr/bin/cmake --build /home/starry1n/WUTA/WUTA-FSD/ros2_ws/build/robot_localization -- -j8 -l8
[0.478s] DEBUG:colcon.colcon_core.event_handler.log_command:Invoked command in '/home/starry1n/WUTA/WUTA-FSD/ros2_ws/build/kiss_icp' returned '0': CMAKE_PREFIX_PATH=/opt/ros/humble /usr/bin/cmake --build /home/starry1n/WUTA/WUTA-FSD/ros2_ws/build/kiss_icp -- -j8 -l8
[0.486s] DEBUG:colcon.colcon_core.event_handler.log_command:Invoking command in '/home/starry1n/WUTA/WUTA-FSD/ros2_ws/build/kiss_icp': CMAKE_PREFIX_PATH=/opt/ros/humble /usr/bin/cmake --install /home/starry1n/WUTA/WUTA-FSD/ros2_ws/build/kiss_icp
[0.507s] Level 1:colcon.colcon_core.environment:create_environment_scripts_only(kiss_icp)
[0.508s] Level 1:colcon.colcon_core.environment:checking '/home/starry1n/WUTA/WUTA-FSD/ros2_ws/install/kiss_icp' for CMake module files
[0.508s] Level 1:colcon.colcon_core.environment:checking '/home/starry1n/WUTA/WUTA-FSD/ros2_ws/install/kiss_icp' for CMake config files
[0.509s] Level 1:colcon.colcon_core.shell:create_environment_hook('kiss_icp', 'cmake_prefix_path')
[0.509s] INFO:colcon.colcon_core.shell:Creating environment hook '/home/starry1n/WUTA/WUTA-FSD/ros2_ws/install/kiss_icp/share/kiss_icp/hook/cmake_prefix_path.ps1'
[0.509s] INFO:colcon.colcon_core.shell:Creating environment descriptor '/home/starry1n/WUTA/WUTA-FSD/ros2_ws/install/kiss_icp/share/kiss_icp/hook/cmake_prefix_path.dsv'
[0.513s] DEBUG:colcon.colcon_core.event_handler.log_command:Invoked command in '/home/starry1n/WUTA/WUTA-FSD/ros2_ws/build/kiss_icp' returned '0': CMAKE_PREFIX_PATH=/opt/ros/humble /usr/bin/cmake --install /home/starry1n/WUTA/WUTA-FSD/ros2_ws/build/kiss_icp
[0.514s] INFO:colcon.colcon_core.shell:Creating environment hook '/home/starry1n/WUTA/WUTA-FSD/ros2_ws/install/kiss_icp/share/kiss_icp/hook/cmake_prefix_path.sh'
[0.515s] Level 1:colcon.colcon_core.environment:checking '/home/starry1n/WUTA/WUTA-FSD/ros2_ws/install/kiss_icp/lib'
[0.515s] Level 1:colcon.colcon_core.shell:create_environment_hook('kiss_icp', 'ld_library_path_lib')
[0.515s] INFO:colcon.colcon_core.shell:Creating environment hook '/home/starry1n/WUTA/WUTA-FSD/ros2_ws/install/kiss_icp/share/kiss_icp/hook/ld_library_path_lib.ps1'
[0.517s] INFO:colcon.colcon_core.shell:Creating environment descriptor '/home/starry1n/WUTA/WUTA-FSD/ros2_ws/install/kiss_icp/share/kiss_icp/hook/ld_library_path_lib.dsv'
[0.517s] INFO:colcon.colcon_core.shell:Creating environment hook '/home/starry1n/WUTA/WUTA-FSD/ros2_ws/install/kiss_icp/share/kiss_icp/hook/ld_library_path_lib.sh'
[0.517s] Level 1:colcon.colcon_core.environment:checking '/home/starry1n/WUTA/WUTA-FSD/ros2_ws/install/kiss_icp/bin'
[0.518s] Level 1:colcon.colcon_core.environment:checking '/home/starry1n/WUTA/WUTA-FSD/ros2_ws/install/kiss_icp/lib/pkgconfig/kiss_icp.pc'
[0.518s] Level 1:colcon.colcon_core.environment:checking '/home/starry1n/WUTA/WUTA-FSD/ros2_ws/install/kiss_icp/lib/python3.10/site-packages'
[0.518s] Level 1:colcon.colcon_core.environment:checking '/home/starry1n/WUTA/WUTA-FSD/ros2_ws/install/kiss_icp/bin'
[0.518s] INFO:colcon.colcon_core.shell:Creating package script '/home/starry1n/WUTA/WUTA-FSD/ros2_ws/install/kiss_icp/share/kiss_icp/package.ps1'
[0.519s] INFO:colcon.colcon_core.shell:Creating package descriptor '/home/starry1n/WUTA/WUTA-FSD/ros2_ws/install/kiss_icp/share/kiss_icp/package.dsv'
[0.519s] INFO:colcon.colcon_core.shell:Creating package script '/home/starry1n/WUTA/WUTA-FSD/ros2_ws/install/kiss_icp/share/kiss_icp/package.sh'
[0.520s] INFO:colcon.colcon_core.shell:Creating package script '/home/starry1n/WUTA/WUTA-FSD/ros2_ws/install/kiss_icp/share/kiss_icp/package.bash'
[0.522s] INFO:colcon.colcon_core.shell:Creating package script '/home/starry1n/WUTA/WUTA-FSD/ros2_ws/install/kiss_icp/share/kiss_icp/package.zsh'
[0.522s] Level 1:colcon.colcon_core.environment:create_file_with_runtime_dependencies(/home/starry1n/WUTA/WUTA-FSD/ros2_ws/install/kiss_icp/share/colcon-core/packages/kiss_icp)
[0.525s] Level 1:colcon.colcon_core.environment:create_environment_scripts_only(kiss_icp)
[0.525s] Level 1:colcon.colcon_core.environment:checking '/home/starry1n/WUTA/WUTA-FSD/ros2_ws/install/kiss_icp' for CMake module files
[0.525s] Level 1:colcon.colcon_core.environment:checking '/home/starry1n/WUTA/WUTA-FSD/ros2_ws/install/kiss_icp' for CMake config files
[0.526s] Level 1:colcon.colcon_core.shell:create_environment_hook('kiss_icp', 'cmake_prefix_path')
[0.526s] INFO:colcon.colcon_core.shell:Creating environment hook '/home/starry1n/WUTA/WUTA-FSD/ros2_ws/install/kiss_icp/share/kiss_icp/hook/cmake_prefix_path.ps1'
[0.526s] INFO:colcon.colcon_core.shell:Creating environment descriptor '/home/starry1n/WUTA/WUTA-FSD/ros2_ws/install/kiss_icp/share/kiss_icp/hook/cmake_prefix_path.dsv'
[0.528s] INFO:colcon.colcon_core.shell:Creating environment hook '/home/starry1n/WUTA/WUTA-FSD/ros2_ws/install/kiss_icp/share/kiss_icp/hook/cmake_prefix_path.sh'
[0.529s] Level 1:colcon.colcon_core.environment:checking '/home/starry1n/WUTA/WUTA-FSD/ros2_ws/install/kiss_icp/lib'
[0.529s] Level 1:colcon.colcon_core.shell:create_environment_hook('kiss_icp', 'ld_library_path_lib')
[0.529s] INFO:colcon.colcon_core.shell:Creating environment hook '/home/starry1n/WUTA/WUTA-FSD/ros2_ws/install/kiss_icp/share/kiss_icp/hook/ld_library_path_lib.ps1'
[0.529s] INFO:colcon.colcon_core.shell:Creating environment descriptor '/home/starry1n/WUTA/WUTA-FSD/ros2_ws/install/kiss_icp/share/kiss_icp/hook/ld_library_path_lib.dsv'
[0.532s] INFO:colcon.colcon_core.shell:Creating environment hook '/home/starry1n/WUTA/WUTA-FSD/ros2_ws/install/kiss_icp/share/kiss_icp/hook/ld_library_path_lib.sh'
[0.534s] Level 1:colcon.colcon_core.environment:checking '/home/starry1n/WUTA/WUTA-FSD/ros2_ws/install/kiss_icp/bin'
[0.534s] Level 1:colcon.colcon_core.environment:checking '/home/starry1n/WUTA/WUTA-FSD/ros2_ws/install/kiss_icp/lib/pkgconfig/kiss_icp.pc'
[0.534s] Level 1:colcon.colcon_core.environment:checking '/home/starry1n/WUTA/WUTA-FSD/ros2_ws/install/kiss_icp/lib/python3.10/site-packages'
[0.534s] Level 1:colcon.colcon_core.environment:checking '/home/starry1n/WUTA/WUTA-FSD/ros2_ws/install/kiss_icp/bin'
[0.535s] INFO:colcon.colcon_core.shell:Creating package script '/home/starry1n/WUTA/WUTA-FSD/ros2_ws/install/kiss_icp/share/kiss_icp/package.ps1'
[0.535s] INFO:colcon.colcon_core.shell:Creating package descriptor '/home/starry1n/WUTA/WUTA-FSD/ros2_ws/install/kiss_icp/share/kiss_icp/package.dsv'
[0.536s] INFO:colcon.colcon_core.shell:Creating package script '/home/starry1n/WUTA/WUTA-FSD/ros2_ws/install/kiss_icp/share/kiss_icp/package.sh'
[0.537s] INFO:colcon.colcon_core.shell:Creating package script '/home/starry1n/WUTA/WUTA-FSD/ros2_ws/install/kiss_icp/share/kiss_icp/package.bash'
[0.537s] INFO:colcon.colcon_core.shell:Creating package script '/home/starry1n/WUTA/WUTA-FSD/ros2_ws/install/kiss_icp/share/kiss_icp/package.zsh'
[0.538s] Level 1:colcon.colcon_core.environment:create_file_with_runtime_dependencies(/home/starry1n/WUTA/WUTA-FSD/ros2_ws/install/kiss_icp/share/colcon-core/packages/kiss_icp)
[0.612s] DEBUG:colcon.colcon_core.event_handler.log_command:Invoked command in '/home/starry1n/WUTA/WUTA-FSD/ros2_ws/build/wuta_msgs' returned '0': CMAKE_PREFIX_PATH=/opt/ros/humble /usr/bin/cmake --build /home/starry1n/WUTA/WUTA-FSD/ros2_ws/build/wuta_msgs -- -j8 -l8
[0.612s] DEBUG:colcon.colcon_core.event_handler.log_command:Invoking command in '/home/starry1n/WUTA/WUTA-FSD/ros2_ws/build/wuta_msgs': CMAKE_PREFIX_PATH=/opt/ros/humble /usr/bin/cmake --install /home/starry1n/WUTA/WUTA-FSD/ros2_ws/build/wuta_msgs
[0.680s] Level 1:colcon.colcon_core.environment:create_environment_scripts_only(wuta_msgs)
[0.680s] Level 1:colcon.colcon_core.environment:checking '/home/starry1n/WUTA/WUTA-FSD/ros2_ws/install/wuta_msgs' for CMake module files
[0.681s] DEBUG:colcon.colcon_core.event_handler.log_command:Invoked command in '/home/starry1n/WUTA/WUTA-FSD/ros2_ws/build/wuta_msgs' returned '0': CMAKE_PREFIX_PATH=/opt/ros/humble /usr/bin/cmake --install /home/starry1n/WUTA/WUTA-FSD/ros2_ws/build/wuta_msgs
[0.681s] Level 1:colcon.colcon_core.environment:checking '/home/starry1n/WUTA/WUTA-FSD/ros2_ws/install/wuta_msgs' for CMake config files
[0.682s] Level 1:colcon.colcon_core.shell:create_environment_hook('wuta_msgs', 'cmake_prefix_path')
[0.682s] INFO:colcon.colcon_core.shell:Creating environment hook '/home/starry1n/WUTA/WUTA-FSD/ros2_ws/install/wuta_msgs/share/wuta_msgs/hook/cmake_prefix_path.ps1'
[0.682s] INFO:colcon.colcon_core.shell:Creating environment descriptor '/home/starry1n/WUTA/WUTA-FSD/ros2_ws/install/wuta_msgs/share/wuta_msgs/hook/cmake_prefix_path.dsv'
[0.683s] INFO:colcon.colcon_core.shell:Creating environment hook '/home/starry1n/WUTA/WUTA-FSD/ros2_ws/install/wuta_msgs/share/wuta_msgs/hook/cmake_prefix_path.sh'
[0.683s] Level 1:colcon.colcon_core.environment:checking '/home/starry1n/WUTA/WUTA-FSD/ros2_ws/install/wuta_msgs/lib'
[0.683s] Level 1:colcon.colcon_core.shell:create_environment_hook('wuta_msgs', 'ld_library_path_lib')
[0.683s] INFO:colcon.colcon_core.shell:Creating environment hook '/home/starry1n/WUTA/WUTA-FSD/ros2_ws/install/wuta_msgs/share/wuta_msgs/hook/ld_library_path_lib.ps1'
[0.684s] INFO:colcon.colcon_core.shell:Creating environment descriptor '/home/starry1n/WUTA/WUTA-FSD/ros2_ws/install/wuta_msgs/share/wuta_msgs/hook/ld_library_path_lib.dsv'
[0.684s] INFO:colcon.colcon_core.shell:Creating environment hook '/home/starry1n/WUTA/WUTA-FSD/ros2_ws/install/wuta_msgs/share/wuta_msgs/hook/ld_library_path_lib.sh'
[0.684s] Level 1:colcon.colcon_core.environment:checking '/home/starry1n/WUTA/WUTA-FSD/ros2_ws/install/wuta_msgs/bin'
[0.684s] Level 1:colcon.colcon_core.environment:checking '/home/starry1n/WUTA/WUTA-FSD/ros2_ws/install/wuta_msgs/lib/pkgconfig/wuta_msgs.pc'
[0.684s] Level 1:colcon.colcon_core.environment:checking '/home/starry1n/WUTA/WUTA-FSD/ros2_ws/install/wuta_msgs/lib/python3.10/site-packages'
[0.685s] Level 1:colcon.colcon_core.environment:checking '/home/starry1n/WUTA/WUTA-FSD/ros2_ws/install/wuta_msgs/bin'
[0.685s] INFO:colcon.colcon_core.shell:Creating package script '/home/starry1n/WUTA/WUTA-FSD/ros2_ws/install/wuta_msgs/share/wuta_msgs/package.ps1'
[0.685s] INFO:colcon.colcon_core.shell:Creating package descriptor '/home/starry1n/WUTA/WUTA-FSD/ros2_ws/install/wuta_msgs/share/wuta_msgs/package.dsv'
[0.686s] INFO:colcon.colcon_core.shell:Creating package script '/home/starry1n/WUTA/WUTA-FSD/ros2_ws/install/wuta_msgs/share/wuta_msgs/package.sh'
[0.686s] INFO:colcon.colcon_core.shell:Creating package script '/home/starry1n/WUTA/WUTA-FSD/ros2_ws/install/wuta_msgs/share/wuta_msgs/package.bash'
[0.686s] INFO:colcon.colcon_core.shell:Creating package script '/home/starry1n/WUTA/WUTA-FSD/ros2_ws/install/wuta_msgs/share/wuta_msgs/package.zsh'
[0.687s] Level 1:colcon.colcon_core.environment:create_file_with_runtime_dependencies(/home/starry1n/WUTA/WUTA-FSD/ros2_ws/install/wuta_msgs/share/colcon-core/packages/wuta_msgs)
[0.688s] Level 1:colcon.colcon_core.environment:create_environment_scripts_only(wuta_msgs)
[0.688s] Level 1:colcon.colcon_core.environment:checking '/home/starry1n/WUTA/WUTA-FSD/ros2_ws/install/wuta_msgs' for CMake module files
[0.688s] Level 1:colcon.colcon_core.environment:checking '/home/starry1n/WUTA/WUTA-FSD/ros2_ws/install/wuta_msgs' for CMake config files
[0.689s] Level 1:colcon.colcon_core.shell:create_environment_hook('wuta_msgs', 'cmake_prefix_path')
[0.689s] INFO:colcon.colcon_core.shell:Creating environment hook '/home/starry1n/WUTA/WUTA-FSD/ros2_ws/install/wuta_msgs/share/wuta_msgs/hook/cmake_prefix_path.ps1'
[0.689s] INFO:colcon.colcon_core.shell:Creating environment descriptor '/home/starry1n/WUTA/WUTA-FSD/ros2_ws/install/wuta_msgs/share/wuta_msgs/hook/cmake_prefix_path.dsv'
[0.689s] INFO:colcon.colcon_core.shell:Creating environment hook '/home/starry1n/WUTA/WUTA-FSD/ros2_ws/install/wuta_msgs/share/wuta_msgs/hook/cmake_prefix_path.sh'
[0.690s] Level 1:colcon.colcon_core.environment:checking '/home/starry1n/WUTA/WUTA-FSD/ros2_ws/install/wuta_msgs/lib'
[0.690s] Level 1:colcon.colcon_core.shell:create_environment_hook('wuta_msgs', 'ld_library_path_lib')
[0.690s] INFO:colcon.colcon_core.shell:Creating environment hook '/home/starry1n/WUTA/WUTA-FSD/ros2_ws/install/wuta_msgs/share/wuta_msgs/hook/ld_library_path_lib.ps1'
[0.691s] INFO:colcon.colcon_core.shell:Creating environment descriptor '/home/starry1n/WUTA/WUTA-FSD/ros2_ws/install/wuta_msgs/share/wuta_msgs/hook/ld_library_path_lib.dsv'
[0.691s] INFO:colcon.colcon_core.shell:Creating environment hook '/home/starry1n/WUTA/WUTA-FSD/ros2_ws/install/wuta_msgs/share/wuta_msgs/hook/ld_library_path_lib.sh'
[0.691s] Level 1:colcon.colcon_core.environment:checking '/home/starry1n/WUTA/WUTA-FSD/ros2_ws/install/wuta_msgs/bin'
[0.691s] Level 1:colcon.colcon_core.environment:checking '/home/starry1n/WUTA/WUTA-FSD/ros2_ws/install/wuta_msgs/lib/pkgconfig/wuta_msgs.pc'
[0.692s] Level 1:colcon.colcon_core.environment:checking '/home/starry1n/WUTA/WUTA-FSD/ros2_ws/install/wuta_msgs/lib/python3.10/site-packages'
[0.692s] Level 1:colcon.colcon_core.environment:checking '/home/starry1n/WUTA/WUTA-FSD/ros2_ws/install/wuta_msgs/bin'
[0.692s] INFO:colcon.colcon_core.shell:Creating package script '/home/starry1n/WUTA/WUTA-FSD/ros2_ws/install/wuta_msgs/share/wuta_msgs/package.ps1'
[0.692s] INFO:colcon.colcon_core.shell:Creating package descriptor '/home/starry1n/WUTA/WUTA-FSD/ros2_ws/install/wuta_msgs/share/wuta_msgs/package.dsv'
[0.693s] INFO:colcon.colcon_core.shell:Creating package script '/home/starry1n/WUTA/WUTA-FSD/ros2_ws/install/wuta_msgs/share/wuta_msgs/package.sh'
[0.693s] INFO:colcon.colcon_core.shell:Creating package script '/home/starry1n/WUTA/WUTA-FSD/ros2_ws/install/wuta_msgs/share/wuta_msgs/package.bash'
[0.693s] INFO:colcon.colcon_core.shell:Creating package script '/home/starry1n/WUTA/WUTA-FSD/ros2_ws/install/wuta_msgs/share/wuta_msgs/package.zsh'
[0.694s] Level 1:colcon.colcon_core.environment:create_file_with_runtime_dependencies(/home/starry1n/WUTA/WUTA-FSD/ros2_ws/install/wuta_msgs/share/colcon-core/packages/wuta_msgs)
[0.694s] INFO:colcon.colcon_ros.task.ament_cmake.build:Building ROS package in '/home/starry1n/WUTA/WUTA-FSD/ros2_ws/src/perception/camera_detection' with build type 'ament_cmake'
[0.695s] INFO:colcon.colcon_cmake.task.cmake.build:Building CMake package in '/home/starry1n/WUTA/WUTA-FSD/ros2_ws/src/perception/camera_detection'
[0.695s] INFO:colcon.colcon_core.shell:Skip shell extension 'powershell' for command environment: Not usable outside of PowerShell
[0.695s] DEBUG:colcon.colcon_core.shell:Skip shell extension 'dsv' for command environment
[0.697s] INFO:colcon.colcon_ros.task.ament_cmake.build:Building ROS package in '/home/starry1n/WUTA/WUTA-FSD/ros2_ws/src/mapping/cone_map_builder' with build type 'ament_cmake'
[0.697s] INFO:colcon.colcon_cmake.task.cmake.build:Building CMake package in '/home/starry1n/WUTA/WUTA-FSD/ros2_ws/src/mapping/cone_map_builder'
[0.697s] INFO:colcon.colcon_core.shell:Skip shell extension 'powershell' for command environment: Not usable outside of PowerShell
[0.697s] DEBUG:colcon.colcon_core.shell:Skip shell extension 'dsv' for command environment
[0.699s] INFO:colcon.colcon_ros.task.ament_cmake.build:Building ROS package in '/home/starry1n/WUTA/WUTA-FSD/ros2_ws/src/perception/detection_fusion' with build type 'ament_cmake'
[0.699s] INFO:colcon.colcon_cmake.task.cmake.build:Building CMake package in '/home/starry1n/WUTA/WUTA-FSD/ros2_ws/src/perception/detection_fusion'
[0.699s] INFO:colcon.colcon_core.shell:Skip shell extension 'powershell' for command environment: Not usable outside of PowerShell
[0.699s] DEBUG:colcon.colcon_core.shell:Skip shell extension 'dsv' for command environment
[0.702s] INFO:colcon.colcon_ros.task.ament_cmake.build:Building ROS package in '/home/starry1n/WUTA/WUTA-FSD/ros2_ws/src/localization/kiss_icp_wrapper' with build type 'ament_cmake'
[0.702s] INFO:colcon.colcon_cmake.task.cmake.build:Building CMake package in '/home/starry1n/WUTA/WUTA-FSD/ros2_ws/src/localization/kiss_icp_wrapper'
[0.703s] INFO:colcon.colcon_core.shell:Skip shell extension 'powershell' for command environment: Not usable outside of PowerShell
[0.703s] DEBUG:colcon.colcon_core.shell:Skip shell extension 'dsv' for command environment
[0.706s] INFO:colcon.colcon_ros.task.ament_cmake.build:Building ROS package in '/home/starry1n/WUTA/WUTA-FSD/ros2_ws/src/perception/lidar_detection' with build type 'ament_cmake'
[0.706s] INFO:colcon.colcon_cmake.task.cmake.build:Building CMake package in '/home/starry1n/WUTA/WUTA-FSD/ros2_ws/src/perception/lidar_detection'
[0.706s] INFO:colcon.colcon_core.shell:Skip shell extension 'powershell' for command environment: Not usable outside of PowerShell
[0.707s] DEBUG:colcon.colcon_core.shell:Skip shell extension 'dsv' for command environment
[0.710s] INFO:colcon.colcon_ros.task.ament_cmake.build:Building ROS package in '/home/starry1n/WUTA/WUTA-FSD/ros2_ws/src/system/mission_manager' with build type 'ament_cmake'
[0.710s] INFO:colcon.colcon_cmake.task.cmake.build:Building CMake package in '/home/starry1n/WUTA/WUTA-FSD/ros2_ws/src/system/mission_manager'
[0.710s] INFO:colcon.colcon_core.shell:Skip shell extension 'powershell' for command environment: Not usable outside of PowerShell
[0.710s] DEBUG:colcon.colcon_core.shell:Skip shell extension 'dsv' for command environment
[0.715s] DEBUG:colcon.colcon_core.event_handler.log_command:Invoked command in '/home/starry1n/WUTA/WUTA-FSD/ros2_ws/build/autoware_msgs' returned '0': CMAKE_PREFIX_PATH=/opt/ros/humble /usr/bin/cmake --build /home/starry1n/WUTA/WUTA-FSD/ros2_ws/build/autoware_msgs -- -j8 -l8
[0.717s] DEBUG:colcon.colcon_core.event_handler.log_command:Invoking command in '/home/starry1n/WUTA/WUTA-FSD/ros2_ws/build/autoware_msgs': CMAKE_PREFIX_PATH=/opt/ros/humble /usr/bin/cmake --install /home/starry1n/WUTA/WUTA-FSD/ros2_ws/build/autoware_msgs
[0.718s] DEBUG:colcon.colcon_core.event_handler.log_command:Invoked command in '/home/starry1n/WUTA/WUTA-FSD/ros2_ws/build/robot_localization' returned '0': CMAKE_PREFIX_PATH=/opt/ros/humble /usr/bin/cmake --build /home/starry1n/WUTA/WUTA-FSD/ros2_ws/build/robot_localization -- -j8 -l8
[0.719s] DEBUG:colcon.colcon_core.event_handler.log_command:Invoking command in '/home/starry1n/WUTA/WUTA-FSD/ros2_ws/build/robot_localization': CMAKE_PREFIX_PATH=/opt/ros/humble /usr/bin/cmake --install /home/starry1n/WUTA/WUTA-FSD/ros2_ws/build/robot_localization
[0.726s] DEBUG:colcon.colcon_core.event_handler.log_command:Invoking command in '/home/starry1n/WUTA/WUTA-FSD/ros2_ws/build/camera_detection': AMENT_PREFIX_PATH=/home/starry1n/WUTA/WUTA-FSD/ros2_ws/install/wuta_msgs:${AMENT_PREFIX_PATH} CMAKE_PREFIX_PATH=/home/starry1n/WUTA/WUTA-FSD/ros2_ws/install/wuta_msgs:/opt/ros/humble LD_LIBRARY_PATH=/home/starry1n/WUTA/WUTA-FSD/ros2_ws/install/wuta_msgs/lib:${LD_LIBRARY_PATH} PYTHONPATH=/home/starry1n/WUTA/WUTA-FSD/ros2_ws/install/wuta_msgs/local/lib/python3.10/dist-packages:${PYTHONPATH} /usr/bin/cmake --build /home/starry1n/WUTA/WUTA-FSD/ros2_ws/build/camera_detection -- -j8 -l8
[0.736s] DEBUG:colcon.colcon_core.event_handler.log_command:Invoking command in '/home/starry1n/WUTA/WUTA-FSD/ros2_ws/build/cone_map_builder': AMENT_PREFIX_PATH=/home/starry1n/WUTA/WUTA-FSD/ros2_ws/install/wuta_msgs:${AMENT_PREFIX_PATH} CMAKE_PREFIX_PATH=/home/starry1n/WUTA/WUTA-FSD/ros2_ws/install/wuta_msgs:/opt/ros/humble LD_LIBRARY_PATH=/home/starry1n/WUTA/WUTA-FSD/ros2_ws/install/wuta_msgs/lib:${LD_LIBRARY_PATH} PYTHONPATH=/home/starry1n/WUTA/WUTA-FSD/ros2_ws/install/wuta_msgs/local/lib/python3.10/dist-packages:${PYTHONPATH} /usr/bin/cmake --build /home/starry1n/WUTA/WUTA-FSD/ros2_ws/build/cone_map_builder -- -j8 -l8
[0.745s] DEBUG:colcon.colcon_core.event_handler.log_command:Invoking command in '/home/starry1n/WUTA/WUTA-FSD/ros2_ws/build/detection_fusion': AMENT_PREFIX_PATH=/home/starry1n/WUTA/WUTA-FSD/ros2_ws/install/wuta_msgs:${AMENT_PREFIX_PATH} CMAKE_PREFIX_PATH=/home/starry1n/WUTA/WUTA-FSD/ros2_ws/install/wuta_msgs:/opt/ros/humble LD_LIBRARY_PATH=/home/starry1n/WUTA/WUTA-FSD/ros2_ws/install/wuta_msgs/lib:${LD_LIBRARY_PATH} PYTHONPATH=/home/starry1n/WUTA/WUTA-FSD/ros2_ws/install/wuta_msgs/local/lib/python3.10/dist-packages:${PYTHONPATH} /usr/bin/cmake --build /home/starry1n/WUTA/WUTA-FSD/ros2_ws/build/detection_fusion -- -j8 -l8
[0.752s] DEBUG:colcon.colcon_core.event_handler.log_command:Invoking command in '/home/starry1n/WUTA/WUTA-FSD/ros2_ws/build/kiss_icp_wrapper': AMENT_PREFIX_PATH=/home/starry1n/WUTA/WUTA-FSD/ros2_ws/install/wuta_msgs:${AMENT_PREFIX_PATH} CMAKE_PREFIX_PATH=/home/starry1n/WUTA/WUTA-FSD/ros2_ws/install/wuta_msgs:/opt/ros/humble LD_LIBRARY_PATH=/home/starry1n/WUTA/WUTA-FSD/ros2_ws/install/wuta_msgs/lib:${LD_LIBRARY_PATH} PYTHONPATH=/home/starry1n/WUTA/WUTA-FSD/ros2_ws/install/wuta_msgs/local/lib/python3.10/dist-packages:${PYTHONPATH} /usr/bin/cmake --build /home/starry1n/WUTA/WUTA-FSD/ros2_ws/build/kiss_icp_wrapper -- -j8 -l8
[0.763s] DEBUG:colcon.colcon_core.event_handler.log_command:Invoking command in '/home/starry1n/WUTA/WUTA-FSD/ros2_ws/build/lidar_detection': AMENT_PREFIX_PATH=/home/starry1n/WUTA/WUTA-FSD/ros2_ws/install/wuta_msgs:${AMENT_PREFIX_PATH} CMAKE_PREFIX_PATH=/home/starry1n/WUTA/WUTA-FSD/ros2_ws/install/wuta_msgs:/opt/ros/humble LD_LIBRARY_PATH=/home/starry1n/WUTA/WUTA-FSD/ros2_ws/install/wuta_msgs/lib:${LD_LIBRARY_PATH} PYTHONPATH=/home/starry1n/WUTA/WUTA-FSD/ros2_ws/install/wuta_msgs/local/lib/python3.10/dist-packages:${PYTHONPATH} /usr/bin/cmake --build /home/starry1n/WUTA/WUTA-FSD/ros2_ws/build/lidar_detection -- -j8 -l8
[0.773s] DEBUG:colcon.colcon_core.event_handler.log_command:Invoking command in '/home/starry1n/WUTA/WUTA-FSD/ros2_ws/build/mission_manager': AMENT_PREFIX_PATH=/home/starry1n/WUTA/WUTA-FSD/ros2_ws/install/wuta_msgs:${AMENT_PREFIX_PATH} CMAKE_PREFIX_PATH=/home/starry1n/WUTA/WUTA-FSD/ros2_ws/install/wuta_msgs:/opt/ros/humble LD_LIBRARY_PATH=/home/starry1n/WUTA/WUTA-FSD/ros2_ws/install/wuta_msgs/lib:${LD_LIBRARY_PATH} PYTHONPATH=/home/starry1n/WUTA/WUTA-FSD/ros2_ws/install/wuta_msgs/local/lib/python3.10/dist-packages:${PYTHONPATH} /usr/bin/cmake --build /home/starry1n/WUTA/WUTA-FSD/ros2_ws/build/mission_manager -- -j8 -l8
[0.781s] DEBUG:colcon.colcon_core.event_handler.log_command:Invoked command in '/home/starry1n/WUTA/WUTA-FSD/ros2_ws/build/camera_detection' returned '0': AMENT_PREFIX_PATH=/home/starry1n/WUTA/WUTA-FSD/ros2_ws/install/wuta_msgs:${AMENT_PREFIX_PATH} CMAKE_PREFIX_PATH=/home/starry1n/WUTA/WUTA-FSD/ros2_ws/install/wuta_msgs:/opt/ros/humble LD_LIBRARY_PATH=/home/starry1n/WUTA/WUTA-FSD/ros2_ws/install/wuta_msgs/lib:${LD_LIBRARY_PATH} PYTHONPATH=/home/starry1n/WUTA/WUTA-FSD/ros2_ws/install/wuta_msgs/local/lib/python3.10/dist-packages:${PYTHONPATH} /usr/bin/cmake --build /home/starry1n/WUTA/WUTA-FSD/ros2_ws/build/camera_detection -- -j8 -l8
[0.788s] DEBUG:colcon.colcon_core.event_handler.log_command:Invoking command in '/home/starry1n/WUTA/WUTA-FSD/ros2_ws/build/camera_detection': AMENT_PREFIX_PATH=/home/starry1n/WUTA/WUTA-FSD/ros2_ws/install/wuta_msgs:${AMENT_PREFIX_PATH} CMAKE_PREFIX_PATH=/home/starry1n/WUTA/WUTA-FSD/ros2_ws/install/wuta_msgs:/opt/ros/humble LD_LIBRARY_PATH=/home/starry1n/WUTA/WUTA-FSD/ros2_ws/install/wuta_msgs/lib:${LD_LIBRARY_PATH} PYTHONPATH=/home/starry1n/WUTA/WUTA-FSD/ros2_ws/install/wuta_msgs/local/lib/python3.10/dist-packages:${PYTHONPATH} /usr/bin/cmake --install /home/starry1n/WUTA/WUTA-FSD/ros2_ws/build/camera_detection
[0.794s] DEBUG:colcon.colcon_core.event_handler.log_command:Invoked command in '/home/starry1n/WUTA/WUTA-FSD/ros2_ws/build/detection_fusion' returned '0': AMENT_PREFIX_PATH=/home/starry1n/WUTA/WUTA-FSD/ros2_ws/install/wuta_msgs:${AMENT_PREFIX_PATH} CMAKE_PREFIX_PATH=/home/starry1n/WUTA/WUTA-FSD/ros2_ws/install/wuta_msgs:/opt/ros/humble LD_LIBRARY_PATH=/home/starry1n/WUTA/WUTA-FSD/ros2_ws/install/wuta_msgs/lib:${LD_LIBRARY_PATH} PYTHONPATH=/home/starry1n/WUTA/WUTA-FSD/ros2_ws/install/wuta_msgs/local/lib/python3.10/dist-packages:${PYTHONPATH} /usr/bin/cmake --build /home/starry1n/WUTA/WUTA-FSD/ros2_ws/build/detection_fusion -- -j8 -l8
[0.794s] DEBUG:colcon.colcon_core.event_handler.log_command:Invoking command in '/home/starry1n/WUTA/WUTA-FSD/ros2_ws/build/detection_fusion': AMENT_PREFIX_PATH=/home/starry1n/WUTA/WUTA-FSD/ros2_ws/install/wuta_msgs:${AMENT_PREFIX_PATH} CMAKE_PREFIX_PATH=/home/starry1n/WUTA/WUTA-FSD/ros2_ws/install/wuta_msgs:/opt/ros/humble LD_LIBRARY_PATH=/home/starry1n/WUTA/WUTA-FSD/ros2_ws/install/wuta_msgs/lib:${LD_LIBRARY_PATH} PYTHONPATH=/home/starry1n/WUTA/WUTA-FSD/ros2_ws/install/wuta_msgs/local/lib/python3.10/dist-packages:${PYTHONPATH} /usr/bin/cmake --install /home/starry1n/WUTA/WUTA-FSD/ros2_ws/build/detection_fusion
[0.797s] Level 1:colcon.colcon_core.environment:create_environment_scripts_only(autoware_msgs)
[0.798s] Level 1:colcon.colcon_core.environment:checking '/home/starry1n/WUTA/WUTA-FSD/ros2_ws/install/autoware_msgs' for CMake module files
[0.797s] DEBUG:colcon.colcon_core.event_handler.log_command:Invoked command in '/home/starry1n/WUTA/WUTA-FSD/ros2_ws/build/autoware_msgs' returned '0': CMAKE_PREFIX_PATH=/opt/ros/humble /usr/bin/cmake --install /home/starry1n/WUTA/WUTA-FSD/ros2_ws/build/autoware_msgs
[0.798s] Level 1:colcon.colcon_core.environment:checking '/home/starry1n/WUTA/WUTA-FSD/ros2_ws/install/autoware_msgs' for CMake config files
[0.800s] Level 1:colcon.colcon_core.shell:create_environment_hook('autoware_msgs', 'cmake_prefix_path')
[0.801s] INFO:colcon.colcon_core.shell:Creating environment hook '/home/starry1n/WUTA/WUTA-FSD/ros2_ws/install/autoware_msgs/share/autoware_msgs/hook/cmake_prefix_path.ps1'
[0.802s] INFO:colcon.colcon_core.shell:Creating environment descriptor '/home/starry1n/WUTA/WUTA-FSD/ros2_ws/install/autoware_msgs/share/autoware_msgs/hook/cmake_prefix_path.dsv'
[0.803s] INFO:colcon.colcon_core.shell:Creating environment hook '/home/starry1n/WUTA/WUTA-FSD/ros2_ws/install/autoware_msgs/share/autoware_msgs/hook/cmake_prefix_path.sh'
[0.805s] Level 1:colcon.colcon_core.environment:checking '/home/starry1n/WUTA/WUTA-FSD/ros2_ws/install/autoware_msgs/lib'
[0.805s] Level 1:colcon.colcon_core.shell:create_environment_hook('autoware_msgs', 'ld_library_path_lib')
[0.805s] INFO:colcon.colcon_core.shell:Creating environment hook '/home/starry1n/WUTA/WUTA-FSD/ros2_ws/install/autoware_msgs/share/autoware_msgs/hook/ld_library_path_lib.ps1'
[0.806s] INFO:colcon.colcon_core.shell:Creating environment descriptor '/home/starry1n/WUTA/WUTA-FSD/ros2_ws/install/autoware_msgs/share/autoware_msgs/hook/ld_library_path_lib.dsv'
[0.807s] INFO:colcon.colcon_core.shell:Creating environment hook '/home/starry1n/WUTA/WUTA-FSD/ros2_ws/install/autoware_msgs/share/autoware_msgs/hook/ld_library_path_lib.sh'
[0.807s] Level 1:colcon.colcon_core.environment:checking '/home/starry1n/WUTA/WUTA-FSD/ros2_ws/install/autoware_msgs/bin'
[0.807s] Level 1:colcon.colcon_core.environment:checking '/home/starry1n/WUTA/WUTA-FSD/ros2_ws/install/autoware_msgs/lib/pkgconfig/autoware_msgs.pc'
[0.807s] Level 1:colcon.colcon_core.environment:checking '/home/starry1n/WUTA/WUTA-FSD/ros2_ws/install/autoware_msgs/lib/python3.10/site-packages'
[0.807s] Level 1:colcon.colcon_core.environment:checking '/home/starry1n/WUTA/WUTA-FSD/ros2_ws/install/autoware_msgs/bin'
[0.808s] INFO:colcon.colcon_core.shell:Creating package script '/home/starry1n/WUTA/WUTA-FSD/ros2_ws/install/autoware_msgs/share/autoware_msgs/package.ps1'
[0.809s] INFO:colcon.colcon_core.shell:Creating package descriptor '/home/starry1n/WUTA/WUTA-FSD/ros2_ws/install/autoware_msgs/share/autoware_msgs/package.dsv'
[0.810s] INFO:colcon.colcon_core.shell:Creating package script '/home/starry1n/WUTA/WUTA-FSD/ros2_ws/install/autoware_msgs/share/autoware_msgs/package.sh'
[0.812s] INFO:colcon.colcon_core.shell:Creating package script '/home/starry1n/WUTA/WUTA-FSD/ros2_ws/install/autoware_msgs/share/autoware_msgs/package.bash'
[0.812s] INFO:colcon.colcon_core.shell:Creating package script '/home/starry1n/WUTA/WUTA-FSD/ros2_ws/install/autoware_msgs/share/autoware_msgs/package.zsh'
[0.813s] Level 1:colcon.colcon_core.environment:create_file_with_runtime_dependencies(/home/starry1n/WUTA/WUTA-FSD/ros2_ws/install/autoware_msgs/share/colcon-core/packages/autoware_msgs)
[0.815s] Level 1:colcon.colcon_core.environment:create_environment_scripts_only(autoware_msgs)
[0.815s] Level 1:colcon.colcon_core.environment:checking '/home/starry1n/WUTA/WUTA-FSD/ros2_ws/install/autoware_msgs' for CMake module files
[0.816s] Level 1:colcon.colcon_core.environment:checking '/home/starry1n/WUTA/WUTA-FSD/ros2_ws/install/autoware_msgs' for CMake config files
[0.816s] Level 1:colcon.colcon_core.shell:create_environment_hook('autoware_msgs', 'cmake_prefix_path')
[0.816s] INFO:colcon.colcon_core.shell:Creating environment hook '/home/starry1n/WUTA/WUTA-FSD/ros2_ws/install/autoware_msgs/share/autoware_msgs/hook/cmake_prefix_path.ps1'
[0.817s] INFO:colcon.colcon_core.shell:Creating environment descriptor '/home/starry1n/WUTA/WUTA-FSD/ros2_ws/install/autoware_msgs/share/autoware_msgs/hook/cmake_prefix_path.dsv'
[0.819s] INFO:colcon.colcon_core.shell:Creating environment hook '/home/starry1n/WUTA/WUTA-FSD/ros2_ws/install/autoware_msgs/share/autoware_msgs/hook/cmake_prefix_path.sh'
[0.823s] Level 1:colcon.colcon_core.environment:checking '/home/starry1n/WUTA/WUTA-FSD/ros2_ws/install/autoware_msgs/lib'
[0.824s] Level 1:colcon.colcon_core.shell:create_environment_hook('autoware_msgs', 'ld_library_path_lib')
[0.824s] INFO:colcon.colcon_core.shell:Creating environment hook '/home/starry1n/WUTA/WUTA-FSD/ros2_ws/install/autoware_msgs/share/autoware_msgs/hook/ld_library_path_lib.ps1'
[0.825s] INFO:colcon.colcon_core.shell:Creating environment descriptor '/home/starry1n/WUTA/WUTA-FSD/ros2_ws/install/autoware_msgs/share/autoware_msgs/hook/ld_library_path_lib.dsv'
[0.827s] INFO:colcon.colcon_core.shell:Creating environment hook '/home/starry1n/WUTA/WUTA-FSD/ros2_ws/install/autoware_msgs/share/autoware_msgs/hook/ld_library_path_lib.sh'
[0.828s] Level 1:colcon.colcon_core.environment:checking '/home/starry1n/WUTA/WUTA-FSD/ros2_ws/install/autoware_msgs/bin'
[0.828s] Level 1:colcon.colcon_core.environment:checking '/home/starry1n/WUTA/WUTA-FSD/ros2_ws/install/autoware_msgs/lib/pkgconfig/autoware_msgs.pc'
[0.829s] Level 1:colcon.colcon_core.environment:checking '/home/starry1n/WUTA/WUTA-FSD/ros2_ws/install/autoware_msgs/lib/python3.10/site-packages'
[0.829s] Level 1:colcon.colcon_core.environment:checking '/home/starry1n/WUTA/WUTA-FSD/ros2_ws/install/autoware_msgs/bin'
[0.830s] INFO:colcon.colcon_core.shell:Creating package script '/home/starry1n/WUTA/WUTA-FSD/ros2_ws/install/autoware_msgs/share/autoware_msgs/package.ps1'
[0.832s] INFO:colcon.colcon_core.shell:Creating package descriptor '/home/starry1n/WUTA/WUTA-FSD/ros2_ws/install/autoware_msgs/share/autoware_msgs/package.dsv'
[0.833s] INFO:colcon.colcon_core.shell:Creating package script '/home/starry1n/WUTA/WUTA-FSD/ros2_ws/install/autoware_msgs/share/autoware_msgs/package.sh'
[0.833s] INFO:colcon.colcon_core.shell:Creating package script '/home/starry1n/WUTA/WUTA-FSD/ros2_ws/install/autoware_msgs/share/autoware_msgs/package.bash'
[0.835s] INFO:colcon.colcon_core.shell:Creating package script '/home/starry1n/WUTA/WUTA-FSD/ros2_ws/install/autoware_msgs/share/autoware_msgs/package.zsh'
[0.836s] Level 1:colcon.colcon_core.environment:create_file_with_runtime_dependencies(/home/starry1n/WUTA/WUTA-FSD/ros2_ws/install/autoware_msgs/share/colcon-core/packages/autoware_msgs)
[0.837s] INFO:colcon.colcon_ros.task.ament_cmake.build:Building ROS package in '/home/starry1n/WUTA/WUTA-FSD/ros2_ws/src/planning/boundary_detector' with build type 'ament_cmake'
[0.837s] INFO:colcon.colcon_cmake.task.cmake.build:Building CMake package in '/home/starry1n/WUTA/WUTA-FSD/ros2_ws/src/planning/boundary_detector'
[0.837s] INFO:colcon.colcon_core.shell:Skip shell extension 'powershell' for command environment: Not usable outside of PowerShell
[0.837s] DEBUG:colcon.colcon_core.shell:Skip shell extension 'dsv' for command environment
[0.845s] DEBUG:colcon.colcon_core.event_handler.log_command:Invoked command in '/home/starry1n/WUTA/WUTA-FSD/ros2_ws/build/kiss_icp_wrapper' returned '0': AMENT_PREFIX_PATH=/home/starry1n/WUTA/WUTA-FSD/ros2_ws/install/wuta_msgs:${AMENT_PREFIX_PATH} CMAKE_PREFIX_PATH=/home/starry1n/WUTA/WUTA-FSD/ros2_ws/install/wuta_msgs:/opt/ros/humble LD_LIBRARY_PATH=/home/starry1n/WUTA/WUTA-FSD/ros2_ws/install/wuta_msgs/lib:${LD_LIBRARY_PATH} PYTHONPATH=/home/starry1n/WUTA/WUTA-FSD/ros2_ws/install/wuta_msgs/local/lib/python3.10/dist-packages:${PYTHONPATH} /usr/bin/cmake --build /home/starry1n/WUTA/WUTA-FSD/ros2_ws/build/kiss_icp_wrapper -- -j8 -l8
[0.847s] Level 1:colcon.colcon_core.environment:create_environment_scripts_only(camera_detection)
[0.847s] Level 1:colcon.colcon_core.environment:checking '/home/starry1n/WUTA/WUTA-FSD/ros2_ws/install/camera_detection' for CMake module files
[0.847s] DEBUG:colcon.colcon_core.event_handler.log_command:Invoking command in '/home/starry1n/WUTA/WUTA-FSD/ros2_ws/build/kiss_icp_wrapper': AMENT_PREFIX_PATH=/home/starry1n/WUTA/WUTA-FSD/ros2_ws/install/wuta_msgs:${AMENT_PREFIX_PATH} CMAKE_PREFIX_PATH=/home/starry1n/WUTA/WUTA-FSD/ros2_ws/install/wuta_msgs:/opt/ros/humble LD_LIBRARY_PATH=/home/starry1n/WUTA/WUTA-FSD/ros2_ws/install/wuta_msgs/lib:${LD_LIBRARY_PATH} PYTHONPATH=/home/starry1n/WUTA/WUTA-FSD/ros2_ws/install/wuta_msgs/local/lib/python3.10/dist-packages:${PYTHONPATH} /usr/bin/cmake --install /home/starry1n/WUTA/WUTA-FSD/ros2_ws/build/kiss_icp_wrapper
[0.848s] DEBUG:colcon.colcon_core.event_handler.log_command:Invoked command in '/home/starry1n/WUTA/WUTA-FSD/ros2_ws/build/camera_detection' returned '0': AMENT_PREFIX_PATH=/home/starry1n/WUTA/WUTA-FSD/ros2_ws/install/wuta_msgs:${AMENT_PREFIX_PATH} CMAKE_PREFIX_PATH=/home/starry1n/WUTA/WUTA-FSD/ros2_ws/install/wuta_msgs:/opt/ros/humble LD_LIBRARY_PATH=/home/starry1n/WUTA/WUTA-FSD/ros2_ws/install/wuta_msgs/lib:${LD_LIBRARY_PATH} PYTHONPATH=/home/starry1n/WUTA/WUTA-FSD/ros2_ws/install/wuta_msgs/local/lib/python3.10/dist-packages:${PYTHONPATH} /usr/bin/cmake --install /home/starry1n/WUTA/WUTA-FSD/ros2_ws/build/camera_detection
[0.848s] Level 1:colcon.colcon_core.environment:checking '/home/starry1n/WUTA/WUTA-FSD/ros2_ws/install/camera_detection' for CMake config files
[0.848s] Level 1:colcon.colcon_core.shell:create_environment_hook('camera_detection', 'cmake_prefix_path')
[0.848s] INFO:colcon.colcon_core.shell:Creating environment hook '/home/starry1n/WUTA/WUTA-FSD/ros2_ws/install/camera_detection/share/camera_detection/hook/cmake_prefix_path.ps1'
[0.849s] INFO:colcon.colcon_core.shell:Creating environment descriptor '/home/starry1n/WUTA/WUTA-FSD/ros2_ws/install/camera_detection/share/camera_detection/hook/cmake_prefix_path.dsv'
[0.849s] INFO:colcon.colcon_core.shell:Creating environment hook '/home/starry1n/WUTA/WUTA-FSD/ros2_ws/install/camera_detection/share/camera_detection/hook/cmake_prefix_path.sh'
[0.850s] Level 1:colcon.colcon_core.environment:checking '/home/starry1n/WUTA/WUTA-FSD/ros2_ws/install/camera_detection/bin'
[0.850s] Level 1:colcon.colcon_core.environment:checking '/home/starry1n/WUTA/WUTA-FSD/ros2_ws/install/camera_detection/lib/pkgconfig/camera_detection.pc'
[0.850s] Level 1:colcon.colcon_core.environment:checking '/home/starry1n/WUTA/WUTA-FSD/ros2_ws/install/camera_detection/lib/python3.10/site-packages'
[0.850s] Level 1:colcon.colcon_core.environment:checking '/home/starry1n/WUTA/WUTA-FSD/ros2_ws/install/camera_detection/bin'
[0.850s] INFO:colcon.colcon_core.shell:Creating package script '/home/starry1n/WUTA/WUTA-FSD/ros2_ws/install/camera_detection/share/camera_detection/package.ps1'
[0.851s] INFO:colcon.colcon_core.shell:Creating package descriptor '/home/starry1n/WUTA/WUTA-FSD/ros2_ws/install/camera_detection/share/camera_detection/package.dsv'
[0.851s] INFO:colcon.colcon_core.shell:Creating package script '/home/starry1n/WUTA/WUTA-FSD/ros2_ws/install/camera_detection/share/camera_detection/package.sh'
[0.852s] INFO:colcon.colcon_core.shell:Creating package script '/home/starry1n/WUTA/WUTA-FSD/ros2_ws/install/camera_detection/share/camera_detection/package.bash'
[0.852s] INFO:colcon.colcon_core.shell:Creating package script '/home/starry1n/WUTA/WUTA-FSD/ros2_ws/install/camera_detection/share/camera_detection/package.zsh'
[0.852s] Level 1:colcon.colcon_core.environment:create_file_with_runtime_dependencies(/home/starry1n/WUTA/WUTA-FSD/ros2_ws/install/camera_detection/share/colcon-core/packages/camera_detection)
[0.853s] Level 1:colcon.colcon_core.environment:create_environment_scripts_only(camera_detection)
[0.853s] Level 1:colcon.colcon_core.environment:checking '/home/starry1n/WUTA/WUTA-FSD/ros2_ws/install/camera_detection' for CMake module files
[0.853s] Level 1:colcon.colcon_core.environment:checking '/home/starry1n/WUTA/WUTA-FSD/ros2_ws/install/camera_detection' for CMake config files
[0.853s] Level 1:colcon.colcon_core.shell:create_environment_hook('camera_detection', 'cmake_prefix_path')
[0.853s] INFO:colcon.colcon_core.shell:Creating environment hook '/home/starry1n/WUTA/WUTA-FSD/ros2_ws/install/camera_detection/share/camera_detection/hook/cmake_prefix_path.ps1'
[0.854s] INFO:colcon.colcon_core.shell:Creating environment descriptor '/home/starry1n/WUTA/WUTA-FSD/ros2_ws/install/camera_detection/share/camera_detection/hook/cmake_prefix_path.dsv'
[0.854s] INFO:colcon.colcon_core.shell:Creating environment hook '/home/starry1n/WUTA/WUTA-FSD/ros2_ws/install/camera_detection/share/camera_detection/hook/cmake_prefix_path.sh'
[0.854s] Level 1:colcon.colcon_core.environment:checking '/home/starry1n/WUTA/WUTA-FSD/ros2_ws/install/camera_detection/bin'
[0.855s] Level 1:colcon.colcon_core.environment:checking '/home/starry1n/WUTA/WUTA-FSD/ros2_ws/install/camera_detection/lib/pkgconfig/camera_detection.pc'
[0.855s] Level 1:colcon.colcon_core.environment:checking '/home/starry1n/WUTA/WUTA-FSD/ros2_ws/install/camera_detection/lib/python3.10/site-packages'
[0.855s] Level 1:colcon.colcon_core.environment:checking '/home/starry1n/WUTA/WUTA-FSD/ros2_ws/install/camera_detection/bin'
[0.855s] INFO:colcon.colcon_core.shell:Creating package script '/home/starry1n/WUTA/WUTA-FSD/ros2_ws/install/camera_detection/share/camera_detection/package.ps1'
[0.856s] INFO:colcon.colcon_core.shell:Creating package descriptor '/home/starry1n/WUTA/WUTA-FSD/ros2_ws/install/camera_detection/share/camera_detection/package.dsv'
[0.856s] INFO:colcon.colcon_core.shell:Creating package script '/home/starry1n/WUTA/WUTA-FSD/ros2_ws/install/camera_detection/share/camera_detection/package.sh'
[0.856s] INFO:colcon.colcon_core.shell:Creating package script '/home/starry1n/WUTA/WUTA-FSD/ros2_ws/install/camera_detection/share/camera_detection/package.bash'
[0.857s] INFO:colcon.colcon_core.shell:Creating package script '/home/starry1n/WUTA/WUTA-FSD/ros2_ws/install/camera_detection/share/camera_detection/package.zsh'
[0.857s] Level 1:colcon.colcon_core.environment:create_file_with_runtime_dependencies(/home/starry1n/WUTA/WUTA-FSD/ros2_ws/install/camera_detection/share/colcon-core/packages/camera_detection)
[0.860s] DEBUG:colcon.colcon_core.event_handler.log_command:Invoked command in '/home/starry1n/WUTA/WUTA-FSD/ros2_ws/build/cone_map_builder' returned '0': AMENT_PREFIX_PATH=/home/starry1n/WUTA/WUTA-FSD/ros2_ws/install/wuta_msgs:${AMENT_PREFIX_PATH} CMAKE_PREFIX_PATH=/home/starry1n/WUTA/WUTA-FSD/ros2_ws/install/wuta_msgs:/opt/ros/humble LD_LIBRARY_PATH=/home/starry1n/WUTA/WUTA-FSD/ros2_ws/install/wuta_msgs/lib:${LD_LIBRARY_PATH} PYTHONPATH=/home/starry1n/WUTA/WUTA-FSD/ros2_ws/install/wuta_msgs/local/lib/python3.10/dist-packages:${PYTHONPATH} /usr/bin/cmake --build /home/starry1n/WUTA/WUTA-FSD/ros2_ws/build/cone_map_builder -- -j8 -l8
[0.861s] DEBUG:colcon.colcon_core.event_handler.log_command:Invoking command in '/home/starry1n/WUTA/WUTA-FSD/ros2_ws/build/cone_map_builder': AMENT_PREFIX_PATH=/home/starry1n/WUTA/WUTA-FSD/ros2_ws/install/wuta_msgs:${AMENT_PREFIX_PATH} CMAKE_PREFIX_PATH=/home/starry1n/WUTA/WUTA-FSD/ros2_ws/install/wuta_msgs:/opt/ros/humble LD_LIBRARY_PATH=/home/starry1n/WUTA/WUTA-FSD/ros2_ws/install/wuta_msgs/lib:${LD_LIBRARY_PATH} PYTHONPATH=/home/starry1n/WUTA/WUTA-FSD/ros2_ws/install/wuta_msgs/local/lib/python3.10/dist-packages:${PYTHONPATH} /usr/bin/cmake --install /home/starry1n/WUTA/WUTA-FSD/ros2_ws/build/cone_map_builder
[0.861s] DEBUG:colcon.colcon_core.event_handler.log_command:Invoked command in '/home/starry1n/WUTA/WUTA-FSD/ros2_ws/build/mission_manager' returned '0': AMENT_PREFIX_PATH=/home/starry1n/WUTA/WUTA-FSD/ros2_ws/install/wuta_msgs:${AMENT_PREFIX_PATH} CMAKE_PREFIX_PATH=/home/starry1n/WUTA/WUTA-FSD/ros2_ws/install/wuta_msgs:/opt/ros/humble LD_LIBRARY_PATH=/home/starry1n/WUTA/WUTA-FSD/ros2_ws/install/wuta_msgs/lib:${LD_LIBRARY_PATH} PYTHONPATH=/home/starry1n/WUTA/WUTA-FSD/ros2_ws/install/wuta_msgs/local/lib/python3.10/dist-packages:${PYTHONPATH} /usr/bin/cmake --build /home/starry1n/WUTA/WUTA-FSD/ros2_ws/build/mission_manager -- -j8 -l8
[0.862s] DEBUG:colcon.colcon_core.event_handler.log_command:Invoking command in '/home/starry1n/WUTA/WUTA-FSD/ros2_ws/build/mission_manager': AMENT_PREFIX_PATH=/home/starry1n/WUTA/WUTA-FSD/ros2_ws/install/wuta_msgs:${AMENT_PREFIX_PATH} CMAKE_PREFIX_PATH=/home/starry1n/WUTA/WUTA-FSD/ros2_ws/install/wuta_msgs:/opt/ros/humble LD_LIBRARY_PATH=/home/starry1n/WUTA/WUTA-FSD/ros2_ws/install/wuta_msgs/lib:${LD_LIBRARY_PATH} PYTHONPATH=/home/starry1n/WUTA/WUTA-FSD/ros2_ws/install/wuta_msgs/local/lib/python3.10/dist-packages:${PYTHONPATH} /usr/bin/cmake --install /home/starry1n/WUTA/WUTA-FSD/ros2_ws/build/mission_manager
[0.863s] Level 1:colcon.colcon_core.environment:create_environment_scripts_only(robot_localization)
[0.863s] Level 1:colcon.colcon_core.environment:checking '/home/starry1n/WUTA/WUTA-FSD/ros2_ws/install/robot_localization' for CMake module files
[0.863s] DEBUG:colcon.colcon_core.event_handler.log_command:Invoked command in '/home/starry1n/WUTA/WUTA-FSD/ros2_ws/build/robot_localization' returned '0': CMAKE_PREFIX_PATH=/opt/ros/humble /usr/bin/cmake --install /home/starry1n/WUTA/WUTA-FSD/ros2_ws/build/robot_localization
[0.864s] Level 1:colcon.colcon_core.environment:checking '/home/starry1n/WUTA/WUTA-FSD/ros2_ws/install/robot_localization' for CMake config files
[0.864s] Level 1:colcon.colcon_core.shell:create_environment_hook('robot_localization', 'cmake_prefix_path')
[0.865s] INFO:colcon.colcon_core.shell:Creating environment hook '/home/starry1n/WUTA/WUTA-FSD/ros2_ws/install/robot_localization/share/robot_localization/hook/cmake_prefix_path.ps1'
[0.865s] INFO:colcon.colcon_core.shell:Creating environment descriptor '/home/starry1n/WUTA/WUTA-FSD/ros2_ws/install/robot_localization/share/robot_localization/hook/cmake_prefix_path.dsv'
[0.866s] INFO:colcon.colcon_core.shell:Creating environment hook '/home/starry1n/WUTA/WUTA-FSD/ros2_ws/install/robot_localization/share/robot_localization/hook/cmake_prefix_path.sh'
[0.867s] Level 1:colcon.colcon_core.environment:checking '/home/starry1n/WUTA/WUTA-FSD/ros2_ws/install/robot_localization/lib'
[0.867s] Level 1:colcon.colcon_core.shell:create_environment_hook('robot_localization', 'ld_library_path_lib')
[0.867s] INFO:colcon.colcon_core.shell:Creating environment hook '/home/starry1n/WUTA/WUTA-FSD/ros2_ws/install/robot_localization/share/robot_localization/hook/ld_library_path_lib.ps1'
[0.868s] INFO:colcon.colcon_core.shell:Creating environment descriptor '/home/starry1n/WUTA/WUTA-FSD/ros2_ws/install/robot_localization/share/robot_localization/hook/ld_library_path_lib.dsv'
[0.868s] INFO:colcon.colcon_core.shell:Creating environment hook '/home/starry1n/WUTA/WUTA-FSD/ros2_ws/install/robot_localization/share/robot_localization/hook/ld_library_path_lib.sh'
[0.869s] Level 1:colcon.colcon_core.environment:checking '/home/starry1n/WUTA/WUTA-FSD/ros2_ws/install/robot_localization/bin'
[0.869s] Level 1:colcon.colcon_core.environment:checking '/home/starry1n/WUTA/WUTA-FSD/ros2_ws/install/robot_localization/lib/pkgconfig/robot_localization.pc'
[0.869s] Level 1:colcon.colcon_core.environment:checking '/home/starry1n/WUTA/WUTA-FSD/ros2_ws/install/robot_localization/lib/python3.10/site-packages'
[0.869s] Level 1:colcon.colcon_core.environment:checking '/home/starry1n/WUTA/WUTA-FSD/ros2_ws/install/robot_localization/bin'
[0.869s] INFO:colcon.colcon_core.shell:Creating package script '/home/starry1n/WUTA/WUTA-FSD/ros2_ws/install/robot_localization/share/robot_localization/package.ps1'
[0.870s] INFO:colcon.colcon_core.shell:Creating package descriptor '/home/starry1n/WUTA/WUTA-FSD/ros2_ws/install/robot_localization/share/robot_localization/package.dsv'
[0.870s] INFO:colcon.colcon_core.shell:Creating package script '/home/starry1n/WUTA/WUTA-FSD/ros2_ws/install/robot_localization/share/robot_localization/package.sh'
[0.870s] INFO:colcon.colcon_core.shell:Creating package script '/home/starry1n/WUTA/WUTA-FSD/ros2_ws/install/robot_localization/share/robot_localization/package.bash'
[0.870s] INFO:colcon.colcon_core.shell:Creating package script '/home/starry1n/WUTA/WUTA-FSD/ros2_ws/install/robot_localization/share/robot_localization/package.zsh'
[0.871s] Level 1:colcon.colcon_core.environment:create_file_with_runtime_dependencies(/home/starry1n/WUTA/WUTA-FSD/ros2_ws/install/robot_localization/share/colcon-core/packages/robot_localization)
[0.872s] Level 1:colcon.colcon_core.environment:create_environment_scripts_only(robot_localization)
[0.872s] Level 1:colcon.colcon_core.environment:checking '/home/starry1n/WUTA/WUTA-FSD/ros2_ws/install/robot_localization' for CMake module files
[0.872s] Level 1:colcon.colcon_core.environment:checking '/home/starry1n/WUTA/WUTA-FSD/ros2_ws/install/robot_localization' for CMake config files
[0.872s] Level 1:colcon.colcon_core.shell:create_environment_hook('robot_localization', 'cmake_prefix_path')
[0.873s] INFO:colcon.colcon_core.shell:Creating environment hook '/home/starry1n/WUTA/WUTA-FSD/ros2_ws/install/robot_localization/share/robot_localization/hook/cmake_prefix_path.ps1'
[0.873s] INFO:colcon.colcon_core.shell:Creating environment descriptor '/home/starry1n/WUTA/WUTA-FSD/ros2_ws/install/robot_localization/share/robot_localization/hook/cmake_prefix_path.dsv'
[0.873s] INFO:colcon.colcon_core.shell:Creating environment hook '/home/starry1n/WUTA/WUTA-FSD/ros2_ws/install/robot_localization/share/robot_localization/hook/cmake_prefix_path.sh'
[0.874s] Level 1:colcon.colcon_core.environment:checking '/home/starry1n/WUTA/WUTA-FSD/ros2_ws/install/robot_localization/lib'
[0.874s] Level 1:colcon.colcon_core.shell:create_environment_hook('robot_localization', 'ld_library_path_lib')
[0.874s] INFO:colcon.colcon_core.shell:Creating environment hook '/home/starry1n/WUTA/WUTA-FSD/ros2_ws/install/robot_localization/share/robot_localization/hook/ld_library_path_lib.ps1'
[0.874s] INFO:colcon.colcon_core.shell:Creating environment descriptor '/home/starry1n/WUTA/WUTA-FSD/ros2_ws/install/robot_localization/share/robot_localization/hook/ld_library_path_lib.dsv'
[0.874s] INFO:colcon.colcon_core.shell:Creating environment hook '/home/starry1n/WUTA/WUTA-FSD/ros2_ws/install/robot_localization/share/robot_localization/hook/ld_library_path_lib.sh'
[0.875s] Level 1:colcon.colcon_core.environment:checking '/home/starry1n/WUTA/WUTA-FSD/ros2_ws/install/robot_localization/bin'
[0.875s] Level 1:colcon.colcon_core.environment:checking '/home/starry1n/WUTA/WUTA-FSD/ros2_ws/install/robot_localization/lib/pkgconfig/robot_localization.pc'
[0.875s] Level 1:colcon.colcon_core.environment:checking '/home/starry1n/WUTA/WUTA-FSD/ros2_ws/install/robot_localization/lib/python3.10/site-packages'
[0.875s] Level 1:colcon.colcon_core.environment:checking '/home/starry1n/WUTA/WUTA-FSD/ros2_ws/install/robot_localization/bin'
[0.875s] INFO:colcon.colcon_core.shell:Creating package script '/home/starry1n/WUTA/WUTA-FSD/ros2_ws/install/robot_localization/share/robot_localization/package.ps1'
[0.876s] INFO:colcon.colcon_core.shell:Creating package descriptor '/home/starry1n/WUTA/WUTA-FSD/ros2_ws/install/robot_localization/share/robot_localization/package.dsv'
[0.877s] INFO:colcon.colcon_core.shell:Creating package script '/home/starry1n/WUTA/WUTA-FSD/ros2_ws/install/robot_localization/share/robot_localization/package.sh'
[0.877s] INFO:colcon.colcon_core.shell:Creating package script '/home/starry1n/WUTA/WUTA-FSD/ros2_ws/install/robot_localization/share/robot_localization/package.bash'
[0.877s] INFO:colcon.colcon_core.shell:Creating package script '/home/starry1n/WUTA/WUTA-FSD/ros2_ws/install/robot_localization/share/robot_localization/package.zsh'
[0.878s] Level 1:colcon.colcon_core.environment:create_file_with_runtime_dependencies(/home/starry1n/WUTA/WUTA-FSD/ros2_ws/install/robot_localization/share/colcon-core/packages/robot_localization)
[0.879s] INFO:colcon.colcon_ros.task.ament_cmake.build:Building ROS package in '/home/starry1n/WUTA/WUTA-FSD/ros2_ws/src/control/controller' with build type 'ament_cmake'
[0.879s] INFO:colcon.colcon_cmake.task.cmake.build:Building CMake package in '/home/starry1n/WUTA/WUTA-FSD/ros2_ws/src/control/controller'
[0.879s] INFO:colcon.colcon_core.shell:Skip shell extension 'powershell' for command environment: Not usable outside of PowerShell
[0.879s] DEBUG:colcon.colcon_core.shell:Skip shell extension 'dsv' for command environment
[0.883s] INFO:colcon.colcon_ros.task.ament_cmake.build:Building ROS package in '/home/starry1n/WUTA/WUTA-FSD/ros2_ws/src/localization/localization_manager' with build type 'ament_cmake'
[0.884s] INFO:colcon.colcon_cmake.task.cmake.build:Building CMake package in '/home/starry1n/WUTA/WUTA-FSD/ros2_ws/src/localization/localization_manager'
[0.884s] INFO:colcon.colcon_core.shell:Skip shell extension 'powershell' for command environment: Not usable outside of PowerShell
[0.884s] DEBUG:colcon.colcon_core.shell:Skip shell extension 'dsv' for command environment
[0.887s] Level 1:colcon.colcon_core.environment:create_environment_scripts_only(detection_fusion)
[0.887s] Level 1:colcon.colcon_core.environment:checking '/home/starry1n/WUTA/WUTA-FSD/ros2_ws/install/detection_fusion' for CMake module files
[0.887s] DEBUG:colcon.colcon_core.event_handler.log_command:Invoked command in '/home/starry1n/WUTA/WUTA-FSD/ros2_ws/build/detection_fusion' returned '0': AMENT_PREFIX_PATH=/home/starry1n/WUTA/WUTA-FSD/ros2_ws/install/wuta_msgs:${AMENT_PREFIX_PATH} CMAKE_PREFIX_PATH=/home/starry1n/WUTA/WUTA-FSD/ros2_ws/install/wuta_msgs:/opt/ros/humble LD_LIBRARY_PATH=/home/starry1n/WUTA/WUTA-FSD/ros2_ws/install/wuta_msgs/lib:${LD_LIBRARY_PATH} PYTHONPATH=/home/starry1n/WUTA/WUTA-FSD/ros2_ws/install/wuta_msgs/local/lib/python3.10/dist-packages:${PYTHONPATH} /usr/bin/cmake --install /home/starry1n/WUTA/WUTA-FSD/ros2_ws/build/detection_fusion
[0.889s] Level 1:colcon.colcon_core.environment:checking '/home/starry1n/WUTA/WUTA-FSD/ros2_ws/install/detection_fusion' for CMake config files
[0.890s] Level 1:colcon.colcon_core.shell:create_environment_hook('detection_fusion', 'cmake_prefix_path')
[0.890s] INFO:colcon.colcon_core.shell:Creating environment hook '/home/starry1n/WUTA/WUTA-FSD/ros2_ws/install/detection_fusion/share/detection_fusion/hook/cmake_prefix_path.ps1'
[0.890s] INFO:colcon.colcon_core.shell:Creating environment descriptor '/home/starry1n/WUTA/WUTA-FSD/ros2_ws/install/detection_fusion/share/detection_fusion/hook/cmake_prefix_path.dsv'
[0.891s] INFO:colcon.colcon_core.shell:Creating environment hook '/home/starry1n/WUTA/WUTA-FSD/ros2_ws/install/detection_fusion/share/detection_fusion/hook/cmake_prefix_path.sh'
[0.891s] Level 1:colcon.colcon_core.environment:checking '/home/starry1n/WUTA/WUTA-FSD/ros2_ws/install/detection_fusion/bin'
[0.891s] Level 1:colcon.colcon_core.environment:checking '/home/starry1n/WUTA/WUTA-FSD/ros2_ws/install/detection_fusion/lib/pkgconfig/detection_fusion.pc'
[0.891s] Level 1:colcon.colcon_core.environment:checking '/home/starry1n/WUTA/WUTA-FSD/ros2_ws/install/detection_fusion/lib/python3.10/site-packages'
[0.892s] Level 1:colcon.colcon_core.environment:checking '/home/starry1n/WUTA/WUTA-FSD/ros2_ws/install/detection_fusion/bin'
[0.892s] INFO:colcon.colcon_core.shell:Creating package script '/home/starry1n/WUTA/WUTA-FSD/ros2_ws/install/detection_fusion/share/detection_fusion/package.ps1'
[0.892s] INFO:colcon.colcon_core.shell:Creating package descriptor '/home/starry1n/WUTA/WUTA-FSD/ros2_ws/install/detection_fusion/share/detection_fusion/package.dsv'
[0.893s] INFO:colcon.colcon_core.shell:Creating package script '/home/starry1n/WUTA/WUTA-FSD/ros2_ws/install/detection_fusion/share/detection_fusion/package.sh'
[0.893s] INFO:colcon.colcon_core.shell:Creating package script '/home/starry1n/WUTA/WUTA-FSD/ros2_ws/install/detection_fusion/share/detection_fusion/package.bash'
[0.893s] INFO:colcon.colcon_core.shell:Creating package script '/home/starry1n/WUTA/WUTA-FSD/ros2_ws/install/detection_fusion/share/detection_fusion/package.zsh'
[0.893s] Level 1:colcon.colcon_core.environment:create_file_with_runtime_dependencies(/home/starry1n/WUTA/WUTA-FSD/ros2_ws/install/detection_fusion/share/colcon-core/packages/detection_fusion)
[0.894s] Level 1:colcon.colcon_core.environment:create_environment_scripts_only(detection_fusion)
[0.894s] Level 1:colcon.colcon_core.environment:checking '/home/starry1n/WUTA/WUTA-FSD/ros2_ws/install/detection_fusion' for CMake module files
[0.895s] Level 1:colcon.colcon_core.environment:checking '/home/starry1n/WUTA/WUTA-FSD/ros2_ws/install/detection_fusion' for CMake config files
[0.895s] Level 1:colcon.colcon_core.shell:create_environment_hook('detection_fusion', 'cmake_prefix_path')
[0.895s] INFO:colcon.colcon_core.shell:Creating environment hook '/home/starry1n/WUTA/WUTA-FSD/ros2_ws/install/detection_fusion/share/detection_fusion/hook/cmake_prefix_path.ps1'
[0.895s] INFO:colcon.colcon_core.shell:Creating environment descriptor '/home/starry1n/WUTA/WUTA-FSD/ros2_ws/install/detection_fusion/share/detection_fusion/hook/cmake_prefix_path.dsv'
[0.896s] INFO:colcon.colcon_core.shell:Creating environment hook '/home/starry1n/WUTA/WUTA-FSD/ros2_ws/install/detection_fusion/share/detection_fusion/hook/cmake_prefix_path.sh'
[0.896s] Level 1:colcon.colcon_core.environment:checking '/home/starry1n/WUTA/WUTA-FSD/ros2_ws/install/detection_fusion/bin'
[0.896s] Level 1:colcon.colcon_core.environment:checking '/home/starry1n/WUTA/WUTA-FSD/ros2_ws/install/detection_fusion/lib/pkgconfig/detection_fusion.pc'
[0.897s] Level 1:colcon.colcon_core.environment:checking '/home/starry1n/WUTA/WUTA-FSD/ros2_ws/install/detection_fusion/lib/python3.10/site-packages'
[0.897s] Level 1:colcon.colcon_core.environment:checking '/home/starry1n/WUTA/WUTA-FSD/ros2_ws/install/detection_fusion/bin'
[0.897s] INFO:colcon.colcon_core.shell:Creating package script '/home/starry1n/WUTA/WUTA-FSD/ros2_ws/install/detection_fusion/share/detection_fusion/package.ps1'
[0.897s] INFO:colcon.colcon_core.shell:Creating package descriptor '/home/starry1n/WUTA/WUTA-FSD/ros2_ws/install/detection_fusion/share/detection_fusion/package.dsv'
[0.898s] INFO:colcon.colcon_core.shell:Creating package script '/home/starry1n/WUTA/WUTA-FSD/ros2_ws/install/detection_fusion/share/detection_fusion/package.sh'
[0.898s] INFO:colcon.colcon_core.shell:Creating package script '/home/starry1n/WUTA/WUTA-FSD/ros2_ws/install/detection_fusion/share/detection_fusion/package.bash'
[0.898s] INFO:colcon.colcon_core.shell:Creating package script '/home/starry1n/WUTA/WUTA-FSD/ros2_ws/install/detection_fusion/share/detection_fusion/package.zsh'
[0.899s] Level 1:colcon.colcon_core.environment:create_file_with_runtime_dependencies(/home/starry1n/WUTA/WUTA-FSD/ros2_ws/install/detection_fusion/share/colcon-core/packages/detection_fusion)
[0.900s] INFO:colcon.colcon_ros.task.ament_cmake.build:Building ROS package in '/home/starry1n/WUTA/WUTA-FSD/ros2_ws/src/localization/ndt_localization' with build type 'ament_cmake'
[0.900s] INFO:colcon.colcon_cmake.task.cmake.build:Building CMake package in '/home/starry1n/WUTA/WUTA-FSD/ros2_ws/src/localization/ndt_localization'
[0.900s] INFO:colcon.colcon_core.shell:Skip shell extension 'powershell' for command environment: Not usable outside of PowerShell
[0.901s] DEBUG:colcon.colcon_core.shell:Skip shell extension 'dsv' for command environment
[0.904s] DEBUG:colcon.colcon_core.event_handler.log_command:Invoked command in '/home/starry1n/WUTA/WUTA-FSD/ros2_ws/build/lidar_detection' returned '0': AMENT_PREFIX_PATH=/home/starry1n/WUTA/WUTA-FSD/ros2_ws/install/wuta_msgs:${AMENT_PREFIX_PATH} CMAKE_PREFIX_PATH=/home/starry1n/WUTA/WUTA-FSD/ros2_ws/install/wuta_msgs:/opt/ros/humble LD_LIBRARY_PATH=/home/starry1n/WUTA/WUTA-FSD/ros2_ws/install/wuta_msgs/lib:${LD_LIBRARY_PATH} PYTHONPATH=/home/starry1n/WUTA/WUTA-FSD/ros2_ws/install/wuta_msgs/local/lib/python3.10/dist-packages:${PYTHONPATH} /usr/bin/cmake --build /home/starry1n/WUTA/WUTA-FSD/ros2_ws/build/lidar_detection -- -j8 -l8
[0.908s] Level 1:colcon.colcon_core.environment:create_environment_scripts_only(kiss_icp_wrapper)
[0.909s] Level 1:colcon.colcon_core.environment:checking '/home/starry1n/WUTA/WUTA-FSD/ros2_ws/install/kiss_icp_wrapper' for CMake module files
[0.909s] DEBUG:colcon.colcon_core.event_handler.log_command:Invoking command in '/home/starry1n/WUTA/WUTA-FSD/ros2_ws/build/lidar_detection': AMENT_PREFIX_PATH=/home/starry1n/WUTA/WUTA-FSD/ros2_ws/install/wuta_msgs:${AMENT_PREFIX_PATH} CMAKE_PREFIX_PATH=/home/starry1n/WUTA/WUTA-FSD/ros2_ws/install/wuta_msgs:/opt/ros/humble LD_LIBRARY_PATH=/home/starry1n/WUTA/WUTA-FSD/ros2_ws/install/wuta_msgs/lib:${LD_LIBRARY_PATH} PYTHONPATH=/home/starry1n/WUTA/WUTA-FSD/ros2_ws/install/wuta_msgs/local/lib/python3.10/dist-packages:${PYTHONPATH} /usr/bin/cmake --install /home/starry1n/WUTA/WUTA-FSD/ros2_ws/build/lidar_detection
[0.909s] DEBUG:colcon.colcon_core.event_handler.log_command:Invoked command in '/home/starry1n/WUTA/WUTA-FSD/ros2_ws/build/kiss_icp_wrapper' returned '0': AMENT_PREFIX_PATH=/home/starry1n/WUTA/WUTA-FSD/ros2_ws/install/wuta_msgs:${AMENT_PREFIX_PATH} CMAKE_PREFIX_PATH=/home/starry1n/WUTA/WUTA-FSD/ros2_ws/install/wuta_msgs:/opt/ros/humble LD_LIBRARY_PATH=/home/starry1n/WUTA/WUTA-FSD/ros2_ws/install/wuta_msgs/lib:${LD_LIBRARY_PATH} PYTHONPATH=/home/starry1n/WUTA/WUTA-FSD/ros2_ws/install/wuta_msgs/local/lib/python3.10/dist-packages:${PYTHONPATH} /usr/bin/cmake --install /home/starry1n/WUTA/WUTA-FSD/ros2_ws/build/kiss_icp_wrapper
[0.909s] Level 1:colcon.colcon_core.environment:checking '/home/starry1n/WUTA/WUTA-FSD/ros2_ws/install/kiss_icp_wrapper' for CMake config files
[0.910s] Level 1:colcon.colcon_core.shell:create_environment_hook('kiss_icp_wrapper', 'cmake_prefix_path')
[0.910s] INFO:colcon.colcon_core.shell:Creating environment hook '/home/starry1n/WUTA/WUTA-FSD/ros2_ws/install/kiss_icp_wrapper/share/kiss_icp_wrapper/hook/cmake_prefix_path.ps1'
[0.910s] INFO:colcon.colcon_core.shell:Creating environment descriptor '/home/starry1n/WUTA/WUTA-FSD/ros2_ws/install/kiss_icp_wrapper/share/kiss_icp_wrapper/hook/cmake_prefix_path.dsv'
[0.911s] INFO:colcon.colcon_core.shell:Creating environment hook '/home/starry1n/WUTA/WUTA-FSD/ros2_ws/install/kiss_icp_wrapper/share/kiss_icp_wrapper/hook/cmake_prefix_path.sh'
[0.911s] Level 1:colcon.colcon_core.environment:checking '/home/starry1n/WUTA/WUTA-FSD/ros2_ws/install/kiss_icp_wrapper/bin'
[0.911s] Level 1:colcon.colcon_core.environment:checking '/home/starry1n/WUTA/WUTA-FSD/ros2_ws/install/kiss_icp_wrapper/lib/pkgconfig/kiss_icp_wrapper.pc'
[0.911s] Level 1:colcon.colcon_core.environment:checking '/home/starry1n/WUTA/WUTA-FSD/ros2_ws/install/kiss_icp_wrapper/lib/python3.10/site-packages'
[0.912s] Level 1:colcon.colcon_core.environment:checking '/home/starry1n/WUTA/WUTA-FSD/ros2_ws/install/kiss_icp_wrapper/bin'
[0.912s] INFO:colcon.colcon_core.shell:Creating package script '/home/starry1n/WUTA/WUTA-FSD/ros2_ws/install/kiss_icp_wrapper/share/kiss_icp_wrapper/package.ps1'
[0.912s] INFO:colcon.colcon_core.shell:Creating package descriptor '/home/starry1n/WUTA/WUTA-FSD/ros2_ws/install/kiss_icp_wrapper/share/kiss_icp_wrapper/package.dsv'
[0.913s] INFO:colcon.colcon_core.shell:Creating package script '/home/starry1n/WUTA/WUTA-FSD/ros2_ws/install/kiss_icp_wrapper/share/kiss_icp_wrapper/package.sh'
[0.913s] INFO:colcon.colcon_core.shell:Creating package script '/home/starry1n/WUTA/WUTA-FSD/ros2_ws/install/kiss_icp_wrapper/share/kiss_icp_wrapper/package.bash'
[0.913s] INFO:colcon.colcon_core.shell:Creating package script '/home/starry1n/WUTA/WUTA-FSD/ros2_ws/install/kiss_icp_wrapper/share/kiss_icp_wrapper/package.zsh'
[0.913s] Level 1:colcon.colcon_core.environment:create_file_with_runtime_dependencies(/home/starry1n/WUTA/WUTA-FSD/ros2_ws/install/kiss_icp_wrapper/share/colcon-core/packages/kiss_icp_wrapper)
[0.914s] Level 1:colcon.colcon_core.environment:create_environment_scripts_only(kiss_icp_wrapper)
[0.914s] Level 1:colcon.colcon_core.environment:checking '/home/starry1n/WUTA/WUTA-FSD/ros2_ws/install/kiss_icp_wrapper' for CMake module files
[0.914s] Level 1:colcon.colcon_core.environment:checking '/home/starry1n/WUTA/WUTA-FSD/ros2_ws/install/kiss_icp_wrapper' for CMake config files
[0.914s] Level 1:colcon.colcon_core.shell:create_environment_hook('kiss_icp_wrapper', 'cmake_prefix_path')
[0.915s] INFO:colcon.colcon_core.shell:Creating environment hook '/home/starry1n/WUTA/WUTA-FSD/ros2_ws/install/kiss_icp_wrapper/share/kiss_icp_wrapper/hook/cmake_prefix_path.ps1'
[0.915s] INFO:colcon.colcon_core.shell:Creating environment descriptor '/home/starry1n/WUTA/WUTA-FSD/ros2_ws/install/kiss_icp_wrapper/share/kiss_icp_wrapper/hook/cmake_prefix_path.dsv'
[0.915s] INFO:colcon.colcon_core.shell:Creating environment hook '/home/starry1n/WUTA/WUTA-FSD/ros2_ws/install/kiss_icp_wrapper/share/kiss_icp_wrapper/hook/cmake_prefix_path.sh'
[0.916s] Level 1:colcon.colcon_core.environment:checking '/home/starry1n/WUTA/WUTA-FSD/ros2_ws/install/kiss_icp_wrapper/bin'
[0.916s] Level 1:colcon.colcon_core.environment:checking '/home/starry1n/WUTA/WUTA-FSD/ros2_ws/install/kiss_icp_wrapper/lib/pkgconfig/kiss_icp_wrapper.pc'
[0.916s] Level 1:colcon.colcon_core.environment:checking '/home/starry1n/WUTA/WUTA-FSD/ros2_ws/install/kiss_icp_wrapper/lib/python3.10/site-packages'
[0.916s] Level 1:colcon.colcon_core.environment:checking '/home/starry1n/WUTA/WUTA-FSD/ros2_ws/install/kiss_icp_wrapper/bin'
[0.916s] INFO:colcon.colcon_core.shell:Creating package script '/home/starry1n/WUTA/WUTA-FSD/ros2_ws/install/kiss_icp_wrapper/share/kiss_icp_wrapper/package.ps1'
[0.917s] INFO:colcon.colcon_core.shell:Creating package descriptor '/home/starry1n/WUTA/WUTA-FSD/ros2_ws/install/kiss_icp_wrapper/share/kiss_icp_wrapper/package.dsv'
[0.917s] INFO:colcon.colcon_core.shell:Creating package script '/home/starry1n/WUTA/WUTA-FSD/ros2_ws/install/kiss_icp_wrapper/share/kiss_icp_wrapper/package.sh'
[0.917s] INFO:colcon.colcon_core.shell:Creating package script '/home/starry1n/WUTA/WUTA-FSD/ros2_ws/install/kiss_icp_wrapper/share/kiss_icp_wrapper/package.bash'
[0.918s] INFO:colcon.colcon_core.shell:Creating package script '/home/starry1n/WUTA/WUTA-FSD/ros2_ws/install/kiss_icp_wrapper/share/kiss_icp_wrapper/package.zsh'
[0.918s] Level 1:colcon.colcon_core.environment:create_file_with_runtime_dependencies(/home/starry1n/WUTA/WUTA-FSD/ros2_ws/install/kiss_icp_wrapper/share/colcon-core/packages/kiss_icp_wrapper)
[0.921s] Level 1:colcon.colcon_core.environment:create_environment_scripts_only(cone_map_builder)
[0.921s] Level 1:colcon.colcon_core.environment:checking '/home/starry1n/WUTA/WUTA-FSD/ros2_ws/install/cone_map_builder' for CMake module files
[0.921s] Level 1:colcon.colcon_core.environment:checking '/home/starry1n/WUTA/WUTA-FSD/ros2_ws/install/cone_map_builder' for CMake config files
[0.922s] DEBUG:colcon.colcon_core.event_handler.log_command:Invoking command in '/home/starry1n/WUTA/WUTA-FSD/ros2_ws/build/boundary_detector': AMENT_PREFIX_PATH=/home/starry1n/WUTA/WUTA-FSD/ros2_ws/install/wuta_msgs:/home/starry1n/WUTA/WUTA-FSD/ros2_ws/install/autoware_msgs:${AMENT_PREFIX_PATH} CMAKE_PREFIX_PATH=/home/starry1n/WUTA/WUTA-FSD/ros2_ws/install/wuta_msgs:/home/starry1n/WUTA/WUTA-FSD/ros2_ws/install/autoware_msgs:/opt/ros/humble LD_LIBRARY_PATH=/home/starry1n/WUTA/WUTA-FSD/ros2_ws/install/wuta_msgs/lib:/home/starry1n/WUTA/WUTA-FSD/ros2_ws/install/autoware_msgs/lib:${LD_LIBRARY_PATH} PYTHONPATH=/home/starry1n/WUTA/WUTA-FSD/ros2_ws/install/wuta_msgs/local/lib/python3.10/dist-packages:/home/starry1n/WUTA/WUTA-FSD/ros2_ws/install/autoware_msgs/local/lib/python3.10/dist-packages:${PYTHONPATH} /usr/bin/cmake --build /home/starry1n/WUTA/WUTA-FSD/ros2_ws/build/boundary_detector -- -j8 -l8
[0.922s] DEBUG:colcon.colcon_core.event_handler.log_command:Invoked command in '/home/starry1n/WUTA/WUTA-FSD/ros2_ws/build/cone_map_builder' returned '0': AMENT_PREFIX_PATH=/home/starry1n/WUTA/WUTA-FSD/ros2_ws/install/wuta_msgs:${AMENT_PREFIX_PATH} CMAKE_PREFIX_PATH=/home/starry1n/WUTA/WUTA-FSD/ros2_ws/install/wuta_msgs:/opt/ros/humble LD_LIBRARY_PATH=/home/starry1n/WUTA/WUTA-FSD/ros2_ws/install/wuta_msgs/lib:${LD_LIBRARY_PATH} PYTHONPATH=/home/starry1n/WUTA/WUTA-FSD/ros2_ws/install/wuta_msgs/local/lib/python3.10/dist-packages:${PYTHONPATH} /usr/bin/cmake --install /home/starry1n/WUTA/WUTA-FSD/ros2_ws/build/cone_map_builder
[0.922s] Level 1:colcon.colcon_core.shell:create_environment_hook('cone_map_builder', 'cmake_prefix_path')
[0.923s] INFO:colcon.colcon_core.shell:Creating environment hook '/home/starry1n/WUTA/WUTA-FSD/ros2_ws/install/cone_map_builder/share/cone_map_builder/hook/cmake_prefix_path.ps1'
[0.923s] INFO:colcon.colcon_core.shell:Creating environment descriptor '/home/starry1n/WUTA/WUTA-FSD/ros2_ws/install/cone_map_builder/share/cone_map_builder/hook/cmake_prefix_path.dsv'
[0.924s] INFO:colcon.colcon_core.shell:Creating environment hook '/home/starry1n/WUTA/WUTA-FSD/ros2_ws/install/cone_map_builder/share/cone_map_builder/hook/cmake_prefix_path.sh'
[0.925s] Level 1:colcon.colcon_core.environment:checking '/home/starry1n/WUTA/WUTA-FSD/ros2_ws/install/cone_map_builder/lib'
[0.925s] Level 1:colcon.colcon_core.environment:checking '/home/starry1n/WUTA/WUTA-FSD/ros2_ws/install/cone_map_builder/bin'
[0.925s] Level 1:colcon.colcon_core.environment:checking '/home/starry1n/WUTA/WUTA-FSD/ros2_ws/install/cone_map_builder/lib/pkgconfig/cone_map_builder.pc'
[0.925s] Level 1:colcon.colcon_core.environment:checking '/home/starry1n/WUTA/WUTA-FSD/ros2_ws/install/cone_map_builder/lib/python3.10/site-packages'
[0.926s] Level 1:colcon.colcon_core.environment:checking '/home/starry1n/WUTA/WUTA-FSD/ros2_ws/install/cone_map_builder/bin'
[0.926s] INFO:colcon.colcon_core.shell:Creating package script '/home/starry1n/WUTA/WUTA-FSD/ros2_ws/install/cone_map_builder/share/cone_map_builder/package.ps1'
[0.926s] INFO:colcon.colcon_core.shell:Creating package descriptor '/home/starry1n/WUTA/WUTA-FSD/ros2_ws/install/cone_map_builder/share/cone_map_builder/package.dsv'
[0.927s] INFO:colcon.colcon_core.shell:Creating package script '/home/starry1n/WUTA/WUTA-FSD/ros2_ws/install/cone_map_builder/share/cone_map_builder/package.sh'
[0.927s] INFO:colcon.colcon_core.shell:Creating package script '/home/starry1n/WUTA/WUTA-FSD/ros2_ws/install/cone_map_builder/share/cone_map_builder/package.bash'
[0.927s] INFO:colcon.colcon_core.shell:Creating package script '/home/starry1n/WUTA/WUTA-FSD/ros2_ws/install/cone_map_builder/share/cone_map_builder/package.zsh'
[0.928s] Level 1:colcon.colcon_core.environment:create_file_with_runtime_dependencies(/home/starry1n/WUTA/WUTA-FSD/ros2_ws/install/cone_map_builder/share/colcon-core/packages/cone_map_builder)
[0.928s] Level 1:colcon.colcon_core.environment:create_environment_scripts_only(cone_map_builder)
[0.928s] Level 1:colcon.colcon_core.environment:checking '/home/starry1n/WUTA/WUTA-FSD/ros2_ws/install/cone_map_builder' for CMake module files
[0.929s] Level 1:colcon.colcon_core.environment:checking '/home/starry1n/WUTA/WUTA-FSD/ros2_ws/install/cone_map_builder' for CMake config files
[0.929s] Level 1:colcon.colcon_core.shell:create_environment_hook('cone_map_builder', 'cmake_prefix_path')
[0.929s] INFO:colcon.colcon_core.shell:Creating environment hook '/home/starry1n/WUTA/WUTA-FSD/ros2_ws/install/cone_map_builder/share/cone_map_builder/hook/cmake_prefix_path.ps1'
[0.929s] INFO:colcon.colcon_core.shell:Creating environment descriptor '/home/starry1n/WUTA/WUTA-FSD/ros2_ws/install/cone_map_builder/share/cone_map_builder/hook/cmake_prefix_path.dsv'
[0.930s] INFO:colcon.colcon_core.shell:Creating environment hook '/home/starry1n/WUTA/WUTA-FSD/ros2_ws/install/cone_map_builder/share/cone_map_builder/hook/cmake_prefix_path.sh'
[0.930s] Level 1:colcon.colcon_core.environment:checking '/home/starry1n/WUTA/WUTA-FSD/ros2_ws/install/cone_map_builder/lib'
[0.930s] Level 1:colcon.colcon_core.environment:checking '/home/starry1n/WUTA/WUTA-FSD/ros2_ws/install/cone_map_builder/bin'
[0.930s] Level 1:colcon.colcon_core.environment:checking '/home/starry1n/WUTA/WUTA-FSD/ros2_ws/install/cone_map_builder/lib/pkgconfig/cone_map_builder.pc'
[0.931s] Level 1:colcon.colcon_core.environment:checking '/home/starry1n/WUTA/WUTA-FSD/ros2_ws/install/cone_map_builder/lib/python3.10/site-packages'
[0.931s] Level 1:colcon.colcon_core.environment:checking '/home/starry1n/WUTA/WUTA-FSD/ros2_ws/install/cone_map_builder/bin'
[0.931s] INFO:colcon.colcon_core.shell:Creating package script '/home/starry1n/WUTA/WUTA-FSD/ros2_ws/install/cone_map_builder/share/cone_map_builder/package.ps1'
[0.932s] INFO:colcon.colcon_core.shell:Creating package descriptor '/home/starry1n/WUTA/WUTA-FSD/ros2_ws/install/cone_map_builder/share/cone_map_builder/package.dsv'
[0.932s] INFO:colcon.colcon_core.shell:Creating package script '/home/starry1n/WUTA/WUTA-FSD/ros2_ws/install/cone_map_builder/share/cone_map_builder/package.sh'
[0.933s] INFO:colcon.colcon_core.shell:Creating package script '/home/starry1n/WUTA/WUTA-FSD/ros2_ws/install/cone_map_builder/share/cone_map_builder/package.bash'
[0.933s] INFO:colcon.colcon_core.shell:Creating package script '/home/starry1n/WUTA/WUTA-FSD/ros2_ws/install/cone_map_builder/share/cone_map_builder/package.zsh'
[0.933s] Level 1:colcon.colcon_core.environment:create_file_with_runtime_dependencies(/home/starry1n/WUTA/WUTA-FSD/ros2_ws/install/cone_map_builder/share/colcon-core/packages/cone_map_builder)
[0.934s] INFO:colcon.colcon_ros.task.ament_cmake.build:Building ROS package in '/home/starry1n/WUTA/WUTA-FSD/ros2_ws/src/planning/path_generator' with build type 'ament_cmake'
[0.934s] INFO:colcon.colcon_cmake.task.cmake.build:Building CMake package in '/home/starry1n/WUTA/WUTA-FSD/ros2_ws/src/planning/path_generator'
[0.934s] INFO:colcon.colcon_core.shell:Skip shell extension 'powershell' for command environment: Not usable outside of PowerShell
[0.934s] DEBUG:colcon.colcon_core.shell:Skip shell extension 'dsv' for command environment
[0.938s] INFO:colcon.colcon_ros.task.ament_cmake.build:Building ROS package in '/home/starry1n/WUTA/WUTA-FSD/ros2_ws/src/common/wuta_tools' with build type 'ament_cmake'
[0.938s] INFO:colcon.colcon_cmake.task.cmake.build:Building CMake package in '/home/starry1n/WUTA/WUTA-FSD/ros2_ws/src/common/wuta_tools'
[0.939s] INFO:colcon.colcon_core.shell:Skip shell extension 'powershell' for command environment: Not usable outside of PowerShell
[0.939s] DEBUG:colcon.colcon_core.shell:Skip shell extension 'dsv' for command environment
[0.943s] Level 1:colcon.colcon_core.environment:create_environment_scripts_only(mission_manager)
[0.943s] Level 1:colcon.colcon_core.environment:checking '/home/starry1n/WUTA/WUTA-FSD/ros2_ws/install/mission_manager' for CMake module files
[0.944s] Level 1:colcon.colcon_core.environment:checking '/home/starry1n/WUTA/WUTA-FSD/ros2_ws/install/mission_manager' for CMake config files
[0.945s] DEBUG:colcon.colcon_core.event_handler.log_command:Invoked command in '/home/starry1n/WUTA/WUTA-FSD/ros2_ws/build/mission_manager' returned '0': AMENT_PREFIX_PATH=/home/starry1n/WUTA/WUTA-FSD/ros2_ws/install/wuta_msgs:${AMENT_PREFIX_PATH} CMAKE_PREFIX_PATH=/home/starry1n/WUTA/WUTA-FSD/ros2_ws/install/wuta_msgs:/opt/ros/humble LD_LIBRARY_PATH=/home/starry1n/WUTA/WUTA-FSD/ros2_ws/install/wuta_msgs/lib:${LD_LIBRARY_PATH} PYTHONPATH=/home/starry1n/WUTA/WUTA-FSD/ros2_ws/install/wuta_msgs/local/lib/python3.10/dist-packages:${PYTHONPATH} /usr/bin/cmake --install /home/starry1n/WUTA/WUTA-FSD/ros2_ws/build/mission_manager
[0.946s] Level 1:colcon.colcon_core.shell:create_environment_hook('mission_manager', 'cmake_prefix_path')
[0.946s] INFO:colcon.colcon_core.shell:Creating environment hook '/home/starry1n/WUTA/WUTA-FSD/ros2_ws/install/mission_manager/share/mission_manager/hook/cmake_prefix_path.ps1'
[0.946s] INFO:colcon.colcon_core.shell:Creating environment descriptor '/home/starry1n/WUTA/WUTA-FSD/ros2_ws/install/mission_manager/share/mission_manager/hook/cmake_prefix_path.dsv'
[0.947s] INFO:colcon.colcon_core.shell:Creating environment hook '/home/starry1n/WUTA/WUTA-FSD/ros2_ws/install/mission_manager/share/mission_manager/hook/cmake_prefix_path.sh'
[0.948s] Level 1:colcon.colcon_core.environment:checking '/home/starry1n/WUTA/WUTA-FSD/ros2_ws/install/mission_manager/lib'
[0.948s] Level 1:colcon.colcon_core.environment:checking '/home/starry1n/WUTA/WUTA-FSD/ros2_ws/install/mission_manager/bin'
[0.948s] Level 1:colcon.colcon_core.environment:checking '/home/starry1n/WUTA/WUTA-FSD/ros2_ws/install/mission_manager/lib/pkgconfig/mission_manager.pc'
[0.948s] Level 1:colcon.colcon_core.environment:checking '/home/starry1n/WUTA/WUTA-FSD/ros2_ws/install/mission_manager/lib/python3.10/site-packages'
[0.948s] Level 1:colcon.colcon_core.environment:checking '/home/starry1n/WUTA/WUTA-FSD/ros2_ws/install/mission_manager/bin'
[0.949s] INFO:colcon.colcon_core.shell:Creating package script '/home/starry1n/WUTA/WUTA-FSD/ros2_ws/install/mission_manager/share/mission_manager/package.ps1'
[0.949s] INFO:colcon.colcon_core.shell:Creating package descriptor '/home/starry1n/WUTA/WUTA-FSD/ros2_ws/install/mission_manager/share/mission_manager/package.dsv'
[0.950s] INFO:colcon.colcon_core.shell:Creating package script '/home/starry1n/WUTA/WUTA-FSD/ros2_ws/install/mission_manager/share/mission_manager/package.sh'
[0.950s] INFO:colcon.colcon_core.shell:Creating package script '/home/starry1n/WUTA/WUTA-FSD/ros2_ws/install/mission_manager/share/mission_manager/package.bash'
[0.950s] INFO:colcon.colcon_core.shell:Creating package script '/home/starry1n/WUTA/WUTA-FSD/ros2_ws/install/mission_manager/share/mission_manager/package.zsh'
[0.951s] Level 1:colcon.colcon_core.environment:create_file_with_runtime_dependencies(/home/starry1n/WUTA/WUTA-FSD/ros2_ws/install/mission_manager/share/colcon-core/packages/mission_manager)
[0.952s] Level 1:colcon.colcon_core.environment:create_environment_scripts_only(mission_manager)
[0.952s] Level 1:colcon.colcon_core.environment:checking '/home/starry1n/WUTA/WUTA-FSD/ros2_ws/install/mission_manager' for CMake module files
[0.952s] Level 1:colcon.colcon_core.environment:checking '/home/starry1n/WUTA/WUTA-FSD/ros2_ws/install/mission_manager' for CMake config files
[0.952s] Level 1:colcon.colcon_core.shell:create_environment_hook('mission_manager', 'cmake_prefix_path')
[0.952s] INFO:colcon.colcon_core.shell:Creating environment hook '/home/starry1n/WUTA/WUTA-FSD/ros2_ws/install/mission_manager/share/mission_manager/hook/cmake_prefix_path.ps1'
[0.953s] INFO:colcon.colcon_core.shell:Creating environment descriptor '/home/starry1n/WUTA/WUTA-FSD/ros2_ws/install/mission_manager/share/mission_manager/hook/cmake_prefix_path.dsv'
[0.953s] INFO:colcon.colcon_core.shell:Creating environment hook '/home/starry1n/WUTA/WUTA-FSD/ros2_ws/install/mission_manager/share/mission_manager/hook/cmake_prefix_path.sh'
[0.953s] Level 1:colcon.colcon_core.environment:checking '/home/starry1n/WUTA/WUTA-FSD/ros2_ws/install/mission_manager/lib'
[0.953s] Level 1:colcon.colcon_core.environment:checking '/home/starry1n/WUTA/WUTA-FSD/ros2_ws/install/mission_manager/bin'
[0.953s] Level 1:colcon.colcon_core.environment:checking '/home/starry1n/WUTA/WUTA-FSD/ros2_ws/install/mission_manager/lib/pkgconfig/mission_manager.pc'
[0.954s] Level 1:colcon.colcon_core.environment:checking '/home/starry1n/WUTA/WUTA-FSD/ros2_ws/install/mission_manager/lib/python3.10/site-packages'
[0.954s] Level 1:colcon.colcon_core.environment:checking '/home/starry1n/WUTA/WUTA-FSD/ros2_ws/install/mission_manager/bin'
[0.954s] INFO:colcon.colcon_core.shell:Creating package script '/home/starry1n/WUTA/WUTA-FSD/ros2_ws/install/mission_manager/share/mission_manager/package.ps1'
[0.954s] INFO:colcon.colcon_core.shell:Creating package descriptor '/home/starry1n/WUTA/WUTA-FSD/ros2_ws/install/mission_manager/share/mission_manager/package.dsv'
[0.955s] INFO:colcon.colcon_core.shell:Creating package script '/home/starry1n/WUTA/WUTA-FSD/ros2_ws/install/mission_manager/share/mission_manager/package.sh'
[0.955s] INFO:colcon.colcon_core.shell:Creating package script '/home/starry1n/WUTA/WUTA-FSD/ros2_ws/install/mission_manager/share/mission_manager/package.bash'
[0.955s] INFO:colcon.colcon_core.shell:Creating package script '/home/starry1n/WUTA/WUTA-FSD/ros2_ws/install/mission_manager/share/mission_manager/package.zsh'
[0.956s] Level 1:colcon.colcon_core.environment:create_file_with_runtime_dependencies(/home/starry1n/WUTA/WUTA-FSD/ros2_ws/install/mission_manager/share/colcon-core/packages/mission_manager)
[0.960s] DEBUG:colcon.colcon_core.event_handler.log_command:Invoking command in '/home/starry1n/WUTA/WUTA-FSD/ros2_ws/build/controller': AMENT_PREFIX_PATH=/home/starry1n/WUTA/WUTA-FSD/ros2_ws/install/wuta_msgs:/home/starry1n/WUTA/WUTA-FSD/ros2_ws/install/autoware_msgs:${AMENT_PREFIX_PATH} CMAKE_PREFIX_PATH=/home/starry1n/WUTA/WUTA-FSD/ros2_ws/install/wuta_msgs:/home/starry1n/WUTA/WUTA-FSD/ros2_ws/install/autoware_msgs:/opt/ros/humble LD_LIBRARY_PATH=/home/starry1n/WUTA/WUTA-FSD/ros2_ws/install/wuta_msgs/lib:/home/starry1n/WUTA/WUTA-FSD/ros2_ws/install/autoware_msgs/lib:${LD_LIBRARY_PATH} PYTHONPATH=/home/starry1n/WUTA/WUTA-FSD/ros2_ws/install/wuta_msgs/local/lib/python3.10/dist-packages:/home/starry1n/WUTA/WUTA-FSD/ros2_ws/install/autoware_msgs/local/lib/python3.10/dist-packages:${PYTHONPATH} /usr/bin/cmake --build /home/starry1n/WUTA/WUTA-FSD/ros2_ws/build/controller -- -j8 -l8
[0.967s] DEBUG:colcon.colcon_core.event_handler.log_command:Invoking command in '/home/starry1n/WUTA/WUTA-FSD/ros2_ws/build/localization_manager': AMENT_PREFIX_PATH=/home/starry1n/WUTA/WUTA-FSD/ros2_ws/install/wuta_msgs:/home/starry1n/WUTA/WUTA-FSD/ros2_ws/install/robot_localization:/home/starry1n/WUTA/WUTA-FSD/ros2_ws/install/kiss_icp:${AMENT_PREFIX_PATH} CMAKE_PREFIX_PATH=/home/starry1n/WUTA/WUTA-FSD/ros2_ws/install/wuta_msgs:/home/starry1n/WUTA/WUTA-FSD/ros2_ws/install/robot_localization:/home/starry1n/WUTA/WUTA-FSD/ros2_ws/install/kiss_icp:/opt/ros/humble LD_LIBRARY_PATH=/home/starry1n/WUTA/WUTA-FSD/ros2_ws/install/wuta_msgs/lib:/home/starry1n/WUTA/WUTA-FSD/ros2_ws/install/robot_localization/lib:/home/starry1n/WUTA/WUTA-FSD/ros2_ws/install/kiss_icp/lib:${LD_LIBRARY_PATH} PYTHONPATH=/home/starry1n/WUTA/WUTA-FSD/ros2_ws/install/wuta_msgs/local/lib/python3.10/dist-packages:/home/starry1n/WUTA/WUTA-FSD/ros2_ws/install/robot_localization/local/lib/python3.10/dist-packages:${PYTHONPATH} /usr/bin/cmake --build /home/starry1n/WUTA/WUTA-FSD/ros2_ws/build/localization_manager -- -j8 -l8
[0.969s] Level 1:colcon.colcon_core.environment:create_environment_scripts_only(lidar_detection)
[0.969s] Level 1:colcon.colcon_core.environment:checking '/home/starry1n/WUTA/WUTA-FSD/ros2_ws/install/lidar_detection' for CMake module files
[0.970s] Level 1:colcon.colcon_core.environment:checking '/home/starry1n/WUTA/WUTA-FSD/ros2_ws/install/lidar_detection' for CMake config files
[0.971s] DEBUG:colcon.colcon_core.event_handler.log_command:Invoking command in '/home/starry1n/WUTA/WUTA-FSD/ros2_ws/build/ndt_localization': AMENT_PREFIX_PATH=/home/starry1n/WUTA/WUTA-FSD/ros2_ws/install/wuta_msgs:${AMENT_PREFIX_PATH} CMAKE_PREFIX_PATH=/home/starry1n/WUTA/WUTA-FSD/ros2_ws/install/wuta_msgs:/opt/ros/humble LD_LIBRARY_PATH=/home/starry1n/WUTA/WUTA-FSD/ros2_ws/install/wuta_msgs/lib:${LD_LIBRARY_PATH} PYTHONPATH=/home/starry1n/WUTA/WUTA-FSD/ros2_ws/install/wuta_msgs/local/lib/python3.10/dist-packages:${PYTHONPATH} /usr/bin/cmake --build /home/starry1n/WUTA/WUTA-FSD/ros2_ws/build/ndt_localization -- -j8 -l8
[0.971s] DEBUG:colcon.colcon_core.event_handler.log_command:Invoked command in '/home/starry1n/WUTA/WUTA-FSD/ros2_ws/build/lidar_detection' returned '0': AMENT_PREFIX_PATH=/home/starry1n/WUTA/WUTA-FSD/ros2_ws/install/wuta_msgs:${AMENT_PREFIX_PATH} CMAKE_PREFIX_PATH=/home/starry1n/WUTA/WUTA-FSD/ros2_ws/install/wuta_msgs:/opt/ros/humble LD_LIBRARY_PATH=/home/starry1n/WUTA/WUTA-FSD/ros2_ws/install/wuta_msgs/lib:${LD_LIBRARY_PATH} PYTHONPATH=/home/starry1n/WUTA/WUTA-FSD/ros2_ws/install/wuta_msgs/local/lib/python3.10/dist-packages:${PYTHONPATH} /usr/bin/cmake --install /home/starry1n/WUTA/WUTA-FSD/ros2_ws/build/lidar_detection
[0.971s] Level 1:colcon.colcon_core.shell:create_environment_hook('lidar_detection', 'cmake_prefix_path')
[0.972s] INFO:colcon.colcon_core.shell:Creating environment hook '/home/starry1n/WUTA/WUTA-FSD/ros2_ws/install/lidar_detection/share/lidar_detection/hook/cmake_prefix_path.ps1'
[0.972s] INFO:colcon.colcon_core.shell:Creating environment descriptor '/home/starry1n/WUTA/WUTA-FSD/ros2_ws/install/lidar_detection/share/lidar_detection/hook/cmake_prefix_path.dsv'
[0.973s] INFO:colcon.colcon_core.shell:Creating environment hook '/home/starry1n/WUTA/WUTA-FSD/ros2_ws/install/lidar_detection/share/lidar_detection/hook/cmake_prefix_path.sh'
[0.975s] Level 1:colcon.colcon_core.environment:checking '/home/starry1n/WUTA/WUTA-FSD/ros2_ws/install/lidar_detection/lib'
[0.975s] Level 1:colcon.colcon_core.environment:checking '/home/starry1n/WUTA/WUTA-FSD/ros2_ws/install/lidar_detection/bin'
[0.975s] Level 1:colcon.colcon_core.environment:checking '/home/starry1n/WUTA/WUTA-FSD/ros2_ws/install/lidar_detection/lib/pkgconfig/lidar_detection.pc'
[0.975s] Level 1:colcon.colcon_core.environment:checking '/home/starry1n/WUTA/WUTA-FSD/ros2_ws/install/lidar_detection/lib/python3.10/site-packages'
[0.976s] Level 1:colcon.colcon_core.environment:checking '/home/starry1n/WUTA/WUTA-FSD/ros2_ws/install/lidar_detection/bin'
[0.976s] INFO:colcon.colcon_core.shell:Creating package script '/home/starry1n/WUTA/WUTA-FSD/ros2_ws/install/lidar_detection/share/lidar_detection/package.ps1'
[0.976s] INFO:colcon.colcon_core.shell:Creating package descriptor '/home/starry1n/WUTA/WUTA-FSD/ros2_ws/install/lidar_detection/share/lidar_detection/package.dsv'
[0.977s] INFO:colcon.colcon_core.shell:Creating package script '/home/starry1n/WUTA/WUTA-FSD/ros2_ws/install/lidar_detection/share/lidar_detection/package.sh'
[0.977s] INFO:colcon.colcon_core.shell:Creating package script '/home/starry1n/WUTA/WUTA-FSD/ros2_ws/install/lidar_detection/share/lidar_detection/package.bash'
[0.977s] INFO:colcon.colcon_core.shell:Creating package script '/home/starry1n/WUTA/WUTA-FSD/ros2_ws/install/lidar_detection/share/lidar_detection/package.zsh'
[0.977s] Level 1:colcon.colcon_core.environment:create_file_with_runtime_dependencies(/home/starry1n/WUTA/WUTA-FSD/ros2_ws/install/lidar_detection/share/colcon-core/packages/lidar_detection)
[0.980s] Level 1:colcon.colcon_core.environment:create_environment_scripts_only(lidar_detection)
[0.980s] Level 1:colcon.colcon_core.environment:checking '/home/starry1n/WUTA/WUTA-FSD/ros2_ws/install/lidar_detection' for CMake module files
[0.980s] Level 1:colcon.colcon_core.environment:checking '/home/starry1n/WUTA/WUTA-FSD/ros2_ws/install/lidar_detection' for CMake config files
[0.980s] Level 1:colcon.colcon_core.shell:create_environment_hook('lidar_detection', 'cmake_prefix_path')
[0.980s] INFO:colcon.colcon_core.shell:Creating environment hook '/home/starry1n/WUTA/WUTA-FSD/ros2_ws/install/lidar_detection/share/lidar_detection/hook/cmake_prefix_path.ps1'
[0.981s] INFO:colcon.colcon_core.shell:Creating environment descriptor '/home/starry1n/WUTA/WUTA-FSD/ros2_ws/install/lidar_detection/share/lidar_detection/hook/cmake_prefix_path.dsv'
[0.981s] INFO:colcon.colcon_core.shell:Creating environment hook '/home/starry1n/WUTA/WUTA-FSD/ros2_ws/install/lidar_detection/share/lidar_detection/hook/cmake_prefix_path.sh'
[0.982s] Level 1:colcon.colcon_core.environment:checking '/home/starry1n/WUTA/WUTA-FSD/ros2_ws/install/lidar_detection/lib'
[0.982s] Level 1:colcon.colcon_core.environment:checking '/home/starry1n/WUTA/WUTA-FSD/ros2_ws/install/lidar_detection/bin'
[0.982s] Level 1:colcon.colcon_core.environment:checking '/home/starry1n/WUTA/WUTA-FSD/ros2_ws/install/lidar_detection/lib/pkgconfig/lidar_detection.pc'
[0.983s] Level 1:colcon.colcon_core.environment:checking '/home/starry1n/WUTA/WUTA-FSD/ros2_ws/install/lidar_detection/lib/python3.10/site-packages'
[0.983s] Level 1:colcon.colcon_core.environment:checking '/home/starry1n/WUTA/WUTA-FSD/ros2_ws/install/lidar_detection/bin'
[0.984s] INFO:colcon.colcon_core.shell:Creating package script '/home/starry1n/WUTA/WUTA-FSD/ros2_ws/install/lidar_detection/share/lidar_detection/package.ps1'
[0.985s] INFO:colcon.colcon_core.shell:Creating package descriptor '/home/starry1n/WUTA/WUTA-FSD/ros2_ws/install/lidar_detection/share/lidar_detection/package.dsv'
[0.986s] INFO:colcon.colcon_core.shell:Creating package script '/home/starry1n/WUTA/WUTA-FSD/ros2_ws/install/lidar_detection/share/lidar_detection/package.sh'
[0.987s] INFO:colcon.colcon_core.shell:Creating package script '/home/starry1n/WUTA/WUTA-FSD/ros2_ws/install/lidar_detection/share/lidar_detection/package.bash'
[0.988s] INFO:colcon.colcon_core.shell:Creating package script '/home/starry1n/WUTA/WUTA-FSD/ros2_ws/install/lidar_detection/share/lidar_detection/package.zsh'
[0.988s] Level 1:colcon.colcon_core.environment:create_file_with_runtime_dependencies(/home/starry1n/WUTA/WUTA-FSD/ros2_ws/install/lidar_detection/share/colcon-core/packages/lidar_detection)
[0.999s] DEBUG:colcon.colcon_core.event_handler.log_command:Invoking command in '/home/starry1n/WUTA/WUTA-FSD/ros2_ws/build/path_generator': AMENT_PREFIX_PATH=/home/starry1n/WUTA/WUTA-FSD/ros2_ws/install/wuta_msgs:/home/starry1n/WUTA/WUTA-FSD/ros2_ws/install/autoware_msgs:${AMENT_PREFIX_PATH} CMAKE_PREFIX_PATH=/home/starry1n/WUTA/WUTA-FSD/ros2_ws/install/wuta_msgs:/home/starry1n/WUTA/WUTA-FSD/ros2_ws/install/autoware_msgs:/opt/ros/humble LD_LIBRARY_PATH=/home/starry1n/WUTA/WUTA-FSD/ros2_ws/install/wuta_msgs/lib:/home/starry1n/WUTA/WUTA-FSD/ros2_ws/install/autoware_msgs/lib:${LD_LIBRARY_PATH} PYTHONPATH=/home/starry1n/WUTA/WUTA-FSD/ros2_ws/install/wuta_msgs/local/lib/python3.10/dist-packages:/home/starry1n/WUTA/WUTA-FSD/ros2_ws/install/autoware_msgs/local/lib/python3.10/dist-packages:${PYTHONPATH} /usr/bin/cmake --build /home/starry1n/WUTA/WUTA-FSD/ros2_ws/build/path_generator -- -j8 -l8
[1.008s] DEBUG:colcon.colcon_core.event_handler.log_command:Invoking command in '/home/starry1n/WUTA/WUTA-FSD/ros2_ws/build/wuta_tools': AMENT_PREFIX_PATH=/home/starry1n/WUTA/WUTA-FSD/ros2_ws/install/wuta_msgs:${AMENT_PREFIX_PATH} CMAKE_PREFIX_PATH=/home/starry1n/WUTA/WUTA-FSD/ros2_ws/install/wuta_msgs:/opt/ros/humble LD_LIBRARY_PATH=/home/starry1n/WUTA/WUTA-FSD/ros2_ws/install/wuta_msgs/lib:${LD_LIBRARY_PATH} PYTHONPATH=/home/starry1n/WUTA/WUTA-FSD/ros2_ws/install/wuta_msgs/local/lib/python3.10/dist-packages:${PYTHONPATH} /usr/bin/cmake --build /home/starry1n/WUTA/WUTA-FSD/ros2_ws/build/wuta_tools -- -j8 -l8
[1.019s] DEBUG:colcon.colcon_core.event_handler.log_command:Invoked command in '/home/starry1n/WUTA/WUTA-FSD/ros2_ws/build/boundary_detector' returned '0': AMENT_PREFIX_PATH=/home/starry1n/WUTA/WUTA-FSD/ros2_ws/install/wuta_msgs:/home/starry1n/WUTA/WUTA-FSD/ros2_ws/install/autoware_msgs:${AMENT_PREFIX_PATH} CMAKE_PREFIX_PATH=/home/starry1n/WUTA/WUTA-FSD/ros2_ws/install/wuta_msgs:/home/starry1n/WUTA/WUTA-FSD/ros2_ws/install/autoware_msgs:/opt/ros/humble LD_LIBRARY_PATH=/home/starry1n/WUTA/WUTA-FSD/ros2_ws/install/wuta_msgs/lib:/home/starry1n/WUTA/WUTA-FSD/ros2_ws/install/autoware_msgs/lib:${LD_LIBRARY_PATH} PYTHONPATH=/home/starry1n/WUTA/WUTA-FSD/ros2_ws/install/wuta_msgs/local/lib/python3.10/dist-packages:/home/starry1n/WUTA/WUTA-FSD/ros2_ws/install/autoware_msgs/local/lib/python3.10/dist-packages:${PYTHONPATH} /usr/bin/cmake --build /home/starry1n/WUTA/WUTA-FSD/ros2_ws/build/boundary_detector -- -j8 -l8
[1.022s] DEBUG:colcon.colcon_core.event_handler.log_command:Invoking command in '/home/starry1n/WUTA/WUTA-FSD/ros2_ws/build/boundary_detector': AMENT_PREFIX_PATH=/home/starry1n/WUTA/WUTA-FSD/ros2_ws/install/wuta_msgs:/home/starry1n/WUTA/WUTA-FSD/ros2_ws/install/autoware_msgs:${AMENT_PREFIX_PATH} CMAKE_PREFIX_PATH=/home/starry1n/WUTA/WUTA-FSD/ros2_ws/install/wuta_msgs:/home/starry1n/WUTA/WUTA-FSD/ros2_ws/install/autoware_msgs:/opt/ros/humble LD_LIBRARY_PATH=/home/starry1n/WUTA/WUTA-FSD/ros2_ws/install/wuta_msgs/lib:/home/starry1n/WUTA/WUTA-FSD/ros2_ws/install/autoware_msgs/lib:${LD_LIBRARY_PATH} PYTHONPATH=/home/starry1n/WUTA/WUTA-FSD/ros2_ws/install/wuta_msgs/local/lib/python3.10/dist-packages:/home/starry1n/WUTA/WUTA-FSD/ros2_ws/install/autoware_msgs/local/lib/python3.10/dist-packages:${PYTHONPATH} /usr/bin/cmake --install /home/starry1n/WUTA/WUTA-FSD/ros2_ws/build/boundary_detector
[1.034s] DEBUG:colcon.colcon_core.event_handler.log_command:Invoked command in '/home/starry1n/WUTA/WUTA-FSD/ros2_ws/build/localization_manager' returned '0': AMENT_PREFIX_PATH=/home/starry1n/WUTA/WUTA-FSD/ros2_ws/install/wuta_msgs:/home/starry1n/WUTA/WUTA-FSD/ros2_ws/install/robot_localization:/home/starry1n/WUTA/WUTA-FSD/ros2_ws/install/kiss_icp:${AMENT_PREFIX_PATH} CMAKE_PREFIX_PATH=/home/starry1n/WUTA/WUTA-FSD/ros2_ws/install/wuta_msgs:/home/starry1n/WUTA/WUTA-FSD/ros2_ws/install/robot_localization:/home/starry1n/WUTA/WUTA-FSD/ros2_ws/install/kiss_icp:/opt/ros/humble LD_LIBRARY_PATH=/home/starry1n/WUTA/WUTA-FSD/ros2_ws/install/wuta_msgs/lib:/home/starry1n/WUTA/WUTA-FSD/ros2_ws/install/robot_localization/lib:/home/starry1n/WUTA/WUTA-FSD/ros2_ws/install/kiss_icp/lib:${LD_LIBRARY_PATH} PYTHONPATH=/home/starry1n/WUTA/WUTA-FSD/ros2_ws/install/wuta_msgs/local/lib/python3.10/dist-packages:/home/starry1n/WUTA/WUTA-FSD/ros2_ws/install/robot_localization/local/lib/python3.10/dist-packages:${PYTHONPATH} /usr/bin/cmake --build /home/starry1n/WUTA/WUTA-FSD/ros2_ws/build/localization_manager -- -j8 -l8
[1.043s] DEBUG:colcon.colcon_core.event_handler.log_command:Invoking command in '/home/starry1n/WUTA/WUTA-FSD/ros2_ws/build/localization_manager': AMENT_PREFIX_PATH=/home/starry1n/WUTA/WUTA-FSD/ros2_ws/install/wuta_msgs:/home/starry1n/WUTA/WUTA-FSD/ros2_ws/install/robot_localization:/home/starry1n/WUTA/WUTA-FSD/ros2_ws/install/kiss_icp:${AMENT_PREFIX_PATH} CMAKE_PREFIX_PATH=/home/starry1n/WUTA/WUTA-FSD/ros2_ws/install/wuta_msgs:/home/starry1n/WUTA/WUTA-FSD/ros2_ws/install/robot_localization:/home/starry1n/WUTA/WUTA-FSD/ros2_ws/install/kiss_icp:/opt/ros/humble LD_LIBRARY_PATH=/home/starry1n/WUTA/WUTA-FSD/ros2_ws/install/wuta_msgs/lib:/home/starry1n/WUTA/WUTA-FSD/ros2_ws/install/robot_localization/lib:/home/starry1n/WUTA/WUTA-FSD/ros2_ws/install/kiss_icp/lib:${LD_LIBRARY_PATH} PYTHONPATH=/home/starry1n/WUTA/WUTA-FSD/ros2_ws/install/wuta_msgs/local/lib/python3.10/dist-packages:/home/starry1n/WUTA/WUTA-FSD/ros2_ws/install/robot_localization/local/lib/python3.10/dist-packages:${PYTHONPATH} /usr/bin/cmake --install /home/starry1n/WUTA/WUTA-FSD/ros2_ws/build/localization_manager
[1.045s] DEBUG:colcon.colcon_core.event_handler.log_command:Invoked command in '/home/starry1n/WUTA/WUTA-FSD/ros2_ws/build/controller' returned '0': AMENT_PREFIX_PATH=/home/starry1n/WUTA/WUTA-FSD/ros2_ws/install/wuta_msgs:/home/starry1n/WUTA/WUTA-FSD/ros2_ws/install/autoware_msgs:${AMENT_PREFIX_PATH} CMAKE_PREFIX_PATH=/home/starry1n/WUTA/WUTA-FSD/ros2_ws/install/wuta_msgs:/home/starry1n/WUTA/WUTA-FSD/ros2_ws/install/autoware_msgs:/opt/ros/humble LD_LIBRARY_PATH=/home/starry1n/WUTA/WUTA-FSD/ros2_ws/install/wuta_msgs/lib:/home/starry1n/WUTA/WUTA-FSD/ros2_ws/install/autoware_msgs/lib:${LD_LIBRARY_PATH} PYTHONPATH=/home/starry1n/WUTA/WUTA-FSD/ros2_ws/install/wuta_msgs/local/lib/python3.10/dist-packages:/home/starry1n/WUTA/WUTA-FSD/ros2_ws/install/autoware_msgs/local/lib/python3.10/dist-packages:${PYTHONPATH} /usr/bin/cmake --build /home/starry1n/WUTA/WUTA-FSD/ros2_ws/build/controller -- -j8 -l8
[1.052s] DEBUG:colcon.colcon_core.event_handler.log_command:Invoking command in '/home/starry1n/WUTA/WUTA-FSD/ros2_ws/build/controller': AMENT_PREFIX_PATH=/home/starry1n/WUTA/WUTA-FSD/ros2_ws/install/wuta_msgs:/home/starry1n/WUTA/WUTA-FSD/ros2_ws/install/autoware_msgs:${AMENT_PREFIX_PATH} CMAKE_PREFIX_PATH=/home/starry1n/WUTA/WUTA-FSD/ros2_ws/install/wuta_msgs:/home/starry1n/WUTA/WUTA-FSD/ros2_ws/install/autoware_msgs:/opt/ros/humble LD_LIBRARY_PATH=/home/starry1n/WUTA/WUTA-FSD/ros2_ws/install/wuta_msgs/lib:/home/starry1n/WUTA/WUTA-FSD/ros2_ws/install/autoware_msgs/lib:${LD_LIBRARY_PATH} PYTHONPATH=/home/starry1n/WUTA/WUTA-FSD/ros2_ws/install/wuta_msgs/local/lib/python3.10/dist-packages:/home/starry1n/WUTA/WUTA-FSD/ros2_ws/install/autoware_msgs/local/lib/python3.10/dist-packages:${PYTHONPATH} /usr/bin/cmake --install /home/starry1n/WUTA/WUTA-FSD/ros2_ws/build/controller
[1.059s] Level 1:colcon.colcon_core.environment:create_environment_scripts_only(boundary_detector)
[1.059s] Level 1:colcon.colcon_core.environment:checking '/home/starry1n/WUTA/WUTA-FSD/ros2_ws/install/boundary_detector' for CMake module files
[1.062s] DEBUG:colcon.colcon_core.event_handler.log_command:Invoked command in '/home/starry1n/WUTA/WUTA-FSD/ros2_ws/build/wuta_tools' returned '0': AMENT_PREFIX_PATH=/home/starry1n/WUTA/WUTA-FSD/ros2_ws/install/wuta_msgs:${AMENT_PREFIX_PATH} CMAKE_PREFIX_PATH=/home/starry1n/WUTA/WUTA-FSD/ros2_ws/install/wuta_msgs:/opt/ros/humble LD_LIBRARY_PATH=/home/starry1n/WUTA/WUTA-FSD/ros2_ws/install/wuta_msgs/lib:${LD_LIBRARY_PATH} PYTHONPATH=/home/starry1n/WUTA/WUTA-FSD/ros2_ws/install/wuta_msgs/local/lib/python3.10/dist-packages:${PYTHONPATH} /usr/bin/cmake --build /home/starry1n/WUTA/WUTA-FSD/ros2_ws/build/wuta_tools -- -j8 -l8
[1.062s] Level 1:colcon.colcon_core.environment:checking '/home/starry1n/WUTA/WUTA-FSD/ros2_ws/install/boundary_detector' for CMake config files
[1.064s] DEBUG:colcon.colcon_core.event_handler.log_command:Invoking command in '/home/starry1n/WUTA/WUTA-FSD/ros2_ws/build/wuta_tools': AMENT_PREFIX_PATH=/home/starry1n/WUTA/WUTA-FSD/ros2_ws/install/wuta_msgs:${AMENT_PREFIX_PATH} CMAKE_PREFIX_PATH=/home/starry1n/WUTA/WUTA-FSD/ros2_ws/install/wuta_msgs:/opt/ros/humble LD_LIBRARY_PATH=/home/starry1n/WUTA/WUTA-FSD/ros2_ws/install/wuta_msgs/lib:${LD_LIBRARY_PATH} PYTHONPATH=/home/starry1n/WUTA/WUTA-FSD/ros2_ws/install/wuta_msgs/local/lib/python3.10/dist-packages:${PYTHONPATH} /usr/bin/cmake --install /home/starry1n/WUTA/WUTA-FSD/ros2_ws/build/wuta_tools
[1.064s] DEBUG:colcon.colcon_core.event_handler.log_command:Invoked command in '/home/starry1n/WUTA/WUTA-FSD/ros2_ws/build/boundary_detector' returned '0': AMENT_PREFIX_PATH=/home/starry1n/WUTA/WUTA-FSD/ros2_ws/install/wuta_msgs:/home/starry1n/WUTA/WUTA-FSD/ros2_ws/install/autoware_msgs:${AMENT_PREFIX_PATH} CMAKE_PREFIX_PATH=/home/starry1n/WUTA/WUTA-FSD/ros2_ws/install/wuta_msgs:/home/starry1n/WUTA/WUTA-FSD/ros2_ws/install/autoware_msgs:/opt/ros/humble LD_LIBRARY_PATH=/home/starry1n/WUTA/WUTA-FSD/ros2_ws/install/wuta_msgs/lib:/home/starry1n/WUTA/WUTA-FSD/ros2_ws/install/autoware_msgs/lib:${LD_LIBRARY_PATH} PYTHONPATH=/home/starry1n/WUTA/WUTA-FSD/ros2_ws/install/wuta_msgs/local/lib/python3.10/dist-packages:/home/starry1n/WUTA/WUTA-FSD/ros2_ws/install/autoware_msgs/local/lib/python3.10/dist-packages:${PYTHONPATH} /usr/bin/cmake --install /home/starry1n/WUTA/WUTA-FSD/ros2_ws/build/boundary_detector
[1.064s] Level 1:colcon.colcon_core.shell:create_environment_hook('boundary_detector', 'cmake_prefix_path')
[1.065s] INFO:colcon.colcon_core.shell:Creating environment hook '/home/starry1n/WUTA/WUTA-FSD/ros2_ws/install/boundary_detector/share/boundary_detector/hook/cmake_prefix_path.ps1'
[1.066s] INFO:colcon.colcon_core.shell:Creating environment descriptor '/home/starry1n/WUTA/WUTA-FSD/ros2_ws/install/boundary_detector/share/boundary_detector/hook/cmake_prefix_path.dsv'
[1.067s] INFO:colcon.colcon_core.shell:Creating environment hook '/home/starry1n/WUTA/WUTA-FSD/ros2_ws/install/boundary_detector/share/boundary_detector/hook/cmake_prefix_path.sh'
[1.068s] Level 1:colcon.colcon_core.environment:checking '/home/starry1n/WUTA/WUTA-FSD/ros2_ws/install/boundary_detector/lib'
[1.068s] Level 1:colcon.colcon_core.environment:checking '/home/starry1n/WUTA/WUTA-FSD/ros2_ws/install/boundary_detector/bin'
[1.068s] Level 1:colcon.colcon_core.environment:checking '/home/starry1n/WUTA/WUTA-FSD/ros2_ws/install/boundary_detector/lib/pkgconfig/boundary_detector.pc'
[1.069s] Level 1:colcon.colcon_core.environment:checking '/home/starry1n/WUTA/WUTA-FSD/ros2_ws/install/boundary_detector/lib/python3.10/site-packages'
[1.069s] Level 1:colcon.colcon_core.environment:checking '/home/starry1n/WUTA/WUTA-FSD/ros2_ws/install/boundary_detector/bin'
[1.069s] INFO:colcon.colcon_core.shell:Creating package script '/home/starry1n/WUTA/WUTA-FSD/ros2_ws/install/boundary_detector/share/boundary_detector/package.ps1'
[1.070s] INFO:colcon.colcon_core.shell:Creating package descriptor '/home/starry1n/WUTA/WUTA-FSD/ros2_ws/install/boundary_detector/share/boundary_detector/package.dsv'
[1.070s] INFO:colcon.colcon_core.shell:Creating package script '/home/starry1n/WUTA/WUTA-FSD/ros2_ws/install/boundary_detector/share/boundary_detector/package.sh'
[1.070s] INFO:colcon.colcon_core.shell:Creating package script '/home/starry1n/WUTA/WUTA-FSD/ros2_ws/install/boundary_detector/share/boundary_detector/package.bash'
[1.071s] INFO:colcon.colcon_core.shell:Creating package script '/home/starry1n/WUTA/WUTA-FSD/ros2_ws/install/boundary_detector/share/boundary_detector/package.zsh'
[1.071s] Level 1:colcon.colcon_core.environment:create_file_with_runtime_dependencies(/home/starry1n/WUTA/WUTA-FSD/ros2_ws/install/boundary_detector/share/colcon-core/packages/boundary_detector)
[1.071s] Level 1:colcon.colcon_core.environment:create_environment_scripts_only(boundary_detector)
[1.072s] Level 1:colcon.colcon_core.environment:checking '/home/starry1n/WUTA/WUTA-FSD/ros2_ws/install/boundary_detector' for CMake module files
[1.072s] Level 1:colcon.colcon_core.environment:checking '/home/starry1n/WUTA/WUTA-FSD/ros2_ws/install/boundary_detector' for CMake config files
[1.072s] Level 1:colcon.colcon_core.shell:create_environment_hook('boundary_detector', 'cmake_prefix_path')
[1.072s] INFO:colcon.colcon_core.shell:Creating environment hook '/home/starry1n/WUTA/WUTA-FSD/ros2_ws/install/boundary_detector/share/boundary_detector/hook/cmake_prefix_path.ps1'
[1.073s] INFO:colcon.colcon_core.shell:Creating environment descriptor '/home/starry1n/WUTA/WUTA-FSD/ros2_ws/install/boundary_detector/share/boundary_detector/hook/cmake_prefix_path.dsv'
[1.073s] INFO:colcon.colcon_core.shell:Creating environment hook '/home/starry1n/WUTA/WUTA-FSD/ros2_ws/install/boundary_detector/share/boundary_detector/hook/cmake_prefix_path.sh'
[1.073s] Level 1:colcon.colcon_core.environment:checking '/home/starry1n/WUTA/WUTA-FSD/ros2_ws/install/boundary_detector/lib'
[1.073s] Level 1:colcon.colcon_core.environment:checking '/home/starry1n/WUTA/WUTA-FSD/ros2_ws/install/boundary_detector/bin'
[1.074s] Level 1:colcon.colcon_core.environment:checking '/home/starry1n/WUTA/WUTA-FSD/ros2_ws/install/boundary_detector/lib/pkgconfig/boundary_detector.pc'
[1.074s] Level 1:colcon.colcon_core.environment:checking '/home/starry1n/WUTA/WUTA-FSD/ros2_ws/install/boundary_detector/lib/python3.10/site-packages'
[1.074s] Level 1:colcon.colcon_core.environment:checking '/home/starry1n/WUTA/WUTA-FSD/ros2_ws/install/boundary_detector/bin'
[1.075s] INFO:colcon.colcon_core.shell:Creating package script '/home/starry1n/WUTA/WUTA-FSD/ros2_ws/install/boundary_detector/share/boundary_detector/package.ps1'
[1.076s] INFO:colcon.colcon_core.shell:Creating package descriptor '/home/starry1n/WUTA/WUTA-FSD/ros2_ws/install/boundary_detector/share/boundary_detector/package.dsv'
[1.077s] INFO:colcon.colcon_core.shell:Creating package script '/home/starry1n/WUTA/WUTA-FSD/ros2_ws/install/boundary_detector/share/boundary_detector/package.sh'
[1.078s] INFO:colcon.colcon_core.shell:Creating package script '/home/starry1n/WUTA/WUTA-FSD/ros2_ws/install/boundary_detector/share/boundary_detector/package.bash'
[1.078s] INFO:colcon.colcon_core.shell:Creating package script '/home/starry1n/WUTA/WUTA-FSD/ros2_ws/install/boundary_detector/share/boundary_detector/package.zsh'
[1.079s] Level 1:colcon.colcon_core.environment:create_file_with_runtime_dependencies(/home/starry1n/WUTA/WUTA-FSD/ros2_ws/install/boundary_detector/share/colcon-core/packages/boundary_detector)
[1.079s] DEBUG:colcon.colcon_core.event_handler.log_command:Invoked command in '/home/starry1n/WUTA/WUTA-FSD/ros2_ws/build/ndt_localization' returned '0': AMENT_PREFIX_PATH=/home/starry1n/WUTA/WUTA-FSD/ros2_ws/install/wuta_msgs:${AMENT_PREFIX_PATH} CMAKE_PREFIX_PATH=/home/starry1n/WUTA/WUTA-FSD/ros2_ws/install/wuta_msgs:/opt/ros/humble LD_LIBRARY_PATH=/home/starry1n/WUTA/WUTA-FSD/ros2_ws/install/wuta_msgs/lib:${LD_LIBRARY_PATH} PYTHONPATH=/home/starry1n/WUTA/WUTA-FSD/ros2_ws/install/wuta_msgs/local/lib/python3.10/dist-packages:${PYTHONPATH} /usr/bin/cmake --build /home/starry1n/WUTA/WUTA-FSD/ros2_ws/build/ndt_localization -- -j8 -l8
[1.082s] DEBUG:colcon.colcon_core.event_handler.log_command:Invoking command in '/home/starry1n/WUTA/WUTA-FSD/ros2_ws/build/ndt_localization': AMENT_PREFIX_PATH=/home/starry1n/WUTA/WUTA-FSD/ros2_ws/install/wuta_msgs:${AMENT_PREFIX_PATH} CMAKE_PREFIX_PATH=/home/starry1n/WUTA/WUTA-FSD/ros2_ws/install/wuta_msgs:/opt/ros/humble LD_LIBRARY_PATH=/home/starry1n/WUTA/WUTA-FSD/ros2_ws/install/wuta_msgs/lib:${LD_LIBRARY_PATH} PYTHONPATH=/home/starry1n/WUTA/WUTA-FSD/ros2_ws/install/wuta_msgs/local/lib/python3.10/dist-packages:${PYTHONPATH} /usr/bin/cmake --install /home/starry1n/WUTA/WUTA-FSD/ros2_ws/build/ndt_localization
[1.084s] DEBUG:colcon.colcon_core.event_handler.log_command:Invoked command in '/home/starry1n/WUTA/WUTA-FSD/ros2_ws/build/path_generator' returned '0': AMENT_PREFIX_PATH=/home/starry1n/WUTA/WUTA-FSD/ros2_ws/install/wuta_msgs:/home/starry1n/WUTA/WUTA-FSD/ros2_ws/install/autoware_msgs:${AMENT_PREFIX_PATH} CMAKE_PREFIX_PATH=/home/starry1n/WUTA/WUTA-FSD/ros2_ws/install/wuta_msgs:/home/starry1n/WUTA/WUTA-FSD/ros2_ws/install/autoware_msgs:/opt/ros/humble LD_LIBRARY_PATH=/home/starry1n/WUTA/WUTA-FSD/ros2_ws/install/wuta_msgs/lib:/home/starry1n/WUTA/WUTA-FSD/ros2_ws/install/autoware_msgs/lib:${LD_LIBRARY_PATH} PYTHONPATH=/home/starry1n/WUTA/WUTA-FSD/ros2_ws/install/wuta_msgs/local/lib/python3.10/dist-packages:/home/starry1n/WUTA/WUTA-FSD/ros2_ws/install/autoware_msgs/local/lib/python3.10/dist-packages:${PYTHONPATH} /usr/bin/cmake --build /home/starry1n/WUTA/WUTA-FSD/ros2_ws/build/path_generator -- -j8 -l8
[1.085s] Level 1:colcon.colcon_core.environment:create_environment_scripts_only(localization_manager)
[1.085s] Level 1:colcon.colcon_core.environment:checking '/home/starry1n/WUTA/WUTA-FSD/ros2_ws/install/localization_manager' for CMake module files
[1.086s] DEBUG:colcon.colcon_core.event_handler.log_command:Invoking command in '/home/starry1n/WUTA/WUTA-FSD/ros2_ws/build/path_generator': AMENT_PREFIX_PATH=/home/starry1n/WUTA/WUTA-FSD/ros2_ws/install/wuta_msgs:/home/starry1n/WUTA/WUTA-FSD/ros2_ws/install/autoware_msgs:${AMENT_PREFIX_PATH} CMAKE_PREFIX_PATH=/home/starry1n/WUTA/WUTA-FSD/ros2_ws/install/wuta_msgs:/home/starry1n/WUTA/WUTA-FSD/ros2_ws/install/autoware_msgs:/opt/ros/humble LD_LIBRARY_PATH=/home/starry1n/WUTA/WUTA-FSD/ros2_ws/install/wuta_msgs/lib:/home/starry1n/WUTA/WUTA-FSD/ros2_ws/install/autoware_msgs/lib:${LD_LIBRARY_PATH} PYTHONPATH=/home/starry1n/WUTA/WUTA-FSD/ros2_ws/install/wuta_msgs/local/lib/python3.10/dist-packages:/home/starry1n/WUTA/WUTA-FSD/ros2_ws/install/autoware_msgs/local/lib/python3.10/dist-packages:${PYTHONPATH} /usr/bin/cmake --install /home/starry1n/WUTA/WUTA-FSD/ros2_ws/build/path_generator
[1.086s] DEBUG:colcon.colcon_core.event_handler.log_command:Invoked command in '/home/starry1n/WUTA/WUTA-FSD/ros2_ws/build/localization_manager' returned '0': AMENT_PREFIX_PATH=/home/starry1n/WUTA/WUTA-FSD/ros2_ws/install/wuta_msgs:/home/starry1n/WUTA/WUTA-FSD/ros2_ws/install/robot_localization:/home/starry1n/WUTA/WUTA-FSD/ros2_ws/install/kiss_icp:${AMENT_PREFIX_PATH} CMAKE_PREFIX_PATH=/home/starry1n/WUTA/WUTA-FSD/ros2_ws/install/wuta_msgs:/home/starry1n/WUTA/WUTA-FSD/ros2_ws/install/robot_localization:/home/starry1n/WUTA/WUTA-FSD/ros2_ws/install/kiss_icp:/opt/ros/humble LD_LIBRARY_PATH=/home/starry1n/WUTA/WUTA-FSD/ros2_ws/install/wuta_msgs/lib:/home/starry1n/WUTA/WUTA-FSD/ros2_ws/install/robot_localization/lib:/home/starry1n/WUTA/WUTA-FSD/ros2_ws/install/kiss_icp/lib:${LD_LIBRARY_PATH} PYTHONPATH=/home/starry1n/WUTA/WUTA-FSD/ros2_ws/install/wuta_msgs/local/lib/python3.10/dist-packages:/home/starry1n/WUTA/WUTA-FSD/ros2_ws/install/robot_localization/local/lib/python3.10/dist-packages:${PYTHONPATH} /usr/bin/cmake --install /home/starry1n/WUTA/WUTA-FSD/ros2_ws/build/localization_manager
[1.086s] Level 1:colcon.colcon_core.environment:checking '/home/starry1n/WUTA/WUTA-FSD/ros2_ws/install/localization_manager' for CMake config files
[1.087s] Level 1:colcon.colcon_core.shell:create_environment_hook('localization_manager', 'cmake_prefix_path')
[1.087s] INFO:colcon.colcon_core.shell:Creating environment hook '/home/starry1n/WUTA/WUTA-FSD/ros2_ws/install/localization_manager/share/localization_manager/hook/cmake_prefix_path.ps1'
[1.088s] INFO:colcon.colcon_core.shell:Creating environment descriptor '/home/starry1n/WUTA/WUTA-FSD/ros2_ws/install/localization_manager/share/localization_manager/hook/cmake_prefix_path.dsv'
[1.090s] INFO:colcon.colcon_core.shell:Creating environment hook '/home/starry1n/WUTA/WUTA-FSD/ros2_ws/install/localization_manager/share/localization_manager/hook/cmake_prefix_path.sh'
[1.093s] Level 1:colcon.colcon_core.environment:checking '/home/starry1n/WUTA/WUTA-FSD/ros2_ws/install/localization_manager/lib'
[1.093s] Level 1:colcon.colcon_core.environment:checking '/home/starry1n/WUTA/WUTA-FSD/ros2_ws/install/localization_manager/bin'
[1.093s] Level 1:colcon.colcon_core.environment:checking '/home/starry1n/WUTA/WUTA-FSD/ros2_ws/install/localization_manager/lib/pkgconfig/localization_manager.pc'
[1.094s] Level 1:colcon.colcon_core.environment:checking '/home/starry1n/WUTA/WUTA-FSD/ros2_ws/install/localization_manager/lib/python3.10/site-packages'
[1.094s] Level 1:colcon.colcon_core.environment:checking '/home/starry1n/WUTA/WUTA-FSD/ros2_ws/install/localization_manager/bin'
[1.094s] INFO:colcon.colcon_core.shell:Creating package script '/home/starry1n/WUTA/WUTA-FSD/ros2_ws/install/localization_manager/share/localization_manager/package.ps1'
[1.095s] INFO:colcon.colcon_core.shell:Creating package descriptor '/home/starry1n/WUTA/WUTA-FSD/ros2_ws/install/localization_manager/share/localization_manager/package.dsv'
[1.095s] INFO:colcon.colcon_core.shell:Creating package script '/home/starry1n/WUTA/WUTA-FSD/ros2_ws/install/localization_manager/share/localization_manager/package.sh'
[1.096s] INFO:colcon.colcon_core.shell:Creating package script '/home/starry1n/WUTA/WUTA-FSD/ros2_ws/install/localization_manager/share/localization_manager/package.bash'
[1.096s] INFO:colcon.colcon_core.shell:Creating package script '/home/starry1n/WUTA/WUTA-FSD/ros2_ws/install/localization_manager/share/localization_manager/package.zsh'
[1.097s] Level 1:colcon.colcon_core.environment:create_file_with_runtime_dependencies(/home/starry1n/WUTA/WUTA-FSD/ros2_ws/install/localization_manager/share/colcon-core/packages/localization_manager)
[1.098s] Level 1:colcon.colcon_core.environment:create_environment_scripts_only(localization_manager)
[1.098s] Level 1:colcon.colcon_core.environment:checking '/home/starry1n/WUTA/WUTA-FSD/ros2_ws/install/localization_manager' for CMake module files
[1.098s] Level 1:colcon.colcon_core.environment:checking '/home/starry1n/WUTA/WUTA-FSD/ros2_ws/install/localization_manager' for CMake config files
[1.099s] Level 1:colcon.colcon_core.shell:create_environment_hook('localization_manager', 'cmake_prefix_path')
[1.099s] INFO:colcon.colcon_core.shell:Creating environment hook '/home/starry1n/WUTA/WUTA-FSD/ros2_ws/install/localization_manager/share/localization_manager/hook/cmake_prefix_path.ps1'
[1.099s] INFO:colcon.colcon_core.shell:Creating environment descriptor '/home/starry1n/WUTA/WUTA-FSD/ros2_ws/install/localization_manager/share/localization_manager/hook/cmake_prefix_path.dsv'
[1.100s] INFO:colcon.colcon_core.shell:Creating environment hook '/home/starry1n/WUTA/WUTA-FSD/ros2_ws/install/localization_manager/share/localization_manager/hook/cmake_prefix_path.sh'
[1.100s] Level 1:colcon.colcon_core.environment:checking '/home/starry1n/WUTA/WUTA-FSD/ros2_ws/install/localization_manager/lib'
[1.101s] Level 1:colcon.colcon_core.environment:checking '/home/starry1n/WUTA/WUTA-FSD/ros2_ws/install/localization_manager/bin'
[1.101s] Level 1:colcon.colcon_core.environment:checking '/home/starry1n/WUTA/WUTA-FSD/ros2_ws/install/localization_manager/lib/pkgconfig/localization_manager.pc'
[1.101s] Level 1:colcon.colcon_core.environment:checking '/home/starry1n/WUTA/WUTA-FSD/ros2_ws/install/localization_manager/lib/python3.10/site-packages'
[1.102s] Level 1:colcon.colcon_core.environment:checking '/home/starry1n/WUTA/WUTA-FSD/ros2_ws/install/localization_manager/bin'
[1.102s] INFO:colcon.colcon_core.shell:Creating package script '/home/starry1n/WUTA/WUTA-FSD/ros2_ws/install/localization_manager/share/localization_manager/package.ps1'
[1.103s] INFO:colcon.colcon_core.shell:Creating package descriptor '/home/starry1n/WUTA/WUTA-FSD/ros2_ws/install/localization_manager/share/localization_manager/package.dsv'
[1.103s] INFO:colcon.colcon_core.shell:Creating package script '/home/starry1n/WUTA/WUTA-FSD/ros2_ws/install/localization_manager/share/localization_manager/package.sh'
[1.104s] INFO:colcon.colcon_core.shell:Creating package script '/home/starry1n/WUTA/WUTA-FSD/ros2_ws/install/localization_manager/share/localization_manager/package.bash'
[1.104s] INFO:colcon.colcon_core.shell:Creating package script '/home/starry1n/WUTA/WUTA-FSD/ros2_ws/install/localization_manager/share/localization_manager/package.zsh'
[1.104s] Level 1:colcon.colcon_core.environment:create_file_with_runtime_dependencies(/home/starry1n/WUTA/WUTA-FSD/ros2_ws/install/localization_manager/share/colcon-core/packages/localization_manager)
[1.105s] Level 1:colcon.colcon_core.environment:create_environment_scripts_only(controller)
[1.105s] Level 1:colcon.colcon_core.environment:checking '/home/starry1n/WUTA/WUTA-FSD/ros2_ws/install/controller' for CMake module files
[1.106s] DEBUG:colcon.colcon_core.event_handler.log_command:Invoked command in '/home/starry1n/WUTA/WUTA-FSD/ros2_ws/build/controller' returned '0': AMENT_PREFIX_PATH=/home/starry1n/WUTA/WUTA-FSD/ros2_ws/install/wuta_msgs:/home/starry1n/WUTA/WUTA-FSD/ros2_ws/install/autoware_msgs:${AMENT_PREFIX_PATH} CMAKE_PREFIX_PATH=/home/starry1n/WUTA/WUTA-FSD/ros2_ws/install/wuta_msgs:/home/starry1n/WUTA/WUTA-FSD/ros2_ws/install/autoware_msgs:/opt/ros/humble LD_LIBRARY_PATH=/home/starry1n/WUTA/WUTA-FSD/ros2_ws/install/wuta_msgs/lib:/home/starry1n/WUTA/WUTA-FSD/ros2_ws/install/autoware_msgs/lib:${LD_LIBRARY_PATH} PYTHONPATH=/home/starry1n/WUTA/WUTA-FSD/ros2_ws/install/wuta_msgs/local/lib/python3.10/dist-packages:/home/starry1n/WUTA/WUTA-FSD/ros2_ws/install/autoware_msgs/local/lib/python3.10/dist-packages:${PYTHONPATH} /usr/bin/cmake --install /home/starry1n/WUTA/WUTA-FSD/ros2_ws/build/controller
[1.106s] Level 1:colcon.colcon_core.environment:checking '/home/starry1n/WUTA/WUTA-FSD/ros2_ws/install/controller' for CMake config files
[1.106s] Level 1:colcon.colcon_core.shell:create_environment_hook('controller', 'cmake_prefix_path')
[1.106s] INFO:colcon.colcon_core.shell:Creating environment hook '/home/starry1n/WUTA/WUTA-FSD/ros2_ws/install/controller/share/controller/hook/cmake_prefix_path.ps1'
[1.107s] INFO:colcon.colcon_core.shell:Creating environment descriptor '/home/starry1n/WUTA/WUTA-FSD/ros2_ws/install/controller/share/controller/hook/cmake_prefix_path.dsv'
[1.107s] INFO:colcon.colcon_core.shell:Creating environment hook '/home/starry1n/WUTA/WUTA-FSD/ros2_ws/install/controller/share/controller/hook/cmake_prefix_path.sh'
[1.108s] Level 1:colcon.colcon_core.environment:checking '/home/starry1n/WUTA/WUTA-FSD/ros2_ws/install/controller/lib'
[1.108s] Level 1:colcon.colcon_core.environment:checking '/home/starry1n/WUTA/WUTA-FSD/ros2_ws/install/controller/bin'
[1.108s] Level 1:colcon.colcon_core.environment:checking '/home/starry1n/WUTA/WUTA-FSD/ros2_ws/install/controller/lib/pkgconfig/controller.pc'
[1.108s] Level 1:colcon.colcon_core.environment:checking '/home/starry1n/WUTA/WUTA-FSD/ros2_ws/install/controller/lib/python3.10/site-packages'
[1.108s] Level 1:colcon.colcon_core.environment:checking '/home/starry1n/WUTA/WUTA-FSD/ros2_ws/install/controller/bin'
[1.108s] INFO:colcon.colcon_core.shell:Creating package script '/home/starry1n/WUTA/WUTA-FSD/ros2_ws/install/controller/share/controller/package.ps1'
[1.109s] INFO:colcon.colcon_core.shell:Creating package descriptor '/home/starry1n/WUTA/WUTA-FSD/ros2_ws/install/controller/share/controller/package.dsv'
[1.109s] INFO:colcon.colcon_core.shell:Creating package script '/home/starry1n/WUTA/WUTA-FSD/ros2_ws/install/controller/share/controller/package.sh'
[1.110s] INFO:colcon.colcon_core.shell:Creating package script '/home/starry1n/WUTA/WUTA-FSD/ros2_ws/install/controller/share/controller/package.bash'
[1.110s] INFO:colcon.colcon_core.shell:Creating package script '/home/starry1n/WUTA/WUTA-FSD/ros2_ws/install/controller/share/controller/package.zsh'
[1.110s] Level 1:colcon.colcon_core.environment:create_file_with_runtime_dependencies(/home/starry1n/WUTA/WUTA-FSD/ros2_ws/install/controller/share/colcon-core/packages/controller)
[1.111s] Level 1:colcon.colcon_core.environment:create_environment_scripts_only(controller)
[1.111s] Level 1:colcon.colcon_core.environment:checking '/home/starry1n/WUTA/WUTA-FSD/ros2_ws/install/controller' for CMake module files
[1.111s] Level 1:colcon.colcon_core.environment:checking '/home/starry1n/WUTA/WUTA-FSD/ros2_ws/install/controller' for CMake config files
[1.111s] Level 1:colcon.colcon_core.shell:create_environment_hook('controller', 'cmake_prefix_path')
[1.111s] INFO:colcon.colcon_core.shell:Creating environment hook '/home/starry1n/WUTA/WUTA-FSD/ros2_ws/install/controller/share/controller/hook/cmake_prefix_path.ps1'
[1.112s] INFO:colcon.colcon_core.shell:Creating environment descriptor '/home/starry1n/WUTA/WUTA-FSD/ros2_ws/install/controller/share/controller/hook/cmake_prefix_path.dsv'
[1.112s] INFO:colcon.colcon_core.shell:Creating environment hook '/home/starry1n/WUTA/WUTA-FSD/ros2_ws/install/controller/share/controller/hook/cmake_prefix_path.sh'
[1.112s] Level 1:colcon.colcon_core.environment:checking '/home/starry1n/WUTA/WUTA-FSD/ros2_ws/install/controller/lib'
[1.112s] Level 1:colcon.colcon_core.environment:checking '/home/starry1n/WUTA/WUTA-FSD/ros2_ws/install/controller/bin'
[1.113s] Level 1:colcon.colcon_core.environment:checking '/home/starry1n/WUTA/WUTA-FSD/ros2_ws/install/controller/lib/pkgconfig/controller.pc'
[1.113s] Level 1:colcon.colcon_core.environment:checking '/home/starry1n/WUTA/WUTA-FSD/ros2_ws/install/controller/lib/python3.10/site-packages'
[1.113s] Level 1:colcon.colcon_core.environment:checking '/home/starry1n/WUTA/WUTA-FSD/ros2_ws/install/controller/bin'
[1.113s] INFO:colcon.colcon_core.shell:Creating package script '/home/starry1n/WUTA/WUTA-FSD/ros2_ws/install/controller/share/controller/package.ps1'
[1.113s] INFO:colcon.colcon_core.shell:Creating package descriptor '/home/starry1n/WUTA/WUTA-FSD/ros2_ws/install/controller/share/controller/package.dsv'
[1.114s] INFO:colcon.colcon_core.shell:Creating package script '/home/starry1n/WUTA/WUTA-FSD/ros2_ws/install/controller/share/controller/package.sh'
[1.114s] INFO:colcon.colcon_core.shell:Creating package script '/home/starry1n/WUTA/WUTA-FSD/ros2_ws/install/controller/share/controller/package.bash'
[1.114s] INFO:colcon.colcon_core.shell:Creating package script '/home/starry1n/WUTA/WUTA-FSD/ros2_ws/install/controller/share/controller/package.zsh'
[1.114s] Level 1:colcon.colcon_core.environment:create_file_with_runtime_dependencies(/home/starry1n/WUTA/WUTA-FSD/ros2_ws/install/controller/share/colcon-core/packages/controller)
[1.115s] Level 1:colcon.colcon_core.environment:create_environment_scripts_only(wuta_tools)
[1.115s] Level 1:colcon.colcon_core.environment:checking '/home/starry1n/WUTA/WUTA-FSD/ros2_ws/install/wuta_tools' for CMake module files
[1.117s] DEBUG:colcon.colcon_core.event_handler.log_command:Invoked command in '/home/starry1n/WUTA/WUTA-FSD/ros2_ws/build/wuta_tools' returned '0': AMENT_PREFIX_PATH=/home/starry1n/WUTA/WUTA-FSD/ros2_ws/install/wuta_msgs:${AMENT_PREFIX_PATH} CMAKE_PREFIX_PATH=/home/starry1n/WUTA/WUTA-FSD/ros2_ws/install/wuta_msgs:/opt/ros/humble LD_LIBRARY_PATH=/home/starry1n/WUTA/WUTA-FSD/ros2_ws/install/wuta_msgs/lib:${LD_LIBRARY_PATH} PYTHONPATH=/home/starry1n/WUTA/WUTA-FSD/ros2_ws/install/wuta_msgs/local/lib/python3.10/dist-packages:${PYTHONPATH} /usr/bin/cmake --install /home/starry1n/WUTA/WUTA-FSD/ros2_ws/build/wuta_tools
[1.117s] Level 1:colcon.colcon_core.environment:checking '/home/starry1n/WUTA/WUTA-FSD/ros2_ws/install/wuta_tools' for CMake config files
[1.118s] Level 1:colcon.colcon_core.shell:create_environment_hook('wuta_tools', 'cmake_prefix_path')
[1.118s] INFO:colcon.colcon_core.shell:Creating environment hook '/home/starry1n/WUTA/WUTA-FSD/ros2_ws/install/wuta_tools/share/wuta_tools/hook/cmake_prefix_path.ps1'
[1.118s] INFO:colcon.colcon_core.shell:Creating environment descriptor '/home/starry1n/WUTA/WUTA-FSD/ros2_ws/install/wuta_tools/share/wuta_tools/hook/cmake_prefix_path.dsv'
[1.119s] INFO:colcon.colcon_core.shell:Creating environment hook '/home/starry1n/WUTA/WUTA-FSD/ros2_ws/install/wuta_tools/share/wuta_tools/hook/cmake_prefix_path.sh'
[1.119s] Level 1:colcon.colcon_core.environment:checking '/home/starry1n/WUTA/WUTA-FSD/ros2_ws/install/wuta_tools/bin'
[1.119s] Level 1:colcon.colcon_core.environment:checking '/home/starry1n/WUTA/WUTA-FSD/ros2_ws/install/wuta_tools/lib/pkgconfig/wuta_tools.pc'
[1.119s] Level 1:colcon.colcon_core.environment:checking '/home/starry1n/WUTA/WUTA-FSD/ros2_ws/install/wuta_tools/lib/python3.10/site-packages'
[1.119s] Level 1:colcon.colcon_core.environment:checking '/home/starry1n/WUTA/WUTA-FSD/ros2_ws/install/wuta_tools/bin'
[1.120s] INFO:colcon.colcon_core.shell:Creating package script '/home/starry1n/WUTA/WUTA-FSD/ros2_ws/install/wuta_tools/share/wuta_tools/package.ps1'
[1.120s] INFO:colcon.colcon_core.shell:Creating package descriptor '/home/starry1n/WUTA/WUTA-FSD/ros2_ws/install/wuta_tools/share/wuta_tools/package.dsv'
[1.120s] INFO:colcon.colcon_core.shell:Creating package script '/home/starry1n/WUTA/WUTA-FSD/ros2_ws/install/wuta_tools/share/wuta_tools/package.sh'
[1.121s] INFO:colcon.colcon_core.shell:Creating package script '/home/starry1n/WUTA/WUTA-FSD/ros2_ws/install/wuta_tools/share/wuta_tools/package.bash'
[1.121s] INFO:colcon.colcon_core.shell:Creating package script '/home/starry1n/WUTA/WUTA-FSD/ros2_ws/install/wuta_tools/share/wuta_tools/package.zsh'
[1.121s] Level 1:colcon.colcon_core.environment:create_file_with_runtime_dependencies(/home/starry1n/WUTA/WUTA-FSD/ros2_ws/install/wuta_tools/share/colcon-core/packages/wuta_tools)
[1.122s] Level 1:colcon.colcon_core.environment:create_environment_scripts_only(wuta_tools)
[1.122s] Level 1:colcon.colcon_core.environment:checking '/home/starry1n/WUTA/WUTA-FSD/ros2_ws/install/wuta_tools' for CMake module files
[1.122s] Level 1:colcon.colcon_core.environment:checking '/home/starry1n/WUTA/WUTA-FSD/ros2_ws/install/wuta_tools' for CMake config files
[1.122s] Level 1:colcon.colcon_core.shell:create_environment_hook('wuta_tools', 'cmake_prefix_path')
[1.123s] INFO:colcon.colcon_core.shell:Creating environment hook '/home/starry1n/WUTA/WUTA-FSD/ros2_ws/install/wuta_tools/share/wuta_tools/hook/cmake_prefix_path.ps1'
[1.123s] INFO:colcon.colcon_core.shell:Creating environment descriptor '/home/starry1n/WUTA/WUTA-FSD/ros2_ws/install/wuta_tools/share/wuta_tools/hook/cmake_prefix_path.dsv'
[1.123s] INFO:colcon.colcon_core.shell:Creating environment hook '/home/starry1n/WUTA/WUTA-FSD/ros2_ws/install/wuta_tools/share/wuta_tools/hook/cmake_prefix_path.sh'
[1.124s] Level 1:colcon.colcon_core.environment:checking '/home/starry1n/WUTA/WUTA-FSD/ros2_ws/install/wuta_tools/bin'
[1.124s] Level 1:colcon.colcon_core.environment:checking '/home/starry1n/WUTA/WUTA-FSD/ros2_ws/install/wuta_tools/lib/pkgconfig/wuta_tools.pc'
[1.124s] Level 1:colcon.colcon_core.environment:checking '/home/starry1n/WUTA/WUTA-FSD/ros2_ws/install/wuta_tools/lib/python3.10/site-packages'
[1.124s] Level 1:colcon.colcon_core.environment:checking '/home/starry1n/WUTA/WUTA-FSD/ros2_ws/install/wuta_tools/bin'
[1.124s] INFO:colcon.colcon_core.shell:Creating package script '/home/starry1n/WUTA/WUTA-FSD/ros2_ws/install/wuta_tools/share/wuta_tools/package.ps1'
[1.125s] INFO:colcon.colcon_core.shell:Creating package descriptor '/home/starry1n/WUTA/WUTA-FSD/ros2_ws/install/wuta_tools/share/wuta_tools/package.dsv'
[1.125s] INFO:colcon.colcon_core.shell:Creating package script '/home/starry1n/WUTA/WUTA-FSD/ros2_ws/install/wuta_tools/share/wuta_tools/package.sh'
[1.125s] INFO:colcon.colcon_core.shell:Creating package script '/home/starry1n/WUTA/WUTA-FSD/ros2_ws/install/wuta_tools/share/wuta_tools/package.bash'
[1.126s] INFO:colcon.colcon_core.shell:Creating package script '/home/starry1n/WUTA/WUTA-FSD/ros2_ws/install/wuta_tools/share/wuta_tools/package.zsh'
[1.126s] Level 1:colcon.colcon_core.environment:create_file_with_runtime_dependencies(/home/starry1n/WUTA/WUTA-FSD/ros2_ws/install/wuta_tools/share/colcon-core/packages/wuta_tools)
[1.127s] Level 1:colcon.colcon_core.environment:create_environment_scripts_only(ndt_localization)
[1.128s] Level 1:colcon.colcon_core.environment:checking '/home/starry1n/WUTA/WUTA-FSD/ros2_ws/install/ndt_localization' for CMake module files
[1.128s] DEBUG:colcon.colcon_core.event_handler.log_command:Invoked command in '/home/starry1n/WUTA/WUTA-FSD/ros2_ws/build/ndt_localization' returned '0': AMENT_PREFIX_PATH=/home/starry1n/WUTA/WUTA-FSD/ros2_ws/install/wuta_msgs:${AMENT_PREFIX_PATH} CMAKE_PREFIX_PATH=/home/starry1n/WUTA/WUTA-FSD/ros2_ws/install/wuta_msgs:/opt/ros/humble LD_LIBRARY_PATH=/home/starry1n/WUTA/WUTA-FSD/ros2_ws/install/wuta_msgs/lib:${LD_LIBRARY_PATH} PYTHONPATH=/home/starry1n/WUTA/WUTA-FSD/ros2_ws/install/wuta_msgs/local/lib/python3.10/dist-packages:${PYTHONPATH} /usr/bin/cmake --install /home/starry1n/WUTA/WUTA-FSD/ros2_ws/build/ndt_localization
[1.128s] Level 1:colcon.colcon_core.environment:checking '/home/starry1n/WUTA/WUTA-FSD/ros2_ws/install/ndt_localization' for CMake config files
[1.128s] Level 1:colcon.colcon_core.shell:create_environment_hook('ndt_localization', 'cmake_prefix_path')
[1.128s] INFO:colcon.colcon_core.shell:Creating environment hook '/home/starry1n/WUTA/WUTA-FSD/ros2_ws/install/ndt_localization/share/ndt_localization/hook/cmake_prefix_path.ps1'
[1.129s] INFO:colcon.colcon_core.shell:Creating environment descriptor '/home/starry1n/WUTA/WUTA-FSD/ros2_ws/install/ndt_localization/share/ndt_localization/hook/cmake_prefix_path.dsv'
[1.129s] INFO:colcon.colcon_core.shell:Creating environment hook '/home/starry1n/WUTA/WUTA-FSD/ros2_ws/install/ndt_localization/share/ndt_localization/hook/cmake_prefix_path.sh'
[1.129s] Level 1:colcon.colcon_core.environment:checking '/home/starry1n/WUTA/WUTA-FSD/ros2_ws/install/ndt_localization/lib'
[1.129s] Level 1:colcon.colcon_core.environment:checking '/home/starry1n/WUTA/WUTA-FSD/ros2_ws/install/ndt_localization/bin'
[1.129s] Level 1:colcon.colcon_core.environment:checking '/home/starry1n/WUTA/WUTA-FSD/ros2_ws/install/ndt_localization/lib/pkgconfig/ndt_localization.pc'
[1.130s] Level 1:colcon.colcon_core.environment:checking '/home/starry1n/WUTA/WUTA-FSD/ros2_ws/install/ndt_localization/lib/python3.10/site-packages'
[1.130s] Level 1:colcon.colcon_core.environment:checking '/home/starry1n/WUTA/WUTA-FSD/ros2_ws/install/ndt_localization/bin'
[1.130s] INFO:colcon.colcon_core.shell:Creating package script '/home/starry1n/WUTA/WUTA-FSD/ros2_ws/install/ndt_localization/share/ndt_localization/package.ps1'
[1.130s] INFO:colcon.colcon_core.shell:Creating package descriptor '/home/starry1n/WUTA/WUTA-FSD/ros2_ws/install/ndt_localization/share/ndt_localization/package.dsv'
[1.131s] INFO:colcon.colcon_core.shell:Creating package script '/home/starry1n/WUTA/WUTA-FSD/ros2_ws/install/ndt_localization/share/ndt_localization/package.sh'
[1.131s] INFO:colcon.colcon_core.shell:Creating package script '/home/starry1n/WUTA/WUTA-FSD/ros2_ws/install/ndt_localization/share/ndt_localization/package.bash'
[1.131s] INFO:colcon.colcon_core.shell:Creating package script '/home/starry1n/WUTA/WUTA-FSD/ros2_ws/install/ndt_localization/share/ndt_localization/package.zsh'
[1.131s] Level 1:colcon.colcon_core.environment:create_file_with_runtime_dependencies(/home/starry1n/WUTA/WUTA-FSD/ros2_ws/install/ndt_localization/share/colcon-core/packages/ndt_localization)
[1.132s] Level 1:colcon.colcon_core.environment:create_environment_scripts_only(ndt_localization)
[1.133s] Level 1:colcon.colcon_core.environment:checking '/home/starry1n/WUTA/WUTA-FSD/ros2_ws/install/ndt_localization' for CMake module files
[1.133s] Level 1:colcon.colcon_core.environment:checking '/home/starry1n/WUTA/WUTA-FSD/ros2_ws/install/ndt_localization' for CMake config files
[1.133s] Level 1:colcon.colcon_core.shell:create_environment_hook('ndt_localization', 'cmake_prefix_path')
[1.133s] INFO:colcon.colcon_core.shell:Creating environment hook '/home/starry1n/WUTA/WUTA-FSD/ros2_ws/install/ndt_localization/share/ndt_localization/hook/cmake_prefix_path.ps1'
[1.133s] INFO:colcon.colcon_core.shell:Creating environment descriptor '/home/starry1n/WUTA/WUTA-FSD/ros2_ws/install/ndt_localization/share/ndt_localization/hook/cmake_prefix_path.dsv'
[1.134s] INFO:colcon.colcon_core.shell:Creating environment hook '/home/starry1n/WUTA/WUTA-FSD/ros2_ws/install/ndt_localization/share/ndt_localization/hook/cmake_prefix_path.sh'
[1.134s] Level 1:colcon.colcon_core.environment:checking '/home/starry1n/WUTA/WUTA-FSD/ros2_ws/install/ndt_localization/lib'
[1.134s] Level 1:colcon.colcon_core.environment:checking '/home/starry1n/WUTA/WUTA-FSD/ros2_ws/install/ndt_localization/bin'
[1.134s] Level 1:colcon.colcon_core.environment:checking '/home/starry1n/WUTA/WUTA-FSD/ros2_ws/install/ndt_localization/lib/pkgconfig/ndt_localization.pc'
[1.134s] Level 1:colcon.colcon_core.environment:checking '/home/starry1n/WUTA/WUTA-FSD/ros2_ws/install/ndt_localization/lib/python3.10/site-packages'
[1.134s] Level 1:colcon.colcon_core.environment:checking '/home/starry1n/WUTA/WUTA-FSD/ros2_ws/install/ndt_localization/bin'
[1.135s] INFO:colcon.colcon_core.shell:Creating package script '/home/starry1n/WUTA/WUTA-FSD/ros2_ws/install/ndt_localization/share/ndt_localization/package.ps1'
[1.135s] INFO:colcon.colcon_core.shell:Creating package descriptor '/home/starry1n/WUTA/WUTA-FSD/ros2_ws/install/ndt_localization/share/ndt_localization/package.dsv'
[1.135s] INFO:colcon.colcon_core.shell:Creating package script '/home/starry1n/WUTA/WUTA-FSD/ros2_ws/install/ndt_localization/share/ndt_localization/package.sh'
[1.136s] INFO:colcon.colcon_core.shell:Creating package script '/home/starry1n/WUTA/WUTA-FSD/ros2_ws/install/ndt_localization/share/ndt_localization/package.bash'
[1.136s] INFO:colcon.colcon_core.shell:Creating package script '/home/starry1n/WUTA/WUTA-FSD/ros2_ws/install/ndt_localization/share/ndt_localization/package.zsh'
[1.136s] Level 1:colcon.colcon_core.environment:create_file_with_runtime_dependencies(/home/starry1n/WUTA/WUTA-FSD/ros2_ws/install/ndt_localization/share/colcon-core/packages/ndt_localization)
[1.137s] Level 1:colcon.colcon_core.environment:create_environment_scripts_only(path_generator)
[1.137s] Level 1:colcon.colcon_core.environment:checking '/home/starry1n/WUTA/WUTA-FSD/ros2_ws/install/path_generator' for CMake module files
[1.138s] DEBUG:colcon.colcon_core.event_handler.log_command:Invoked command in '/home/starry1n/WUTA/WUTA-FSD/ros2_ws/build/path_generator' returned '0': AMENT_PREFIX_PATH=/home/starry1n/WUTA/WUTA-FSD/ros2_ws/install/wuta_msgs:/home/starry1n/WUTA/WUTA-FSD/ros2_ws/install/autoware_msgs:${AMENT_PREFIX_PATH} CMAKE_PREFIX_PATH=/home/starry1n/WUTA/WUTA-FSD/ros2_ws/install/wuta_msgs:/home/starry1n/WUTA/WUTA-FSD/ros2_ws/install/autoware_msgs:/opt/ros/humble LD_LIBRARY_PATH=/home/starry1n/WUTA/WUTA-FSD/ros2_ws/install/wuta_msgs/lib:/home/starry1n/WUTA/WUTA-FSD/ros2_ws/install/autoware_msgs/lib:${LD_LIBRARY_PATH} PYTHONPATH=/home/starry1n/WUTA/WUTA-FSD/ros2_ws/install/wuta_msgs/local/lib/python3.10/dist-packages:/home/starry1n/WUTA/WUTA-FSD/ros2_ws/install/autoware_msgs/local/lib/python3.10/dist-packages:${PYTHONPATH} /usr/bin/cmake --install /home/starry1n/WUTA/WUTA-FSD/ros2_ws/build/path_generator
[1.138s] Level 1:colcon.colcon_core.environment:checking '/home/starry1n/WUTA/WUTA-FSD/ros2_ws/install/path_generator' for CMake config files
[1.139s] Level 1:colcon.colcon_core.shell:create_environment_hook('path_generator', 'cmake_prefix_path')
[1.139s] INFO:colcon.colcon_core.shell:Creating environment hook '/home/starry1n/WUTA/WUTA-FSD/ros2_ws/install/path_generator/share/path_generator/hook/cmake_prefix_path.ps1'
[1.139s] INFO:colcon.colcon_core.shell:Creating environment descriptor '/home/starry1n/WUTA/WUTA-FSD/ros2_ws/install/path_generator/share/path_generator/hook/cmake_prefix_path.dsv'
[1.139s] INFO:colcon.colcon_core.shell:Creating environment hook '/home/starry1n/WUTA/WUTA-FSD/ros2_ws/install/path_generator/share/path_generator/hook/cmake_prefix_path.sh'
[1.140s] Level 1:colcon.colcon_core.environment:checking '/home/starry1n/WUTA/WUTA-FSD/ros2_ws/install/path_generator/lib'
[1.140s] Level 1:colcon.colcon_core.environment:checking '/home/starry1n/WUTA/WUTA-FSD/ros2_ws/install/path_generator/bin'
[1.140s] Level 1:colcon.colcon_core.environment:checking '/home/starry1n/WUTA/WUTA-FSD/ros2_ws/install/path_generator/lib/pkgconfig/path_generator.pc'
[1.140s] Level 1:colcon.colcon_core.environment:checking '/home/starry1n/WUTA/WUTA-FSD/ros2_ws/install/path_generator/lib/python3.10/site-packages'
[1.140s] Level 1:colcon.colcon_core.environment:checking '/home/starry1n/WUTA/WUTA-FSD/ros2_ws/install/path_generator/bin'
[1.140s] INFO:colcon.colcon_core.shell:Creating package script '/home/starry1n/WUTA/WUTA-FSD/ros2_ws/install/path_generator/share/path_generator/package.ps1'
[1.141s] INFO:colcon.colcon_core.shell:Creating package descriptor '/home/starry1n/WUTA/WUTA-FSD/ros2_ws/install/path_generator/share/path_generator/package.dsv'
[1.141s] INFO:colcon.colcon_core.shell:Creating package script '/home/starry1n/WUTA/WUTA-FSD/ros2_ws/install/path_generator/share/path_generator/package.sh'
[1.141s] INFO:colcon.colcon_core.shell:Creating package script '/home/starry1n/WUTA/WUTA-FSD/ros2_ws/install/path_generator/share/path_generator/package.bash'
[1.142s] INFO:colcon.colcon_core.shell:Creating package script '/home/starry1n/WUTA/WUTA-FSD/ros2_ws/install/path_generator/share/path_generator/package.zsh'
[1.142s] Level 1:colcon.colcon_core.environment:create_file_with_runtime_dependencies(/home/starry1n/WUTA/WUTA-FSD/ros2_ws/install/path_generator/share/colcon-core/packages/path_generator)
[1.142s] Level 1:colcon.colcon_core.environment:create_environment_scripts_only(path_generator)
[1.143s] Level 1:colcon.colcon_core.environment:checking '/home/starry1n/WUTA/WUTA-FSD/ros2_ws/install/path_generator' for CMake module files
[1.143s] Level 1:colcon.colcon_core.environment:checking '/home/starry1n/WUTA/WUTA-FSD/ros2_ws/install/path_generator' for CMake config files
[1.143s] Level 1:colcon.colcon_core.shell:create_environment_hook('path_generator', 'cmake_prefix_path')
[1.143s] INFO:colcon.colcon_core.shell:Creating environment hook '/home/starry1n/WUTA/WUTA-FSD/ros2_ws/install/path_generator/share/path_generator/hook/cmake_prefix_path.ps1'
[1.143s] INFO:colcon.colcon_core.shell:Creating environment descriptor '/home/starry1n/WUTA/WUTA-FSD/ros2_ws/install/path_generator/share/path_generator/hook/cmake_prefix_path.dsv'
[1.144s] INFO:colcon.colcon_core.shell:Creating environment hook '/home/starry1n/WUTA/WUTA-FSD/ros2_ws/install/path_generator/share/path_generator/hook/cmake_prefix_path.sh'
[1.144s] Level 1:colcon.colcon_core.environment:checking '/home/starry1n/WUTA/WUTA-FSD/ros2_ws/install/path_generator/lib'
[1.144s] Level 1:colcon.colcon_core.environment:checking '/home/starry1n/WUTA/WUTA-FSD/ros2_ws/install/path_generator/bin'
[1.144s] Level 1:colcon.colcon_core.environment:checking '/home/starry1n/WUTA/WUTA-FSD/ros2_ws/install/path_generator/lib/pkgconfig/path_generator.pc'
[1.144s] Level 1:colcon.colcon_core.environment:checking '/home/starry1n/WUTA/WUTA-FSD/ros2_ws/install/path_generator/lib/python3.10/site-packages'
[1.144s] Level 1:colcon.colcon_core.environment:checking '/home/starry1n/WUTA/WUTA-FSD/ros2_ws/install/path_generator/bin'
[1.145s] INFO:colcon.colcon_core.shell:Creating package script '/home/starry1n/WUTA/WUTA-FSD/ros2_ws/install/path_generator/share/path_generator/package.ps1'
[1.145s] INFO:colcon.colcon_core.shell:Creating package descriptor '/home/starry1n/WUTA/WUTA-FSD/ros2_ws/install/path_generator/share/path_generator/package.dsv'
[1.145s] INFO:colcon.colcon_core.shell:Creating package script '/home/starry1n/WUTA/WUTA-FSD/ros2_ws/install/path_generator/share/path_generator/package.sh'
[1.146s] INFO:colcon.colcon_core.shell:Creating package script '/home/starry1n/WUTA/WUTA-FSD/ros2_ws/install/path_generator/share/path_generator/package.bash'
[1.146s] INFO:colcon.colcon_core.shell:Creating package script '/home/starry1n/WUTA/WUTA-FSD/ros2_ws/install/path_generator/share/path_generator/package.zsh'
[1.146s] Level 1:colcon.colcon_core.environment:create_file_with_runtime_dependencies(/home/starry1n/WUTA/WUTA-FSD/ros2_ws/install/path_generator/share/colcon-core/packages/path_generator)
[1.147s] DEBUG:colcon.colcon_parallel_executor.executor.parallel:closing loop
[1.147s] DEBUG:colcon.colcon_parallel_executor.executor.parallel:loop closed
[1.147s] DEBUG:colcon.colcon_parallel_executor.executor.parallel:run_until_complete finished with '0'
[1.147s] DEBUG:colcon.colcon_core.event_reactor:joining thread
[1.152s] INFO:colcon.colcon_core.plugin_system:Skipping extension 'colcon_notification.desktop_notification.terminal_notifier': Not used on non-Darwin systems
[1.152s] INFO:colcon.colcon_core.plugin_system:Skipping extension 'colcon_notification.desktop_notification.win32': Not used on non-Windows systems
[1.152s] INFO:colcon.colcon_notification.desktop_notification:Sending desktop notification using 'notify2'
[1.162s] DEBUG:colcon.colcon_core.event_reactor:joined thread
[1.162s] INFO:colcon.colcon_core.shell:Creating prefix script '/home/starry1n/WUTA/WUTA-FSD/ros2_ws/install/local_setup.ps1'
[1.163s] INFO:colcon.colcon_core.shell:Creating prefix util module '/home/starry1n/WUTA/WUTA-FSD/ros2_ws/install/_local_setup_util_ps1.py'
[1.163s] INFO:colcon.colcon_core.shell:Creating prefix chain script '/home/starry1n/WUTA/WUTA-FSD/ros2_ws/install/setup.ps1'
[1.164s] INFO:colcon.colcon_core.shell:Creating prefix script '/home/starry1n/WUTA/WUTA-FSD/ros2_ws/install/local_setup.sh'
[1.164s] INFO:colcon.colcon_core.shell:Creating prefix util module '/home/starry1n/WUTA/WUTA-FSD/ros2_ws/install/_local_setup_util_sh.py'
[1.165s] INFO:colcon.colcon_core.shell:Creating prefix chain script '/home/starry1n/WUTA/WUTA-FSD/ros2_ws/install/setup.sh'
[1.165s] INFO:colcon.colcon_core.shell:Creating prefix script '/home/starry1n/WUTA/WUTA-FSD/ros2_ws/install/local_setup.bash'
[1.166s] INFO:colcon.colcon_core.shell:Creating prefix chain script '/home/starry1n/WUTA/WUTA-FSD/ros2_ws/install/setup.bash'
[1.166s] INFO:colcon.colcon_core.shell:Creating prefix script '/home/starry1n/WUTA/WUTA-FSD/ros2_ws/install/local_setup.zsh'
[1.166s] INFO:colcon.colcon_core.shell:Creating prefix chain script '/home/starry1n/WUTA/WUTA-FSD/ros2_ws/install/setup.zsh'
