[0.000000] (-) TimerEvent: {}
[0.000291] (autoware_msgs) JobQueued: {'identifier': 'autoware_msgs', 'dependencies': OrderedDict()}
[0.000319] (kiss_icp) JobQueued: {'identifier': 'kiss_icp', 'dependencies': OrderedDict()}
[0.000332] (robot_localization) JobQueued: {'identifier': 'robot_localization', 'dependencies': OrderedDict()}
[0.000880] (wuta_msgs) JobQueued: {'identifier': 'wuta_msgs', 'dependencies': OrderedDict()}
[0.000937] (boundary_detector) JobQueued: {'identifier': 'boundary_detector', 'dependencies': OrderedDict([('autoware_msgs', '/home/starry1n/WUTA/WUTA-FSD/ros2_ws/install/autoware_msgs'), ('wuta_msgs', '/home/starry1n/WUTA/WUTA-FSD/ros2_ws/install/wuta_msgs')])}
[0.000965] (camera_detection) JobQueued: {'identifier': 'camera_detection', 'dependencies': OrderedDict([('wuta_msgs', '/home/starry1n/WUTA/WUTA-FSD/ros2_ws/install/wuta_msgs')])}
[0.000987] (cone_map_builder) JobQueued: {'identifier': 'cone_map_builder', 'dependencies': OrderedDict([('wuta_msgs', '/home/starry1n/WUTA/WUTA-FSD/ros2_ws/install/wuta_msgs')])}
[0.001004] (controller) JobQueued: {'identifier': 'controller', 'dependencies': OrderedDict([('autoware_msgs', '/home/starry1n/WUTA/WUTA-FSD/ros2_ws/install/autoware_msgs'), ('wuta_msgs', '/home/starry1n/WUTA/WUTA-FSD/ros2_ws/install/wuta_msgs')])}
[0.001025] (detection_fusion) JobQueued: {'identifier': 'detection_fusion', 'dependencies': OrderedDict([('wuta_msgs', '/home/starry1n/WUTA/WUTA-FSD/ros2_ws/install/wuta_msgs')])}
[0.001041] (kiss_icp_wrapper) JobQueued: {'identifier': 'kiss_icp_wrapper', 'dependencies': OrderedDict([('wuta_msgs', '/home/starry1n/WUTA/WUTA-FSD/ros2_ws/install/wuta_msgs')])}
[0.001057] (lidar_detection) JobQueued: {'identifier': 'lidar_detection', 'dependencies': OrderedDict([('wuta_msgs', '/home/starry1n/WUTA/WUTA-FSD/ros2_ws/install/wuta_msgs')])}
[0.001076] (localization_manager) JobQueued: {'identifier': 'localization_manager', 'dependencies': OrderedDict([('kiss_icp', '/home/starry1n/WUTA/WUTA-FSD/ros2_ws/install/kiss_icp'), ('robot_localization', '/home/starry1n/WUTA/WUTA-FSD/ros2_ws/install/robot_localization'), ('wuta_msgs', '/home/starry1n/WUTA/WUTA-FSD/ros2_ws/install/wuta_msgs')])}
[0.001095] (mission_manager) JobQueued: {'identifier': 'mission_manager', 'dependencies': OrderedDict([('wuta_msgs', '/home/starry1n/WUTA/WUTA-FSD/ros2_ws/install/wuta_msgs')])}
[0.001117] (ndt_localization) JobQueued: {'identifier': 'ndt_localization', 'dependencies': OrderedDict([('wuta_msgs', '/home/starry1n/WUTA/WUTA-FSD/ros2_ws/install/wuta_msgs')])}
[0.001151] (path_generator) JobQueued: {'identifier': 'path_generator', 'dependencies': OrderedDict([('autoware_msgs', '/home/starry1n/WUTA/WUTA-FSD/ros2_ws/install/autoware_msgs'), ('wuta_msgs', '/home/starry1n/WUTA/WUTA-FSD/ros2_ws/install/wuta_msgs')])}
[0.001454] (wuta_tools) JobQueued: {'identifier': 'wuta_tools', 'dependencies': OrderedDict([('wuta_msgs', '/home/starry1n/WUTA/WUTA-FSD/ros2_ws/install/wuta_msgs')])}
[0.001490] (wuta_msgs) JobStarted: {'identifier': 'wuta_msgs'}
[0.006646] (autoware_msgs) JobStarted: {'identifier': 'autoware_msgs'}
[0.010306] (kiss_icp) JobStarted: {'identifier': 'kiss_icp'}
[0.014428] (robot_localization) JobStarted: {'identifier': 'robot_localization'}
[0.018177] (wuta_msgs) JobProgress: {'identifier': 'wuta_msgs', 'progress': 'cmake'}
[0.018619] (wuta_msgs) JobProgress: {'identifier': 'wuta_msgs', 'progress': 'build'}
[0.019139] (wuta_msgs) Command: {'cmd': ['/usr/bin/cmake', '--build', '/home/starry1n/WUTA/WUTA-FSD/ros2_ws/build/wuta_msgs', '--', '-j8', '-l8'], 'cwd': '/home/starry1n/WUTA/WUTA-FSD/ros2_ws/build/wuta_msgs', 'env': OrderedDict([('LESSOPEN', '| /usr/bin/lesspipe %s'), ('LANGUAGE', 'zh_CN:zh'), ('USER', 'starry1n'), ('XDG_SESSION_TYPE', 'wayland'), ('SHLVL', '3'), ('LD_LIBRARY_PATH', '/opt/ros/humble/opt/rviz_ogre_vendor/lib:/opt/ros/humble/lib/x86_64-linux-gnu:/opt/ros/humble/lib'), ('HOME', '/home/starry1n'), ('OLDPWD', '/home/starry1n/WUTA/WUTA-FSD'), ('DESKTOP_SESSION', 'ubuntu'), ('ROS_PYTHON_VERSION', '3'), ('GNOME_SHELL_SESSION_MODE', 'ubuntu'), ('GTK_MODULES', 'gail:atk-bridge'), ('DBUS_STARTER_BUS_TYPE', 'session'), ('SYSTEMD_EXEC_PID', '2321'), ('DBUS_SESSION_BUS_ADDRESS', 'unix:path=/run/user/1000/bus,guid=c67e2489f73595b365ff0ae46a50c8ee'), ('COLORTERM', 'truecolor'), ('IM_CONFIG_PHASE', '1'), ('WAYLAND_DISPLAY', 'wayland-0'), ('ROS_DISTRO', 'humble'), ('LOGNAME', 'starry1n'), ('_', '/usr/bin/colcon'), ('ROS_VERSION', '2'), ('XDG_SESSION_CLASS', 'user'), ('USERNAME', 'starry1n'), ('TERM', 'xterm-256color'), ('GNOME_DESKTOP_SESSION_ID', 'this-is-deprecated'), ('ROS_LOCALHOST_ONLY', '0'), ('PATH', '/home/starry1n/.local/bin:/opt/ros/humble/bin:/home/starry1n/.local/bin:/usr/local/sbin:/usr/local/bin:/usr/sbin:/usr/bin:/sbin:/bin:/usr/games:/usr/local/games:/snap/bin:/snap/bin'), ('SESSION_MANAGER', 'local/starry1n-virtual-machine:@/tmp/.ICE-unix/2321,unix/starry1n-virtual-machine:/tmp/.ICE-unix/2321'), ('XDG_MENU_PREFIX', 'gnome-'), ('GNOME_TERMINAL_SCREEN', '/org/gnome/Terminal/screen/1f3eb7e9_2641_49ca_8c99_b72e9fb24486'), ('GNOME_SETUP_DISPLAY', ':1'), ('XDG_RUNTIME_DIR', '/run/user/1000'), ('DISPLAY', ':0'), ('LANG', 'zh_CN.UTF-8'), ('XDG_CURRENT_DESKTOP', 'ubuntu:GNOME'), ('XMODIFIERS', '@im=ibus'), ('XDG_SESSION_DESKTOP', 'ubuntu'), ('XAUTHORITY', '/run/user/1000/.mutter-Xwaylandauth.H6FRS3'), ('LS_COLORS', 'rs=0:di=01;34:ln=01;36:mh=00:pi=40;33:so=01;35:do=01;35:bd=40;33;01:cd=40;33;01:or=40;31;01:mi=00:su=37;41:sg=30;43:ca=30;41:tw=30;42:ow=34;42:st=37;44:ex=01;32:*.tar=01;31:*.tgz=01;31:*.arc=01;31:*.arj=01;31:*.taz=01;31:*.lha=01;31:*.lz4=01;31:*.lzh=01;31:*.lzma=01;31:*.tlz=01;31:*.txz=01;31:*.tzo=01;31:*.t7z=01;31:*.zip=01;31:*.z=01;31:*.dz=01;31:*.gz=01;31:*.lrz=01;31:*.lz=01;31:*.lzo=01;31:*.xz=01;31:*.zst=01;31:*.tzst=01;31:*.bz2=01;31:*.bz=01;31:*.tbz=01;31:*.tbz2=01;31:*.tz=01;31:*.deb=01;31:*.rpm=01;31:*.jar=01;31:*.war=01;31:*.ear=01;31:*.sar=01;31:*.rar=01;31:*.alz=01;31:*.ace=01;31:*.zoo=01;31:*.cpio=01;31:*.7z=01;31:*.rz=01;31:*.cab=01;31:*.wim=01;31:*.swm=01;31:*.dwm=01;31:*.esd=01;31:*.jpg=01;35:*.jpeg=01;35:*.mjpg=01;35:*.mjpeg=01;35:*.gif=01;35:*.bmp=01;35:*.pbm=01;35:*.pgm=01;35:*.ppm=01;35:*.tga=01;35:*.xbm=01;35:*.xpm=01;35:*.tif=01;35:*.tiff=01;35:*.png=01;35:*.svg=01;35:*.svgz=01;35:*.mng=01;35:*.pcx=01;35:*.mov=01;35:*.mpg=01;35:*.mpeg=01;35:*.m2v=01;35:*.mkv=01;35:*.webm=01;35:*.webp=01;35:*.ogm=01;35:*.mp4=01;35:*.m4v=01;35:*.mp4v=01;35:*.vob=01;35:*.qt=01;35:*.nuv=01;35:*.wmv=01;35:*.asf=01;35:*.rm=01;35:*.rmvb=01;35:*.flc=01;35:*.avi=01;35:*.fli=01;35:*.flv=01;35:*.gl=01;35:*.dl=01;35:*.xcf=01;35:*.xwd=01;35:*.yuv=01;35:*.cgm=01;35:*.emf=01;35:*.ogv=01;35:*.ogx=01;35:*.aac=00;36:*.au=00;36:*.flac=00;36:*.m4a=00;36:*.mid=00;36:*.midi=00;36:*.mka=00;36:*.mp3=00;36:*.mpc=00;36:*.ogg=00;36:*.ra=00;36:*.wav=00;36:*.oga=00;36:*.opus=00;36:*.spx=00;36:*.xspf=00;36:'), ('GNOME_TERMINAL_SERVICE', ':1.330'), ('SSH_AGENT_LAUNCHER', 'gnome-keyring'), ('SSH_AUTH_SOCK', '/run/user/1000/keyring/ssh'), ('AMENT_PREFIX_PATH', '/opt/ros/humble'), ('SHELL', '/bin/bash'), ('QT_ACCESSIBILITY', '1'), ('GDMSESSION', 'ubuntu'), ('LESSCLOSE', '/usr/bin/lesspipe %s %s'), ('QT_IM_MODULE', 'ibus'), ('PWD', '/home/starry1n/WUTA/WUTA-FSD/ros2_ws/build/wuta_msgs'), ('XDG_CONFIG_DIRS', '/etc/xdg/xdg-ubuntu:/etc/xdg'), ('DBUS_STARTER_ADDRESS', 'unix:path=/run/user/1000/bus,guid=c67e2489f73595b365ff0ae46a50c8ee'), ('XDG_DATA_DIRS', '/usr/share/ubuntu:/usr/local/share/:/usr/share/:/var/lib/snapd/desktop'), ('PYTHONPATH', '/opt/ros/humble/lib/python3.10/site-packages:/opt/ros/humble/local/lib/python3.10/dist-packages'), ('COLCON', '1'), ('VTE_VERSION', '6800'), ('CMAKE_PREFIX_PATH', '/opt/ros/humble')]), 'shell': False}
[0.022533] (autoware_msgs) JobProgress: {'identifier': 'autoware_msgs', 'progress': 'cmake'}
[0.023069] (autoware_msgs) JobProgress: {'identifier': 'autoware_msgs', 'progress': 'build'}
[0.024545] (autoware_msgs) Command: {'cmd': ['/usr/bin/cmake', '--build', '/home/starry1n/WUTA/WUTA-FSD/ros2_ws/build/autoware_msgs', '--', '-j8', '-l8'], 'cwd': '/home/starry1n/WUTA/WUTA-FSD/ros2_ws/build/autoware_msgs', 'env': OrderedDict([('LESSOPEN', '| /usr/bin/lesspipe %s'), ('LANGUAGE', 'zh_CN:zh'), ('USER', 'starry1n'), ('XDG_SESSION_TYPE', 'wayland'), ('SHLVL', '3'), ('LD_LIBRARY_PATH', '/opt/ros/humble/opt/rviz_ogre_vendor/lib:/opt/ros/humble/lib/x86_64-linux-gnu:/opt/ros/humble/lib'), ('HOME', '/home/starry1n'), ('OLDPWD', '/home/starry1n/WUTA/WUTA-FSD'), ('DESKTOP_SESSION', 'ubuntu'), ('ROS_PYTHON_VERSION', '3'), ('GNOME_SHELL_SESSION_MODE', 'ubuntu'), ('GTK_MODULES', 'gail:atk-bridge'), ('DBUS_STARTER_BUS_TYPE', 'session'), ('SYSTEMD_EXEC_PID', '2321'), ('DBUS_SESSION_BUS_ADDRESS', 'unix:path=/run/user/1000/bus,guid=c67e2489f73595b365ff0ae46a50c8ee'), ('COLORTERM', 'truecolor'), ('IM_CONFIG_PHASE', '1'), ('WAYLAND_DISPLAY', 'wayland-0'), ('ROS_DISTRO', 'humble'), ('LOGNAME', 'starry1n'), ('_', '/usr/bin/colcon'), ('ROS_VERSION', '2'), ('XDG_SESSION_CLASS', 'user'), ('USERNAME', 'starry1n'), ('TERM', 'xterm-256color'), ('GNOME_DESKTOP_SESSION_ID', 'this-is-deprecated'), ('ROS_LOCALHOST_ONLY', '0'), ('PATH', '/home/starry1n/.local/bin:/opt/ros/humble/bin:/home/starry1n/.local/bin:/usr/local/sbin:/usr/local/bin:/usr/sbin:/usr/bin:/sbin:/bin:/usr/games:/usr/local/games:/snap/bin:/snap/bin'), ('SESSION_MANAGER', 'local/starry1n-virtual-machine:@/tmp/.ICE-unix/2321,unix/starry1n-virtual-machine:/tmp/.ICE-unix/2321'), ('XDG_MENU_PREFIX', 'gnome-'), ('GNOME_TERMINAL_SCREEN', '/org/gnome/Terminal/screen/1f3eb7e9_2641_49ca_8c99_b72e9fb24486'), ('GNOME_SETUP_DISPLAY', ':1'), ('XDG_RUNTIME_DIR', '/run/user/1000'), ('DISPLAY', ':0'), ('LANG', 'zh_CN.UTF-8'), ('XDG_CURRENT_DESKTOP', 'ubuntu:GNOME'), ('XMODIFIERS', '@im=ibus'), ('XDG_SESSION_DESKTOP', 'ubuntu'), ('XAUTHORITY', '/run/user/1000/.mutter-Xwaylandauth.H6FRS3'), ('LS_COLORS', 'rs=0:di=01;34:ln=01;36:mh=00:pi=40;33:so=01;35:do=01;35:bd=40;33;01:cd=40;33;01:or=40;31;01:mi=00:su=37;41:sg=30;43:ca=30;41:tw=30;42:ow=34;42:st=37;44:ex=01;32:*.tar=01;31:*.tgz=01;31:*.arc=01;31:*.arj=01;31:*.taz=01;31:*.lha=01;31:*.lz4=01;31:*.lzh=01;31:*.lzma=01;31:*.tlz=01;31:*.txz=01;31:*.tzo=01;31:*.t7z=01;31:*.zip=01;31:*.z=01;31:*.dz=01;31:*.gz=01;31:*.lrz=01;31:*.lz=01;31:*.lzo=01;31:*.xz=01;31:*.zst=01;31:*.tzst=01;31:*.bz2=01;31:*.bz=01;31:*.tbz=01;31:*.tbz2=01;31:*.tz=01;31:*.deb=01;31:*.rpm=01;31:*.jar=01;31:*.war=01;31:*.ear=01;31:*.sar=01;31:*.rar=01;31:*.alz=01;31:*.ace=01;31:*.zoo=01;31:*.cpio=01;31:*.7z=01;31:*.rz=01;31:*.cab=01;31:*.wim=01;31:*.swm=01;31:*.dwm=01;31:*.esd=01;31:*.jpg=01;35:*.jpeg=01;35:*.mjpg=01;35:*.mjpeg=01;35:*.gif=01;35:*.bmp=01;35:*.pbm=01;35:*.pgm=01;35:*.ppm=01;35:*.tga=01;35:*.xbm=01;35:*.xpm=01;35:*.tif=01;35:*.tiff=01;35:*.png=01;35:*.svg=01;35:*.svgz=01;35:*.mng=01;35:*.pcx=01;35:*.mov=01;35:*.mpg=01;35:*.mpeg=01;35:*.m2v=01;35:*.mkv=01;35:*.webm=01;35:*.webp=01;35:*.ogm=01;35:*.mp4=01;35:*.m4v=01;35:*.mp4v=01;35:*.vob=01;35:*.qt=01;35:*.nuv=01;35:*.wmv=01;35:*.asf=01;35:*.rm=01;35:*.rmvb=01;35:*.flc=01;35:*.avi=01;35:*.fli=01;35:*.flv=01;35:*.gl=01;35:*.dl=01;35:*.xcf=01;35:*.xwd=01;35:*.yuv=01;35:*.cgm=01;35:*.emf=01;35:*.ogv=01;35:*.ogx=01;35:*.aac=00;36:*.au=00;36:*.flac=00;36:*.m4a=00;36:*.mid=00;36:*.midi=00;36:*.mka=00;36:*.mp3=00;36:*.mpc=00;36:*.ogg=00;36:*.ra=00;36:*.wav=00;36:*.oga=00;36:*.opus=00;36:*.spx=00;36:*.xspf=00;36:'), ('GNOME_TERMINAL_SERVICE', ':1.330'), ('SSH_AGENT_LAUNCHER', 'gnome-keyring'), ('SSH_AUTH_SOCK', '/run/user/1000/keyring/ssh'), ('AMENT_PREFIX_PATH', '/opt/ros/humble'), ('SHELL', '/bin/bash'), ('QT_ACCESSIBILITY', '1'), ('GDMSESSION', 'ubuntu'), ('LESSCLOSE', '/usr/bin/lesspipe %s %s'), ('QT_IM_MODULE', 'ibus'), ('PWD', '/home/starry1n/WUTA/WUTA-FSD/ros2_ws/build/autoware_msgs'), ('XDG_CONFIG_DIRS', '/etc/xdg/xdg-ubuntu:/etc/xdg'), ('DBUS_STARTER_ADDRESS', 'unix:path=/run/user/1000/bus,guid=c67e2489f73595b365ff0ae46a50c8ee'), ('XDG_DATA_DIRS', '/usr/share/ubuntu:/usr/local/share/:/usr/share/:/var/lib/snapd/desktop'), ('PYTHONPATH', '/opt/ros/humble/lib/python3.10/site-packages:/opt/ros/humble/local/lib/python3.10/dist-packages'), ('COLCON', '1'), ('VTE_VERSION', '6800'), ('CMAKE_PREFIX_PATH', '/opt/ros/humble')]), 'shell': False}
[0.026245] (kiss_icp) JobProgress: {'identifier': 'kiss_icp', 'progress': 'cmake'}
[0.027364] (kiss_icp) JobProgress: {'identifier': 'kiss_icp', 'progress': 'build'}
[0.030084] (kiss_icp) Command: {'cmd': ['/usr/bin/cmake', '--build', '/home/starry1n/WUTA/WUTA-FSD/ros2_ws/build/kiss_icp', '--', '-j8', '-l8'], 'cwd': '/home/starry1n/WUTA/WUTA-FSD/ros2_ws/build/kiss_icp', 'env': OrderedDict([('LESSOPEN', '| /usr/bin/lesspipe %s'), ('LANGUAGE', 'zh_CN:zh'), ('USER', 'starry1n'), ('XDG_SESSION_TYPE', 'wayland'), ('SHLVL', '3'), ('LD_LIBRARY_PATH', '/opt/ros/humble/opt/rviz_ogre_vendor/lib:/opt/ros/humble/lib/x86_64-linux-gnu:/opt/ros/humble/lib'), ('HOME', '/home/starry1n'), ('OLDPWD', '/home/starry1n/WUTA/WUTA-FSD'), ('DESKTOP_SESSION', 'ubuntu'), ('ROS_PYTHON_VERSION', '3'), ('GNOME_SHELL_SESSION_MODE', 'ubuntu'), ('GTK_MODULES', 'gail:atk-bridge'), ('DBUS_STARTER_BUS_TYPE', 'session'), ('SYSTEMD_EXEC_PID', '2321'), ('DBUS_SESSION_BUS_ADDRESS', 'unix:path=/run/user/1000/bus,guid=c67e2489f73595b365ff0ae46a50c8ee'), ('COLORTERM', 'truecolor'), ('IM_CONFIG_PHASE', '1'), ('WAYLAND_DISPLAY', 'wayland-0'), ('ROS_DISTRO', 'humble'), ('LOGNAME', 'starry1n'), ('_', '/usr/bin/colcon'), ('ROS_VERSION', '2'), ('XDG_SESSION_CLASS', 'user'), ('USERNAME', 'starry1n'), ('TERM', 'xterm-256color'), ('GNOME_DESKTOP_SESSION_ID', 'this-is-deprecated'), ('ROS_LOCALHOST_ONLY', '0'), ('PATH', '/home/starry1n/.local/bin:/opt/ros/humble/bin:/home/starry1n/.local/bin:/usr/local/sbin:/usr/local/bin:/usr/sbin:/usr/bin:/sbin:/bin:/usr/games:/usr/local/games:/snap/bin:/snap/bin'), ('SESSION_MANAGER', 'local/starry1n-virtual-machine:@/tmp/.ICE-unix/2321,unix/starry1n-virtual-machine:/tmp/.ICE-unix/2321'), ('XDG_MENU_PREFIX', 'gnome-'), ('GNOME_TERMINAL_SCREEN', '/org/gnome/Terminal/screen/1f3eb7e9_2641_49ca_8c99_b72e9fb24486'), ('GNOME_SETUP_DISPLAY', ':1'), ('XDG_RUNTIME_DIR', '/run/user/1000'), ('DISPLAY', ':0'), ('LANG', 'zh_CN.UTF-8'), ('XDG_CURRENT_DESKTOP', 'ubuntu:GNOME'), ('XMODIFIERS', '@im=ibus'), ('XDG_SESSION_DESKTOP', 'ubuntu'), ('XAUTHORITY', '/run/user/1000/.mutter-Xwaylandauth.H6FRS3'), ('LS_COLORS', 'rs=0:di=01;34:ln=01;36:mh=00:pi=40;33:so=01;35:do=01;35:bd=40;33;01:cd=40;33;01:or=40;31;01:mi=00:su=37;41:sg=30;43:ca=30;41:tw=30;42:ow=34;42:st=37;44:ex=01;32:*.tar=01;31:*.tgz=01;31:*.arc=01;31:*.arj=01;31:*.taz=01;31:*.lha=01;31:*.lz4=01;31:*.lzh=01;31:*.lzma=01;31:*.tlz=01;31:*.txz=01;31:*.tzo=01;31:*.t7z=01;31:*.zip=01;31:*.z=01;31:*.dz=01;31:*.gz=01;31:*.lrz=01;31:*.lz=01;31:*.lzo=01;31:*.xz=01;31:*.zst=01;31:*.tzst=01;31:*.bz2=01;31:*.bz=01;31:*.tbz=01;31:*.tbz2=01;31:*.tz=01;31:*.deb=01;31:*.rpm=01;31:*.jar=01;31:*.war=01;31:*.ear=01;31:*.sar=01;31:*.rar=01;31:*.alz=01;31:*.ace=01;31:*.zoo=01;31:*.cpio=01;31:*.7z=01;31:*.rz=01;31:*.cab=01;31:*.wim=01;31:*.swm=01;31:*.dwm=01;31:*.esd=01;31:*.jpg=01;35:*.jpeg=01;35:*.mjpg=01;35:*.mjpeg=01;35:*.gif=01;35:*.bmp=01;35:*.pbm=01;35:*.pgm=01;35:*.ppm=01;35:*.tga=01;35:*.xbm=01;35:*.xpm=01;35:*.tif=01;35:*.tiff=01;35:*.png=01;35:*.svg=01;35:*.svgz=01;35:*.mng=01;35:*.pcx=01;35:*.mov=01;35:*.mpg=01;35:*.mpeg=01;35:*.m2v=01;35:*.mkv=01;35:*.webm=01;35:*.webp=01;35:*.ogm=01;35:*.mp4=01;35:*.m4v=01;35:*.mp4v=01;35:*.vob=01;35:*.qt=01;35:*.nuv=01;35:*.wmv=01;35:*.asf=01;35:*.rm=01;35:*.rmvb=01;35:*.flc=01;35:*.avi=01;35:*.fli=01;35:*.flv=01;35:*.gl=01;35:*.dl=01;35:*.xcf=01;35:*.xwd=01;35:*.yuv=01;35:*.cgm=01;35:*.emf=01;35:*.ogv=01;35:*.ogx=01;35:*.aac=00;36:*.au=00;36:*.flac=00;36:*.m4a=00;36:*.mid=00;36:*.midi=00;36:*.mka=00;36:*.mp3=00;36:*.mpc=00;36:*.ogg=00;36:*.ra=00;36:*.wav=00;36:*.oga=00;36:*.opus=00;36:*.spx=00;36:*.xspf=00;36:'), ('GNOME_TERMINAL_SERVICE', ':1.330'), ('SSH_AGENT_LAUNCHER', 'gnome-keyring'), ('SSH_AUTH_SOCK', '/run/user/1000/keyring/ssh'), ('AMENT_PREFIX_PATH', '/opt/ros/humble'), ('SHELL', '/bin/bash'), ('QT_ACCESSIBILITY', '1'), ('GDMSESSION', 'ubuntu'), ('LESSCLOSE', '/usr/bin/lesspipe %s %s'), ('QT_IM_MODULE', 'ibus'), ('PWD', '/home/starry1n/WUTA/WUTA-FSD/ros2_ws/build/kiss_icp'), ('XDG_CONFIG_DIRS', '/etc/xdg/xdg-ubuntu:/etc/xdg'), ('DBUS_STARTER_ADDRESS', 'unix:path=/run/user/1000/bus,guid=c67e2489f73595b365ff0ae46a50c8ee'), ('XDG_DATA_DIRS', '/usr/share/ubuntu:/usr/local/share/:/usr/share/:/var/lib/snapd/desktop'), ('PYTHONPATH', '/opt/ros/humble/lib/python3.10/site-packages:/opt/ros/humble/local/lib/python3.10/dist-packages'), ('COLCON', '1'), ('VTE_VERSION', '6800'), ('CMAKE_PREFIX_PATH', '/opt/ros/humble')]), 'shell': False}
[0.035866] (robot_localization) JobProgress: {'identifier': 'robot_localization', 'progress': 'cmake'}
[0.037864] (robot_localization) JobProgress: {'identifier': 'robot_localization', 'progress': 'build'}
[0.037936] (robot_localization) Command: {'cmd': ['/usr/bin/cmake', '--build', '/home/starry1n/WUTA/WUTA-FSD/ros2_ws/build/robot_localization', '--', '-j8', '-l8'], 'cwd': '/home/starry1n/WUTA/WUTA-FSD/ros2_ws/build/robot_localization', 'env': OrderedDict([('LESSOPEN', '| /usr/bin/lesspipe %s'), ('LANGUAGE', 'zh_CN:zh'), ('USER', 'starry1n'), ('XDG_SESSION_TYPE', 'wayland'), ('SHLVL', '3'), ('LD_LIBRARY_PATH', '/opt/ros/humble/opt/rviz_ogre_vendor/lib:/opt/ros/humble/lib/x86_64-linux-gnu:/opt/ros/humble/lib'), ('HOME', '/home/starry1n'), ('OLDPWD', '/home/starry1n/WUTA/WUTA-FSD'), ('DESKTOP_SESSION', 'ubuntu'), ('ROS_PYTHON_VERSION', '3'), ('GNOME_SHELL_SESSION_MODE', 'ubuntu'), ('GTK_MODULES', 'gail:atk-bridge'), ('DBUS_STARTER_BUS_TYPE', 'session'), ('SYSTEMD_EXEC_PID', '2321'), ('DBUS_SESSION_BUS_ADDRESS', 'unix:path=/run/user/1000/bus,guid=c67e2489f73595b365ff0ae46a50c8ee'), ('COLORTERM', 'truecolor'), ('IM_CONFIG_PHASE', '1'), ('WAYLAND_DISPLAY', 'wayland-0'), ('ROS_DISTRO', 'humble'), ('LOGNAME', 'starry1n'), ('_', '/usr/bin/colcon'), ('ROS_VERSION', '2'), ('XDG_SESSION_CLASS', 'user'), ('USERNAME', 'starry1n'), ('TERM', 'xterm-256color'), ('GNOME_DESKTOP_SESSION_ID', 'this-is-deprecated'), ('ROS_LOCALHOST_ONLY', '0'), ('PATH', '/home/starry1n/.local/bin:/opt/ros/humble/bin:/home/starry1n/.local/bin:/usr/local/sbin:/usr/local/bin:/usr/sbin:/usr/bin:/sbin:/bin:/usr/games:/usr/local/games:/snap/bin:/snap/bin'), ('SESSION_MANAGER', 'local/starry1n-virtual-machine:@/tmp/.ICE-unix/2321,unix/starry1n-virtual-machine:/tmp/.ICE-unix/2321'), ('XDG_MENU_PREFIX', 'gnome-'), ('GNOME_TERMINAL_SCREEN', '/org/gnome/Terminal/screen/1f3eb7e9_2641_49ca_8c99_b72e9fb24486'), ('GNOME_SETUP_DISPLAY', ':1'), ('XDG_RUNTIME_DIR', '/run/user/1000'), ('DISPLAY', ':0'), ('LANG', 'zh_CN.UTF-8'), ('XDG_CURRENT_DESKTOP', 'ubuntu:GNOME'), ('XMODIFIERS', '@im=ibus'), ('XDG_SESSION_DESKTOP', 'ubuntu'), ('XAUTHORITY', '/run/user/1000/.mutter-Xwaylandauth.H6FRS3'), ('LS_COLORS', 'rs=0:di=01;34:ln=01;36:mh=00:pi=40;33:so=01;35:do=01;35:bd=40;33;01:cd=40;33;01:or=40;31;01:mi=00:su=37;41:sg=30;43:ca=30;41:tw=30;42:ow=34;42:st=37;44:ex=01;32:*.tar=01;31:*.tgz=01;31:*.arc=01;31:*.arj=01;31:*.taz=01;31:*.lha=01;31:*.lz4=01;31:*.lzh=01;31:*.lzma=01;31:*.tlz=01;31:*.txz=01;31:*.tzo=01;31:*.t7z=01;31:*.zip=01;31:*.z=01;31:*.dz=01;31:*.gz=01;31:*.lrz=01;31:*.lz=01;31:*.lzo=01;31:*.xz=01;31:*.zst=01;31:*.tzst=01;31:*.bz2=01;31:*.bz=01;31:*.tbz=01;31:*.tbz2=01;31:*.tz=01;31:*.deb=01;31:*.rpm=01;31:*.jar=01;31:*.war=01;31:*.ear=01;31:*.sar=01;31:*.rar=01;31:*.alz=01;31:*.ace=01;31:*.zoo=01;31:*.cpio=01;31:*.7z=01;31:*.rz=01;31:*.cab=01;31:*.wim=01;31:*.swm=01;31:*.dwm=01;31:*.esd=01;31:*.jpg=01;35:*.jpeg=01;35:*.mjpg=01;35:*.mjpeg=01;35:*.gif=01;35:*.bmp=01;35:*.pbm=01;35:*.pgm=01;35:*.ppm=01;35:*.tga=01;35:*.xbm=01;35:*.xpm=01;35:*.tif=01;35:*.tiff=01;35:*.png=01;35:*.svg=01;35:*.svgz=01;35:*.mng=01;35:*.pcx=01;35:*.mov=01;35:*.mpg=01;35:*.mpeg=01;35:*.m2v=01;35:*.mkv=01;35:*.webm=01;35:*.webp=01;35:*.ogm=01;35:*.mp4=01;35:*.m4v=01;35:*.mp4v=01;35:*.vob=01;35:*.qt=01;35:*.nuv=01;35:*.wmv=01;35:*.asf=01;35:*.rm=01;35:*.rmvb=01;35:*.flc=01;35:*.avi=01;35:*.fli=01;35:*.flv=01;35:*.gl=01;35:*.dl=01;35:*.xcf=01;35:*.xwd=01;35:*.yuv=01;35:*.cgm=01;35:*.emf=01;35:*.ogv=01;35:*.ogx=01;35:*.aac=00;36:*.au=00;36:*.flac=00;36:*.m4a=00;36:*.mid=00;36:*.midi=00;36:*.mka=00;36:*.mp3=00;36:*.mpc=00;36:*.ogg=00;36:*.ra=00;36:*.wav=00;36:*.oga=00;36:*.opus=00;36:*.spx=00;36:*.xspf=00;36:'), ('GNOME_TERMINAL_SERVICE', ':1.330'), ('SSH_AGENT_LAUNCHER', 'gnome-keyring'), ('SSH_AUTH_SOCK', '/run/user/1000/keyring/ssh'), ('AMENT_PREFIX_PATH', '/opt/ros/humble'), ('SHELL', '/bin/bash'), ('QT_ACCESSIBILITY', '1'), ('GDMSESSION', 'ubuntu'), ('LESSCLOSE', '/usr/bin/lesspipe %s %s'), ('QT_IM_MODULE', 'ibus'), ('PWD', '/home/starry1n/WUTA/WUTA-FSD/ros2_ws/build/robot_localization'), ('XDG_CONFIG_DIRS', '/etc/xdg/xdg-ubuntu:/etc/xdg'), ('DBUS_STARTER_ADDRESS', 'unix:path=/run/user/1000/bus,guid=c67e2489f73595b365ff0ae46a50c8ee'), ('XDG_DATA_DIRS', '/usr/share/ubuntu:/usr/local/share/:/usr/share/:/var/lib/snapd/desktop'), ('PYTHONPATH', '/opt/ros/humble/lib/python3.10/site-packages:/opt/ros/humble/local/lib/python3.10/dist-packages'), ('COLCON', '1'), ('VTE_VERSION', '6800'), ('CMAKE_PREFIX_PATH', '/opt/ros/humble')]), 'shell': False}
[0.094334] (wuta_msgs) StdoutLine: {'line': b'[  1%] Built target wuta_msgs__rs\n'}
[0.099696] (-) TimerEvent: {}
[0.109971] (wuta_msgs) StdoutLine: {'line': b'[ 12%] Built target wuta_msgs__rosidl_generator_c\n'}
[0.110685] (autoware_msgs) StdoutLine: {'line': b'[  2%] Built target autoware_msgs__cpp\n'}
[0.117947] (wuta_msgs) StdoutLine: {'line': b'[ 12%] Built target ament_cmake_python_symlink_wuta_msgs\n'}
[0.118272] (autoware_msgs) StdoutLine: {'line': b'[  4%] Built target autoware_msgs__rs\n'}
[0.124437] (wuta_msgs) StdoutLine: {'line': b'[ 14%] Built target wuta_msgs__cpp\n'}
[0.137184] (autoware_msgs) StdoutLine: {'line': b'[ 14%] Built target autoware_msgs__rosidl_generator_c\n'}
[0.150882] (autoware_msgs) StdoutLine: {'line': b'[ 14%] Built target ament_cmake_python_symlink_autoware_msgs\n'}
[0.162377] (kiss_icp) StdoutLine: {'line': b'[ 14%] Built target kiss_icp_node\n'}
[0.168918] (robot_localization) StdoutLine: {'line': b'[  1%] Built target robot_localization__rs\n'}
[0.169261] (kiss_icp) StdoutLine: {'line': b'[ 28%] Built target kiss_icp_metrics\n'}
[0.174346] (robot_localization) StdoutLine: {'line': b'[  2%] Built target robot_localization__cpp\n'}
[0.174684] (kiss_icp) StdoutLine: {'line': b'[ 71%] Built target kiss_icp_core\n'}
[0.175824] (robot_localization) StdoutLine: {'line': b'[  4%] Built target gtest\n'}
[0.183337] (autoware_msgs) StdoutLine: {'line': b'[ 25%] Built target autoware_msgs__rosidl_typesupport_cpp\n'}
[0.184584] (robot_localization) StdoutLine: {'line': b'[  6%] Built target gtest_main\n'}
[0.185748] (robot_localization) StdoutLine: {'line': b'[ 13%] Built target robot_localization__rosidl_generator_c\n'}
[0.198491] (autoware_msgs) StdoutLine: {'line': b'[ 35%] Built target autoware_msgs__rosidl_typesupport_fastrtps_cpp\n'}
[0.198740] (autoware_msgs) StdoutLine: {'line': b'[ 45%] Built target autoware_msgs__rosidl_typesupport_introspection_c\n'}
[0.199765] (wuta_msgs) StdoutLine: {'line': b'[ 25%] Built target wuta_msgs__rosidl_typesupport_c\n'}
[0.199998] (-) TimerEvent: {}
[0.200485] (autoware_msgs) StdoutLine: {'line': b'[ 56%] Built target autoware_msgs__rosidl_typesupport_introspection_cpp\n'}
[0.205081] (autoware_msgs) StdoutLine: {'line': b'[ 66%] Built target autoware_msgs__rosidl_typesupport_c\n'}
[0.214999] (wuta_msgs) StdoutLine: {'line': b'[ 35%] Built target wuta_msgs__rosidl_typesupport_fastrtps_cpp\n'}
[0.215656] (wuta_msgs) StdoutLine: {'line': b'[ 46%] Built target wuta_msgs__rosidl_typesupport_introspection_c\n'}
[0.223701] (robot_localization) StdoutLine: {'line': b'[ 13%] Built target ament_cmake_python_symlink_robot_localization\n'}
[0.224267] (wuta_msgs) StdoutLine: {'line': b'[ 57%] Built target wuta_msgs__rosidl_typesupport_fastrtps_c\n'}
[0.227839] (robot_localization) StdoutLine: {'line': b'[ 20%] Built target robot_localization__rosidl_typesupport_cpp\n'}
[0.228179] (wuta_msgs) StdoutLine: {'line': b'[ 67%] Built target wuta_msgs__rosidl_typesupport_introspection_cpp\n'}
[0.229534] (autoware_msgs) StdoutLine: {'line': b'[ 77%] Built target autoware_msgs__rosidl_typesupport_fastrtps_c\n'}
[0.236170] (wuta_msgs) StdoutLine: {'line': b'[ 78%] Built target wuta_msgs__rosidl_typesupport_cpp\n'}
[0.237157] (kiss_icp) StdoutLine: {'line': b'[ 85%] Built target kiss_icp_pipeline\n'}
[0.250288] (robot_localization) StdoutLine: {'line': b'[ 27%] Built target robot_localization__rosidl_typesupport_introspection_c\n'}
[0.255328] (robot_localization) StdoutLine: {'line': b'[ 34%] Built target robot_localization__rosidl_typesupport_fastrtps_cpp\n'}
[0.259832] (robot_localization) StdoutLine: {'line': b'[ 41%] Built target robot_localization__rosidl_typesupport_fastrtps_c\n'}
[0.260074] (robot_localization) StdoutLine: {'line': b'[ 48%] Built target robot_localization__rosidl_typesupport_introspection_cpp\n'}
[0.264974] (autoware_msgs) StdoutLine: {'line': b'[ 77%] Built target autoware_msgs\n'}
[0.272167] (robot_localization) StdoutLine: {'line': b'[ 55%] Built target robot_localization__rosidl_typesupport_c\n'}
[0.282973] (wuta_msgs) StdoutLine: {'line': b'[ 78%] Built target wuta_msgs\n'}
[0.293030] (robot_localization) StdoutLine: {'line': b'[ 64%] Built target rl_lib\n'}
[0.293311] (kiss_icp) StdoutLine: {'line': b'[100%] Built target odometry_component\n'}
[0.299245] (autoware_msgs) StdoutLine: {'line': b'[ 79%] Built target autoware_msgs__py\n'}
[0.303258] (-) TimerEvent: {}
[0.315678] (kiss_icp) CommandEnded: {'returncode': 0}
[0.316032] (kiss_icp) JobProgress: {'identifier': 'kiss_icp', 'progress': 'install'}
[0.316590] (robot_localization) StdoutLine: {'line': b'[ 64%] Built target robot_localization\n'}
[0.321611] (wuta_msgs) StdoutLine: {'line': b'[ 80%] Built target wuta_msgs__py\n'}
[0.334502] (kiss_icp) Command: {'cmd': ['/usr/bin/cmake', '--install', '/home/starry1n/WUTA/WUTA-FSD/ros2_ws/build/kiss_icp'], 'cwd': '/home/starry1n/WUTA/WUTA-FSD/ros2_ws/build/kiss_icp', 'env': OrderedDict([('LESSOPEN', '| /usr/bin/lesspipe %s'), ('LANGUAGE', 'zh_CN:zh'), ('USER', 'starry1n'), ('XDG_SESSION_TYPE', 'wayland'), ('SHLVL', '3'), ('LD_LIBRARY_PATH', '/opt/ros/humble/opt/rviz_ogre_vendor/lib:/opt/ros/humble/lib/x86_64-linux-gnu:/opt/ros/humble/lib'), ('HOME', '/home/starry1n'), ('OLDPWD', '/home/starry1n/WUTA/WUTA-FSD'), ('DESKTOP_SESSION', 'ubuntu'), ('ROS_PYTHON_VERSION', '3'), ('GNOME_SHELL_SESSION_MODE', 'ubuntu'), ('GTK_MODULES', 'gail:atk-bridge'), ('DBUS_STARTER_BUS_TYPE', 'session'), ('SYSTEMD_EXEC_PID', '2321'), ('DBUS_SESSION_BUS_ADDRESS', 'unix:path=/run/user/1000/bus,guid=c67e2489f73595b365ff0ae46a50c8ee'), ('COLORTERM', 'truecolor'), ('IM_CONFIG_PHASE', '1'), ('WAYLAND_DISPLAY', 'wayland-0'), ('ROS_DISTRO', 'humble'), ('LOGNAME', 'starry1n'), ('_', '/usr/bin/colcon'), ('ROS_VERSION', '2'), ('XDG_SESSION_CLASS', 'user'), ('USERNAME', 'starry1n'), ('TERM', 'xterm-256color'), ('GNOME_DESKTOP_SESSION_ID', 'this-is-deprecated'), ('ROS_LOCALHOST_ONLY', '0'), ('PATH', '/home/starry1n/.local/bin:/opt/ros/humble/bin:/home/starry1n/.local/bin:/usr/local/sbin:/usr/local/bin:/usr/sbin:/usr/bin:/sbin:/bin:/usr/games:/usr/local/games:/snap/bin:/snap/bin'), ('SESSION_MANAGER', 'local/starry1n-virtual-machine:@/tmp/.ICE-unix/2321,unix/starry1n-virtual-machine:/tmp/.ICE-unix/2321'), ('XDG_MENU_PREFIX', 'gnome-'), ('GNOME_TERMINAL_SCREEN', '/org/gnome/Terminal/screen/1f3eb7e9_2641_49ca_8c99_b72e9fb24486'), ('GNOME_SETUP_DISPLAY', ':1'), ('XDG_RUNTIME_DIR', '/run/user/1000'), ('DISPLAY', ':0'), ('LANG', 'zh_CN.UTF-8'), ('XDG_CURRENT_DESKTOP', 'ubuntu:GNOME'), ('XMODIFIERS', '@im=ibus'), ('XDG_SESSION_DESKTOP', 'ubuntu'), ('XAUTHORITY', '/run/user/1000/.mutter-Xwaylandauth.H6FRS3'), ('LS_COLORS', 'rs=0:di=01;34:ln=01;36:mh=00:pi=40;33:so=01;35:do=01;35:bd=40;33;01:cd=40;33;01:or=40;31;01:mi=00:su=37;41:sg=30;43:ca=30;41:tw=30;42:ow=34;42:st=37;44:ex=01;32:*.tar=01;31:*.tgz=01;31:*.arc=01;31:*.arj=01;31:*.taz=01;31:*.lha=01;31:*.lz4=01;31:*.lzh=01;31:*.lzma=01;31:*.tlz=01;31:*.txz=01;31:*.tzo=01;31:*.t7z=01;31:*.zip=01;31:*.z=01;31:*.dz=01;31:*.gz=01;31:*.lrz=01;31:*.lz=01;31:*.lzo=01;31:*.xz=01;31:*.zst=01;31:*.tzst=01;31:*.bz2=01;31:*.bz=01;31:*.tbz=01;31:*.tbz2=01;31:*.tz=01;31:*.deb=01;31:*.rpm=01;31:*.jar=01;31:*.war=01;31:*.ear=01;31:*.sar=01;31:*.rar=01;31:*.alz=01;31:*.ace=01;31:*.zoo=01;31:*.cpio=01;31:*.7z=01;31:*.rz=01;31:*.cab=01;31:*.wim=01;31:*.swm=01;31:*.dwm=01;31:*.esd=01;31:*.jpg=01;35:*.jpeg=01;35:*.mjpg=01;35:*.mjpeg=01;35:*.gif=01;35:*.bmp=01;35:*.pbm=01;35:*.pgm=01;35:*.ppm=01;35:*.tga=01;35:*.xbm=01;35:*.xpm=01;35:*.tif=01;35:*.tiff=01;35:*.png=01;35:*.svg=01;35:*.svgz=01;35:*.mng=01;35:*.pcx=01;35:*.mov=01;35:*.mpg=01;35:*.mpeg=01;35:*.m2v=01;35:*.mkv=01;35:*.webm=01;35:*.webp=01;35:*.ogm=01;35:*.mp4=01;35:*.m4v=01;35:*.mp4v=01;35:*.vob=01;35:*.qt=01;35:*.nuv=01;35:*.wmv=01;35:*.asf=01;35:*.rm=01;35:*.rmvb=01;35:*.flc=01;35:*.avi=01;35:*.fli=01;35:*.flv=01;35:*.gl=01;35:*.dl=01;35:*.xcf=01;35:*.xwd=01;35:*.yuv=01;35:*.cgm=01;35:*.emf=01;35:*.ogv=01;35:*.ogx=01;35:*.aac=00;36:*.au=00;36:*.flac=00;36:*.m4a=00;36:*.mid=00;36:*.midi=00;36:*.mka=00;36:*.mp3=00;36:*.mpc=00;36:*.ogg=00;36:*.ra=00;36:*.wav=00;36:*.oga=00;36:*.opus=00;36:*.spx=00;36:*.xspf=00;36:'), ('GNOME_TERMINAL_SERVICE', ':1.330'), ('SSH_AGENT_LAUNCHER', 'gnome-keyring'), ('SSH_AUTH_SOCK', '/run/user/1000/keyring/ssh'), ('AMENT_PREFIX_PATH', '/opt/ros/humble'), ('SHELL', '/bin/bash'), ('QT_ACCESSIBILITY', '1'), ('GDMSESSION', 'ubuntu'), ('LESSCLOSE', '/usr/bin/lesspipe %s %s'), ('QT_IM_MODULE', 'ibus'), ('PWD', '/home/starry1n/WUTA/WUTA-FSD/ros2_ws/build/kiss_icp'), ('XDG_CONFIG_DIRS', '/etc/xdg/xdg-ubuntu:/etc/xdg'), ('DBUS_STARTER_ADDRESS', 'unix:path=/run/user/1000/bus,guid=c67e2489f73595b365ff0ae46a50c8ee'), ('XDG_DATA_DIRS', '/usr/share/ubuntu:/usr/local/share/:/usr/share/:/var/lib/snapd/desktop'), ('PYTHONPATH', '/opt/ros/humble/lib/python3.10/site-packages:/opt/ros/humble/local/lib/python3.10/dist-packages'), ('COLCON', '1'), ('VTE_VERSION', '6800'), ('CMAKE_PREFIX_PATH', '/opt/ros/humble')]), 'shell': False}
[0.349117] (kiss_icp) StdoutLine: {'line': b'-- Install configuration: "Release"\n'}
[0.353309] (kiss_icp) StdoutLine: {'line': b'-- Execute custom install script\n'}
[0.353392] (kiss_icp) StdoutLine: {'line': b'-- Up-to-date symlink: /home/starry1n/WUTA/WUTA-FSD/ros2_ws/install/kiss_icp/lib/kiss_icp/kiss_icp_node\n'}
[0.353431] (kiss_icp) StdoutLine: {'line': b'-- Up-to-date symlink: /home/starry1n/WUTA/WUTA-FSD/ros2_ws/install/kiss_icp/lib/libodometry_component.so\n'}
[0.353670] (kiss_icp) StdoutLine: {'line': b'-- Up-to-date symlink: /home/starry1n/WUTA/WUTA-FSD/ros2_ws/install/kiss_icp/share/kiss_icp//launch/odometry.launch.py\n'}
[0.353967] (kiss_icp) StdoutLine: {'line': b'-- Up-to-date symlink: /home/starry1n/WUTA/WUTA-FSD/ros2_ws/install/kiss_icp/share/kiss_icp//rviz/kiss_icp.rviz\n'}
[0.354035] (kiss_icp) StdoutLine: {'line': b'-- Up-to-date symlink: /home/starry1n/WUTA/WUTA-FSD/ros2_ws/install/kiss_icp/share/kiss_icp//config/config.yaml\n'}
[0.354070] (kiss_icp) StdoutLine: {'line': b'-- Up-to-date symlink: /home/starry1n/WUTA/WUTA-FSD/ros2_ws/install/kiss_icp/share/ament_index/resource_index/package_run_dependencies/kiss_icp\n'}
[0.354101] (kiss_icp) StdoutLine: {'line': b'-- Up-to-date symlink: /home/starry1n/WUTA/WUTA-FSD/ros2_ws/install/kiss_icp/share/ament_index/resource_index/parent_prefix_path/kiss_icp\n'}
[0.354129] (kiss_icp) StdoutLine: {'line': b'-- Up-to-date symlink: /home/starry1n/WUTA/WUTA-FSD/ros2_ws/install/kiss_icp/share/kiss_icp/environment/ament_prefix_path.sh\n'}
[0.354179] (kiss_icp) StdoutLine: {'line': b'-- Up-to-date symlink: /home/starry1n/WUTA/WUTA-FSD/ros2_ws/install/kiss_icp/share/kiss_icp/environment/ament_prefix_path.dsv\n'}
[0.354206] (kiss_icp) StdoutLine: {'line': b'-- Up-to-date symlink: /home/starry1n/WUTA/WUTA-FSD/ros2_ws/install/kiss_icp/share/kiss_icp/environment/path.sh\n'}
[0.355585] (kiss_icp) StdoutLine: {'line': b'-- Up-to-date symlink: /home/starry1n/WUTA/WUTA-FSD/ros2_ws/install/kiss_icp/share/kiss_icp/environment/path.dsv\n'}
[0.355775] (kiss_icp) StdoutLine: {'line': b'-- Up-to-date symlink: /home/starry1n/WUTA/WUTA-FSD/ros2_ws/install/kiss_icp/share/kiss_icp/local_setup.bash\n'}
[0.355829] (kiss_icp) StdoutLine: {'line': b'-- Up-to-date symlink: /home/starry1n/WUTA/WUTA-FSD/ros2_ws/install/kiss_icp/share/kiss_icp/local_setup.sh\n'}
[0.355876] (kiss_icp) StdoutLine: {'line': b'-- Up-to-date symlink: /home/starry1n/WUTA/WUTA-FSD/ros2_ws/install/kiss_icp/share/kiss_icp/local_setup.zsh\n'}
[0.355942] (kiss_icp) StdoutLine: {'line': b'-- Up-to-date symlink: /home/starry1n/WUTA/WUTA-FSD/ros2_ws/install/kiss_icp/share/kiss_icp/local_setup.dsv\n'}
[0.355988] (kiss_icp) StdoutLine: {'line': b'-- Symlinking: /home/starry1n/WUTA/WUTA-FSD/ros2_ws/install/kiss_icp/share/kiss_icp/package.dsv\n'}
[0.368556] (robot_localization) StdoutLine: {'line': b'[ 66%] Built target robot_localization_listener_node\n'}
[0.374387] (kiss_icp) StdoutLine: {'line': b'-- Up-to-date symlink: /home/starry1n/WUTA/WUTA-FSD/ros2_ws/install/kiss_icp/share/ament_index/resource_index/packages/kiss_icp\n'}
[0.375425] (kiss_icp) StdoutLine: {'line': b'-- Up-to-date symlink: /home/starry1n/WUTA/WUTA-FSD/ros2_ws/install/kiss_icp/share/ament_index/resource_index/rclcpp_components/kiss_icp\n'}
[0.375648] (robot_localization) StdoutLine: {'line': b'[ 67%] Built target navsat_transform_node\n'}
[0.376951] (kiss_icp) StdoutLine: {'line': b'-- Up-to-date symlink: /home/starry1n/WUTA/WUTA-FSD/ros2_ws/install/kiss_icp/share/kiss_icp/cmake/kiss_icpConfig.cmake\n'}
[0.377121] (kiss_icp) StdoutLine: {'line': b'-- Up-to-date symlink: /home/starry1n/WUTA/WUTA-FSD/ros2_ws/install/kiss_icp/share/kiss_icp/cmake/kiss_icpConfig-version.cmake\n'}
[0.377181] (kiss_icp) StdoutLine: {'line': b'-- Up-to-date symlink: /home/starry1n/WUTA/WUTA-FSD/ros2_ws/install/kiss_icp/share/kiss_icp/package.xml\n'}
[0.380453] (wuta_msgs) StdoutLine: {'line': b'[ 89%] Built target wuta_msgs__rosidl_generator_py\n'}
[0.380614] (robot_localization) StdoutLine: {'line': b'[ 68%] Built target ekf_node\n'}
[0.383158] (robot_localization) StdoutLine: {'line': b'[ 70%] Built target ukf_node\n'}
[0.392536] (kiss_icp) CommandEnded: {'returncode': 0}
[0.394325] (robot_localization) StdoutLine: {'line': b'[ 72%] Built target filter_base-test\n'}
[0.394750] (robot_localization) StdoutLine: {'line': b'[ 74%] Built target test_ekf\n'}
[0.402992] (autoware_msgs) StdoutLine: {'line': b'[ 87%] Built target autoware_msgs__rosidl_generator_py\n'}
[0.404414] (-) TimerEvent: {}
[0.423527] (robot_localization) StdoutLine: {'line': b'[ 76%] Built target test_ukf\n'}
[0.426526] (robot_localization) StdoutLine: {'line': b'[ 78%] Built target test_robot_localization_estimator\n'}
[0.449776] (autoware_msgs) StdoutLine: {'line': b'[ 91%] Built target autoware_msgs__rosidl_typesupport_fastrtps_c__pyext\n'}
[0.464528] (robot_localization) StdoutLine: {'line': b'[ 79%] Built target robot_localization__py\n'}
[0.464698] (kiss_icp) JobEnded: {'identifier': 'kiss_icp', 'rc': 0}
[0.465015] (wuta_msgs) StdoutLine: {'line': b'[ 92%] Built target wuta_msgs__rosidl_typesupport_c__pyext\n'}
[0.465157] (autoware_msgs) StdoutLine: {'line': b'[ 95%] Built target autoware_msgs__rosidl_typesupport_c__pyext\n'}
[0.465725] (wuta_msgs) StdoutLine: {'line': b'[ 98%] Built target wuta_msgs__rosidl_typesupport_fastrtps_c__pyext\n'}
[0.466264] (robot_localization) StdoutLine: {'line': b'[ 80%] Built target test_ros_robot_localization_listener\n'}
[0.466403] (wuta_msgs) StdoutLine: {'line': b'[100%] Built target wuta_msgs__rosidl_typesupport_introspection_c__pyext\n'}
[0.479010] (autoware_msgs) StdoutLine: {'line': b'[100%] Built target autoware_msgs__rosidl_typesupport_introspection_c__pyext\n'}
[0.480829] (robot_localization) StdoutLine: {'line': b'[ 82%] Built target test_filter_base_diagnostics_timestamps\n'}
[0.481072] (robot_localization) StdoutLine: {'line': b'[ 84%] Built target test_ros_robot_localization_listener_publisher\n'}
[0.482472] (robot_localization) StdoutLine: {'line': b'[ 86%] Built target test_navsat_conversions\n'}
[0.485393] (robot_localization) StdoutLine: {'line': b'[ 87%] Built target test_ekf_localization_node_interfaces\n'}
[0.492006] (robot_localization) StdoutLine: {'line': b'[ 89%] Built target test_ukf_localization_node_interfaces\n'}
[0.492790] (wuta_msgs) StdoutLine: {'line': b'running egg_info\n'}
[0.494224] (wuta_msgs) StdoutLine: {'line': b'writing wuta_msgs.egg-info/PKG-INFO\n'}
[0.494718] (wuta_msgs) StdoutLine: {'line': b'writing dependency_links to wuta_msgs.egg-info/dependency_links.txt\n'}
[0.495482] (wuta_msgs) StdoutLine: {'line': b'writing top-level names to wuta_msgs.egg-info/top_level.txt\n'}
[0.498866] (wuta_msgs) StdoutLine: {'line': b"reading manifest file 'wuta_msgs.egg-info/SOURCES.txt'\n"}
[0.499462] (wuta_msgs) StdoutLine: {'line': b"writing manifest file 'wuta_msgs.egg-info/SOURCES.txt'\n"}
[0.504568] (-) TimerEvent: {}
[0.515297] (autoware_msgs) StdoutLine: {'line': b'running egg_info\n'}
[0.515765] (autoware_msgs) StdoutLine: {'line': b'writing autoware_msgs.egg-info/PKG-INFO\n'}
[0.516372] (autoware_msgs) StdoutLine: {'line': b'writing dependency_links to autoware_msgs.egg-info/dependency_links.txt\n'}
[0.516707] (autoware_msgs) StdoutLine: {'line': b'writing top-level names to autoware_msgs.egg-info/top_level.txt\n'}
[0.518793] (autoware_msgs) StdoutLine: {'line': b"reading manifest file 'autoware_msgs.egg-info/SOURCES.txt'\n"}
[0.520291] (autoware_msgs) StdoutLine: {'line': b"writing manifest file 'autoware_msgs.egg-info/SOURCES.txt'\n"}
[0.520962] (robot_localization) StdoutLine: {'line': b'[ 95%] Built target robot_localization__rosidl_generator_py\n'}
[0.526253] (wuta_msgs) StdoutLine: {'line': b'[100%] Built target ament_cmake_python_build_wuta_msgs_egg\n'}
[0.547543] (wuta_msgs) CommandEnded: {'returncode': 0}
[0.548352] (wuta_msgs) JobProgress: {'identifier': 'wuta_msgs', 'progress': 'install'}
[0.549408] (wuta_msgs) Command: {'cmd': ['/usr/bin/cmake', '--install', '/home/starry1n/WUTA/WUTA-FSD/ros2_ws/build/wuta_msgs'], 'cwd': '/home/starry1n/WUTA/WUTA-FSD/ros2_ws/build/wuta_msgs', 'env': OrderedDict([('LESSOPEN', '| /usr/bin/lesspipe %s'), ('LANGUAGE', 'zh_CN:zh'), ('USER', 'starry1n'), ('XDG_SESSION_TYPE', 'wayland'), ('SHLVL', '3'), ('LD_LIBRARY_PATH', '/opt/ros/humble/opt/rviz_ogre_vendor/lib:/opt/ros/humble/lib/x86_64-linux-gnu:/opt/ros/humble/lib'), ('HOME', '/home/starry1n'), ('OLDPWD', '/home/starry1n/WUTA/WUTA-FSD'), ('DESKTOP_SESSION', 'ubuntu'), ('ROS_PYTHON_VERSION', '3'), ('GNOME_SHELL_SESSION_MODE', 'ubuntu'), ('GTK_MODULES', 'gail:atk-bridge'), ('DBUS_STARTER_BUS_TYPE', 'session'), ('SYSTEMD_EXEC_PID', '2321'), ('DBUS_SESSION_BUS_ADDRESS', 'unix:path=/run/user/1000/bus,guid=c67e2489f73595b365ff0ae46a50c8ee'), ('COLORTERM', 'truecolor'), ('IM_CONFIG_PHASE', '1'), ('WAYLAND_DISPLAY', 'wayland-0'), ('ROS_DISTRO', 'humble'), ('LOGNAME', 'starry1n'), ('_', '/usr/bin/colcon'), ('ROS_VERSION', '2'), ('XDG_SESSION_CLASS', 'user'), ('USERNAME', 'starry1n'), ('TERM', 'xterm-256color'), ('GNOME_DESKTOP_SESSION_ID', 'this-is-deprecated'), ('ROS_LOCALHOST_ONLY', '0'), ('PATH', '/home/starry1n/.local/bin:/opt/ros/humble/bin:/home/starry1n/.local/bin:/usr/local/sbin:/usr/local/bin:/usr/sbin:/usr/bin:/sbin:/bin:/usr/games:/usr/local/games:/snap/bin:/snap/bin'), ('SESSION_MANAGER', 'local/starry1n-virtual-machine:@/tmp/.ICE-unix/2321,unix/starry1n-virtual-machine:/tmp/.ICE-unix/2321'), ('XDG_MENU_PREFIX', 'gnome-'), ('GNOME_TERMINAL_SCREEN', '/org/gnome/Terminal/screen/1f3eb7e9_2641_49ca_8c99_b72e9fb24486'), ('GNOME_SETUP_DISPLAY', ':1'), ('XDG_RUNTIME_DIR', '/run/user/1000'), ('DISPLAY', ':0'), ('LANG', 'zh_CN.UTF-8'), ('XDG_CURRENT_DESKTOP', 'ubuntu:GNOME'), ('XMODIFIERS', '@im=ibus'), ('XDG_SESSION_DESKTOP', 'ubuntu'), ('XAUTHORITY', '/run/user/1000/.mutter-Xwaylandauth.H6FRS3'), ('LS_COLORS', 'rs=0:di=01;34:ln=01;36:mh=00:pi=40;33:so=01;35:do=01;35:bd=40;33;01:cd=40;33;01:or=40;31;01:mi=00:su=37;41:sg=30;43:ca=30;41:tw=30;42:ow=34;42:st=37;44:ex=01;32:*.tar=01;31:*.tgz=01;31:*.arc=01;31:*.arj=01;31:*.taz=01;31:*.lha=01;31:*.lz4=01;31:*.lzh=01;31:*.lzma=01;31:*.tlz=01;31:*.txz=01;31:*.tzo=01;31:*.t7z=01;31:*.zip=01;31:*.z=01;31:*.dz=01;31:*.gz=01;31:*.lrz=01;31:*.lz=01;31:*.lzo=01;31:*.xz=01;31:*.zst=01;31:*.tzst=01;31:*.bz2=01;31:*.bz=01;31:*.tbz=01;31:*.tbz2=01;31:*.tz=01;31:*.deb=01;31:*.rpm=01;31:*.jar=01;31:*.war=01;31:*.ear=01;31:*.sar=01;31:*.rar=01;31:*.alz=01;31:*.ace=01;31:*.zoo=01;31:*.cpio=01;31:*.7z=01;31:*.rz=01;31:*.cab=01;31:*.wim=01;31:*.swm=01;31:*.dwm=01;31:*.esd=01;31:*.jpg=01;35:*.jpeg=01;35:*.mjpg=01;35:*.mjpeg=01;35:*.gif=01;35:*.bmp=01;35:*.pbm=01;35:*.pgm=01;35:*.ppm=01;35:*.tga=01;35:*.xbm=01;35:*.xpm=01;35:*.tif=01;35:*.tiff=01;35:*.png=01;35:*.svg=01;35:*.svgz=01;35:*.mng=01;35:*.pcx=01;35:*.mov=01;35:*.mpg=01;35:*.mpeg=01;35:*.m2v=01;35:*.mkv=01;35:*.webm=01;35:*.webp=01;35:*.ogm=01;35:*.mp4=01;35:*.m4v=01;35:*.mp4v=01;35:*.vob=01;35:*.qt=01;35:*.nuv=01;35:*.wmv=01;35:*.asf=01;35:*.rm=01;35:*.rmvb=01;35:*.flc=01;35:*.avi=01;35:*.fli=01;35:*.flv=01;35:*.gl=01;35:*.dl=01;35:*.xcf=01;35:*.xwd=01;35:*.yuv=01;35:*.cgm=01;35:*.emf=01;35:*.ogv=01;35:*.ogx=01;35:*.aac=00;36:*.au=00;36:*.flac=00;36:*.m4a=00;36:*.mid=00;36:*.midi=00;36:*.mka=00;36:*.mp3=00;36:*.mpc=00;36:*.ogg=00;36:*.ra=00;36:*.wav=00;36:*.oga=00;36:*.opus=00;36:*.spx=00;36:*.xspf=00;36:'), ('GNOME_TERMINAL_SERVICE', ':1.330'), ('SSH_AGENT_LAUNCHER', 'gnome-keyring'), ('SSH_AUTH_SOCK', '/run/user/1000/keyring/ssh'), ('AMENT_PREFIX_PATH', '/opt/ros/humble'), ('SHELL', '/bin/bash'), ('QT_ACCESSIBILITY', '1'), ('GDMSESSION', 'ubuntu'), ('LESSCLOSE', '/usr/bin/lesspipe %s %s'), ('QT_IM_MODULE', 'ibus'), ('PWD', '/home/starry1n/WUTA/WUTA-FSD/ros2_ws/build/wuta_msgs'), ('XDG_CONFIG_DIRS', '/etc/xdg/xdg-ubuntu:/etc/xdg'), ('DBUS_STARTER_ADDRESS', 'unix:path=/run/user/1000/bus,guid=c67e2489f73595b365ff0ae46a50c8ee'), ('XDG_DATA_DIRS', '/usr/share/ubuntu:/usr/local/share/:/usr/share/:/var/lib/snapd/desktop'), ('PYTHONPATH', '/opt/ros/humble/lib/python3.10/site-packages:/opt/ros/humble/local/lib/python3.10/dist-packages'), ('COLCON', '1'), ('VTE_VERSION', '6800'), ('CMAKE_PREFIX_PATH', '/opt/ros/humble')]), 'shell': False}
[0.550811] (robot_localization) StdoutLine: {'line': b'[ 97%] Built target robot_localization__rosidl_typesupport_fastrtps_c__pyext\n'}
[0.551517] (robot_localization) StdoutLine: {'line': b'[ 98%] Built target robot_localization__rosidl_typesupport_introspection_c__pyext\n'}
[0.556648] (robot_localization) StdoutLine: {'line': b'[100%] Built target robot_localization__rosidl_typesupport_c__pyext\n'}
[0.559044] (wuta_msgs) StdoutLine: {'line': b'-- Install configuration: ""\n'}
[0.559872] (wuta_msgs) StdoutLine: {'line': b'-- Execute custom install script\n'}
[0.560282] (wuta_msgs) StdoutLine: {'line': b'-- Up-to-date symlink: /home/starry1n/WUTA/WUTA-FSD/ros2_ws/install/wuta_msgs/share/ament_index/resource_index/rosidl_interfaces/wuta_msgs\n'}
[0.560852] (wuta_msgs) StdoutLine: {'line': b'-- Up-to-date symlink: /home/starry1n/WUTA/WUTA-FSD/ros2_ws/install/wuta_msgs/include/wuta_msgs/wuta_msgs/msg/cone.h\n'}
[0.561307] (wuta_msgs) StdoutLine: {'line': b'-- Up-to-date symlink: /home/starry1n/WUTA/WUTA-FSD/ros2_ws/install/wuta_msgs/include/wuta_msgs/wuta_msgs/msg/cone_array.h\n'}
[0.561437] (wuta_msgs) StdoutLine: {'line': b'-- Up-to-date symlink: /home/starry1n/WUTA/WUTA-FSD/ros2_ws/install/wuta_msgs/include/wuta_msgs/wuta_msgs/msg/cone_map.h\n'}
[0.561882] (wuta_msgs) StdoutLine: {'line': b'-- Up-to-date symlink: /home/starry1n/WUTA/WUTA-FSD/ros2_ws/install/wuta_msgs/include/wuta_msgs/wuta_msgs/msg/detail/cone__functions.h\n'}
[0.562072] (wuta_msgs) StdoutLine: {'line': b'-- Up-to-date symlink: /home/starry1n/WUTA/WUTA-FSD/ros2_ws/install/wuta_msgs/include/wuta_msgs/wuta_msgs/msg/detail/cone__struct.h\n'}
[0.562171] (wuta_msgs) StdoutLine: {'line': b'-- Up-to-date symlink: /home/starry1n/WUTA/WUTA-FSD/ros2_ws/install/wuta_msgs/include/wuta_msgs/wuta_msgs/msg/detail/cone__type_support.h\n'}
[0.562264] (wuta_msgs) StdoutLine: {'line': b'-- Up-to-date symlink: /home/starry1n/WUTA/WUTA-FSD/ros2_ws/install/wuta_msgs/include/wuta_msgs/wuta_msgs/msg/detail/cone_array__functions.h\n'}
[0.562321] (wuta_msgs) StdoutLine: {'line': b'-- Up-to-date symlink: /home/starry1n/WUTA/WUTA-FSD/ros2_ws/install/wuta_msgs/include/wuta_msgs/wuta_msgs/msg/detail/cone_array__struct.h\n'}
[0.562368] (wuta_msgs) StdoutLine: {'line': b'-- Up-to-date symlink: /home/starry1n/WUTA/WUTA-FSD/ros2_ws/install/wuta_msgs/include/wuta_msgs/wuta_msgs/msg/detail/cone_array__type_support.h\n'}
[0.562419] (wuta_msgs) StdoutLine: {'line': b'-- Up-to-date symlink: /home/starry1n/WUTA/WUTA-FSD/ros2_ws/install/wuta_msgs/include/wuta_msgs/wuta_msgs/msg/detail/cone_map__functions.h\n'}
[0.562488] (wuta_msgs) StdoutLine: {'line': b'-- Up-to-date symlink: /home/starry1n/WUTA/WUTA-FSD/ros2_ws/install/wuta_msgs/include/wuta_msgs/wuta_msgs/msg/detail/cone_map__struct.h\n'}
[0.562639] (wuta_msgs) StdoutLine: {'line': b'-- Up-to-date symlink: /home/starry1n/WUTA/WUTA-FSD/ros2_ws/install/wuta_msgs/include/wuta_msgs/wuta_msgs/msg/detail/cone_map__type_support.h\n'}
[0.562760] (wuta_msgs) StdoutLine: {'line': b'-- Up-to-date symlink: /home/starry1n/WUTA/WUTA-FSD/ros2_ws/install/wuta_msgs/include/wuta_msgs/wuta_msgs/msg/detail/mission_state__functions.h\n'}
[0.562883] (wuta_msgs) StdoutLine: {'line': b'-- Up-to-date symlink: /home/starry1n/WUTA/WUTA-FSD/ros2_ws/install/wuta_msgs/include/wuta_msgs/wuta_msgs/msg/detail/mission_state__struct.h\n'}
[0.563357] (wuta_msgs) StdoutLine: {'line': b'-- Up-to-date symlink: /home/starry1n/WUTA/WUTA-FSD/ros2_ws/install/wuta_msgs/include/wuta_msgs/wuta_msgs/msg/detail/mission_state__type_support.h\n'}
[0.563540] (wuta_msgs) StdoutLine: {'line': b'-- Up-to-date symlink: /home/starry1n/WUTA/WUTA-FSD/ros2_ws/install/wuta_msgs/include/wuta_msgs/wuta_msgs/msg/mission_state.h\n'}
[0.563604] (wuta_msgs) StdoutLine: {'line': b'-- Up-to-date symlink: /home/starry1n/WUTA/WUTA-FSD/ros2_ws/install/wuta_msgs/include/wuta_msgs/wuta_msgs/msg/rosidl_generator_c__visibility_control.h\n'}
[0.563847] (wuta_msgs) StdoutLine: {'line': b'-- Up-to-date symlink: /home/starry1n/WUTA/WUTA-FSD/ros2_ws/install/wuta_msgs/share/wuta_msgs/environment/library_path.sh\n'}
[0.563910] (wuta_msgs) StdoutLine: {'line': b'-- Up-to-date symlink: /home/starry1n/WUTA/WUTA-FSD/ros2_ws/install/wuta_msgs/share/wuta_msgs/environment/library_path.dsv\n'}
[0.563967] (wuta_msgs) StdoutLine: {'line': b'-- Up-to-date symlink: /home/starry1n/WUTA/WUTA-FSD/ros2_ws/install/wuta_msgs/include/wuta_msgs/wuta_msgs/msg/detail/cone__rosidl_typesupport_fastrtps_c.h\n'}
[0.564303] (wuta_msgs) StdoutLine: {'line': b'-- Up-to-date symlink: /home/starry1n/WUTA/WUTA-FSD/ros2_ws/install/wuta_msgs/include/wuta_msgs/wuta_msgs/msg/detail/cone_array__rosidl_typesupport_fastrtps_c.h\n'}
[0.564402] (wuta_msgs) StdoutLine: {'line': b'-- Up-to-date symlink: /home/starry1n/WUTA/WUTA-FSD/ros2_ws/install/wuta_msgs/include/wuta_msgs/wuta_msgs/msg/detail/cone_map__rosidl_typesupport_fastrtps_c.h\n'}
[0.564732] (wuta_msgs) StdoutLine: {'line': b'-- Up-to-date symlink: /home/starry1n/WUTA/WUTA-FSD/ros2_ws/install/wuta_msgs/include/wuta_msgs/wuta_msgs/msg/detail/mission_state__rosidl_typesupport_fastrtps_c.h\n'}
[0.564919] (wuta_msgs) StdoutLine: {'line': b'-- Up-to-date symlink: /home/starry1n/WUTA/WUTA-FSD/ros2_ws/install/wuta_msgs/include/wuta_msgs/wuta_msgs/msg/rosidl_typesupport_fastrtps_c__visibility_control.h\n'}
[0.565115] (wuta_msgs) StdoutLine: {'line': b'-- Up-to-date symlink: /home/starry1n/WUTA/WUTA-FSD/ros2_ws/install/wuta_msgs/include/wuta_msgs/wuta_msgs/msg/detail/cone__rosidl_typesupport_introspection_c.h\n'}
[0.565273] (wuta_msgs) StdoutLine: {'line': b'-- Up-to-date symlink: /home/starry1n/WUTA/WUTA-FSD/ros2_ws/install/wuta_msgs/include/wuta_msgs/wuta_msgs/msg/detail/cone_array__rosidl_typesupport_introspection_c.h\n'}
[0.565543] (wuta_msgs) StdoutLine: {'line': b'-- Up-to-date symlink: /home/starry1n/WUTA/WUTA-FSD/ros2_ws/install/wuta_msgs/include/wuta_msgs/wuta_msgs/msg/detail/cone_map__rosidl_typesupport_introspection_c.h\n'}
[0.565642] (wuta_msgs) StdoutLine: {'line': b'-- Up-to-date symlink: /home/starry1n/WUTA/WUTA-FSD/ros2_ws/install/wuta_msgs/include/wuta_msgs/wuta_msgs/msg/detail/mission_state__rosidl_typesupport_introspection_c.h\n'}
[0.565697] (wuta_msgs) StdoutLine: {'line': b'-- Up-to-date symlink: /home/starry1n/WUTA/WUTA-FSD/ros2_ws/install/wuta_msgs/include/wuta_msgs/wuta_msgs/msg/rosidl_typesupport_introspection_c__visibility_control.h\n'}
[0.565749] (autoware_msgs) StdoutLine: {'line': b'[100%] Built target ament_cmake_python_build_autoware_msgs_egg\n'}
[0.565832] (wuta_msgs) StdoutLine: {'line': b'-- Up-to-date symlink: /home/starry1n/WUTA/WUTA-FSD/ros2_ws/install/wuta_msgs/include/wuta_msgs/wuta_msgs/msg/cone.hpp\n'}
[0.566201] (wuta_msgs) StdoutLine: {'line': b'-- Up-to-date symlink: /home/starry1n/WUTA/WUTA-FSD/ros2_ws/install/wuta_msgs/include/wuta_msgs/wuta_msgs/msg/cone_array.hpp\n'}
[0.566262] (wuta_msgs) StdoutLine: {'line': b'-- Up-to-date symlink: /home/starry1n/WUTA/WUTA-FSD/ros2_ws/install/wuta_msgs/include/wuta_msgs/wuta_msgs/msg/cone_map.hpp\n'}
[0.566336] (wuta_msgs) StdoutLine: {'line': b'-- Up-to-date symlink: /home/starry1n/WUTA/WUTA-FSD/ros2_ws/install/wuta_msgs/include/wuta_msgs/wuta_msgs/msg/detail/cone__builder.hpp\n'}
[0.566391] (wuta_msgs) StdoutLine: {'line': b'-- Up-to-date symlink: /home/starry1n/WUTA/WUTA-FSD/ros2_ws/install/wuta_msgs/include/wuta_msgs/wuta_msgs/msg/detail/cone__struct.hpp\n'}
[0.566570] (wuta_msgs) StdoutLine: {'line': b'-- Up-to-date symlink: /home/starry1n/WUTA/WUTA-FSD/ros2_ws/install/wuta_msgs/include/wuta_msgs/wuta_msgs/msg/detail/cone__traits.hpp\n'}
[0.566633] (wuta_msgs) StdoutLine: {'line': b'-- Up-to-date symlink: /home/starry1n/WUTA/WUTA-FSD/ros2_ws/install/wuta_msgs/include/wuta_msgs/wuta_msgs/msg/detail/cone__type_support.hpp\n'}
[0.566684] (wuta_msgs) StdoutLine: {'line': b'-- Up-to-date symlink: /home/starry1n/WUTA/WUTA-FSD/ros2_ws/install/wuta_msgs/include/wuta_msgs/wuta_msgs/msg/detail/cone_array__builder.hpp\n'}
[0.566731] (wuta_msgs) StdoutLine: {'line': b'-- Up-to-date symlink: /home/starry1n/WUTA/WUTA-FSD/ros2_ws/install/wuta_msgs/include/wuta_msgs/wuta_msgs/msg/detail/cone_array__struct.hpp\n'}
[0.566780] (wuta_msgs) StdoutLine: {'line': b'-- Up-to-date symlink: /home/starry1n/WUTA/WUTA-FSD/ros2_ws/install/wuta_msgs/include/wuta_msgs/wuta_msgs/msg/detail/cone_array__traits.hpp\n'}
[0.566922] (wuta_msgs) StdoutLine: {'line': b'-- Up-to-date symlink: /home/starry1n/WUTA/WUTA-FSD/ros2_ws/install/wuta_msgs/include/wuta_msgs/wuta_msgs/msg/detail/cone_array__type_support.hpp\n'}
[0.567088] (wuta_msgs) StdoutLine: {'line': b'-- Up-to-date symlink: /home/starry1n/WUTA/WUTA-FSD/ros2_ws/install/wuta_msgs/include/wuta_msgs/wuta_msgs/msg/detail/cone_map__builder.hpp\n'}
[0.567273] (wuta_msgs) StdoutLine: {'line': b'-- Up-to-date symlink: /home/starry1n/WUTA/WUTA-FSD/ros2_ws/install/wuta_msgs/include/wuta_msgs/wuta_msgs/msg/detail/cone_map__struct.hpp\n'}
[0.567357] (wuta_msgs) StdoutLine: {'line': b'-- Up-to-date symlink: /home/starry1n/WUTA/WUTA-FSD/ros2_ws/install/wuta_msgs/include/wuta_msgs/wuta_msgs/msg/detail/cone_map__traits.hpp\n'}
[0.567479] (wuta_msgs) StdoutLine: {'line': b'-- Up-to-date symlink: /home/starry1n/WUTA/WUTA-FSD/ros2_ws/install/wuta_msgs/include/wuta_msgs/wuta_msgs/msg/detail/cone_map__type_support.hpp\n'}
[0.567555] (wuta_msgs) StdoutLine: {'line': b'-- Up-to-date symlink: /home/starry1n/WUTA/WUTA-FSD/ros2_ws/install/wuta_msgs/include/wuta_msgs/wuta_msgs/msg/detail/mission_state__builder.hpp\n'}
[0.567609] (wuta_msgs) StdoutLine: {'line': b'-- Up-to-date symlink: /home/starry1n/WUTA/WUTA-FSD/ros2_ws/install/wuta_msgs/include/wuta_msgs/wuta_msgs/msg/detail/mission_state__struct.hpp\n'}
[0.567653] (wuta_msgs) StdoutLine: {'line': b'-- Up-to-date symlink: /home/starry1n/WUTA/WUTA-FSD/ros2_ws/install/wuta_msgs/include/wuta_msgs/wuta_msgs/msg/detail/mission_state__traits.hpp\n'}
[0.567701] (wuta_msgs) StdoutLine: {'line': b'-- Up-to-date symlink: /home/starry1n/WUTA/WUTA-FSD/ros2_ws/install/wuta_msgs/include/wuta_msgs/wuta_msgs/msg/detail/mission_state__type_support.hpp\n'}
[0.567854] (wuta_msgs) StdoutLine: {'line': b'-- Up-to-date symlink: /home/starry1n/WUTA/WUTA-FSD/ros2_ws/install/wuta_msgs/include/wuta_msgs/wuta_msgs/msg/mission_state.hpp\n'}
[0.567919] (wuta_msgs) StdoutLine: {'line': b'-- Up-to-date symlink: /home/starry1n/WUTA/WUTA-FSD/ros2_ws/install/wuta_msgs/include/wuta_msgs/wuta_msgs/msg/rosidl_generator_cpp__visibility_control.hpp\n'}
[0.568053] (wuta_msgs) StdoutLine: {'line': b'-- Up-to-date symlink: /home/starry1n/WUTA/WUTA-FSD/ros2_ws/install/wuta_msgs/include/wuta_msgs/wuta_msgs/msg/detail/cone__rosidl_typesupport_fastrtps_cpp.hpp\n'}
[0.568116] (wuta_msgs) StdoutLine: {'line': b'-- Up-to-date symlink: /home/starry1n/WUTA/WUTA-FSD/ros2_ws/install/wuta_msgs/include/wuta_msgs/wuta_msgs/msg/detail/cone_array__rosidl_typesupport_fastrtps_cpp.hpp\n'}
[0.568540] (wuta_msgs) StdoutLine: {'line': b'-- Up-to-date symlink: /home/starry1n/WUTA/WUTA-FSD/ros2_ws/install/wuta_msgs/include/wuta_msgs/wuta_msgs/msg/detail/cone_map__rosidl_typesupport_fastrtps_cpp.hpp\n'}
[0.568698] (wuta_msgs) StdoutLine: {'line': b'-- Up-to-date symlink: /home/starry1n/WUTA/WUTA-FSD/ros2_ws/install/wuta_msgs/include/wuta_msgs/wuta_msgs/msg/detail/mission_state__rosidl_typesupport_fastrtps_cpp.hpp\n'}
[0.568784] (wuta_msgs) StdoutLine: {'line': b'-- Up-to-date symlink: /home/starry1n/WUTA/WUTA-FSD/ros2_ws/install/wuta_msgs/include/wuta_msgs/wuta_msgs/msg/rosidl_typesupport_fastrtps_cpp__visibility_control.h\n'}
[0.568936] (wuta_msgs) StdoutLine: {'line': b'-- Up-to-date symlink: /home/starry1n/WUTA/WUTA-FSD/ros2_ws/install/wuta_msgs/include/wuta_msgs/wuta_msgs/msg/detail/cone__rosidl_typesupport_introspection_cpp.hpp\n'}
[0.569001] (wuta_msgs) StdoutLine: {'line': b'-- Up-to-date symlink: /home/starry1n/WUTA/WUTA-FSD/ros2_ws/install/wuta_msgs/include/wuta_msgs/wuta_msgs/msg/detail/cone_array__rosidl_typesupport_introspection_cpp.hpp\n'}
[0.569129] (wuta_msgs) StdoutLine: {'line': b'-- Up-to-date symlink: /home/starry1n/WUTA/WUTA-FSD/ros2_ws/install/wuta_msgs/include/wuta_msgs/wuta_msgs/msg/detail/cone_map__rosidl_typesupport_introspection_cpp.hpp\n'}
[0.569398] (wuta_msgs) StdoutLine: {'line': b'-- Up-to-date symlink: /home/starry1n/WUTA/WUTA-FSD/ros2_ws/install/wuta_msgs/include/wuta_msgs/wuta_msgs/msg/detail/mission_state__rosidl_typesupport_introspection_cpp.hpp\n'}
[0.569485] (wuta_msgs) StdoutLine: {'line': b'-- Up-to-date symlink: /home/starry1n/WUTA/WUTA-FSD/ros2_ws/install/wuta_msgs/share/wuta_msgs/environment/pythonpath.sh\n'}
[0.569528] (wuta_msgs) StdoutLine: {'line': b'-- Up-to-date symlink: /home/starry1n/WUTA/WUTA-FSD/ros2_ws/install/wuta_msgs/share/wuta_msgs/environment/pythonpath.dsv\n'}
[0.569563] (wuta_msgs) StdoutLine: {'line': b'-- Up-to-date symlink: /home/starry1n/WUTA/WUTA-FSD/ros2_ws/install/wuta_msgs/local/lib/python3.10/dist-packages/wuta_msgs-1.0.0-py3.10.egg-info/PKG-INFO\n'}
[0.569721] (wuta_msgs) StdoutLine: {'line': b'-- Up-to-date symlink: /home/starry1n/WUTA/WUTA-FSD/ros2_ws/install/wuta_msgs/local/lib/python3.10/dist-packages/wuta_msgs-1.0.0-py3.10.egg-info/SOURCES.txt\n'}
[0.569859] (wuta_msgs) StdoutLine: {'line': b'-- Up-to-date symlink: /home/starry1n/WUTA/WUTA-FSD/ros2_ws/install/wuta_msgs/local/lib/python3.10/dist-packages/wuta_msgs-1.0.0-py3.10.egg-info/dependency_links.txt\n'}
[0.569909] (wuta_msgs) StdoutLine: {'line': b'-- Up-to-date symlink: /home/starry1n/WUTA/WUTA-FSD/ros2_ws/install/wuta_msgs/local/lib/python3.10/dist-packages/wuta_msgs-1.0.0-py3.10.egg-info/top_level.txt\n'}
[0.570090] (wuta_msgs) StdoutLine: {'line': b'-- Up-to-date symlink: /home/starry1n/WUTA/WUTA-FSD/ros2_ws/install/wuta_msgs/local/lib/python3.10/dist-packages/wuta_msgs/__init__.py\n'}
[0.570284] (wuta_msgs) StdoutLine: {'line': b'-- Up-to-date symlink: /home/starry1n/WUTA/WUTA-FSD/ros2_ws/install/wuta_msgs/local/lib/python3.10/dist-packages/wuta_msgs/_wuta_msgs_s.ep.rosidl_typesupport_c.c\n'}
[0.570343] (wuta_msgs) StdoutLine: {'line': b'-- Up-to-date symlink: /home/starry1n/WUTA/WUTA-FSD/ros2_ws/install/wuta_msgs/local/lib/python3.10/dist-packages/wuta_msgs/_wuta_msgs_s.ep.rosidl_typesupport_fastrtps_c.c\n'}
[0.570429] (wuta_msgs) StdoutLine: {'line': b'-- Up-to-date symlink: /home/starry1n/WUTA/WUTA-FSD/ros2_ws/install/wuta_msgs/local/lib/python3.10/dist-packages/wuta_msgs/_wuta_msgs_s.ep.rosidl_typesupport_introspection_c.c\n'}
[0.570527] (wuta_msgs) StdoutLine: {'line': b'-- Up-to-date symlink: /home/starry1n/WUTA/WUTA-FSD/ros2_ws/install/wuta_msgs/local/lib/python3.10/dist-packages/wuta_msgs/libwuta_msgs__rosidl_generator_py.so\n'}
[0.570622] (wuta_msgs) StdoutLine: {'line': b'-- Up-to-date symlink: /home/starry1n/WUTA/WUTA-FSD/ros2_ws/install/wuta_msgs/local/lib/python3.10/dist-packages/wuta_msgs/msg/__init__.py\n'}
[0.570751] (wuta_msgs) StdoutLine: {'line': b'-- Up-to-date symlink: /home/starry1n/WUTA/WUTA-FSD/ros2_ws/install/wuta_msgs/local/lib/python3.10/dist-packages/wuta_msgs/msg/_cone.py\n'}
[0.570825] (wuta_msgs) StdoutLine: {'line': b'-- Up-to-date symlink: /home/starry1n/WUTA/WUTA-FSD/ros2_ws/install/wuta_msgs/local/lib/python3.10/dist-packages/wuta_msgs/msg/_cone_array.py\n'}
[0.570975] (wuta_msgs) StdoutLine: {'line': b'-- Up-to-date symlink: /home/starry1n/WUTA/WUTA-FSD/ros2_ws/install/wuta_msgs/local/lib/python3.10/dist-packages/wuta_msgs/msg/_cone_array_s.c\n'}
[0.571027] (wuta_msgs) StdoutLine: {'line': b'-- Up-to-date symlink: /home/starry1n/WUTA/WUTA-FSD/ros2_ws/install/wuta_msgs/local/lib/python3.10/dist-packages/wuta_msgs/msg/_cone_map.py\n'}
[0.571067] (wuta_msgs) StdoutLine: {'line': b'-- Up-to-date symlink: /home/starry1n/WUTA/WUTA-FSD/ros2_ws/install/wuta_msgs/local/lib/python3.10/dist-packages/wuta_msgs/msg/_cone_map_s.c\n'}
[0.571275] (wuta_msgs) StdoutLine: {'line': b'-- Up-to-date symlink: /home/starry1n/WUTA/WUTA-FSD/ros2_ws/install/wuta_msgs/local/lib/python3.10/dist-packages/wuta_msgs/msg/_cone_s.c\n'}
[0.571470] (wuta_msgs) StdoutLine: {'line': b'-- Up-to-date symlink: /home/starry1n/WUTA/WUTA-FSD/ros2_ws/install/wuta_msgs/local/lib/python3.10/dist-packages/wuta_msgs/msg/_mission_state.py\n'}
[0.571643] (wuta_msgs) StdoutLine: {'line': b'-- Up-to-date symlink: /home/starry1n/WUTA/WUTA-FSD/ros2_ws/install/wuta_msgs/local/lib/python3.10/dist-packages/wuta_msgs/msg/_mission_state_s.c\n'}
[0.571715] (wuta_msgs) StdoutLine: {'line': b'-- Up-to-date symlink: /home/starry1n/WUTA/WUTA-FSD/ros2_ws/install/wuta_msgs/local/lib/python3.10/dist-packages/wuta_msgs/wuta_msgs_s__rosidl_typesupport_c.cpython-310-x86_64-linux-gnu.so\n'}
[0.571763] (wuta_msgs) StdoutLine: {'line': b'-- Up-to-date symlink: /home/starry1n/WUTA/WUTA-FSD/ros2_ws/install/wuta_msgs/local/lib/python3.10/dist-packages/wuta_msgs/wuta_msgs_s__rosidl_typesupport_fastrtps_c.cpython-310-x86_64-linux-gnu.so\n'}
[0.571809] (wuta_msgs) StdoutLine: {'line': b'-- Up-to-date symlink: /home/starry1n/WUTA/WUTA-FSD/ros2_ws/install/wuta_msgs/local/lib/python3.10/dist-packages/wuta_msgs/wuta_msgs_s__rosidl_typesupport_introspection_c.cpython-310-x86_64-linux-gnu.so\n'}
[0.572017] (wuta_msgs) StdoutLine: {'line': b'-- Up-to-date symlink: /home/starry1n/WUTA/WUTA-FSD/ros2_ws/install/wuta_msgs/local/lib/python3.10/dist-packages/wuta_msgs/wuta_msgs_s__rosidl_typesupport_fastrtps_c.cpython-310-x86_64-linux-gnu.so\n'}
[0.572189] (wuta_msgs) StdoutLine: {'line': b'-- Up-to-date symlink: /home/starry1n/WUTA/WUTA-FSD/ros2_ws/install/wuta_msgs/local/lib/python3.10/dist-packages/wuta_msgs/wuta_msgs_s__rosidl_typesupport_introspection_c.cpython-310-x86_64-linux-gnu.so\n'}
[0.572254] (wuta_msgs) StdoutLine: {'line': b'-- Up-to-date symlink: /home/starry1n/WUTA/WUTA-FSD/ros2_ws/install/wuta_msgs/local/lib/python3.10/dist-packages/wuta_msgs/wuta_msgs_s__rosidl_typesupport_c.cpython-310-x86_64-linux-gnu.so\n'}
[0.572361] (wuta_msgs) StdoutLine: {'line': b'-- Up-to-date symlink: /home/starry1n/WUTA/WUTA-FSD/ros2_ws/install/wuta_msgs/share/ament_index/resource_index/rust_packages/wuta_msgs\n'}
[0.572783] (wuta_msgs) StdoutLine: {'line': b'-- Up-to-date symlink: /home/starry1n/WUTA/WUTA-FSD/ros2_ws/install/wuta_msgs/share/wuta_msgs/rust/Cargo.toml\n'}
[0.573064] (wuta_msgs) StdoutLine: {'line': b'-- Up-to-date symlink: /home/starry1n/WUTA/WUTA-FSD/ros2_ws/install/wuta_msgs/share/wuta_msgs/rust/build.rs\n'}
[0.573237] (wuta_msgs) StdoutLine: {'line': b'-- Up-to-date symlink: /home/starry1n/WUTA/WUTA-FSD/ros2_ws/install/wuta_msgs/share/wuta_msgs/rust/src/lib.rs\n'}
[0.573286] (wuta_msgs) StdoutLine: {'line': b'-- Up-to-date symlink: /home/starry1n/WUTA/WUTA-FSD/ros2_ws/install/wuta_msgs/share/wuta_msgs/rust/src/msg.rs\n'}
[0.573360] (wuta_msgs) StdoutLine: {'line': b'-- Up-to-date symlink: /home/starry1n/WUTA/WUTA-FSD/ros2_ws/install/wuta_msgs/share/wuta_msgs/rust/src/msg/rmw.rs\n'}
[0.573403] (wuta_msgs) StdoutLine: {'line': b'-- Up-to-date symlink: /home/starry1n/WUTA/WUTA-FSD/ros2_ws/install/wuta_msgs/share/wuta_msgs/msg/Cone.idl\n'}
[0.573487] (wuta_msgs) StdoutLine: {'line': b'-- Up-to-date symlink: /home/starry1n/WUTA/WUTA-FSD/ros2_ws/install/wuta_msgs/share/wuta_msgs/msg/ConeArray.idl\n'}
[0.573582] (wuta_msgs) StdoutLine: {'line': b'-- Up-to-date symlink: /home/starry1n/WUTA/WUTA-FSD/ros2_ws/install/wuta_msgs/share/wuta_msgs/msg/ConeMap.idl\n'}
[0.574236] (wuta_msgs) StdoutLine: {'line': b'-- Up-to-date symlink: /home/starry1n/WUTA/WUTA-FSD/ros2_ws/install/wuta_msgs/share/wuta_msgs/msg/MissionState.idl\n'}
[0.574300] (wuta_msgs) StdoutLine: {'line': b'-- Up-to-date symlink: /home/starry1n/WUTA/WUTA-FSD/ros2_ws/install/wuta_msgs/share/wuta_msgs/msg/Cone.msg\n'}
[0.574333] (wuta_msgs) StdoutLine: {'line': b'-- Up-to-date symlink: /home/starry1n/WUTA/WUTA-FSD/ros2_ws/install/wuta_msgs/share/wuta_msgs/msg/ConeArray.msg\n'}
[0.574362] (wuta_msgs) StdoutLine: {'line': b'-- Up-to-date symlink: /home/starry1n/WUTA/WUTA-FSD/ros2_ws/install/wuta_msgs/share/wuta_msgs/msg/ConeMap.msg\n'}
[0.574390] (wuta_msgs) StdoutLine: {'line': b'-- Up-to-date symlink: /home/starry1n/WUTA/WUTA-FSD/ros2_ws/install/wuta_msgs/share/wuta_msgs/msg/MissionState.msg\n'}
[0.574415] (wuta_msgs) StdoutLine: {'line': b'-- Up-to-date symlink: /home/starry1n/WUTA/WUTA-FSD/ros2_ws/install/wuta_msgs/share/ament_index/resource_index/package_run_dependencies/wuta_msgs\n'}
[0.574818] (wuta_msgs) StdoutLine: {'line': b'-- Up-to-date symlink: /home/starry1n/WUTA/WUTA-FSD/ros2_ws/install/wuta_msgs/share/ament_index/resource_index/parent_prefix_path/wuta_msgs\n'}
[0.574901] (wuta_msgs) StdoutLine: {'line': b'-- Up-to-date symlink: /home/starry1n/WUTA/WUTA-FSD/ros2_ws/install/wuta_msgs/share/wuta_msgs/environment/ament_prefix_path.sh\n'}
[0.574941] (wuta_msgs) StdoutLine: {'line': b'-- Up-to-date symlink: /home/starry1n/WUTA/WUTA-FSD/ros2_ws/install/wuta_msgs/share/wuta_msgs/environment/ament_prefix_path.dsv\n'}
[0.575373] (wuta_msgs) StdoutLine: {'line': b'-- Up-to-date symlink: /home/starry1n/WUTA/WUTA-FSD/ros2_ws/install/wuta_msgs/share/wuta_msgs/environment/path.sh\n'}
[0.576032] (wuta_msgs) StdoutLine: {'line': b'-- Up-to-date symlink: /home/starry1n/WUTA/WUTA-FSD/ros2_ws/install/wuta_msgs/share/wuta_msgs/environment/path.dsv\n'}
[0.576397] (wuta_msgs) StdoutLine: {'line': b'-- Up-to-date symlink: /home/starry1n/WUTA/WUTA-FSD/ros2_ws/install/wuta_msgs/share/wuta_msgs/local_setup.bash\n'}
[0.576559] (wuta_msgs) StdoutLine: {'line': b'-- Up-to-date symlink: /home/starry1n/WUTA/WUTA-FSD/ros2_ws/install/wuta_msgs/share/wuta_msgs/local_setup.sh\n'}
[0.576839] (wuta_msgs) StdoutLine: {'line': b'-- Up-to-date symlink: /home/starry1n/WUTA/WUTA-FSD/ros2_ws/install/wuta_msgs/share/wuta_msgs/local_setup.zsh\n'}
[0.577251] (wuta_msgs) StdoutLine: {'line': b'-- Up-to-date symlink: /home/starry1n/WUTA/WUTA-FSD/ros2_ws/install/wuta_msgs/share/wuta_msgs/local_setup.dsv\n'}
[0.578216] (wuta_msgs) StdoutLine: {'line': b'-- Symlinking: /home/starry1n/WUTA/WUTA-FSD/ros2_ws/install/wuta_msgs/share/wuta_msgs/package.dsv\n'}
[0.579249] (robot_localization) StdoutLine: {'line': b'running egg_info\n'}
[0.579392] (robot_localization) StdoutLine: {'line': b'writing robot_localization.egg-info/PKG-INFO\n'}
[0.579455] (autoware_msgs) CommandEnded: {'returncode': 0}
[0.579779] (robot_localization) StdoutLine: {'line': b'writing dependency_links to robot_localization.egg-info/dependency_links.txt\n'}
[0.579856] (robot_localization) StdoutLine: {'line': b'writing top-level names to robot_localization.egg-info/top_level.txt\n'}
[0.581494] (autoware_msgs) JobProgress: {'identifier': 'autoware_msgs', 'progress': 'install'}
[0.581906] (autoware_msgs) Command: {'cmd': ['/usr/bin/cmake', '--install', '/home/starry1n/WUTA/WUTA-FSD/ros2_ws/build/autoware_msgs'], 'cwd': '/home/starry1n/WUTA/WUTA-FSD/ros2_ws/build/autoware_msgs', 'env': OrderedDict([('LESSOPEN', '| /usr/bin/lesspipe %s'), ('LANGUAGE', 'zh_CN:zh'), ('USER', 'starry1n'), ('XDG_SESSION_TYPE', 'wayland'), ('SHLVL', '3'), ('LD_LIBRARY_PATH', '/opt/ros/humble/opt/rviz_ogre_vendor/lib:/opt/ros/humble/lib/x86_64-linux-gnu:/opt/ros/humble/lib'), ('HOME', '/home/starry1n'), ('OLDPWD', '/home/starry1n/WUTA/WUTA-FSD'), ('DESKTOP_SESSION', 'ubuntu'), ('ROS_PYTHON_VERSION', '3'), ('GNOME_SHELL_SESSION_MODE', 'ubuntu'), ('GTK_MODULES', 'gail:atk-bridge'), ('DBUS_STARTER_BUS_TYPE', 'session'), ('SYSTEMD_EXEC_PID', '2321'), ('DBUS_SESSION_BUS_ADDRESS', 'unix:path=/run/user/1000/bus,guid=c67e2489f73595b365ff0ae46a50c8ee'), ('COLORTERM', 'truecolor'), ('IM_CONFIG_PHASE', '1'), ('WAYLAND_DISPLAY', 'wayland-0'), ('ROS_DISTRO', 'humble'), ('LOGNAME', 'starry1n'), ('_', '/usr/bin/colcon'), ('ROS_VERSION', '2'), ('XDG_SESSION_CLASS', 'user'), ('USERNAME', 'starry1n'), ('TERM', 'xterm-256color'), ('GNOME_DESKTOP_SESSION_ID', 'this-is-deprecated'), ('ROS_LOCALHOST_ONLY', '0'), ('PATH', '/home/starry1n/.local/bin:/opt/ros/humble/bin:/home/starry1n/.local/bin:/usr/local/sbin:/usr/local/bin:/usr/sbin:/usr/bin:/sbin:/bin:/usr/games:/usr/local/games:/snap/bin:/snap/bin'), ('SESSION_MANAGER', 'local/starry1n-virtual-machine:@/tmp/.ICE-unix/2321,unix/starry1n-virtual-machine:/tmp/.ICE-unix/2321'), ('XDG_MENU_PREFIX', 'gnome-'), ('GNOME_TERMINAL_SCREEN', '/org/gnome/Terminal/screen/1f3eb7e9_2641_49ca_8c99_b72e9fb24486'), ('GNOME_SETUP_DISPLAY', ':1'), ('XDG_RUNTIME_DIR', '/run/user/1000'), ('DISPLAY', ':0'), ('LANG', 'zh_CN.UTF-8'), ('XDG_CURRENT_DESKTOP', 'ubuntu:GNOME'), ('XMODIFIERS', '@im=ibus'), ('XDG_SESSION_DESKTOP', 'ubuntu'), ('XAUTHORITY', '/run/user/1000/.mutter-Xwaylandauth.H6FRS3'), ('LS_COLORS', 'rs=0:di=01;34:ln=01;36:mh=00:pi=40;33:so=01;35:do=01;35:bd=40;33;01:cd=40;33;01:or=40;31;01:mi=00:su=37;41:sg=30;43:ca=30;41:tw=30;42:ow=34;42:st=37;44:ex=01;32:*.tar=01;31:*.tgz=01;31:*.arc=01;31:*.arj=01;31:*.taz=01;31:*.lha=01;31:*.lz4=01;31:*.lzh=01;31:*.lzma=01;31:*.tlz=01;31:*.txz=01;31:*.tzo=01;31:*.t7z=01;31:*.zip=01;31:*.z=01;31:*.dz=01;31:*.gz=01;31:*.lrz=01;31:*.lz=01;31:*.lzo=01;31:*.xz=01;31:*.zst=01;31:*.tzst=01;31:*.bz2=01;31:*.bz=01;31:*.tbz=01;31:*.tbz2=01;31:*.tz=01;31:*.deb=01;31:*.rpm=01;31:*.jar=01;31:*.war=01;31:*.ear=01;31:*.sar=01;31:*.rar=01;31:*.alz=01;31:*.ace=01;31:*.zoo=01;31:*.cpio=01;31:*.7z=01;31:*.rz=01;31:*.cab=01;31:*.wim=01;31:*.swm=01;31:*.dwm=01;31:*.esd=01;31:*.jpg=01;35:*.jpeg=01;35:*.mjpg=01;35:*.mjpeg=01;35:*.gif=01;35:*.bmp=01;35:*.pbm=01;35:*.pgm=01;35:*.ppm=01;35:*.tga=01;35:*.xbm=01;35:*.xpm=01;35:*.tif=01;35:*.tiff=01;35:*.png=01;35:*.svg=01;35:*.svgz=01;35:*.mng=01;35:*.pcx=01;35:*.mov=01;35:*.mpg=01;35:*.mpeg=01;35:*.m2v=01;35:*.mkv=01;35:*.webm=01;35:*.webp=01;35:*.ogm=01;35:*.mp4=01;35:*.m4v=01;35:*.mp4v=01;35:*.vob=01;35:*.qt=01;35:*.nuv=01;35:*.wmv=01;35:*.asf=01;35:*.rm=01;35:*.rmvb=01;35:*.flc=01;35:*.avi=01;35:*.fli=01;35:*.flv=01;35:*.gl=01;35:*.dl=01;35:*.xcf=01;35:*.xwd=01;35:*.yuv=01;35:*.cgm=01;35:*.emf=01;35:*.ogv=01;35:*.ogx=01;35:*.aac=00;36:*.au=00;36:*.flac=00;36:*.m4a=00;36:*.mid=00;36:*.midi=00;36:*.mka=00;36:*.mp3=00;36:*.mpc=00;36:*.ogg=00;36:*.ra=00;36:*.wav=00;36:*.oga=00;36:*.opus=00;36:*.spx=00;36:*.xspf=00;36:'), ('GNOME_TERMINAL_SERVICE', ':1.330'), ('SSH_AGENT_LAUNCHER', 'gnome-keyring'), ('SSH_AUTH_SOCK', '/run/user/1000/keyring/ssh'), ('AMENT_PREFIX_PATH', '/opt/ros/humble'), ('SHELL', '/bin/bash'), ('QT_ACCESSIBILITY', '1'), ('GDMSESSION', 'ubuntu'), ('LESSCLOSE', '/usr/bin/lesspipe %s %s'), ('QT_IM_MODULE', 'ibus'), ('PWD', '/home/starry1n/WUTA/WUTA-FSD/ros2_ws/build/autoware_msgs'), ('XDG_CONFIG_DIRS', '/etc/xdg/xdg-ubuntu:/etc/xdg'), ('DBUS_STARTER_ADDRESS', 'unix:path=/run/user/1000/bus,guid=c67e2489f73595b365ff0ae46a50c8ee'), ('XDG_DATA_DIRS', '/usr/share/ubuntu:/usr/local/share/:/usr/share/:/var/lib/snapd/desktop'), ('PYTHONPATH', '/opt/ros/humble/lib/python3.10/site-packages:/opt/ros/humble/local/lib/python3.10/dist-packages'), ('COLCON', '1'), ('VTE_VERSION', '6800'), ('CMAKE_PREFIX_PATH', '/opt/ros/humble')]), 'shell': False}
[0.582651] (robot_localization) StdoutLine: {'line': b"reading manifest file 'robot_localization.egg-info/SOURCES.txt'\n"}
[0.582835] (robot_localization) StdoutLine: {'line': b"writing manifest file 'robot_localization.egg-info/SOURCES.txt'\n"}
[0.587300] (autoware_msgs) StdoutLine: {'line': b'-- Install configuration: ""\n'}
[0.587712] (autoware_msgs) StdoutLine: {'line': b'-- Execute custom install script\n'}
[0.588038] (autoware_msgs) StdoutLine: {'line': b'-- Up-to-date symlink: /home/starry1n/WUTA/WUTA-FSD/ros2_ws/install/autoware_msgs/share/ament_index/resource_index/rosidl_interfaces/autoware_msgs\n'}
[0.588636] (autoware_msgs) StdoutLine: {'line': b'-- Up-to-date symlink: /home/starry1n/WUTA/WUTA-FSD/ros2_ws/install/autoware_msgs/include/autoware_msgs/autoware_msgs/msg/command.h\n'}
[0.589000] (autoware_msgs) StdoutLine: {'line': b'-- Up-to-date symlink: /home/starry1n/WUTA/WUTA-FSD/ros2_ws/install/autoware_msgs/include/autoware_msgs/autoware_msgs/msg/detail/command__functions.h\n'}
[0.589078] (autoware_msgs) StdoutLine: {'line': b'-- Up-to-date symlink: /home/starry1n/WUTA/WUTA-FSD/ros2_ws/install/autoware_msgs/include/autoware_msgs/autoware_msgs/msg/detail/command__struct.h\n'}
[0.589126] (autoware_msgs) StdoutLine: {'line': b'-- Up-to-date symlink: /home/starry1n/WUTA/WUTA-FSD/ros2_ws/install/autoware_msgs/include/autoware_msgs/autoware_msgs/msg/detail/command__type_support.h\n'}
[0.589297] (autoware_msgs) StdoutLine: {'line': b'-- Up-to-date symlink: /home/starry1n/WUTA/WUTA-FSD/ros2_ws/install/autoware_msgs/include/autoware_msgs/autoware_msgs/msg/detail/lane__functions.h\n'}
[0.589351] (autoware_msgs) StdoutLine: {'line': b'-- Up-to-date symlink: /home/starry1n/WUTA/WUTA-FSD/ros2_ws/install/autoware_msgs/include/autoware_msgs/autoware_msgs/msg/detail/lane__struct.h\n'}
[0.589385] (autoware_msgs) StdoutLine: {'line': b'-- Up-to-date symlink: /home/starry1n/WUTA/WUTA-FSD/ros2_ws/install/autoware_msgs/include/autoware_msgs/autoware_msgs/msg/detail/lane__type_support.h\n'}
[0.589416] (autoware_msgs) StdoutLine: {'line': b'-- Up-to-date symlink: /home/starry1n/WUTA/WUTA-FSD/ros2_ws/install/autoware_msgs/include/autoware_msgs/autoware_msgs/msg/detail/waypoint__functions.h\n'}
[0.589444] (autoware_msgs) StdoutLine: {'line': b'-- Up-to-date symlink: /home/starry1n/WUTA/WUTA-FSD/ros2_ws/install/autoware_msgs/include/autoware_msgs/autoware_msgs/msg/detail/waypoint__struct.h\n'}
[0.589472] (autoware_msgs) StdoutLine: {'line': b'-- Up-to-date symlink: /home/starry1n/WUTA/WUTA-FSD/ros2_ws/install/autoware_msgs/include/autoware_msgs/autoware_msgs/msg/detail/waypoint__type_support.h\n'}
[0.589500] (autoware_msgs) StdoutLine: {'line': b'-- Up-to-date symlink: /home/starry1n/WUTA/WUTA-FSD/ros2_ws/install/autoware_msgs/include/autoware_msgs/autoware_msgs/msg/lane.h\n'}
[0.589529] (autoware_msgs) StdoutLine: {'line': b'-- Up-to-date symlink: /home/starry1n/WUTA/WUTA-FSD/ros2_ws/install/autoware_msgs/include/autoware_msgs/autoware_msgs/msg/rosidl_generator_c__visibility_control.h\n'}
[0.589567] (autoware_msgs) StdoutLine: {'line': b'-- Up-to-date symlink: /home/starry1n/WUTA/WUTA-FSD/ros2_ws/install/autoware_msgs/include/autoware_msgs/autoware_msgs/msg/waypoint.h\n'}
[0.589595] (autoware_msgs) StdoutLine: {'line': b'-- Up-to-date symlink: /home/starry1n/WUTA/WUTA-FSD/ros2_ws/install/autoware_msgs/share/autoware_msgs/environment/library_path.sh\n'}
[0.589622] (autoware_msgs) StdoutLine: {'line': b'-- Up-to-date symlink: /home/starry1n/WUTA/WUTA-FSD/ros2_ws/install/autoware_msgs/share/autoware_msgs/environment/library_path.dsv\n'}
[0.589648] (autoware_msgs) StdoutLine: {'line': b'-- Up-to-date symlink: /home/starry1n/WUTA/WUTA-FSD/ros2_ws/install/autoware_msgs/include/autoware_msgs/autoware_msgs/msg/detail/command__rosidl_typesupport_fastrtps_c.h\n'}
[0.590267] (wuta_msgs) StdoutLine: {'line': b'-- Up-to-date symlink: /home/starry1n/WUTA/WUTA-FSD/ros2_ws/install/wuta_msgs/share/ament_index/resource_index/packages/wuta_msgs\n'}
[0.590798] (wuta_msgs) StdoutLine: {'line': b'-- Up-to-date symlink: /home/starry1n/WUTA/WUTA-FSD/ros2_ws/install/wuta_msgs/share/wuta_msgs/cmake/rosidl_cmake-extras.cmake\n'}
[0.590873] (wuta_msgs) StdoutLine: {'line': b'-- Up-to-date symlink: /home/starry1n/WUTA/WUTA-FSD/ros2_ws/install/wuta_msgs/share/wuta_msgs/cmake/ament_cmake_export_dependencies-extras.cmake\n'}
[0.591391] (wuta_msgs) StdoutLine: {'line': b'-- Up-to-date symlink: /home/starry1n/WUTA/WUTA-FSD/ros2_ws/install/wuta_msgs/share/wuta_msgs/cmake/ament_cmake_export_include_directories-extras.cmake\n'}
[0.591490] (wuta_msgs) StdoutLine: {'line': b'-- Up-to-date symlink: /home/starry1n/WUTA/WUTA-FSD/ros2_ws/install/wuta_msgs/share/wuta_msgs/cmake/ament_cmake_export_libraries-extras.cmake\n'}
[0.591631] (wuta_msgs) StdoutLine: {'line': b'-- Up-to-date symlink: /home/starry1n/WUTA/WUTA-FSD/ros2_ws/install/wuta_msgs/share/wuta_msgs/cmake/ament_cmake_export_targets-extras.cmake\n'}
[0.591770] (autoware_msgs) StdoutLine: {'line': b'-- Up-to-date symlink: /home/starry1n/WUTA/WUTA-FSD/ros2_ws/install/autoware_msgs/include/autoware_msgs/autoware_msgs/msg/detail/lane__rosidl_typesupport_fastrtps_c.h\n'}
[0.591902] (autoware_msgs) StdoutLine: {'line': b'-- Up-to-date symlink: /home/starry1n/WUTA/WUTA-FSD/ros2_ws/install/autoware_msgs/include/autoware_msgs/autoware_msgs/msg/detail/waypoint__rosidl_typesupport_fastrtps_c.h\n'}
[0.592285] (autoware_msgs) StdoutLine: {'line': b'-- Up-to-date symlink: /home/starry1n/WUTA/WUTA-FSD/ros2_ws/install/autoware_msgs/include/autoware_msgs/autoware_msgs/msg/rosidl_typesupport_fastrtps_c__visibility_control.h\n'}
[0.592392] (autoware_msgs) StdoutLine: {'line': b'-- Up-to-date symlink: /home/starry1n/WUTA/WUTA-FSD/ros2_ws/install/autoware_msgs/include/autoware_msgs/autoware_msgs/msg/detail/command__rosidl_typesupport_introspection_c.h\n'}
[0.592465] (autoware_msgs) StdoutLine: {'line': b'-- Up-to-date symlink: /home/starry1n/WUTA/WUTA-FSD/ros2_ws/install/autoware_msgs/include/autoware_msgs/autoware_msgs/msg/detail/lane__rosidl_typesupport_introspection_c.h\n'}
[0.592527] (autoware_msgs) StdoutLine: {'line': b'-- Up-to-date symlink: /home/starry1n/WUTA/WUTA-FSD/ros2_ws/install/autoware_msgs/include/autoware_msgs/autoware_msgs/msg/detail/waypoint__rosidl_typesupport_introspection_c.h\n'}
[0.592684] (autoware_msgs) StdoutLine: {'line': b'-- Up-to-date symlink: /home/starry1n/WUTA/WUTA-FSD/ros2_ws/install/autoware_msgs/include/autoware_msgs/autoware_msgs/msg/rosidl_typesupport_introspection_c__visibility_control.h\n'}
[0.592774] (autoware_msgs) StdoutLine: {'line': b'-- Up-to-date symlink: /home/starry1n/WUTA/WUTA-FSD/ros2_ws/install/autoware_msgs/include/autoware_msgs/autoware_msgs/msg/command.hpp\n'}
[0.592834] (autoware_msgs) StdoutLine: {'line': b'-- Up-to-date symlink: /home/starry1n/WUTA/WUTA-FSD/ros2_ws/install/autoware_msgs/include/autoware_msgs/autoware_msgs/msg/detail/command__builder.hpp\n'}
[0.592895] (autoware_msgs) StdoutLine: {'line': b'-- Up-to-date symlink: /home/starry1n/WUTA/WUTA-FSD/ros2_ws/install/autoware_msgs/include/autoware_msgs/autoware_msgs/msg/detail/command__struct.hpp\n'}
[0.592950] (autoware_msgs) StdoutLine: {'line': b'-- Up-to-date symlink: /home/starry1n/WUTA/WUTA-FSD/ros2_ws/install/autoware_msgs/include/autoware_msgs/autoware_msgs/msg/detail/command__traits.hpp\n'}
[0.593005] (autoware_msgs) StdoutLine: {'line': b'-- Up-to-date symlink: /home/starry1n/WUTA/WUTA-FSD/ros2_ws/install/autoware_msgs/include/autoware_msgs/autoware_msgs/msg/detail/command__type_support.hpp\n'}
[0.593062] (autoware_msgs) StdoutLine: {'line': b'-- Up-to-date symlink: /home/starry1n/WUTA/WUTA-FSD/ros2_ws/install/autoware_msgs/include/autoware_msgs/autoware_msgs/msg/detail/lane__builder.hpp\n'}
[0.593113] (autoware_msgs) StdoutLine: {'line': b'-- Up-to-date symlink: /home/starry1n/WUTA/WUTA-FSD/ros2_ws/install/autoware_msgs/include/autoware_msgs/autoware_msgs/msg/detail/lane__struct.hpp\n'}
[0.593208] (autoware_msgs) StdoutLine: {'line': b'-- Up-to-date symlink: /home/starry1n/WUTA/WUTA-FSD/ros2_ws/install/autoware_msgs/include/autoware_msgs/autoware_msgs/msg/detail/lane__traits.hpp\n'}
[0.593357] (autoware_msgs) StdoutLine: {'line': b'-- Up-to-date symlink: /home/starry1n/WUTA/WUTA-FSD/ros2_ws/install/autoware_msgs/include/autoware_msgs/autoware_msgs/msg/detail/lane__type_support.hpp\n'}
[0.593761] (autoware_msgs) StdoutLine: {'line': b'-- Up-to-date symlink: /home/starry1n/WUTA/WUTA-FSD/ros2_ws/install/autoware_msgs/include/autoware_msgs/autoware_msgs/msg/detail/waypoint__builder.hpp\n'}
[0.593922] (wuta_msgs) StdoutLine: {'line': b'-- Up-to-date symlink: /home/starry1n/WUTA/WUTA-FSD/ros2_ws/install/wuta_msgs/share/wuta_msgs/cmake/rosidl_cmake_export_typesupport_targets-extras.cmake\n'}
[0.593981] (wuta_msgs) StdoutLine: {'line': b'-- Up-to-date symlink: /home/starry1n/WUTA/WUTA-FSD/ros2_ws/install/wuta_msgs/share/wuta_msgs/cmake/rosidl_cmake_export_typesupport_libraries-extras.cmake\n'}
[0.594019] (wuta_msgs) StdoutLine: {'line': b'-- Up-to-date symlink: /home/starry1n/WUTA/WUTA-FSD/ros2_ws/install/wuta_msgs/share/wuta_msgs/cmake/rosidl_cmake_aggregate_target-extras.cmake\n'}
[0.594050] (wuta_msgs) StdoutLine: {'line': b'-- Up-to-date symlink: /home/starry1n/WUTA/WUTA-FSD/ros2_ws/install/wuta_msgs/share/wuta_msgs/cmake/wuta_msgsConfig.cmake\n'}
[0.594081] (wuta_msgs) StdoutLine: {'line': b'-- Up-to-date symlink: /home/starry1n/WUTA/WUTA-FSD/ros2_ws/install/wuta_msgs/share/wuta_msgs/cmake/wuta_msgsConfig-version.cmake\n'}
[0.594109] (wuta_msgs) StdoutLine: {'line': b'-- Up-to-date symlink: /home/starry1n/WUTA/WUTA-FSD/ros2_ws/install/wuta_msgs/share/wuta_msgs/package.xml\n'}
[0.594156] (autoware_msgs) StdoutLine: {'line': b'-- Up-to-date symlink: /home/starry1n/WUTA/WUTA-FSD/ros2_ws/install/autoware_msgs/include/autoware_msgs/autoware_msgs/msg/detail/waypoint__struct.hpp\n'}
[0.594208] (autoware_msgs) StdoutLine: {'line': b'-- Up-to-date symlink: /home/starry1n/WUTA/WUTA-FSD/ros2_ws/install/autoware_msgs/include/autoware_msgs/autoware_msgs/msg/detail/waypoint__traits.hpp\n'}
[0.594891] (autoware_msgs) StdoutLine: {'line': b'-- Up-to-date symlink: /home/starry1n/WUTA/WUTA-FSD/ros2_ws/install/autoware_msgs/include/autoware_msgs/autoware_msgs/msg/detail/waypoint__type_support.hpp\n'}
[0.595317] (autoware_msgs) StdoutLine: {'line': b'-- Up-to-date symlink: /home/starry1n/WUTA/WUTA-FSD/ros2_ws/install/autoware_msgs/include/autoware_msgs/autoware_msgs/msg/lane.hpp\n'}
[0.595444] (autoware_msgs) StdoutLine: {'line': b'-- Up-to-date symlink: /home/starry1n/WUTA/WUTA-FSD/ros2_ws/install/autoware_msgs/include/autoware_msgs/autoware_msgs/msg/rosidl_generator_cpp__visibility_control.hpp\n'}
[0.595482] (autoware_msgs) StdoutLine: {'line': b'-- Up-to-date symlink: /home/starry1n/WUTA/WUTA-FSD/ros2_ws/install/autoware_msgs/include/autoware_msgs/autoware_msgs/msg/waypoint.hpp\n'}
[0.595515] (autoware_msgs) StdoutLine: {'line': b'-- Up-to-date symlink: /home/starry1n/WUTA/WUTA-FSD/ros2_ws/install/autoware_msgs/include/autoware_msgs/autoware_msgs/msg/detail/command__rosidl_typesupport_fastrtps_cpp.hpp\n'}
[0.595546] (autoware_msgs) StdoutLine: {'line': b'-- Up-to-date symlink: /home/starry1n/WUTA/WUTA-FSD/ros2_ws/install/autoware_msgs/include/autoware_msgs/autoware_msgs/msg/detail/lane__rosidl_typesupport_fastrtps_cpp.hpp\n'}
[0.595611] (wuta_msgs) StdoutLine: {'line': b'-- Up-to-date: /home/starry1n/WUTA/WUTA-FSD/ros2_ws/install/wuta_msgs/lib/libwuta_msgs__rosidl_generator_c.so\n'}
[0.596014] (wuta_msgs) StdoutLine: {'line': b'-- Up-to-date: /home/starry1n/WUTA/WUTA-FSD/ros2_ws/install/wuta_msgs/lib/libwuta_msgs__rosidl_typesupport_fastrtps_c.so\n'}
[0.596192] (wuta_msgs) StdoutLine: {'line': b'-- Up-to-date: /home/starry1n/WUTA/WUTA-FSD/ros2_ws/install/wuta_msgs/lib/libwuta_msgs__rosidl_typesupport_introspection_c.so\n'}
[0.596486] (wuta_msgs) StdoutLine: {'line': b'-- Up-to-date: /home/starry1n/WUTA/WUTA-FSD/ros2_ws/install/wuta_msgs/lib/libwuta_msgs__rosidl_typesupport_c.so\n'}
[0.596543] (autoware_msgs) StdoutLine: {'line': b'-- Up-to-date symlink: /home/starry1n/WUTA/WUTA-FSD/ros2_ws/install/autoware_msgs/include/autoware_msgs/autoware_msgs/msg/detail/waypoint__rosidl_typesupport_fastrtps_cpp.hpp\n'}
[0.596587] (autoware_msgs) StdoutLine: {'line': b'-- Up-to-date symlink: /home/starry1n/WUTA/WUTA-FSD/ros2_ws/install/autoware_msgs/include/autoware_msgs/autoware_msgs/msg/rosidl_typesupport_fastrtps_cpp__visibility_control.h\n'}
[0.596625] (autoware_msgs) StdoutLine: {'line': b'-- Up-to-date symlink: /home/starry1n/WUTA/WUTA-FSD/ros2_ws/install/autoware_msgs/include/autoware_msgs/autoware_msgs/msg/detail/command__rosidl_typesupport_introspection_cpp.hpp\n'}
[0.596871] (autoware_msgs) StdoutLine: {'line': b'-- Up-to-date symlink: /home/starry1n/WUTA/WUTA-FSD/ros2_ws/install/autoware_msgs/include/autoware_msgs/autoware_msgs/msg/detail/lane__rosidl_typesupport_introspection_cpp.hpp\n'}
[0.597474] (autoware_msgs) StdoutLine: {'line': b'-- Up-to-date symlink: /home/starry1n/WUTA/WUTA-FSD/ros2_ws/install/autoware_msgs/include/autoware_msgs/autoware_msgs/msg/detail/waypoint__rosidl_typesupport_introspection_cpp.hpp\n'}
[0.597577] (autoware_msgs) StdoutLine: {'line': b'-- Up-to-date symlink: /home/starry1n/WUTA/WUTA-FSD/ros2_ws/install/autoware_msgs/share/autoware_msgs/environment/pythonpath.sh\n'}
[0.597631] (autoware_msgs) StdoutLine: {'line': b'-- Up-to-date symlink: /home/starry1n/WUTA/WUTA-FSD/ros2_ws/install/autoware_msgs/share/autoware_msgs/environment/pythonpath.dsv\n'}
[0.597759] (autoware_msgs) StdoutLine: {'line': b'-- Up-to-date symlink: /home/starry1n/WUTA/WUTA-FSD/ros2_ws/install/autoware_msgs/local/lib/python3.10/dist-packages/autoware_msgs-0.1.0-py3.10.egg-info/PKG-INFO\n'}
[0.597844] (autoware_msgs) StdoutLine: {'line': b'-- Up-to-date symlink: /home/starry1n/WUTA/WUTA-FSD/ros2_ws/install/autoware_msgs/local/lib/python3.10/dist-packages/autoware_msgs-0.1.0-py3.10.egg-info/SOURCES.txt\n'}
[0.597991] (autoware_msgs) StdoutLine: {'line': b'-- Up-to-date symlink: /home/starry1n/WUTA/WUTA-FSD/ros2_ws/install/autoware_msgs/local/lib/python3.10/dist-packages/autoware_msgs-0.1.0-py3.10.egg-info/dependency_links.txt\n'}
[0.598062] (autoware_msgs) StdoutLine: {'line': b'-- Up-to-date symlink: /home/starry1n/WUTA/WUTA-FSD/ros2_ws/install/autoware_msgs/local/lib/python3.10/dist-packages/autoware_msgs-0.1.0-py3.10.egg-info/top_level.txt\n'}
[0.598296] (wuta_msgs) StdoutLine: {'line': b'-- Up-to-date: /home/starry1n/WUTA/WUTA-FSD/ros2_ws/install/wuta_msgs/lib/libwuta_msgs__rosidl_typesupport_fastrtps_cpp.so\n'}
[0.598392] (wuta_msgs) StdoutLine: {'line': b'-- Up-to-date: /home/starry1n/WUTA/WUTA-FSD/ros2_ws/install/wuta_msgs/lib/libwuta_msgs__rosidl_typesupport_introspection_cpp.so\n'}
[0.598431] (wuta_msgs) StdoutLine: {'line': b'-- Up-to-date: /home/starry1n/WUTA/WUTA-FSD/ros2_ws/install/wuta_msgs/lib/libwuta_msgs__rosidl_typesupport_cpp.so\n'}
[0.598575] (autoware_msgs) StdoutLine: {'line': b'-- Up-to-date symlink: /home/starry1n/WUTA/WUTA-FSD/ros2_ws/install/autoware_msgs/local/lib/python3.10/dist-packages/autoware_msgs/__init__.py\n'}
[0.598642] (autoware_msgs) StdoutLine: {'line': b'-- Up-to-date symlink: /home/starry1n/WUTA/WUTA-FSD/ros2_ws/install/autoware_msgs/local/lib/python3.10/dist-packages/autoware_msgs/_autoware_msgs_s.ep.rosidl_typesupport_c.c\n'}
[0.598681] (autoware_msgs) StdoutLine: {'line': b'-- Up-to-date symlink: /home/starry1n/WUTA/WUTA-FSD/ros2_ws/install/autoware_msgs/local/lib/python3.10/dist-packages/autoware_msgs/_autoware_msgs_s.ep.rosidl_typesupport_fastrtps_c.c\n'}
[0.598715] (autoware_msgs) StdoutLine: {'line': b'-- Up-to-date symlink: /home/starry1n/WUTA/WUTA-FSD/ros2_ws/install/autoware_msgs/local/lib/python3.10/dist-packages/autoware_msgs/_autoware_msgs_s.ep.rosidl_typesupport_introspection_c.c\n'}
[0.598747] (autoware_msgs) StdoutLine: {'line': b'-- Up-to-date symlink: /home/starry1n/WUTA/WUTA-FSD/ros2_ws/install/autoware_msgs/local/lib/python3.10/dist-packages/autoware_msgs/autoware_msgs_s__rosidl_typesupport_c.cpython-310-x86_64-linux-gnu.so\n'}
[0.598781] (autoware_msgs) StdoutLine: {'line': b'-- Up-to-date symlink: /home/starry1n/WUTA/WUTA-FSD/ros2_ws/install/autoware_msgs/local/lib/python3.10/dist-packages/autoware_msgs/autoware_msgs_s__rosidl_typesupport_fastrtps_c.cpython-310-x86_64-linux-gnu.so\n'}
[0.598812] (autoware_msgs) StdoutLine: {'line': b'-- Up-to-date symlink: /home/starry1n/WUTA/WUTA-FSD/ros2_ws/install/autoware_msgs/local/lib/python3.10/dist-packages/autoware_msgs/autoware_msgs_s__rosidl_typesupport_introspection_c.cpython-310-x86_64-linux-gnu.so\n'}
[0.598852] (autoware_msgs) StdoutLine: {'line': b'-- Up-to-date symlink: /home/starry1n/WUTA/WUTA-FSD/ros2_ws/install/autoware_msgs/local/lib/python3.10/dist-packages/autoware_msgs/libautoware_msgs__rosidl_generator_py.so\n'}
[0.598887] (autoware_msgs) StdoutLine: {'line': b'-- Up-to-date symlink: /home/starry1n/WUTA/WUTA-FSD/ros2_ws/install/autoware_msgs/local/lib/python3.10/dist-packages/autoware_msgs/msg/__init__.py\n'}
[0.598915] (autoware_msgs) StdoutLine: {'line': b'-- Up-to-date symlink: /home/starry1n/WUTA/WUTA-FSD/ros2_ws/install/autoware_msgs/local/lib/python3.10/dist-packages/autoware_msgs/msg/_command.py\n'}
[0.598943] (autoware_msgs) StdoutLine: {'line': b'-- Up-to-date symlink: /home/starry1n/WUTA/WUTA-FSD/ros2_ws/install/autoware_msgs/local/lib/python3.10/dist-packages/autoware_msgs/msg/_command_s.c\n'}
[0.598968] (autoware_msgs) StdoutLine: {'line': b'-- Up-to-date symlink: /home/starry1n/WUTA/WUTA-FSD/ros2_ws/install/autoware_msgs/local/lib/python3.10/dist-packages/autoware_msgs/msg/_lane.py\n'}
[0.598992] (autoware_msgs) StdoutLine: {'line': b'-- Up-to-date symlink: /home/starry1n/WUTA/WUTA-FSD/ros2_ws/install/autoware_msgs/local/lib/python3.10/dist-packages/autoware_msgs/msg/_lane_s.c\n'}
[0.599073] (autoware_msgs) StdoutLine: {'line': b'-- Up-to-date symlink: /home/starry1n/WUTA/WUTA-FSD/ros2_ws/install/autoware_msgs/local/lib/python3.10/dist-packages/autoware_msgs/msg/_waypoint.py\n'}
[0.599104] (autoware_msgs) StdoutLine: {'line': b'-- Up-to-date symlink: /home/starry1n/WUTA/WUTA-FSD/ros2_ws/install/autoware_msgs/local/lib/python3.10/dist-packages/autoware_msgs/msg/_waypoint_s.c\n'}
[0.599159] (autoware_msgs) StdoutLine: {'line': b'-- Up-to-date symlink: /home/starry1n/WUTA/WUTA-FSD/ros2_ws/install/autoware_msgs/local/lib/python3.10/dist-packages/autoware_msgs/autoware_msgs_s__rosidl_typesupport_fastrtps_c.cpython-310-x86_64-linux-gnu.so\n'}
[0.599209] (autoware_msgs) StdoutLine: {'line': b'-- Up-to-date symlink: /home/starry1n/WUTA/WUTA-FSD/ros2_ws/install/autoware_msgs/local/lib/python3.10/dist-packages/autoware_msgs/autoware_msgs_s__rosidl_typesupport_introspection_c.cpython-310-x86_64-linux-gnu.so\n'}
[0.599238] (autoware_msgs) StdoutLine: {'line': b'-- Up-to-date symlink: /home/starry1n/WUTA/WUTA-FSD/ros2_ws/install/autoware_msgs/local/lib/python3.10/dist-packages/autoware_msgs/autoware_msgs_s__rosidl_typesupport_c.cpython-310-x86_64-linux-gnu.so\n'}
[0.599267] (autoware_msgs) StdoutLine: {'line': b'-- Up-to-date symlink: /home/starry1n/WUTA/WUTA-FSD/ros2_ws/install/autoware_msgs/share/ament_index/resource_index/rust_packages/autoware_msgs\n'}
[0.599294] (autoware_msgs) StdoutLine: {'line': b'-- Up-to-date symlink: /home/starry1n/WUTA/WUTA-FSD/ros2_ws/install/autoware_msgs/share/autoware_msgs/rust/Cargo.toml\n'}
[0.599320] (autoware_msgs) StdoutLine: {'line': b'-- Up-to-date symlink: /home/starry1n/WUTA/WUTA-FSD/ros2_ws/install/autoware_msgs/share/autoware_msgs/rust/build.rs\n'}
[0.599348] (autoware_msgs) StdoutLine: {'line': b'-- Up-to-date symlink: /home/starry1n/WUTA/WUTA-FSD/ros2_ws/install/autoware_msgs/share/autoware_msgs/rust/src/lib.rs\n'}
[0.599375] (autoware_msgs) StdoutLine: {'line': b'-- Up-to-date symlink: /home/starry1n/WUTA/WUTA-FSD/ros2_ws/install/autoware_msgs/share/autoware_msgs/rust/src/msg.rs\n'}
[0.599401] (autoware_msgs) StdoutLine: {'line': b'-- Up-to-date symlink: /home/starry1n/WUTA/WUTA-FSD/ros2_ws/install/autoware_msgs/share/autoware_msgs/rust/src/msg/rmw.rs\n'}
[0.599428] (autoware_msgs) StdoutLine: {'line': b'-- Up-to-date symlink: /home/starry1n/WUTA/WUTA-FSD/ros2_ws/install/autoware_msgs/share/autoware_msgs/msg/Waypoint.idl\n'}
[0.599456] (autoware_msgs) StdoutLine: {'line': b'-- Up-to-date symlink: /home/starry1n/WUTA/WUTA-FSD/ros2_ws/install/autoware_msgs/share/autoware_msgs/msg/Lane.idl\n'}
[0.599482] (autoware_msgs) StdoutLine: {'line': b'-- Up-to-date symlink: /home/starry1n/WUTA/WUTA-FSD/ros2_ws/install/autoware_msgs/share/autoware_msgs/msg/Command.idl\n'}
[0.599508] (autoware_msgs) StdoutLine: {'line': b'-- Up-to-date symlink: /home/starry1n/WUTA/WUTA-FSD/ros2_ws/install/autoware_msgs/share/autoware_msgs/msg/Waypoint.msg\n'}
[0.599537] (autoware_msgs) StdoutLine: {'line': b'-- Up-to-date symlink: /home/starry1n/WUTA/WUTA-FSD/ros2_ws/install/autoware_msgs/share/autoware_msgs/msg/Lane.msg\n'}
[0.599563] (autoware_msgs) StdoutLine: {'line': b'-- Up-to-date symlink: /home/starry1n/WUTA/WUTA-FSD/ros2_ws/install/autoware_msgs/share/autoware_msgs/msg/Command.msg\n'}
[0.599587] (autoware_msgs) StdoutLine: {'line': b'-- Up-to-date symlink: /home/starry1n/WUTA/WUTA-FSD/ros2_ws/install/autoware_msgs/share/ament_index/resource_index/package_run_dependencies/autoware_msgs\n'}
[0.599612] (autoware_msgs) StdoutLine: {'line': b'-- Up-to-date symlink: /home/starry1n/WUTA/WUTA-FSD/ros2_ws/install/autoware_msgs/share/ament_index/resource_index/parent_prefix_path/autoware_msgs\n'}
[0.599638] (autoware_msgs) StdoutLine: {'line': b'-- Up-to-date symlink: /home/starry1n/WUTA/WUTA-FSD/ros2_ws/install/autoware_msgs/share/autoware_msgs/environment/ament_prefix_path.sh\n'}
[0.599665] (autoware_msgs) StdoutLine: {'line': b'-- Up-to-date symlink: /home/starry1n/WUTA/WUTA-FSD/ros2_ws/install/autoware_msgs/share/autoware_msgs/environment/ament_prefix_path.dsv\n'}
[0.599690] (autoware_msgs) StdoutLine: {'line': b'-- Up-to-date symlink: /home/starry1n/WUTA/WUTA-FSD/ros2_ws/install/autoware_msgs/share/autoware_msgs/environment/path.sh\n'}
[0.599721] (autoware_msgs) StdoutLine: {'line': b'-- Up-to-date symlink: /home/starry1n/WUTA/WUTA-FSD/ros2_ws/install/autoware_msgs/share/autoware_msgs/environment/path.dsv\n'}
[0.599749] (autoware_msgs) StdoutLine: {'line': b'-- Up-to-date symlink: /home/starry1n/WUTA/WUTA-FSD/ros2_ws/install/autoware_msgs/share/autoware_msgs/local_setup.bash\n'}
[0.599775] (autoware_msgs) StdoutLine: {'line': b'-- Up-to-date symlink: /home/starry1n/WUTA/WUTA-FSD/ros2_ws/install/autoware_msgs/share/autoware_msgs/local_setup.sh\n'}
[0.599801] (autoware_msgs) StdoutLine: {'line': b'-- Up-to-date symlink: /home/starry1n/WUTA/WUTA-FSD/ros2_ws/install/autoware_msgs/share/autoware_msgs/local_setup.zsh\n'}
[0.599828] (autoware_msgs) StdoutLine: {'line': b'-- Up-to-date symlink: /home/starry1n/WUTA/WUTA-FSD/ros2_ws/install/autoware_msgs/share/autoware_msgs/local_setup.dsv\n'}
[0.599854] (autoware_msgs) StdoutLine: {'line': b'-- Symlinking: /home/starry1n/WUTA/WUTA-FSD/ros2_ws/install/autoware_msgs/share/autoware_msgs/package.dsv\n'}
[0.604769] (-) TimerEvent: {}
[0.613010] (autoware_msgs) StdoutLine: {'line': b'-- Up-to-date symlink: /home/starry1n/WUTA/WUTA-FSD/ros2_ws/install/autoware_msgs/share/ament_index/resource_index/packages/autoware_msgs\n'}
[0.613234] (autoware_msgs) StdoutLine: {'line': b'-- Up-to-date symlink: /home/starry1n/WUTA/WUTA-FSD/ros2_ws/install/autoware_msgs/share/autoware_msgs/cmake/rosidl_cmake-extras.cmake\n'}
[0.613394] (autoware_msgs) StdoutLine: {'line': b'-- Up-to-date symlink: /home/starry1n/WUTA/WUTA-FSD/ros2_ws/install/autoware_msgs/share/autoware_msgs/cmake/ament_cmake_export_dependencies-extras.cmake\n'}
[0.613585] (autoware_msgs) StdoutLine: {'line': b'-- Up-to-date symlink: /home/starry1n/WUTA/WUTA-FSD/ros2_ws/install/autoware_msgs/share/autoware_msgs/cmake/ament_cmake_export_include_directories-extras.cmake\n'}
[0.613630] (autoware_msgs) StdoutLine: {'line': b'-- Up-to-date symlink: /home/starry1n/WUTA/WUTA-FSD/ros2_ws/install/autoware_msgs/share/autoware_msgs/cmake/ament_cmake_export_libraries-extras.cmake\n'}
[0.613663] (autoware_msgs) StdoutLine: {'line': b'-- Up-to-date symlink: /home/starry1n/WUTA/WUTA-FSD/ros2_ws/install/autoware_msgs/share/autoware_msgs/cmake/ament_cmake_export_targets-extras.cmake\n'}
[0.613706] (autoware_msgs) StdoutLine: {'line': b'-- Up-to-date symlink: /home/starry1n/WUTA/WUTA-FSD/ros2_ws/install/autoware_msgs/share/autoware_msgs/cmake/rosidl_cmake_export_typesupport_targets-extras.cmake\n'}
[0.613734] (autoware_msgs) StdoutLine: {'line': b'-- Up-to-date symlink: /home/starry1n/WUTA/WUTA-FSD/ros2_ws/install/autoware_msgs/share/autoware_msgs/cmake/rosidl_cmake_export_typesupport_libraries-extras.cmake\n'}
[0.614451] (autoware_msgs) StdoutLine: {'line': b'-- Up-to-date symlink: /home/starry1n/WUTA/WUTA-FSD/ros2_ws/install/autoware_msgs/share/autoware_msgs/cmake/rosidl_cmake_aggregate_target-extras.cmake\n'}
[0.614682] (autoware_msgs) StdoutLine: {'line': b'-- Up-to-date symlink: /home/starry1n/WUTA/WUTA-FSD/ros2_ws/install/autoware_msgs/share/autoware_msgs/cmake/autoware_msgsConfig.cmake\n'}
[0.614742] (autoware_msgs) StdoutLine: {'line': b'-- Up-to-date symlink: /home/starry1n/WUTA/WUTA-FSD/ros2_ws/install/autoware_msgs/share/autoware_msgs/cmake/autoware_msgsConfig-version.cmake\n'}
[0.614805] (autoware_msgs) StdoutLine: {'line': b'-- Up-to-date symlink: /home/starry1n/WUTA/WUTA-FSD/ros2_ws/install/autoware_msgs/share/autoware_msgs/package.xml\n'}
[0.614979] (autoware_msgs) StdoutLine: {'line': b'-- Up-to-date: /home/starry1n/WUTA/WUTA-FSD/ros2_ws/install/autoware_msgs/lib/libautoware_msgs__rosidl_generator_c.so\n'}
[0.615080] (robot_localization) StdoutLine: {'line': b'[100%] Built target ament_cmake_python_build_robot_localization_egg\n'}
[0.615441] (autoware_msgs) StdoutLine: {'line': b'-- Up-to-date: /home/starry1n/WUTA/WUTA-FSD/ros2_ws/install/autoware_msgs/lib/libautoware_msgs__rosidl_typesupport_fastrtps_c.so\n'}
[0.615512] (autoware_msgs) StdoutLine: {'line': b'-- Up-to-date: /home/starry1n/WUTA/WUTA-FSD/ros2_ws/install/autoware_msgs/lib/libautoware_msgs__rosidl_typesupport_introspection_c.so\n'}
[0.615548] (autoware_msgs) StdoutLine: {'line': b'-- Up-to-date: /home/starry1n/WUTA/WUTA-FSD/ros2_ws/install/autoware_msgs/lib/libautoware_msgs__rosidl_typesupport_c.so\n'}
[0.615581] (autoware_msgs) StdoutLine: {'line': b'-- Up-to-date: /home/starry1n/WUTA/WUTA-FSD/ros2_ws/install/autoware_msgs/lib/libautoware_msgs__rosidl_typesupport_fastrtps_cpp.so\n'}
[0.615607] (autoware_msgs) StdoutLine: {'line': b'-- Up-to-date: /home/starry1n/WUTA/WUTA-FSD/ros2_ws/install/autoware_msgs/lib/libautoware_msgs__rosidl_typesupport_introspection_cpp.so\n'}
[0.615633] (autoware_msgs) StdoutLine: {'line': b'-- Up-to-date: /home/starry1n/WUTA/WUTA-FSD/ros2_ws/install/autoware_msgs/lib/libautoware_msgs__rosidl_typesupport_cpp.so\n'}
[0.624740] (robot_localization) CommandEnded: {'returncode': 0}
[0.626664] (robot_localization) JobProgress: {'identifier': 'robot_localization', 'progress': 'install'}
[0.628444] (robot_localization) Command: {'cmd': ['/usr/bin/cmake', '--install', '/home/starry1n/WUTA/WUTA-FSD/ros2_ws/build/robot_localization'], 'cwd': '/home/starry1n/WUTA/WUTA-FSD/ros2_ws/build/robot_localization', 'env': OrderedDict([('LESSOPEN', '| /usr/bin/lesspipe %s'), ('LANGUAGE', 'zh_CN:zh'), ('USER', 'starry1n'), ('XDG_SESSION_TYPE', 'wayland'), ('SHLVL', '3'), ('LD_LIBRARY_PATH', '/opt/ros/humble/opt/rviz_ogre_vendor/lib:/opt/ros/humble/lib/x86_64-linux-gnu:/opt/ros/humble/lib'), ('HOME', '/home/starry1n'), ('OLDPWD', '/home/starry1n/WUTA/WUTA-FSD'), ('DESKTOP_SESSION', 'ubuntu'), ('ROS_PYTHON_VERSION', '3'), ('GNOME_SHELL_SESSION_MODE', 'ubuntu'), ('GTK_MODULES', 'gail:atk-bridge'), ('DBUS_STARTER_BUS_TYPE', 'session'), ('SYSTEMD_EXEC_PID', '2321'), ('DBUS_SESSION_BUS_ADDRESS', 'unix:path=/run/user/1000/bus,guid=c67e2489f73595b365ff0ae46a50c8ee'), ('COLORTERM', 'truecolor'), ('IM_CONFIG_PHASE', '1'), ('WAYLAND_DISPLAY', 'wayland-0'), ('ROS_DISTRO', 'humble'), ('LOGNAME', 'starry1n'), ('_', '/usr/bin/colcon'), ('ROS_VERSION', '2'), ('XDG_SESSION_CLASS', 'user'), ('USERNAME', 'starry1n'), ('TERM', 'xterm-256color'), ('GNOME_DESKTOP_SESSION_ID', 'this-is-deprecated'), ('ROS_LOCALHOST_ONLY', '0'), ('PATH', '/home/starry1n/.local/bin:/opt/ros/humble/bin:/home/starry1n/.local/bin:/usr/local/sbin:/usr/local/bin:/usr/sbin:/usr/bin:/sbin:/bin:/usr/games:/usr/local/games:/snap/bin:/snap/bin'), ('SESSION_MANAGER', 'local/starry1n-virtual-machine:@/tmp/.ICE-unix/2321,unix/starry1n-virtual-machine:/tmp/.ICE-unix/2321'), ('XDG_MENU_PREFIX', 'gnome-'), ('GNOME_TERMINAL_SCREEN', '/org/gnome/Terminal/screen/1f3eb7e9_2641_49ca_8c99_b72e9fb24486'), ('GNOME_SETUP_DISPLAY', ':1'), ('XDG_RUNTIME_DIR', '/run/user/1000'), ('DISPLAY', ':0'), ('LANG', 'zh_CN.UTF-8'), ('XDG_CURRENT_DESKTOP', 'ubuntu:GNOME'), ('XMODIFIERS', '@im=ibus'), ('XDG_SESSION_DESKTOP', 'ubuntu'), ('XAUTHORITY', '/run/user/1000/.mutter-Xwaylandauth.H6FRS3'), ('LS_COLORS', 'rs=0:di=01;34:ln=01;36:mh=00:pi=40;33:so=01;35:do=01;35:bd=40;33;01:cd=40;33;01:or=40;31;01:mi=00:su=37;41:sg=30;43:ca=30;41:tw=30;42:ow=34;42:st=37;44:ex=01;32:*.tar=01;31:*.tgz=01;31:*.arc=01;31:*.arj=01;31:*.taz=01;31:*.lha=01;31:*.lz4=01;31:*.lzh=01;31:*.lzma=01;31:*.tlz=01;31:*.txz=01;31:*.tzo=01;31:*.t7z=01;31:*.zip=01;31:*.z=01;31:*.dz=01;31:*.gz=01;31:*.lrz=01;31:*.lz=01;31:*.lzo=01;31:*.xz=01;31:*.zst=01;31:*.tzst=01;31:*.bz2=01;31:*.bz=01;31:*.tbz=01;31:*.tbz2=01;31:*.tz=01;31:*.deb=01;31:*.rpm=01;31:*.jar=01;31:*.war=01;31:*.ear=01;31:*.sar=01;31:*.rar=01;31:*.alz=01;31:*.ace=01;31:*.zoo=01;31:*.cpio=01;31:*.7z=01;31:*.rz=01;31:*.cab=01;31:*.wim=01;31:*.swm=01;31:*.dwm=01;31:*.esd=01;31:*.jpg=01;35:*.jpeg=01;35:*.mjpg=01;35:*.mjpeg=01;35:*.gif=01;35:*.bmp=01;35:*.pbm=01;35:*.pgm=01;35:*.ppm=01;35:*.tga=01;35:*.xbm=01;35:*.xpm=01;35:*.tif=01;35:*.tiff=01;35:*.png=01;35:*.svg=01;35:*.svgz=01;35:*.mng=01;35:*.pcx=01;35:*.mov=01;35:*.mpg=01;35:*.mpeg=01;35:*.m2v=01;35:*.mkv=01;35:*.webm=01;35:*.webp=01;35:*.ogm=01;35:*.mp4=01;35:*.m4v=01;35:*.mp4v=01;35:*.vob=01;35:*.qt=01;35:*.nuv=01;35:*.wmv=01;35:*.asf=01;35:*.rm=01;35:*.rmvb=01;35:*.flc=01;35:*.avi=01;35:*.fli=01;35:*.flv=01;35:*.gl=01;35:*.dl=01;35:*.xcf=01;35:*.xwd=01;35:*.yuv=01;35:*.cgm=01;35:*.emf=01;35:*.ogv=01;35:*.ogx=01;35:*.aac=00;36:*.au=00;36:*.flac=00;36:*.m4a=00;36:*.mid=00;36:*.midi=00;36:*.mka=00;36:*.mp3=00;36:*.mpc=00;36:*.ogg=00;36:*.ra=00;36:*.wav=00;36:*.oga=00;36:*.opus=00;36:*.spx=00;36:*.xspf=00;36:'), ('GNOME_TERMINAL_SERVICE', ':1.330'), ('SSH_AGENT_LAUNCHER', 'gnome-keyring'), ('SSH_AUTH_SOCK', '/run/user/1000/keyring/ssh'), ('AMENT_PREFIX_PATH', '/opt/ros/humble'), ('SHELL', '/bin/bash'), ('QT_ACCESSIBILITY', '1'), ('GDMSESSION', 'ubuntu'), ('LESSCLOSE', '/usr/bin/lesspipe %s %s'), ('QT_IM_MODULE', 'ibus'), ('PWD', '/home/starry1n/WUTA/WUTA-FSD/ros2_ws/build/robot_localization'), ('XDG_CONFIG_DIRS', '/etc/xdg/xdg-ubuntu:/etc/xdg'), ('DBUS_STARTER_ADDRESS', 'unix:path=/run/user/1000/bus,guid=c67e2489f73595b365ff0ae46a50c8ee'), ('XDG_DATA_DIRS', '/usr/share/ubuntu:/usr/local/share/:/usr/share/:/var/lib/snapd/desktop'), ('PYTHONPATH', '/opt/ros/humble/lib/python3.10/site-packages:/opt/ros/humble/local/lib/python3.10/dist-packages'), ('COLCON', '1'), ('VTE_VERSION', '6800'), ('CMAKE_PREFIX_PATH', '/opt/ros/humble')]), 'shell': False}
[0.636109] (wuta_msgs) StdoutLine: {'line': b"Listing '/home/starry1n/WUTA/WUTA-FSD/ros2_ws/install/wuta_msgs/local/lib/python3.10/dist-packages/wuta_msgs'...\n"}
[0.636308] (wuta_msgs) StdoutLine: {'line': b"Listing '/home/starry1n/WUTA/WUTA-FSD/ros2_ws/install/wuta_msgs/local/lib/python3.10/dist-packages/wuta_msgs/msg'...\n"}
[0.640785] (robot_localization) StdoutLine: {'line': b'-- Install configuration: "RelWithDebInfo"\n'}
[0.641600] (robot_localization) StdoutLine: {'line': b'-- Execute custom install script\n'}
[0.641967] (robot_localization) StdoutLine: {'line': b'-- Up-to-date symlink: /home/starry1n/WUTA/WUTA-FSD/ros2_ws/install/robot_localization/share/ament_index/resource_index/rosidl_interfaces/robot_localization\n'}
[0.642343] (robot_localization) StdoutLine: {'line': b'-- Up-to-date symlink: /home/starry1n/WUTA/WUTA-FSD/ros2_ws/install/robot_localization/include/robot_localization/robot_localization/msg/rosidl_generator_c__visibility_control.h\n'}
[0.642620] (robot_localization) StdoutLine: {'line': b'-- Up-to-date symlink: /home/starry1n/WUTA/WUTA-FSD/ros2_ws/install/robot_localization/include/robot_localization/robot_localization/srv/detail/from_ll__functions.h\n'}
[0.642669] (robot_localization) StdoutLine: {'line': b'-- Up-to-date symlink: /home/starry1n/WUTA/WUTA-FSD/ros2_ws/install/robot_localization/include/robot_localization/robot_localization/srv/detail/from_ll__struct.h\n'}
[0.642701] (robot_localization) StdoutLine: {'line': b'-- Up-to-date symlink: /home/starry1n/WUTA/WUTA-FSD/ros2_ws/install/robot_localization/include/robot_localization/robot_localization/srv/detail/from_ll__type_support.h\n'}
[0.643039] (robot_localization) StdoutLine: {'line': b'-- Up-to-date symlink: /home/starry1n/WUTA/WUTA-FSD/ros2_ws/install/robot_localization/include/robot_localization/robot_localization/srv/detail/get_state__functions.h\n'}
[0.643338] (robot_localization) StdoutLine: {'line': b'-- Up-to-date symlink: /home/starry1n/WUTA/WUTA-FSD/ros2_ws/install/robot_localization/include/robot_localization/robot_localization/srv/detail/get_state__struct.h\n'}
[0.643836] (wuta_msgs) StdoutLine: {'line': b'-- Up-to-date: /home/starry1n/WUTA/WUTA-FSD/ros2_ws/install/wuta_msgs/lib/libwuta_msgs__rosidl_generator_py.so\n'}
[0.644096] (robot_localization) StdoutLine: {'line': b'-- Up-to-date symlink: /home/starry1n/WUTA/WUTA-FSD/ros2_ws/install/robot_localization/include/robot_localization/robot_localization/srv/detail/get_state__type_support.h\n'}
[0.644217] (robot_localization) StdoutLine: {'line': b'-- Up-to-date symlink: /home/starry1n/WUTA/WUTA-FSD/ros2_ws/install/robot_localization/include/robot_localization/robot_localization/srv/detail/set_datum__functions.h\n'}
[0.644280] (robot_localization) StdoutLine: {'line': b'-- Up-to-date symlink: /home/starry1n/WUTA/WUTA-FSD/ros2_ws/install/robot_localization/include/robot_localization/robot_localization/srv/detail/set_datum__struct.h\n'}
[0.644336] (robot_localization) StdoutLine: {'line': b'-- Up-to-date symlink: /home/starry1n/WUTA/WUTA-FSD/ros2_ws/install/robot_localization/include/robot_localization/robot_localization/srv/detail/set_datum__type_support.h\n'}
[0.644776] (robot_localization) StdoutLine: {'line': b'-- Up-to-date symlink: /home/starry1n/WUTA/WUTA-FSD/ros2_ws/install/robot_localization/include/robot_localization/robot_localization/srv/detail/set_pose__functions.h\n'}
[0.644873] (robot_localization) StdoutLine: {'line': b'-- Up-to-date symlink: /home/starry1n/WUTA/WUTA-FSD/ros2_ws/install/robot_localization/include/robot_localization/robot_localization/srv/detail/set_pose__struct.h\n'}
[0.644918] (robot_localization) StdoutLine: {'line': b'-- Up-to-date symlink: /home/starry1n/WUTA/WUTA-FSD/ros2_ws/install/robot_localization/include/robot_localization/robot_localization/srv/detail/set_pose__type_support.h\n'}
[0.644954] (robot_localization) StdoutLine: {'line': b'-- Up-to-date symlink: /home/starry1n/WUTA/WUTA-FSD/ros2_ws/install/robot_localization/include/robot_localization/robot_localization/srv/detail/to_ll__functions.h\n'}
[0.645014] (wuta_msgs) StdoutLine: {'line': b'-- Up-to-date: /home/starry1n/WUTA/WUTA-FSD/ros2_ws/install/wuta_msgs/share/wuta_msgs/cmake/export_wuta_msgs__rosidl_generator_cExport.cmake\n'}
[0.645125] (wuta_msgs) StdoutLine: {'line': b'-- Up-to-date: /home/starry1n/WUTA/WUTA-FSD/ros2_ws/install/wuta_msgs/share/wuta_msgs/cmake/export_wuta_msgs__rosidl_generator_cExport-noconfig.cmake\n'}
[0.645168] (wuta_msgs) StdoutLine: {'line': b'-- Up-to-date: /home/starry1n/WUTA/WUTA-FSD/ros2_ws/install/wuta_msgs/share/wuta_msgs/cmake/export_wuta_msgs__rosidl_typesupport_fastrtps_cExport.cmake\n'}
[0.645260] (wuta_msgs) StdoutLine: {'line': b'-- Up-to-date: /home/starry1n/WUTA/WUTA-FSD/ros2_ws/install/wuta_msgs/share/wuta_msgs/cmake/export_wuta_msgs__rosidl_typesupport_fastrtps_cExport-noconfig.cmake\n'}
[0.645366] (wuta_msgs) StdoutLine: {'line': b'-- Up-to-date: /home/starry1n/WUTA/WUTA-FSD/ros2_ws/install/wuta_msgs/share/wuta_msgs/cmake/wuta_msgs__rosidl_typesupport_introspection_cExport.cmake\n'}
[0.645412] (wuta_msgs) StdoutLine: {'line': b'-- Up-to-date: /home/starry1n/WUTA/WUTA-FSD/ros2_ws/install/wuta_msgs/share/wuta_msgs/cmake/wuta_msgs__rosidl_typesupport_introspection_cExport-noconfig.cmake\n'}
[0.645442] (wuta_msgs) StdoutLine: {'line': b'-- Up-to-date: /home/starry1n/WUTA/WUTA-FSD/ros2_ws/install/wuta_msgs/share/wuta_msgs/cmake/wuta_msgs__rosidl_typesupport_cExport.cmake\n'}
[0.645472] (robot_localization) StdoutLine: {'line': b'-- Up-to-date symlink: /home/starry1n/WUTA/WUTA-FSD/ros2_ws/install/robot_localization/include/robot_localization/robot_localization/srv/detail/to_ll__struct.h\n'}
[0.645504] (robot_localization) StdoutLine: {'line': b'-- Up-to-date symlink: /home/starry1n/WUTA/WUTA-FSD/ros2_ws/install/robot_localization/include/robot_localization/robot_localization/srv/detail/to_ll__type_support.h\n'}
[0.645535] (robot_localization) StdoutLine: {'line': b'-- Up-to-date symlink: /home/starry1n/WUTA/WUTA-FSD/ros2_ws/install/robot_localization/include/robot_localization/robot_localization/srv/detail/toggle_filter_processing__functions.h\n'}
[0.645562] (robot_localization) StdoutLine: {'line': b'-- Up-to-date symlink: /home/starry1n/WUTA/WUTA-FSD/ros2_ws/install/robot_localization/include/robot_localization/robot_localization/srv/detail/toggle_filter_processing__struct.h\n'}
[0.645588] (wuta_msgs) StdoutLine: {'line': b'-- Up-to-date: /home/starry1n/WUTA/WUTA-FSD/ros2_ws/install/wuta_msgs/share/wuta_msgs/cmake/wuta_msgs__rosidl_typesupport_cExport-noconfig.cmake\n'}
[0.645613] (wuta_msgs) StdoutLine: {'line': b'-- Up-to-date: /home/starry1n/WUTA/WUTA-FSD/ros2_ws/install/wuta_msgs/share/wuta_msgs/cmake/export_wuta_msgs__rosidl_generator_cppExport.cmake\n'}
[0.645637] (robot_localization) StdoutLine: {'line': b'-- Up-to-date symlink: /home/starry1n/WUTA/WUTA-FSD/ros2_ws/install/robot_localization/include/robot_localization/robot_localization/srv/detail/toggle_filter_processing__type_support.h\n'}
[0.645661] (robot_localization) StdoutLine: {'line': b'-- Up-to-date symlink: /home/starry1n/WUTA/WUTA-FSD/ros2_ws/install/robot_localization/include/robot_localization/robot_localization/srv/from_ll.h\n'}
[0.645684] (robot_localization) StdoutLine: {'line': b'-- Up-to-date symlink: /home/starry1n/WUTA/WUTA-FSD/ros2_ws/install/robot_localization/include/robot_localization/robot_localization/srv/get_state.h\n'}
[0.645707] (wuta_msgs) StdoutLine: {'line': b'-- Up-to-date: /home/starry1n/WUTA/WUTA-FSD/ros2_ws/install/wuta_msgs/share/wuta_msgs/cmake/export_wuta_msgs__rosidl_typesupport_fastrtps_cppExport.cmake\n'}
[0.645781] (wuta_msgs) StdoutLine: {'line': b'-- Up-to-date: /home/starry1n/WUTA/WUTA-FSD/ros2_ws/install/wuta_msgs/share/wuta_msgs/cmake/export_wuta_msgs__rosidl_typesupport_fastrtps_cppExport-noconfig.cmake\n'}
[0.645852] (robot_localization) StdoutLine: {'line': b'-- Up-to-date symlink: /home/starry1n/WUTA/WUTA-FSD/ros2_ws/install/robot_localization/include/robot_localization/robot_localization/srv/set_datum.h\n'}
[0.645891] (wuta_msgs) StdoutLine: {'line': b'-- Up-to-date: /home/starry1n/WUTA/WUTA-FSD/ros2_ws/install/wuta_msgs/share/wuta_msgs/cmake/wuta_msgs__rosidl_typesupport_introspection_cppExport.cmake\n'}
[0.645921] (wuta_msgs) StdoutLine: {'line': b'-- Up-to-date: /home/starry1n/WUTA/WUTA-FSD/ros2_ws/install/wuta_msgs/share/wuta_msgs/cmake/wuta_msgs__rosidl_typesupport_introspection_cppExport-noconfig.cmake\n'}
[0.645946] (wuta_msgs) StdoutLine: {'line': b'-- Up-to-date: /home/starry1n/WUTA/WUTA-FSD/ros2_ws/install/wuta_msgs/share/wuta_msgs/cmake/wuta_msgs__rosidl_typesupport_cppExport.cmake\n'}
[0.645975] (wuta_msgs) StdoutLine: {'line': b'-- Up-to-date: /home/starry1n/WUTA/WUTA-FSD/ros2_ws/install/wuta_msgs/share/wuta_msgs/cmake/wuta_msgs__rosidl_typesupport_cppExport-noconfig.cmake\n'}
[0.646009] (wuta_msgs) StdoutLine: {'line': b'-- Up-to-date: /home/starry1n/WUTA/WUTA-FSD/ros2_ws/install/wuta_msgs/share/wuta_msgs/cmake/export_wuta_msgs__rosidl_generator_pyExport.cmake\n'}
[0.646043] (wuta_msgs) StdoutLine: {'line': b'-- Up-to-date: /home/starry1n/WUTA/WUTA-FSD/ros2_ws/install/wuta_msgs/share/wuta_msgs/cmake/export_wuta_msgs__rosidl_generator_pyExport-noconfig.cmake\n'}
[0.646118] (robot_localization) StdoutLine: {'line': b'-- Up-to-date symlink: /home/starry1n/WUTA/WUTA-FSD/ros2_ws/install/robot_localization/include/robot_localization/robot_localization/srv/set_pose.h\n'}
[0.646288] (robot_localization) StdoutLine: {'line': b'-- Up-to-date symlink: /home/starry1n/WUTA/WUTA-FSD/ros2_ws/install/robot_localization/include/robot_localization/robot_localization/srv/to_ll.h\n'}
[0.647027] (robot_localization) StdoutLine: {'line': b'-- Up-to-date symlink: /home/starry1n/WUTA/WUTA-FSD/ros2_ws/install/robot_localization/include/robot_localization/robot_localization/srv/toggle_filter_processing.h\n'}
[0.647117] (robot_localization) StdoutLine: {'line': b'-- Up-to-date symlink: /home/starry1n/WUTA/WUTA-FSD/ros2_ws/install/robot_localization/share/robot_localization/environment/library_path.sh\n'}
[0.647857] (robot_localization) StdoutLine: {'line': b'-- Up-to-date symlink: /home/starry1n/WUTA/WUTA-FSD/ros2_ws/install/robot_localization/share/robot_localization/environment/library_path.dsv\n'}
[0.647987] (robot_localization) StdoutLine: {'line': b'-- Up-to-date symlink: /home/starry1n/WUTA/WUTA-FSD/ros2_ws/install/robot_localization/include/robot_localization/robot_localization/msg/rosidl_typesupport_fastrtps_c__visibility_control.h\n'}
[0.648245] (robot_localization) StdoutLine: {'line': b'-- Up-to-date symlink: /home/starry1n/WUTA/WUTA-FSD/ros2_ws/install/robot_localization/include/robot_localization/robot_localization/srv/detail/from_ll__rosidl_typesupport_fastrtps_c.h\n'}
[0.648280] (robot_localization) StdoutLine: {'line': b'-- Up-to-date symlink: /home/starry1n/WUTA/WUTA-FSD/ros2_ws/install/robot_localization/include/robot_localization/robot_localization/srv/detail/get_state__rosidl_typesupport_fastrtps_c.h\n'}
[0.648313] (robot_localization) StdoutLine: {'line': b'-- Up-to-date symlink: /home/starry1n/WUTA/WUTA-FSD/ros2_ws/install/robot_localization/include/robot_localization/robot_localization/srv/detail/set_datum__rosidl_typesupport_fastrtps_c.h\n'}
[0.648726] (robot_localization) StdoutLine: {'line': b'-- Up-to-date symlink: /home/starry1n/WUTA/WUTA-FSD/ros2_ws/install/robot_localization/include/robot_localization/robot_localization/srv/detail/set_pose__rosidl_typesupport_fastrtps_c.h\n'}
[0.649888] (robot_localization) StdoutLine: {'line': b'-- Up-to-date symlink: /home/starry1n/WUTA/WUTA-FSD/ros2_ws/install/robot_localization/include/robot_localization/robot_localization/srv/detail/to_ll__rosidl_typesupport_fastrtps_c.h\n'}
[0.650240] (robot_localization) StdoutLine: {'line': b'-- Up-to-date symlink: /home/starry1n/WUTA/WUTA-FSD/ros2_ws/install/robot_localization/include/robot_localization/robot_localization/srv/detail/toggle_filter_processing__rosidl_typesupport_fastrtps_c.h\n'}
[0.650579] (robot_localization) StdoutLine: {'line': b'-- Up-to-date symlink: /home/starry1n/WUTA/WUTA-FSD/ros2_ws/install/robot_localization/include/robot_localization/robot_localization/msg/rosidl_generator_cpp__visibility_control.hpp\n'}
[0.650867] (robot_localization) StdoutLine: {'line': b'-- Up-to-date symlink: /home/starry1n/WUTA/WUTA-FSD/ros2_ws/install/robot_localization/include/robot_localization/robot_localization/srv/detail/from_ll__builder.hpp\n'}
[0.651362] (robot_localization) StdoutLine: {'line': b'-- Up-to-date symlink: /home/starry1n/WUTA/WUTA-FSD/ros2_ws/install/robot_localization/include/robot_localization/robot_localization/srv/detail/from_ll__struct.hpp\n'}
[0.651846] (robot_localization) StdoutLine: {'line': b'-- Up-to-date symlink: /home/starry1n/WUTA/WUTA-FSD/ros2_ws/install/robot_localization/include/robot_localization/robot_localization/srv/detail/from_ll__traits.hpp\n'}
[0.652012] (robot_localization) StdoutLine: {'line': b'-- Up-to-date symlink: /home/starry1n/WUTA/WUTA-FSD/ros2_ws/install/robot_localization/include/robot_localization/robot_localization/srv/detail/from_ll__type_support.hpp\n'}
[0.652161] (robot_localization) StdoutLine: {'line': b'-- Up-to-date symlink: /home/starry1n/WUTA/WUTA-FSD/ros2_ws/install/robot_localization/include/robot_localization/robot_localization/srv/detail/get_state__builder.hpp\n'}
[0.652242] (robot_localization) StdoutLine: {'line': b'-- Up-to-date symlink: /home/starry1n/WUTA/WUTA-FSD/ros2_ws/install/robot_localization/include/robot_localization/robot_localization/srv/detail/get_state__struct.hpp\n'}
[0.652528] (robot_localization) StdoutLine: {'line': b'-- Up-to-date symlink: /home/starry1n/WUTA/WUTA-FSD/ros2_ws/install/robot_localization/include/robot_localization/robot_localization/srv/detail/get_state__traits.hpp\n'}
[0.652656] (robot_localization) StdoutLine: {'line': b'-- Up-to-date symlink: /home/starry1n/WUTA/WUTA-FSD/ros2_ws/install/robot_localization/include/robot_localization/robot_localization/srv/detail/get_state__type_support.hpp\n'}
[0.652818] (robot_localization) StdoutLine: {'line': b'-- Up-to-date symlink: /home/starry1n/WUTA/WUTA-FSD/ros2_ws/install/robot_localization/include/robot_localization/robot_localization/srv/detail/set_datum__builder.hpp\n'}
[0.653001] (robot_localization) StdoutLine: {'line': b'-- Up-to-date symlink: /home/starry1n/WUTA/WUTA-FSD/ros2_ws/install/robot_localization/include/robot_localization/robot_localization/srv/detail/set_datum__struct.hpp\n'}
[0.653400] (robot_localization) StdoutLine: {'line': b'-- Up-to-date symlink: /home/starry1n/WUTA/WUTA-FSD/ros2_ws/install/robot_localization/include/robot_localization/robot_localization/srv/detail/set_datum__traits.hpp\n'}
[0.653683] (robot_localization) StdoutLine: {'line': b'-- Up-to-date symlink: /home/starry1n/WUTA/WUTA-FSD/ros2_ws/install/robot_localization/include/robot_localization/robot_localization/srv/detail/set_datum__type_support.hpp\n'}
[0.654020] (robot_localization) StdoutLine: {'line': b'-- Up-to-date symlink: /home/starry1n/WUTA/WUTA-FSD/ros2_ws/install/robot_localization/include/robot_localization/robot_localization/srv/detail/set_pose__builder.hpp\n'}
[0.654821] (robot_localization) StdoutLine: {'line': b'-- Up-to-date symlink: /home/starry1n/WUTA/WUTA-FSD/ros2_ws/install/robot_localization/include/robot_localization/robot_localization/srv/detail/set_pose__struct.hpp\n'}
[0.655276] (robot_localization) StdoutLine: {'line': b'-- Up-to-date symlink: /home/starry1n/WUTA/WUTA-FSD/ros2_ws/install/robot_localization/include/robot_localization/robot_localization/srv/detail/set_pose__traits.hpp\n'}
[0.655592] (robot_localization) StdoutLine: {'line': b'-- Up-to-date symlink: /home/starry1n/WUTA/WUTA-FSD/ros2_ws/install/robot_localization/include/robot_localization/robot_localization/srv/detail/set_pose__type_support.hpp\n'}
[0.655728] (robot_localization) StdoutLine: {'line': b'-- Up-to-date symlink: /home/starry1n/WUTA/WUTA-FSD/ros2_ws/install/robot_localization/include/robot_localization/robot_localization/srv/detail/to_ll__builder.hpp\n'}
[0.655879] (robot_localization) StdoutLine: {'line': b'-- Up-to-date symlink: /home/starry1n/WUTA/WUTA-FSD/ros2_ws/install/robot_localization/include/robot_localization/robot_localization/srv/detail/to_ll__struct.hpp\n'}
[0.656097] (robot_localization) StdoutLine: {'line': b'-- Up-to-date symlink: /home/starry1n/WUTA/WUTA-FSD/ros2_ws/install/robot_localization/include/robot_localization/robot_localization/srv/detail/to_ll__traits.hpp\n'}
[0.656191] (robot_localization) StdoutLine: {'line': b'-- Up-to-date symlink: /home/starry1n/WUTA/WUTA-FSD/ros2_ws/install/robot_localization/include/robot_localization/robot_localization/srv/detail/to_ll__type_support.hpp\n'}
[0.656306] (robot_localization) StdoutLine: {'line': b'-- Up-to-date symlink: /home/starry1n/WUTA/WUTA-FSD/ros2_ws/install/robot_localization/include/robot_localization/robot_localization/srv/detail/toggle_filter_processing__builder.hpp\n'}
[0.656458] (robot_localization) StdoutLine: {'line': b'-- Up-to-date symlink: /home/starry1n/WUTA/WUTA-FSD/ros2_ws/install/robot_localization/include/robot_localization/robot_localization/srv/detail/toggle_filter_processing__struct.hpp\n'}
[0.656848] (wuta_msgs) CommandEnded: {'returncode': 0}
[0.658222] (robot_localization) StdoutLine: {'line': b'-- Up-to-date symlink: /home/starry1n/WUTA/WUTA-FSD/ros2_ws/install/robot_localization/include/robot_localization/robot_localization/srv/detail/toggle_filter_processing__traits.hpp\n'}
[0.658532] (robot_localization) StdoutLine: {'line': b'-- Up-to-date symlink: /home/starry1n/WUTA/WUTA-FSD/ros2_ws/install/robot_localization/include/robot_localization/robot_localization/srv/detail/toggle_filter_processing__type_support.hpp\n'}
[0.658811] (robot_localization) StdoutLine: {'line': b'-- Up-to-date symlink: /home/starry1n/WUTA/WUTA-FSD/ros2_ws/install/robot_localization/include/robot_localization/robot_localization/srv/from_ll.hpp\n'}
[0.659003] (robot_localization) StdoutLine: {'line': b'-- Up-to-date symlink: /home/starry1n/WUTA/WUTA-FSD/ros2_ws/install/robot_localization/include/robot_localization/robot_localization/srv/get_state.hpp\n'}
[0.659166] (robot_localization) StdoutLine: {'line': b'-- Up-to-date symlink: /home/starry1n/WUTA/WUTA-FSD/ros2_ws/install/robot_localization/include/robot_localization/robot_localization/srv/set_datum.hpp\n'}
[0.659357] (robot_localization) StdoutLine: {'line': b'-- Up-to-date symlink: /home/starry1n/WUTA/WUTA-FSD/ros2_ws/install/robot_localization/include/robot_localization/robot_localization/srv/set_pose.hpp\n'}
[0.659723] (robot_localization) StdoutLine: {'line': b'-- Up-to-date symlink: /home/starry1n/WUTA/WUTA-FSD/ros2_ws/install/robot_localization/include/robot_localization/robot_localization/srv/to_ll.hpp\n'}
[0.660672] (robot_localization) StdoutLine: {'line': b'-- Up-to-date symlink: /home/starry1n/WUTA/WUTA-FSD/ros2_ws/install/robot_localization/include/robot_localization/robot_localization/srv/toggle_filter_processing.hpp\n'}
[0.660769] (robot_localization) StdoutLine: {'line': b'-- Up-to-date symlink: /home/starry1n/WUTA/WUTA-FSD/ros2_ws/install/robot_localization/include/robot_localization/robot_localization/msg/rosidl_typesupport_fastrtps_cpp__visibility_control.h\n'}
[0.660906] (robot_localization) StdoutLine: {'line': b'-- Up-to-date symlink: /home/starry1n/WUTA/WUTA-FSD/ros2_ws/install/robot_localization/include/robot_localization/robot_localization/srv/detail/from_ll__rosidl_typesupport_fastrtps_cpp.hpp\n'}
[0.661061] (robot_localization) StdoutLine: {'line': b'-- Up-to-date symlink: /home/starry1n/WUTA/WUTA-FSD/ros2_ws/install/robot_localization/include/robot_localization/robot_localization/srv/detail/get_state__rosidl_typesupport_fastrtps_cpp.hpp\n'}
[0.661571] (robot_localization) StdoutLine: {'line': b'-- Up-to-date symlink: /home/starry1n/WUTA/WUTA-FSD/ros2_ws/install/robot_localization/include/robot_localization/robot_localization/srv/detail/set_datum__rosidl_typesupport_fastrtps_cpp.hpp\n'}
[0.661821] (robot_localization) StdoutLine: {'line': b'-- Up-to-date symlink: /home/starry1n/WUTA/WUTA-FSD/ros2_ws/install/robot_localization/include/robot_localization/robot_localization/srv/detail/set_pose__rosidl_typesupport_fastrtps_cpp.hpp\n'}
[0.661994] (robot_localization) StdoutLine: {'line': b'-- Up-to-date symlink: /home/starry1n/WUTA/WUTA-FSD/ros2_ws/install/robot_localization/include/robot_localization/robot_localization/srv/detail/to_ll__rosidl_typesupport_fastrtps_cpp.hpp\n'}
[0.663543] (robot_localization) StdoutLine: {'line': b'-- Up-to-date symlink: /home/starry1n/WUTA/WUTA-FSD/ros2_ws/install/robot_localization/include/robot_localization/robot_localization/srv/detail/toggle_filter_processing__rosidl_typesupport_fastrtps_cpp.hpp\n'}
[0.663736] (robot_localization) StdoutLine: {'line': b'-- Up-to-date symlink: /home/starry1n/WUTA/WUTA-FSD/ros2_ws/install/robot_localization/include/robot_localization/robot_localization/msg/rosidl_typesupport_introspection_c__visibility_control.h\n'}
[0.664143] (robot_localization) StdoutLine: {'line': b'-- Up-to-date symlink: /home/starry1n/WUTA/WUTA-FSD/ros2_ws/install/robot_localization/include/robot_localization/robot_localization/srv/detail/from_ll__rosidl_typesupport_introspection_c.h\n'}
[0.664221] (robot_localization) StdoutLine: {'line': b'-- Up-to-date symlink: /home/starry1n/WUTA/WUTA-FSD/ros2_ws/install/robot_localization/include/robot_localization/robot_localization/srv/detail/get_state__rosidl_typesupport_introspection_c.h\n'}
[0.664950] (robot_localization) StdoutLine: {'line': b'-- Up-to-date symlink: /home/starry1n/WUTA/WUTA-FSD/ros2_ws/install/robot_localization/include/robot_localization/robot_localization/srv/detail/set_datum__rosidl_typesupport_introspection_c.h\n'}
[0.664996] (robot_localization) StdoutLine: {'line': b'-- Up-to-date symlink: /home/starry1n/WUTA/WUTA-FSD/ros2_ws/install/robot_localization/include/robot_localization/robot_localization/srv/detail/set_pose__rosidl_typesupport_introspection_c.h\n'}
[0.665033] (robot_localization) StdoutLine: {'line': b'-- Up-to-date symlink: /home/starry1n/WUTA/WUTA-FSD/ros2_ws/install/robot_localization/include/robot_localization/robot_localization/srv/detail/to_ll__rosidl_typesupport_introspection_c.h\n'}
[0.665135] (robot_localization) StdoutLine: {'line': b'-- Up-to-date symlink: /home/starry1n/WUTA/WUTA-FSD/ros2_ws/install/robot_localization/include/robot_localization/robot_localization/srv/detail/toggle_filter_processing__rosidl_typesupport_introspection_c.h\n'}
[0.665571] (robot_localization) StdoutLine: {'line': b'-- Up-to-date symlink: /home/starry1n/WUTA/WUTA-FSD/ros2_ws/install/robot_localization/include/robot_localization/robot_localization/srv/detail/from_ll__rosidl_typesupport_introspection_cpp.hpp\n'}
[0.665765] (robot_localization) StdoutLine: {'line': b'-- Up-to-date symlink: /home/starry1n/WUTA/WUTA-FSD/ros2_ws/install/robot_localization/include/robot_localization/robot_localization/srv/detail/get_state__rosidl_typesupport_introspection_cpp.hpp\n'}
[0.665919] (robot_localization) StdoutLine: {'line': b'-- Up-to-date symlink: /home/starry1n/WUTA/WUTA-FSD/ros2_ws/install/robot_localization/include/robot_localization/robot_localization/srv/detail/set_datum__rosidl_typesupport_introspection_cpp.hpp\n'}
[0.666436] (robot_localization) StdoutLine: {'line': b'-- Up-to-date symlink: /home/starry1n/WUTA/WUTA-FSD/ros2_ws/install/robot_localization/include/robot_localization/robot_localization/srv/detail/set_pose__rosidl_typesupport_introspection_cpp.hpp\n'}
[0.667351] (robot_localization) StdoutLine: {'line': b'-- Up-to-date symlink: /home/starry1n/WUTA/WUTA-FSD/ros2_ws/install/robot_localization/include/robot_localization/robot_localization/srv/detail/to_ll__rosidl_typesupport_introspection_cpp.hpp\n'}
[0.667487] (robot_localization) StdoutLine: {'line': b'-- Up-to-date symlink: /home/starry1n/WUTA/WUTA-FSD/ros2_ws/install/robot_localization/include/robot_localization/robot_localization/srv/detail/toggle_filter_processing__rosidl_typesupport_introspection_cpp.hpp\n'}
[0.667546] (robot_localization) StdoutLine: {'line': b'-- Up-to-date symlink: /home/starry1n/WUTA/WUTA-FSD/ros2_ws/install/robot_localization/share/robot_localization/environment/pythonpath.sh\n'}
[0.667594] (robot_localization) StdoutLine: {'line': b'-- Up-to-date symlink: /home/starry1n/WUTA/WUTA-FSD/ros2_ws/install/robot_localization/share/robot_localization/environment/pythonpath.dsv\n'}
[0.667655] (robot_localization) StdoutLine: {'line': b'-- Up-to-date symlink: /home/starry1n/WUTA/WUTA-FSD/ros2_ws/install/robot_localization/local/lib/python3.10/dist-packages/robot_localization-3.5.4-py3.10.egg-info/PKG-INFO\n'}
[0.668283] (robot_localization) StdoutLine: {'line': b'-- Up-to-date symlink: /home/starry1n/WUTA/WUTA-FSD/ros2_ws/install/robot_localization/local/lib/python3.10/dist-packages/robot_localization-3.5.4-py3.10.egg-info/SOURCES.txt\n'}
[0.668469] (robot_localization) StdoutLine: {'line': b'-- Up-to-date symlink: /home/starry1n/WUTA/WUTA-FSD/ros2_ws/install/robot_localization/local/lib/python3.10/dist-packages/robot_localization-3.5.4-py3.10.egg-info/dependency_links.txt\n'}
[0.668544] (robot_localization) StdoutLine: {'line': b'-- Up-to-date symlink: /home/starry1n/WUTA/WUTA-FSD/ros2_ws/install/robot_localization/local/lib/python3.10/dist-packages/robot_localization-3.5.4-py3.10.egg-info/top_level.txt\n'}
[0.668601] (robot_localization) StdoutLine: {'line': b'-- Up-to-date symlink: /home/starry1n/WUTA/WUTA-FSD/ros2_ws/install/robot_localization/local/lib/python3.10/dist-packages/robot_localization/__init__.py\n'}
[0.668827] (robot_localization) StdoutLine: {'line': b'-- Up-to-date symlink: /home/starry1n/WUTA/WUTA-FSD/ros2_ws/install/robot_localization/local/lib/python3.10/dist-packages/robot_localization/_robot_localization_s.ep.rosidl_typesupport_c.c\n'}
[0.669766] (robot_localization) StdoutLine: {'line': b'-- Up-to-date symlink: /home/starry1n/WUTA/WUTA-FSD/ros2_ws/install/robot_localization/local/lib/python3.10/dist-packages/robot_localization/_robot_localization_s.ep.rosidl_typesupport_fastrtps_c.c\n'}
[0.670023] (robot_localization) StdoutLine: {'line': b'-- Up-to-date symlink: /home/starry1n/WUTA/WUTA-FSD/ros2_ws/install/robot_localization/local/lib/python3.10/dist-packages/robot_localization/_robot_localization_s.ep.rosidl_typesupport_introspection_c.c\n'}
[0.670277] (robot_localization) StdoutLine: {'line': b'-- Up-to-date symlink: /home/starry1n/WUTA/WUTA-FSD/ros2_ws/install/robot_localization/local/lib/python3.10/dist-packages/robot_localization/librobot_localization__rosidl_generator_py.so\n'}
[0.670988] (robot_localization) StdoutLine: {'line': b'-- Up-to-date symlink: /home/starry1n/WUTA/WUTA-FSD/ros2_ws/install/robot_localization/local/lib/python3.10/dist-packages/robot_localization/robot_localization_s__rosidl_typesupport_c.cpython-310-x86_64-linux-gnu.so\n'}
[0.671059] (robot_localization) StdoutLine: {'line': b'-- Up-to-date symlink: /home/starry1n/WUTA/WUTA-FSD/ros2_ws/install/robot_localization/local/lib/python3.10/dist-packages/robot_localization/robot_localization_s__rosidl_typesupport_fastrtps_c.cpython-310-x86_64-linux-gnu.so\n'}
[0.671096] (robot_localization) StdoutLine: {'line': b'-- Up-to-date symlink: /home/starry1n/WUTA/WUTA-FSD/ros2_ws/install/robot_localization/local/lib/python3.10/dist-packages/robot_localization/robot_localization_s__rosidl_typesupport_introspection_c.cpython-310-x86_64-linux-gnu.so\n'}
[0.671285] (robot_localization) StdoutLine: {'line': b'-- Up-to-date symlink: /home/starry1n/WUTA/WUTA-FSD/ros2_ws/install/robot_localization/local/lib/python3.10/dist-packages/robot_localization/srv/__init__.py\n'}
[0.671333] (robot_localization) StdoutLine: {'line': b'-- Up-to-date symlink: /home/starry1n/WUTA/WUTA-FSD/ros2_ws/install/robot_localization/local/lib/python3.10/dist-packages/robot_localization/srv/_from_ll.py\n'}
[0.671462] (robot_localization) StdoutLine: {'line': b'-- Up-to-date symlink: /home/starry1n/WUTA/WUTA-FSD/ros2_ws/install/robot_localization/local/lib/python3.10/dist-packages/robot_localization/srv/_from_ll_s.c\n'}
[0.671971] (robot_localization) StdoutLine: {'line': b'-- Up-to-date symlink: /home/starry1n/WUTA/WUTA-FSD/ros2_ws/install/robot_localization/local/lib/python3.10/dist-packages/robot_localization/srv/_get_state.py\n'}
[0.672090] (robot_localization) StdoutLine: {'line': b'-- Up-to-date symlink: /home/starry1n/WUTA/WUTA-FSD/ros2_ws/install/robot_localization/local/lib/python3.10/dist-packages/robot_localization/srv/_get_state_s.c\n'}
[0.672309] (robot_localization) StdoutLine: {'line': b'-- Up-to-date symlink: /home/starry1n/WUTA/WUTA-FSD/ros2_ws/install/robot_localization/local/lib/python3.10/dist-packages/robot_localization/srv/_set_datum.py\n'}
[0.673130] (robot_localization) StdoutLine: {'line': b'-- Up-to-date symlink: /home/starry1n/WUTA/WUTA-FSD/ros2_ws/install/robot_localization/local/lib/python3.10/dist-packages/robot_localization/srv/_set_datum_s.c\n'}
[0.673298] (robot_localization) StdoutLine: {'line': b'-- Up-to-date symlink: /home/starry1n/WUTA/WUTA-FSD/ros2_ws/install/robot_localization/local/lib/python3.10/dist-packages/robot_localization/srv/_set_pose.py\n'}
[0.673361] (robot_localization) StdoutLine: {'line': b'-- Up-to-date symlink: /home/starry1n/WUTA/WUTA-FSD/ros2_ws/install/robot_localization/local/lib/python3.10/dist-packages/robot_localization/srv/_set_pose_s.c\n'}
[0.673505] (robot_localization) StdoutLine: {'line': b'-- Up-to-date symlink: /home/starry1n/WUTA/WUTA-FSD/ros2_ws/install/robot_localization/local/lib/python3.10/dist-packages/robot_localization/srv/_to_ll.py\n'}
[0.673570] (robot_localization) StdoutLine: {'line': b'-- Up-to-date symlink: /home/starry1n/WUTA/WUTA-FSD/ros2_ws/install/robot_localization/local/lib/python3.10/dist-packages/robot_localization/srv/_to_ll_s.c\n'}
[0.673616] (robot_localization) StdoutLine: {'line': b'-- Up-to-date symlink: /home/starry1n/WUTA/WUTA-FSD/ros2_ws/install/robot_localization/local/lib/python3.10/dist-packages/robot_localization/srv/_toggle_filter_processing.py\n'}
[0.673669] (robot_localization) StdoutLine: {'line': b'-- Up-to-date symlink: /home/starry1n/WUTA/WUTA-FSD/ros2_ws/install/robot_localization/local/lib/python3.10/dist-packages/robot_localization/srv/_toggle_filter_processing_s.c\n'}
[0.673737] (robot_localization) StdoutLine: {'line': b'-- Up-to-date symlink: /home/starry1n/WUTA/WUTA-FSD/ros2_ws/install/robot_localization/local/lib/python3.10/dist-packages/robot_localization/robot_localization_s__rosidl_typesupport_fastrtps_c.cpython-310-x86_64-linux-gnu.so\n'}
[0.673788] (robot_localization) StdoutLine: {'line': b'-- Up-to-date symlink: /home/starry1n/WUTA/WUTA-FSD/ros2_ws/install/robot_localization/local/lib/python3.10/dist-packages/robot_localization/robot_localization_s__rosidl_typesupport_introspection_c.cpython-310-x86_64-linux-gnu.so\n'}
[0.673832] (robot_localization) StdoutLine: {'line': b'-- Up-to-date symlink: /home/starry1n/WUTA/WUTA-FSD/ros2_ws/install/robot_localization/local/lib/python3.10/dist-packages/robot_localization/robot_localization_s__rosidl_typesupport_c.cpython-310-x86_64-linux-gnu.so\n'}
[0.673876] (robot_localization) StdoutLine: {'line': b'-- Up-to-date symlink: /home/starry1n/WUTA/WUTA-FSD/ros2_ws/install/robot_localization/share/ament_index/resource_index/rust_packages/robot_localization\n'}
[0.674439] (autoware_msgs) StdoutLine: {'line': b"Listing '/home/starry1n/WUTA/WUTA-FSD/ros2_ws/install/autoware_msgs/local/lib/python3.10/dist-packages/autoware_msgs'...\n"}
[0.675184] (autoware_msgs) StdoutLine: {'line': b"Listing '/home/starry1n/WUTA/WUTA-FSD/ros2_ws/install/autoware_msgs/local/lib/python3.10/dist-packages/autoware_msgs/msg'...\n"}
[0.675489] (robot_localization) StdoutLine: {'line': b'-- Up-to-date symlink: /home/starry1n/WUTA/WUTA-FSD/ros2_ws/install/robot_localization/share/robot_localization/rust/Cargo.toml\n'}
[0.675672] (robot_localization) StdoutLine: {'line': b'-- Up-to-date symlink: /home/starry1n/WUTA/WUTA-FSD/ros2_ws/install/robot_localization/share/robot_localization/rust/build.rs\n'}
[0.676407] (robot_localization) StdoutLine: {'line': b'-- Up-to-date symlink: /home/starry1n/WUTA/WUTA-FSD/ros2_ws/install/robot_localization/share/robot_localization/rust/src/lib.rs\n'}
[0.676567] (robot_localization) StdoutLine: {'line': b'-- Up-to-date symlink: /home/starry1n/WUTA/WUTA-FSD/ros2_ws/install/robot_localization/share/robot_localization/rust/src/srv.rs\n'}
[0.676861] (robot_localization) StdoutLine: {'line': b'-- Up-to-date symlink: /home/starry1n/WUTA/WUTA-FSD/ros2_ws/install/robot_localization/share/robot_localization/rust/src/srv/rmw.rs\n'}
[0.676999] (robot_localization) StdoutLine: {'line': b'-- Up-to-date symlink: /home/starry1n/WUTA/WUTA-FSD/ros2_ws/install/robot_localization/share/robot_localization/srv/FromLL.idl\n'}
[0.679476] (robot_localization) StdoutLine: {'line': b'-- Up-to-date symlink: /home/starry1n/WUTA/WUTA-FSD/ros2_ws/install/robot_localization/share/robot_localization/srv/GetState.idl\n'}
[0.679577] (robot_localization) StdoutLine: {'line': b'-- Up-to-date symlink: /home/starry1n/WUTA/WUTA-FSD/ros2_ws/install/robot_localization/share/robot_localization/srv/SetDatum.idl\n'}
[0.680561] (robot_localization) StdoutLine: {'line': b'-- Up-to-date symlink: /home/starry1n/WUTA/WUTA-FSD/ros2_ws/install/robot_localization/share/robot_localization/srv/SetPose.idl\n'}
[0.680672] (robot_localization) StdoutLine: {'line': b'-- Up-to-date symlink: /home/starry1n/WUTA/WUTA-FSD/ros2_ws/install/robot_localization/share/robot_localization/srv/ToggleFilterProcessing.idl\n'}
[0.680728] (robot_localization) StdoutLine: {'line': b'-- Up-to-date symlink: /home/starry1n/WUTA/WUTA-FSD/ros2_ws/install/robot_localization/share/robot_localization/srv/ToLL.idl\n'}
[0.680779] (robot_localization) StdoutLine: {'line': b'-- Up-to-date symlink: /home/starry1n/WUTA/WUTA-FSD/ros2_ws/install/robot_localization/share/robot_localization/srv/FromLL.srv\n'}
[0.680833] (robot_localization) StdoutLine: {'line': b'-- Up-to-date symlink: /home/starry1n/WUTA/WUTA-FSD/ros2_ws/install/robot_localization/share/robot_localization/srv/FromLL_Request.msg\n'}
[0.680893] (robot_localization) StdoutLine: {'line': b'-- Up-to-date symlink: /home/starry1n/WUTA/WUTA-FSD/ros2_ws/install/robot_localization/share/robot_localization/srv/FromLL_Response.msg\n'}
[0.680968] (robot_localization) StdoutLine: {'line': b'-- Up-to-date symlink: /home/starry1n/WUTA/WUTA-FSD/ros2_ws/install/robot_localization/share/robot_localization/srv/GetState.srv\n'}
[0.681090] (robot_localization) StdoutLine: {'line': b'-- Up-to-date symlink: /home/starry1n/WUTA/WUTA-FSD/ros2_ws/install/robot_localization/share/robot_localization/srv/GetState_Request.msg\n'}
[0.681281] (robot_localization) StdoutLine: {'line': b'-- Up-to-date symlink: /home/starry1n/WUTA/WUTA-FSD/ros2_ws/install/robot_localization/share/robot_localization/srv/GetState_Response.msg\n'}
[0.681446] (robot_localization) StdoutLine: {'line': b'-- Up-to-date symlink: /home/starry1n/WUTA/WUTA-FSD/ros2_ws/install/robot_localization/share/robot_localization/srv/SetDatum.srv\n'}
[0.681531] (robot_localization) StdoutLine: {'line': b'-- Up-to-date symlink: /home/starry1n/WUTA/WUTA-FSD/ros2_ws/install/robot_localization/share/robot_localization/srv/SetDatum_Request.msg\n'}
[0.681590] (robot_localization) StdoutLine: {'line': b'-- Up-to-date symlink: /home/starry1n/WUTA/WUTA-FSD/ros2_ws/install/robot_localization/share/robot_localization/srv/SetDatum_Response.msg\n'}
[0.681636] (robot_localization) StdoutLine: {'line': b'-- Up-to-date symlink: /home/starry1n/WUTA/WUTA-FSD/ros2_ws/install/robot_localization/share/robot_localization/srv/SetPose.srv\n'}
[0.681687] (robot_localization) StdoutLine: {'line': b'-- Up-to-date symlink: /home/starry1n/WUTA/WUTA-FSD/ros2_ws/install/robot_localization/share/robot_localization/srv/SetPose_Request.msg\n'}
[0.681735] (robot_localization) StdoutLine: {'line': b'-- Up-to-date symlink: /home/starry1n/WUTA/WUTA-FSD/ros2_ws/install/robot_localization/share/robot_localization/srv/SetPose_Response.msg\n'}
[0.682708] (robot_localization) StdoutLine: {'line': b'-- Up-to-date symlink: /home/starry1n/WUTA/WUTA-FSD/ros2_ws/install/robot_localization/share/robot_localization/srv/ToggleFilterProcessing.srv\n'}
[0.682804] (robot_localization) StdoutLine: {'line': b'-- Up-to-date symlink: /home/starry1n/WUTA/WUTA-FSD/ros2_ws/install/robot_localization/share/robot_localization/srv/ToggleFilterProcessing_Request.msg\n'}
[0.682867] (robot_localization) StdoutLine: {'line': b'-- Up-to-date symlink: /home/starry1n/WUTA/WUTA-FSD/ros2_ws/install/robot_localization/share/robot_localization/srv/ToggleFilterProcessing_Response.msg\n'}
[0.682918] (robot_localization) StdoutLine: {'line': b'-- Up-to-date symlink: /home/starry1n/WUTA/WUTA-FSD/ros2_ws/install/robot_localization/share/robot_localization/srv/ToLL.srv\n'}
[0.683744] (robot_localization) StdoutLine: {'line': b'-- Up-to-date symlink: /home/starry1n/WUTA/WUTA-FSD/ros2_ws/install/robot_localization/share/robot_localization/srv/ToLL_Request.msg\n'}
[0.683920] (robot_localization) StdoutLine: {'line': b'-- Up-to-date symlink: /home/starry1n/WUTA/WUTA-FSD/ros2_ws/install/robot_localization/share/robot_localization/srv/ToLL_Response.msg\n'}
[0.683972] (robot_localization) StdoutLine: {'line': b'-- Up-to-date symlink: /home/starry1n/WUTA/WUTA-FSD/ros2_ws/install/robot_localization/lib/robot_localization/filter_base-test\n'}
[0.684021] (robot_localization) StdoutLine: {'line': b'-- Up-to-date symlink: /home/starry1n/WUTA/WUTA-FSD/ros2_ws/install/robot_localization/lib/robot_localization/test_filter_base_diagnostics_timestamps\n'}
[0.684259] (robot_localization) StdoutLine: {'line': b'-- Up-to-date symlink: /home/starry1n/WUTA/WUTA-FSD/ros2_ws/install/robot_localization/lib/robot_localization/test_ekf\n'}
[0.684330] (robot_localization) StdoutLine: {'line': b'-- Up-to-date symlink: /home/starry1n/WUTA/WUTA-FSD/ros2_ws/install/robot_localization/lib/robot_localization/test_ekf_localization_node_interfaces\n'}
[0.684389] (robot_localization) StdoutLine: {'line': b'-- Up-to-date symlink: /home/starry1n/WUTA/WUTA-FSD/ros2_ws/install/robot_localization/lib/robot_localization/test_ukf\n'}
[0.684438] (robot_localization) StdoutLine: {'line': b'-- Up-to-date symlink: /home/starry1n/WUTA/WUTA-FSD/ros2_ws/install/robot_localization/lib/robot_localization/test_ukf_localization_node_interfaces\n'}
[0.684794] (robot_localization) StdoutLine: {'line': b'-- Up-to-date symlink: /home/starry1n/WUTA/WUTA-FSD/ros2_ws/install/robot_localization/lib/robot_localization/test_robot_localization_estimator\n'}
[0.685123] (robot_localization) StdoutLine: {'line': b'-- Up-to-date symlink: /home/starry1n/WUTA/WUTA-FSD/ros2_ws/install/robot_localization/lib/robot_localization/test_navsat_conversions\n'}
[0.685565] (robot_localization) StdoutLine: {'line': b'-- Up-to-date symlink: /home/starry1n/WUTA/WUTA-FSD/ros2_ws/install/robot_localization/lib/robot_localization/test_ros_robot_localization_listener\n'}
[0.685674] (robot_localization) StdoutLine: {'line': b'-- Up-to-date symlink: /home/starry1n/WUTA/WUTA-FSD/ros2_ws/install/robot_localization/lib/robot_localization/test_ros_robot_localization_listener_publisher\n'}
[0.685726] (robot_localization) StdoutLine: {'line': b'-- Up-to-date symlink: /home/starry1n/WUTA/WUTA-FSD/ros2_ws/install/robot_localization/lib/robot_localization/navsat_transform_node\n'}
[0.685789] (robot_localization) StdoutLine: {'line': b'-- Up-to-date symlink: /home/starry1n/WUTA/WUTA-FSD/ros2_ws/install/robot_localization/lib/robot_localization/ekf_node\n'}
[0.685839] (robot_localization) StdoutLine: {'line': b'-- Up-to-date symlink: /home/starry1n/WUTA/WUTA-FSD/ros2_ws/install/robot_localization/lib/robot_localization/ukf_node\n'}
[0.685883] (robot_localization) StdoutLine: {'line': b'-- Up-to-date symlink: /home/starry1n/WUTA/WUTA-FSD/ros2_ws/install/robot_localization/lib/robot_localization/robot_localization_listener_node\n'}
[0.685928] (robot_localization) StdoutLine: {'line': b'-- Up-to-date symlink: /home/starry1n/WUTA/WUTA-FSD/ros2_ws/install/robot_localization/lib/librl_lib.so\n'}
[0.686422] (autoware_msgs) StdoutLine: {'line': b'-- Up-to-date: /home/starry1n/WUTA/WUTA-FSD/ros2_ws/install/autoware_msgs/lib/libautoware_msgs__rosidl_generator_py.so\n'}
[0.686498] (autoware_msgs) StdoutLine: {'line': b'-- Up-to-date: /home/starry1n/WUTA/WUTA-FSD/ros2_ws/install/autoware_msgs/share/autoware_msgs/cmake/export_autoware_msgs__rosidl_generator_cExport.cmake\n'}
[0.686962] (autoware_msgs) StdoutLine: {'line': b'-- Up-to-date: /home/starry1n/WUTA/WUTA-FSD/ros2_ws/install/autoware_msgs/share/autoware_msgs/cmake/export_autoware_msgs__rosidl_generator_cExport-noconfig.cmake\n'}
[0.687038] (autoware_msgs) StdoutLine: {'line': b'-- Up-to-date: /home/starry1n/WUTA/WUTA-FSD/ros2_ws/install/autoware_msgs/share/autoware_msgs/cmake/export_autoware_msgs__rosidl_typesupport_fastrtps_cExport.cmake\n'}
[0.687090] (autoware_msgs) StdoutLine: {'line': b'-- Up-to-date: /home/starry1n/WUTA/WUTA-FSD/ros2_ws/install/autoware_msgs/share/autoware_msgs/cmake/export_autoware_msgs__rosidl_typesupport_fastrtps_cExport-noconfig.cmake\n'}
[0.687216] (autoware_msgs) StdoutLine: {'line': b'-- Up-to-date: /home/starry1n/WUTA/WUTA-FSD/ros2_ws/install/autoware_msgs/share/autoware_msgs/cmake/autoware_msgs__rosidl_typesupport_introspection_cExport.cmake\n'}
[0.687390] (autoware_msgs) StdoutLine: {'line': b'-- Up-to-date: /home/starry1n/WUTA/WUTA-FSD/ros2_ws/install/autoware_msgs/share/autoware_msgs/cmake/autoware_msgs__rosidl_typesupport_introspection_cExport-noconfig.cmake\n'}
[0.687430] (autoware_msgs) StdoutLine: {'line': b'-- Up-to-date: /home/starry1n/WUTA/WUTA-FSD/ros2_ws/install/autoware_msgs/share/autoware_msgs/cmake/autoware_msgs__rosidl_typesupport_cExport.cmake\n'}
[0.687460] (autoware_msgs) StdoutLine: {'line': b'-- Up-to-date: /home/starry1n/WUTA/WUTA-FSD/ros2_ws/install/autoware_msgs/share/autoware_msgs/cmake/autoware_msgs__rosidl_typesupport_cExport-noconfig.cmake\n'}
[0.687850] (autoware_msgs) StdoutLine: {'line': b'-- Up-to-date: /home/starry1n/WUTA/WUTA-FSD/ros2_ws/install/autoware_msgs/share/autoware_msgs/cmake/export_autoware_msgs__rosidl_generator_cppExport.cmake\n'}
[0.688117] (autoware_msgs) StdoutLine: {'line': b'-- Up-to-date: /home/starry1n/WUTA/WUTA-FSD/ros2_ws/install/autoware_msgs/share/autoware_msgs/cmake/export_autoware_msgs__rosidl_typesupport_fastrtps_cppExport.cmake\n'}
[0.688321] (autoware_msgs) StdoutLine: {'line': b'-- Up-to-date: /home/starry1n/WUTA/WUTA-FSD/ros2_ws/install/autoware_msgs/share/autoware_msgs/cmake/export_autoware_msgs__rosidl_typesupport_fastrtps_cppExport-noconfig.cmake\n'}
[0.688488] (autoware_msgs) StdoutLine: {'line': b'-- Up-to-date: /home/starry1n/WUTA/WUTA-FSD/ros2_ws/install/autoware_msgs/share/autoware_msgs/cmake/autoware_msgs__rosidl_typesupport_introspection_cppExport.cmake\n'}
[0.688871] (robot_localization) StdoutLine: {'line': b'-- Up-to-date symlink: /home/starry1n/WUTA/WUTA-FSD/ros2_ws/install/robot_localization/share/ament_index/resource_index/package_run_dependencies/robot_localization\n'}
[0.688996] (robot_localization) StdoutLine: {'line': b'-- Up-to-date symlink: /home/starry1n/WUTA/WUTA-FSD/ros2_ws/install/robot_localization/share/ament_index/resource_index/parent_prefix_path/robot_localization\n'}
[0.689245] (robot_localization) StdoutLine: {'line': b'-- Up-to-date symlink: /home/starry1n/WUTA/WUTA-FSD/ros2_ws/install/robot_localization/share/robot_localization/environment/ament_prefix_path.sh\n'}
[0.689469] (robot_localization) StdoutLine: {'line': b'-- Up-to-date symlink: /home/starry1n/WUTA/WUTA-FSD/ros2_ws/install/robot_localization/share/robot_localization/environment/ament_prefix_path.dsv\n'}
[0.689558] (robot_localization) StdoutLine: {'line': b'-- Up-to-date symlink: /home/starry1n/WUTA/WUTA-FSD/ros2_ws/install/robot_localization/share/robot_localization/environment/path.sh\n'}
[0.689972] (robot_localization) StdoutLine: {'line': b'-- Up-to-date symlink: /home/starry1n/WUTA/WUTA-FSD/ros2_ws/install/robot_localization/share/robot_localization/environment/path.dsv\n'}
[0.691079] (autoware_msgs) StdoutLine: {'line': b'-- Up-to-date: /home/starry1n/WUTA/WUTA-FSD/ros2_ws/install/autoware_msgs/share/autoware_msgs/cmake/autoware_msgs__rosidl_typesupport_introspection_cppExport-noconfig.cmake\n'}
[0.691268] (autoware_msgs) StdoutLine: {'line': b'-- Up-to-date: /home/starry1n/WUTA/WUTA-FSD/ros2_ws/install/autoware_msgs/share/autoware_msgs/cmake/autoware_msgs__rosidl_typesupport_cppExport.cmake\n'}
[0.691429] (autoware_msgs) StdoutLine: {'line': b'-- Up-to-date: /home/starry1n/WUTA/WUTA-FSD/ros2_ws/install/autoware_msgs/share/autoware_msgs/cmake/autoware_msgs__rosidl_typesupport_cppExport-noconfig.cmake\n'}
[0.691688] (autoware_msgs) StdoutLine: {'line': b'-- Up-to-date: /home/starry1n/WUTA/WUTA-FSD/ros2_ws/install/autoware_msgs/share/autoware_msgs/cmake/export_autoware_msgs__rosidl_generator_pyExport.cmake\n'}
[0.691899] (autoware_msgs) StdoutLine: {'line': b'-- Up-to-date: /home/starry1n/WUTA/WUTA-FSD/ros2_ws/install/autoware_msgs/share/autoware_msgs/cmake/export_autoware_msgs__rosidl_generator_pyExport-noconfig.cmake\n'}
[0.692128] (robot_localization) StdoutLine: {'line': b'-- Up-to-date symlink: /home/starry1n/WUTA/WUTA-FSD/ros2_ws/install/robot_localization/share/robot_localization/local_setup.bash\n'}
[0.692504] (robot_localization) StdoutLine: {'line': b'-- Up-to-date symlink: /home/starry1n/WUTA/WUTA-FSD/ros2_ws/install/robot_localization/share/robot_localization/local_setup.sh\n'}
[0.692609] (robot_localization) StdoutLine: {'line': b'-- Up-to-date symlink: /home/starry1n/WUTA/WUTA-FSD/ros2_ws/install/robot_localization/share/robot_localization/local_setup.zsh\n'}
[0.692672] (robot_localization) StdoutLine: {'line': b'-- Up-to-date symlink: /home/starry1n/WUTA/WUTA-FSD/ros2_ws/install/robot_localization/share/robot_localization/local_setup.dsv\n'}
[0.692722] (robot_localization) StdoutLine: {'line': b'-- Symlinking: /home/starry1n/WUTA/WUTA-FSD/ros2_ws/install/robot_localization/share/robot_localization/package.dsv\n'}
[0.692781] (robot_localization) StdoutLine: {'line': b'-- Up-to-date symlink: /home/starry1n/WUTA/WUTA-FSD/ros2_ws/install/robot_localization/share/ament_index/resource_index/packages/robot_localization\n'}
[0.692838] (robot_localization) StdoutLine: {'line': b'-- Up-to-date symlink: /home/starry1n/WUTA/WUTA-FSD/ros2_ws/install/robot_localization/share/robot_localization/cmake/rosidl_cmake-extras.cmake\n'}
[0.692921] (robot_localization) StdoutLine: {'line': b'-- Up-to-date symlink: /home/starry1n/WUTA/WUTA-FSD/ros2_ws/install/robot_localization/share/robot_localization/cmake/ament_cmake_export_dependencies-extras.cmake\n'}
[0.692982] (robot_localization) StdoutLine: {'line': b'-- Up-to-date symlink: /home/starry1n/WUTA/WUTA-FSD/ros2_ws/install/robot_localization/share/robot_localization/cmake/ament_cmake_export_include_directories-extras.cmake\n'}
[0.693032] (robot_localization) StdoutLine: {'line': b'-- Up-to-date symlink: /home/starry1n/WUTA/WUTA-FSD/ros2_ws/install/robot_localization/share/robot_localization/cmake/ament_cmake_export_libraries-extras.cmake\n'}
[0.693312] (robot_localization) StdoutLine: {'line': b'-- Up-to-date symlink: /home/starry1n/WUTA/WUTA-FSD/ros2_ws/install/robot_localization/share/robot_localization/cmake/ament_cmake_export_targets-extras.cmake\n'}
[0.693513] (robot_localization) StdoutLine: {'line': b'-- Up-to-date symlink: /home/starry1n/WUTA/WUTA-FSD/ros2_ws/install/robot_localization/share/robot_localization/cmake/rosidl_cmake_export_typesupport_targets-extras.cmake\n'}
[0.693588] (robot_localization) StdoutLine: {'line': b'-- Up-to-date symlink: /home/starry1n/WUTA/WUTA-FSD/ros2_ws/install/robot_localization/share/robot_localization/cmake/rosidl_cmake_export_typesupport_libraries-extras.cmake\n'}
[0.693645] (robot_localization) StdoutLine: {'line': b'-- Up-to-date symlink: /home/starry1n/WUTA/WUTA-FSD/ros2_ws/install/robot_localization/share/robot_localization/cmake/rosidl_cmake_aggregate_target-extras.cmake\n'}
[0.693694] (robot_localization) StdoutLine: {'line': b'-- Up-to-date symlink: /home/starry1n/WUTA/WUTA-FSD/ros2_ws/install/robot_localization/share/robot_localization/cmake/robot_localizationConfig.cmake\n'}
[0.693836] (robot_localization) StdoutLine: {'line': b'-- Up-to-date symlink: /home/starry1n/WUTA/WUTA-FSD/ros2_ws/install/robot_localization/share/robot_localization/cmake/robot_localizationConfig-version.cmake\n'}
[0.693905] (robot_localization) StdoutLine: {'line': b'-- Up-to-date symlink: /home/starry1n/WUTA/WUTA-FSD/ros2_ws/install/robot_localization/share/robot_localization/package.xml\n'}
[0.693956] (robot_localization) StdoutLine: {'line': b'-- Up-to-date: /home/starry1n/WUTA/WUTA-FSD/ros2_ws/install/robot_localization/lib/librobot_localization__rosidl_generator_c.so\n'}
[0.694008] (robot_localization) StdoutLine: {'line': b'-- Up-to-date: /home/starry1n/WUTA/WUTA-FSD/ros2_ws/install/robot_localization/lib/librobot_localization__rosidl_typesupport_fastrtps_c.so\n'}
[0.694053] (robot_localization) StdoutLine: {'line': b'-- Up-to-date: /home/starry1n/WUTA/WUTA-FSD/ros2_ws/install/robot_localization/lib/librobot_localization__rosidl_typesupport_fastrtps_cpp.so\n'}
[0.694096] (robot_localization) StdoutLine: {'line': b'-- Up-to-date: /home/starry1n/WUTA/WUTA-FSD/ros2_ws/install/robot_localization/lib/librobot_localization__rosidl_typesupport_introspection_c.so\n'}
[0.694158] (robot_localization) StdoutLine: {'line': b'-- Up-to-date: /home/starry1n/WUTA/WUTA-FSD/ros2_ws/install/robot_localization/lib/librobot_localization__rosidl_typesupport_c.so\n'}
[0.694407] (robot_localization) StdoutLine: {'line': b'-- Up-to-date: /home/starry1n/WUTA/WUTA-FSD/ros2_ws/install/robot_localization/lib/librobot_localization__rosidl_typesupport_introspection_cpp.so\n'}
[0.694562] (robot_localization) StdoutLine: {'line': b'-- Up-to-date: /home/starry1n/WUTA/WUTA-FSD/ros2_ws/install/robot_localization/lib/librobot_localization__rosidl_typesupport_cpp.so\n'}
[0.705253] (-) TimerEvent: {}
[0.709982] (wuta_msgs) JobEnded: {'identifier': 'wuta_msgs', 'rc': 0}
[0.711278] (camera_detection) JobStarted: {'identifier': 'camera_detection'}
[0.718974] (cone_map_builder) JobStarted: {'identifier': 'cone_map_builder'}
[0.719193] (robot_localization) StdoutLine: {'line': b"Listing '/home/starry1n/WUTA/WUTA-FSD/ros2_ws/install/robot_localization/local/lib/python3.10/dist-packages/robot_localization'...\n"}
[0.719459] (robot_localization) StdoutLine: {'line': b"Listing '/home/starry1n/WUTA/WUTA-FSD/ros2_ws/install/robot_localization/local/lib/python3.10/dist-packages/robot_localization/srv'...\n"}
[0.725794] (detection_fusion) JobStarted: {'identifier': 'detection_fusion'}
[0.728179] (robot_localization) StdoutLine: {'line': b'-- Up-to-date: /home/starry1n/WUTA/WUTA-FSD/ros2_ws/install/robot_localization/lib/librobot_localization__rosidl_generator_py.so\n'}
[0.728494] (robot_localization) StdoutLine: {'line': b'-- Up-to-date: /home/starry1n/WUTA/WUTA-FSD/ros2_ws/install/robot_localization/share/robot_localization/test\n'}
[0.729207] (robot_localization) StdoutLine: {'line': b'-- Up-to-date: /home/starry1n/WUTA/WUTA-FSD/ros2_ws/install/robot_localization/share/robot_localization/test/test_ekf_localization_node_bag3.launch.py\n'}
[0.729500] (robot_localization) StdoutLine: {'line': b'-- Up-to-date: /home/starry1n/WUTA/WUTA-FSD/ros2_ws/install/robot_localization/share/robot_localization/test/test_ekf_localization_node_bag2.sh\n'}
[0.729635] (robot_localization) StdoutLine: {'line': b'-- Up-to-date: /home/starry1n/WUTA/WUTA-FSD/ros2_ws/install/robot_localization/share/robot_localization/test/test3.bag\n'}
[0.729707] (robot_localization) StdoutLine: {'line': b'-- Up-to-date: /home/starry1n/WUTA/WUTA-FSD/ros2_ws/install/robot_localization/share/robot_localization/test/test_ukf_localization_node_bag2.launch.py\n'}
[0.729764] (robot_localization) StdoutLine: {'line': b'-- Up-to-date: /home/starry1n/WUTA/WUTA-FSD/ros2_ws/install/robot_localization/share/robot_localization/test/test_ros_robot_localization_listener.cpp\n'}
[0.729858] (robot_localization) StdoutLine: {'line': b'-- Up-to-date: /home/starry1n/WUTA/WUTA-FSD/ros2_ws/install/robot_localization/share/robot_localization/test/test_ekf_localization_node_bag1.sh\n'}
[0.729927] (robot_localization) StdoutLine: {'line': b'-- Up-to-date: /home/starry1n/WUTA/WUTA-FSD/ros2_ws/install/robot_localization/share/robot_localization/test/test_ukf_localization_node_bag3.yaml\n'}
[0.729979] (robot_localization) StdoutLine: {'line': b'-- Up-to-date: /home/starry1n/WUTA/WUTA-FSD/ros2_ws/install/robot_localization/share/robot_localization/test/test_ekf_localization_node_interfaces.cpp\n'}
[0.730031] (robot_localization) StdoutLine: {'line': b'-- Up-to-date: /home/starry1n/WUTA/WUTA-FSD/ros2_ws/install/robot_localization/share/robot_localization/test/test_ros_robot_localization_listener_publisher.cpp\n'}
[0.730084] (robot_localization) StdoutLine: {'line': b'-- Up-to-date: /home/starry1n/WUTA/WUTA-FSD/ros2_ws/install/robot_localization/share/robot_localization/test/test_localization_node_bag_pose_tester.cpp\n'}
[0.730174] (robot_localization) StdoutLine: {'line': b'-- Up-to-date: /home/starry1n/WUTA/WUTA-FSD/ros2_ws/install/robot_localization/share/robot_localization/test/test_filter_base.cpp\n'}
[0.730767] (robot_localization) StdoutLine: {'line': b'-- Up-to-date: /home/starry1n/WUTA/WUTA-FSD/ros2_ws/install/robot_localization/share/robot_localization/test/test_ekf_localization_node_bag1.launch.py\n'}
[0.731304] (robot_localization) StdoutLine: {'line': b'-- Up-to-date: /home/starry1n/WUTA/WUTA-FSD/ros2_ws/install/robot_localization/share/robot_localization/test/test1.bag\n'}
[0.731449] (robot_localization) StdoutLine: {'line': b'-- Up-to-date: /home/starry1n/WUTA/WUTA-FSD/ros2_ws/install/robot_localization/share/robot_localization/test/test_ros_robot_localization_listener.yaml\n'}
[0.731522] (robot_localization) StdoutLine: {'line': b'-- Up-to-date: /home/starry1n/WUTA/WUTA-FSD/ros2_ws/install/robot_localization/share/robot_localization/test/test_ros_robot_localization_listener.launch.py\n'}
[0.731585] (robot_localization) StdoutLine: {'line': b'-- Up-to-date: /home/starry1n/WUTA/WUTA-FSD/ros2_ws/install/robot_localization/share/robot_localization/test/test_robot_localization_estimator.launch.py\n'}
[0.731642] (robot_localization) StdoutLine: {'line': b'-- Up-to-date: /home/starry1n/WUTA/WUTA-FSD/ros2_ws/install/robot_localization/share/robot_localization/test/test_ukf_localization_node_bag2.sh\n'}
[0.731700] (robot_localization) StdoutLine: {'line': b'-- Up-to-date: /home/starry1n/WUTA/WUTA-FSD/ros2_ws/install/robot_localization/share/robot_localization/test/test_ukf_localization_node_bag1.launch.py\n'}
[0.731791] (robot_localization) StdoutLine: {'line': b'-- Up-to-date: /home/starry1n/WUTA/WUTA-FSD/ros2_ws/install/robot_localization/share/robot_localization/test/test_filter_base_diagnostics_timestamps.yaml\n'}
[0.731964] (robot_localization) StdoutLine: {'line': b'-- Up-to-date: /home/starry1n/WUTA/WUTA-FSD/ros2_ws/install/robot_localization/share/robot_localization/test/test_ukf_localization_node_bag3.sh\n'}
[0.732034] (robot_localization) StdoutLine: {'line': b'-- Up-to-date: /home/starry1n/WUTA/WUTA-FSD/ros2_ws/install/robot_localization/share/robot_localization/test/test_ekf.cpp\n'}
[0.732096] (robot_localization) StdoutLine: {'line': b'-- Up-to-date: /home/starry1n/WUTA/WUTA-FSD/ros2_ws/install/robot_localization/share/robot_localization/test/test_ekf_localization_node_bag2.yaml\n'}
[0.732193] (robot_localization) StdoutLine: {'line': b'-- Up-to-date: /home/starry1n/WUTA/WUTA-FSD/ros2_ws/install/robot_localization/share/robot_localization/test/test_ekf_localization_node_bag3.yaml\n'}
[0.732276] (robot_localization) StdoutLine: {'line': b'-- Up-to-date: /home/starry1n/WUTA/WUTA-FSD/ros2_ws/install/robot_localization/share/robot_localization/test/test_ekf_localization_node_interfaces.yaml\n'}
[0.732330] (robot_localization) StdoutLine: {'line': b'-- Up-to-date: /home/starry1n/WUTA/WUTA-FSD/ros2_ws/install/robot_localization/share/robot_localization/test/test_ukf_localization_node_bag2.yaml\n'}
[0.732477] (robot_localization) StdoutLine: {'line': b'-- Up-to-date: /home/starry1n/WUTA/WUTA-FSD/ros2_ws/install/robot_localization/share/robot_localization/test/test_ukf_localization_node_bag1.sh\n'}
[0.732568] (robot_localization) StdoutLine: {'line': b'-- Up-to-date: /home/starry1n/WUTA/WUTA-FSD/ros2_ws/install/robot_localization/share/robot_localization/test/test_ekf_localization_node_interfaces.launch.py\n'}
[0.732653] (robot_localization) StdoutLine: {'line': b'-- Up-to-date: /home/starry1n/WUTA/WUTA-FSD/ros2_ws/install/robot_localization/share/robot_localization/test/test_ukf_localization_node_interfaces.yaml\n'}
[0.732714] (robot_localization) StdoutLine: {'line': b'-- Up-to-date: /home/starry1n/WUTA/WUTA-FSD/ros2_ws/install/robot_localization/share/robot_localization/test/test_ukf_localization_node_interfaces.launch.py\n'}
[0.732898] (robot_localization) StdoutLine: {'line': b'-- Up-to-date: /home/starry1n/WUTA/WUTA-FSD/ros2_ws/install/robot_localization/share/robot_localization/test/test_filter_base_diagnostics_timestamps.cpp\n'}
[0.733118] (robot_localization) StdoutLine: {'line': b'-- Up-to-date: /home/starry1n/WUTA/WUTA-FSD/ros2_ws/install/robot_localization/share/robot_localization/test/test_ukf_localization_node_bag1.yaml\n'}
[0.733730] (robot_localization) StdoutLine: {'line': b'-- Up-to-date: /home/starry1n/WUTA/WUTA-FSD/ros2_ws/install/robot_localization/share/robot_localization/test/test2.bag\n'}
[0.733799] (robot_localization) StdoutLine: {'line': b'-- Up-to-date: /home/starry1n/WUTA/WUTA-FSD/ros2_ws/install/robot_localization/share/robot_localization/test/test_navsat_conversions.cpp\n'}
[0.733860] (robot_localization) StdoutLine: {'line': b'-- Up-to-date: /home/starry1n/WUTA/WUTA-FSD/ros2_ws/install/robot_localization/share/robot_localization/test/test_ekf_localization_node_bag3.sh\n'}
[0.733896] (robot_localization) StdoutLine: {'line': b'-- Up-to-date: /home/starry1n/WUTA/WUTA-FSD/ros2_ws/install/robot_localization/share/robot_localization/test/test_ekf_localization_node_bag2.launch.py\n'}
[0.733925] (robot_localization) StdoutLine: {'line': b'-- Up-to-date: /home/starry1n/WUTA/WUTA-FSD/ros2_ws/install/robot_localization/share/robot_localization/test/test_ukf.cpp\n'}
[0.733993] (robot_localization) StdoutLine: {'line': b'-- Up-to-date: /home/starry1n/WUTA/WUTA-FSD/ros2_ws/install/robot_localization/share/robot_localization/test/test_filter_base_diagnostics_timestamps.launch.py\n'}
[0.734250] (robot_localization) StdoutLine: {'line': b'-- Up-to-date: /home/starry1n/WUTA/WUTA-FSD/ros2_ws/install/robot_localization/share/robot_localization/test/test_ukf_localization_node_interfaces.cpp\n'}
[0.734856] (robot_localization) StdoutLine: {'line': b'-- Up-to-date: /home/starry1n/WUTA/WUTA-FSD/ros2_ws/install/robot_localization/share/robot_localization/test/test_ekf_localization_node_bag1.yaml\n'}
[0.735016] (robot_localization) StdoutLine: {'line': b'-- Up-to-date: /home/starry1n/WUTA/WUTA-FSD/ros2_ws/install/robot_localization/share/robot_localization/test/test_robot_localization_estimator.cpp\n'}
[0.735498] (robot_localization) StdoutLine: {'line': b'-- Up-to-date: /home/starry1n/WUTA/WUTA-FSD/ros2_ws/install/robot_localization/share/robot_localization/test/test_ukf_localization_node_bag3.launch.py\n'}
[0.735708] (robot_localization) StdoutLine: {'line': b'-- Up-to-date: /home/starry1n/WUTA/WUTA-FSD/ros2_ws/install/robot_localization/include/robot_localization\n'}
[0.735802] (robot_localization) StdoutLine: {'line': b'-- Up-to-date: /home/starry1n/WUTA/WUTA-FSD/ros2_ws/install/robot_localization/include/robot_localization/robot_localization\n'}
[0.735929] (robot_localization) StdoutLine: {'line': b'-- Up-to-date: /home/starry1n/WUTA/WUTA-FSD/ros2_ws/install/robot_localization/include/robot_localization/robot_localization/filter_base.hpp\n'}
[0.735997] (robot_localization) StdoutLine: {'line': b'-- Up-to-date: /home/starry1n/WUTA/WUTA-FSD/ros2_ws/install/robot_localization/include/robot_localization/robot_localization/ukf.hpp\n'}
[0.736059] (robot_localization) StdoutLine: {'line': b'-- Up-to-date: /home/starry1n/WUTA/WUTA-FSD/ros2_ws/install/robot_localization/include/robot_localization/robot_localization/ros_filter_utilities.hpp\n'}
[0.736117] (robot_localization) StdoutLine: {'line': b'-- Up-to-date: /home/starry1n/WUTA/WUTA-FSD/ros2_ws/install/robot_localization/include/robot_localization/robot_localization/filter_common.hpp\n'}
[0.736210] (robot_localization) StdoutLine: {'line': b'-- Up-to-date: /home/starry1n/WUTA/WUTA-FSD/ros2_ws/install/robot_localization/include/robot_localization/robot_localization/measurement.hpp\n'}
[0.736337] (robot_localization) StdoutLine: {'line': b'-- Up-to-date: /home/starry1n/WUTA/WUTA-FSD/ros2_ws/install/robot_localization/include/robot_localization/robot_localization/ekf.hpp\n'}
[0.736447] (robot_localization) StdoutLine: {'line': b'-- Up-to-date: /home/starry1n/WUTA/WUTA-FSD/ros2_ws/install/robot_localization/include/robot_localization/robot_localization/navsat_transform.hpp\n'}
[0.736585] (robot_localization) StdoutLine: {'line': b'-- Up-to-date: /home/starry1n/WUTA/WUTA-FSD/ros2_ws/install/robot_localization/include/robot_localization/robot_localization/ros_filter.hpp\n'}
[0.736656] (robot_localization) StdoutLine: {'line': b'-- Up-to-date: /home/starry1n/WUTA/WUTA-FSD/ros2_ws/install/robot_localization/include/robot_localization/robot_localization/ros_filter_types.hpp\n'}
[0.737005] (robot_localization) StdoutLine: {'line': b'-- Up-to-date: /home/starry1n/WUTA/WUTA-FSD/ros2_ws/install/robot_localization/include/robot_localization/robot_localization/ros_robot_localization_listener.hpp\n'}
[0.737320] (robot_localization) StdoutLine: {'line': b'-- Up-to-date: /home/starry1n/WUTA/WUTA-FSD/ros2_ws/install/robot_localization/include/robot_localization/robot_localization/navsat_conversions.hpp\n'}
[0.737490] (robot_localization) StdoutLine: {'line': b'-- Up-to-date: /home/starry1n/WUTA/WUTA-FSD/ros2_ws/install/robot_localization/include/robot_localization/robot_localization/filter_state.hpp\n'}
[0.737689] (robot_localization) StdoutLine: {'line': b'-- Up-to-date: /home/starry1n/WUTA/WUTA-FSD/ros2_ws/install/robot_localization/include/robot_localization/robot_localization/filter_utilities.hpp\n'}
[0.737776] (robot_localization) StdoutLine: {'line': b'-- Up-to-date: /home/starry1n/WUTA/WUTA-FSD/ros2_ws/install/robot_localization/include/robot_localization/robot_localization/robot_localization_estimator.hpp\n'}
[0.737928] (robot_localization) StdoutLine: {'line': b'-- Up-to-date: /home/starry1n/WUTA/WUTA-FSD/ros2_ws/install/robot_localization/share/robot_localization/params\n'}
[0.738411] (robot_localization) StdoutLine: {'line': b'-- Up-to-date: /home/starry1n/WUTA/WUTA-FSD/ros2_ws/install/robot_localization/share/robot_localization/params/ukf.yaml\n'}
[0.738493] (robot_localization) StdoutLine: {'line': b'-- Up-to-date: /home/starry1n/WUTA/WUTA-FSD/ros2_ws/install/robot_localization/share/robot_localization/params/dual_ekf_navsat_example.yaml\n'}
[0.738611] (robot_localization) StdoutLine: {'line': b'-- Up-to-date: /home/starry1n/WUTA/WUTA-FSD/ros2_ws/install/robot_localization/share/robot_localization/params/ekf.yaml\n'}
[0.738689] (robot_localization) StdoutLine: {'line': b'-- Up-to-date: /home/starry1n/WUTA/WUTA-FSD/ros2_ws/install/robot_localization/share/robot_localization/params/navsat_transform.yaml\n'}
[0.738732] (robot_localization) StdoutLine: {'line': b'-- Up-to-date: /home/starry1n/WUTA/WUTA-FSD/ros2_ws/install/robot_localization/share/robot_localization/launch\n'}
[0.738801] (robot_localization) StdoutLine: {'line': b'-- Up-to-date: /home/starry1n/WUTA/WUTA-FSD/ros2_ws/install/robot_localization/share/robot_localization/launch/ekf.launch.py\n'}
[0.738844] (robot_localization) StdoutLine: {'line': b'-- Up-to-date: /home/starry1n/WUTA/WUTA-FSD/ros2_ws/install/robot_localization/share/robot_localization/launch/ukf.launch.py\n'}
[0.738879] (robot_localization) StdoutLine: {'line': b'-- Up-to-date: /home/starry1n/WUTA/WUTA-FSD/ros2_ws/install/robot_localization/share/robot_localization/launch/dual_ekf_navsat_example.launch.py\n'}
[0.740033] (robot_localization) StdoutLine: {'line': b'-- Up-to-date: /home/starry1n/WUTA/WUTA-FSD/ros2_ws/install/robot_localization/share/robot_localization/launch/navsat_transform.launch.py\n'}
[0.740499] (robot_localization) StdoutLine: {'line': b'-- Up-to-date: /home/starry1n/WUTA/WUTA-FSD/ros2_ws/install/robot_localization/share/robot_localization/cmake/export_robot_localization__rosidl_generator_cExport.cmake\n'}
[0.743277] (robot_localization) StdoutLine: {'line': b'-- Up-to-date: /home/starry1n/WUTA/WUTA-FSD/ros2_ws/install/robot_localization/share/robot_localization/cmake/export_robot_localization__rosidl_generator_cExport-relwithdebinfo.cmake\n'}
[0.743360] (robot_localization) StdoutLine: {'line': b'-- Up-to-date: /home/starry1n/WUTA/WUTA-FSD/ros2_ws/install/robot_localization/share/robot_localization/cmake/export_robot_localization__rosidl_typesupport_fastrtps_cExport.cmake\n'}
[0.743406] (robot_localization) StdoutLine: {'line': b'-- Up-to-date: /home/starry1n/WUTA/WUTA-FSD/ros2_ws/install/robot_localization/share/robot_localization/cmake/export_robot_localization__rosidl_typesupport_fastrtps_cExport-relwithdebinfo.cmake\n'}
[0.743442] (robot_localization) StdoutLine: {'line': b'-- Up-to-date: /home/starry1n/WUTA/WUTA-FSD/ros2_ws/install/robot_localization/share/robot_localization/cmake/export_robot_localization__rosidl_generator_cppExport.cmake\n'}
[0.743471] (robot_localization) StdoutLine: {'line': b'-- Up-to-date: /home/starry1n/WUTA/WUTA-FSD/ros2_ws/install/robot_localization/share/robot_localization/cmake/export_robot_localization__rosidl_typesupport_fastrtps_cppExport.cmake\n'}
[0.743500] (robot_localization) StdoutLine: {'line': b'-- Up-to-date: /home/starry1n/WUTA/WUTA-FSD/ros2_ws/install/robot_localization/share/robot_localization/cmake/export_robot_localization__rosidl_typesupport_fastrtps_cppExport-relwithdebinfo.cmake\n'}
[0.743526] (robot_localization) StdoutLine: {'line': b'-- Up-to-date: /home/starry1n/WUTA/WUTA-FSD/ros2_ws/install/robot_localization/share/robot_localization/cmake/robot_localization__rosidl_typesupport_introspection_cExport.cmake\n'}
[0.743833] (robot_localization) StdoutLine: {'line': b'-- Up-to-date: /home/starry1n/WUTA/WUTA-FSD/ros2_ws/install/robot_localization/share/robot_localization/cmake/robot_localization__rosidl_typesupport_introspection_cExport-relwithdebinfo.cmake\n'}
[0.743900] (robot_localization) StdoutLine: {'line': b'-- Up-to-date: /home/starry1n/WUTA/WUTA-FSD/ros2_ws/install/robot_localization/share/robot_localization/cmake/robot_localization__rosidl_typesupport_cExport.cmake\n'}
[0.743983] (robot_localization) StdoutLine: {'line': b'-- Up-to-date: /home/starry1n/WUTA/WUTA-FSD/ros2_ws/install/robot_localization/share/robot_localization/cmake/robot_localization__rosidl_typesupport_cExport-relwithdebinfo.cmake\n'}
[0.744026] (robot_localization) StdoutLine: {'line': b'-- Up-to-date: /home/starry1n/WUTA/WUTA-FSD/ros2_ws/install/robot_localization/share/robot_localization/cmake/robot_localization__rosidl_typesupport_introspection_cppExport.cmake\n'}
[0.744066] (robot_localization) StdoutLine: {'line': b'-- Up-to-date: /home/starry1n/WUTA/WUTA-FSD/ros2_ws/install/robot_localization/share/robot_localization/cmake/robot_localization__rosidl_typesupport_introspection_cppExport-relwithdebinfo.cmake\n'}
[0.744099] (robot_localization) StdoutLine: {'line': b'-- Up-to-date: /home/starry1n/WUTA/WUTA-FSD/ros2_ws/install/robot_localization/share/robot_localization/cmake/robot_localization__rosidl_typesupport_cppExport.cmake\n'}
[0.744126] (robot_localization) StdoutLine: {'line': b'-- Up-to-date: /home/starry1n/WUTA/WUTA-FSD/ros2_ws/install/robot_localization/share/robot_localization/cmake/robot_localization__rosidl_typesupport_cppExport-relwithdebinfo.cmake\n'}
[0.744167] (robot_localization) StdoutLine: {'line': b'-- Up-to-date: /home/starry1n/WUTA/WUTA-FSD/ros2_ws/install/robot_localization/share/robot_localization/cmake/export_robot_localization__rosidl_generator_pyExport.cmake\n'}
[0.744197] (robot_localization) StdoutLine: {'line': b'-- Up-to-date: /home/starry1n/WUTA/WUTA-FSD/ros2_ws/install/robot_localization/share/robot_localization/cmake/export_robot_localization__rosidl_generator_pyExport-relwithdebinfo.cmake\n'}
[0.744224] (kiss_icp_wrapper) JobStarted: {'identifier': 'kiss_icp_wrapper'}
[0.748764] (lidar_detection) JobStarted: {'identifier': 'lidar_detection'}
[0.754293] (mission_manager) JobStarted: {'identifier': 'mission_manager'}
[0.760192] (autoware_msgs) CommandEnded: {'returncode': 0}
[0.788365] (autoware_msgs) JobEnded: {'identifier': 'autoware_msgs', 'rc': 0}
[0.790758] (boundary_detector) JobStarted: {'identifier': 'boundary_detector'}
[0.793638] (robot_localization) CommandEnded: {'returncode': 0}
[0.806071] (-) TimerEvent: {}
[0.825824] (robot_localization) JobEnded: {'identifier': 'robot_localization', 'rc': 0}
[0.826856] (camera_detection) JobProgress: {'identifier': 'camera_detection', 'progress': 'cmake'}
[0.828113] (camera_detection) JobProgress: {'identifier': 'camera_detection', 'progress': 'build'}
[0.829827] (camera_detection) Command: {'cmd': ['/usr/bin/cmake', '--build', '/home/starry1n/WUTA/WUTA-FSD/ros2_ws/build/camera_detection', '--', '-j8', '-l8'], 'cwd': '/home/starry1n/WUTA/WUTA-FSD/ros2_ws/build/camera_detection', 'env': OrderedDict([('LESSOPEN', '| /usr/bin/lesspipe %s'), ('LANGUAGE', 'zh_CN:zh'), ('USER', 'starry1n'), ('XDG_SESSION_TYPE', 'wayland'), ('SHLVL', '3'), ('LD_LIBRARY_PATH', '/home/starry1n/WUTA/WUTA-FSD/ros2_ws/install/wuta_msgs/lib:/opt/ros/humble/opt/rviz_ogre_vendor/lib:/opt/ros/humble/lib/x86_64-linux-gnu:/opt/ros/humble/lib'), ('HOME', '/home/starry1n'), ('OLDPWD', '/home/starry1n/WUTA/WUTA-FSD'), ('DESKTOP_SESSION', 'ubuntu'), ('ROS_PYTHON_VERSION', '3'), ('GNOME_SHELL_SESSION_MODE', 'ubuntu'), ('GTK_MODULES', 'gail:atk-bridge'), ('DBUS_STARTER_BUS_TYPE', 'session'), ('SYSTEMD_EXEC_PID', '2321'), ('DBUS_SESSION_BUS_ADDRESS', 'unix:path=/run/user/1000/bus,guid=c67e2489f73595b365ff0ae46a50c8ee'), ('COLORTERM', 'truecolor'), ('IM_CONFIG_PHASE', '1'), ('WAYLAND_DISPLAY', 'wayland-0'), ('ROS_DISTRO', 'humble'), ('LOGNAME', 'starry1n'), ('_', '/usr/bin/colcon'), ('ROS_VERSION', '2'), ('XDG_SESSION_CLASS', 'user'), ('USERNAME', 'starry1n'), ('TERM', 'xterm-256color'), ('GNOME_DESKTOP_SESSION_ID', 'this-is-deprecated'), ('ROS_LOCALHOST_ONLY', '0'), ('PATH', '/home/starry1n/.local/bin:/opt/ros/humble/bin:/home/starry1n/.local/bin:/usr/local/sbin:/usr/local/bin:/usr/sbin:/usr/bin:/sbin:/bin:/usr/games:/usr/local/games:/snap/bin:/snap/bin'), ('SESSION_MANAGER', 'local/starry1n-virtual-machine:@/tmp/.ICE-unix/2321,unix/starry1n-virtual-machine:/tmp/.ICE-unix/2321'), ('XDG_MENU_PREFIX', 'gnome-'), ('GNOME_TERMINAL_SCREEN', '/org/gnome/Terminal/screen/1f3eb7e9_2641_49ca_8c99_b72e9fb24486'), ('GNOME_SETUP_DISPLAY', ':1'), ('XDG_RUNTIME_DIR', '/run/user/1000'), ('DISPLAY', ':0'), ('LANG', 'zh_CN.UTF-8'), ('XDG_CURRENT_DESKTOP', 'ubuntu:GNOME'), ('XMODIFIERS', '@im=ibus'), ('XDG_SESSION_DESKTOP', 'ubuntu'), ('XAUTHORITY', '/run/user/1000/.mutter-Xwaylandauth.H6FRS3'), ('LS_COLORS', 'rs=0:di=01;34:ln=01;36:mh=00:pi=40;33:so=01;35:do=01;35:bd=40;33;01:cd=40;33;01:or=40;31;01:mi=00:su=37;41:sg=30;43:ca=30;41:tw=30;42:ow=34;42:st=37;44:ex=01;32:*.tar=01;31:*.tgz=01;31:*.arc=01;31:*.arj=01;31:*.taz=01;31:*.lha=01;31:*.lz4=01;31:*.lzh=01;31:*.lzma=01;31:*.tlz=01;31:*.txz=01;31:*.tzo=01;31:*.t7z=01;31:*.zip=01;31:*.z=01;31:*.dz=01;31:*.gz=01;31:*.lrz=01;31:*.lz=01;31:*.lzo=01;31:*.xz=01;31:*.zst=01;31:*.tzst=01;31:*.bz2=01;31:*.bz=01;31:*.tbz=01;31:*.tbz2=01;31:*.tz=01;31:*.deb=01;31:*.rpm=01;31:*.jar=01;31:*.war=01;31:*.ear=01;31:*.sar=01;31:*.rar=01;31:*.alz=01;31:*.ace=01;31:*.zoo=01;31:*.cpio=01;31:*.7z=01;31:*.rz=01;31:*.cab=01;31:*.wim=01;31:*.swm=01;31:*.dwm=01;31:*.esd=01;31:*.jpg=01;35:*.jpeg=01;35:*.mjpg=01;35:*.mjpeg=01;35:*.gif=01;35:*.bmp=01;35:*.pbm=01;35:*.pgm=01;35:*.ppm=01;35:*.tga=01;35:*.xbm=01;35:*.xpm=01;35:*.tif=01;35:*.tiff=01;35:*.png=01;35:*.svg=01;35:*.svgz=01;35:*.mng=01;35:*.pcx=01;35:*.mov=01;35:*.mpg=01;35:*.mpeg=01;35:*.m2v=01;35:*.mkv=01;35:*.webm=01;35:*.webp=01;35:*.ogm=01;35:*.mp4=01;35:*.m4v=01;35:*.mp4v=01;35:*.vob=01;35:*.qt=01;35:*.nuv=01;35:*.wmv=01;35:*.asf=01;35:*.rm=01;35:*.rmvb=01;35:*.flc=01;35:*.avi=01;35:*.fli=01;35:*.flv=01;35:*.gl=01;35:*.dl=01;35:*.xcf=01;35:*.xwd=01;35:*.yuv=01;35:*.cgm=01;35:*.emf=01;35:*.ogv=01;35:*.ogx=01;35:*.aac=00;36:*.au=00;36:*.flac=00;36:*.m4a=00;36:*.mid=00;36:*.midi=00;36:*.mka=00;36:*.mp3=00;36:*.mpc=00;36:*.ogg=00;36:*.ra=00;36:*.wav=00;36:*.oga=00;36:*.opus=00;36:*.spx=00;36:*.xspf=00;36:'), ('GNOME_TERMINAL_SERVICE', ':1.330'), ('SSH_AGENT_LAUNCHER', 'gnome-keyring'), ('SSH_AUTH_SOCK', '/run/user/1000/keyring/ssh'), ('AMENT_PREFIX_PATH', '/home/starry1n/WUTA/WUTA-FSD/ros2_ws/install/wuta_msgs:/opt/ros/humble'), ('SHELL', '/bin/bash'), ('QT_ACCESSIBILITY', '1'), ('GDMSESSION', 'ubuntu'), ('LESSCLOSE', '/usr/bin/lesspipe %s %s'), ('QT_IM_MODULE', 'ibus'), ('PWD', '/home/starry1n/WUTA/WUTA-FSD/ros2_ws/build/camera_detection'), ('XDG_CONFIG_DIRS', '/etc/xdg/xdg-ubuntu:/etc/xdg'), ('DBUS_STARTER_ADDRESS', 'unix:path=/run/user/1000/bus,guid=c67e2489f73595b365ff0ae46a50c8ee'), ('XDG_DATA_DIRS', '/usr/share/ubuntu:/usr/local/share/:/usr/share/:/var/lib/snapd/desktop'), ('PYTHONPATH', '/home/starry1n/WUTA/WUTA-FSD/ros2_ws/install/wuta_msgs/local/lib/python3.10/dist-packages:/opt/ros/humble/lib/python3.10/site-packages:/opt/ros/humble/local/lib/python3.10/dist-packages'), ('COLCON', '1'), ('VTE_VERSION', '6800'), ('CMAKE_PREFIX_PATH', '/home/starry1n/WUTA/WUTA-FSD/ros2_ws/install/wuta_msgs:/opt/ros/humble')]), 'shell': False}
[0.831592] (cone_map_builder) JobProgress: {'identifier': 'cone_map_builder', 'progress': 'cmake'}
[0.833482] (cone_map_builder) JobProgress: {'identifier': 'cone_map_builder', 'progress': 'build'}
[0.833549] (cone_map_builder) Command: {'cmd': ['/usr/bin/cmake', '--build', '/home/starry1n/WUTA/WUTA-FSD/ros2_ws/build/cone_map_builder', '--', '-j8', '-l8'], 'cwd': '/home/starry1n/WUTA/WUTA-FSD/ros2_ws/build/cone_map_builder', 'env': OrderedDict([('LESSOPEN', '| /usr/bin/lesspipe %s'), ('LANGUAGE', 'zh_CN:zh'), ('USER', 'starry1n'), ('XDG_SESSION_TYPE', 'wayland'), ('SHLVL', '3'), ('LD_LIBRARY_PATH', '/home/starry1n/WUTA/WUTA-FSD/ros2_ws/install/wuta_msgs/lib:/opt/ros/humble/opt/rviz_ogre_vendor/lib:/opt/ros/humble/lib/x86_64-linux-gnu:/opt/ros/humble/lib'), ('HOME', '/home/starry1n'), ('OLDPWD', '/home/starry1n/WUTA/WUTA-FSD'), ('DESKTOP_SESSION', 'ubuntu'), ('ROS_PYTHON_VERSION', '3'), ('GNOME_SHELL_SESSION_MODE', 'ubuntu'), ('GTK_MODULES', 'gail:atk-bridge'), ('DBUS_STARTER_BUS_TYPE', 'session'), ('SYSTEMD_EXEC_PID', '2321'), ('DBUS_SESSION_BUS_ADDRESS', 'unix:path=/run/user/1000/bus,guid=c67e2489f73595b365ff0ae46a50c8ee'), ('COLORTERM', 'truecolor'), ('IM_CONFIG_PHASE', '1'), ('WAYLAND_DISPLAY', 'wayland-0'), ('ROS_DISTRO', 'humble'), ('LOGNAME', 'starry1n'), ('_', '/usr/bin/colcon'), ('ROS_VERSION', '2'), ('XDG_SESSION_CLASS', 'user'), ('USERNAME', 'starry1n'), ('TERM', 'xterm-256color'), ('GNOME_DESKTOP_SESSION_ID', 'this-is-deprecated'), ('ROS_LOCALHOST_ONLY', '0'), ('PATH', '/home/starry1n/.local/bin:/opt/ros/humble/bin:/home/starry1n/.local/bin:/usr/local/sbin:/usr/local/bin:/usr/sbin:/usr/bin:/sbin:/bin:/usr/games:/usr/local/games:/snap/bin:/snap/bin'), ('SESSION_MANAGER', 'local/starry1n-virtual-machine:@/tmp/.ICE-unix/2321,unix/starry1n-virtual-machine:/tmp/.ICE-unix/2321'), ('XDG_MENU_PREFIX', 'gnome-'), ('GNOME_TERMINAL_SCREEN', '/org/gnome/Terminal/screen/1f3eb7e9_2641_49ca_8c99_b72e9fb24486'), ('GNOME_SETUP_DISPLAY', ':1'), ('XDG_RUNTIME_DIR', '/run/user/1000'), ('DISPLAY', ':0'), ('LANG', 'zh_CN.UTF-8'), ('XDG_CURRENT_DESKTOP', 'ubuntu:GNOME'), ('XMODIFIERS', '@im=ibus'), ('XDG_SESSION_DESKTOP', 'ubuntu'), ('XAUTHORITY', '/run/user/1000/.mutter-Xwaylandauth.H6FRS3'), ('LS_COLORS', 'rs=0:di=01;34:ln=01;36:mh=00:pi=40;33:so=01;35:do=01;35:bd=40;33;01:cd=40;33;01:or=40;31;01:mi=00:su=37;41:sg=30;43:ca=30;41:tw=30;42:ow=34;42:st=37;44:ex=01;32:*.tar=01;31:*.tgz=01;31:*.arc=01;31:*.arj=01;31:*.taz=01;31:*.lha=01;31:*.lz4=01;31:*.lzh=01;31:*.lzma=01;31:*.tlz=01;31:*.txz=01;31:*.tzo=01;31:*.t7z=01;31:*.zip=01;31:*.z=01;31:*.dz=01;31:*.gz=01;31:*.lrz=01;31:*.lz=01;31:*.lzo=01;31:*.xz=01;31:*.zst=01;31:*.tzst=01;31:*.bz2=01;31:*.bz=01;31:*.tbz=01;31:*.tbz2=01;31:*.tz=01;31:*.deb=01;31:*.rpm=01;31:*.jar=01;31:*.war=01;31:*.ear=01;31:*.sar=01;31:*.rar=01;31:*.alz=01;31:*.ace=01;31:*.zoo=01;31:*.cpio=01;31:*.7z=01;31:*.rz=01;31:*.cab=01;31:*.wim=01;31:*.swm=01;31:*.dwm=01;31:*.esd=01;31:*.jpg=01;35:*.jpeg=01;35:*.mjpg=01;35:*.mjpeg=01;35:*.gif=01;35:*.bmp=01;35:*.pbm=01;35:*.pgm=01;35:*.ppm=01;35:*.tga=01;35:*.xbm=01;35:*.xpm=01;35:*.tif=01;35:*.tiff=01;35:*.png=01;35:*.svg=01;35:*.svgz=01;35:*.mng=01;35:*.pcx=01;35:*.mov=01;35:*.mpg=01;35:*.mpeg=01;35:*.m2v=01;35:*.mkv=01;35:*.webm=01;35:*.webp=01;35:*.ogm=01;35:*.mp4=01;35:*.m4v=01;35:*.mp4v=01;35:*.vob=01;35:*.qt=01;35:*.nuv=01;35:*.wmv=01;35:*.asf=01;35:*.rm=01;35:*.rmvb=01;35:*.flc=01;35:*.avi=01;35:*.fli=01;35:*.flv=01;35:*.gl=01;35:*.dl=01;35:*.xcf=01;35:*.xwd=01;35:*.yuv=01;35:*.cgm=01;35:*.emf=01;35:*.ogv=01;35:*.ogx=01;35:*.aac=00;36:*.au=00;36:*.flac=00;36:*.m4a=00;36:*.mid=00;36:*.midi=00;36:*.mka=00;36:*.mp3=00;36:*.mpc=00;36:*.ogg=00;36:*.ra=00;36:*.wav=00;36:*.oga=00;36:*.opus=00;36:*.spx=00;36:*.xspf=00;36:'), ('GNOME_TERMINAL_SERVICE', ':1.330'), ('SSH_AGENT_LAUNCHER', 'gnome-keyring'), ('SSH_AUTH_SOCK', '/run/user/1000/keyring/ssh'), ('AMENT_PREFIX_PATH', '/home/starry1n/WUTA/WUTA-FSD/ros2_ws/install/wuta_msgs:/opt/ros/humble'), ('SHELL', '/bin/bash'), ('QT_ACCESSIBILITY', '1'), ('GDMSESSION', 'ubuntu'), ('LESSCLOSE', '/usr/bin/lesspipe %s %s'), ('QT_IM_MODULE', 'ibus'), ('PWD', '/home/starry1n/WUTA/WUTA-FSD/ros2_ws/build/cone_map_builder'), ('XDG_CONFIG_DIRS', '/etc/xdg/xdg-ubuntu:/etc/xdg'), ('DBUS_STARTER_ADDRESS', 'unix:path=/run/user/1000/bus,guid=c67e2489f73595b365ff0ae46a50c8ee'), ('XDG_DATA_DIRS', '/usr/share/ubuntu:/usr/local/share/:/usr/share/:/var/lib/snapd/desktop'), ('PYTHONPATH', '/home/starry1n/WUTA/WUTA-FSD/ros2_ws/install/wuta_msgs/local/lib/python3.10/dist-packages:/opt/ros/humble/lib/python3.10/site-packages:/opt/ros/humble/local/lib/python3.10/dist-packages'), ('COLCON', '1'), ('VTE_VERSION', '6800'), ('CMAKE_PREFIX_PATH', '/home/starry1n/WUTA/WUTA-FSD/ros2_ws/install/wuta_msgs:/opt/ros/humble')]), 'shell': False}
[0.834725] (detection_fusion) JobProgress: {'identifier': 'detection_fusion', 'progress': 'cmake'}
[0.836063] (detection_fusion) JobProgress: {'identifier': 'detection_fusion', 'progress': 'build'}
[0.837581] (detection_fusion) Command: {'cmd': ['/usr/bin/cmake', '--build', '/home/starry1n/WUTA/WUTA-FSD/ros2_ws/build/detection_fusion', '--', '-j8', '-l8'], 'cwd': '/home/starry1n/WUTA/WUTA-FSD/ros2_ws/build/detection_fusion', 'env': OrderedDict([('LESSOPEN', '| /usr/bin/lesspipe %s'), ('LANGUAGE', 'zh_CN:zh'), ('USER', 'starry1n'), ('XDG_SESSION_TYPE', 'wayland'), ('SHLVL', '3'), ('LD_LIBRARY_PATH', '/home/starry1n/WUTA/WUTA-FSD/ros2_ws/install/wuta_msgs/lib:/opt/ros/humble/opt/rviz_ogre_vendor/lib:/opt/ros/humble/lib/x86_64-linux-gnu:/opt/ros/humble/lib'), ('HOME', '/home/starry1n'), ('OLDPWD', '/home/starry1n/WUTA/WUTA-FSD'), ('DESKTOP_SESSION', 'ubuntu'), ('ROS_PYTHON_VERSION', '3'), ('GNOME_SHELL_SESSION_MODE', 'ubuntu'), ('GTK_MODULES', 'gail:atk-bridge'), ('DBUS_STARTER_BUS_TYPE', 'session'), ('SYSTEMD_EXEC_PID', '2321'), ('DBUS_SESSION_BUS_ADDRESS', 'unix:path=/run/user/1000/bus,guid=c67e2489f73595b365ff0ae46a50c8ee'), ('COLORTERM', 'truecolor'), ('IM_CONFIG_PHASE', '1'), ('WAYLAND_DISPLAY', 'wayland-0'), ('ROS_DISTRO', 'humble'), ('LOGNAME', 'starry1n'), ('_', '/usr/bin/colcon'), ('ROS_VERSION', '2'), ('XDG_SESSION_CLASS', 'user'), ('USERNAME', 'starry1n'), ('TERM', 'xterm-256color'), ('GNOME_DESKTOP_SESSION_ID', 'this-is-deprecated'), ('ROS_LOCALHOST_ONLY', '0'), ('PATH', '/home/starry1n/.local/bin:/opt/ros/humble/bin:/home/starry1n/.local/bin:/usr/local/sbin:/usr/local/bin:/usr/sbin:/usr/bin:/sbin:/bin:/usr/games:/usr/local/games:/snap/bin:/snap/bin'), ('SESSION_MANAGER', 'local/starry1n-virtual-machine:@/tmp/.ICE-unix/2321,unix/starry1n-virtual-machine:/tmp/.ICE-unix/2321'), ('XDG_MENU_PREFIX', 'gnome-'), ('GNOME_TERMINAL_SCREEN', '/org/gnome/Terminal/screen/1f3eb7e9_2641_49ca_8c99_b72e9fb24486'), ('GNOME_SETUP_DISPLAY', ':1'), ('XDG_RUNTIME_DIR', '/run/user/1000'), ('DISPLAY', ':0'), ('LANG', 'zh_CN.UTF-8'), ('XDG_CURRENT_DESKTOP', 'ubuntu:GNOME'), ('XMODIFIERS', '@im=ibus'), ('XDG_SESSION_DESKTOP', 'ubuntu'), ('XAUTHORITY', '/run/user/1000/.mutter-Xwaylandauth.H6FRS3'), ('LS_COLORS', 'rs=0:di=01;34:ln=01;36:mh=00:pi=40;33:so=01;35:do=01;35:bd=40;33;01:cd=40;33;01:or=40;31;01:mi=00:su=37;41:sg=30;43:ca=30;41:tw=30;42:ow=34;42:st=37;44:ex=01;32:*.tar=01;31:*.tgz=01;31:*.arc=01;31:*.arj=01;31:*.taz=01;31:*.lha=01;31:*.lz4=01;31:*.lzh=01;31:*.lzma=01;31:*.tlz=01;31:*.txz=01;31:*.tzo=01;31:*.t7z=01;31:*.zip=01;31:*.z=01;31:*.dz=01;31:*.gz=01;31:*.lrz=01;31:*.lz=01;31:*.lzo=01;31:*.xz=01;31:*.zst=01;31:*.tzst=01;31:*.bz2=01;31:*.bz=01;31:*.tbz=01;31:*.tbz2=01;31:*.tz=01;31:*.deb=01;31:*.rpm=01;31:*.jar=01;31:*.war=01;31:*.ear=01;31:*.sar=01;31:*.rar=01;31:*.alz=01;31:*.ace=01;31:*.zoo=01;31:*.cpio=01;31:*.7z=01;31:*.rz=01;31:*.cab=01;31:*.wim=01;31:*.swm=01;31:*.dwm=01;31:*.esd=01;31:*.jpg=01;35:*.jpeg=01;35:*.mjpg=01;35:*.mjpeg=01;35:*.gif=01;35:*.bmp=01;35:*.pbm=01;35:*.pgm=01;35:*.ppm=01;35:*.tga=01;35:*.xbm=01;35:*.xpm=01;35:*.tif=01;35:*.tiff=01;35:*.png=01;35:*.svg=01;35:*.svgz=01;35:*.mng=01;35:*.pcx=01;35:*.mov=01;35:*.mpg=01;35:*.mpeg=01;35:*.m2v=01;35:*.mkv=01;35:*.webm=01;35:*.webp=01;35:*.ogm=01;35:*.mp4=01;35:*.m4v=01;35:*.mp4v=01;35:*.vob=01;35:*.qt=01;35:*.nuv=01;35:*.wmv=01;35:*.asf=01;35:*.rm=01;35:*.rmvb=01;35:*.flc=01;35:*.avi=01;35:*.fli=01;35:*.flv=01;35:*.gl=01;35:*.dl=01;35:*.xcf=01;35:*.xwd=01;35:*.yuv=01;35:*.cgm=01;35:*.emf=01;35:*.ogv=01;35:*.ogx=01;35:*.aac=00;36:*.au=00;36:*.flac=00;36:*.m4a=00;36:*.mid=00;36:*.midi=00;36:*.mka=00;36:*.mp3=00;36:*.mpc=00;36:*.ogg=00;36:*.ra=00;36:*.wav=00;36:*.oga=00;36:*.opus=00;36:*.spx=00;36:*.xspf=00;36:'), ('GNOME_TERMINAL_SERVICE', ':1.330'), ('SSH_AGENT_LAUNCHER', 'gnome-keyring'), ('SSH_AUTH_SOCK', '/run/user/1000/keyring/ssh'), ('AMENT_PREFIX_PATH', '/home/starry1n/WUTA/WUTA-FSD/ros2_ws/install/wuta_msgs:/opt/ros/humble'), ('SHELL', '/bin/bash'), ('QT_ACCESSIBILITY', '1'), ('GDMSESSION', 'ubuntu'), ('LESSCLOSE', '/usr/bin/lesspipe %s %s'), ('QT_IM_MODULE', 'ibus'), ('PWD', '/home/starry1n/WUTA/WUTA-FSD/ros2_ws/build/detection_fusion'), ('XDG_CONFIG_DIRS', '/etc/xdg/xdg-ubuntu:/etc/xdg'), ('DBUS_STARTER_ADDRESS', 'unix:path=/run/user/1000/bus,guid=c67e2489f73595b365ff0ae46a50c8ee'), ('XDG_DATA_DIRS', '/usr/share/ubuntu:/usr/local/share/:/usr/share/:/var/lib/snapd/desktop'), ('PYTHONPATH', '/home/starry1n/WUTA/WUTA-FSD/ros2_ws/install/wuta_msgs/local/lib/python3.10/dist-packages:/opt/ros/humble/lib/python3.10/site-packages:/opt/ros/humble/local/lib/python3.10/dist-packages'), ('COLCON', '1'), ('VTE_VERSION', '6800'), ('CMAKE_PREFIX_PATH', '/home/starry1n/WUTA/WUTA-FSD/ros2_ws/install/wuta_msgs:/opt/ros/humble')]), 'shell': False}
[0.840944] (kiss_icp_wrapper) JobProgress: {'identifier': 'kiss_icp_wrapper', 'progress': 'cmake'}
[0.842060] (kiss_icp_wrapper) JobProgress: {'identifier': 'kiss_icp_wrapper', 'progress': 'build'}
[0.843990] (kiss_icp_wrapper) Command: {'cmd': ['/usr/bin/cmake', '--build', '/home/starry1n/WUTA/WUTA-FSD/ros2_ws/build/kiss_icp_wrapper', '--', '-j8', '-l8'], 'cwd': '/home/starry1n/WUTA/WUTA-FSD/ros2_ws/build/kiss_icp_wrapper', 'env': OrderedDict([('LESSOPEN', '| /usr/bin/lesspipe %s'), ('LANGUAGE', 'zh_CN:zh'), ('USER', 'starry1n'), ('XDG_SESSION_TYPE', 'wayland'), ('SHLVL', '3'), ('LD_LIBRARY_PATH', '/home/starry1n/WUTA/WUTA-FSD/ros2_ws/install/wuta_msgs/lib:/opt/ros/humble/opt/rviz_ogre_vendor/lib:/opt/ros/humble/lib/x86_64-linux-gnu:/opt/ros/humble/lib'), ('HOME', '/home/starry1n'), ('OLDPWD', '/home/starry1n/WUTA/WUTA-FSD'), ('DESKTOP_SESSION', 'ubuntu'), ('ROS_PYTHON_VERSION', '3'), ('GNOME_SHELL_SESSION_MODE', 'ubuntu'), ('GTK_MODULES', 'gail:atk-bridge'), ('DBUS_STARTER_BUS_TYPE', 'session'), ('SYSTEMD_EXEC_PID', '2321'), ('DBUS_SESSION_BUS_ADDRESS', 'unix:path=/run/user/1000/bus,guid=c67e2489f73595b365ff0ae46a50c8ee'), ('COLORTERM', 'truecolor'), ('IM_CONFIG_PHASE', '1'), ('WAYLAND_DISPLAY', 'wayland-0'), ('ROS_DISTRO', 'humble'), ('LOGNAME', 'starry1n'), ('_', '/usr/bin/colcon'), ('ROS_VERSION', '2'), ('XDG_SESSION_CLASS', 'user'), ('USERNAME', 'starry1n'), ('TERM', 'xterm-256color'), ('GNOME_DESKTOP_SESSION_ID', 'this-is-deprecated'), ('ROS_LOCALHOST_ONLY', '0'), ('PATH', '/home/starry1n/.local/bin:/opt/ros/humble/bin:/home/starry1n/.local/bin:/usr/local/sbin:/usr/local/bin:/usr/sbin:/usr/bin:/sbin:/bin:/usr/games:/usr/local/games:/snap/bin:/snap/bin'), ('SESSION_MANAGER', 'local/starry1n-virtual-machine:@/tmp/.ICE-unix/2321,unix/starry1n-virtual-machine:/tmp/.ICE-unix/2321'), ('XDG_MENU_PREFIX', 'gnome-'), ('GNOME_TERMINAL_SCREEN', '/org/gnome/Terminal/screen/1f3eb7e9_2641_49ca_8c99_b72e9fb24486'), ('GNOME_SETUP_DISPLAY', ':1'), ('XDG_RUNTIME_DIR', '/run/user/1000'), ('DISPLAY', ':0'), ('LANG', 'zh_CN.UTF-8'), ('XDG_CURRENT_DESKTOP', 'ubuntu:GNOME'), ('XMODIFIERS', '@im=ibus'), ('XDG_SESSION_DESKTOP', 'ubuntu'), ('XAUTHORITY', '/run/user/1000/.mutter-Xwaylandauth.H6FRS3'), ('LS_COLORS', 'rs=0:di=01;34:ln=01;36:mh=00:pi=40;33:so=01;35:do=01;35:bd=40;33;01:cd=40;33;01:or=40;31;01:mi=00:su=37;41:sg=30;43:ca=30;41:tw=30;42:ow=34;42:st=37;44:ex=01;32:*.tar=01;31:*.tgz=01;31:*.arc=01;31:*.arj=01;31:*.taz=01;31:*.lha=01;31:*.lz4=01;31:*.lzh=01;31:*.lzma=01;31:*.tlz=01;31:*.txz=01;31:*.tzo=01;31:*.t7z=01;31:*.zip=01;31:*.z=01;31:*.dz=01;31:*.gz=01;31:*.lrz=01;31:*.lz=01;31:*.lzo=01;31:*.xz=01;31:*.zst=01;31:*.tzst=01;31:*.bz2=01;31:*.bz=01;31:*.tbz=01;31:*.tbz2=01;31:*.tz=01;31:*.deb=01;31:*.rpm=01;31:*.jar=01;31:*.war=01;31:*.ear=01;31:*.sar=01;31:*.rar=01;31:*.alz=01;31:*.ace=01;31:*.zoo=01;31:*.cpio=01;31:*.7z=01;31:*.rz=01;31:*.cab=01;31:*.wim=01;31:*.swm=01;31:*.dwm=01;31:*.esd=01;31:*.jpg=01;35:*.jpeg=01;35:*.mjpg=01;35:*.mjpeg=01;35:*.gif=01;35:*.bmp=01;35:*.pbm=01;35:*.pgm=01;35:*.ppm=01;35:*.tga=01;35:*.xbm=01;35:*.xpm=01;35:*.tif=01;35:*.tiff=01;35:*.png=01;35:*.svg=01;35:*.svgz=01;35:*.mng=01;35:*.pcx=01;35:*.mov=01;35:*.mpg=01;35:*.mpeg=01;35:*.m2v=01;35:*.mkv=01;35:*.webm=01;35:*.webp=01;35:*.ogm=01;35:*.mp4=01;35:*.m4v=01;35:*.mp4v=01;35:*.vob=01;35:*.qt=01;35:*.nuv=01;35:*.wmv=01;35:*.asf=01;35:*.rm=01;35:*.rmvb=01;35:*.flc=01;35:*.avi=01;35:*.fli=01;35:*.flv=01;35:*.gl=01;35:*.dl=01;35:*.xcf=01;35:*.xwd=01;35:*.yuv=01;35:*.cgm=01;35:*.emf=01;35:*.ogv=01;35:*.ogx=01;35:*.aac=00;36:*.au=00;36:*.flac=00;36:*.m4a=00;36:*.mid=00;36:*.midi=00;36:*.mka=00;36:*.mp3=00;36:*.mpc=00;36:*.ogg=00;36:*.ra=00;36:*.wav=00;36:*.oga=00;36:*.opus=00;36:*.spx=00;36:*.xspf=00;36:'), ('GNOME_TERMINAL_SERVICE', ':1.330'), ('SSH_AGENT_LAUNCHER', 'gnome-keyring'), ('SSH_AUTH_SOCK', '/run/user/1000/keyring/ssh'), ('AMENT_PREFIX_PATH', '/home/starry1n/WUTA/WUTA-FSD/ros2_ws/install/wuta_msgs:/opt/ros/humble'), ('SHELL', '/bin/bash'), ('QT_ACCESSIBILITY', '1'), ('GDMSESSION', 'ubuntu'), ('LESSCLOSE', '/usr/bin/lesspipe %s %s'), ('QT_IM_MODULE', 'ibus'), ('PWD', '/home/starry1n/WUTA/WUTA-FSD/ros2_ws/build/kiss_icp_wrapper'), ('XDG_CONFIG_DIRS', '/etc/xdg/xdg-ubuntu:/etc/xdg'), ('DBUS_STARTER_ADDRESS', 'unix:path=/run/user/1000/bus,guid=c67e2489f73595b365ff0ae46a50c8ee'), ('XDG_DATA_DIRS', '/usr/share/ubuntu:/usr/local/share/:/usr/share/:/var/lib/snapd/desktop'), ('PYTHONPATH', '/home/starry1n/WUTA/WUTA-FSD/ros2_ws/install/wuta_msgs/local/lib/python3.10/dist-packages:/opt/ros/humble/lib/python3.10/site-packages:/opt/ros/humble/local/lib/python3.10/dist-packages'), ('COLCON', '1'), ('VTE_VERSION', '6800'), ('CMAKE_PREFIX_PATH', '/home/starry1n/WUTA/WUTA-FSD/ros2_ws/install/wuta_msgs:/opt/ros/humble')]), 'shell': False}
[0.849069] (controller) JobStarted: {'identifier': 'controller'}
[0.854196] (lidar_detection) JobProgress: {'identifier': 'lidar_detection', 'progress': 'cmake'}
[0.859343] (lidar_detection) JobProgress: {'identifier': 'lidar_detection', 'progress': 'build'}
[0.861119] (lidar_detection) Command: {'cmd': ['/usr/bin/cmake', '--build', '/home/starry1n/WUTA/WUTA-FSD/ros2_ws/build/lidar_detection', '--', '-j8', '-l8'], 'cwd': '/home/starry1n/WUTA/WUTA-FSD/ros2_ws/build/lidar_detection', 'env': OrderedDict([('LESSOPEN', '| /usr/bin/lesspipe %s'), ('LANGUAGE', 'zh_CN:zh'), ('USER', 'starry1n'), ('XDG_SESSION_TYPE', 'wayland'), ('SHLVL', '3'), ('LD_LIBRARY_PATH', '/home/starry1n/WUTA/WUTA-FSD/ros2_ws/install/wuta_msgs/lib:/opt/ros/humble/opt/rviz_ogre_vendor/lib:/opt/ros/humble/lib/x86_64-linux-gnu:/opt/ros/humble/lib'), ('HOME', '/home/starry1n'), ('OLDPWD', '/home/starry1n/WUTA/WUTA-FSD'), ('DESKTOP_SESSION', 'ubuntu'), ('ROS_PYTHON_VERSION', '3'), ('GNOME_SHELL_SESSION_MODE', 'ubuntu'), ('GTK_MODULES', 'gail:atk-bridge'), ('DBUS_STARTER_BUS_TYPE', 'session'), ('SYSTEMD_EXEC_PID', '2321'), ('DBUS_SESSION_BUS_ADDRESS', 'unix:path=/run/user/1000/bus,guid=c67e2489f73595b365ff0ae46a50c8ee'), ('COLORTERM', 'truecolor'), ('IM_CONFIG_PHASE', '1'), ('WAYLAND_DISPLAY', 'wayland-0'), ('ROS_DISTRO', 'humble'), ('LOGNAME', 'starry1n'), ('_', '/usr/bin/colcon'), ('ROS_VERSION', '2'), ('XDG_SESSION_CLASS', 'user'), ('USERNAME', 'starry1n'), ('TERM', 'xterm-256color'), ('GNOME_DESKTOP_SESSION_ID', 'this-is-deprecated'), ('ROS_LOCALHOST_ONLY', '0'), ('PATH', '/home/starry1n/.local/bin:/opt/ros/humble/bin:/home/starry1n/.local/bin:/usr/local/sbin:/usr/local/bin:/usr/sbin:/usr/bin:/sbin:/bin:/usr/games:/usr/local/games:/snap/bin:/snap/bin'), ('SESSION_MANAGER', 'local/starry1n-virtual-machine:@/tmp/.ICE-unix/2321,unix/starry1n-virtual-machine:/tmp/.ICE-unix/2321'), ('XDG_MENU_PREFIX', 'gnome-'), ('GNOME_TERMINAL_SCREEN', '/org/gnome/Terminal/screen/1f3eb7e9_2641_49ca_8c99_b72e9fb24486'), ('GNOME_SETUP_DISPLAY', ':1'), ('XDG_RUNTIME_DIR', '/run/user/1000'), ('DISPLAY', ':0'), ('LANG', 'zh_CN.UTF-8'), ('XDG_CURRENT_DESKTOP', 'ubuntu:GNOME'), ('XMODIFIERS', '@im=ibus'), ('XDG_SESSION_DESKTOP', 'ubuntu'), ('XAUTHORITY', '/run/user/1000/.mutter-Xwaylandauth.H6FRS3'), ('LS_COLORS', 'rs=0:di=01;34:ln=01;36:mh=00:pi=40;33:so=01;35:do=01;35:bd=40;33;01:cd=40;33;01:or=40;31;01:mi=00:su=37;41:sg=30;43:ca=30;41:tw=30;42:ow=34;42:st=37;44:ex=01;32:*.tar=01;31:*.tgz=01;31:*.arc=01;31:*.arj=01;31:*.taz=01;31:*.lha=01;31:*.lz4=01;31:*.lzh=01;31:*.lzma=01;31:*.tlz=01;31:*.txz=01;31:*.tzo=01;31:*.t7z=01;31:*.zip=01;31:*.z=01;31:*.dz=01;31:*.gz=01;31:*.lrz=01;31:*.lz=01;31:*.lzo=01;31:*.xz=01;31:*.zst=01;31:*.tzst=01;31:*.bz2=01;31:*.bz=01;31:*.tbz=01;31:*.tbz2=01;31:*.tz=01;31:*.deb=01;31:*.rpm=01;31:*.jar=01;31:*.war=01;31:*.ear=01;31:*.sar=01;31:*.rar=01;31:*.alz=01;31:*.ace=01;31:*.zoo=01;31:*.cpio=01;31:*.7z=01;31:*.rz=01;31:*.cab=01;31:*.wim=01;31:*.swm=01;31:*.dwm=01;31:*.esd=01;31:*.jpg=01;35:*.jpeg=01;35:*.mjpg=01;35:*.mjpeg=01;35:*.gif=01;35:*.bmp=01;35:*.pbm=01;35:*.pgm=01;35:*.ppm=01;35:*.tga=01;35:*.xbm=01;35:*.xpm=01;35:*.tif=01;35:*.tiff=01;35:*.png=01;35:*.svg=01;35:*.svgz=01;35:*.mng=01;35:*.pcx=01;35:*.mov=01;35:*.mpg=01;35:*.mpeg=01;35:*.m2v=01;35:*.mkv=01;35:*.webm=01;35:*.webp=01;35:*.ogm=01;35:*.mp4=01;35:*.m4v=01;35:*.mp4v=01;35:*.vob=01;35:*.qt=01;35:*.nuv=01;35:*.wmv=01;35:*.asf=01;35:*.rm=01;35:*.rmvb=01;35:*.flc=01;35:*.avi=01;35:*.fli=01;35:*.flv=01;35:*.gl=01;35:*.dl=01;35:*.xcf=01;35:*.xwd=01;35:*.yuv=01;35:*.cgm=01;35:*.emf=01;35:*.ogv=01;35:*.ogx=01;35:*.aac=00;36:*.au=00;36:*.flac=00;36:*.m4a=00;36:*.mid=00;36:*.midi=00;36:*.mka=00;36:*.mp3=00;36:*.mpc=00;36:*.ogg=00;36:*.ra=00;36:*.wav=00;36:*.oga=00;36:*.opus=00;36:*.spx=00;36:*.xspf=00;36:'), ('GNOME_TERMINAL_SERVICE', ':1.330'), ('SSH_AGENT_LAUNCHER', 'gnome-keyring'), ('SSH_AUTH_SOCK', '/run/user/1000/keyring/ssh'), ('AMENT_PREFIX_PATH', '/home/starry1n/WUTA/WUTA-FSD/ros2_ws/install/wuta_msgs:/opt/ros/humble'), ('SHELL', '/bin/bash'), ('QT_ACCESSIBILITY', '1'), ('GDMSESSION', 'ubuntu'), ('LESSCLOSE', '/usr/bin/lesspipe %s %s'), ('QT_IM_MODULE', 'ibus'), ('PWD', '/home/starry1n/WUTA/WUTA-FSD/ros2_ws/build/lidar_detection'), ('XDG_CONFIG_DIRS', '/etc/xdg/xdg-ubuntu:/etc/xdg'), ('DBUS_STARTER_ADDRESS', 'unix:path=/run/user/1000/bus,guid=c67e2489f73595b365ff0ae46a50c8ee'), ('XDG_DATA_DIRS', '/usr/share/ubuntu:/usr/local/share/:/usr/share/:/var/lib/snapd/desktop'), ('PYTHONPATH', '/home/starry1n/WUTA/WUTA-FSD/ros2_ws/install/wuta_msgs/local/lib/python3.10/dist-packages:/opt/ros/humble/lib/python3.10/site-packages:/opt/ros/humble/local/lib/python3.10/dist-packages'), ('COLCON', '1'), ('VTE_VERSION', '6800'), ('CMAKE_PREFIX_PATH', '/home/starry1n/WUTA/WUTA-FSD/ros2_ws/install/wuta_msgs:/opt/ros/humble')]), 'shell': False}
[0.864208] (mission_manager) JobProgress: {'identifier': 'mission_manager', 'progress': 'cmake'}
[0.865631] (mission_manager) JobProgress: {'identifier': 'mission_manager', 'progress': 'build'}
[0.865670] (mission_manager) Command: {'cmd': ['/usr/bin/cmake', '--build', '/home/starry1n/WUTA/WUTA-FSD/ros2_ws/build/mission_manager', '--', '-j8', '-l8'], 'cwd': '/home/starry1n/WUTA/WUTA-FSD/ros2_ws/build/mission_manager', 'env': OrderedDict([('LESSOPEN', '| /usr/bin/lesspipe %s'), ('LANGUAGE', 'zh_CN:zh'), ('USER', 'starry1n'), ('XDG_SESSION_TYPE', 'wayland'), ('SHLVL', '3'), ('LD_LIBRARY_PATH', '/home/starry1n/WUTA/WUTA-FSD/ros2_ws/install/wuta_msgs/lib:/opt/ros/humble/opt/rviz_ogre_vendor/lib:/opt/ros/humble/lib/x86_64-linux-gnu:/opt/ros/humble/lib'), ('HOME', '/home/starry1n'), ('OLDPWD', '/home/starry1n/WUTA/WUTA-FSD'), ('DESKTOP_SESSION', 'ubuntu'), ('ROS_PYTHON_VERSION', '3'), ('GNOME_SHELL_SESSION_MODE', 'ubuntu'), ('GTK_MODULES', 'gail:atk-bridge'), ('DBUS_STARTER_BUS_TYPE', 'session'), ('SYSTEMD_EXEC_PID', '2321'), ('DBUS_SESSION_BUS_ADDRESS', 'unix:path=/run/user/1000/bus,guid=c67e2489f73595b365ff0ae46a50c8ee'), ('COLORTERM', 'truecolor'), ('IM_CONFIG_PHASE', '1'), ('WAYLAND_DISPLAY', 'wayland-0'), ('ROS_DISTRO', 'humble'), ('LOGNAME', 'starry1n'), ('_', '/usr/bin/colcon'), ('ROS_VERSION', '2'), ('XDG_SESSION_CLASS', 'user'), ('USERNAME', 'starry1n'), ('TERM', 'xterm-256color'), ('GNOME_DESKTOP_SESSION_ID', 'this-is-deprecated'), ('ROS_LOCALHOST_ONLY', '0'), ('PATH', '/home/starry1n/.local/bin:/opt/ros/humble/bin:/home/starry1n/.local/bin:/usr/local/sbin:/usr/local/bin:/usr/sbin:/usr/bin:/sbin:/bin:/usr/games:/usr/local/games:/snap/bin:/snap/bin'), ('SESSION_MANAGER', 'local/starry1n-virtual-machine:@/tmp/.ICE-unix/2321,unix/starry1n-virtual-machine:/tmp/.ICE-unix/2321'), ('XDG_MENU_PREFIX', 'gnome-'), ('GNOME_TERMINAL_SCREEN', '/org/gnome/Terminal/screen/1f3eb7e9_2641_49ca_8c99_b72e9fb24486'), ('GNOME_SETUP_DISPLAY', ':1'), ('XDG_RUNTIME_DIR', '/run/user/1000'), ('DISPLAY', ':0'), ('LANG', 'zh_CN.UTF-8'), ('XDG_CURRENT_DESKTOP', 'ubuntu:GNOME'), ('XMODIFIERS', '@im=ibus'), ('XDG_SESSION_DESKTOP', 'ubuntu'), ('XAUTHORITY', '/run/user/1000/.mutter-Xwaylandauth.H6FRS3'), ('LS_COLORS', 'rs=0:di=01;34:ln=01;36:mh=00:pi=40;33:so=01;35:do=01;35:bd=40;33;01:cd=40;33;01:or=40;31;01:mi=00:su=37;41:sg=30;43:ca=30;41:tw=30;42:ow=34;42:st=37;44:ex=01;32:*.tar=01;31:*.tgz=01;31:*.arc=01;31:*.arj=01;31:*.taz=01;31:*.lha=01;31:*.lz4=01;31:*.lzh=01;31:*.lzma=01;31:*.tlz=01;31:*.txz=01;31:*.tzo=01;31:*.t7z=01;31:*.zip=01;31:*.z=01;31:*.dz=01;31:*.gz=01;31:*.lrz=01;31:*.lz=01;31:*.lzo=01;31:*.xz=01;31:*.zst=01;31:*.tzst=01;31:*.bz2=01;31:*.bz=01;31:*.tbz=01;31:*.tbz2=01;31:*.tz=01;31:*.deb=01;31:*.rpm=01;31:*.jar=01;31:*.war=01;31:*.ear=01;31:*.sar=01;31:*.rar=01;31:*.alz=01;31:*.ace=01;31:*.zoo=01;31:*.cpio=01;31:*.7z=01;31:*.rz=01;31:*.cab=01;31:*.wim=01;31:*.swm=01;31:*.dwm=01;31:*.esd=01;31:*.jpg=01;35:*.jpeg=01;35:*.mjpg=01;35:*.mjpeg=01;35:*.gif=01;35:*.bmp=01;35:*.pbm=01;35:*.pgm=01;35:*.ppm=01;35:*.tga=01;35:*.xbm=01;35:*.xpm=01;35:*.tif=01;35:*.tiff=01;35:*.png=01;35:*.svg=01;35:*.svgz=01;35:*.mng=01;35:*.pcx=01;35:*.mov=01;35:*.mpg=01;35:*.mpeg=01;35:*.m2v=01;35:*.mkv=01;35:*.webm=01;35:*.webp=01;35:*.ogm=01;35:*.mp4=01;35:*.m4v=01;35:*.mp4v=01;35:*.vob=01;35:*.qt=01;35:*.nuv=01;35:*.wmv=01;35:*.asf=01;35:*.rm=01;35:*.rmvb=01;35:*.flc=01;35:*.avi=01;35:*.fli=01;35:*.flv=01;35:*.gl=01;35:*.dl=01;35:*.xcf=01;35:*.xwd=01;35:*.yuv=01;35:*.cgm=01;35:*.emf=01;35:*.ogv=01;35:*.ogx=01;35:*.aac=00;36:*.au=00;36:*.flac=00;36:*.m4a=00;36:*.mid=00;36:*.midi=00;36:*.mka=00;36:*.mp3=00;36:*.mpc=00;36:*.ogg=00;36:*.ra=00;36:*.wav=00;36:*.oga=00;36:*.opus=00;36:*.spx=00;36:*.xspf=00;36:'), ('GNOME_TERMINAL_SERVICE', ':1.330'), ('SSH_AGENT_LAUNCHER', 'gnome-keyring'), ('SSH_AUTH_SOCK', '/run/user/1000/keyring/ssh'), ('AMENT_PREFIX_PATH', '/home/starry1n/WUTA/WUTA-FSD/ros2_ws/install/wuta_msgs:/opt/ros/humble'), ('SHELL', '/bin/bash'), ('QT_ACCESSIBILITY', '1'), ('GDMSESSION', 'ubuntu'), ('LESSCLOSE', '/usr/bin/lesspipe %s %s'), ('QT_IM_MODULE', 'ibus'), ('PWD', '/home/starry1n/WUTA/WUTA-FSD/ros2_ws/build/mission_manager'), ('XDG_CONFIG_DIRS', '/etc/xdg/xdg-ubuntu:/etc/xdg'), ('DBUS_STARTER_ADDRESS', 'unix:path=/run/user/1000/bus,guid=c67e2489f73595b365ff0ae46a50c8ee'), ('XDG_DATA_DIRS', '/usr/share/ubuntu:/usr/local/share/:/usr/share/:/var/lib/snapd/desktop'), ('PYTHONPATH', '/home/starry1n/WUTA/WUTA-FSD/ros2_ws/install/wuta_msgs/local/lib/python3.10/dist-packages:/opt/ros/humble/lib/python3.10/site-packages:/opt/ros/humble/local/lib/python3.10/dist-packages'), ('COLCON', '1'), ('VTE_VERSION', '6800'), ('CMAKE_PREFIX_PATH', '/home/starry1n/WUTA/WUTA-FSD/ros2_ws/install/wuta_msgs:/opt/ros/humble')]), 'shell': False}
[0.871082] (boundary_detector) JobProgress: {'identifier': 'boundary_detector', 'progress': 'cmake'}
[0.873090] (boundary_detector) JobProgress: {'identifier': 'boundary_detector', 'progress': 'build'}
[0.876455] (boundary_detector) Command: {'cmd': ['/usr/bin/cmake', '--build', '/home/starry1n/WUTA/WUTA-FSD/ros2_ws/build/boundary_detector', '--', '-j8', '-l8'], 'cwd': '/home/starry1n/WUTA/WUTA-FSD/ros2_ws/build/boundary_detector', 'env': OrderedDict([('LESSOPEN', '| /usr/bin/lesspipe %s'), ('LANGUAGE', 'zh_CN:zh'), ('USER', 'starry1n'), ('XDG_SESSION_TYPE', 'wayland'), ('SHLVL', '3'), ('LD_LIBRARY_PATH', '/home/starry1n/WUTA/WUTA-FSD/ros2_ws/install/wuta_msgs/lib:/home/starry1n/WUTA/WUTA-FSD/ros2_ws/install/autoware_msgs/lib:/opt/ros/humble/opt/rviz_ogre_vendor/lib:/opt/ros/humble/lib/x86_64-linux-gnu:/opt/ros/humble/lib'), ('HOME', '/home/starry1n'), ('OLDPWD', '/home/starry1n/WUTA/WUTA-FSD'), ('DESKTOP_SESSION', 'ubuntu'), ('ROS_PYTHON_VERSION', '3'), ('GNOME_SHELL_SESSION_MODE', 'ubuntu'), ('GTK_MODULES', 'gail:atk-bridge'), ('DBUS_STARTER_BUS_TYPE', 'session'), ('SYSTEMD_EXEC_PID', '2321'), ('DBUS_SESSION_BUS_ADDRESS', 'unix:path=/run/user/1000/bus,guid=c67e2489f73595b365ff0ae46a50c8ee'), ('COLORTERM', 'truecolor'), ('IM_CONFIG_PHASE', '1'), ('WAYLAND_DISPLAY', 'wayland-0'), ('ROS_DISTRO', 'humble'), ('LOGNAME', 'starry1n'), ('_', '/usr/bin/colcon'), ('ROS_VERSION', '2'), ('XDG_SESSION_CLASS', 'user'), ('USERNAME', 'starry1n'), ('TERM', 'xterm-256color'), ('GNOME_DESKTOP_SESSION_ID', 'this-is-deprecated'), ('ROS_LOCALHOST_ONLY', '0'), ('PATH', '/home/starry1n/.local/bin:/opt/ros/humble/bin:/home/starry1n/.local/bin:/usr/local/sbin:/usr/local/bin:/usr/sbin:/usr/bin:/sbin:/bin:/usr/games:/usr/local/games:/snap/bin:/snap/bin'), ('SESSION_MANAGER', 'local/starry1n-virtual-machine:@/tmp/.ICE-unix/2321,unix/starry1n-virtual-machine:/tmp/.ICE-unix/2321'), ('XDG_MENU_PREFIX', 'gnome-'), ('GNOME_TERMINAL_SCREEN', '/org/gnome/Terminal/screen/1f3eb7e9_2641_49ca_8c99_b72e9fb24486'), ('GNOME_SETUP_DISPLAY', ':1'), ('XDG_RUNTIME_DIR', '/run/user/1000'), ('DISPLAY', ':0'), ('LANG', 'zh_CN.UTF-8'), ('XDG_CURRENT_DESKTOP', 'ubuntu:GNOME'), ('XMODIFIERS', '@im=ibus'), ('XDG_SESSION_DESKTOP', 'ubuntu'), ('XAUTHORITY', '/run/user/1000/.mutter-Xwaylandauth.H6FRS3'), ('LS_COLORS', 'rs=0:di=01;34:ln=01;36:mh=00:pi=40;33:so=01;35:do=01;35:bd=40;33;01:cd=40;33;01:or=40;31;01:mi=00:su=37;41:sg=30;43:ca=30;41:tw=30;42:ow=34;42:st=37;44:ex=01;32:*.tar=01;31:*.tgz=01;31:*.arc=01;31:*.arj=01;31:*.taz=01;31:*.lha=01;31:*.lz4=01;31:*.lzh=01;31:*.lzma=01;31:*.tlz=01;31:*.txz=01;31:*.tzo=01;31:*.t7z=01;31:*.zip=01;31:*.z=01;31:*.dz=01;31:*.gz=01;31:*.lrz=01;31:*.lz=01;31:*.lzo=01;31:*.xz=01;31:*.zst=01;31:*.tzst=01;31:*.bz2=01;31:*.bz=01;31:*.tbz=01;31:*.tbz2=01;31:*.tz=01;31:*.deb=01;31:*.rpm=01;31:*.jar=01;31:*.war=01;31:*.ear=01;31:*.sar=01;31:*.rar=01;31:*.alz=01;31:*.ace=01;31:*.zoo=01;31:*.cpio=01;31:*.7z=01;31:*.rz=01;31:*.cab=01;31:*.wim=01;31:*.swm=01;31:*.dwm=01;31:*.esd=01;31:*.jpg=01;35:*.jpeg=01;35:*.mjpg=01;35:*.mjpeg=01;35:*.gif=01;35:*.bmp=01;35:*.pbm=01;35:*.pgm=01;35:*.ppm=01;35:*.tga=01;35:*.xbm=01;35:*.xpm=01;35:*.tif=01;35:*.tiff=01;35:*.png=01;35:*.svg=01;35:*.svgz=01;35:*.mng=01;35:*.pcx=01;35:*.mov=01;35:*.mpg=01;35:*.mpeg=01;35:*.m2v=01;35:*.mkv=01;35:*.webm=01;35:*.webp=01;35:*.ogm=01;35:*.mp4=01;35:*.m4v=01;35:*.mp4v=01;35:*.vob=01;35:*.qt=01;35:*.nuv=01;35:*.wmv=01;35:*.asf=01;35:*.rm=01;35:*.rmvb=01;35:*.flc=01;35:*.avi=01;35:*.fli=01;35:*.flv=01;35:*.gl=01;35:*.dl=01;35:*.xcf=01;35:*.xwd=01;35:*.yuv=01;35:*.cgm=01;35:*.emf=01;35:*.ogv=01;35:*.ogx=01;35:*.aac=00;36:*.au=00;36:*.flac=00;36:*.m4a=00;36:*.mid=00;36:*.midi=00;36:*.mka=00;36:*.mp3=00;36:*.mpc=00;36:*.ogg=00;36:*.ra=00;36:*.wav=00;36:*.oga=00;36:*.opus=00;36:*.spx=00;36:*.xspf=00;36:'), ('GNOME_TERMINAL_SERVICE', ':1.330'), ('SSH_AGENT_LAUNCHER', 'gnome-keyring'), ('SSH_AUTH_SOCK', '/run/user/1000/keyring/ssh'), ('AMENT_PREFIX_PATH', '/home/starry1n/WUTA/WUTA-FSD/ros2_ws/install/wuta_msgs:/home/starry1n/WUTA/WUTA-FSD/ros2_ws/install/autoware_msgs:/opt/ros/humble'), ('SHELL', '/bin/bash'), ('QT_ACCESSIBILITY', '1'), ('GDMSESSION', 'ubuntu'), ('LESSCLOSE', '/usr/bin/lesspipe %s %s'), ('QT_IM_MODULE', 'ibus'), ('PWD', '/home/starry1n/WUTA/WUTA-FSD/ros2_ws/build/boundary_detector'), ('XDG_CONFIG_DIRS', '/etc/xdg/xdg-ubuntu:/etc/xdg'), ('DBUS_STARTER_ADDRESS', 'unix:path=/run/user/1000/bus,guid=c67e2489f73595b365ff0ae46a50c8ee'), ('XDG_DATA_DIRS', '/usr/share/ubuntu:/usr/local/share/:/usr/share/:/var/lib/snapd/desktop'), ('PYTHONPATH', '/home/starry1n/WUTA/WUTA-FSD/ros2_ws/install/wuta_msgs/local/lib/python3.10/dist-packages:/home/starry1n/WUTA/WUTA-FSD/ros2_ws/install/autoware_msgs/local/lib/python3.10/dist-packages:/opt/ros/humble/lib/python3.10/site-packages:/opt/ros/humble/local/lib/python3.10/dist-packages'), ('COLCON', '1'), ('VTE_VERSION', '6800'), ('CMAKE_PREFIX_PATH', '/home/starry1n/WUTA/WUTA-FSD/ros2_ws/install/wuta_msgs:/home/starry1n/WUTA/WUTA-FSD/ros2_ws/install/autoware_msgs:/opt/ros/humble')]), 'shell': False}
[0.881214] (controller) JobProgress: {'identifier': 'controller', 'progress': 'cmake'}
[0.881529] (controller) JobProgress: {'identifier': 'controller', 'progress': 'build'}
[0.881901] (controller) Command: {'cmd': ['/usr/bin/cmake', '--build', '/home/starry1n/WUTA/WUTA-FSD/ros2_ws/build/controller', '--', '-j8', '-l8'], 'cwd': '/home/starry1n/WUTA/WUTA-FSD/ros2_ws/build/controller', 'env': OrderedDict([('LESSOPEN', '| /usr/bin/lesspipe %s'), ('LANGUAGE', 'zh_CN:zh'), ('USER', 'starry1n'), ('XDG_SESSION_TYPE', 'wayland'), ('SHLVL', '3'), ('LD_LIBRARY_PATH', '/home/starry1n/WUTA/WUTA-FSD/ros2_ws/install/wuta_msgs/lib:/home/starry1n/WUTA/WUTA-FSD/ros2_ws/install/autoware_msgs/lib:/opt/ros/humble/opt/rviz_ogre_vendor/lib:/opt/ros/humble/lib/x86_64-linux-gnu:/opt/ros/humble/lib'), ('HOME', '/home/starry1n'), ('OLDPWD', '/home/starry1n/WUTA/WUTA-FSD'), ('DESKTOP_SESSION', 'ubuntu'), ('ROS_PYTHON_VERSION', '3'), ('GNOME_SHELL_SESSION_MODE', 'ubuntu'), ('GTK_MODULES', 'gail:atk-bridge'), ('DBUS_STARTER_BUS_TYPE', 'session'), ('SYSTEMD_EXEC_PID', '2321'), ('DBUS_SESSION_BUS_ADDRESS', 'unix:path=/run/user/1000/bus,guid=c67e2489f73595b365ff0ae46a50c8ee'), ('COLORTERM', 'truecolor'), ('IM_CONFIG_PHASE', '1'), ('WAYLAND_DISPLAY', 'wayland-0'), ('ROS_DISTRO', 'humble'), ('LOGNAME', 'starry1n'), ('_', '/usr/bin/colcon'), ('ROS_VERSION', '2'), ('XDG_SESSION_CLASS', 'user'), ('USERNAME', 'starry1n'), ('TERM', 'xterm-256color'), ('GNOME_DESKTOP_SESSION_ID', 'this-is-deprecated'), ('ROS_LOCALHOST_ONLY', '0'), ('PATH', '/home/starry1n/.local/bin:/opt/ros/humble/bin:/home/starry1n/.local/bin:/usr/local/sbin:/usr/local/bin:/usr/sbin:/usr/bin:/sbin:/bin:/usr/games:/usr/local/games:/snap/bin:/snap/bin'), ('SESSION_MANAGER', 'local/starry1n-virtual-machine:@/tmp/.ICE-unix/2321,unix/starry1n-virtual-machine:/tmp/.ICE-unix/2321'), ('XDG_MENU_PREFIX', 'gnome-'), ('GNOME_TERMINAL_SCREEN', '/org/gnome/Terminal/screen/1f3eb7e9_2641_49ca_8c99_b72e9fb24486'), ('GNOME_SETUP_DISPLAY', ':1'), ('XDG_RUNTIME_DIR', '/run/user/1000'), ('DISPLAY', ':0'), ('LANG', 'zh_CN.UTF-8'), ('XDG_CURRENT_DESKTOP', 'ubuntu:GNOME'), ('XMODIFIERS', '@im=ibus'), ('XDG_SESSION_DESKTOP', 'ubuntu'), ('XAUTHORITY', '/run/user/1000/.mutter-Xwaylandauth.H6FRS3'), ('LS_COLORS', 'rs=0:di=01;34:ln=01;36:mh=00:pi=40;33:so=01;35:do=01;35:bd=40;33;01:cd=40;33;01:or=40;31;01:mi=00:su=37;41:sg=30;43:ca=30;41:tw=30;42:ow=34;42:st=37;44:ex=01;32:*.tar=01;31:*.tgz=01;31:*.arc=01;31:*.arj=01;31:*.taz=01;31:*.lha=01;31:*.lz4=01;31:*.lzh=01;31:*.lzma=01;31:*.tlz=01;31:*.txz=01;31:*.tzo=01;31:*.t7z=01;31:*.zip=01;31:*.z=01;31:*.dz=01;31:*.gz=01;31:*.lrz=01;31:*.lz=01;31:*.lzo=01;31:*.xz=01;31:*.zst=01;31:*.tzst=01;31:*.bz2=01;31:*.bz=01;31:*.tbz=01;31:*.tbz2=01;31:*.tz=01;31:*.deb=01;31:*.rpm=01;31:*.jar=01;31:*.war=01;31:*.ear=01;31:*.sar=01;31:*.rar=01;31:*.alz=01;31:*.ace=01;31:*.zoo=01;31:*.cpio=01;31:*.7z=01;31:*.rz=01;31:*.cab=01;31:*.wim=01;31:*.swm=01;31:*.dwm=01;31:*.esd=01;31:*.jpg=01;35:*.jpeg=01;35:*.mjpg=01;35:*.mjpeg=01;35:*.gif=01;35:*.bmp=01;35:*.pbm=01;35:*.pgm=01;35:*.ppm=01;35:*.tga=01;35:*.xbm=01;35:*.xpm=01;35:*.tif=01;35:*.tiff=01;35:*.png=01;35:*.svg=01;35:*.svgz=01;35:*.mng=01;35:*.pcx=01;35:*.mov=01;35:*.mpg=01;35:*.mpeg=01;35:*.m2v=01;35:*.mkv=01;35:*.webm=01;35:*.webp=01;35:*.ogm=01;35:*.mp4=01;35:*.m4v=01;35:*.mp4v=01;35:*.vob=01;35:*.qt=01;35:*.nuv=01;35:*.wmv=01;35:*.asf=01;35:*.rm=01;35:*.rmvb=01;35:*.flc=01;35:*.avi=01;35:*.fli=01;35:*.flv=01;35:*.gl=01;35:*.dl=01;35:*.xcf=01;35:*.xwd=01;35:*.yuv=01;35:*.cgm=01;35:*.emf=01;35:*.ogv=01;35:*.ogx=01;35:*.aac=00;36:*.au=00;36:*.flac=00;36:*.m4a=00;36:*.mid=00;36:*.midi=00;36:*.mka=00;36:*.mp3=00;36:*.mpc=00;36:*.ogg=00;36:*.ra=00;36:*.wav=00;36:*.oga=00;36:*.opus=00;36:*.spx=00;36:*.xspf=00;36:'), ('GNOME_TERMINAL_SERVICE', ':1.330'), ('SSH_AGENT_LAUNCHER', 'gnome-keyring'), ('SSH_AUTH_SOCK', '/run/user/1000/keyring/ssh'), ('AMENT_PREFIX_PATH', '/home/starry1n/WUTA/WUTA-FSD/ros2_ws/install/wuta_msgs:/home/starry1n/WUTA/WUTA-FSD/ros2_ws/install/autoware_msgs:/opt/ros/humble'), ('SHELL', '/bin/bash'), ('QT_ACCESSIBILITY', '1'), ('GDMSESSION', 'ubuntu'), ('LESSCLOSE', '/usr/bin/lesspipe %s %s'), ('QT_IM_MODULE', 'ibus'), ('PWD', '/home/starry1n/WUTA/WUTA-FSD/ros2_ws/build/controller'), ('XDG_CONFIG_DIRS', '/etc/xdg/xdg-ubuntu:/etc/xdg'), ('DBUS_STARTER_ADDRESS', 'unix:path=/run/user/1000/bus,guid=c67e2489f73595b365ff0ae46a50c8ee'), ('XDG_DATA_DIRS', '/usr/share/ubuntu:/usr/local/share/:/usr/share/:/var/lib/snapd/desktop'), ('PYTHONPATH', '/home/starry1n/WUTA/WUTA-FSD/ros2_ws/install/wuta_msgs/local/lib/python3.10/dist-packages:/home/starry1n/WUTA/WUTA-FSD/ros2_ws/install/autoware_msgs/local/lib/python3.10/dist-packages:/opt/ros/humble/lib/python3.10/site-packages:/opt/ros/humble/local/lib/python3.10/dist-packages'), ('COLCON', '1'), ('VTE_VERSION', '6800'), ('CMAKE_PREFIX_PATH', '/home/starry1n/WUTA/WUTA-FSD/ros2_ws/install/wuta_msgs:/home/starry1n/WUTA/WUTA-FSD/ros2_ws/install/autoware_msgs:/opt/ros/humble')]), 'shell': False}
[0.900015] (camera_detection) CommandEnded: {'returncode': 0}
[0.902229] (camera_detection) JobProgress: {'identifier': 'camera_detection', 'progress': 'install'}
[0.902276] (camera_detection) Command: {'cmd': ['/usr/bin/cmake', '--install', '/home/starry1n/WUTA/WUTA-FSD/ros2_ws/build/camera_detection'], 'cwd': '/home/starry1n/WUTA/WUTA-FSD/ros2_ws/build/camera_detection', 'env': OrderedDict([('LESSOPEN', '| /usr/bin/lesspipe %s'), ('LANGUAGE', 'zh_CN:zh'), ('USER', 'starry1n'), ('XDG_SESSION_TYPE', 'wayland'), ('SHLVL', '3'), ('LD_LIBRARY_PATH', '/home/starry1n/WUTA/WUTA-FSD/ros2_ws/install/wuta_msgs/lib:/opt/ros/humble/opt/rviz_ogre_vendor/lib:/opt/ros/humble/lib/x86_64-linux-gnu:/opt/ros/humble/lib'), ('HOME', '/home/starry1n'), ('OLDPWD', '/home/starry1n/WUTA/WUTA-FSD'), ('DESKTOP_SESSION', 'ubuntu'), ('ROS_PYTHON_VERSION', '3'), ('GNOME_SHELL_SESSION_MODE', 'ubuntu'), ('GTK_MODULES', 'gail:atk-bridge'), ('DBUS_STARTER_BUS_TYPE', 'session'), ('SYSTEMD_EXEC_PID', '2321'), ('DBUS_SESSION_BUS_ADDRESS', 'unix:path=/run/user/1000/bus,guid=c67e2489f73595b365ff0ae46a50c8ee'), ('COLORTERM', 'truecolor'), ('IM_CONFIG_PHASE', '1'), ('WAYLAND_DISPLAY', 'wayland-0'), ('ROS_DISTRO', 'humble'), ('LOGNAME', 'starry1n'), ('_', '/usr/bin/colcon'), ('ROS_VERSION', '2'), ('XDG_SESSION_CLASS', 'user'), ('USERNAME', 'starry1n'), ('TERM', 'xterm-256color'), ('GNOME_DESKTOP_SESSION_ID', 'this-is-deprecated'), ('ROS_LOCALHOST_ONLY', '0'), ('PATH', '/home/starry1n/.local/bin:/opt/ros/humble/bin:/home/starry1n/.local/bin:/usr/local/sbin:/usr/local/bin:/usr/sbin:/usr/bin:/sbin:/bin:/usr/games:/usr/local/games:/snap/bin:/snap/bin'), ('SESSION_MANAGER', 'local/starry1n-virtual-machine:@/tmp/.ICE-unix/2321,unix/starry1n-virtual-machine:/tmp/.ICE-unix/2321'), ('XDG_MENU_PREFIX', 'gnome-'), ('GNOME_TERMINAL_SCREEN', '/org/gnome/Terminal/screen/1f3eb7e9_2641_49ca_8c99_b72e9fb24486'), ('GNOME_SETUP_DISPLAY', ':1'), ('XDG_RUNTIME_DIR', '/run/user/1000'), ('DISPLAY', ':0'), ('LANG', 'zh_CN.UTF-8'), ('XDG_CURRENT_DESKTOP', 'ubuntu:GNOME'), ('XMODIFIERS', '@im=ibus'), ('XDG_SESSION_DESKTOP', 'ubuntu'), ('XAUTHORITY', '/run/user/1000/.mutter-Xwaylandauth.H6FRS3'), ('LS_COLORS', 'rs=0:di=01;34:ln=01;36:mh=00:pi=40;33:so=01;35:do=01;35:bd=40;33;01:cd=40;33;01:or=40;31;01:mi=00:su=37;41:sg=30;43:ca=30;41:tw=30;42:ow=34;42:st=37;44:ex=01;32:*.tar=01;31:*.tgz=01;31:*.arc=01;31:*.arj=01;31:*.taz=01;31:*.lha=01;31:*.lz4=01;31:*.lzh=01;31:*.lzma=01;31:*.tlz=01;31:*.txz=01;31:*.tzo=01;31:*.t7z=01;31:*.zip=01;31:*.z=01;31:*.dz=01;31:*.gz=01;31:*.lrz=01;31:*.lz=01;31:*.lzo=01;31:*.xz=01;31:*.zst=01;31:*.tzst=01;31:*.bz2=01;31:*.bz=01;31:*.tbz=01;31:*.tbz2=01;31:*.tz=01;31:*.deb=01;31:*.rpm=01;31:*.jar=01;31:*.war=01;31:*.ear=01;31:*.sar=01;31:*.rar=01;31:*.alz=01;31:*.ace=01;31:*.zoo=01;31:*.cpio=01;31:*.7z=01;31:*.rz=01;31:*.cab=01;31:*.wim=01;31:*.swm=01;31:*.dwm=01;31:*.esd=01;31:*.jpg=01;35:*.jpeg=01;35:*.mjpg=01;35:*.mjpeg=01;35:*.gif=01;35:*.bmp=01;35:*.pbm=01;35:*.pgm=01;35:*.ppm=01;35:*.tga=01;35:*.xbm=01;35:*.xpm=01;35:*.tif=01;35:*.tiff=01;35:*.png=01;35:*.svg=01;35:*.svgz=01;35:*.mng=01;35:*.pcx=01;35:*.mov=01;35:*.mpg=01;35:*.mpeg=01;35:*.m2v=01;35:*.mkv=01;35:*.webm=01;35:*.webp=01;35:*.ogm=01;35:*.mp4=01;35:*.m4v=01;35:*.mp4v=01;35:*.vob=01;35:*.qt=01;35:*.nuv=01;35:*.wmv=01;35:*.asf=01;35:*.rm=01;35:*.rmvb=01;35:*.flc=01;35:*.avi=01;35:*.fli=01;35:*.flv=01;35:*.gl=01;35:*.dl=01;35:*.xcf=01;35:*.xwd=01;35:*.yuv=01;35:*.cgm=01;35:*.emf=01;35:*.ogv=01;35:*.ogx=01;35:*.aac=00;36:*.au=00;36:*.flac=00;36:*.m4a=00;36:*.mid=00;36:*.midi=00;36:*.mka=00;36:*.mp3=00;36:*.mpc=00;36:*.ogg=00;36:*.ra=00;36:*.wav=00;36:*.oga=00;36:*.opus=00;36:*.spx=00;36:*.xspf=00;36:'), ('GNOME_TERMINAL_SERVICE', ':1.330'), ('SSH_AGENT_LAUNCHER', 'gnome-keyring'), ('SSH_AUTH_SOCK', '/run/user/1000/keyring/ssh'), ('AMENT_PREFIX_PATH', '/home/starry1n/WUTA/WUTA-FSD/ros2_ws/install/wuta_msgs:/opt/ros/humble'), ('SHELL', '/bin/bash'), ('QT_ACCESSIBILITY', '1'), ('GDMSESSION', 'ubuntu'), ('LESSCLOSE', '/usr/bin/lesspipe %s %s'), ('QT_IM_MODULE', 'ibus'), ('PWD', '/home/starry1n/WUTA/WUTA-FSD/ros2_ws/build/camera_detection'), ('XDG_CONFIG_DIRS', '/etc/xdg/xdg-ubuntu:/etc/xdg'), ('DBUS_STARTER_ADDRESS', 'unix:path=/run/user/1000/bus,guid=c67e2489f73595b365ff0ae46a50c8ee'), ('XDG_DATA_DIRS', '/usr/share/ubuntu:/usr/local/share/:/usr/share/:/var/lib/snapd/desktop'), ('PYTHONPATH', '/home/starry1n/WUTA/WUTA-FSD/ros2_ws/install/wuta_msgs/local/lib/python3.10/dist-packages:/opt/ros/humble/lib/python3.10/site-packages:/opt/ros/humble/local/lib/python3.10/dist-packages'), ('COLCON', '1'), ('VTE_VERSION', '6800'), ('CMAKE_PREFIX_PATH', '/home/starry1n/WUTA/WUTA-FSD/ros2_ws/install/wuta_msgs:/opt/ros/humble')]), 'shell': False}
[0.906430] (-) TimerEvent: {}
[0.917375] (detection_fusion) CommandEnded: {'returncode': 0}
[0.917724] (detection_fusion) JobProgress: {'identifier': 'detection_fusion', 'progress': 'install'}
[0.917744] (detection_fusion) Command: {'cmd': ['/usr/bin/cmake', '--install', '/home/starry1n/WUTA/WUTA-FSD/ros2_ws/build/detection_fusion'], 'cwd': '/home/starry1n/WUTA/WUTA-FSD/ros2_ws/build/detection_fusion', 'env': OrderedDict([('LESSOPEN', '| /usr/bin/lesspipe %s'), ('LANGUAGE', 'zh_CN:zh'), ('USER', 'starry1n'), ('XDG_SESSION_TYPE', 'wayland'), ('SHLVL', '3'), ('LD_LIBRARY_PATH', '/home/starry1n/WUTA/WUTA-FSD/ros2_ws/install/wuta_msgs/lib:/opt/ros/humble/opt/rviz_ogre_vendor/lib:/opt/ros/humble/lib/x86_64-linux-gnu:/opt/ros/humble/lib'), ('HOME', '/home/starry1n'), ('OLDPWD', '/home/starry1n/WUTA/WUTA-FSD'), ('DESKTOP_SESSION', 'ubuntu'), ('ROS_PYTHON_VERSION', '3'), ('GNOME_SHELL_SESSION_MODE', 'ubuntu'), ('GTK_MODULES', 'gail:atk-bridge'), ('DBUS_STARTER_BUS_TYPE', 'session'), ('SYSTEMD_EXEC_PID', '2321'), ('DBUS_SESSION_BUS_ADDRESS', 'unix:path=/run/user/1000/bus,guid=c67e2489f73595b365ff0ae46a50c8ee'), ('COLORTERM', 'truecolor'), ('IM_CONFIG_PHASE', '1'), ('WAYLAND_DISPLAY', 'wayland-0'), ('ROS_DISTRO', 'humble'), ('LOGNAME', 'starry1n'), ('_', '/usr/bin/colcon'), ('ROS_VERSION', '2'), ('XDG_SESSION_CLASS', 'user'), ('USERNAME', 'starry1n'), ('TERM', 'xterm-256color'), ('GNOME_DESKTOP_SESSION_ID', 'this-is-deprecated'), ('ROS_LOCALHOST_ONLY', '0'), ('PATH', '/home/starry1n/.local/bin:/opt/ros/humble/bin:/home/starry1n/.local/bin:/usr/local/sbin:/usr/local/bin:/usr/sbin:/usr/bin:/sbin:/bin:/usr/games:/usr/local/games:/snap/bin:/snap/bin'), ('SESSION_MANAGER', 'local/starry1n-virtual-machine:@/tmp/.ICE-unix/2321,unix/starry1n-virtual-machine:/tmp/.ICE-unix/2321'), ('XDG_MENU_PREFIX', 'gnome-'), ('GNOME_TERMINAL_SCREEN', '/org/gnome/Terminal/screen/1f3eb7e9_2641_49ca_8c99_b72e9fb24486'), ('GNOME_SETUP_DISPLAY', ':1'), ('XDG_RUNTIME_DIR', '/run/user/1000'), ('DISPLAY', ':0'), ('LANG', 'zh_CN.UTF-8'), ('XDG_CURRENT_DESKTOP', 'ubuntu:GNOME'), ('XMODIFIERS', '@im=ibus'), ('XDG_SESSION_DESKTOP', 'ubuntu'), ('XAUTHORITY', '/run/user/1000/.mutter-Xwaylandauth.H6FRS3'), ('LS_COLORS', 'rs=0:di=01;34:ln=01;36:mh=00:pi=40;33:so=01;35:do=01;35:bd=40;33;01:cd=40;33;01:or=40;31;01:mi=00:su=37;41:sg=30;43:ca=30;41:tw=30;42:ow=34;42:st=37;44:ex=01;32:*.tar=01;31:*.tgz=01;31:*.arc=01;31:*.arj=01;31:*.taz=01;31:*.lha=01;31:*.lz4=01;31:*.lzh=01;31:*.lzma=01;31:*.tlz=01;31:*.txz=01;31:*.tzo=01;31:*.t7z=01;31:*.zip=01;31:*.z=01;31:*.dz=01;31:*.gz=01;31:*.lrz=01;31:*.lz=01;31:*.lzo=01;31:*.xz=01;31:*.zst=01;31:*.tzst=01;31:*.bz2=01;31:*.bz=01;31:*.tbz=01;31:*.tbz2=01;31:*.tz=01;31:*.deb=01;31:*.rpm=01;31:*.jar=01;31:*.war=01;31:*.ear=01;31:*.sar=01;31:*.rar=01;31:*.alz=01;31:*.ace=01;31:*.zoo=01;31:*.cpio=01;31:*.7z=01;31:*.rz=01;31:*.cab=01;31:*.wim=01;31:*.swm=01;31:*.dwm=01;31:*.esd=01;31:*.jpg=01;35:*.jpeg=01;35:*.mjpg=01;35:*.mjpeg=01;35:*.gif=01;35:*.bmp=01;35:*.pbm=01;35:*.pgm=01;35:*.ppm=01;35:*.tga=01;35:*.xbm=01;35:*.xpm=01;35:*.tif=01;35:*.tiff=01;35:*.png=01;35:*.svg=01;35:*.svgz=01;35:*.mng=01;35:*.pcx=01;35:*.mov=01;35:*.mpg=01;35:*.mpeg=01;35:*.m2v=01;35:*.mkv=01;35:*.webm=01;35:*.webp=01;35:*.ogm=01;35:*.mp4=01;35:*.m4v=01;35:*.mp4v=01;35:*.vob=01;35:*.qt=01;35:*.nuv=01;35:*.wmv=01;35:*.asf=01;35:*.rm=01;35:*.rmvb=01;35:*.flc=01;35:*.avi=01;35:*.fli=01;35:*.flv=01;35:*.gl=01;35:*.dl=01;35:*.xcf=01;35:*.xwd=01;35:*.yuv=01;35:*.cgm=01;35:*.emf=01;35:*.ogv=01;35:*.ogx=01;35:*.aac=00;36:*.au=00;36:*.flac=00;36:*.m4a=00;36:*.mid=00;36:*.midi=00;36:*.mka=00;36:*.mp3=00;36:*.mpc=00;36:*.ogg=00;36:*.ra=00;36:*.wav=00;36:*.oga=00;36:*.opus=00;36:*.spx=00;36:*.xspf=00;36:'), ('GNOME_TERMINAL_SERVICE', ':1.330'), ('SSH_AGENT_LAUNCHER', 'gnome-keyring'), ('SSH_AUTH_SOCK', '/run/user/1000/keyring/ssh'), ('AMENT_PREFIX_PATH', '/home/starry1n/WUTA/WUTA-FSD/ros2_ws/install/wuta_msgs:/opt/ros/humble'), ('SHELL', '/bin/bash'), ('QT_ACCESSIBILITY', '1'), ('GDMSESSION', 'ubuntu'), ('LESSCLOSE', '/usr/bin/lesspipe %s %s'), ('QT_IM_MODULE', 'ibus'), ('PWD', '/home/starry1n/WUTA/WUTA-FSD/ros2_ws/build/detection_fusion'), ('XDG_CONFIG_DIRS', '/etc/xdg/xdg-ubuntu:/etc/xdg'), ('DBUS_STARTER_ADDRESS', 'unix:path=/run/user/1000/bus,guid=c67e2489f73595b365ff0ae46a50c8ee'), ('XDG_DATA_DIRS', '/usr/share/ubuntu:/usr/local/share/:/usr/share/:/var/lib/snapd/desktop'), ('PYTHONPATH', '/home/starry1n/WUTA/WUTA-FSD/ros2_ws/install/wuta_msgs/local/lib/python3.10/dist-packages:/opt/ros/humble/lib/python3.10/site-packages:/opt/ros/humble/local/lib/python3.10/dist-packages'), ('COLCON', '1'), ('VTE_VERSION', '6800'), ('CMAKE_PREFIX_PATH', '/home/starry1n/WUTA/WUTA-FSD/ros2_ws/install/wuta_msgs:/opt/ros/humble')]), 'shell': False}
[0.921391] (cone_map_builder) StdoutLine: {'line': b'[100%] Built target cone_map_builder_node\n'}
[0.922928] (camera_detection) StdoutLine: {'line': b'-- Install configuration: ""\n'}
[0.923132] (camera_detection) StdoutLine: {'line': b'-- Execute custom install script\n'}
[0.923190] (camera_detection) StdoutLine: {'line': b'-- Up-to-date symlink: /home/starry1n/WUTA/WUTA-FSD/ros2_ws/install/camera_detection/share/ament_index/resource_index/package_run_dependencies/camera_detection\n'}
[0.923234] (camera_detection) StdoutLine: {'line': b'-- Up-to-date symlink: /home/starry1n/WUTA/WUTA-FSD/ros2_ws/install/camera_detection/share/ament_index/resource_index/parent_prefix_path/camera_detection\n'}
[0.927239] (camera_detection) StdoutLine: {'line': b'-- Up-to-date symlink: /home/starry1n/WUTA/WUTA-FSD/ros2_ws/install/camera_detection/share/camera_detection/environment/ament_prefix_path.sh\n'}
[0.927522] (camera_detection) StdoutLine: {'line': b'-- Up-to-date symlink: /home/starry1n/WUTA/WUTA-FSD/ros2_ws/install/camera_detection/share/camera_detection/environment/ament_prefix_path.dsv\n'}
[0.927592] (camera_detection) StdoutLine: {'line': b'-- Up-to-date symlink: /home/starry1n/WUTA/WUTA-FSD/ros2_ws/install/camera_detection/share/camera_detection/environment/path.sh\n'}
[0.927626] (camera_detection) StdoutLine: {'line': b'-- Up-to-date symlink: /home/starry1n/WUTA/WUTA-FSD/ros2_ws/install/camera_detection/share/camera_detection/environment/path.dsv\n'}
[0.927655] (camera_detection) StdoutLine: {'line': b'-- Up-to-date symlink: /home/starry1n/WUTA/WUTA-FSD/ros2_ws/install/camera_detection/share/camera_detection/local_setup.bash\n'}
[0.927684] (camera_detection) StdoutLine: {'line': b'-- Up-to-date symlink: /home/starry1n/WUTA/WUTA-FSD/ros2_ws/install/camera_detection/share/camera_detection/local_setup.sh\n'}
[0.927712] (camera_detection) StdoutLine: {'line': b'-- Up-to-date symlink: /home/starry1n/WUTA/WUTA-FSD/ros2_ws/install/camera_detection/share/camera_detection/local_setup.zsh\n'}
[0.927970] (camera_detection) StdoutLine: {'line': b'-- Up-to-date symlink: /home/starry1n/WUTA/WUTA-FSD/ros2_ws/install/camera_detection/share/camera_detection/local_setup.dsv\n'}
[0.928026] (camera_detection) StdoutLine: {'line': b'-- Symlinking: /home/starry1n/WUTA/WUTA-FSD/ros2_ws/install/camera_detection/share/camera_detection/package.dsv\n'}
[0.928064] (kiss_icp_wrapper) CommandEnded: {'returncode': 0}
[0.928299] (kiss_icp_wrapper) JobProgress: {'identifier': 'kiss_icp_wrapper', 'progress': 'install'}
[0.928314] (kiss_icp_wrapper) Command: {'cmd': ['/usr/bin/cmake', '--install', '/home/starry1n/WUTA/WUTA-FSD/ros2_ws/build/kiss_icp_wrapper'], 'cwd': '/home/starry1n/WUTA/WUTA-FSD/ros2_ws/build/kiss_icp_wrapper', 'env': OrderedDict([('LESSOPEN', '| /usr/bin/lesspipe %s'), ('LANGUAGE', 'zh_CN:zh'), ('USER', 'starry1n'), ('XDG_SESSION_TYPE', 'wayland'), ('SHLVL', '3'), ('LD_LIBRARY_PATH', '/home/starry1n/WUTA/WUTA-FSD/ros2_ws/install/wuta_msgs/lib:/opt/ros/humble/opt/rviz_ogre_vendor/lib:/opt/ros/humble/lib/x86_64-linux-gnu:/opt/ros/humble/lib'), ('HOME', '/home/starry1n'), ('OLDPWD', '/home/starry1n/WUTA/WUTA-FSD'), ('DESKTOP_SESSION', 'ubuntu'), ('ROS_PYTHON_VERSION', '3'), ('GNOME_SHELL_SESSION_MODE', 'ubuntu'), ('GTK_MODULES', 'gail:atk-bridge'), ('DBUS_STARTER_BUS_TYPE', 'session'), ('SYSTEMD_EXEC_PID', '2321'), ('DBUS_SESSION_BUS_ADDRESS', 'unix:path=/run/user/1000/bus,guid=c67e2489f73595b365ff0ae46a50c8ee'), ('COLORTERM', 'truecolor'), ('IM_CONFIG_PHASE', '1'), ('WAYLAND_DISPLAY', 'wayland-0'), ('ROS_DISTRO', 'humble'), ('LOGNAME', 'starry1n'), ('_', '/usr/bin/colcon'), ('ROS_VERSION', '2'), ('XDG_SESSION_CLASS', 'user'), ('USERNAME', 'starry1n'), ('TERM', 'xterm-256color'), ('GNOME_DESKTOP_SESSION_ID', 'this-is-deprecated'), ('ROS_LOCALHOST_ONLY', '0'), ('PATH', '/home/starry1n/.local/bin:/opt/ros/humble/bin:/home/starry1n/.local/bin:/usr/local/sbin:/usr/local/bin:/usr/sbin:/usr/bin:/sbin:/bin:/usr/games:/usr/local/games:/snap/bin:/snap/bin'), ('SESSION_MANAGER', 'local/starry1n-virtual-machine:@/tmp/.ICE-unix/2321,unix/starry1n-virtual-machine:/tmp/.ICE-unix/2321'), ('XDG_MENU_PREFIX', 'gnome-'), ('GNOME_TERMINAL_SCREEN', '/org/gnome/Terminal/screen/1f3eb7e9_2641_49ca_8c99_b72e9fb24486'), ('GNOME_SETUP_DISPLAY', ':1'), ('XDG_RUNTIME_DIR', '/run/user/1000'), ('DISPLAY', ':0'), ('LANG', 'zh_CN.UTF-8'), ('XDG_CURRENT_DESKTOP', 'ubuntu:GNOME'), ('XMODIFIERS', '@im=ibus'), ('XDG_SESSION_DESKTOP', 'ubuntu'), ('XAUTHORITY', '/run/user/1000/.mutter-Xwaylandauth.H6FRS3'), ('LS_COLORS', 'rs=0:di=01;34:ln=01;36:mh=00:pi=40;33:so=01;35:do=01;35:bd=40;33;01:cd=40;33;01:or=40;31;01:mi=00:su=37;41:sg=30;43:ca=30;41:tw=30;42:ow=34;42:st=37;44:ex=01;32:*.tar=01;31:*.tgz=01;31:*.arc=01;31:*.arj=01;31:*.taz=01;31:*.lha=01;31:*.lz4=01;31:*.lzh=01;31:*.lzma=01;31:*.tlz=01;31:*.txz=01;31:*.tzo=01;31:*.t7z=01;31:*.zip=01;31:*.z=01;31:*.dz=01;31:*.gz=01;31:*.lrz=01;31:*.lz=01;31:*.lzo=01;31:*.xz=01;31:*.zst=01;31:*.tzst=01;31:*.bz2=01;31:*.bz=01;31:*.tbz=01;31:*.tbz2=01;31:*.tz=01;31:*.deb=01;31:*.rpm=01;31:*.jar=01;31:*.war=01;31:*.ear=01;31:*.sar=01;31:*.rar=01;31:*.alz=01;31:*.ace=01;31:*.zoo=01;31:*.cpio=01;31:*.7z=01;31:*.rz=01;31:*.cab=01;31:*.wim=01;31:*.swm=01;31:*.dwm=01;31:*.esd=01;31:*.jpg=01;35:*.jpeg=01;35:*.mjpg=01;35:*.mjpeg=01;35:*.gif=01;35:*.bmp=01;35:*.pbm=01;35:*.pgm=01;35:*.ppm=01;35:*.tga=01;35:*.xbm=01;35:*.xpm=01;35:*.tif=01;35:*.tiff=01;35:*.png=01;35:*.svg=01;35:*.svgz=01;35:*.mng=01;35:*.pcx=01;35:*.mov=01;35:*.mpg=01;35:*.mpeg=01;35:*.m2v=01;35:*.mkv=01;35:*.webm=01;35:*.webp=01;35:*.ogm=01;35:*.mp4=01;35:*.m4v=01;35:*.mp4v=01;35:*.vob=01;35:*.qt=01;35:*.nuv=01;35:*.wmv=01;35:*.asf=01;35:*.rm=01;35:*.rmvb=01;35:*.flc=01;35:*.avi=01;35:*.fli=01;35:*.flv=01;35:*.gl=01;35:*.dl=01;35:*.xcf=01;35:*.xwd=01;35:*.yuv=01;35:*.cgm=01;35:*.emf=01;35:*.ogv=01;35:*.ogx=01;35:*.aac=00;36:*.au=00;36:*.flac=00;36:*.m4a=00;36:*.mid=00;36:*.midi=00;36:*.mka=00;36:*.mp3=00;36:*.mpc=00;36:*.ogg=00;36:*.ra=00;36:*.wav=00;36:*.oga=00;36:*.opus=00;36:*.spx=00;36:*.xspf=00;36:'), ('GNOME_TERMINAL_SERVICE', ':1.330'), ('SSH_AGENT_LAUNCHER', 'gnome-keyring'), ('SSH_AUTH_SOCK', '/run/user/1000/keyring/ssh'), ('AMENT_PREFIX_PATH', '/home/starry1n/WUTA/WUTA-FSD/ros2_ws/install/wuta_msgs:/opt/ros/humble'), ('SHELL', '/bin/bash'), ('QT_ACCESSIBILITY', '1'), ('GDMSESSION', 'ubuntu'), ('LESSCLOSE', '/usr/bin/lesspipe %s %s'), ('QT_IM_MODULE', 'ibus'), ('PWD', '/home/starry1n/WUTA/WUTA-FSD/ros2_ws/build/kiss_icp_wrapper'), ('XDG_CONFIG_DIRS', '/etc/xdg/xdg-ubuntu:/etc/xdg'), ('DBUS_STARTER_ADDRESS', 'unix:path=/run/user/1000/bus,guid=c67e2489f73595b365ff0ae46a50c8ee'), ('XDG_DATA_DIRS', '/usr/share/ubuntu:/usr/local/share/:/usr/share/:/var/lib/snapd/desktop'), ('PYTHONPATH', '/home/starry1n/WUTA/WUTA-FSD/ros2_ws/install/wuta_msgs/local/lib/python3.10/dist-packages:/opt/ros/humble/lib/python3.10/site-packages:/opt/ros/humble/local/lib/python3.10/dist-packages'), ('COLCON', '1'), ('VTE_VERSION', '6800'), ('CMAKE_PREFIX_PATH', '/home/starry1n/WUTA/WUTA-FSD/ros2_ws/install/wuta_msgs:/opt/ros/humble')]), 'shell': False}
[0.928475] (camera_detection) StdoutLine: {'line': b'-- Up-to-date symlink: /home/starry1n/WUTA/WUTA-FSD/ros2_ws/install/camera_detection/share/ament_index/resource_index/packages/camera_detection\n'}
[0.928516] (camera_detection) StdoutLine: {'line': b'-- Up-to-date symlink: /home/starry1n/WUTA/WUTA-FSD/ros2_ws/install/camera_detection/share/camera_detection/cmake/camera_detectionConfig.cmake\n'}
[0.928547] (camera_detection) StdoutLine: {'line': b'-- Up-to-date symlink: /home/starry1n/WUTA/WUTA-FSD/ros2_ws/install/camera_detection/share/camera_detection/cmake/camera_detectionConfig-version.cmake\n'}
[0.928614] (camera_detection) StdoutLine: {'line': b'-- Up-to-date symlink: /home/starry1n/WUTA/WUTA-FSD/ros2_ws/install/camera_detection/share/camera_detection/package.xml\n'}
[0.932920] (camera_detection) CommandEnded: {'returncode': 0}
[0.933490] (detection_fusion) StdoutLine: {'line': b'-- Install configuration: ""\n'}
[0.933633] (detection_fusion) StdoutLine: {'line': b'-- Execute custom install script\n'}
[0.933671] (detection_fusion) StdoutLine: {'line': b'-- Up-to-date symlink: /home/starry1n/WUTA/WUTA-FSD/ros2_ws/install/detection_fusion/share/ament_index/resource_index/package_run_dependencies/detection_fusion\n'}
[0.933705] (detection_fusion) StdoutLine: {'line': b'-- Up-to-date symlink: /home/starry1n/WUTA/WUTA-FSD/ros2_ws/install/detection_fusion/share/ament_index/resource_index/parent_prefix_path/detection_fusion\n'}
[0.933734] (detection_fusion) StdoutLine: {'line': b'-- Up-to-date symlink: /home/starry1n/WUTA/WUTA-FSD/ros2_ws/install/detection_fusion/share/detection_fusion/environment/ament_prefix_path.sh\n'}
[0.933761] (detection_fusion) StdoutLine: {'line': b'-- Up-to-date symlink: /home/starry1n/WUTA/WUTA-FSD/ros2_ws/install/detection_fusion/share/detection_fusion/environment/ament_prefix_path.dsv\n'}
[0.933787] (detection_fusion) StdoutLine: {'line': b'-- Up-to-date symlink: /home/starry1n/WUTA/WUTA-FSD/ros2_ws/install/detection_fusion/share/detection_fusion/environment/path.sh\n'}
[0.933884] (detection_fusion) StdoutLine: {'line': b'-- Up-to-date symlink: /home/starry1n/WUTA/WUTA-FSD/ros2_ws/install/detection_fusion/share/detection_fusion/environment/path.dsv\n'}
[0.933915] (detection_fusion) StdoutLine: {'line': b'-- Up-to-date symlink: /home/starry1n/WUTA/WUTA-FSD/ros2_ws/install/detection_fusion/share/detection_fusion/local_setup.bash\n'}
[0.933944] (detection_fusion) StdoutLine: {'line': b'-- Up-to-date symlink: /home/starry1n/WUTA/WUTA-FSD/ros2_ws/install/detection_fusion/share/detection_fusion/local_setup.sh\n'}
[0.933972] (detection_fusion) StdoutLine: {'line': b'-- Up-to-date symlink: /home/starry1n/WUTA/WUTA-FSD/ros2_ws/install/detection_fusion/share/detection_fusion/local_setup.zsh\n'}
[0.934001] (detection_fusion) StdoutLine: {'line': b'-- Up-to-date symlink: /home/starry1n/WUTA/WUTA-FSD/ros2_ws/install/detection_fusion/share/detection_fusion/local_setup.dsv\n'}
[0.934093] (detection_fusion) StdoutLine: {'line': b'-- Symlinking: /home/starry1n/WUTA/WUTA-FSD/ros2_ws/install/detection_fusion/share/detection_fusion/package.dsv\n'}
[0.939793] (detection_fusion) StdoutLine: {'line': b'-- Up-to-date symlink: /home/starry1n/WUTA/WUTA-FSD/ros2_ws/install/detection_fusion/share/ament_index/resource_index/packages/detection_fusion\n'}
[0.939955] (detection_fusion) StdoutLine: {'line': b'-- Up-to-date symlink: /home/starry1n/WUTA/WUTA-FSD/ros2_ws/install/detection_fusion/share/detection_fusion/cmake/detection_fusionConfig.cmake\n'}
[0.939995] (detection_fusion) StdoutLine: {'line': b'-- Up-to-date symlink: /home/starry1n/WUTA/WUTA-FSD/ros2_ws/install/detection_fusion/share/detection_fusion/cmake/detection_fusionConfig-version.cmake\n'}
[0.940038] (detection_fusion) StdoutLine: {'line': b'-- Up-to-date symlink: /home/starry1n/WUTA/WUTA-FSD/ros2_ws/install/detection_fusion/share/detection_fusion/package.xml\n'}
[0.955019] (mission_manager) StdoutLine: {'line': b'[100%] Built target mission_manager_node\n'}
[0.967098] (camera_detection) JobEnded: {'identifier': 'camera_detection', 'rc': 0}
[0.967831] (localization_manager) JobStarted: {'identifier': 'localization_manager'}
[0.971103] (boundary_detector) StdoutLine: {'line': b'[ 87%] Built target pathplanning\n'}
[0.975279] (kiss_icp_wrapper) StdoutLine: {'line': b'-- Install configuration: ""\n'}
[0.980697] (kiss_icp_wrapper) StdoutLine: {'line': b'-- Execute custom install script\n'}
[0.981736] (kiss_icp_wrapper) StdoutLine: {'line': b'-- Up-to-date symlink: /home/starry1n/WUTA/WUTA-FSD/ros2_ws/install/kiss_icp_wrapper/share/kiss_icp_wrapper/config/kiss_icp_hesai128.yaml\n'}
[0.981818] (kiss_icp_wrapper) StdoutLine: {'line': b'-- Up-to-date symlink: /home/starry1n/WUTA/WUTA-FSD/ros2_ws/install/kiss_icp_wrapper/share/ament_index/resource_index/package_run_dependencies/kiss_icp_wrapper\n'}
[0.981902] (kiss_icp_wrapper) StdoutLine: {'line': b'-- Up-to-date symlink: /home/starry1n/WUTA/WUTA-FSD/ros2_ws/install/kiss_icp_wrapper/share/ament_index/resource_index/parent_prefix_path/kiss_icp_wrapper\n'}
[0.981988] (kiss_icp_wrapper) StdoutLine: {'line': b'-- Up-to-date symlink: /home/starry1n/WUTA/WUTA-FSD/ros2_ws/install/kiss_icp_wrapper/share/kiss_icp_wrapper/environment/ament_prefix_path.sh\n'}
[0.982209] (kiss_icp_wrapper) StdoutLine: {'line': b'-- Up-to-date symlink: /home/starry1n/WUTA/WUTA-FSD/ros2_ws/install/kiss_icp_wrapper/share/kiss_icp_wrapper/environment/ament_prefix_path.dsv\n'}
[0.982415] (kiss_icp_wrapper) StdoutLine: {'line': b'-- Up-to-date symlink: /home/starry1n/WUTA/WUTA-FSD/ros2_ws/install/kiss_icp_wrapper/share/kiss_icp_wrapper/environment/path.sh\n'}
[0.982480] (kiss_icp_wrapper) StdoutLine: {'line': b'-- Up-to-date symlink: /home/starry1n/WUTA/WUTA-FSD/ros2_ws/install/kiss_icp_wrapper/share/kiss_icp_wrapper/environment/path.dsv\n'}
[0.982512] (kiss_icp_wrapper) StdoutLine: {'line': b'-- Up-to-date symlink: /home/starry1n/WUTA/WUTA-FSD/ros2_ws/install/kiss_icp_wrapper/share/kiss_icp_wrapper/local_setup.bash\n'}
[0.982564] (kiss_icp_wrapper) StdoutLine: {'line': b'-- Up-to-date symlink: /home/starry1n/WUTA/WUTA-FSD/ros2_ws/install/kiss_icp_wrapper/share/kiss_icp_wrapper/local_setup.sh\n'}
[0.982616] (kiss_icp_wrapper) StdoutLine: {'line': b'-- Up-to-date symlink: /home/starry1n/WUTA/WUTA-FSD/ros2_ws/install/kiss_icp_wrapper/share/kiss_icp_wrapper/local_setup.zsh\n'}
[0.983197] (kiss_icp_wrapper) StdoutLine: {'line': b'-- Up-to-date symlink: /home/starry1n/WUTA/WUTA-FSD/ros2_ws/install/kiss_icp_wrapper/share/kiss_icp_wrapper/local_setup.dsv\n'}
[0.983387] (kiss_icp_wrapper) StdoutLine: {'line': b'-- Symlinking: /home/starry1n/WUTA/WUTA-FSD/ros2_ws/install/kiss_icp_wrapper/share/kiss_icp_wrapper/package.dsv\n'}
[0.983451] (kiss_icp_wrapper) StdoutLine: {'line': b'-- Up-to-date symlink: /home/starry1n/WUTA/WUTA-FSD/ros2_ws/install/kiss_icp_wrapper/share/ament_index/resource_index/packages/kiss_icp_wrapper\n'}
[0.983603] (kiss_icp_wrapper) StdoutLine: {'line': b'-- Up-to-date symlink: /home/starry1n/WUTA/WUTA-FSD/ros2_ws/install/kiss_icp_wrapper/share/kiss_icp_wrapper/cmake/kiss_icp_wrapperConfig.cmake\n'}
[0.983740] (kiss_icp_wrapper) StdoutLine: {'line': b'-- Up-to-date symlink: /home/starry1n/WUTA/WUTA-FSD/ros2_ws/install/kiss_icp_wrapper/share/kiss_icp_wrapper/cmake/kiss_icp_wrapperConfig-version.cmake\n'}
[0.983806] (kiss_icp_wrapper) StdoutLine: {'line': b'-- Up-to-date symlink: /home/starry1n/WUTA/WUTA-FSD/ros2_ws/install/kiss_icp_wrapper/share/kiss_icp_wrapper/package.xml\n'}
[0.983878] (lidar_detection) StdoutLine: {'line': b'[100%] Built target lidar_detection_node\n'}
[0.984069] (detection_fusion) CommandEnded: {'returncode': 0}
[0.987051] (controller) StdoutLine: {'line': b'[100%] Built target controller_node\n'}
[1.006814] (-) TimerEvent: {}
[1.009125] (detection_fusion) JobEnded: {'identifier': 'detection_fusion', 'rc': 0}
[1.011752] (ndt_localization) JobStarted: {'identifier': 'ndt_localization'}
[1.013979] (boundary_detector) StdoutLine: {'line': b'[100%] Built target boundary_detector_node\n'}
[1.019291] (kiss_icp_wrapper) CommandEnded: {'returncode': 0}
[1.043907] (kiss_icp_wrapper) JobEnded: {'identifier': 'kiss_icp_wrapper', 'rc': 0}
[1.045665] (cone_map_builder) CommandEnded: {'returncode': 0}
[1.046466] (cone_map_builder) JobProgress: {'identifier': 'cone_map_builder', 'progress': 'install'}
[1.046517] (cone_map_builder) Command: {'cmd': ['/usr/bin/cmake', '--install', '/home/starry1n/WUTA/WUTA-FSD/ros2_ws/build/cone_map_builder'], 'cwd': '/home/starry1n/WUTA/WUTA-FSD/ros2_ws/build/cone_map_builder', 'env': OrderedDict([('LESSOPEN', '| /usr/bin/lesspipe %s'), ('LANGUAGE', 'zh_CN:zh'), ('USER', 'starry1n'), ('XDG_SESSION_TYPE', 'wayland'), ('SHLVL', '3'), ('LD_LIBRARY_PATH', '/home/starry1n/WUTA/WUTA-FSD/ros2_ws/install/wuta_msgs/lib:/opt/ros/humble/opt/rviz_ogre_vendor/lib:/opt/ros/humble/lib/x86_64-linux-gnu:/opt/ros/humble/lib'), ('HOME', '/home/starry1n'), ('OLDPWD', '/home/starry1n/WUTA/WUTA-FSD'), ('DESKTOP_SESSION', 'ubuntu'), ('ROS_PYTHON_VERSION', '3'), ('GNOME_SHELL_SESSION_MODE', 'ubuntu'), ('GTK_MODULES', 'gail:atk-bridge'), ('DBUS_STARTER_BUS_TYPE', 'session'), ('SYSTEMD_EXEC_PID', '2321'), ('DBUS_SESSION_BUS_ADDRESS', 'unix:path=/run/user/1000/bus,guid=c67e2489f73595b365ff0ae46a50c8ee'), ('COLORTERM', 'truecolor'), ('IM_CONFIG_PHASE', '1'), ('WAYLAND_DISPLAY', 'wayland-0'), ('ROS_DISTRO', 'humble'), ('LOGNAME', 'starry1n'), ('_', '/usr/bin/colcon'), ('ROS_VERSION', '2'), ('XDG_SESSION_CLASS', 'user'), ('USERNAME', 'starry1n'), ('TERM', 'xterm-256color'), ('GNOME_DESKTOP_SESSION_ID', 'this-is-deprecated'), ('ROS_LOCALHOST_ONLY', '0'), ('PATH', '/home/starry1n/.local/bin:/opt/ros/humble/bin:/home/starry1n/.local/bin:/usr/local/sbin:/usr/local/bin:/usr/sbin:/usr/bin:/sbin:/bin:/usr/games:/usr/local/games:/snap/bin:/snap/bin'), ('SESSION_MANAGER', 'local/starry1n-virtual-machine:@/tmp/.ICE-unix/2321,unix/starry1n-virtual-machine:/tmp/.ICE-unix/2321'), ('XDG_MENU_PREFIX', 'gnome-'), ('GNOME_TERMINAL_SCREEN', '/org/gnome/Terminal/screen/1f3eb7e9_2641_49ca_8c99_b72e9fb24486'), ('GNOME_SETUP_DISPLAY', ':1'), ('XDG_RUNTIME_DIR', '/run/user/1000'), ('DISPLAY', ':0'), ('LANG', 'zh_CN.UTF-8'), ('XDG_CURRENT_DESKTOP', 'ubuntu:GNOME'), ('XMODIFIERS', '@im=ibus'), ('XDG_SESSION_DESKTOP', 'ubuntu'), ('XAUTHORITY', '/run/user/1000/.mutter-Xwaylandauth.H6FRS3'), ('LS_COLORS', 'rs=0:di=01;34:ln=01;36:mh=00:pi=40;33:so=01;35:do=01;35:bd=40;33;01:cd=40;33;01:or=40;31;01:mi=00:su=37;41:sg=30;43:ca=30;41:tw=30;42:ow=34;42:st=37;44:ex=01;32:*.tar=01;31:*.tgz=01;31:*.arc=01;31:*.arj=01;31:*.taz=01;31:*.lha=01;31:*.lz4=01;31:*.lzh=01;31:*.lzma=01;31:*.tlz=01;31:*.txz=01;31:*.tzo=01;31:*.t7z=01;31:*.zip=01;31:*.z=01;31:*.dz=01;31:*.gz=01;31:*.lrz=01;31:*.lz=01;31:*.lzo=01;31:*.xz=01;31:*.zst=01;31:*.tzst=01;31:*.bz2=01;31:*.bz=01;31:*.tbz=01;31:*.tbz2=01;31:*.tz=01;31:*.deb=01;31:*.rpm=01;31:*.jar=01;31:*.war=01;31:*.ear=01;31:*.sar=01;31:*.rar=01;31:*.alz=01;31:*.ace=01;31:*.zoo=01;31:*.cpio=01;31:*.7z=01;31:*.rz=01;31:*.cab=01;31:*.wim=01;31:*.swm=01;31:*.dwm=01;31:*.esd=01;31:*.jpg=01;35:*.jpeg=01;35:*.mjpg=01;35:*.mjpeg=01;35:*.gif=01;35:*.bmp=01;35:*.pbm=01;35:*.pgm=01;35:*.ppm=01;35:*.tga=01;35:*.xbm=01;35:*.xpm=01;35:*.tif=01;35:*.tiff=01;35:*.png=01;35:*.svg=01;35:*.svgz=01;35:*.mng=01;35:*.pcx=01;35:*.mov=01;35:*.mpg=01;35:*.mpeg=01;35:*.m2v=01;35:*.mkv=01;35:*.webm=01;35:*.webp=01;35:*.ogm=01;35:*.mp4=01;35:*.m4v=01;35:*.mp4v=01;35:*.vob=01;35:*.qt=01;35:*.nuv=01;35:*.wmv=01;35:*.asf=01;35:*.rm=01;35:*.rmvb=01;35:*.flc=01;35:*.avi=01;35:*.fli=01;35:*.flv=01;35:*.gl=01;35:*.dl=01;35:*.xcf=01;35:*.xwd=01;35:*.yuv=01;35:*.cgm=01;35:*.emf=01;35:*.ogv=01;35:*.ogx=01;35:*.aac=00;36:*.au=00;36:*.flac=00;36:*.m4a=00;36:*.mid=00;36:*.midi=00;36:*.mka=00;36:*.mp3=00;36:*.mpc=00;36:*.ogg=00;36:*.ra=00;36:*.wav=00;36:*.oga=00;36:*.opus=00;36:*.spx=00;36:*.xspf=00;36:'), ('GNOME_TERMINAL_SERVICE', ':1.330'), ('SSH_AGENT_LAUNCHER', 'gnome-keyring'), ('SSH_AUTH_SOCK', '/run/user/1000/keyring/ssh'), ('AMENT_PREFIX_PATH', '/home/starry1n/WUTA/WUTA-FSD/ros2_ws/install/wuta_msgs:/opt/ros/humble'), ('SHELL', '/bin/bash'), ('QT_ACCESSIBILITY', '1'), ('GDMSESSION', 'ubuntu'), ('LESSCLOSE', '/usr/bin/lesspipe %s %s'), ('QT_IM_MODULE', 'ibus'), ('PWD', '/home/starry1n/WUTA/WUTA-FSD/ros2_ws/build/cone_map_builder'), ('XDG_CONFIG_DIRS', '/etc/xdg/xdg-ubuntu:/etc/xdg'), ('DBUS_STARTER_ADDRESS', 'unix:path=/run/user/1000/bus,guid=c67e2489f73595b365ff0ae46a50c8ee'), ('XDG_DATA_DIRS', '/usr/share/ubuntu:/usr/local/share/:/usr/share/:/var/lib/snapd/desktop'), ('PYTHONPATH', '/home/starry1n/WUTA/WUTA-FSD/ros2_ws/install/wuta_msgs/local/lib/python3.10/dist-packages:/opt/ros/humble/lib/python3.10/site-packages:/opt/ros/humble/local/lib/python3.10/dist-packages'), ('COLCON', '1'), ('VTE_VERSION', '6800'), ('CMAKE_PREFIX_PATH', '/home/starry1n/WUTA/WUTA-FSD/ros2_ws/install/wuta_msgs:/opt/ros/humble')]), 'shell': False}
[1.048685] (mission_manager) CommandEnded: {'returncode': 0}
[1.049899] (mission_manager) JobProgress: {'identifier': 'mission_manager', 'progress': 'install'}
[1.052760] (mission_manager) Command: {'cmd': ['/usr/bin/cmake', '--install', '/home/starry1n/WUTA/WUTA-FSD/ros2_ws/build/mission_manager'], 'cwd': '/home/starry1n/WUTA/WUTA-FSD/ros2_ws/build/mission_manager', 'env': OrderedDict([('LESSOPEN', '| /usr/bin/lesspipe %s'), ('LANGUAGE', 'zh_CN:zh'), ('USER', 'starry1n'), ('XDG_SESSION_TYPE', 'wayland'), ('SHLVL', '3'), ('LD_LIBRARY_PATH', '/home/starry1n/WUTA/WUTA-FSD/ros2_ws/install/wuta_msgs/lib:/opt/ros/humble/opt/rviz_ogre_vendor/lib:/opt/ros/humble/lib/x86_64-linux-gnu:/opt/ros/humble/lib'), ('HOME', '/home/starry1n'), ('OLDPWD', '/home/starry1n/WUTA/WUTA-FSD'), ('DESKTOP_SESSION', 'ubuntu'), ('ROS_PYTHON_VERSION', '3'), ('GNOME_SHELL_SESSION_MODE', 'ubuntu'), ('GTK_MODULES', 'gail:atk-bridge'), ('DBUS_STARTER_BUS_TYPE', 'session'), ('SYSTEMD_EXEC_PID', '2321'), ('DBUS_SESSION_BUS_ADDRESS', 'unix:path=/run/user/1000/bus,guid=c67e2489f73595b365ff0ae46a50c8ee'), ('COLORTERM', 'truecolor'), ('IM_CONFIG_PHASE', '1'), ('WAYLAND_DISPLAY', 'wayland-0'), ('ROS_DISTRO', 'humble'), ('LOGNAME', 'starry1n'), ('_', '/usr/bin/colcon'), ('ROS_VERSION', '2'), ('XDG_SESSION_CLASS', 'user'), ('USERNAME', 'starry1n'), ('TERM', 'xterm-256color'), ('GNOME_DESKTOP_SESSION_ID', 'this-is-deprecated'), ('ROS_LOCALHOST_ONLY', '0'), ('PATH', '/home/starry1n/.local/bin:/opt/ros/humble/bin:/home/starry1n/.local/bin:/usr/local/sbin:/usr/local/bin:/usr/sbin:/usr/bin:/sbin:/bin:/usr/games:/usr/local/games:/snap/bin:/snap/bin'), ('SESSION_MANAGER', 'local/starry1n-virtual-machine:@/tmp/.ICE-unix/2321,unix/starry1n-virtual-machine:/tmp/.ICE-unix/2321'), ('XDG_MENU_PREFIX', 'gnome-'), ('GNOME_TERMINAL_SCREEN', '/org/gnome/Terminal/screen/1f3eb7e9_2641_49ca_8c99_b72e9fb24486'), ('GNOME_SETUP_DISPLAY', ':1'), ('XDG_RUNTIME_DIR', '/run/user/1000'), ('DISPLAY', ':0'), ('LANG', 'zh_CN.UTF-8'), ('XDG_CURRENT_DESKTOP', 'ubuntu:GNOME'), ('XMODIFIERS', '@im=ibus'), ('XDG_SESSION_DESKTOP', 'ubuntu'), ('XAUTHORITY', '/run/user/1000/.mutter-Xwaylandauth.H6FRS3'), ('LS_COLORS', 'rs=0:di=01;34:ln=01;36:mh=00:pi=40;33:so=01;35:do=01;35:bd=40;33;01:cd=40;33;01:or=40;31;01:mi=00:su=37;41:sg=30;43:ca=30;41:tw=30;42:ow=34;42:st=37;44:ex=01;32:*.tar=01;31:*.tgz=01;31:*.arc=01;31:*.arj=01;31:*.taz=01;31:*.lha=01;31:*.lz4=01;31:*.lzh=01;31:*.lzma=01;31:*.tlz=01;31:*.txz=01;31:*.tzo=01;31:*.t7z=01;31:*.zip=01;31:*.z=01;31:*.dz=01;31:*.gz=01;31:*.lrz=01;31:*.lz=01;31:*.lzo=01;31:*.xz=01;31:*.zst=01;31:*.tzst=01;31:*.bz2=01;31:*.bz=01;31:*.tbz=01;31:*.tbz2=01;31:*.tz=01;31:*.deb=01;31:*.rpm=01;31:*.jar=01;31:*.war=01;31:*.ear=01;31:*.sar=01;31:*.rar=01;31:*.alz=01;31:*.ace=01;31:*.zoo=01;31:*.cpio=01;31:*.7z=01;31:*.rz=01;31:*.cab=01;31:*.wim=01;31:*.swm=01;31:*.dwm=01;31:*.esd=01;31:*.jpg=01;35:*.jpeg=01;35:*.mjpg=01;35:*.mjpeg=01;35:*.gif=01;35:*.bmp=01;35:*.pbm=01;35:*.pgm=01;35:*.ppm=01;35:*.tga=01;35:*.xbm=01;35:*.xpm=01;35:*.tif=01;35:*.tiff=01;35:*.png=01;35:*.svg=01;35:*.svgz=01;35:*.mng=01;35:*.pcx=01;35:*.mov=01;35:*.mpg=01;35:*.mpeg=01;35:*.m2v=01;35:*.mkv=01;35:*.webm=01;35:*.webp=01;35:*.ogm=01;35:*.mp4=01;35:*.m4v=01;35:*.mp4v=01;35:*.vob=01;35:*.qt=01;35:*.nuv=01;35:*.wmv=01;35:*.asf=01;35:*.rm=01;35:*.rmvb=01;35:*.flc=01;35:*.avi=01;35:*.fli=01;35:*.flv=01;35:*.gl=01;35:*.dl=01;35:*.xcf=01;35:*.xwd=01;35:*.yuv=01;35:*.cgm=01;35:*.emf=01;35:*.ogv=01;35:*.ogx=01;35:*.aac=00;36:*.au=00;36:*.flac=00;36:*.m4a=00;36:*.mid=00;36:*.midi=00;36:*.mka=00;36:*.mp3=00;36:*.mpc=00;36:*.ogg=00;36:*.ra=00;36:*.wav=00;36:*.oga=00;36:*.opus=00;36:*.spx=00;36:*.xspf=00;36:'), ('GNOME_TERMINAL_SERVICE', ':1.330'), ('SSH_AGENT_LAUNCHER', 'gnome-keyring'), ('SSH_AUTH_SOCK', '/run/user/1000/keyring/ssh'), ('AMENT_PREFIX_PATH', '/home/starry1n/WUTA/WUTA-FSD/ros2_ws/install/wuta_msgs:/opt/ros/humble'), ('SHELL', '/bin/bash'), ('QT_ACCESSIBILITY', '1'), ('GDMSESSION', 'ubuntu'), ('LESSCLOSE', '/usr/bin/lesspipe %s %s'), ('QT_IM_MODULE', 'ibus'), ('PWD', '/home/starry1n/WUTA/WUTA-FSD/ros2_ws/build/mission_manager'), ('XDG_CONFIG_DIRS', '/etc/xdg/xdg-ubuntu:/etc/xdg'), ('DBUS_STARTER_ADDRESS', 'unix:path=/run/user/1000/bus,guid=c67e2489f73595b365ff0ae46a50c8ee'), ('XDG_DATA_DIRS', '/usr/share/ubuntu:/usr/local/share/:/usr/share/:/var/lib/snapd/desktop'), ('PYTHONPATH', '/home/starry1n/WUTA/WUTA-FSD/ros2_ws/install/wuta_msgs/local/lib/python3.10/dist-packages:/opt/ros/humble/lib/python3.10/site-packages:/opt/ros/humble/local/lib/python3.10/dist-packages'), ('COLCON', '1'), ('VTE_VERSION', '6800'), ('CMAKE_PREFIX_PATH', '/home/starry1n/WUTA/WUTA-FSD/ros2_ws/install/wuta_msgs:/opt/ros/humble')]), 'shell': False}
[1.056715] (path_generator) JobStarted: {'identifier': 'path_generator'}
[1.061476] (cone_map_builder) StdoutLine: {'line': b'-- Install configuration: ""\n'}
[1.063307] (cone_map_builder) StdoutLine: {'line': b'-- Execute custom install script\n'}
[1.064186] (cone_map_builder) StdoutLine: {'line': b'-- Up-to-date symlink: /home/starry1n/WUTA/WUTA-FSD/ros2_ws/install/cone_map_builder/lib/cone_map_builder/cone_map_builder_node\n'}
[1.064367] (cone_map_builder) StdoutLine: {'line': b'-- Up-to-date symlink: /home/starry1n/WUTA/WUTA-FSD/ros2_ws/install/cone_map_builder/share/cone_map_builder/config/cone_map_builder.yaml\n'}
[1.064430] (cone_map_builder) StdoutLine: {'line': b'-- Up-to-date symlink: /home/starry1n/WUTA/WUTA-FSD/ros2_ws/install/cone_map_builder/share/ament_index/resource_index/package_run_dependencies/cone_map_builder\n'}
[1.064470] (cone_map_builder) StdoutLine: {'line': b'-- Up-to-date symlink: /home/starry1n/WUTA/WUTA-FSD/ros2_ws/install/cone_map_builder/share/ament_index/resource_index/parent_prefix_path/cone_map_builder\n'}
[1.064506] (cone_map_builder) StdoutLine: {'line': b'-- Up-to-date symlink: /home/starry1n/WUTA/WUTA-FSD/ros2_ws/install/cone_map_builder/share/cone_map_builder/environment/ament_prefix_path.sh\n'}
[1.064539] (cone_map_builder) StdoutLine: {'line': b'-- Up-to-date symlink: /home/starry1n/WUTA/WUTA-FSD/ros2_ws/install/cone_map_builder/share/cone_map_builder/environment/ament_prefix_path.dsv\n'}
[1.064570] (cone_map_builder) StdoutLine: {'line': b'-- Up-to-date symlink: /home/starry1n/WUTA/WUTA-FSD/ros2_ws/install/cone_map_builder/share/cone_map_builder/environment/path.sh\n'}
[1.064597] (cone_map_builder) StdoutLine: {'line': b'-- Up-to-date symlink: /home/starry1n/WUTA/WUTA-FSD/ros2_ws/install/cone_map_builder/share/cone_map_builder/environment/path.dsv\n'}
[1.064625] (cone_map_builder) StdoutLine: {'line': b'-- Up-to-date symlink: /home/starry1n/WUTA/WUTA-FSD/ros2_ws/install/cone_map_builder/share/cone_map_builder/local_setup.bash\n'}
[1.064655] (cone_map_builder) StdoutLine: {'line': b'-- Up-to-date symlink: /home/starry1n/WUTA/WUTA-FSD/ros2_ws/install/cone_map_builder/share/cone_map_builder/local_setup.sh\n'}
[1.064873] (cone_map_builder) StdoutLine: {'line': b'-- Up-to-date symlink: /home/starry1n/WUTA/WUTA-FSD/ros2_ws/install/cone_map_builder/share/cone_map_builder/local_setup.zsh\n'}
[1.064995] (cone_map_builder) StdoutLine: {'line': b'-- Up-to-date symlink: /home/starry1n/WUTA/WUTA-FSD/ros2_ws/install/cone_map_builder/share/cone_map_builder/local_setup.dsv\n'}
[1.065567] (cone_map_builder) StdoutLine: {'line': b'-- Symlinking: /home/starry1n/WUTA/WUTA-FSD/ros2_ws/install/cone_map_builder/share/cone_map_builder/package.dsv\n'}
[1.066735] (localization_manager) JobProgress: {'identifier': 'localization_manager', 'progress': 'cmake'}
[1.068288] (mission_manager) StdoutLine: {'line': b'-- Install configuration: ""\n'}
[1.068620] (mission_manager) StdoutLine: {'line': b'-- Execute custom install script\n'}
[1.068676] (mission_manager) StdoutLine: {'line': b'-- Up-to-date symlink: /home/starry1n/WUTA/WUTA-FSD/ros2_ws/install/mission_manager/lib/mission_manager/mission_manager_node\n'}
[1.068741] (mission_manager) StdoutLine: {'line': b'-- Up-to-date symlink: /home/starry1n/WUTA/WUTA-FSD/ros2_ws/install/mission_manager/share/mission_manager/config/.gitkeep\n'}
[1.068825] (mission_manager) StdoutLine: {'line': b'-- Up-to-date symlink: /home/starry1n/WUTA/WUTA-FSD/ros2_ws/install/mission_manager/share/ament_index/resource_index/package_run_dependencies/mission_manager\n'}
[1.068911] (mission_manager) StdoutLine: {'line': b'-- Up-to-date symlink: /home/starry1n/WUTA/WUTA-FSD/ros2_ws/install/mission_manager/share/ament_index/resource_index/parent_prefix_path/mission_manager\n'}
[1.068982] (mission_manager) StdoutLine: {'line': b'-- Up-to-date symlink: /home/starry1n/WUTA/WUTA-FSD/ros2_ws/install/mission_manager/share/mission_manager/environment/ament_prefix_path.sh\n'}
[1.069847] (mission_manager) StdoutLine: {'line': b'-- Up-to-date symlink: /home/starry1n/WUTA/WUTA-FSD/ros2_ws/install/mission_manager/share/mission_manager/environment/ament_prefix_path.dsv\n'}
[1.070250] (mission_manager) StdoutLine: {'line': b'-- Up-to-date symlink: /home/starry1n/WUTA/WUTA-FSD/ros2_ws/install/mission_manager/share/mission_manager/environment/path.sh\n'}
[1.070309] (mission_manager) StdoutLine: {'line': b'-- Up-to-date symlink: /home/starry1n/WUTA/WUTA-FSD/ros2_ws/install/mission_manager/share/mission_manager/environment/path.dsv\n'}
[1.070344] (mission_manager) StdoutLine: {'line': b'-- Up-to-date symlink: /home/starry1n/WUTA/WUTA-FSD/ros2_ws/install/mission_manager/share/mission_manager/local_setup.bash\n'}
[1.070399] (mission_manager) StdoutLine: {'line': b'-- Up-to-date symlink: /home/starry1n/WUTA/WUTA-FSD/ros2_ws/install/mission_manager/share/mission_manager/local_setup.sh\n'}
[1.070429] (localization_manager) JobProgress: {'identifier': 'localization_manager', 'progress': 'build'}
[1.070445] (localization_manager) Command: {'cmd': ['/usr/bin/cmake', '--build', '/home/starry1n/WUTA/WUTA-FSD/ros2_ws/build/localization_manager', '--', '-j8', '-l8'], 'cwd': '/home/starry1n/WUTA/WUTA-FSD/ros2_ws/build/localization_manager', 'env': OrderedDict([('LESSOPEN', '| /usr/bin/lesspipe %s'), ('LANGUAGE', 'zh_CN:zh'), ('USER', 'starry1n'), ('XDG_SESSION_TYPE', 'wayland'), ('SHLVL', '3'), ('LD_LIBRARY_PATH', '/home/starry1n/WUTA/WUTA-FSD/ros2_ws/install/wuta_msgs/lib:/home/starry1n/WUTA/WUTA-FSD/ros2_ws/install/robot_localization/lib:/home/starry1n/WUTA/WUTA-FSD/ros2_ws/install/kiss_icp/lib:/opt/ros/humble/opt/rviz_ogre_vendor/lib:/opt/ros/humble/lib/x86_64-linux-gnu:/opt/ros/humble/lib'), ('HOME', '/home/starry1n'), ('OLDPWD', '/home/starry1n/WUTA/WUTA-FSD'), ('DESKTOP_SESSION', 'ubuntu'), ('ROS_PYTHON_VERSION', '3'), ('GNOME_SHELL_SESSION_MODE', 'ubuntu'), ('GTK_MODULES', 'gail:atk-bridge'), ('DBUS_STARTER_BUS_TYPE', 'session'), ('SYSTEMD_EXEC_PID', '2321'), ('DBUS_SESSION_BUS_ADDRESS', 'unix:path=/run/user/1000/bus,guid=c67e2489f73595b365ff0ae46a50c8ee'), ('COLORTERM', 'truecolor'), ('IM_CONFIG_PHASE', '1'), ('WAYLAND_DISPLAY', 'wayland-0'), ('ROS_DISTRO', 'humble'), ('LOGNAME', 'starry1n'), ('_', '/usr/bin/colcon'), ('ROS_VERSION', '2'), ('XDG_SESSION_CLASS', 'user'), ('USERNAME', 'starry1n'), ('TERM', 'xterm-256color'), ('GNOME_DESKTOP_SESSION_ID', 'this-is-deprecated'), ('ROS_LOCALHOST_ONLY', '0'), ('PATH', '/home/starry1n/.local/bin:/opt/ros/humble/bin:/home/starry1n/.local/bin:/usr/local/sbin:/usr/local/bin:/usr/sbin:/usr/bin:/sbin:/bin:/usr/games:/usr/local/games:/snap/bin:/snap/bin'), ('SESSION_MANAGER', 'local/starry1n-virtual-machine:@/tmp/.ICE-unix/2321,unix/starry1n-virtual-machine:/tmp/.ICE-unix/2321'), ('XDG_MENU_PREFIX', 'gnome-'), ('GNOME_TERMINAL_SCREEN', '/org/gnome/Terminal/screen/1f3eb7e9_2641_49ca_8c99_b72e9fb24486'), ('GNOME_SETUP_DISPLAY', ':1'), ('XDG_RUNTIME_DIR', '/run/user/1000'), ('DISPLAY', ':0'), ('LANG', 'zh_CN.UTF-8'), ('XDG_CURRENT_DESKTOP', 'ubuntu:GNOME'), ('XMODIFIERS', '@im=ibus'), ('XDG_SESSION_DESKTOP', 'ubuntu'), ('XAUTHORITY', '/run/user/1000/.mutter-Xwaylandauth.H6FRS3'), ('LS_COLORS', 'rs=0:di=01;34:ln=01;36:mh=00:pi=40;33:so=01;35:do=01;35:bd=40;33;01:cd=40;33;01:or=40;31;01:mi=00:su=37;41:sg=30;43:ca=30;41:tw=30;42:ow=34;42:st=37;44:ex=01;32:*.tar=01;31:*.tgz=01;31:*.arc=01;31:*.arj=01;31:*.taz=01;31:*.lha=01;31:*.lz4=01;31:*.lzh=01;31:*.lzma=01;31:*.tlz=01;31:*.txz=01;31:*.tzo=01;31:*.t7z=01;31:*.zip=01;31:*.z=01;31:*.dz=01;31:*.gz=01;31:*.lrz=01;31:*.lz=01;31:*.lzo=01;31:*.xz=01;31:*.zst=01;31:*.tzst=01;31:*.bz2=01;31:*.bz=01;31:*.tbz=01;31:*.tbz2=01;31:*.tz=01;31:*.deb=01;31:*.rpm=01;31:*.jar=01;31:*.war=01;31:*.ear=01;31:*.sar=01;31:*.rar=01;31:*.alz=01;31:*.ace=01;31:*.zoo=01;31:*.cpio=01;31:*.7z=01;31:*.rz=01;31:*.cab=01;31:*.wim=01;31:*.swm=01;31:*.dwm=01;31:*.esd=01;31:*.jpg=01;35:*.jpeg=01;35:*.mjpg=01;35:*.mjpeg=01;35:*.gif=01;35:*.bmp=01;35:*.pbm=01;35:*.pgm=01;35:*.ppm=01;35:*.tga=01;35:*.xbm=01;35:*.xpm=01;35:*.tif=01;35:*.tiff=01;35:*.png=01;35:*.svg=01;35:*.svgz=01;35:*.mng=01;35:*.pcx=01;35:*.mov=01;35:*.mpg=01;35:*.mpeg=01;35:*.m2v=01;35:*.mkv=01;35:*.webm=01;35:*.webp=01;35:*.ogm=01;35:*.mp4=01;35:*.m4v=01;35:*.mp4v=01;35:*.vob=01;35:*.qt=01;35:*.nuv=01;35:*.wmv=01;35:*.asf=01;35:*.rm=01;35:*.rmvb=01;35:*.flc=01;35:*.avi=01;35:*.fli=01;35:*.flv=01;35:*.gl=01;35:*.dl=01;35:*.xcf=01;35:*.xwd=01;35:*.yuv=01;35:*.cgm=01;35:*.emf=01;35:*.ogv=01;35:*.ogx=01;35:*.aac=00;36:*.au=00;36:*.flac=00;36:*.m4a=00;36:*.mid=00;36:*.midi=00;36:*.mka=00;36:*.mp3=00;36:*.mpc=00;36:*.ogg=00;36:*.ra=00;36:*.wav=00;36:*.oga=00;36:*.opus=00;36:*.spx=00;36:*.xspf=00;36:'), ('GNOME_TERMINAL_SERVICE', ':1.330'), ('SSH_AGENT_LAUNCHER', 'gnome-keyring'), ('SSH_AUTH_SOCK', '/run/user/1000/keyring/ssh'), ('AMENT_PREFIX_PATH', '/home/starry1n/WUTA/WUTA-FSD/ros2_ws/install/wuta_msgs:/home/starry1n/WUTA/WUTA-FSD/ros2_ws/install/robot_localization:/home/starry1n/WUTA/WUTA-FSD/ros2_ws/install/kiss_icp:/opt/ros/humble'), ('SHELL', '/bin/bash'), ('QT_ACCESSIBILITY', '1'), ('GDMSESSION', 'ubuntu'), ('LESSCLOSE', '/usr/bin/lesspipe %s %s'), ('QT_IM_MODULE', 'ibus'), ('PWD', '/home/starry1n/WUTA/WUTA-FSD/ros2_ws/build/localization_manager'), ('XDG_CONFIG_DIRS', '/etc/xdg/xdg-ubuntu:/etc/xdg'), ('DBUS_STARTER_ADDRESS', 'unix:path=/run/user/1000/bus,guid=c67e2489f73595b365ff0ae46a50c8ee'), ('XDG_DATA_DIRS', '/usr/share/ubuntu:/usr/local/share/:/usr/share/:/var/lib/snapd/desktop'), ('PYTHONPATH', '/home/starry1n/WUTA/WUTA-FSD/ros2_ws/install/wuta_msgs/local/lib/python3.10/dist-packages:/home/starry1n/WUTA/WUTA-FSD/ros2_ws/install/robot_localization/local/lib/python3.10/dist-packages:/opt/ros/humble/lib/python3.10/site-packages:/opt/ros/humble/local/lib/python3.10/dist-packages'), ('COLCON', '1'), ('VTE_VERSION', '6800'), ('CMAKE_PREFIX_PATH', '/home/starry1n/WUTA/WUTA-FSD/ros2_ws/install/wuta_msgs:/home/starry1n/WUTA/WUTA-FSD/ros2_ws/install/robot_localization:/home/starry1n/WUTA/WUTA-FSD/ros2_ws/install/kiss_icp:/opt/ros/humble')]), 'shell': False}
[1.074438] (mission_manager) StdoutLine: {'line': b'-- Up-to-date symlink: /home/starry1n/WUTA/WUTA-FSD/ros2_ws/install/mission_manager/share/mission_manager/local_setup.zsh\n'}
[1.080195] (mission_manager) StdoutLine: {'line': b'-- Up-to-date symlink: /home/starry1n/WUTA/WUTA-FSD/ros2_ws/install/mission_manager/share/mission_manager/local_setup.dsv\n'}
[1.080431] (mission_manager) StdoutLine: {'line': b'-- Symlinking: /home/starry1n/WUTA/WUTA-FSD/ros2_ws/install/mission_manager/share/mission_manager/package.dsv\n'}
[1.080517] (controller) CommandEnded: {'returncode': 0}
[1.081132] (controller) JobProgress: {'identifier': 'controller', 'progress': 'install'}
[1.081196] (controller) Command: {'cmd': ['/usr/bin/cmake', '--install', '/home/starry1n/WUTA/WUTA-FSD/ros2_ws/build/controller'], 'cwd': '/home/starry1n/WUTA/WUTA-FSD/ros2_ws/build/controller', 'env': OrderedDict([('LESSOPEN', '| /usr/bin/lesspipe %s'), ('LANGUAGE', 'zh_CN:zh'), ('USER', 'starry1n'), ('XDG_SESSION_TYPE', 'wayland'), ('SHLVL', '3'), ('LD_LIBRARY_PATH', '/home/starry1n/WUTA/WUTA-FSD/ros2_ws/install/wuta_msgs/lib:/home/starry1n/WUTA/WUTA-FSD/ros2_ws/install/autoware_msgs/lib:/opt/ros/humble/opt/rviz_ogre_vendor/lib:/opt/ros/humble/lib/x86_64-linux-gnu:/opt/ros/humble/lib'), ('HOME', '/home/starry1n'), ('OLDPWD', '/home/starry1n/WUTA/WUTA-FSD'), ('DESKTOP_SESSION', 'ubuntu'), ('ROS_PYTHON_VERSION', '3'), ('GNOME_SHELL_SESSION_MODE', 'ubuntu'), ('GTK_MODULES', 'gail:atk-bridge'), ('DBUS_STARTER_BUS_TYPE', 'session'), ('SYSTEMD_EXEC_PID', '2321'), ('DBUS_SESSION_BUS_ADDRESS', 'unix:path=/run/user/1000/bus,guid=c67e2489f73595b365ff0ae46a50c8ee'), ('COLORTERM', 'truecolor'), ('IM_CONFIG_PHASE', '1'), ('WAYLAND_DISPLAY', 'wayland-0'), ('ROS_DISTRO', 'humble'), ('LOGNAME', 'starry1n'), ('_', '/usr/bin/colcon'), ('ROS_VERSION', '2'), ('XDG_SESSION_CLASS', 'user'), ('USERNAME', 'starry1n'), ('TERM', 'xterm-256color'), ('GNOME_DESKTOP_SESSION_ID', 'this-is-deprecated'), ('ROS_LOCALHOST_ONLY', '0'), ('PATH', '/home/starry1n/.local/bin:/opt/ros/humble/bin:/home/starry1n/.local/bin:/usr/local/sbin:/usr/local/bin:/usr/sbin:/usr/bin:/sbin:/bin:/usr/games:/usr/local/games:/snap/bin:/snap/bin'), ('SESSION_MANAGER', 'local/starry1n-virtual-machine:@/tmp/.ICE-unix/2321,unix/starry1n-virtual-machine:/tmp/.ICE-unix/2321'), ('XDG_MENU_PREFIX', 'gnome-'), ('GNOME_TERMINAL_SCREEN', '/org/gnome/Terminal/screen/1f3eb7e9_2641_49ca_8c99_b72e9fb24486'), ('GNOME_SETUP_DISPLAY', ':1'), ('XDG_RUNTIME_DIR', '/run/user/1000'), ('DISPLAY', ':0'), ('LANG', 'zh_CN.UTF-8'), ('XDG_CURRENT_DESKTOP', 'ubuntu:GNOME'), ('XMODIFIERS', '@im=ibus'), ('XDG_SESSION_DESKTOP', 'ubuntu'), ('XAUTHORITY', '/run/user/1000/.mutter-Xwaylandauth.H6FRS3'), ('LS_COLORS', 'rs=0:di=01;34:ln=01;36:mh=00:pi=40;33:so=01;35:do=01;35:bd=40;33;01:cd=40;33;01:or=40;31;01:mi=00:su=37;41:sg=30;43:ca=30;41:tw=30;42:ow=34;42:st=37;44:ex=01;32:*.tar=01;31:*.tgz=01;31:*.arc=01;31:*.arj=01;31:*.taz=01;31:*.lha=01;31:*.lz4=01;31:*.lzh=01;31:*.lzma=01;31:*.tlz=01;31:*.txz=01;31:*.tzo=01;31:*.t7z=01;31:*.zip=01;31:*.z=01;31:*.dz=01;31:*.gz=01;31:*.lrz=01;31:*.lz=01;31:*.lzo=01;31:*.xz=01;31:*.zst=01;31:*.tzst=01;31:*.bz2=01;31:*.bz=01;31:*.tbz=01;31:*.tbz2=01;31:*.tz=01;31:*.deb=01;31:*.rpm=01;31:*.jar=01;31:*.war=01;31:*.ear=01;31:*.sar=01;31:*.rar=01;31:*.alz=01;31:*.ace=01;31:*.zoo=01;31:*.cpio=01;31:*.7z=01;31:*.rz=01;31:*.cab=01;31:*.wim=01;31:*.swm=01;31:*.dwm=01;31:*.esd=01;31:*.jpg=01;35:*.jpeg=01;35:*.mjpg=01;35:*.mjpeg=01;35:*.gif=01;35:*.bmp=01;35:*.pbm=01;35:*.pgm=01;35:*.ppm=01;35:*.tga=01;35:*.xbm=01;35:*.xpm=01;35:*.tif=01;35:*.tiff=01;35:*.png=01;35:*.svg=01;35:*.svgz=01;35:*.mng=01;35:*.pcx=01;35:*.mov=01;35:*.mpg=01;35:*.mpeg=01;35:*.m2v=01;35:*.mkv=01;35:*.webm=01;35:*.webp=01;35:*.ogm=01;35:*.mp4=01;35:*.m4v=01;35:*.mp4v=01;35:*.vob=01;35:*.qt=01;35:*.nuv=01;35:*.wmv=01;35:*.asf=01;35:*.rm=01;35:*.rmvb=01;35:*.flc=01;35:*.avi=01;35:*.fli=01;35:*.flv=01;35:*.gl=01;35:*.dl=01;35:*.xcf=01;35:*.xwd=01;35:*.yuv=01;35:*.cgm=01;35:*.emf=01;35:*.ogv=01;35:*.ogx=01;35:*.aac=00;36:*.au=00;36:*.flac=00;36:*.m4a=00;36:*.mid=00;36:*.midi=00;36:*.mka=00;36:*.mp3=00;36:*.mpc=00;36:*.ogg=00;36:*.ra=00;36:*.wav=00;36:*.oga=00;36:*.opus=00;36:*.spx=00;36:*.xspf=00;36:'), ('GNOME_TERMINAL_SERVICE', ':1.330'), ('SSH_AGENT_LAUNCHER', 'gnome-keyring'), ('SSH_AUTH_SOCK', '/run/user/1000/keyring/ssh'), ('AMENT_PREFIX_PATH', '/home/starry1n/WUTA/WUTA-FSD/ros2_ws/install/wuta_msgs:/home/starry1n/WUTA/WUTA-FSD/ros2_ws/install/autoware_msgs:/opt/ros/humble'), ('SHELL', '/bin/bash'), ('QT_ACCESSIBILITY', '1'), ('GDMSESSION', 'ubuntu'), ('LESSCLOSE', '/usr/bin/lesspipe %s %s'), ('QT_IM_MODULE', 'ibus'), ('PWD', '/home/starry1n/WUTA/WUTA-FSD/ros2_ws/build/controller'), ('XDG_CONFIG_DIRS', '/etc/xdg/xdg-ubuntu:/etc/xdg'), ('DBUS_STARTER_ADDRESS', 'unix:path=/run/user/1000/bus,guid=c67e2489f73595b365ff0ae46a50c8ee'), ('XDG_DATA_DIRS', '/usr/share/ubuntu:/usr/local/share/:/usr/share/:/var/lib/snapd/desktop'), ('PYTHONPATH', '/home/starry1n/WUTA/WUTA-FSD/ros2_ws/install/wuta_msgs/local/lib/python3.10/dist-packages:/home/starry1n/WUTA/WUTA-FSD/ros2_ws/install/autoware_msgs/local/lib/python3.10/dist-packages:/opt/ros/humble/lib/python3.10/site-packages:/opt/ros/humble/local/lib/python3.10/dist-packages'), ('COLCON', '1'), ('VTE_VERSION', '6800'), ('CMAKE_PREFIX_PATH', '/home/starry1n/WUTA/WUTA-FSD/ros2_ws/install/wuta_msgs:/home/starry1n/WUTA/WUTA-FSD/ros2_ws/install/autoware_msgs:/opt/ros/humble')]), 'shell': False}
[1.081669] (lidar_detection) CommandEnded: {'returncode': 0}
[1.084591] (cone_map_builder) StdoutLine: {'line': b'-- Up-to-date symlink: /home/starry1n/WUTA/WUTA-FSD/ros2_ws/install/cone_map_builder/share/ament_index/resource_index/packages/cone_map_builder\n'}
[1.085170] (cone_map_builder) StdoutLine: {'line': b'-- Up-to-date symlink: /home/starry1n/WUTA/WUTA-FSD/ros2_ws/install/cone_map_builder/share/cone_map_builder/cmake/cone_map_builderConfig.cmake\n'}
[1.085311] (cone_map_builder) StdoutLine: {'line': b'-- Up-to-date symlink: /home/starry1n/WUTA/WUTA-FSD/ros2_ws/install/cone_map_builder/share/cone_map_builder/cmake/cone_map_builderConfig-version.cmake\n'}
[1.085364] (cone_map_builder) StdoutLine: {'line': b'-- Up-to-date symlink: /home/starry1n/WUTA/WUTA-FSD/ros2_ws/install/cone_map_builder/share/cone_map_builder/package.xml\n'}
[1.085401] (lidar_detection) JobProgress: {'identifier': 'lidar_detection', 'progress': 'install'}
[1.085414] (lidar_detection) Command: {'cmd': ['/usr/bin/cmake', '--install', '/home/starry1n/WUTA/WUTA-FSD/ros2_ws/build/lidar_detection'], 'cwd': '/home/starry1n/WUTA/WUTA-FSD/ros2_ws/build/lidar_detection', 'env': OrderedDict([('LESSOPEN', '| /usr/bin/lesspipe %s'), ('LANGUAGE', 'zh_CN:zh'), ('USER', 'starry1n'), ('XDG_SESSION_TYPE', 'wayland'), ('SHLVL', '3'), ('LD_LIBRARY_PATH', '/home/starry1n/WUTA/WUTA-FSD/ros2_ws/install/wuta_msgs/lib:/opt/ros/humble/opt/rviz_ogre_vendor/lib:/opt/ros/humble/lib/x86_64-linux-gnu:/opt/ros/humble/lib'), ('HOME', '/home/starry1n'), ('OLDPWD', '/home/starry1n/WUTA/WUTA-FSD'), ('DESKTOP_SESSION', 'ubuntu'), ('ROS_PYTHON_VERSION', '3'), ('GNOME_SHELL_SESSION_MODE', 'ubuntu'), ('GTK_MODULES', 'gail:atk-bridge'), ('DBUS_STARTER_BUS_TYPE', 'session'), ('SYSTEMD_EXEC_PID', '2321'), ('DBUS_SESSION_BUS_ADDRESS', 'unix:path=/run/user/1000/bus,guid=c67e2489f73595b365ff0ae46a50c8ee'), ('COLORTERM', 'truecolor'), ('IM_CONFIG_PHASE', '1'), ('WAYLAND_DISPLAY', 'wayland-0'), ('ROS_DISTRO', 'humble'), ('LOGNAME', 'starry1n'), ('_', '/usr/bin/colcon'), ('ROS_VERSION', '2'), ('XDG_SESSION_CLASS', 'user'), ('USERNAME', 'starry1n'), ('TERM', 'xterm-256color'), ('GNOME_DESKTOP_SESSION_ID', 'this-is-deprecated'), ('ROS_LOCALHOST_ONLY', '0'), ('PATH', '/home/starry1n/.local/bin:/opt/ros/humble/bin:/home/starry1n/.local/bin:/usr/local/sbin:/usr/local/bin:/usr/sbin:/usr/bin:/sbin:/bin:/usr/games:/usr/local/games:/snap/bin:/snap/bin'), ('SESSION_MANAGER', 'local/starry1n-virtual-machine:@/tmp/.ICE-unix/2321,unix/starry1n-virtual-machine:/tmp/.ICE-unix/2321'), ('XDG_MENU_PREFIX', 'gnome-'), ('GNOME_TERMINAL_SCREEN', '/org/gnome/Terminal/screen/1f3eb7e9_2641_49ca_8c99_b72e9fb24486'), ('GNOME_SETUP_DISPLAY', ':1'), ('XDG_RUNTIME_DIR', '/run/user/1000'), ('DISPLAY', ':0'), ('LANG', 'zh_CN.UTF-8'), ('XDG_CURRENT_DESKTOP', 'ubuntu:GNOME'), ('XMODIFIERS', '@im=ibus'), ('XDG_SESSION_DESKTOP', 'ubuntu'), ('XAUTHORITY', '/run/user/1000/.mutter-Xwaylandauth.H6FRS3'), ('LS_COLORS', 'rs=0:di=01;34:ln=01;36:mh=00:pi=40;33:so=01;35:do=01;35:bd=40;33;01:cd=40;33;01:or=40;31;01:mi=00:su=37;41:sg=30;43:ca=30;41:tw=30;42:ow=34;42:st=37;44:ex=01;32:*.tar=01;31:*.tgz=01;31:*.arc=01;31:*.arj=01;31:*.taz=01;31:*.lha=01;31:*.lz4=01;31:*.lzh=01;31:*.lzma=01;31:*.tlz=01;31:*.txz=01;31:*.tzo=01;31:*.t7z=01;31:*.zip=01;31:*.z=01;31:*.dz=01;31:*.gz=01;31:*.lrz=01;31:*.lz=01;31:*.lzo=01;31:*.xz=01;31:*.zst=01;31:*.tzst=01;31:*.bz2=01;31:*.bz=01;31:*.tbz=01;31:*.tbz2=01;31:*.tz=01;31:*.deb=01;31:*.rpm=01;31:*.jar=01;31:*.war=01;31:*.ear=01;31:*.sar=01;31:*.rar=01;31:*.alz=01;31:*.ace=01;31:*.zoo=01;31:*.cpio=01;31:*.7z=01;31:*.rz=01;31:*.cab=01;31:*.wim=01;31:*.swm=01;31:*.dwm=01;31:*.esd=01;31:*.jpg=01;35:*.jpeg=01;35:*.mjpg=01;35:*.mjpeg=01;35:*.gif=01;35:*.bmp=01;35:*.pbm=01;35:*.pgm=01;35:*.ppm=01;35:*.tga=01;35:*.xbm=01;35:*.xpm=01;35:*.tif=01;35:*.tiff=01;35:*.png=01;35:*.svg=01;35:*.svgz=01;35:*.mng=01;35:*.pcx=01;35:*.mov=01;35:*.mpg=01;35:*.mpeg=01;35:*.m2v=01;35:*.mkv=01;35:*.webm=01;35:*.webp=01;35:*.ogm=01;35:*.mp4=01;35:*.m4v=01;35:*.mp4v=01;35:*.vob=01;35:*.qt=01;35:*.nuv=01;35:*.wmv=01;35:*.asf=01;35:*.rm=01;35:*.rmvb=01;35:*.flc=01;35:*.avi=01;35:*.fli=01;35:*.flv=01;35:*.gl=01;35:*.dl=01;35:*.xcf=01;35:*.xwd=01;35:*.yuv=01;35:*.cgm=01;35:*.emf=01;35:*.ogv=01;35:*.ogx=01;35:*.aac=00;36:*.au=00;36:*.flac=00;36:*.m4a=00;36:*.mid=00;36:*.midi=00;36:*.mka=00;36:*.mp3=00;36:*.mpc=00;36:*.ogg=00;36:*.ra=00;36:*.wav=00;36:*.oga=00;36:*.opus=00;36:*.spx=00;36:*.xspf=00;36:'), ('GNOME_TERMINAL_SERVICE', ':1.330'), ('SSH_AGENT_LAUNCHER', 'gnome-keyring'), ('SSH_AUTH_SOCK', '/run/user/1000/keyring/ssh'), ('AMENT_PREFIX_PATH', '/home/starry1n/WUTA/WUTA-FSD/ros2_ws/install/wuta_msgs:/opt/ros/humble'), ('SHELL', '/bin/bash'), ('QT_ACCESSIBILITY', '1'), ('GDMSESSION', 'ubuntu'), ('LESSCLOSE', '/usr/bin/lesspipe %s %s'), ('QT_IM_MODULE', 'ibus'), ('PWD', '/home/starry1n/WUTA/WUTA-FSD/ros2_ws/build/lidar_detection'), ('XDG_CONFIG_DIRS', '/etc/xdg/xdg-ubuntu:/etc/xdg'), ('DBUS_STARTER_ADDRESS', 'unix:path=/run/user/1000/bus,guid=c67e2489f73595b365ff0ae46a50c8ee'), ('XDG_DATA_DIRS', '/usr/share/ubuntu:/usr/local/share/:/usr/share/:/var/lib/snapd/desktop'), ('PYTHONPATH', '/home/starry1n/WUTA/WUTA-FSD/ros2_ws/install/wuta_msgs/local/lib/python3.10/dist-packages:/opt/ros/humble/lib/python3.10/site-packages:/opt/ros/humble/local/lib/python3.10/dist-packages'), ('COLCON', '1'), ('VTE_VERSION', '6800'), ('CMAKE_PREFIX_PATH', '/home/starry1n/WUTA/WUTA-FSD/ros2_ws/install/wuta_msgs:/opt/ros/humble')]), 'shell': False}
[1.085659] (mission_manager) StdoutLine: {'line': b'-- Up-to-date symlink: /home/starry1n/WUTA/WUTA-FSD/ros2_ws/install/mission_manager/share/ament_index/resource_index/packages/mission_manager\n'}
[1.085768] (mission_manager) StdoutLine: {'line': b'-- Up-to-date symlink: /home/starry1n/WUTA/WUTA-FSD/ros2_ws/install/mission_manager/share/mission_manager/cmake/mission_managerConfig.cmake\n'}
[1.085840] (mission_manager) StdoutLine: {'line': b'-- Up-to-date symlink: /home/starry1n/WUTA/WUTA-FSD/ros2_ws/install/mission_manager/share/mission_manager/cmake/mission_managerConfig-version.cmake\n'}
[1.085897] (mission_manager) StdoutLine: {'line': b'-- Up-to-date symlink: /home/starry1n/WUTA/WUTA-FSD/ros2_ws/install/mission_manager/share/mission_manager/package.xml\n'}
[1.085994] (boundary_detector) CommandEnded: {'returncode': 0}
[1.087537] (boundary_detector) JobProgress: {'identifier': 'boundary_detector', 'progress': 'install'}
[1.088801] (boundary_detector) Command: {'cmd': ['/usr/bin/cmake', '--install', '/home/starry1n/WUTA/WUTA-FSD/ros2_ws/build/boundary_detector'], 'cwd': '/home/starry1n/WUTA/WUTA-FSD/ros2_ws/build/boundary_detector', 'env': OrderedDict([('LESSOPEN', '| /usr/bin/lesspipe %s'), ('LANGUAGE', 'zh_CN:zh'), ('USER', 'starry1n'), ('XDG_SESSION_TYPE', 'wayland'), ('SHLVL', '3'), ('LD_LIBRARY_PATH', '/home/starry1n/WUTA/WUTA-FSD/ros2_ws/install/wuta_msgs/lib:/home/starry1n/WUTA/WUTA-FSD/ros2_ws/install/autoware_msgs/lib:/opt/ros/humble/opt/rviz_ogre_vendor/lib:/opt/ros/humble/lib/x86_64-linux-gnu:/opt/ros/humble/lib'), ('HOME', '/home/starry1n'), ('OLDPWD', '/home/starry1n/WUTA/WUTA-FSD'), ('DESKTOP_SESSION', 'ubuntu'), ('ROS_PYTHON_VERSION', '3'), ('GNOME_SHELL_SESSION_MODE', 'ubuntu'), ('GTK_MODULES', 'gail:atk-bridge'), ('DBUS_STARTER_BUS_TYPE', 'session'), ('SYSTEMD_EXEC_PID', '2321'), ('DBUS_SESSION_BUS_ADDRESS', 'unix:path=/run/user/1000/bus,guid=c67e2489f73595b365ff0ae46a50c8ee'), ('COLORTERM', 'truecolor'), ('IM_CONFIG_PHASE', '1'), ('WAYLAND_DISPLAY', 'wayland-0'), ('ROS_DISTRO', 'humble'), ('LOGNAME', 'starry1n'), ('_', '/usr/bin/colcon'), ('ROS_VERSION', '2'), ('XDG_SESSION_CLASS', 'user'), ('USERNAME', 'starry1n'), ('TERM', 'xterm-256color'), ('GNOME_DESKTOP_SESSION_ID', 'this-is-deprecated'), ('ROS_LOCALHOST_ONLY', '0'), ('PATH', '/home/starry1n/.local/bin:/opt/ros/humble/bin:/home/starry1n/.local/bin:/usr/local/sbin:/usr/local/bin:/usr/sbin:/usr/bin:/sbin:/bin:/usr/games:/usr/local/games:/snap/bin:/snap/bin'), ('SESSION_MANAGER', 'local/starry1n-virtual-machine:@/tmp/.ICE-unix/2321,unix/starry1n-virtual-machine:/tmp/.ICE-unix/2321'), ('XDG_MENU_PREFIX', 'gnome-'), ('GNOME_TERMINAL_SCREEN', '/org/gnome/Terminal/screen/1f3eb7e9_2641_49ca_8c99_b72e9fb24486'), ('GNOME_SETUP_DISPLAY', ':1'), ('XDG_RUNTIME_DIR', '/run/user/1000'), ('DISPLAY', ':0'), ('LANG', 'zh_CN.UTF-8'), ('XDG_CURRENT_DESKTOP', 'ubuntu:GNOME'), ('XMODIFIERS', '@im=ibus'), ('XDG_SESSION_DESKTOP', 'ubuntu'), ('XAUTHORITY', '/run/user/1000/.mutter-Xwaylandauth.H6FRS3'), ('LS_COLORS', 'rs=0:di=01;34:ln=01;36:mh=00:pi=40;33:so=01;35:do=01;35:bd=40;33;01:cd=40;33;01:or=40;31;01:mi=00:su=37;41:sg=30;43:ca=30;41:tw=30;42:ow=34;42:st=37;44:ex=01;32:*.tar=01;31:*.tgz=01;31:*.arc=01;31:*.arj=01;31:*.taz=01;31:*.lha=01;31:*.lz4=01;31:*.lzh=01;31:*.lzma=01;31:*.tlz=01;31:*.txz=01;31:*.tzo=01;31:*.t7z=01;31:*.zip=01;31:*.z=01;31:*.dz=01;31:*.gz=01;31:*.lrz=01;31:*.lz=01;31:*.lzo=01;31:*.xz=01;31:*.zst=01;31:*.tzst=01;31:*.bz2=01;31:*.bz=01;31:*.tbz=01;31:*.tbz2=01;31:*.tz=01;31:*.deb=01;31:*.rpm=01;31:*.jar=01;31:*.war=01;31:*.ear=01;31:*.sar=01;31:*.rar=01;31:*.alz=01;31:*.ace=01;31:*.zoo=01;31:*.cpio=01;31:*.7z=01;31:*.rz=01;31:*.cab=01;31:*.wim=01;31:*.swm=01;31:*.dwm=01;31:*.esd=01;31:*.jpg=01;35:*.jpeg=01;35:*.mjpg=01;35:*.mjpeg=01;35:*.gif=01;35:*.bmp=01;35:*.pbm=01;35:*.pgm=01;35:*.ppm=01;35:*.tga=01;35:*.xbm=01;35:*.xpm=01;35:*.tif=01;35:*.tiff=01;35:*.png=01;35:*.svg=01;35:*.svgz=01;35:*.mng=01;35:*.pcx=01;35:*.mov=01;35:*.mpg=01;35:*.mpeg=01;35:*.m2v=01;35:*.mkv=01;35:*.webm=01;35:*.webp=01;35:*.ogm=01;35:*.mp4=01;35:*.m4v=01;35:*.mp4v=01;35:*.vob=01;35:*.qt=01;35:*.nuv=01;35:*.wmv=01;35:*.asf=01;35:*.rm=01;35:*.rmvb=01;35:*.flc=01;35:*.avi=01;35:*.fli=01;35:*.flv=01;35:*.gl=01;35:*.dl=01;35:*.xcf=01;35:*.xwd=01;35:*.yuv=01;35:*.cgm=01;35:*.emf=01;35:*.ogv=01;35:*.ogx=01;35:*.aac=00;36:*.au=00;36:*.flac=00;36:*.m4a=00;36:*.mid=00;36:*.midi=00;36:*.mka=00;36:*.mp3=00;36:*.mpc=00;36:*.ogg=00;36:*.ra=00;36:*.wav=00;36:*.oga=00;36:*.opus=00;36:*.spx=00;36:*.xspf=00;36:'), ('GNOME_TERMINAL_SERVICE', ':1.330'), ('SSH_AGENT_LAUNCHER', 'gnome-keyring'), ('SSH_AUTH_SOCK', '/run/user/1000/keyring/ssh'), ('AMENT_PREFIX_PATH', '/home/starry1n/WUTA/WUTA-FSD/ros2_ws/install/wuta_msgs:/home/starry1n/WUTA/WUTA-FSD/ros2_ws/install/autoware_msgs:/opt/ros/humble'), ('SHELL', '/bin/bash'), ('QT_ACCESSIBILITY', '1'), ('GDMSESSION', 'ubuntu'), ('LESSCLOSE', '/usr/bin/lesspipe %s %s'), ('QT_IM_MODULE', 'ibus'), ('PWD', '/home/starry1n/WUTA/WUTA-FSD/ros2_ws/build/boundary_detector'), ('XDG_CONFIG_DIRS', '/etc/xdg/xdg-ubuntu:/etc/xdg'), ('DBUS_STARTER_ADDRESS', 'unix:path=/run/user/1000/bus,guid=c67e2489f73595b365ff0ae46a50c8ee'), ('XDG_DATA_DIRS', '/usr/share/ubuntu:/usr/local/share/:/usr/share/:/var/lib/snapd/desktop'), ('PYTHONPATH', '/home/starry1n/WUTA/WUTA-FSD/ros2_ws/install/wuta_msgs/local/lib/python3.10/dist-packages:/home/starry1n/WUTA/WUTA-FSD/ros2_ws/install/autoware_msgs/local/lib/python3.10/dist-packages:/opt/ros/humble/lib/python3.10/site-packages:/opt/ros/humble/local/lib/python3.10/dist-packages'), ('COLCON', '1'), ('VTE_VERSION', '6800'), ('CMAKE_PREFIX_PATH', '/home/starry1n/WUTA/WUTA-FSD/ros2_ws/install/wuta_msgs:/home/starry1n/WUTA/WUTA-FSD/ros2_ws/install/autoware_msgs:/opt/ros/humble')]), 'shell': False}
[1.092071] (controller) StdoutLine: {'line': b'-- Install configuration: ""\n'}
[1.092281] (controller) StdoutLine: {'line': b'-- Execute custom install script\n'}
[1.092373] (controller) StdoutLine: {'line': b'-- Up-to-date symlink: /home/starry1n/WUTA/WUTA-FSD/ros2_ws/install/controller/lib/controller/controller_node\n'}
[1.092448] (controller) StdoutLine: {'line': b'-- Up-to-date symlink: /home/starry1n/WUTA/WUTA-FSD/ros2_ws/install/controller/share/controller/controller.yaml\n'}
[1.094048] (controller) StdoutLine: {'line': b'-- Up-to-date symlink: /home/starry1n/WUTA/WUTA-FSD/ros2_ws/install/controller/share/ament_index/resource_index/package_run_dependencies/controller\n'}
[1.095497] (controller) StdoutLine: {'line': b'-- Up-to-date symlink: /home/starry1n/WUTA/WUTA-FSD/ros2_ws/install/controller/share/ament_index/resource_index/parent_prefix_path/controller\n'}
[1.095633] (controller) StdoutLine: {'line': b'-- Up-to-date symlink: /home/starry1n/WUTA/WUTA-FSD/ros2_ws/install/controller/share/controller/environment/ament_prefix_path.sh\n'}
[1.095673] (controller) StdoutLine: {'line': b'-- Up-to-date symlink: /home/starry1n/WUTA/WUTA-FSD/ros2_ws/install/controller/share/controller/environment/ament_prefix_path.dsv\n'}
[1.095705] (controller) StdoutLine: {'line': b'-- Up-to-date symlink: /home/starry1n/WUTA/WUTA-FSD/ros2_ws/install/controller/share/controller/environment/path.sh\n'}
[1.095734] (controller) StdoutLine: {'line': b'-- Up-to-date symlink: /home/starry1n/WUTA/WUTA-FSD/ros2_ws/install/controller/share/controller/environment/path.dsv\n'}
[1.095762] (controller) StdoutLine: {'line': b'-- Up-to-date symlink: /home/starry1n/WUTA/WUTA-FSD/ros2_ws/install/controller/share/controller/local_setup.bash\n'}
[1.095787] (controller) StdoutLine: {'line': b'-- Up-to-date symlink: /home/starry1n/WUTA/WUTA-FSD/ros2_ws/install/controller/share/controller/local_setup.sh\n'}
[1.095814] (controller) StdoutLine: {'line': b'-- Up-to-date symlink: /home/starry1n/WUTA/WUTA-FSD/ros2_ws/install/controller/share/controller/local_setup.zsh\n'}
[1.095840] (controller) StdoutLine: {'line': b'-- Up-to-date symlink: /home/starry1n/WUTA/WUTA-FSD/ros2_ws/install/controller/share/controller/local_setup.dsv\n'}
[1.095878] (controller) StdoutLine: {'line': b'-- Symlinking: /home/starry1n/WUTA/WUTA-FSD/ros2_ws/install/controller/share/controller/package.dsv\n'}
[1.095908] (lidar_detection) StdoutLine: {'line': b'-- Install configuration: ""\n'}
[1.095947] (lidar_detection) StdoutLine: {'line': b'-- Execute custom install script\n'}
[1.095973] (lidar_detection) StdoutLine: {'line': b'-- Up-to-date symlink: /home/starry1n/WUTA/WUTA-FSD/ros2_ws/install/lidar_detection/lib/lidar_detection/lidar_detection_node\n'}
[1.096001] (lidar_detection) StdoutLine: {'line': b'-- Up-to-date symlink: /home/starry1n/WUTA/WUTA-FSD/ros2_ws/install/lidar_detection/share/lidar_detection/config/lidar_detection.yaml\n'}
[1.096329] (lidar_detection) StdoutLine: {'line': b'-- Up-to-date symlink: /home/starry1n/WUTA/WUTA-FSD/ros2_ws/install/lidar_detection/share/ament_index/resource_index/package_run_dependencies/lidar_detection\n'}
[1.099728] (ndt_localization) JobProgress: {'identifier': 'ndt_localization', 'progress': 'cmake'}
[1.099780] (controller) StdoutLine: {'line': b'-- Up-to-date symlink: /home/starry1n/WUTA/WUTA-FSD/ros2_ws/install/controller/share/ament_index/resource_index/packages/controller\n'}
[1.101043] (controller) StdoutLine: {'line': b'-- Up-to-date symlink: /home/starry1n/WUTA/WUTA-FSD/ros2_ws/install/controller/share/controller/cmake/controllerConfig.cmake\n'}
[1.101739] (controller) StdoutLine: {'line': b'-- Up-to-date symlink: /home/starry1n/WUTA/WUTA-FSD/ros2_ws/install/controller/share/controller/cmake/controllerConfig-version.cmake\n'}
[1.102070] (controller) StdoutLine: {'line': b'-- Up-to-date symlink: /home/starry1n/WUTA/WUTA-FSD/ros2_ws/install/controller/share/controller/package.xml\n'}
[1.102521] (lidar_detection) StdoutLine: {'line': b'-- Up-to-date symlink: /home/starry1n/WUTA/WUTA-FSD/ros2_ws/install/lidar_detection/share/ament_index/resource_index/parent_prefix_path/lidar_detection\n'}
[1.104424] (lidar_detection) StdoutLine: {'line': b'-- Up-to-date symlink: /home/starry1n/WUTA/WUTA-FSD/ros2_ws/install/lidar_detection/share/lidar_detection/environment/ament_prefix_path.sh\n'}
[1.105196] (lidar_detection) StdoutLine: {'line': b'-- Up-to-date symlink: /home/starry1n/WUTA/WUTA-FSD/ros2_ws/install/lidar_detection/share/lidar_detection/environment/ament_prefix_path.dsv\n'}
[1.105337] (lidar_detection) StdoutLine: {'line': b'-- Up-to-date symlink: /home/starry1n/WUTA/WUTA-FSD/ros2_ws/install/lidar_detection/share/lidar_detection/environment/path.sh\n'}
[1.105381] (lidar_detection) StdoutLine: {'line': b'-- Up-to-date symlink: /home/starry1n/WUTA/WUTA-FSD/ros2_ws/install/lidar_detection/share/lidar_detection/environment/path.dsv\n'}
[1.105422] (lidar_detection) StdoutLine: {'line': b'-- Up-to-date symlink: /home/starry1n/WUTA/WUTA-FSD/ros2_ws/install/lidar_detection/share/lidar_detection/local_setup.bash\n'}
[1.105516] (lidar_detection) StdoutLine: {'line': b'-- Up-to-date symlink: /home/starry1n/WUTA/WUTA-FSD/ros2_ws/install/lidar_detection/share/lidar_detection/local_setup.sh\n'}
[1.106030] (lidar_detection) StdoutLine: {'line': b'-- Up-to-date symlink: /home/starry1n/WUTA/WUTA-FSD/ros2_ws/install/lidar_detection/share/lidar_detection/local_setup.zsh\n'}
[1.106252] (lidar_detection) StdoutLine: {'line': b'-- Up-to-date symlink: /home/starry1n/WUTA/WUTA-FSD/ros2_ws/install/lidar_detection/share/lidar_detection/local_setup.dsv\n'}
[1.106343] (lidar_detection) StdoutLine: {'line': b'-- Symlinking: /home/starry1n/WUTA/WUTA-FSD/ros2_ws/install/lidar_detection/share/lidar_detection/package.dsv\n'}
[1.106488] (ndt_localization) JobProgress: {'identifier': 'ndt_localization', 'progress': 'build'}
[1.106510] (ndt_localization) Command: {'cmd': ['/usr/bin/cmake', '--build', '/home/starry1n/WUTA/WUTA-FSD/ros2_ws/build/ndt_localization', '--', '-j8', '-l8'], 'cwd': '/home/starry1n/WUTA/WUTA-FSD/ros2_ws/build/ndt_localization', 'env': OrderedDict([('LESSOPEN', '| /usr/bin/lesspipe %s'), ('LANGUAGE', 'zh_CN:zh'), ('USER', 'starry1n'), ('XDG_SESSION_TYPE', 'wayland'), ('SHLVL', '3'), ('LD_LIBRARY_PATH', '/home/starry1n/WUTA/WUTA-FSD/ros2_ws/install/wuta_msgs/lib:/opt/ros/humble/opt/rviz_ogre_vendor/lib:/opt/ros/humble/lib/x86_64-linux-gnu:/opt/ros/humble/lib'), ('HOME', '/home/starry1n'), ('OLDPWD', '/home/starry1n/WUTA/WUTA-FSD'), ('DESKTOP_SESSION', 'ubuntu'), ('ROS_PYTHON_VERSION', '3'), ('GNOME_SHELL_SESSION_MODE', 'ubuntu'), ('GTK_MODULES', 'gail:atk-bridge'), ('DBUS_STARTER_BUS_TYPE', 'session'), ('SYSTEMD_EXEC_PID', '2321'), ('DBUS_SESSION_BUS_ADDRESS', 'unix:path=/run/user/1000/bus,guid=c67e2489f73595b365ff0ae46a50c8ee'), ('COLORTERM', 'truecolor'), ('IM_CONFIG_PHASE', '1'), ('WAYLAND_DISPLAY', 'wayland-0'), ('ROS_DISTRO', 'humble'), ('LOGNAME', 'starry1n'), ('_', '/usr/bin/colcon'), ('ROS_VERSION', '2'), ('XDG_SESSION_CLASS', 'user'), ('USERNAME', 'starry1n'), ('TERM', 'xterm-256color'), ('GNOME_DESKTOP_SESSION_ID', 'this-is-deprecated'), ('ROS_LOCALHOST_ONLY', '0'), ('PATH', '/home/starry1n/.local/bin:/opt/ros/humble/bin:/home/starry1n/.local/bin:/usr/local/sbin:/usr/local/bin:/usr/sbin:/usr/bin:/sbin:/bin:/usr/games:/usr/local/games:/snap/bin:/snap/bin'), ('SESSION_MANAGER', 'local/starry1n-virtual-machine:@/tmp/.ICE-unix/2321,unix/starry1n-virtual-machine:/tmp/.ICE-unix/2321'), ('XDG_MENU_PREFIX', 'gnome-'), ('GNOME_TERMINAL_SCREEN', '/org/gnome/Terminal/screen/1f3eb7e9_2641_49ca_8c99_b72e9fb24486'), ('GNOME_SETUP_DISPLAY', ':1'), ('XDG_RUNTIME_DIR', '/run/user/1000'), ('DISPLAY', ':0'), ('LANG', 'zh_CN.UTF-8'), ('XDG_CURRENT_DESKTOP', 'ubuntu:GNOME'), ('XMODIFIERS', '@im=ibus'), ('XDG_SESSION_DESKTOP', 'ubuntu'), ('XAUTHORITY', '/run/user/1000/.mutter-Xwaylandauth.H6FRS3'), ('LS_COLORS', 'rs=0:di=01;34:ln=01;36:mh=00:pi=40;33:so=01;35:do=01;35:bd=40;33;01:cd=40;33;01:or=40;31;01:mi=00:su=37;41:sg=30;43:ca=30;41:tw=30;42:ow=34;42:st=37;44:ex=01;32:*.tar=01;31:*.tgz=01;31:*.arc=01;31:*.arj=01;31:*.taz=01;31:*.lha=01;31:*.lz4=01;31:*.lzh=01;31:*.lzma=01;31:*.tlz=01;31:*.txz=01;31:*.tzo=01;31:*.t7z=01;31:*.zip=01;31:*.z=01;31:*.dz=01;31:*.gz=01;31:*.lrz=01;31:*.lz=01;31:*.lzo=01;31:*.xz=01;31:*.zst=01;31:*.tzst=01;31:*.bz2=01;31:*.bz=01;31:*.tbz=01;31:*.tbz2=01;31:*.tz=01;31:*.deb=01;31:*.rpm=01;31:*.jar=01;31:*.war=01;31:*.ear=01;31:*.sar=01;31:*.rar=01;31:*.alz=01;31:*.ace=01;31:*.zoo=01;31:*.cpio=01;31:*.7z=01;31:*.rz=01;31:*.cab=01;31:*.wim=01;31:*.swm=01;31:*.dwm=01;31:*.esd=01;31:*.jpg=01;35:*.jpeg=01;35:*.mjpg=01;35:*.mjpeg=01;35:*.gif=01;35:*.bmp=01;35:*.pbm=01;35:*.pgm=01;35:*.ppm=01;35:*.tga=01;35:*.xbm=01;35:*.xpm=01;35:*.tif=01;35:*.tiff=01;35:*.png=01;35:*.svg=01;35:*.svgz=01;35:*.mng=01;35:*.pcx=01;35:*.mov=01;35:*.mpg=01;35:*.mpeg=01;35:*.m2v=01;35:*.mkv=01;35:*.webm=01;35:*.webp=01;35:*.ogm=01;35:*.mp4=01;35:*.m4v=01;35:*.mp4v=01;35:*.vob=01;35:*.qt=01;35:*.nuv=01;35:*.wmv=01;35:*.asf=01;35:*.rm=01;35:*.rmvb=01;35:*.flc=01;35:*.avi=01;35:*.fli=01;35:*.flv=01;35:*.gl=01;35:*.dl=01;35:*.xcf=01;35:*.xwd=01;35:*.yuv=01;35:*.cgm=01;35:*.emf=01;35:*.ogv=01;35:*.ogx=01;35:*.aac=00;36:*.au=00;36:*.flac=00;36:*.m4a=00;36:*.mid=00;36:*.midi=00;36:*.mka=00;36:*.mp3=00;36:*.mpc=00;36:*.ogg=00;36:*.ra=00;36:*.wav=00;36:*.oga=00;36:*.opus=00;36:*.spx=00;36:*.xspf=00;36:'), ('GNOME_TERMINAL_SERVICE', ':1.330'), ('SSH_AGENT_LAUNCHER', 'gnome-keyring'), ('SSH_AUTH_SOCK', '/run/user/1000/keyring/ssh'), ('AMENT_PREFIX_PATH', '/home/starry1n/WUTA/WUTA-FSD/ros2_ws/install/wuta_msgs:/opt/ros/humble'), ('SHELL', '/bin/bash'), ('QT_ACCESSIBILITY', '1'), ('GDMSESSION', 'ubuntu'), ('LESSCLOSE', '/usr/bin/lesspipe %s %s'), ('QT_IM_MODULE', 'ibus'), ('PWD', '/home/starry1n/WUTA/WUTA-FSD/ros2_ws/build/ndt_localization'), ('XDG_CONFIG_DIRS', '/etc/xdg/xdg-ubuntu:/etc/xdg'), ('DBUS_STARTER_ADDRESS', 'unix:path=/run/user/1000/bus,guid=c67e2489f73595b365ff0ae46a50c8ee'), ('XDG_DATA_DIRS', '/usr/share/ubuntu:/usr/local/share/:/usr/share/:/var/lib/snapd/desktop'), ('PYTHONPATH', '/home/starry1n/WUTA/WUTA-FSD/ros2_ws/install/wuta_msgs/local/lib/python3.10/dist-packages:/opt/ros/humble/lib/python3.10/site-packages:/opt/ros/humble/local/lib/python3.10/dist-packages'), ('COLCON', '1'), ('VTE_VERSION', '6800'), ('CMAKE_PREFIX_PATH', '/home/starry1n/WUTA/WUTA-FSD/ros2_ws/install/wuta_msgs:/opt/ros/humble')]), 'shell': False}
[1.109369] (-) TimerEvent: {}
[1.109564] (mission_manager) CommandEnded: {'returncode': 0}
[1.109799] (boundary_detector) StdoutLine: {'line': b'-- Install configuration: ""\n'}
[1.109915] (boundary_detector) StdoutLine: {'line': b'-- Execute custom install script\n'}
[1.110442] (boundary_detector) StdoutLine: {'line': b'-- Up-to-date symlink: /home/starry1n/WUTA/WUTA-FSD/ros2_ws/install/boundary_detector/lib/boundary_detector/boundary_detector_node\n'}
[1.110668] (boundary_detector) StdoutLine: {'line': b'-- Up-to-date symlink: /home/starry1n/WUTA/WUTA-FSD/ros2_ws/install/boundary_detector/share/boundary_detector/config/boundary_detector.yaml\n'}
[1.110792] (boundary_detector) StdoutLine: {'line': b'-- Up-to-date symlink: /home/starry1n/WUTA/WUTA-FSD/ros2_ws/install/boundary_detector/share/ament_index/resource_index/package_run_dependencies/boundary_detector\n'}
[1.110894] (boundary_detector) StdoutLine: {'line': b'-- Up-to-date symlink: /home/starry1n/WUTA/WUTA-FSD/ros2_ws/install/boundary_detector/share/ament_index/resource_index/parent_prefix_path/boundary_detector\n'}
[1.111034] (boundary_detector) StdoutLine: {'line': b'-- Up-to-date symlink: /home/starry1n/WUTA/WUTA-FSD/ros2_ws/install/boundary_detector/share/boundary_detector/environment/ament_prefix_path.sh\n'}
[1.111225] (boundary_detector) StdoutLine: {'line': b'-- Up-to-date symlink: /home/starry1n/WUTA/WUTA-FSD/ros2_ws/install/boundary_detector/share/boundary_detector/environment/ament_prefix_path.dsv\n'}
[1.111870] (boundary_detector) StdoutLine: {'line': b'-- Up-to-date symlink: /home/starry1n/WUTA/WUTA-FSD/ros2_ws/install/boundary_detector/share/boundary_detector/environment/path.sh\n'}
[1.112037] (boundary_detector) StdoutLine: {'line': b'-- Up-to-date symlink: /home/starry1n/WUTA/WUTA-FSD/ros2_ws/install/boundary_detector/share/boundary_detector/environment/path.dsv\n'}
[1.112529] (boundary_detector) StdoutLine: {'line': b'-- Up-to-date symlink: /home/starry1n/WUTA/WUTA-FSD/ros2_ws/install/boundary_detector/share/boundary_detector/local_setup.bash\n'}
[1.113406] (boundary_detector) StdoutLine: {'line': b'-- Up-to-date symlink: /home/starry1n/WUTA/WUTA-FSD/ros2_ws/install/boundary_detector/share/boundary_detector/local_setup.sh\n'}
[1.113880] (boundary_detector) StdoutLine: {'line': b'-- Up-to-date symlink: /home/starry1n/WUTA/WUTA-FSD/ros2_ws/install/boundary_detector/share/boundary_detector/local_setup.zsh\n'}
[1.114875] (boundary_detector) StdoutLine: {'line': b'-- Up-to-date symlink: /home/starry1n/WUTA/WUTA-FSD/ros2_ws/install/boundary_detector/share/boundary_detector/local_setup.dsv\n'}
[1.114957] (boundary_detector) StdoutLine: {'line': b'-- Symlinking: /home/starry1n/WUTA/WUTA-FSD/ros2_ws/install/boundary_detector/share/boundary_detector/package.dsv\n'}
[1.115381] (lidar_detection) StdoutLine: {'line': b'-- Up-to-date symlink: /home/starry1n/WUTA/WUTA-FSD/ros2_ws/install/lidar_detection/share/ament_index/resource_index/packages/lidar_detection\n'}
[1.115510] (lidar_detection) StdoutLine: {'line': b'-- Up-to-date symlink: /home/starry1n/WUTA/WUTA-FSD/ros2_ws/install/lidar_detection/share/lidar_detection/cmake/lidar_detectionConfig.cmake\n'}
[1.115580] (lidar_detection) StdoutLine: {'line': b'-- Up-to-date symlink: /home/starry1n/WUTA/WUTA-FSD/ros2_ws/install/lidar_detection/share/lidar_detection/cmake/lidar_detectionConfig-version.cmake\n'}
[1.116730] (lidar_detection) StdoutLine: {'line': b'-- Up-to-date symlink: /home/starry1n/WUTA/WUTA-FSD/ros2_ws/install/lidar_detection/share/lidar_detection/package.xml\n'}
[1.117699] (boundary_detector) StdoutLine: {'line': b'-- Up-to-date symlink: /home/starry1n/WUTA/WUTA-FSD/ros2_ws/install/boundary_detector/share/ament_index/resource_index/packages/boundary_detector\n'}
[1.117971] (boundary_detector) StdoutLine: {'line': b'-- Up-to-date symlink: /home/starry1n/WUTA/WUTA-FSD/ros2_ws/install/boundary_detector/share/boundary_detector/cmake/boundary_detectorConfig.cmake\n'}
[1.118045] (boundary_detector) StdoutLine: {'line': b'-- Up-to-date symlink: /home/starry1n/WUTA/WUTA-FSD/ros2_ws/install/boundary_detector/share/boundary_detector/cmake/boundary_detectorConfig-version.cmake\n'}
[1.118096] (boundary_detector) StdoutLine: {'line': b'-- Up-to-date symlink: /home/starry1n/WUTA/WUTA-FSD/ros2_ws/install/boundary_detector/share/boundary_detector/package.xml\n'}
[1.136923] (mission_manager) JobEnded: {'identifier': 'mission_manager', 'rc': 0}
[1.137620] (cone_map_builder) CommandEnded: {'returncode': 0}
[1.154937] (localization_manager) StdoutLine: {'line': b'[100%] Built target localization_manager_node\n'}
[1.165059] (cone_map_builder) JobEnded: {'identifier': 'cone_map_builder', 'rc': 0}
[1.166507] (path_generator) JobProgress: {'identifier': 'path_generator', 'progress': 'cmake'}
[1.167105] (path_generator) JobProgress: {'identifier': 'path_generator', 'progress': 'build'}
[1.167876] (path_generator) Command: {'cmd': ['/usr/bin/cmake', '--build', '/home/starry1n/WUTA/WUTA-FSD/ros2_ws/build/path_generator', '--', '-j8', '-l8'], 'cwd': '/home/starry1n/WUTA/WUTA-FSD/ros2_ws/build/path_generator', 'env': OrderedDict([('LESSOPEN', '| /usr/bin/lesspipe %s'), ('LANGUAGE', 'zh_CN:zh'), ('USER', 'starry1n'), ('XDG_SESSION_TYPE', 'wayland'), ('SHLVL', '3'), ('LD_LIBRARY_PATH', '/home/starry1n/WUTA/WUTA-FSD/ros2_ws/install/wuta_msgs/lib:/home/starry1n/WUTA/WUTA-FSD/ros2_ws/install/autoware_msgs/lib:/opt/ros/humble/opt/rviz_ogre_vendor/lib:/opt/ros/humble/lib/x86_64-linux-gnu:/opt/ros/humble/lib'), ('HOME', '/home/starry1n'), ('OLDPWD', '/home/starry1n/WUTA/WUTA-FSD'), ('DESKTOP_SESSION', 'ubuntu'), ('ROS_PYTHON_VERSION', '3'), ('GNOME_SHELL_SESSION_MODE', 'ubuntu'), ('GTK_MODULES', 'gail:atk-bridge'), ('DBUS_STARTER_BUS_TYPE', 'session'), ('SYSTEMD_EXEC_PID', '2321'), ('DBUS_SESSION_BUS_ADDRESS', 'unix:path=/run/user/1000/bus,guid=c67e2489f73595b365ff0ae46a50c8ee'), ('COLORTERM', 'truecolor'), ('IM_CONFIG_PHASE', '1'), ('WAYLAND_DISPLAY', 'wayland-0'), ('ROS_DISTRO', 'humble'), ('LOGNAME', 'starry1n'), ('_', '/usr/bin/colcon'), ('ROS_VERSION', '2'), ('XDG_SESSION_CLASS', 'user'), ('USERNAME', 'starry1n'), ('TERM', 'xterm-256color'), ('GNOME_DESKTOP_SESSION_ID', 'this-is-deprecated'), ('ROS_LOCALHOST_ONLY', '0'), ('PATH', '/home/starry1n/.local/bin:/opt/ros/humble/bin:/home/starry1n/.local/bin:/usr/local/sbin:/usr/local/bin:/usr/sbin:/usr/bin:/sbin:/bin:/usr/games:/usr/local/games:/snap/bin:/snap/bin'), ('SESSION_MANAGER', 'local/starry1n-virtual-machine:@/tmp/.ICE-unix/2321,unix/starry1n-virtual-machine:/tmp/.ICE-unix/2321'), ('XDG_MENU_PREFIX', 'gnome-'), ('GNOME_TERMINAL_SCREEN', '/org/gnome/Terminal/screen/1f3eb7e9_2641_49ca_8c99_b72e9fb24486'), ('GNOME_SETUP_DISPLAY', ':1'), ('XDG_RUNTIME_DIR', '/run/user/1000'), ('DISPLAY', ':0'), ('LANG', 'zh_CN.UTF-8'), ('XDG_CURRENT_DESKTOP', 'ubuntu:GNOME'), ('XMODIFIERS', '@im=ibus'), ('XDG_SESSION_DESKTOP', 'ubuntu'), ('XAUTHORITY', '/run/user/1000/.mutter-Xwaylandauth.H6FRS3'), ('LS_COLORS', 'rs=0:di=01;34:ln=01;36:mh=00:pi=40;33:so=01;35:do=01;35:bd=40;33;01:cd=40;33;01:or=40;31;01:mi=00:su=37;41:sg=30;43:ca=30;41:tw=30;42:ow=34;42:st=37;44:ex=01;32:*.tar=01;31:*.tgz=01;31:*.arc=01;31:*.arj=01;31:*.taz=01;31:*.lha=01;31:*.lz4=01;31:*.lzh=01;31:*.lzma=01;31:*.tlz=01;31:*.txz=01;31:*.tzo=01;31:*.t7z=01;31:*.zip=01;31:*.z=01;31:*.dz=01;31:*.gz=01;31:*.lrz=01;31:*.lz=01;31:*.lzo=01;31:*.xz=01;31:*.zst=01;31:*.tzst=01;31:*.bz2=01;31:*.bz=01;31:*.tbz=01;31:*.tbz2=01;31:*.tz=01;31:*.deb=01;31:*.rpm=01;31:*.jar=01;31:*.war=01;31:*.ear=01;31:*.sar=01;31:*.rar=01;31:*.alz=01;31:*.ace=01;31:*.zoo=01;31:*.cpio=01;31:*.7z=01;31:*.rz=01;31:*.cab=01;31:*.wim=01;31:*.swm=01;31:*.dwm=01;31:*.esd=01;31:*.jpg=01;35:*.jpeg=01;35:*.mjpg=01;35:*.mjpeg=01;35:*.gif=01;35:*.bmp=01;35:*.pbm=01;35:*.pgm=01;35:*.ppm=01;35:*.tga=01;35:*.xbm=01;35:*.xpm=01;35:*.tif=01;35:*.tiff=01;35:*.png=01;35:*.svg=01;35:*.svgz=01;35:*.mng=01;35:*.pcx=01;35:*.mov=01;35:*.mpg=01;35:*.mpeg=01;35:*.m2v=01;35:*.mkv=01;35:*.webm=01;35:*.webp=01;35:*.ogm=01;35:*.mp4=01;35:*.m4v=01;35:*.mp4v=01;35:*.vob=01;35:*.qt=01;35:*.nuv=01;35:*.wmv=01;35:*.asf=01;35:*.rm=01;35:*.rmvb=01;35:*.flc=01;35:*.avi=01;35:*.fli=01;35:*.flv=01;35:*.gl=01;35:*.dl=01;35:*.xcf=01;35:*.xwd=01;35:*.yuv=01;35:*.cgm=01;35:*.emf=01;35:*.ogv=01;35:*.ogx=01;35:*.aac=00;36:*.au=00;36:*.flac=00;36:*.m4a=00;36:*.mid=00;36:*.midi=00;36:*.mka=00;36:*.mp3=00;36:*.mpc=00;36:*.ogg=00;36:*.ra=00;36:*.wav=00;36:*.oga=00;36:*.opus=00;36:*.spx=00;36:*.xspf=00;36:'), ('GNOME_TERMINAL_SERVICE', ':1.330'), ('SSH_AGENT_LAUNCHER', 'gnome-keyring'), ('SSH_AUTH_SOCK', '/run/user/1000/keyring/ssh'), ('AMENT_PREFIX_PATH', '/home/starry1n/WUTA/WUTA-FSD/ros2_ws/install/wuta_msgs:/home/starry1n/WUTA/WUTA-FSD/ros2_ws/install/autoware_msgs:/opt/ros/humble'), ('SHELL', '/bin/bash'), ('QT_ACCESSIBILITY', '1'), ('GDMSESSION', 'ubuntu'), ('LESSCLOSE', '/usr/bin/lesspipe %s %s'), ('QT_IM_MODULE', 'ibus'), ('PWD', '/home/starry1n/WUTA/WUTA-FSD/ros2_ws/build/path_generator'), ('XDG_CONFIG_DIRS', '/etc/xdg/xdg-ubuntu:/etc/xdg'), ('DBUS_STARTER_ADDRESS', 'unix:path=/run/user/1000/bus,guid=c67e2489f73595b365ff0ae46a50c8ee'), ('XDG_DATA_DIRS', '/usr/share/ubuntu:/usr/local/share/:/usr/share/:/var/lib/snapd/desktop'), ('PYTHONPATH', '/home/starry1n/WUTA/WUTA-FSD/ros2_ws/install/wuta_msgs/local/lib/python3.10/dist-packages:/home/starry1n/WUTA/WUTA-FSD/ros2_ws/install/autoware_msgs/local/lib/python3.10/dist-packages:/opt/ros/humble/lib/python3.10/site-packages:/opt/ros/humble/local/lib/python3.10/dist-packages'), ('COLCON', '1'), ('VTE_VERSION', '6800'), ('CMAKE_PREFIX_PATH', '/home/starry1n/WUTA/WUTA-FSD/ros2_ws/install/wuta_msgs:/home/starry1n/WUTA/WUTA-FSD/ros2_ws/install/autoware_msgs:/opt/ros/humble')]), 'shell': False}
[1.172264] (wuta_tools) JobStarted: {'identifier': 'wuta_tools'}
[1.184207] (controller) CommandEnded: {'returncode': 0}
[1.188352] (ndt_localization) StdoutLine: {'line': b'[ 50%] Built target map_saver_node\n'}
[1.195028] (ndt_localization) StdoutLine: {'line': b'[100%] Built target ndt_localization_node\n'}
[1.209754] (-) TimerEvent: {}
[1.213386] (controller) JobEnded: {'identifier': 'controller', 'rc': 0}
[1.215799] (boundary_detector) CommandEnded: {'returncode': 0}
[1.229780] (boundary_detector) JobEnded: {'identifier': 'boundary_detector', 'rc': 0}
[1.230266] (lidar_detection) CommandEnded: {'returncode': 0}
[1.254683] (path_generator) StdoutLine: {'line': b'[100%] Built target path_generator_node\n'}
[1.258809] (lidar_detection) JobEnded: {'identifier': 'lidar_detection', 'rc': 0}
[1.262029] (localization_manager) CommandEnded: {'returncode': 0}
[1.263115] (localization_manager) JobProgress: {'identifier': 'localization_manager', 'progress': 'install'}
[1.264688] (localization_manager) Command: {'cmd': ['/usr/bin/cmake', '--install', '/home/starry1n/WUTA/WUTA-FSD/ros2_ws/build/localization_manager'], 'cwd': '/home/starry1n/WUTA/WUTA-FSD/ros2_ws/build/localization_manager', 'env': OrderedDict([('LESSOPEN', '| /usr/bin/lesspipe %s'), ('LANGUAGE', 'zh_CN:zh'), ('USER', 'starry1n'), ('XDG_SESSION_TYPE', 'wayland'), ('SHLVL', '3'), ('LD_LIBRARY_PATH', '/home/starry1n/WUTA/WUTA-FSD/ros2_ws/install/wuta_msgs/lib:/home/starry1n/WUTA/WUTA-FSD/ros2_ws/install/robot_localization/lib:/home/starry1n/WUTA/WUTA-FSD/ros2_ws/install/kiss_icp/lib:/opt/ros/humble/opt/rviz_ogre_vendor/lib:/opt/ros/humble/lib/x86_64-linux-gnu:/opt/ros/humble/lib'), ('HOME', '/home/starry1n'), ('OLDPWD', '/home/starry1n/WUTA/WUTA-FSD'), ('DESKTOP_SESSION', 'ubuntu'), ('ROS_PYTHON_VERSION', '3'), ('GNOME_SHELL_SESSION_MODE', 'ubuntu'), ('GTK_MODULES', 'gail:atk-bridge'), ('DBUS_STARTER_BUS_TYPE', 'session'), ('SYSTEMD_EXEC_PID', '2321'), ('DBUS_SESSION_BUS_ADDRESS', 'unix:path=/run/user/1000/bus,guid=c67e2489f73595b365ff0ae46a50c8ee'), ('COLORTERM', 'truecolor'), ('IM_CONFIG_PHASE', '1'), ('WAYLAND_DISPLAY', 'wayland-0'), ('ROS_DISTRO', 'humble'), ('LOGNAME', 'starry1n'), ('_', '/usr/bin/colcon'), ('ROS_VERSION', '2'), ('XDG_SESSION_CLASS', 'user'), ('USERNAME', 'starry1n'), ('TERM', 'xterm-256color'), ('GNOME_DESKTOP_SESSION_ID', 'this-is-deprecated'), ('ROS_LOCALHOST_ONLY', '0'), ('PATH', '/home/starry1n/.local/bin:/opt/ros/humble/bin:/home/starry1n/.local/bin:/usr/local/sbin:/usr/local/bin:/usr/sbin:/usr/bin:/sbin:/bin:/usr/games:/usr/local/games:/snap/bin:/snap/bin'), ('SESSION_MANAGER', 'local/starry1n-virtual-machine:@/tmp/.ICE-unix/2321,unix/starry1n-virtual-machine:/tmp/.ICE-unix/2321'), ('XDG_MENU_PREFIX', 'gnome-'), ('GNOME_TERMINAL_SCREEN', '/org/gnome/Terminal/screen/1f3eb7e9_2641_49ca_8c99_b72e9fb24486'), ('GNOME_SETUP_DISPLAY', ':1'), ('XDG_RUNTIME_DIR', '/run/user/1000'), ('DISPLAY', ':0'), ('LANG', 'zh_CN.UTF-8'), ('XDG_CURRENT_DESKTOP', 'ubuntu:GNOME'), ('XMODIFIERS', '@im=ibus'), ('XDG_SESSION_DESKTOP', 'ubuntu'), ('XAUTHORITY', '/run/user/1000/.mutter-Xwaylandauth.H6FRS3'), ('LS_COLORS', 'rs=0:di=01;34:ln=01;36:mh=00:pi=40;33:so=01;35:do=01;35:bd=40;33;01:cd=40;33;01:or=40;31;01:mi=00:su=37;41:sg=30;43:ca=30;41:tw=30;42:ow=34;42:st=37;44:ex=01;32:*.tar=01;31:*.tgz=01;31:*.arc=01;31:*.arj=01;31:*.taz=01;31:*.lha=01;31:*.lz4=01;31:*.lzh=01;31:*.lzma=01;31:*.tlz=01;31:*.txz=01;31:*.tzo=01;31:*.t7z=01;31:*.zip=01;31:*.z=01;31:*.dz=01;31:*.gz=01;31:*.lrz=01;31:*.lz=01;31:*.lzo=01;31:*.xz=01;31:*.zst=01;31:*.tzst=01;31:*.bz2=01;31:*.bz=01;31:*.tbz=01;31:*.tbz2=01;31:*.tz=01;31:*.deb=01;31:*.rpm=01;31:*.jar=01;31:*.war=01;31:*.ear=01;31:*.sar=01;31:*.rar=01;31:*.alz=01;31:*.ace=01;31:*.zoo=01;31:*.cpio=01;31:*.7z=01;31:*.rz=01;31:*.cab=01;31:*.wim=01;31:*.swm=01;31:*.dwm=01;31:*.esd=01;31:*.jpg=01;35:*.jpeg=01;35:*.mjpg=01;35:*.mjpeg=01;35:*.gif=01;35:*.bmp=01;35:*.pbm=01;35:*.pgm=01;35:*.ppm=01;35:*.tga=01;35:*.xbm=01;35:*.xpm=01;35:*.tif=01;35:*.tiff=01;35:*.png=01;35:*.svg=01;35:*.svgz=01;35:*.mng=01;35:*.pcx=01;35:*.mov=01;35:*.mpg=01;35:*.mpeg=01;35:*.m2v=01;35:*.mkv=01;35:*.webm=01;35:*.webp=01;35:*.ogm=01;35:*.mp4=01;35:*.m4v=01;35:*.mp4v=01;35:*.vob=01;35:*.qt=01;35:*.nuv=01;35:*.wmv=01;35:*.asf=01;35:*.rm=01;35:*.rmvb=01;35:*.flc=01;35:*.avi=01;35:*.fli=01;35:*.flv=01;35:*.gl=01;35:*.dl=01;35:*.xcf=01;35:*.xwd=01;35:*.yuv=01;35:*.cgm=01;35:*.emf=01;35:*.ogv=01;35:*.ogx=01;35:*.aac=00;36:*.au=00;36:*.flac=00;36:*.m4a=00;36:*.mid=00;36:*.midi=00;36:*.mka=00;36:*.mp3=00;36:*.mpc=00;36:*.ogg=00;36:*.ra=00;36:*.wav=00;36:*.oga=00;36:*.opus=00;36:*.spx=00;36:*.xspf=00;36:'), ('GNOME_TERMINAL_SERVICE', ':1.330'), ('SSH_AGENT_LAUNCHER', 'gnome-keyring'), ('SSH_AUTH_SOCK', '/run/user/1000/keyring/ssh'), ('AMENT_PREFIX_PATH', '/home/starry1n/WUTA/WUTA-FSD/ros2_ws/install/wuta_msgs:/home/starry1n/WUTA/WUTA-FSD/ros2_ws/install/robot_localization:/home/starry1n/WUTA/WUTA-FSD/ros2_ws/install/kiss_icp:/opt/ros/humble'), ('SHELL', '/bin/bash'), ('QT_ACCESSIBILITY', '1'), ('GDMSESSION', 'ubuntu'), ('LESSCLOSE', '/usr/bin/lesspipe %s %s'), ('QT_IM_MODULE', 'ibus'), ('PWD', '/home/starry1n/WUTA/WUTA-FSD/ros2_ws/build/localization_manager'), ('XDG_CONFIG_DIRS', '/etc/xdg/xdg-ubuntu:/etc/xdg'), ('DBUS_STARTER_ADDRESS', 'unix:path=/run/user/1000/bus,guid=c67e2489f73595b365ff0ae46a50c8ee'), ('XDG_DATA_DIRS', '/usr/share/ubuntu:/usr/local/share/:/usr/share/:/var/lib/snapd/desktop'), ('PYTHONPATH', '/home/starry1n/WUTA/WUTA-FSD/ros2_ws/install/wuta_msgs/local/lib/python3.10/dist-packages:/home/starry1n/WUTA/WUTA-FSD/ros2_ws/install/robot_localization/local/lib/python3.10/dist-packages:/opt/ros/humble/lib/python3.10/site-packages:/opt/ros/humble/local/lib/python3.10/dist-packages'), ('COLCON', '1'), ('VTE_VERSION', '6800'), ('CMAKE_PREFIX_PATH', '/home/starry1n/WUTA/WUTA-FSD/ros2_ws/install/wuta_msgs:/home/starry1n/WUTA/WUTA-FSD/ros2_ws/install/robot_localization:/home/starry1n/WUTA/WUTA-FSD/ros2_ws/install/kiss_icp:/opt/ros/humble')]), 'shell': False}
[1.267207] (wuta_tools) JobProgress: {'identifier': 'wuta_tools', 'progress': 'cmake'}
[1.268365] (wuta_tools) JobProgress: {'identifier': 'wuta_tools', 'progress': 'build'}
[1.270055] (wuta_tools) Command: {'cmd': ['/usr/bin/cmake', '--build', '/home/starry1n/WUTA/WUTA-FSD/ros2_ws/build/wuta_tools', '--', '-j8', '-l8'], 'cwd': '/home/starry1n/WUTA/WUTA-FSD/ros2_ws/build/wuta_tools', 'env': OrderedDict([('LESSOPEN', '| /usr/bin/lesspipe %s'), ('LANGUAGE', 'zh_CN:zh'), ('USER', 'starry1n'), ('XDG_SESSION_TYPE', 'wayland'), ('SHLVL', '3'), ('LD_LIBRARY_PATH', '/home/starry1n/WUTA/WUTA-FSD/ros2_ws/install/wuta_msgs/lib:/opt/ros/humble/opt/rviz_ogre_vendor/lib:/opt/ros/humble/lib/x86_64-linux-gnu:/opt/ros/humble/lib'), ('HOME', '/home/starry1n'), ('OLDPWD', '/home/starry1n/WUTA/WUTA-FSD'), ('DESKTOP_SESSION', 'ubuntu'), ('ROS_PYTHON_VERSION', '3'), ('GNOME_SHELL_SESSION_MODE', 'ubuntu'), ('GTK_MODULES', 'gail:atk-bridge'), ('DBUS_STARTER_BUS_TYPE', 'session'), ('SYSTEMD_EXEC_PID', '2321'), ('DBUS_SESSION_BUS_ADDRESS', 'unix:path=/run/user/1000/bus,guid=c67e2489f73595b365ff0ae46a50c8ee'), ('COLORTERM', 'truecolor'), ('IM_CONFIG_PHASE', '1'), ('WAYLAND_DISPLAY', 'wayland-0'), ('ROS_DISTRO', 'humble'), ('LOGNAME', 'starry1n'), ('_', '/usr/bin/colcon'), ('ROS_VERSION', '2'), ('XDG_SESSION_CLASS', 'user'), ('USERNAME', 'starry1n'), ('TERM', 'xterm-256color'), ('GNOME_DESKTOP_SESSION_ID', 'this-is-deprecated'), ('ROS_LOCALHOST_ONLY', '0'), ('PATH', '/home/starry1n/.local/bin:/opt/ros/humble/bin:/home/starry1n/.local/bin:/usr/local/sbin:/usr/local/bin:/usr/sbin:/usr/bin:/sbin:/bin:/usr/games:/usr/local/games:/snap/bin:/snap/bin'), ('SESSION_MANAGER', 'local/starry1n-virtual-machine:@/tmp/.ICE-unix/2321,unix/starry1n-virtual-machine:/tmp/.ICE-unix/2321'), ('XDG_MENU_PREFIX', 'gnome-'), ('GNOME_TERMINAL_SCREEN', '/org/gnome/Terminal/screen/1f3eb7e9_2641_49ca_8c99_b72e9fb24486'), ('GNOME_SETUP_DISPLAY', ':1'), ('XDG_RUNTIME_DIR', '/run/user/1000'), ('DISPLAY', ':0'), ('LANG', 'zh_CN.UTF-8'), ('XDG_CURRENT_DESKTOP', 'ubuntu:GNOME'), ('XMODIFIERS', '@im=ibus'), ('XDG_SESSION_DESKTOP', 'ubuntu'), ('XAUTHORITY', '/run/user/1000/.mutter-Xwaylandauth.H6FRS3'), ('LS_COLORS', 'rs=0:di=01;34:ln=01;36:mh=00:pi=40;33:so=01;35:do=01;35:bd=40;33;01:cd=40;33;01:or=40;31;01:mi=00:su=37;41:sg=30;43:ca=30;41:tw=30;42:ow=34;42:st=37;44:ex=01;32:*.tar=01;31:*.tgz=01;31:*.arc=01;31:*.arj=01;31:*.taz=01;31:*.lha=01;31:*.lz4=01;31:*.lzh=01;31:*.lzma=01;31:*.tlz=01;31:*.txz=01;31:*.tzo=01;31:*.t7z=01;31:*.zip=01;31:*.z=01;31:*.dz=01;31:*.gz=01;31:*.lrz=01;31:*.lz=01;31:*.lzo=01;31:*.xz=01;31:*.zst=01;31:*.tzst=01;31:*.bz2=01;31:*.bz=01;31:*.tbz=01;31:*.tbz2=01;31:*.tz=01;31:*.deb=01;31:*.rpm=01;31:*.jar=01;31:*.war=01;31:*.ear=01;31:*.sar=01;31:*.rar=01;31:*.alz=01;31:*.ace=01;31:*.zoo=01;31:*.cpio=01;31:*.7z=01;31:*.rz=01;31:*.cab=01;31:*.wim=01;31:*.swm=01;31:*.dwm=01;31:*.esd=01;31:*.jpg=01;35:*.jpeg=01;35:*.mjpg=01;35:*.mjpeg=01;35:*.gif=01;35:*.bmp=01;35:*.pbm=01;35:*.pgm=01;35:*.ppm=01;35:*.tga=01;35:*.xbm=01;35:*.xpm=01;35:*.tif=01;35:*.tiff=01;35:*.png=01;35:*.svg=01;35:*.svgz=01;35:*.mng=01;35:*.pcx=01;35:*.mov=01;35:*.mpg=01;35:*.mpeg=01;35:*.m2v=01;35:*.mkv=01;35:*.webm=01;35:*.webp=01;35:*.ogm=01;35:*.mp4=01;35:*.m4v=01;35:*.mp4v=01;35:*.vob=01;35:*.qt=01;35:*.nuv=01;35:*.wmv=01;35:*.asf=01;35:*.rm=01;35:*.rmvb=01;35:*.flc=01;35:*.avi=01;35:*.fli=01;35:*.flv=01;35:*.gl=01;35:*.dl=01;35:*.xcf=01;35:*.xwd=01;35:*.yuv=01;35:*.cgm=01;35:*.emf=01;35:*.ogv=01;35:*.ogx=01;35:*.aac=00;36:*.au=00;36:*.flac=00;36:*.m4a=00;36:*.mid=00;36:*.midi=00;36:*.mka=00;36:*.mp3=00;36:*.mpc=00;36:*.ogg=00;36:*.ra=00;36:*.wav=00;36:*.oga=00;36:*.opus=00;36:*.spx=00;36:*.xspf=00;36:'), ('GNOME_TERMINAL_SERVICE', ':1.330'), ('SSH_AGENT_LAUNCHER', 'gnome-keyring'), ('SSH_AUTH_SOCK', '/run/user/1000/keyring/ssh'), ('AMENT_PREFIX_PATH', '/home/starry1n/WUTA/WUTA-FSD/ros2_ws/install/wuta_msgs:/opt/ros/humble'), ('SHELL', '/bin/bash'), ('QT_ACCESSIBILITY', '1'), ('GDMSESSION', 'ubuntu'), ('LESSCLOSE', '/usr/bin/lesspipe %s %s'), ('QT_IM_MODULE', 'ibus'), ('PWD', '/home/starry1n/WUTA/WUTA-FSD/ros2_ws/build/wuta_tools'), ('XDG_CONFIG_DIRS', '/etc/xdg/xdg-ubuntu:/etc/xdg'), ('DBUS_STARTER_ADDRESS', 'unix:path=/run/user/1000/bus,guid=c67e2489f73595b365ff0ae46a50c8ee'), ('XDG_DATA_DIRS', '/usr/share/ubuntu:/usr/local/share/:/usr/share/:/var/lib/snapd/desktop'), ('PYTHONPATH', '/home/starry1n/WUTA/WUTA-FSD/ros2_ws/install/wuta_msgs/local/lib/python3.10/dist-packages:/opt/ros/humble/lib/python3.10/site-packages:/opt/ros/humble/local/lib/python3.10/dist-packages'), ('COLCON', '1'), ('VTE_VERSION', '6800'), ('CMAKE_PREFIX_PATH', '/home/starry1n/WUTA/WUTA-FSD/ros2_ws/install/wuta_msgs:/opt/ros/humble')]), 'shell': False}
[1.273924] (ndt_localization) CommandEnded: {'returncode': 0}
[1.275642] (ndt_localization) JobProgress: {'identifier': 'ndt_localization', 'progress': 'install'}
[1.275949] (localization_manager) StdoutLine: {'line': b'-- Install configuration: ""\n'}
[1.276635] (ndt_localization) Command: {'cmd': ['/usr/bin/cmake', '--install', '/home/starry1n/WUTA/WUTA-FSD/ros2_ws/build/ndt_localization'], 'cwd': '/home/starry1n/WUTA/WUTA-FSD/ros2_ws/build/ndt_localization', 'env': OrderedDict([('LESSOPEN', '| /usr/bin/lesspipe %s'), ('LANGUAGE', 'zh_CN:zh'), ('USER', 'starry1n'), ('XDG_SESSION_TYPE', 'wayland'), ('SHLVL', '3'), ('LD_LIBRARY_PATH', '/home/starry1n/WUTA/WUTA-FSD/ros2_ws/install/wuta_msgs/lib:/opt/ros/humble/opt/rviz_ogre_vendor/lib:/opt/ros/humble/lib/x86_64-linux-gnu:/opt/ros/humble/lib'), ('HOME', '/home/starry1n'), ('OLDPWD', '/home/starry1n/WUTA/WUTA-FSD'), ('DESKTOP_SESSION', 'ubuntu'), ('ROS_PYTHON_VERSION', '3'), ('GNOME_SHELL_SESSION_MODE', 'ubuntu'), ('GTK_MODULES', 'gail:atk-bridge'), ('DBUS_STARTER_BUS_TYPE', 'session'), ('SYSTEMD_EXEC_PID', '2321'), ('DBUS_SESSION_BUS_ADDRESS', 'unix:path=/run/user/1000/bus,guid=c67e2489f73595b365ff0ae46a50c8ee'), ('COLORTERM', 'truecolor'), ('IM_CONFIG_PHASE', '1'), ('WAYLAND_DISPLAY', 'wayland-0'), ('ROS_DISTRO', 'humble'), ('LOGNAME', 'starry1n'), ('_', '/usr/bin/colcon'), ('ROS_VERSION', '2'), ('XDG_SESSION_CLASS', 'user'), ('USERNAME', 'starry1n'), ('TERM', 'xterm-256color'), ('GNOME_DESKTOP_SESSION_ID', 'this-is-deprecated'), ('ROS_LOCALHOST_ONLY', '0'), ('PATH', '/home/starry1n/.local/bin:/opt/ros/humble/bin:/home/starry1n/.local/bin:/usr/local/sbin:/usr/local/bin:/usr/sbin:/usr/bin:/sbin:/bin:/usr/games:/usr/local/games:/snap/bin:/snap/bin'), ('SESSION_MANAGER', 'local/starry1n-virtual-machine:@/tmp/.ICE-unix/2321,unix/starry1n-virtual-machine:/tmp/.ICE-unix/2321'), ('XDG_MENU_PREFIX', 'gnome-'), ('GNOME_TERMINAL_SCREEN', '/org/gnome/Terminal/screen/1f3eb7e9_2641_49ca_8c99_b72e9fb24486'), ('GNOME_SETUP_DISPLAY', ':1'), ('XDG_RUNTIME_DIR', '/run/user/1000'), ('DISPLAY', ':0'), ('LANG', 'zh_CN.UTF-8'), ('XDG_CURRENT_DESKTOP', 'ubuntu:GNOME'), ('XMODIFIERS', '@im=ibus'), ('XDG_SESSION_DESKTOP', 'ubuntu'), ('XAUTHORITY', '/run/user/1000/.mutter-Xwaylandauth.H6FRS3'), ('LS_COLORS', 'rs=0:di=01;34:ln=01;36:mh=00:pi=40;33:so=01;35:do=01;35:bd=40;33;01:cd=40;33;01:or=40;31;01:mi=00:su=37;41:sg=30;43:ca=30;41:tw=30;42:ow=34;42:st=37;44:ex=01;32:*.tar=01;31:*.tgz=01;31:*.arc=01;31:*.arj=01;31:*.taz=01;31:*.lha=01;31:*.lz4=01;31:*.lzh=01;31:*.lzma=01;31:*.tlz=01;31:*.txz=01;31:*.tzo=01;31:*.t7z=01;31:*.zip=01;31:*.z=01;31:*.dz=01;31:*.gz=01;31:*.lrz=01;31:*.lz=01;31:*.lzo=01;31:*.xz=01;31:*.zst=01;31:*.tzst=01;31:*.bz2=01;31:*.bz=01;31:*.tbz=01;31:*.tbz2=01;31:*.tz=01;31:*.deb=01;31:*.rpm=01;31:*.jar=01;31:*.war=01;31:*.ear=01;31:*.sar=01;31:*.rar=01;31:*.alz=01;31:*.ace=01;31:*.zoo=01;31:*.cpio=01;31:*.7z=01;31:*.rz=01;31:*.cab=01;31:*.wim=01;31:*.swm=01;31:*.dwm=01;31:*.esd=01;31:*.jpg=01;35:*.jpeg=01;35:*.mjpg=01;35:*.mjpeg=01;35:*.gif=01;35:*.bmp=01;35:*.pbm=01;35:*.pgm=01;35:*.ppm=01;35:*.tga=01;35:*.xbm=01;35:*.xpm=01;35:*.tif=01;35:*.tiff=01;35:*.png=01;35:*.svg=01;35:*.svgz=01;35:*.mng=01;35:*.pcx=01;35:*.mov=01;35:*.mpg=01;35:*.mpeg=01;35:*.m2v=01;35:*.mkv=01;35:*.webm=01;35:*.webp=01;35:*.ogm=01;35:*.mp4=01;35:*.m4v=01;35:*.mp4v=01;35:*.vob=01;35:*.qt=01;35:*.nuv=01;35:*.wmv=01;35:*.asf=01;35:*.rm=01;35:*.rmvb=01;35:*.flc=01;35:*.avi=01;35:*.fli=01;35:*.flv=01;35:*.gl=01;35:*.dl=01;35:*.xcf=01;35:*.xwd=01;35:*.yuv=01;35:*.cgm=01;35:*.emf=01;35:*.ogv=01;35:*.ogx=01;35:*.aac=00;36:*.au=00;36:*.flac=00;36:*.m4a=00;36:*.mid=00;36:*.midi=00;36:*.mka=00;36:*.mp3=00;36:*.mpc=00;36:*.ogg=00;36:*.ra=00;36:*.wav=00;36:*.oga=00;36:*.opus=00;36:*.spx=00;36:*.xspf=00;36:'), ('GNOME_TERMINAL_SERVICE', ':1.330'), ('SSH_AGENT_LAUNCHER', 'gnome-keyring'), ('SSH_AUTH_SOCK', '/run/user/1000/keyring/ssh'), ('AMENT_PREFIX_PATH', '/home/starry1n/WUTA/WUTA-FSD/ros2_ws/install/wuta_msgs:/opt/ros/humble'), ('SHELL', '/bin/bash'), ('QT_ACCESSIBILITY', '1'), ('GDMSESSION', 'ubuntu'), ('LESSCLOSE', '/usr/bin/lesspipe %s %s'), ('QT_IM_MODULE', 'ibus'), ('PWD', '/home/starry1n/WUTA/WUTA-FSD/ros2_ws/build/ndt_localization'), ('XDG_CONFIG_DIRS', '/etc/xdg/xdg-ubuntu:/etc/xdg'), ('DBUS_STARTER_ADDRESS', 'unix:path=/run/user/1000/bus,guid=c67e2489f73595b365ff0ae46a50c8ee'), ('XDG_DATA_DIRS', '/usr/share/ubuntu:/usr/local/share/:/usr/share/:/var/lib/snapd/desktop'), ('PYTHONPATH', '/home/starry1n/WUTA/WUTA-FSD/ros2_ws/install/wuta_msgs/local/lib/python3.10/dist-packages:/opt/ros/humble/lib/python3.10/site-packages:/opt/ros/humble/local/lib/python3.10/dist-packages'), ('COLCON', '1'), ('VTE_VERSION', '6800'), ('CMAKE_PREFIX_PATH', '/home/starry1n/WUTA/WUTA-FSD/ros2_ws/install/wuta_msgs:/opt/ros/humble')]), 'shell': False}
[1.280505] (localization_manager) StdoutLine: {'line': b'-- Execute custom install script\n'}
[1.281692] (localization_manager) StdoutLine: {'line': b'-- Up-to-date symlink: /home/starry1n/WUTA/WUTA-FSD/ros2_ws/install/localization_manager/lib/localization_manager/localization_manager_node\n'}
[1.281786] (localization_manager) StdoutLine: {'line': b'-- Up-to-date symlink: /home/starry1n/WUTA/WUTA-FSD/ros2_ws/install/localization_manager/share/localization_manager/config/ekf.yaml\n'}
[1.282039] (localization_manager) StdoutLine: {'line': b'-- Up-to-date symlink: /home/starry1n/WUTA/WUTA-FSD/ros2_ws/install/localization_manager/share/localization_manager/launch/localization.launch.py\n'}
[1.282128] (localization_manager) StdoutLine: {'line': b'-- Up-to-date symlink: /home/starry1n/WUTA/WUTA-FSD/ros2_ws/install/localization_manager/share/ament_index/resource_index/package_run_dependencies/localization_manager\n'}
[1.282602] (localization_manager) StdoutLine: {'line': b'-- Up-to-date symlink: /home/starry1n/WUTA/WUTA-FSD/ros2_ws/install/localization_manager/share/ament_index/resource_index/parent_prefix_path/localization_manager\n'}
[1.283318] (localization_manager) StdoutLine: {'line': b'-- Up-to-date symlink: /home/starry1n/WUTA/WUTA-FSD/ros2_ws/install/localization_manager/share/localization_manager/environment/ament_prefix_path.sh\n'}
[1.286803] (localization_manager) StdoutLine: {'line': b'-- Up-to-date symlink: /home/starry1n/WUTA/WUTA-FSD/ros2_ws/install/localization_manager/share/localization_manager/environment/ament_prefix_path.dsv\n'}
[1.286914] (localization_manager) StdoutLine: {'line': b'-- Up-to-date symlink: /home/starry1n/WUTA/WUTA-FSD/ros2_ws/install/localization_manager/share/localization_manager/environment/path.sh\n'}
[1.287122] (localization_manager) StdoutLine: {'line': b'-- Up-to-date symlink: /home/starry1n/WUTA/WUTA-FSD/ros2_ws/install/localization_manager/share/localization_manager/environment/path.dsv\n'}
[1.287472] (localization_manager) StdoutLine: {'line': b'-- Up-to-date symlink: /home/starry1n/WUTA/WUTA-FSD/ros2_ws/install/localization_manager/share/localization_manager/local_setup.bash\n'}
[1.287563] (localization_manager) StdoutLine: {'line': b'-- Up-to-date symlink: /home/starry1n/WUTA/WUTA-FSD/ros2_ws/install/localization_manager/share/localization_manager/local_setup.sh\n'}
[1.287626] (localization_manager) StdoutLine: {'line': b'-- Up-to-date symlink: /home/starry1n/WUTA/WUTA-FSD/ros2_ws/install/localization_manager/share/localization_manager/local_setup.zsh\n'}
[1.287709] (localization_manager) StdoutLine: {'line': b'-- Up-to-date symlink: /home/starry1n/WUTA/WUTA-FSD/ros2_ws/install/localization_manager/share/localization_manager/local_setup.dsv\n'}
[1.287843] (path_generator) CommandEnded: {'returncode': 0}
[1.288712] (localization_manager) StdoutLine: {'line': b'-- Symlinking: /home/starry1n/WUTA/WUTA-FSD/ros2_ws/install/localization_manager/share/localization_manager/package.dsv\n'}
[1.288887] (path_generator) JobProgress: {'identifier': 'path_generator', 'progress': 'install'}
[1.288917] (path_generator) Command: {'cmd': ['/usr/bin/cmake', '--install', '/home/starry1n/WUTA/WUTA-FSD/ros2_ws/build/path_generator'], 'cwd': '/home/starry1n/WUTA/WUTA-FSD/ros2_ws/build/path_generator', 'env': OrderedDict([('LESSOPEN', '| /usr/bin/lesspipe %s'), ('LANGUAGE', 'zh_CN:zh'), ('USER', 'starry1n'), ('XDG_SESSION_TYPE', 'wayland'), ('SHLVL', '3'), ('LD_LIBRARY_PATH', '/home/starry1n/WUTA/WUTA-FSD/ros2_ws/install/wuta_msgs/lib:/home/starry1n/WUTA/WUTA-FSD/ros2_ws/install/autoware_msgs/lib:/opt/ros/humble/opt/rviz_ogre_vendor/lib:/opt/ros/humble/lib/x86_64-linux-gnu:/opt/ros/humble/lib'), ('HOME', '/home/starry1n'), ('OLDPWD', '/home/starry1n/WUTA/WUTA-FSD'), ('DESKTOP_SESSION', 'ubuntu'), ('ROS_PYTHON_VERSION', '3'), ('GNOME_SHELL_SESSION_MODE', 'ubuntu'), ('GTK_MODULES', 'gail:atk-bridge'), ('DBUS_STARTER_BUS_TYPE', 'session'), ('SYSTEMD_EXEC_PID', '2321'), ('DBUS_SESSION_BUS_ADDRESS', 'unix:path=/run/user/1000/bus,guid=c67e2489f73595b365ff0ae46a50c8ee'), ('COLORTERM', 'truecolor'), ('IM_CONFIG_PHASE', '1'), ('WAYLAND_DISPLAY', 'wayland-0'), ('ROS_DISTRO', 'humble'), ('LOGNAME', 'starry1n'), ('_', '/usr/bin/colcon'), ('ROS_VERSION', '2'), ('XDG_SESSION_CLASS', 'user'), ('USERNAME', 'starry1n'), ('TERM', 'xterm-256color'), ('GNOME_DESKTOP_SESSION_ID', 'this-is-deprecated'), ('ROS_LOCALHOST_ONLY', '0'), ('PATH', '/home/starry1n/.local/bin:/opt/ros/humble/bin:/home/starry1n/.local/bin:/usr/local/sbin:/usr/local/bin:/usr/sbin:/usr/bin:/sbin:/bin:/usr/games:/usr/local/games:/snap/bin:/snap/bin'), ('SESSION_MANAGER', 'local/starry1n-virtual-machine:@/tmp/.ICE-unix/2321,unix/starry1n-virtual-machine:/tmp/.ICE-unix/2321'), ('XDG_MENU_PREFIX', 'gnome-'), ('GNOME_TERMINAL_SCREEN', '/org/gnome/Terminal/screen/1f3eb7e9_2641_49ca_8c99_b72e9fb24486'), ('GNOME_SETUP_DISPLAY', ':1'), ('XDG_RUNTIME_DIR', '/run/user/1000'), ('DISPLAY', ':0'), ('LANG', 'zh_CN.UTF-8'), ('XDG_CURRENT_DESKTOP', 'ubuntu:GNOME'), ('XMODIFIERS', '@im=ibus'), ('XDG_SESSION_DESKTOP', 'ubuntu'), ('XAUTHORITY', '/run/user/1000/.mutter-Xwaylandauth.H6FRS3'), ('LS_COLORS', 'rs=0:di=01;34:ln=01;36:mh=00:pi=40;33:so=01;35:do=01;35:bd=40;33;01:cd=40;33;01:or=40;31;01:mi=00:su=37;41:sg=30;43:ca=30;41:tw=30;42:ow=34;42:st=37;44:ex=01;32:*.tar=01;31:*.tgz=01;31:*.arc=01;31:*.arj=01;31:*.taz=01;31:*.lha=01;31:*.lz4=01;31:*.lzh=01;31:*.lzma=01;31:*.tlz=01;31:*.txz=01;31:*.tzo=01;31:*.t7z=01;31:*.zip=01;31:*.z=01;31:*.dz=01;31:*.gz=01;31:*.lrz=01;31:*.lz=01;31:*.lzo=01;31:*.xz=01;31:*.zst=01;31:*.tzst=01;31:*.bz2=01;31:*.bz=01;31:*.tbz=01;31:*.tbz2=01;31:*.tz=01;31:*.deb=01;31:*.rpm=01;31:*.jar=01;31:*.war=01;31:*.ear=01;31:*.sar=01;31:*.rar=01;31:*.alz=01;31:*.ace=01;31:*.zoo=01;31:*.cpio=01;31:*.7z=01;31:*.rz=01;31:*.cab=01;31:*.wim=01;31:*.swm=01;31:*.dwm=01;31:*.esd=01;31:*.jpg=01;35:*.jpeg=01;35:*.mjpg=01;35:*.mjpeg=01;35:*.gif=01;35:*.bmp=01;35:*.pbm=01;35:*.pgm=01;35:*.ppm=01;35:*.tga=01;35:*.xbm=01;35:*.xpm=01;35:*.tif=01;35:*.tiff=01;35:*.png=01;35:*.svg=01;35:*.svgz=01;35:*.mng=01;35:*.pcx=01;35:*.mov=01;35:*.mpg=01;35:*.mpeg=01;35:*.m2v=01;35:*.mkv=01;35:*.webm=01;35:*.webp=01;35:*.ogm=01;35:*.mp4=01;35:*.m4v=01;35:*.mp4v=01;35:*.vob=01;35:*.qt=01;35:*.nuv=01;35:*.wmv=01;35:*.asf=01;35:*.rm=01;35:*.rmvb=01;35:*.flc=01;35:*.avi=01;35:*.fli=01;35:*.flv=01;35:*.gl=01;35:*.dl=01;35:*.xcf=01;35:*.xwd=01;35:*.yuv=01;35:*.cgm=01;35:*.emf=01;35:*.ogv=01;35:*.ogx=01;35:*.aac=00;36:*.au=00;36:*.flac=00;36:*.m4a=00;36:*.mid=00;36:*.midi=00;36:*.mka=00;36:*.mp3=00;36:*.mpc=00;36:*.ogg=00;36:*.ra=00;36:*.wav=00;36:*.oga=00;36:*.opus=00;36:*.spx=00;36:*.xspf=00;36:'), ('GNOME_TERMINAL_SERVICE', ':1.330'), ('SSH_AGENT_LAUNCHER', 'gnome-keyring'), ('SSH_AUTH_SOCK', '/run/user/1000/keyring/ssh'), ('AMENT_PREFIX_PATH', '/home/starry1n/WUTA/WUTA-FSD/ros2_ws/install/wuta_msgs:/home/starry1n/WUTA/WUTA-FSD/ros2_ws/install/autoware_msgs:/opt/ros/humble'), ('SHELL', '/bin/bash'), ('QT_ACCESSIBILITY', '1'), ('GDMSESSION', 'ubuntu'), ('LESSCLOSE', '/usr/bin/lesspipe %s %s'), ('QT_IM_MODULE', 'ibus'), ('PWD', '/home/starry1n/WUTA/WUTA-FSD/ros2_ws/build/path_generator'), ('XDG_CONFIG_DIRS', '/etc/xdg/xdg-ubuntu:/etc/xdg'), ('DBUS_STARTER_ADDRESS', 'unix:path=/run/user/1000/bus,guid=c67e2489f73595b365ff0ae46a50c8ee'), ('XDG_DATA_DIRS', '/usr/share/ubuntu:/usr/local/share/:/usr/share/:/var/lib/snapd/desktop'), ('PYTHONPATH', '/home/starry1n/WUTA/WUTA-FSD/ros2_ws/install/wuta_msgs/local/lib/python3.10/dist-packages:/home/starry1n/WUTA/WUTA-FSD/ros2_ws/install/autoware_msgs/local/lib/python3.10/dist-packages:/opt/ros/humble/lib/python3.10/site-packages:/opt/ros/humble/local/lib/python3.10/dist-packages'), ('COLCON', '1'), ('VTE_VERSION', '6800'), ('CMAKE_PREFIX_PATH', '/home/starry1n/WUTA/WUTA-FSD/ros2_ws/install/wuta_msgs:/home/starry1n/WUTA/WUTA-FSD/ros2_ws/install/autoware_msgs:/opt/ros/humble')]), 'shell': False}
[1.289520] (ndt_localization) StdoutLine: {'line': b'-- Install configuration: ""\n'}
[1.289859] (ndt_localization) StdoutLine: {'line': b'-- Execute custom install script\n'}
[1.290296] (localization_manager) StdoutLine: {'line': b'-- Up-to-date symlink: /home/starry1n/WUTA/WUTA-FSD/ros2_ws/install/localization_manager/share/ament_index/resource_index/packages/localization_manager\n'}
[1.290663] (localization_manager) StdoutLine: {'line': b'-- Up-to-date symlink: /home/starry1n/WUTA/WUTA-FSD/ros2_ws/install/localization_manager/share/localization_manager/cmake/localization_managerConfig.cmake\n'}
[1.290755] (localization_manager) StdoutLine: {'line': b'-- Up-to-date symlink: /home/starry1n/WUTA/WUTA-FSD/ros2_ws/install/localization_manager/share/localization_manager/cmake/localization_managerConfig-version.cmake\n'}
[1.291270] (localization_manager) StdoutLine: {'line': b'-- Up-to-date symlink: /home/starry1n/WUTA/WUTA-FSD/ros2_ws/install/localization_manager/share/localization_manager/package.xml\n'}
[1.291365] (ndt_localization) StdoutLine: {'line': b'-- Up-to-date symlink: /home/starry1n/WUTA/WUTA-FSD/ros2_ws/install/ndt_localization/lib/ndt_localization/ndt_localization_node\n'}
[1.292024] (ndt_localization) StdoutLine: {'line': b'-- Up-to-date symlink: /home/starry1n/WUTA/WUTA-FSD/ros2_ws/install/ndt_localization/lib/ndt_localization/map_saver_node\n'}
[1.294400] (ndt_localization) StdoutLine: {'line': b'-- Up-to-date symlink: /home/starry1n/WUTA/WUTA-FSD/ros2_ws/install/ndt_localization/share/ndt_localization/ndt_localization.yaml\n'}
[1.294877] (ndt_localization) StdoutLine: {'line': b'-- Up-to-date symlink: /home/starry1n/WUTA/WUTA-FSD/ros2_ws/install/ndt_localization/share/ament_index/resource_index/package_run_dependencies/ndt_localization\n'}
[1.294973] (ndt_localization) StdoutLine: {'line': b'-- Up-to-date symlink: /home/starry1n/WUTA/WUTA-FSD/ros2_ws/install/ndt_localization/share/ament_index/resource_index/parent_prefix_path/ndt_localization\n'}
[1.295041] (ndt_localization) StdoutLine: {'line': b'-- Up-to-date symlink: /home/starry1n/WUTA/WUTA-FSD/ros2_ws/install/ndt_localization/share/ndt_localization/environment/ament_prefix_path.sh\n'}
[1.295136] (ndt_localization) StdoutLine: {'line': b'-- Up-to-date symlink: /home/starry1n/WUTA/WUTA-FSD/ros2_ws/install/ndt_localization/share/ndt_localization/environment/ament_prefix_path.dsv\n'}
[1.295267] (ndt_localization) StdoutLine: {'line': b'-- Up-to-date symlink: /home/starry1n/WUTA/WUTA-FSD/ros2_ws/install/ndt_localization/share/ndt_localization/environment/path.sh\n'}
[1.295362] (ndt_localization) StdoutLine: {'line': b'-- Up-to-date symlink: /home/starry1n/WUTA/WUTA-FSD/ros2_ws/install/ndt_localization/share/ndt_localization/environment/path.dsv\n'}
[1.295411] (localization_manager) CommandEnded: {'returncode': 0}
[1.295664] (ndt_localization) StdoutLine: {'line': b'-- Up-to-date symlink: /home/starry1n/WUTA/WUTA-FSD/ros2_ws/install/ndt_localization/share/ndt_localization/local_setup.bash\n'}
[1.295760] (ndt_localization) StdoutLine: {'line': b'-- Up-to-date symlink: /home/starry1n/WUTA/WUTA-FSD/ros2_ws/install/ndt_localization/share/ndt_localization/local_setup.sh\n'}
[1.295986] (ndt_localization) StdoutLine: {'line': b'-- Up-to-date symlink: /home/starry1n/WUTA/WUTA-FSD/ros2_ws/install/ndt_localization/share/ndt_localization/local_setup.zsh\n'}
[1.296295] (ndt_localization) StdoutLine: {'line': b'-- Up-to-date symlink: /home/starry1n/WUTA/WUTA-FSD/ros2_ws/install/ndt_localization/share/ndt_localization/local_setup.dsv\n'}
[1.296767] (ndt_localization) StdoutLine: {'line': b'-- Symlinking: /home/starry1n/WUTA/WUTA-FSD/ros2_ws/install/ndt_localization/share/ndt_localization/package.dsv\n'}
[1.297174] (path_generator) StdoutLine: {'line': b'-- Install configuration: ""\n'}
[1.297795] (path_generator) StdoutLine: {'line': b'-- Execute custom install script\n'}
[1.298061] (path_generator) StdoutLine: {'line': b'-- Up-to-date symlink: /home/starry1n/WUTA/WUTA-FSD/ros2_ws/install/path_generator/lib/path_generator/path_generator_node\n'}
[1.298322] (path_generator) StdoutLine: {'line': b'-- Up-to-date symlink: /home/starry1n/WUTA/WUTA-FSD/ros2_ws/install/path_generator/share/path_generator/config/path_generator.yaml\n'}
[1.298698] (path_generator) StdoutLine: {'line': b'-- Up-to-date symlink: /home/starry1n/WUTA/WUTA-FSD/ros2_ws/install/path_generator/share/ament_index/resource_index/package_run_dependencies/path_generator\n'}
[1.298758] (path_generator) StdoutLine: {'line': b'-- Up-to-date symlink: /home/starry1n/WUTA/WUTA-FSD/ros2_ws/install/path_generator/share/ament_index/resource_index/parent_prefix_path/path_generator\n'}
[1.298795] (path_generator) StdoutLine: {'line': b'-- Up-to-date symlink: /home/starry1n/WUTA/WUTA-FSD/ros2_ws/install/path_generator/share/path_generator/environment/ament_prefix_path.sh\n'}
[1.298828] (path_generator) StdoutLine: {'line': b'-- Up-to-date symlink: /home/starry1n/WUTA/WUTA-FSD/ros2_ws/install/path_generator/share/path_generator/environment/ament_prefix_path.dsv\n'}
[1.299172] (path_generator) StdoutLine: {'line': b'-- Up-to-date symlink: /home/starry1n/WUTA/WUTA-FSD/ros2_ws/install/path_generator/share/path_generator/environment/path.sh\n'}
[1.299234] (path_generator) StdoutLine: {'line': b'-- Up-to-date symlink: /home/starry1n/WUTA/WUTA-FSD/ros2_ws/install/path_generator/share/path_generator/environment/path.dsv\n'}
[1.299267] (path_generator) StdoutLine: {'line': b'-- Up-to-date symlink: /home/starry1n/WUTA/WUTA-FSD/ros2_ws/install/path_generator/share/path_generator/local_setup.bash\n'}
[1.299321] (path_generator) StdoutLine: {'line': b'-- Up-to-date symlink: /home/starry1n/WUTA/WUTA-FSD/ros2_ws/install/path_generator/share/path_generator/local_setup.sh\n'}
[1.299650] (path_generator) StdoutLine: {'line': b'-- Up-to-date symlink: /home/starry1n/WUTA/WUTA-FSD/ros2_ws/install/path_generator/share/path_generator/local_setup.zsh\n'}
[1.299754] (path_generator) StdoutLine: {'line': b'-- Up-to-date symlink: /home/starry1n/WUTA/WUTA-FSD/ros2_ws/install/path_generator/share/path_generator/local_setup.dsv\n'}
[1.299795] (path_generator) StdoutLine: {'line': b'-- Symlinking: /home/starry1n/WUTA/WUTA-FSD/ros2_ws/install/path_generator/share/path_generator/package.dsv\n'}
[1.308796] (path_generator) StdoutLine: {'line': b'-- Up-to-date symlink: /home/starry1n/WUTA/WUTA-FSD/ros2_ws/install/path_generator/share/ament_index/resource_index/packages/path_generator\n'}
[1.309602] (path_generator) StdoutLine: {'line': b'-- Up-to-date symlink: /home/starry1n/WUTA/WUTA-FSD/ros2_ws/install/path_generator/share/path_generator/cmake/path_generatorConfig.cmake\n'}
[1.310730] (-) TimerEvent: {}
[1.310851] (path_generator) StdoutLine: {'line': b'-- Up-to-date symlink: /home/starry1n/WUTA/WUTA-FSD/ros2_ws/install/path_generator/share/path_generator/cmake/path_generatorConfig-version.cmake\n'}
[1.311379] (path_generator) StdoutLine: {'line': b'-- Up-to-date symlink: /home/starry1n/WUTA/WUTA-FSD/ros2_ws/install/path_generator/share/path_generator/package.xml\n'}
[1.311547] (ndt_localization) StdoutLine: {'line': b'-- Up-to-date symlink: /home/starry1n/WUTA/WUTA-FSD/ros2_ws/install/ndt_localization/share/ament_index/resource_index/packages/ndt_localization\n'}
[1.311837] (ndt_localization) StdoutLine: {'line': b'-- Up-to-date symlink: /home/starry1n/WUTA/WUTA-FSD/ros2_ws/install/ndt_localization/share/ndt_localization/cmake/ndt_localizationConfig.cmake\n'}
[1.312332] (ndt_localization) StdoutLine: {'line': b'-- Up-to-date symlink: /home/starry1n/WUTA/WUTA-FSD/ros2_ws/install/ndt_localization/share/ndt_localization/cmake/ndt_localizationConfig-version.cmake\n'}
[1.312672] (ndt_localization) StdoutLine: {'line': b'-- Up-to-date symlink: /home/starry1n/WUTA/WUTA-FSD/ros2_ws/install/ndt_localization/share/ndt_localization/package.xml\n'}
[1.329223] (localization_manager) JobEnded: {'identifier': 'localization_manager', 'rc': 0}
[1.331991] (ndt_localization) CommandEnded: {'returncode': 0}
[1.358546] (ndt_localization) JobEnded: {'identifier': 'ndt_localization', 'rc': 0}
[1.359144] (path_generator) CommandEnded: {'returncode': 0}
[1.373533] (path_generator) JobEnded: {'identifier': 'path_generator', 'rc': 0}
[1.376057] (wuta_tools) CommandEnded: {'returncode': 0}
[1.376802] (wuta_tools) JobProgress: {'identifier': 'wuta_tools', 'progress': 'install'}
[1.376826] (wuta_tools) Command: {'cmd': ['/usr/bin/cmake', '--install', '/home/starry1n/WUTA/WUTA-FSD/ros2_ws/build/wuta_tools'], 'cwd': '/home/starry1n/WUTA/WUTA-FSD/ros2_ws/build/wuta_tools', 'env': OrderedDict([('LESSOPEN', '| /usr/bin/lesspipe %s'), ('LANGUAGE', 'zh_CN:zh'), ('USER', 'starry1n'), ('XDG_SESSION_TYPE', 'wayland'), ('SHLVL', '3'), ('LD_LIBRARY_PATH', '/home/starry1n/WUTA/WUTA-FSD/ros2_ws/install/wuta_msgs/lib:/opt/ros/humble/opt/rviz_ogre_vendor/lib:/opt/ros/humble/lib/x86_64-linux-gnu:/opt/ros/humble/lib'), ('HOME', '/home/starry1n'), ('OLDPWD', '/home/starry1n/WUTA/WUTA-FSD'), ('DESKTOP_SESSION', 'ubuntu'), ('ROS_PYTHON_VERSION', '3'), ('GNOME_SHELL_SESSION_MODE', 'ubuntu'), ('GTK_MODULES', 'gail:atk-bridge'), ('DBUS_STARTER_BUS_TYPE', 'session'), ('SYSTEMD_EXEC_PID', '2321'), ('DBUS_SESSION_BUS_ADDRESS', 'unix:path=/run/user/1000/bus,guid=c67e2489f73595b365ff0ae46a50c8ee'), ('COLORTERM', 'truecolor'), ('IM_CONFIG_PHASE', '1'), ('WAYLAND_DISPLAY', 'wayland-0'), ('ROS_DISTRO', 'humble'), ('LOGNAME', 'starry1n'), ('_', '/usr/bin/colcon'), ('ROS_VERSION', '2'), ('XDG_SESSION_CLASS', 'user'), ('USERNAME', 'starry1n'), ('TERM', 'xterm-256color'), ('GNOME_DESKTOP_SESSION_ID', 'this-is-deprecated'), ('ROS_LOCALHOST_ONLY', '0'), ('PATH', '/home/starry1n/.local/bin:/opt/ros/humble/bin:/home/starry1n/.local/bin:/usr/local/sbin:/usr/local/bin:/usr/sbin:/usr/bin:/sbin:/bin:/usr/games:/usr/local/games:/snap/bin:/snap/bin'), ('SESSION_MANAGER', 'local/starry1n-virtual-machine:@/tmp/.ICE-unix/2321,unix/starry1n-virtual-machine:/tmp/.ICE-unix/2321'), ('XDG_MENU_PREFIX', 'gnome-'), ('GNOME_TERMINAL_SCREEN', '/org/gnome/Terminal/screen/1f3eb7e9_2641_49ca_8c99_b72e9fb24486'), ('GNOME_SETUP_DISPLAY', ':1'), ('XDG_RUNTIME_DIR', '/run/user/1000'), ('DISPLAY', ':0'), ('LANG', 'zh_CN.UTF-8'), ('XDG_CURRENT_DESKTOP', 'ubuntu:GNOME'), ('XMODIFIERS', '@im=ibus'), ('XDG_SESSION_DESKTOP', 'ubuntu'), ('XAUTHORITY', '/run/user/1000/.mutter-Xwaylandauth.H6FRS3'), ('LS_COLORS', 'rs=0:di=01;34:ln=01;36:mh=00:pi=40;33:so=01;35:do=01;35:bd=40;33;01:cd=40;33;01:or=40;31;01:mi=00:su=37;41:sg=30;43:ca=30;41:tw=30;42:ow=34;42:st=37;44:ex=01;32:*.tar=01;31:*.tgz=01;31:*.arc=01;31:*.arj=01;31:*.taz=01;31:*.lha=01;31:*.lz4=01;31:*.lzh=01;31:*.lzma=01;31:*.tlz=01;31:*.txz=01;31:*.tzo=01;31:*.t7z=01;31:*.zip=01;31:*.z=01;31:*.dz=01;31:*.gz=01;31:*.lrz=01;31:*.lz=01;31:*.lzo=01;31:*.xz=01;31:*.zst=01;31:*.tzst=01;31:*.bz2=01;31:*.bz=01;31:*.tbz=01;31:*.tbz2=01;31:*.tz=01;31:*.deb=01;31:*.rpm=01;31:*.jar=01;31:*.war=01;31:*.ear=01;31:*.sar=01;31:*.rar=01;31:*.alz=01;31:*.ace=01;31:*.zoo=01;31:*.cpio=01;31:*.7z=01;31:*.rz=01;31:*.cab=01;31:*.wim=01;31:*.swm=01;31:*.dwm=01;31:*.esd=01;31:*.jpg=01;35:*.jpeg=01;35:*.mjpg=01;35:*.mjpeg=01;35:*.gif=01;35:*.bmp=01;35:*.pbm=01;35:*.pgm=01;35:*.ppm=01;35:*.tga=01;35:*.xbm=01;35:*.xpm=01;35:*.tif=01;35:*.tiff=01;35:*.png=01;35:*.svg=01;35:*.svgz=01;35:*.mng=01;35:*.pcx=01;35:*.mov=01;35:*.mpg=01;35:*.mpeg=01;35:*.m2v=01;35:*.mkv=01;35:*.webm=01;35:*.webp=01;35:*.ogm=01;35:*.mp4=01;35:*.m4v=01;35:*.mp4v=01;35:*.vob=01;35:*.qt=01;35:*.nuv=01;35:*.wmv=01;35:*.asf=01;35:*.rm=01;35:*.rmvb=01;35:*.flc=01;35:*.avi=01;35:*.fli=01;35:*.flv=01;35:*.gl=01;35:*.dl=01;35:*.xcf=01;35:*.xwd=01;35:*.yuv=01;35:*.cgm=01;35:*.emf=01;35:*.ogv=01;35:*.ogx=01;35:*.aac=00;36:*.au=00;36:*.flac=00;36:*.m4a=00;36:*.mid=00;36:*.midi=00;36:*.mka=00;36:*.mp3=00;36:*.mpc=00;36:*.ogg=00;36:*.ra=00;36:*.wav=00;36:*.oga=00;36:*.opus=00;36:*.spx=00;36:*.xspf=00;36:'), ('GNOME_TERMINAL_SERVICE', ':1.330'), ('SSH_AGENT_LAUNCHER', 'gnome-keyring'), ('SSH_AUTH_SOCK', '/run/user/1000/keyring/ssh'), ('AMENT_PREFIX_PATH', '/home/starry1n/WUTA/WUTA-FSD/ros2_ws/install/wuta_msgs:/opt/ros/humble'), ('SHELL', '/bin/bash'), ('QT_ACCESSIBILITY', '1'), ('GDMSESSION', 'ubuntu'), ('LESSCLOSE', '/usr/bin/lesspipe %s %s'), ('QT_IM_MODULE', 'ibus'), ('PWD', '/home/starry1n/WUTA/WUTA-FSD/ros2_ws/build/wuta_tools'), ('XDG_CONFIG_DIRS', '/etc/xdg/xdg-ubuntu:/etc/xdg'), ('DBUS_STARTER_ADDRESS', 'unix:path=/run/user/1000/bus,guid=c67e2489f73595b365ff0ae46a50c8ee'), ('XDG_DATA_DIRS', '/usr/share/ubuntu:/usr/local/share/:/usr/share/:/var/lib/snapd/desktop'), ('PYTHONPATH', '/home/starry1n/WUTA/WUTA-FSD/ros2_ws/install/wuta_msgs/local/lib/python3.10/dist-packages:/opt/ros/humble/lib/python3.10/site-packages:/opt/ros/humble/local/lib/python3.10/dist-packages'), ('COLCON', '1'), ('VTE_VERSION', '6800'), ('CMAKE_PREFIX_PATH', '/home/starry1n/WUTA/WUTA-FSD/ros2_ws/install/wuta_msgs:/opt/ros/humble')]), 'shell': False}
[1.388501] (wuta_tools) StdoutLine: {'line': b'-- Install configuration: ""\n'}
[1.388991] (wuta_tools) StdoutLine: {'line': b'-- Execute custom install script\n'}
[1.389240] (wuta_tools) StdoutLine: {'line': b'-- Up-to-date symlink: /home/starry1n/WUTA/WUTA-FSD/ros2_ws/install/wuta_tools/share/ament_index/resource_index/package_run_dependencies/wuta_tools\n'}
[1.389466] (wuta_tools) StdoutLine: {'line': b'-- Up-to-date symlink: /home/starry1n/WUTA/WUTA-FSD/ros2_ws/install/wuta_tools/share/ament_index/resource_index/parent_prefix_path/wuta_tools\n'}
[1.389598] (wuta_tools) StdoutLine: {'line': b'-- Up-to-date symlink: /home/starry1n/WUTA/WUTA-FSD/ros2_ws/install/wuta_tools/share/wuta_tools/environment/ament_prefix_path.sh\n'}
[1.389699] (wuta_tools) StdoutLine: {'line': b'-- Up-to-date symlink: /home/starry1n/WUTA/WUTA-FSD/ros2_ws/install/wuta_tools/share/wuta_tools/environment/ament_prefix_path.dsv\n'}
[1.389777] (wuta_tools) StdoutLine: {'line': b'-- Up-to-date symlink: /home/starry1n/WUTA/WUTA-FSD/ros2_ws/install/wuta_tools/share/wuta_tools/environment/path.sh\n'}
[1.389893] (wuta_tools) StdoutLine: {'line': b'-- Up-to-date symlink: /home/starry1n/WUTA/WUTA-FSD/ros2_ws/install/wuta_tools/share/wuta_tools/environment/path.dsv\n'}
[1.389990] (wuta_tools) StdoutLine: {'line': b'-- Up-to-date symlink: /home/starry1n/WUTA/WUTA-FSD/ros2_ws/install/wuta_tools/share/wuta_tools/local_setup.bash\n'}
[1.390090] (wuta_tools) StdoutLine: {'line': b'-- Up-to-date symlink: /home/starry1n/WUTA/WUTA-FSD/ros2_ws/install/wuta_tools/share/wuta_tools/local_setup.sh\n'}
[1.390243] (wuta_tools) StdoutLine: {'line': b'-- Up-to-date symlink: /home/starry1n/WUTA/WUTA-FSD/ros2_ws/install/wuta_tools/share/wuta_tools/local_setup.zsh\n'}
[1.390368] (wuta_tools) StdoutLine: {'line': b'-- Up-to-date symlink: /home/starry1n/WUTA/WUTA-FSD/ros2_ws/install/wuta_tools/share/wuta_tools/local_setup.dsv\n'}
[1.390455] (wuta_tools) StdoutLine: {'line': b'-- Symlinking: /home/starry1n/WUTA/WUTA-FSD/ros2_ws/install/wuta_tools/share/wuta_tools/package.dsv\n'}
[1.400772] (wuta_tools) StdoutLine: {'line': b'-- Up-to-date symlink: /home/starry1n/WUTA/WUTA-FSD/ros2_ws/install/wuta_tools/share/ament_index/resource_index/packages/wuta_tools\n'}
[1.401270] (wuta_tools) StdoutLine: {'line': b'-- Up-to-date symlink: /home/starry1n/WUTA/WUTA-FSD/ros2_ws/install/wuta_tools/share/wuta_tools/cmake/wuta_toolsConfig.cmake\n'}
[1.401612] (wuta_tools) StdoutLine: {'line': b'-- Up-to-date symlink: /home/starry1n/WUTA/WUTA-FSD/ros2_ws/install/wuta_tools/share/wuta_tools/cmake/wuta_toolsConfig-version.cmake\n'}
[1.401739] (wuta_tools) StdoutLine: {'line': b'-- Up-to-date symlink: /home/starry1n/WUTA/WUTA-FSD/ros2_ws/install/wuta_tools/share/wuta_tools/package.xml\n'}
[1.405030] (wuta_tools) CommandEnded: {'returncode': 0}
[1.410983] (-) TimerEvent: {}
[1.418631] (wuta_tools) JobEnded: {'identifier': 'wuta_tools', 'rc': 0}
[1.419629] (-) EventReactorShutdown: {}
