[0.000000] (-) TimerEvent: {}
[0.000263] (autoware_msgs) JobQueued: {'identifier': 'autoware_msgs', 'dependencies': OrderedDict()}
[0.000548] (kiss_icp) JobQueued: {'identifier': 'kiss_icp', 'dependencies': OrderedDict()}
[0.000575] (robot_localization) JobQueued: {'identifier': 'robot_localization', 'dependencies': OrderedDict()}
[0.000588] (wuta_msgs) JobQueued: {'identifier': 'wuta_msgs', 'dependencies': OrderedDict()}
[0.000596] (boundary_detector) JobQueued: {'identifier': 'boundary_detector', 'dependencies': OrderedDict([('autoware_msgs', '/home/starry1n/WUTA/WUTA-FSD/ros2_ws/install/autoware_msgs'), ('wuta_msgs', '/home/starry1n/WUTA/WUTA-FSD/ros2_ws/install/wuta_msgs')])}
[0.000612] (camera_detection) JobQueued: {'identifier': 'camera_detection', 'dependencies': OrderedDict([('wuta_msgs', '/home/starry1n/WUTA/WUTA-FSD/ros2_ws/install/wuta_msgs')])}
[0.000646] (cone_map_builder) JobQueued: {'identifier': 'cone_map_builder', 'dependencies': OrderedDict([('wuta_msgs', '/home/starry1n/WUTA/WUTA-FSD/ros2_ws/install/wuta_msgs')])}
[0.000683] (controller) JobQueued: {'identifier': 'controller', 'dependencies': OrderedDict([('autoware_msgs', '/home/starry1n/WUTA/WUTA-FSD/ros2_ws/install/autoware_msgs'), ('wuta_msgs', '/home/starry1n/WUTA/WUTA-FSD/ros2_ws/install/wuta_msgs')])}
[0.000702] (detection_fusion) JobQueued: {'identifier': 'detection_fusion', 'dependencies': OrderedDict([('wuta_msgs', '/home/starry1n/WUTA/WUTA-FSD/ros2_ws/install/wuta_msgs')])}
[0.000714] (kiss_icp_wrapper) JobQueued: {'identifier': 'kiss_icp_wrapper', 'dependencies': OrderedDict([('wuta_msgs', '/home/starry1n/WUTA/WUTA-FSD/ros2_ws/install/wuta_msgs')])}
[0.000721] (lidar_detection) JobQueued: {'identifier': 'lidar_detection', 'dependencies': OrderedDict([('wuta_msgs', '/home/starry1n/WUTA/WUTA-FSD/ros2_ws/install/wuta_msgs')])}
[0.000730] (localization_manager) JobQueued: {'identifier': 'localization_manager', 'dependencies': OrderedDict([('kiss_icp', '/home/starry1n/WUTA/WUTA-FSD/ros2_ws/install/kiss_icp'), ('robot_localization', '/home/starry1n/WUTA/WUTA-FSD/ros2_ws/install/robot_localization'), ('wuta_msgs', '/home/starry1n/WUTA/WUTA-FSD/ros2_ws/install/wuta_msgs')])}
[0.000739] (mission_manager) JobQueued: {'identifier': 'mission_manager', 'dependencies': OrderedDict([('wuta_msgs', '/home/starry1n/WUTA/WUTA-FSD/ros2_ws/install/wuta_msgs')])}
[0.000765] (ndt_localization) JobQueued: {'identifier': 'ndt_localization', 'dependencies': OrderedDict([('wuta_msgs', '/home/starry1n/WUTA/WUTA-FSD/ros2_ws/install/wuta_msgs')])}
[0.000776] (path_generator) JobQueued: {'identifier': 'path_generator', 'dependencies': OrderedDict([('autoware_msgs', '/home/starry1n/WUTA/WUTA-FSD/ros2_ws/install/autoware_msgs'), ('wuta_msgs', '/home/starry1n/WUTA/WUTA-FSD/ros2_ws/install/wuta_msgs')])}
[0.000786] (wuta_tools) JobQueued: {'identifier': 'wuta_tools', 'dependencies': OrderedDict([('wuta_msgs', '/home/starry1n/WUTA/WUTA-FSD/ros2_ws/install/wuta_msgs')])}
[0.000811] (wuta_msgs) JobStarted: {'identifier': 'wuta_msgs'}
[0.004137] (autoware_msgs) JobStarted: {'identifier': 'autoware_msgs'}
[0.006368] (kiss_icp) JobStarted: {'identifier': 'kiss_icp'}
[0.009331] (robot_localization) JobStarted: {'identifier': 'robot_localization'}
[0.013144] (wuta_msgs) JobProgress: {'identifier': 'wuta_msgs', 'progress': 'cmake'}
[0.014427] (wuta_msgs) JobProgress: {'identifier': 'wuta_msgs', 'progress': 'build'}
[0.015098] (wuta_msgs) Command: {'cmd': ['/usr/bin/cmake', '--build', '/home/starry1n/WUTA/WUTA-FSD/ros2_ws/build/wuta_msgs', '--', '-j8', '-l8'], 'cwd': '/home/starry1n/WUTA/WUTA-FSD/ros2_ws/build/wuta_msgs', 'env': OrderedDict([('LESSOPEN', '| /usr/bin/lesspipe %s'), ('LANGUAGE', 'zh_CN:zh'), ('USER', 'starry1n'), ('XDG_SESSION_TYPE', 'wayland'), ('SHLVL', '3'), ('LD_LIBRARY_PATH', '/opt/ros/humble/opt/rviz_ogre_vendor/lib:/opt/ros/humble/lib/x86_64-linux-gnu:/opt/ros/humble/lib'), ('HOME', '/home/starry1n'), ('OLDPWD', '/home/starry1n/WUTA/WUTA-FSD'), ('DESKTOP_SESSION', 'ubuntu'), ('ROS_PYTHON_VERSION', '3'), ('GNOME_SHELL_SESSION_MODE', 'ubuntu'), ('GTK_MODULES', 'gail:atk-bridge'), ('DBUS_STARTER_BUS_TYPE', 'session'), ('SYSTEMD_EXEC_PID', '2321'), ('DBUS_SESSION_BUS_ADDRESS', 'unix:path=/run/user/1000/bus,guid=c67e2489f73595b365ff0ae46a50c8ee'), ('COLORTERM', 'truecolor'), ('IM_CONFIG_PHASE', '1'), ('WAYLAND_DISPLAY', 'wayland-0'), ('ROS_DISTRO', 'humble'), ('LOGNAME', 'starry1n'), ('_', '/usr/bin/colcon'), ('ROS_VERSION', '2'), ('XDG_SESSION_CLASS', 'user'), ('USERNAME', 'starry1n'), ('TERM', 'xterm-256color'), ('GNOME_DESKTOP_SESSION_ID', 'this-is-deprecated'), ('ROS_LOCALHOST_ONLY', '0'), ('PATH', '/home/starry1n/.local/bin:/opt/ros/humble/bin:/home/starry1n/.local/bin:/usr/local/sbin:/usr/local/bin:/usr/sbin:/usr/bin:/sbin:/bin:/usr/games:/usr/local/games:/snap/bin:/snap/bin'), ('SESSION_MANAGER', 'local/starry1n-virtual-machine:@/tmp/.ICE-unix/2321,unix/starry1n-virtual-machine:/tmp/.ICE-unix/2321'), ('XDG_MENU_PREFIX', 'gnome-'), ('GNOME_TERMINAL_SCREEN', '/org/gnome/Terminal/screen/1f3eb7e9_2641_49ca_8c99_b72e9fb24486'), ('GNOME_SETUP_DISPLAY', ':1'), ('XDG_RUNTIME_DIR', '/run/user/1000'), ('DISPLAY', ':0'), ('LANG', 'zh_CN.UTF-8'), ('XDG_CURRENT_DESKTOP', 'ubuntu:GNOME'), ('XMODIFIERS', '@im=ibus'), ('XDG_SESSION_DESKTOP', 'ubuntu'), ('XAUTHORITY', '/run/user/1000/.mutter-Xwaylandauth.H6FRS3'), ('LS_COLORS', 'rs=0:di=01;34:ln=01;36:mh=00:pi=40;33:so=01;35:do=01;35:bd=40;33;01:cd=40;33;01:or=40;31;01:mi=00:su=37;41:sg=30;43:ca=30;41:tw=30;42:ow=34;42:st=37;44:ex=01;32:*.tar=01;31:*.tgz=01;31:*.arc=01;31:*.arj=01;31:*.taz=01;31:*.lha=01;31:*.lz4=01;31:*.lzh=01;31:*.lzma=01;31:*.tlz=01;31:*.txz=01;31:*.tzo=01;31:*.t7z=01;31:*.zip=01;31:*.z=01;31:*.dz=01;31:*.gz=01;31:*.lrz=01;31:*.lz=01;31:*.lzo=01;31:*.xz=01;31:*.zst=01;31:*.tzst=01;31:*.bz2=01;31:*.bz=01;31:*.tbz=01;31:*.tbz2=01;31:*.tz=01;31:*.deb=01;31:*.rpm=01;31:*.jar=01;31:*.war=01;31:*.ear=01;31:*.sar=01;31:*.rar=01;31:*.alz=01;31:*.ace=01;31:*.zoo=01;31:*.cpio=01;31:*.7z=01;31:*.rz=01;31:*.cab=01;31:*.wim=01;31:*.swm=01;31:*.dwm=01;31:*.esd=01;31:*.jpg=01;35:*.jpeg=01;35:*.mjpg=01;35:*.mjpeg=01;35:*.gif=01;35:*.bmp=01;35:*.pbm=01;35:*.pgm=01;35:*.ppm=01;35:*.tga=01;35:*.xbm=01;35:*.xpm=01;35:*.tif=01;35:*.tiff=01;35:*.png=01;35:*.svg=01;35:*.svgz=01;35:*.mng=01;35:*.pcx=01;35:*.mov=01;35:*.mpg=01;35:*.mpeg=01;35:*.m2v=01;35:*.mkv=01;35:*.webm=01;35:*.webp=01;35:*.ogm=01;35:*.mp4=01;35:*.m4v=01;35:*.mp4v=01;35:*.vob=01;35:*.qt=01;35:*.nuv=01;35:*.wmv=01;35:*.asf=01;35:*.rm=01;35:*.rmvb=01;35:*.flc=01;35:*.avi=01;35:*.fli=01;35:*.flv=01;35:*.gl=01;35:*.dl=01;35:*.xcf=01;35:*.xwd=01;35:*.yuv=01;35:*.cgm=01;35:*.emf=01;35:*.ogv=01;35:*.ogx=01;35:*.aac=00;36:*.au=00;36:*.flac=00;36:*.m4a=00;36:*.mid=00;36:*.midi=00;36:*.mka=00;36:*.mp3=00;36:*.mpc=00;36:*.ogg=00;36:*.ra=00;36:*.wav=00;36:*.oga=00;36:*.opus=00;36:*.spx=00;36:*.xspf=00;36:'), ('GNOME_TERMINAL_SERVICE', ':1.330'), ('SSH_AGENT_LAUNCHER', 'gnome-keyring'), ('SSH_AUTH_SOCK', '/run/user/1000/keyring/ssh'), ('AMENT_PREFIX_PATH', '/opt/ros/humble'), ('SHELL', '/bin/bash'), ('QT_ACCESSIBILITY', '1'), ('GDMSESSION', 'ubuntu'), ('LESSCLOSE', '/usr/bin/lesspipe %s %s'), ('QT_IM_MODULE', 'ibus'), ('PWD', '/home/starry1n/WUTA/WUTA-FSD/ros2_ws/build/wuta_msgs'), ('XDG_CONFIG_DIRS', '/etc/xdg/xdg-ubuntu:/etc/xdg'), ('DBUS_STARTER_ADDRESS', 'unix:path=/run/user/1000/bus,guid=c67e2489f73595b365ff0ae46a50c8ee'), ('XDG_DATA_DIRS', '/usr/share/ubuntu:/usr/local/share/:/usr/share/:/var/lib/snapd/desktop'), ('PYTHONPATH', '/opt/ros/humble/lib/python3.10/site-packages:/opt/ros/humble/local/lib/python3.10/dist-packages'), ('COLCON', '1'), ('VTE_VERSION', '6800'), ('CMAKE_PREFIX_PATH', '/opt/ros/humble')]), 'shell': False}
[0.017214] (autoware_msgs) JobProgress: {'identifier': 'autoware_msgs', 'progress': 'cmake'}
[0.018494] (autoware_msgs) JobProgress: {'identifier': 'autoware_msgs', 'progress': 'build'}
[0.018811] (autoware_msgs) Command: {'cmd': ['/usr/bin/cmake', '--build', '/home/starry1n/WUTA/WUTA-FSD/ros2_ws/build/autoware_msgs', '--', '-j8', '-l8'], 'cwd': '/home/starry1n/WUTA/WUTA-FSD/ros2_ws/build/autoware_msgs', 'env': OrderedDict([('LESSOPEN', '| /usr/bin/lesspipe %s'), ('LANGUAGE', 'zh_CN:zh'), ('USER', 'starry1n'), ('XDG_SESSION_TYPE', 'wayland'), ('SHLVL', '3'), ('LD_LIBRARY_PATH', '/opt/ros/humble/opt/rviz_ogre_vendor/lib:/opt/ros/humble/lib/x86_64-linux-gnu:/opt/ros/humble/lib'), ('HOME', '/home/starry1n'), ('OLDPWD', '/home/starry1n/WUTA/WUTA-FSD'), ('DESKTOP_SESSION', 'ubuntu'), ('ROS_PYTHON_VERSION', '3'), ('GNOME_SHELL_SESSION_MODE', 'ubuntu'), ('GTK_MODULES', 'gail:atk-bridge'), ('DBUS_STARTER_BUS_TYPE', 'session'), ('SYSTEMD_EXEC_PID', '2321'), ('DBUS_SESSION_BUS_ADDRESS', 'unix:path=/run/user/1000/bus,guid=c67e2489f73595b365ff0ae46a50c8ee'), ('COLORTERM', 'truecolor'), ('IM_CONFIG_PHASE', '1'), ('WAYLAND_DISPLAY', 'wayland-0'), ('ROS_DISTRO', 'humble'), ('LOGNAME', 'starry1n'), ('_', '/usr/bin/colcon'), ('ROS_VERSION', '2'), ('XDG_SESSION_CLASS', 'user'), ('USERNAME', 'starry1n'), ('TERM', 'xterm-256color'), ('GNOME_DESKTOP_SESSION_ID', 'this-is-deprecated'), ('ROS_LOCALHOST_ONLY', '0'), ('PATH', '/home/starry1n/.local/bin:/opt/ros/humble/bin:/home/starry1n/.local/bin:/usr/local/sbin:/usr/local/bin:/usr/sbin:/usr/bin:/sbin:/bin:/usr/games:/usr/local/games:/snap/bin:/snap/bin'), ('SESSION_MANAGER', 'local/starry1n-virtual-machine:@/tmp/.ICE-unix/2321,unix/starry1n-virtual-machine:/tmp/.ICE-unix/2321'), ('XDG_MENU_PREFIX', 'gnome-'), ('GNOME_TERMINAL_SCREEN', '/org/gnome/Terminal/screen/1f3eb7e9_2641_49ca_8c99_b72e9fb24486'), ('GNOME_SETUP_DISPLAY', ':1'), ('XDG_RUNTIME_DIR', '/run/user/1000'), ('DISPLAY', ':0'), ('LANG', 'zh_CN.UTF-8'), ('XDG_CURRENT_DESKTOP', 'ubuntu:GNOME'), ('XMODIFIERS', '@im=ibus'), ('XDG_SESSION_DESKTOP', 'ubuntu'), ('XAUTHORITY', '/run/user/1000/.mutter-Xwaylandauth.H6FRS3'), ('LS_COLORS', 'rs=0:di=01;34:ln=01;36:mh=00:pi=40;33:so=01;35:do=01;35:bd=40;33;01:cd=40;33;01:or=40;31;01:mi=00:su=37;41:sg=30;43:ca=30;41:tw=30;42:ow=34;42:st=37;44:ex=01;32:*.tar=01;31:*.tgz=01;31:*.arc=01;31:*.arj=01;31:*.taz=01;31:*.lha=01;31:*.lz4=01;31:*.lzh=01;31:*.lzma=01;31:*.tlz=01;31:*.txz=01;31:*.tzo=01;31:*.t7z=01;31:*.zip=01;31:*.z=01;31:*.dz=01;31:*.gz=01;31:*.lrz=01;31:*.lz=01;31:*.lzo=01;31:*.xz=01;31:*.zst=01;31:*.tzst=01;31:*.bz2=01;31:*.bz=01;31:*.tbz=01;31:*.tbz2=01;31:*.tz=01;31:*.deb=01;31:*.rpm=01;31:*.jar=01;31:*.war=01;31:*.ear=01;31:*.sar=01;31:*.rar=01;31:*.alz=01;31:*.ace=01;31:*.zoo=01;31:*.cpio=01;31:*.7z=01;31:*.rz=01;31:*.cab=01;31:*.wim=01;31:*.swm=01;31:*.dwm=01;31:*.esd=01;31:*.jpg=01;35:*.jpeg=01;35:*.mjpg=01;35:*.mjpeg=01;35:*.gif=01;35:*.bmp=01;35:*.pbm=01;35:*.pgm=01;35:*.ppm=01;35:*.tga=01;35:*.xbm=01;35:*.xpm=01;35:*.tif=01;35:*.tiff=01;35:*.png=01;35:*.svg=01;35:*.svgz=01;35:*.mng=01;35:*.pcx=01;35:*.mov=01;35:*.mpg=01;35:*.mpeg=01;35:*.m2v=01;35:*.mkv=01;35:*.webm=01;35:*.webp=01;35:*.ogm=01;35:*.mp4=01;35:*.m4v=01;35:*.mp4v=01;35:*.vob=01;35:*.qt=01;35:*.nuv=01;35:*.wmv=01;35:*.asf=01;35:*.rm=01;35:*.rmvb=01;35:*.flc=01;35:*.avi=01;35:*.fli=01;35:*.flv=01;35:*.gl=01;35:*.dl=01;35:*.xcf=01;35:*.xwd=01;35:*.yuv=01;35:*.cgm=01;35:*.emf=01;35:*.ogv=01;35:*.ogx=01;35:*.aac=00;36:*.au=00;36:*.flac=00;36:*.m4a=00;36:*.mid=00;36:*.midi=00;36:*.mka=00;36:*.mp3=00;36:*.mpc=00;36:*.ogg=00;36:*.ra=00;36:*.wav=00;36:*.oga=00;36:*.opus=00;36:*.spx=00;36:*.xspf=00;36:'), ('GNOME_TERMINAL_SERVICE', ':1.330'), ('SSH_AGENT_LAUNCHER', 'gnome-keyring'), ('SSH_AUTH_SOCK', '/run/user/1000/keyring/ssh'), ('AMENT_PREFIX_PATH', '/opt/ros/humble'), ('SHELL', '/bin/bash'), ('QT_ACCESSIBILITY', '1'), ('GDMSESSION', 'ubuntu'), ('LESSCLOSE', '/usr/bin/lesspipe %s %s'), ('QT_IM_MODULE', 'ibus'), ('PWD', '/home/starry1n/WUTA/WUTA-FSD/ros2_ws/build/autoware_msgs'), ('XDG_CONFIG_DIRS', '/etc/xdg/xdg-ubuntu:/etc/xdg'), ('DBUS_STARTER_ADDRESS', 'unix:path=/run/user/1000/bus,guid=c67e2489f73595b365ff0ae46a50c8ee'), ('XDG_DATA_DIRS', '/usr/share/ubuntu:/usr/local/share/:/usr/share/:/var/lib/snapd/desktop'), ('PYTHONPATH', '/opt/ros/humble/lib/python3.10/site-packages:/opt/ros/humble/local/lib/python3.10/dist-packages'), ('COLCON', '1'), ('VTE_VERSION', '6800'), ('CMAKE_PREFIX_PATH', '/opt/ros/humble')]), 'shell': False}
[0.021771] (kiss_icp) JobProgress: {'identifier': 'kiss_icp', 'progress': 'cmake'}
[0.022179] (kiss_icp) JobProgress: {'identifier': 'kiss_icp', 'progress': 'build'}
[0.022241] (kiss_icp) Command: {'cmd': ['/usr/bin/cmake', '--build', '/home/starry1n/WUTA/WUTA-FSD/ros2_ws/build/kiss_icp', '--', '-j8', '-l8'], 'cwd': '/home/starry1n/WUTA/WUTA-FSD/ros2_ws/build/kiss_icp', 'env': OrderedDict([('LESSOPEN', '| /usr/bin/lesspipe %s'), ('LANGUAGE', 'zh_CN:zh'), ('USER', 'starry1n'), ('XDG_SESSION_TYPE', 'wayland'), ('SHLVL', '3'), ('LD_LIBRARY_PATH', '/opt/ros/humble/opt/rviz_ogre_vendor/lib:/opt/ros/humble/lib/x86_64-linux-gnu:/opt/ros/humble/lib'), ('HOME', '/home/starry1n'), ('OLDPWD', '/home/starry1n/WUTA/WUTA-FSD'), ('DESKTOP_SESSION', 'ubuntu'), ('ROS_PYTHON_VERSION', '3'), ('GNOME_SHELL_SESSION_MODE', 'ubuntu'), ('GTK_MODULES', 'gail:atk-bridge'), ('DBUS_STARTER_BUS_TYPE', 'session'), ('SYSTEMD_EXEC_PID', '2321'), ('DBUS_SESSION_BUS_ADDRESS', 'unix:path=/run/user/1000/bus,guid=c67e2489f73595b365ff0ae46a50c8ee'), ('COLORTERM', 'truecolor'), ('IM_CONFIG_PHASE', '1'), ('WAYLAND_DISPLAY', 'wayland-0'), ('ROS_DISTRO', 'humble'), ('LOGNAME', 'starry1n'), ('_', '/usr/bin/colcon'), ('ROS_VERSION', '2'), ('XDG_SESSION_CLASS', 'user'), ('USERNAME', 'starry1n'), ('TERM', 'xterm-256color'), ('GNOME_DESKTOP_SESSION_ID', 'this-is-deprecated'), ('ROS_LOCALHOST_ONLY', '0'), ('PATH', '/home/starry1n/.local/bin:/opt/ros/humble/bin:/home/starry1n/.local/bin:/usr/local/sbin:/usr/local/bin:/usr/sbin:/usr/bin:/sbin:/bin:/usr/games:/usr/local/games:/snap/bin:/snap/bin'), ('SESSION_MANAGER', 'local/starry1n-virtual-machine:@/tmp/.ICE-unix/2321,unix/starry1n-virtual-machine:/tmp/.ICE-unix/2321'), ('XDG_MENU_PREFIX', 'gnome-'), ('GNOME_TERMINAL_SCREEN', '/org/gnome/Terminal/screen/1f3eb7e9_2641_49ca_8c99_b72e9fb24486'), ('GNOME_SETUP_DISPLAY', ':1'), ('XDG_RUNTIME_DIR', '/run/user/1000'), ('DISPLAY', ':0'), ('LANG', 'zh_CN.UTF-8'), ('XDG_CURRENT_DESKTOP', 'ubuntu:GNOME'), ('XMODIFIERS', '@im=ibus'), ('XDG_SESSION_DESKTOP', 'ubuntu'), ('XAUTHORITY', '/run/user/1000/.mutter-Xwaylandauth.H6FRS3'), ('LS_COLORS', 'rs=0:di=01;34:ln=01;36:mh=00:pi=40;33:so=01;35:do=01;35:bd=40;33;01:cd=40;33;01:or=40;31;01:mi=00:su=37;41:sg=30;43:ca=30;41:tw=30;42:ow=34;42:st=37;44:ex=01;32:*.tar=01;31:*.tgz=01;31:*.arc=01;31:*.arj=01;31:*.taz=01;31:*.lha=01;31:*.lz4=01;31:*.lzh=01;31:*.lzma=01;31:*.tlz=01;31:*.txz=01;31:*.tzo=01;31:*.t7z=01;31:*.zip=01;31:*.z=01;31:*.dz=01;31:*.gz=01;31:*.lrz=01;31:*.lz=01;31:*.lzo=01;31:*.xz=01;31:*.zst=01;31:*.tzst=01;31:*.bz2=01;31:*.bz=01;31:*.tbz=01;31:*.tbz2=01;31:*.tz=01;31:*.deb=01;31:*.rpm=01;31:*.jar=01;31:*.war=01;31:*.ear=01;31:*.sar=01;31:*.rar=01;31:*.alz=01;31:*.ace=01;31:*.zoo=01;31:*.cpio=01;31:*.7z=01;31:*.rz=01;31:*.cab=01;31:*.wim=01;31:*.swm=01;31:*.dwm=01;31:*.esd=01;31:*.jpg=01;35:*.jpeg=01;35:*.mjpg=01;35:*.mjpeg=01;35:*.gif=01;35:*.bmp=01;35:*.pbm=01;35:*.pgm=01;35:*.ppm=01;35:*.tga=01;35:*.xbm=01;35:*.xpm=01;35:*.tif=01;35:*.tiff=01;35:*.png=01;35:*.svg=01;35:*.svgz=01;35:*.mng=01;35:*.pcx=01;35:*.mov=01;35:*.mpg=01;35:*.mpeg=01;35:*.m2v=01;35:*.mkv=01;35:*.webm=01;35:*.webp=01;35:*.ogm=01;35:*.mp4=01;35:*.m4v=01;35:*.mp4v=01;35:*.vob=01;35:*.qt=01;35:*.nuv=01;35:*.wmv=01;35:*.asf=01;35:*.rm=01;35:*.rmvb=01;35:*.flc=01;35:*.avi=01;35:*.fli=01;35:*.flv=01;35:*.gl=01;35:*.dl=01;35:*.xcf=01;35:*.xwd=01;35:*.yuv=01;35:*.cgm=01;35:*.emf=01;35:*.ogv=01;35:*.ogx=01;35:*.aac=00;36:*.au=00;36:*.flac=00;36:*.m4a=00;36:*.mid=00;36:*.midi=00;36:*.mka=00;36:*.mp3=00;36:*.mpc=00;36:*.ogg=00;36:*.ra=00;36:*.wav=00;36:*.oga=00;36:*.opus=00;36:*.spx=00;36:*.xspf=00;36:'), ('GNOME_TERMINAL_SERVICE', ':1.330'), ('SSH_AGENT_LAUNCHER', 'gnome-keyring'), ('SSH_AUTH_SOCK', '/run/user/1000/keyring/ssh'), ('AMENT_PREFIX_PATH', '/opt/ros/humble'), ('SHELL', '/bin/bash'), ('QT_ACCESSIBILITY', '1'), ('GDMSESSION', 'ubuntu'), ('LESSCLOSE', '/usr/bin/lesspipe %s %s'), ('QT_IM_MODULE', 'ibus'), ('PWD', '/home/starry1n/WUTA/WUTA-FSD/ros2_ws/build/kiss_icp'), ('XDG_CONFIG_DIRS', '/etc/xdg/xdg-ubuntu:/etc/xdg'), ('DBUS_STARTER_ADDRESS', 'unix:path=/run/user/1000/bus,guid=c67e2489f73595b365ff0ae46a50c8ee'), ('XDG_DATA_DIRS', '/usr/share/ubuntu:/usr/local/share/:/usr/share/:/var/lib/snapd/desktop'), ('PYTHONPATH', '/opt/ros/humble/lib/python3.10/site-packages:/opt/ros/humble/local/lib/python3.10/dist-packages'), ('COLCON', '1'), ('VTE_VERSION', '6800'), ('CMAKE_PREFIX_PATH', '/opt/ros/humble')]), 'shell': False}
[0.030524] (robot_localization) JobProgress: {'identifier': 'robot_localization', 'progress': 'cmake'}
[0.033202] (robot_localization) JobProgress: {'identifier': 'robot_localization', 'progress': 'build'}
[0.033310] (robot_localization) Command: {'cmd': ['/usr/bin/cmake', '--build', '/home/starry1n/WUTA/WUTA-FSD/ros2_ws/build/robot_localization', '--', '-j8', '-l8'], 'cwd': '/home/starry1n/WUTA/WUTA-FSD/ros2_ws/build/robot_localization', 'env': OrderedDict([('LESSOPEN', '| /usr/bin/lesspipe %s'), ('LANGUAGE', 'zh_CN:zh'), ('USER', 'starry1n'), ('XDG_SESSION_TYPE', 'wayland'), ('SHLVL', '3'), ('LD_LIBRARY_PATH', '/opt/ros/humble/opt/rviz_ogre_vendor/lib:/opt/ros/humble/lib/x86_64-linux-gnu:/opt/ros/humble/lib'), ('HOME', '/home/starry1n'), ('OLDPWD', '/home/starry1n/WUTA/WUTA-FSD'), ('DESKTOP_SESSION', 'ubuntu'), ('ROS_PYTHON_VERSION', '3'), ('GNOME_SHELL_SESSION_MODE', 'ubuntu'), ('GTK_MODULES', 'gail:atk-bridge'), ('DBUS_STARTER_BUS_TYPE', 'session'), ('SYSTEMD_EXEC_PID', '2321'), ('DBUS_SESSION_BUS_ADDRESS', 'unix:path=/run/user/1000/bus,guid=c67e2489f73595b365ff0ae46a50c8ee'), ('COLORTERM', 'truecolor'), ('IM_CONFIG_PHASE', '1'), ('WAYLAND_DISPLAY', 'wayland-0'), ('ROS_DISTRO', 'humble'), ('LOGNAME', 'starry1n'), ('_', '/usr/bin/colcon'), ('ROS_VERSION', '2'), ('XDG_SESSION_CLASS', 'user'), ('USERNAME', 'starry1n'), ('TERM', 'xterm-256color'), ('GNOME_DESKTOP_SESSION_ID', 'this-is-deprecated'), ('ROS_LOCALHOST_ONLY', '0'), ('PATH', '/home/starry1n/.local/bin:/opt/ros/humble/bin:/home/starry1n/.local/bin:/usr/local/sbin:/usr/local/bin:/usr/sbin:/usr/bin:/sbin:/bin:/usr/games:/usr/local/games:/snap/bin:/snap/bin'), ('SESSION_MANAGER', 'local/starry1n-virtual-machine:@/tmp/.ICE-unix/2321,unix/starry1n-virtual-machine:/tmp/.ICE-unix/2321'), ('XDG_MENU_PREFIX', 'gnome-'), ('GNOME_TERMINAL_SCREEN', '/org/gnome/Terminal/screen/1f3eb7e9_2641_49ca_8c99_b72e9fb24486'), ('GNOME_SETUP_DISPLAY', ':1'), ('XDG_RUNTIME_DIR', '/run/user/1000'), ('DISPLAY', ':0'), ('LANG', 'zh_CN.UTF-8'), ('XDG_CURRENT_DESKTOP', 'ubuntu:GNOME'), ('XMODIFIERS', '@im=ibus'), ('XDG_SESSION_DESKTOP', 'ubuntu'), ('XAUTHORITY', '/run/user/1000/.mutter-Xwaylandauth.H6FRS3'), ('LS_COLORS', 'rs=0:di=01;34:ln=01;36:mh=00:pi=40;33:so=01;35:do=01;35:bd=40;33;01:cd=40;33;01:or=40;31;01:mi=00:su=37;41:sg=30;43:ca=30;41:tw=30;42:ow=34;42:st=37;44:ex=01;32:*.tar=01;31:*.tgz=01;31:*.arc=01;31:*.arj=01;31:*.taz=01;31:*.lha=01;31:*.lz4=01;31:*.lzh=01;31:*.lzma=01;31:*.tlz=01;31:*.txz=01;31:*.tzo=01;31:*.t7z=01;31:*.zip=01;31:*.z=01;31:*.dz=01;31:*.gz=01;31:*.lrz=01;31:*.lz=01;31:*.lzo=01;31:*.xz=01;31:*.zst=01;31:*.tzst=01;31:*.bz2=01;31:*.bz=01;31:*.tbz=01;31:*.tbz2=01;31:*.tz=01;31:*.deb=01;31:*.rpm=01;31:*.jar=01;31:*.war=01;31:*.ear=01;31:*.sar=01;31:*.rar=01;31:*.alz=01;31:*.ace=01;31:*.zoo=01;31:*.cpio=01;31:*.7z=01;31:*.rz=01;31:*.cab=01;31:*.wim=01;31:*.swm=01;31:*.dwm=01;31:*.esd=01;31:*.jpg=01;35:*.jpeg=01;35:*.mjpg=01;35:*.mjpeg=01;35:*.gif=01;35:*.bmp=01;35:*.pbm=01;35:*.pgm=01;35:*.ppm=01;35:*.tga=01;35:*.xbm=01;35:*.xpm=01;35:*.tif=01;35:*.tiff=01;35:*.png=01;35:*.svg=01;35:*.svgz=01;35:*.mng=01;35:*.pcx=01;35:*.mov=01;35:*.mpg=01;35:*.mpeg=01;35:*.m2v=01;35:*.mkv=01;35:*.webm=01;35:*.webp=01;35:*.ogm=01;35:*.mp4=01;35:*.m4v=01;35:*.mp4v=01;35:*.vob=01;35:*.qt=01;35:*.nuv=01;35:*.wmv=01;35:*.asf=01;35:*.rm=01;35:*.rmvb=01;35:*.flc=01;35:*.avi=01;35:*.fli=01;35:*.flv=01;35:*.gl=01;35:*.dl=01;35:*.xcf=01;35:*.xwd=01;35:*.yuv=01;35:*.cgm=01;35:*.emf=01;35:*.ogv=01;35:*.ogx=01;35:*.aac=00;36:*.au=00;36:*.flac=00;36:*.m4a=00;36:*.mid=00;36:*.midi=00;36:*.mka=00;36:*.mp3=00;36:*.mpc=00;36:*.ogg=00;36:*.ra=00;36:*.wav=00;36:*.oga=00;36:*.opus=00;36:*.spx=00;36:*.xspf=00;36:'), ('GNOME_TERMINAL_SERVICE', ':1.330'), ('SSH_AGENT_LAUNCHER', 'gnome-keyring'), ('SSH_AUTH_SOCK', '/run/user/1000/keyring/ssh'), ('AMENT_PREFIX_PATH', '/opt/ros/humble'), ('SHELL', '/bin/bash'), ('QT_ACCESSIBILITY', '1'), ('GDMSESSION', 'ubuntu'), ('LESSCLOSE', '/usr/bin/lesspipe %s %s'), ('QT_IM_MODULE', 'ibus'), ('PWD', '/home/starry1n/WUTA/WUTA-FSD/ros2_ws/build/robot_localization'), ('XDG_CONFIG_DIRS', '/etc/xdg/xdg-ubuntu:/etc/xdg'), ('DBUS_STARTER_ADDRESS', 'unix:path=/run/user/1000/bus,guid=c67e2489f73595b365ff0ae46a50c8ee'), ('XDG_DATA_DIRS', '/usr/share/ubuntu:/usr/local/share/:/usr/share/:/var/lib/snapd/desktop'), ('PYTHONPATH', '/opt/ros/humble/lib/python3.10/site-packages:/opt/ros/humble/local/lib/python3.10/dist-packages'), ('COLCON', '1'), ('VTE_VERSION', '6800'), ('CMAKE_PREFIX_PATH', '/opt/ros/humble')]), 'shell': False}
[0.082837] (wuta_msgs) StdoutLine: {'line': b'[  1%] Built target wuta_msgs__cpp\n'}
[0.083260] (wuta_msgs) StdoutLine: {'line': b'[  3%] Built target wuta_msgs__rs\n'}
[0.083376] (wuta_msgs) StdoutLine: {'line': b'[  1%] Built target ament_cmake_python_symlink_wuta_msgs\n'}
[0.093133] (autoware_msgs) StdoutLine: {'line': b'[ 10%] Built target autoware_msgs__rosidl_generator_c\n'}
[0.104129] (-) TimerEvent: {}
[0.108773] (autoware_msgs) StdoutLine: {'line': b'[ 12%] Built target autoware_msgs__rs\n'}
[0.110317] (kiss_icp) StdoutLine: {'line': b'[ 42%] Built target kiss_icp_core\n'}
[0.114702] (autoware_msgs) StdoutLine: {'line': b'[ 12%] Built target ament_cmake_python_symlink_autoware_msgs\n'}
[0.119117] (wuta_msgs) StdoutLine: {'line': b'[ 14%] Built target wuta_msgs__rosidl_generator_c\n'}
[0.119326] (kiss_icp) StdoutLine: {'line': b'[ 57%] Built target kiss_icp_metrics\n'}
[0.126096] (kiss_icp) StdoutLine: {'line': b'[ 71%] Built target kiss_icp_node\n'}
[0.133442] (autoware_msgs) StdoutLine: {'line': b'[ 14%] Built target autoware_msgs__cpp\n'}
[0.133607] (autoware_msgs) StdoutLine: {'line': b'[ 25%] Built target autoware_msgs__rosidl_typesupport_fastrtps_c\n'}
[0.133652] (robot_localization) StdoutLine: {'line': b'[  1%] Built target robot_localization__cpp\n'}
[0.133719] (robot_localization) StdoutLine: {'line': b'[  3%] Built target gtest_main\n'}
[0.139843] (robot_localization) StdoutLine: {'line': b'[  3%] Built target ament_cmake_python_symlink_robot_localization\n'}
[0.140002] (wuta_msgs) StdoutLine: {'line': b'[ 25%] Built target wuta_msgs__rosidl_typesupport_cpp\n'}
[0.142510] (wuta_msgs) StdoutLine: {'line': b'[ 35%] Built target wuta_msgs__rosidl_typesupport_introspection_cpp\n'}
[0.145688] (robot_localization) StdoutLine: {'line': b'[ 10%] Built target robot_localization__rosidl_generator_c\n'}
[0.148467] (robot_localization) StdoutLine: {'line': b'[ 11%] Built target robot_localization__rs\n'}
[0.148630] (robot_localization) StdoutLine: {'line': b'[ 13%] Built target gtest\n'}
[0.166517] (autoware_msgs) StdoutLine: {'line': b'[ 35%] Built target autoware_msgs__rosidl_typesupport_introspection_c\n'}
[0.168601] (wuta_msgs) StdoutLine: {'line': b'[ 46%] Built target wuta_msgs__rosidl_typesupport_fastrtps_cpp\n'}
[0.175271] (robot_localization) StdoutLine: {'line': b'[ 20%] Built target robot_localization__rosidl_typesupport_fastrtps_cpp\n'}
[0.177506] (wuta_msgs) StdoutLine: {'line': b'[ 57%] Built target wuta_msgs__rosidl_typesupport_introspection_c\n'}
[0.182578] (autoware_msgs) StdoutLine: {'line': b'[ 45%] Built target autoware_msgs__rosidl_typesupport_c\n'}
[0.183478] (kiss_icp) StdoutLine: {'line': b'[ 85%] Built target kiss_icp_pipeline\n'}
[0.184296] (wuta_msgs) StdoutLine: {'line': b'[ 67%] Built target wuta_msgs__rosidl_typesupport_c\n'}
[0.198667] (wuta_msgs) StdoutLine: {'line': b'[ 78%] Built target wuta_msgs__rosidl_typesupport_fastrtps_c\n'}
[0.202240] (robot_localization) StdoutLine: {'line': b'[ 27%] Built target robot_localization__rosidl_typesupport_c\n'}
[0.202576] (robot_localization) StdoutLine: {'line': b'[ 34%] Built target robot_localization__rosidl_typesupport_fastrtps_c\n'}
[0.202928] (robot_localization) StdoutLine: {'line': b'[ 41%] Built target robot_localization__rosidl_typesupport_introspection_cpp\n'}
[0.204273] (-) TimerEvent: {}
[0.209070] (autoware_msgs) StdoutLine: {'line': b'[ 56%] Built target autoware_msgs__rosidl_typesupport_cpp\n'}
[0.209777] (robot_localization) StdoutLine: {'line': b'[ 48%] Built target robot_localization__rosidl_typesupport_introspection_c\n'}
[0.213932] (autoware_msgs) StdoutLine: {'line': b'[ 66%] Built target autoware_msgs__rosidl_typesupport_introspection_cpp\n'}
[0.216415] (robot_localization) StdoutLine: {'line': b'[ 55%] Built target robot_localization__rosidl_typesupport_cpp\n'}
[0.217079] (autoware_msgs) StdoutLine: {'line': b'[ 77%] Built target autoware_msgs__rosidl_typesupport_fastrtps_cpp\n'}
[0.231345] (wuta_msgs) StdoutLine: {'line': b'[ 78%] Built target wuta_msgs\n'}
[0.237209] (autoware_msgs) StdoutLine: {'line': b'[ 77%] Built target autoware_msgs\n'}
[0.237442] (robot_localization) StdoutLine: {'line': b'[ 55%] Built target robot_localization\n'}
[0.240289] (kiss_icp) StdoutLine: {'line': b'[100%] Built target odometry_component\n'}
[0.256126] (robot_localization) StdoutLine: {'line': b'[ 56%] Built target robot_localization__py\n'}
[0.257149] (autoware_msgs) StdoutLine: {'line': b'[ 79%] Built target autoware_msgs__py\n'}
[0.260326] (kiss_icp) CommandEnded: {'returncode': 0}
[0.262195] (kiss_icp) JobProgress: {'identifier': 'kiss_icp', 'progress': 'install'}
[0.266822] (kiss_icp) Command: {'cmd': ['/usr/bin/cmake', '--install', '/home/starry1n/WUTA/WUTA-FSD/ros2_ws/build/kiss_icp'], 'cwd': '/home/starry1n/WUTA/WUTA-FSD/ros2_ws/build/kiss_icp', 'env': OrderedDict([('LESSOPEN', '| /usr/bin/lesspipe %s'), ('LANGUAGE', 'zh_CN:zh'), ('USER', 'starry1n'), ('XDG_SESSION_TYPE', 'wayland'), ('SHLVL', '3'), ('LD_LIBRARY_PATH', '/opt/ros/humble/opt/rviz_ogre_vendor/lib:/opt/ros/humble/lib/x86_64-linux-gnu:/opt/ros/humble/lib'), ('HOME', '/home/starry1n'), ('OLDPWD', '/home/starry1n/WUTA/WUTA-FSD'), ('DESKTOP_SESSION', 'ubuntu'), ('ROS_PYTHON_VERSION', '3'), ('GNOME_SHELL_SESSION_MODE', 'ubuntu'), ('GTK_MODULES', 'gail:atk-bridge'), ('DBUS_STARTER_BUS_TYPE', 'session'), ('SYSTEMD_EXEC_PID', '2321'), ('DBUS_SESSION_BUS_ADDRESS', 'unix:path=/run/user/1000/bus,guid=c67e2489f73595b365ff0ae46a50c8ee'), ('COLORTERM', 'truecolor'), ('IM_CONFIG_PHASE', '1'), ('WAYLAND_DISPLAY', 'wayland-0'), ('ROS_DISTRO', 'humble'), ('LOGNAME', 'starry1n'), ('_', '/usr/bin/colcon'), ('ROS_VERSION', '2'), ('XDG_SESSION_CLASS', 'user'), ('USERNAME', 'starry1n'), ('TERM', 'xterm-256color'), ('GNOME_DESKTOP_SESSION_ID', 'this-is-deprecated'), ('ROS_LOCALHOST_ONLY', '0'), ('PATH', '/home/starry1n/.local/bin:/opt/ros/humble/bin:/home/starry1n/.local/bin:/usr/local/sbin:/usr/local/bin:/usr/sbin:/usr/bin:/sbin:/bin:/usr/games:/usr/local/games:/snap/bin:/snap/bin'), ('SESSION_MANAGER', 'local/starry1n-virtual-machine:@/tmp/.ICE-unix/2321,unix/starry1n-virtual-machine:/tmp/.ICE-unix/2321'), ('XDG_MENU_PREFIX', 'gnome-'), ('GNOME_TERMINAL_SCREEN', '/org/gnome/Terminal/screen/1f3eb7e9_2641_49ca_8c99_b72e9fb24486'), ('GNOME_SETUP_DISPLAY', ':1'), ('XDG_RUNTIME_DIR', '/run/user/1000'), ('DISPLAY', ':0'), ('LANG', 'zh_CN.UTF-8'), ('XDG_CURRENT_DESKTOP', 'ubuntu:GNOME'), ('XMODIFIERS', '@im=ibus'), ('XDG_SESSION_DESKTOP', 'ubuntu'), ('XAUTHORITY', '/run/user/1000/.mutter-Xwaylandauth.H6FRS3'), ('LS_COLORS', 'rs=0:di=01;34:ln=01;36:mh=00:pi=40;33:so=01;35:do=01;35:bd=40;33;01:cd=40;33;01:or=40;31;01:mi=00:su=37;41:sg=30;43:ca=30;41:tw=30;42:ow=34;42:st=37;44:ex=01;32:*.tar=01;31:*.tgz=01;31:*.arc=01;31:*.arj=01;31:*.taz=01;31:*.lha=01;31:*.lz4=01;31:*.lzh=01;31:*.lzma=01;31:*.tlz=01;31:*.txz=01;31:*.tzo=01;31:*.t7z=01;31:*.zip=01;31:*.z=01;31:*.dz=01;31:*.gz=01;31:*.lrz=01;31:*.lz=01;31:*.lzo=01;31:*.xz=01;31:*.zst=01;31:*.tzst=01;31:*.bz2=01;31:*.bz=01;31:*.tbz=01;31:*.tbz2=01;31:*.tz=01;31:*.deb=01;31:*.rpm=01;31:*.jar=01;31:*.war=01;31:*.ear=01;31:*.sar=01;31:*.rar=01;31:*.alz=01;31:*.ace=01;31:*.zoo=01;31:*.cpio=01;31:*.7z=01;31:*.rz=01;31:*.cab=01;31:*.wim=01;31:*.swm=01;31:*.dwm=01;31:*.esd=01;31:*.jpg=01;35:*.jpeg=01;35:*.mjpg=01;35:*.mjpeg=01;35:*.gif=01;35:*.bmp=01;35:*.pbm=01;35:*.pgm=01;35:*.ppm=01;35:*.tga=01;35:*.xbm=01;35:*.xpm=01;35:*.tif=01;35:*.tiff=01;35:*.png=01;35:*.svg=01;35:*.svgz=01;35:*.mng=01;35:*.pcx=01;35:*.mov=01;35:*.mpg=01;35:*.mpeg=01;35:*.m2v=01;35:*.mkv=01;35:*.webm=01;35:*.webp=01;35:*.ogm=01;35:*.mp4=01;35:*.m4v=01;35:*.mp4v=01;35:*.vob=01;35:*.qt=01;35:*.nuv=01;35:*.wmv=01;35:*.asf=01;35:*.rm=01;35:*.rmvb=01;35:*.flc=01;35:*.avi=01;35:*.fli=01;35:*.flv=01;35:*.gl=01;35:*.dl=01;35:*.xcf=01;35:*.xwd=01;35:*.yuv=01;35:*.cgm=01;35:*.emf=01;35:*.ogv=01;35:*.ogx=01;35:*.aac=00;36:*.au=00;36:*.flac=00;36:*.m4a=00;36:*.mid=00;36:*.midi=00;36:*.mka=00;36:*.mp3=00;36:*.mpc=00;36:*.ogg=00;36:*.ra=00;36:*.wav=00;36:*.oga=00;36:*.opus=00;36:*.spx=00;36:*.xspf=00;36:'), ('GNOME_TERMINAL_SERVICE', ':1.330'), ('SSH_AGENT_LAUNCHER', 'gnome-keyring'), ('SSH_AUTH_SOCK', '/run/user/1000/keyring/ssh'), ('AMENT_PREFIX_PATH', '/opt/ros/humble'), ('SHELL', '/bin/bash'), ('QT_ACCESSIBILITY', '1'), ('GDMSESSION', 'ubuntu'), ('LESSCLOSE', '/usr/bin/lesspipe %s %s'), ('QT_IM_MODULE', 'ibus'), ('PWD', '/home/starry1n/WUTA/WUTA-FSD/ros2_ws/build/kiss_icp'), ('XDG_CONFIG_DIRS', '/etc/xdg/xdg-ubuntu:/etc/xdg'), ('DBUS_STARTER_ADDRESS', 'unix:path=/run/user/1000/bus,guid=c67e2489f73595b365ff0ae46a50c8ee'), ('XDG_DATA_DIRS', '/usr/share/ubuntu:/usr/local/share/:/usr/share/:/var/lib/snapd/desktop'), ('PYTHONPATH', '/opt/ros/humble/lib/python3.10/site-packages:/opt/ros/humble/local/lib/python3.10/dist-packages'), ('COLCON', '1'), ('VTE_VERSION', '6800'), ('CMAKE_PREFIX_PATH', '/opt/ros/humble')]), 'shell': False}
[0.268498] (wuta_msgs) StdoutLine: {'line': b'[ 80%] Built target wuta_msgs__py\n'}
[0.276150] (kiss_icp) StdoutLine: {'line': b'-- Install configuration: "Release"\n'}
[0.276299] (kiss_icp) StdoutLine: {'line': b'-- Execute custom install script\n'}
[0.276342] (kiss_icp) StdoutLine: {'line': b'-- Up-to-date symlink: /home/starry1n/WUTA/WUTA-FSD/ros2_ws/install/kiss_icp/lib/kiss_icp/kiss_icp_node\n'}
[0.276379] (kiss_icp) StdoutLine: {'line': b'-- Up-to-date symlink: /home/starry1n/WUTA/WUTA-FSD/ros2_ws/install/kiss_icp/lib/libodometry_component.so\n'}
[0.276412] (kiss_icp) StdoutLine: {'line': b'-- Up-to-date symlink: /home/starry1n/WUTA/WUTA-FSD/ros2_ws/install/kiss_icp/share/kiss_icp//launch/odometry.launch.py\n'}
[0.276442] (kiss_icp) StdoutLine: {'line': b'-- Up-to-date symlink: /home/starry1n/WUTA/WUTA-FSD/ros2_ws/install/kiss_icp/share/kiss_icp//rviz/kiss_icp.rviz\n'}
[0.276471] (kiss_icp) StdoutLine: {'line': b'-- Up-to-date symlink: /home/starry1n/WUTA/WUTA-FSD/ros2_ws/install/kiss_icp/share/kiss_icp//config/config.yaml\n'}
[0.276501] (kiss_icp) StdoutLine: {'line': b'-- Up-to-date symlink: /home/starry1n/WUTA/WUTA-FSD/ros2_ws/install/kiss_icp/share/ament_index/resource_index/package_run_dependencies/kiss_icp\n'}
[0.276529] (kiss_icp) StdoutLine: {'line': b'-- Up-to-date symlink: /home/starry1n/WUTA/WUTA-FSD/ros2_ws/install/kiss_icp/share/ament_index/resource_index/parent_prefix_path/kiss_icp\n'}
[0.276556] (kiss_icp) StdoutLine: {'line': b'-- Up-to-date symlink: /home/starry1n/WUTA/WUTA-FSD/ros2_ws/install/kiss_icp/share/kiss_icp/environment/ament_prefix_path.sh\n'}
[0.276582] (kiss_icp) StdoutLine: {'line': b'-- Up-to-date symlink: /home/starry1n/WUTA/WUTA-FSD/ros2_ws/install/kiss_icp/share/kiss_icp/environment/ament_prefix_path.dsv\n'}
[0.277154] (robot_localization) StdoutLine: {'line': b'[ 65%] Built target rl_lib\n'}
[0.277219] (robot_localization) StdoutLine: {'line': b'[ 71%] Built target robot_localization__rosidl_generator_py\n'}
[0.277252] (kiss_icp) StdoutLine: {'line': b'-- Up-to-date symlink: /home/starry1n/WUTA/WUTA-FSD/ros2_ws/install/kiss_icp/share/kiss_icp/environment/path.sh\n'}
[0.277284] (kiss_icp) StdoutLine: {'line': b'-- Up-to-date symlink: /home/starry1n/WUTA/WUTA-FSD/ros2_ws/install/kiss_icp/share/kiss_icp/environment/path.dsv\n'}
[0.277312] (kiss_icp) StdoutLine: {'line': b'-- Up-to-date symlink: /home/starry1n/WUTA/WUTA-FSD/ros2_ws/install/kiss_icp/share/kiss_icp/local_setup.bash\n'}
[0.277398] (kiss_icp) StdoutLine: {'line': b'-- Up-to-date symlink: /home/starry1n/WUTA/WUTA-FSD/ros2_ws/install/kiss_icp/share/kiss_icp/local_setup.sh\n'}
[0.277446] (kiss_icp) StdoutLine: {'line': b'-- Up-to-date symlink: /home/starry1n/WUTA/WUTA-FSD/ros2_ws/install/kiss_icp/share/kiss_icp/local_setup.zsh\n'}
[0.277475] (kiss_icp) StdoutLine: {'line': b'-- Up-to-date symlink: /home/starry1n/WUTA/WUTA-FSD/ros2_ws/install/kiss_icp/share/kiss_icp/local_setup.dsv\n'}
[0.277906] (kiss_icp) StdoutLine: {'line': b'-- Symlinking: /home/starry1n/WUTA/WUTA-FSD/ros2_ws/install/kiss_icp/share/kiss_icp/package.dsv\n'}
[0.284996] (kiss_icp) StdoutLine: {'line': b'-- Up-to-date symlink: /home/starry1n/WUTA/WUTA-FSD/ros2_ws/install/kiss_icp/share/ament_index/resource_index/packages/kiss_icp\n'}
[0.286523] (kiss_icp) StdoutLine: {'line': b'-- Up-to-date symlink: /home/starry1n/WUTA/WUTA-FSD/ros2_ws/install/kiss_icp/share/ament_index/resource_index/rclcpp_components/kiss_icp\n'}
[0.286864] (kiss_icp) StdoutLine: {'line': b'-- Up-to-date symlink: /home/starry1n/WUTA/WUTA-FSD/ros2_ws/install/kiss_icp/share/kiss_icp/cmake/kiss_icpConfig.cmake\n'}
[0.287037] (kiss_icp) StdoutLine: {'line': b'-- Up-to-date symlink: /home/starry1n/WUTA/WUTA-FSD/ros2_ws/install/kiss_icp/share/kiss_icp/cmake/kiss_icpConfig-version.cmake\n'}
[0.287216] (kiss_icp) StdoutLine: {'line': b'-- Up-to-date symlink: /home/starry1n/WUTA/WUTA-FSD/ros2_ws/install/kiss_icp/share/kiss_icp/package.xml\n'}
[0.289894] (kiss_icp) CommandEnded: {'returncode': 0}
[0.291226] (wuta_msgs) StdoutLine: {'line': b'running egg_info\n'}
[0.291306] (wuta_msgs) StdoutLine: {'line': b'writing wuta_msgs.egg-info/PKG-INFO\n'}
[0.291341] (wuta_msgs) StdoutLine: {'line': b'writing dependency_links to wuta_msgs.egg-info/dependency_links.txt\n'}
[0.291370] (wuta_msgs) StdoutLine: {'line': b'writing top-level names to wuta_msgs.egg-info/top_level.txt\n'}
[0.294899] (wuta_msgs) StdoutLine: {'line': b"reading manifest file 'wuta_msgs.egg-info/SOURCES.txt'\n"}
[0.295061] (wuta_msgs) StdoutLine: {'line': b"writing manifest file 'wuta_msgs.egg-info/SOURCES.txt'\n"}
[0.298035] (autoware_msgs) StdoutLine: {'line': b'[ 87%] Built target autoware_msgs__rosidl_generator_py\n'}
[0.304349] (-) TimerEvent: {}
[0.315213] (kiss_icp) JobEnded: {'identifier': 'kiss_icp', 'rc': 0}
[0.330440] (robot_localization) StdoutLine: {'line': b'[ 73%] Built target ukf_node\n'}
[0.335112] (wuta_msgs) StdoutLine: {'line': b'[ 89%] Built target wuta_msgs__rosidl_generator_py\n'}
[0.335432] (robot_localization) StdoutLine: {'line': b'[ 75%] Built target robot_localization_listener_node\n'}
[0.336524] (robot_localization) StdoutLine: {'line': b'[ 76%] Built target navsat_transform_node\n'}
[0.339296] (autoware_msgs) StdoutLine: {'line': b'[ 91%] Built target autoware_msgs__rosidl_typesupport_introspection_c__pyext\n'}
[0.339914] (autoware_msgs) StdoutLine: {'line': b'[ 95%] Built target autoware_msgs__rosidl_typesupport_c__pyext\n'}
[0.341630] (wuta_msgs) StdoutLine: {'line': b'[ 89%] Built target ament_cmake_python_build_wuta_msgs_egg\n'}
[0.346728] (robot_localization) StdoutLine: {'line': b'[ 77%] Built target ekf_node\n'}
[0.347205] (robot_localization) StdoutLine: {'line': b'[ 79%] Built target filter_base-test\n'}
[0.352213] (robot_localization) StdoutLine: {'line': b'running egg_info\n'}
[0.352992] (robot_localization) StdoutLine: {'line': b'writing robot_localization.egg-info/PKG-INFO\n'}
[0.353589] (robot_localization) StdoutLine: {'line': b'writing dependency_links to robot_localization.egg-info/dependency_links.txt\n'}
[0.353944] (robot_localization) StdoutLine: {'line': b'writing top-level names to robot_localization.egg-info/top_level.txt\n'}
[0.356672] (robot_localization) StdoutLine: {'line': b"reading manifest file 'robot_localization.egg-info/SOURCES.txt'\n"}
[0.357165] (robot_localization) StdoutLine: {'line': b"writing manifest file 'robot_localization.egg-info/SOURCES.txt'\n"}
[0.358546] (autoware_msgs) StdoutLine: {'line': b'[100%] Built target autoware_msgs__rosidl_typesupport_fastrtps_c__pyext\n'}
[0.368263] (robot_localization) StdoutLine: {'line': b'[ 81%] Built target test_ukf\n'}
[0.370000] (wuta_msgs) StdoutLine: {'line': b'[ 92%] Built target wuta_msgs__rosidl_typesupport_introspection_c__pyext\n'}
[0.373241] (robot_localization) StdoutLine: {'line': b'[ 83%] Built target test_ekf\n'}
[0.374726] (robot_localization) StdoutLine: {'line': b'[ 85%] Built target test_navsat_conversions\n'}
[0.378325] (robot_localization) StdoutLine: {'line': b'[ 87%] Built target test_ros_robot_localization_listener_publisher\n'}
[0.380997] (robot_localization) StdoutLine: {'line': b'[ 87%] Built target ament_cmake_python_build_robot_localization_egg\n'}
[0.386045] (wuta_msgs) StdoutLine: {'line': b'[ 96%] Built target wuta_msgs__rosidl_typesupport_c__pyext\n'}
[0.393165] (robot_localization) StdoutLine: {'line': b'[ 90%] Built target test_ros_robot_localization_listener\n'}
[0.393831] (robot_localization) StdoutLine: {'line': b'[ 90%] Built target robot_localization__rosidl_typesupport_fastrtps_c__pyext\n'}
[0.393916] (robot_localization) StdoutLine: {'line': b'[ 92%] Built target test_robot_localization_estimator\n'}
[0.393978] (wuta_msgs) StdoutLine: {'line': b'[100%] Built target wuta_msgs__rosidl_typesupport_fastrtps_c__pyext\n'}
[0.394677] (autoware_msgs) StdoutLine: {'line': b'running egg_info\n'}
[0.395377] (autoware_msgs) StdoutLine: {'line': b'writing autoware_msgs.egg-info/PKG-INFO\n'}
[0.395922] (autoware_msgs) StdoutLine: {'line': b'writing dependency_links to autoware_msgs.egg-info/dependency_links.txt\n'}
[0.396968] (autoware_msgs) StdoutLine: {'line': b'writing top-level names to autoware_msgs.egg-info/top_level.txt\n'}
[0.401699] (autoware_msgs) StdoutLine: {'line': b"reading manifest file 'autoware_msgs.egg-info/SOURCES.txt'\n"}
[0.402863] (autoware_msgs) StdoutLine: {'line': b"writing manifest file 'autoware_msgs.egg-info/SOURCES.txt'\n"}
[0.404724] (-) TimerEvent: {}
[0.406117] (robot_localization) StdoutLine: {'line': b'[ 93%] Built target robot_localization__rosidl_typesupport_introspection_c__pyext\n'}
[0.411778] (wuta_msgs) CommandEnded: {'returncode': 0}
[0.412508] (wuta_msgs) JobProgress: {'identifier': 'wuta_msgs', 'progress': 'install'}
[0.414086] (wuta_msgs) Command: {'cmd': ['/usr/bin/cmake', '--install', '/home/starry1n/WUTA/WUTA-FSD/ros2_ws/build/wuta_msgs'], 'cwd': '/home/starry1n/WUTA/WUTA-FSD/ros2_ws/build/wuta_msgs', 'env': OrderedDict([('LESSOPEN', '| /usr/bin/lesspipe %s'), ('LANGUAGE', 'zh_CN:zh'), ('USER', 'starry1n'), ('XDG_SESSION_TYPE', 'wayland'), ('SHLVL', '3'), ('LD_LIBRARY_PATH', '/opt/ros/humble/opt/rviz_ogre_vendor/lib:/opt/ros/humble/lib/x86_64-linux-gnu:/opt/ros/humble/lib'), ('HOME', '/home/starry1n'), ('OLDPWD', '/home/starry1n/WUTA/WUTA-FSD'), ('DESKTOP_SESSION', 'ubuntu'), ('ROS_PYTHON_VERSION', '3'), ('GNOME_SHELL_SESSION_MODE', 'ubuntu'), ('GTK_MODULES', 'gail:atk-bridge'), ('DBUS_STARTER_BUS_TYPE', 'session'), ('SYSTEMD_EXEC_PID', '2321'), ('DBUS_SESSION_BUS_ADDRESS', 'unix:path=/run/user/1000/bus,guid=c67e2489f73595b365ff0ae46a50c8ee'), ('COLORTERM', 'truecolor'), ('IM_CONFIG_PHASE', '1'), ('WAYLAND_DISPLAY', 'wayland-0'), ('ROS_DISTRO', 'humble'), ('LOGNAME', 'starry1n'), ('_', '/usr/bin/colcon'), ('ROS_VERSION', '2'), ('XDG_SESSION_CLASS', 'user'), ('USERNAME', 'starry1n'), ('TERM', 'xterm-256color'), ('GNOME_DESKTOP_SESSION_ID', 'this-is-deprecated'), ('ROS_LOCALHOST_ONLY', '0'), ('PATH', '/home/starry1n/.local/bin:/opt/ros/humble/bin:/home/starry1n/.local/bin:/usr/local/sbin:/usr/local/bin:/usr/sbin:/usr/bin:/sbin:/bin:/usr/games:/usr/local/games:/snap/bin:/snap/bin'), ('SESSION_MANAGER', 'local/starry1n-virtual-machine:@/tmp/.ICE-unix/2321,unix/starry1n-virtual-machine:/tmp/.ICE-unix/2321'), ('XDG_MENU_PREFIX', 'gnome-'), ('GNOME_TERMINAL_SCREEN', '/org/gnome/Terminal/screen/1f3eb7e9_2641_49ca_8c99_b72e9fb24486'), ('GNOME_SETUP_DISPLAY', ':1'), ('XDG_RUNTIME_DIR', '/run/user/1000'), ('DISPLAY', ':0'), ('LANG', 'zh_CN.UTF-8'), ('XDG_CURRENT_DESKTOP', 'ubuntu:GNOME'), ('XMODIFIERS', '@im=ibus'), ('XDG_SESSION_DESKTOP', 'ubuntu'), ('XAUTHORITY', '/run/user/1000/.mutter-Xwaylandauth.H6FRS3'), ('LS_COLORS', 'rs=0:di=01;34:ln=01;36:mh=00:pi=40;33:so=01;35:do=01;35:bd=40;33;01:cd=40;33;01:or=40;31;01:mi=00:su=37;41:sg=30;43:ca=30;41:tw=30;42:ow=34;42:st=37;44:ex=01;32:*.tar=01;31:*.tgz=01;31:*.arc=01;31:*.arj=01;31:*.taz=01;31:*.lha=01;31:*.lz4=01;31:*.lzh=01;31:*.lzma=01;31:*.tlz=01;31:*.txz=01;31:*.tzo=01;31:*.t7z=01;31:*.zip=01;31:*.z=01;31:*.dz=01;31:*.gz=01;31:*.lrz=01;31:*.lz=01;31:*.lzo=01;31:*.xz=01;31:*.zst=01;31:*.tzst=01;31:*.bz2=01;31:*.bz=01;31:*.tbz=01;31:*.tbz2=01;31:*.tz=01;31:*.deb=01;31:*.rpm=01;31:*.jar=01;31:*.war=01;31:*.ear=01;31:*.sar=01;31:*.rar=01;31:*.alz=01;31:*.ace=01;31:*.zoo=01;31:*.cpio=01;31:*.7z=01;31:*.rz=01;31:*.cab=01;31:*.wim=01;31:*.swm=01;31:*.dwm=01;31:*.esd=01;31:*.jpg=01;35:*.jpeg=01;35:*.mjpg=01;35:*.mjpeg=01;35:*.gif=01;35:*.bmp=01;35:*.pbm=01;35:*.pgm=01;35:*.ppm=01;35:*.tga=01;35:*.xbm=01;35:*.xpm=01;35:*.tif=01;35:*.tiff=01;35:*.png=01;35:*.svg=01;35:*.svgz=01;35:*.mng=01;35:*.pcx=01;35:*.mov=01;35:*.mpg=01;35:*.mpeg=01;35:*.m2v=01;35:*.mkv=01;35:*.webm=01;35:*.webp=01;35:*.ogm=01;35:*.mp4=01;35:*.m4v=01;35:*.mp4v=01;35:*.vob=01;35:*.qt=01;35:*.nuv=01;35:*.wmv=01;35:*.asf=01;35:*.rm=01;35:*.rmvb=01;35:*.flc=01;35:*.avi=01;35:*.fli=01;35:*.flv=01;35:*.gl=01;35:*.dl=01;35:*.xcf=01;35:*.xwd=01;35:*.yuv=01;35:*.cgm=01;35:*.emf=01;35:*.ogv=01;35:*.ogx=01;35:*.aac=00;36:*.au=00;36:*.flac=00;36:*.m4a=00;36:*.mid=00;36:*.midi=00;36:*.mka=00;36:*.mp3=00;36:*.mpc=00;36:*.ogg=00;36:*.ra=00;36:*.wav=00;36:*.oga=00;36:*.opus=00;36:*.spx=00;36:*.xspf=00;36:'), ('GNOME_TERMINAL_SERVICE', ':1.330'), ('SSH_AGENT_LAUNCHER', 'gnome-keyring'), ('SSH_AUTH_SOCK', '/run/user/1000/keyring/ssh'), ('AMENT_PREFIX_PATH', '/opt/ros/humble'), ('SHELL', '/bin/bash'), ('QT_ACCESSIBILITY', '1'), ('GDMSESSION', 'ubuntu'), ('LESSCLOSE', '/usr/bin/lesspipe %s %s'), ('QT_IM_MODULE', 'ibus'), ('PWD', '/home/starry1n/WUTA/WUTA-FSD/ros2_ws/build/wuta_msgs'), ('XDG_CONFIG_DIRS', '/etc/xdg/xdg-ubuntu:/etc/xdg'), ('DBUS_STARTER_ADDRESS', 'unix:path=/run/user/1000/bus,guid=c67e2489f73595b365ff0ae46a50c8ee'), ('XDG_DATA_DIRS', '/usr/share/ubuntu:/usr/local/share/:/usr/share/:/var/lib/snapd/desktop'), ('PYTHONPATH', '/opt/ros/humble/lib/python3.10/site-packages:/opt/ros/humble/local/lib/python3.10/dist-packages'), ('COLCON', '1'), ('VTE_VERSION', '6800'), ('CMAKE_PREFIX_PATH', '/opt/ros/humble')]), 'shell': False}
[0.415340] (robot_localization) StdoutLine: {'line': b'[ 96%] Built target test_filter_base_diagnostics_timestamps\n'}
[0.415477] (robot_localization) StdoutLine: {'line': b'[ 97%] Built target robot_localization__rosidl_typesupport_c__pyext\n'}
[0.420162] (robot_localization) StdoutLine: {'line': b'[ 98%] Built target test_ekf_localization_node_interfaces\n'}
[0.421979] (robot_localization) StdoutLine: {'line': b'[100%] Built target test_ukf_localization_node_interfaces\n'}
[0.424836] (wuta_msgs) StdoutLine: {'line': b'-- Install configuration: ""\n'}
[0.425580] (wuta_msgs) StdoutLine: {'line': b'-- Execute custom install script\n'}
[0.426244] (wuta_msgs) StdoutLine: {'line': b'-- Up-to-date symlink: /home/starry1n/WUTA/WUTA-FSD/ros2_ws/install/wuta_msgs/share/ament_index/resource_index/rosidl_interfaces/wuta_msgs\n'}
[0.426698] (wuta_msgs) StdoutLine: {'line': b'-- Up-to-date symlink: /home/starry1n/WUTA/WUTA-FSD/ros2_ws/install/wuta_msgs/include/wuta_msgs/wuta_msgs/msg/cone.h\n'}
[0.427291] (wuta_msgs) StdoutLine: {'line': b'-- Up-to-date symlink: /home/starry1n/WUTA/WUTA-FSD/ros2_ws/install/wuta_msgs/include/wuta_msgs/wuta_msgs/msg/cone_array.h\n'}
[0.427632] (wuta_msgs) StdoutLine: {'line': b'-- Up-to-date symlink: /home/starry1n/WUTA/WUTA-FSD/ros2_ws/install/wuta_msgs/include/wuta_msgs/wuta_msgs/msg/cone_map.h\n'}
[0.427922] (wuta_msgs) StdoutLine: {'line': b'-- Up-to-date symlink: /home/starry1n/WUTA/WUTA-FSD/ros2_ws/install/wuta_msgs/include/wuta_msgs/wuta_msgs/msg/detail/cone__functions.h\n'}
[0.428104] (wuta_msgs) StdoutLine: {'line': b'-- Up-to-date symlink: /home/starry1n/WUTA/WUTA-FSD/ros2_ws/install/wuta_msgs/include/wuta_msgs/wuta_msgs/msg/detail/cone__struct.h\n'}
[0.428185] (wuta_msgs) StdoutLine: {'line': b'-- Up-to-date symlink: /home/starry1n/WUTA/WUTA-FSD/ros2_ws/install/wuta_msgs/include/wuta_msgs/wuta_msgs/msg/detail/cone__type_support.h\n'}
[0.428273] (wuta_msgs) StdoutLine: {'line': b'-- Up-to-date symlink: /home/starry1n/WUTA/WUTA-FSD/ros2_ws/install/wuta_msgs/include/wuta_msgs/wuta_msgs/msg/detail/cone_array__functions.h\n'}
[0.428428] (wuta_msgs) StdoutLine: {'line': b'-- Up-to-date symlink: /home/starry1n/WUTA/WUTA-FSD/ros2_ws/install/wuta_msgs/include/wuta_msgs/wuta_msgs/msg/detail/cone_array__struct.h\n'}
[0.428478] (wuta_msgs) StdoutLine: {'line': b'-- Up-to-date symlink: /home/starry1n/WUTA/WUTA-FSD/ros2_ws/install/wuta_msgs/include/wuta_msgs/wuta_msgs/msg/detail/cone_array__type_support.h\n'}
[0.428586] (wuta_msgs) StdoutLine: {'line': b'-- Up-to-date symlink: /home/starry1n/WUTA/WUTA-FSD/ros2_ws/install/wuta_msgs/include/wuta_msgs/wuta_msgs/msg/detail/cone_map__functions.h\n'}
[0.428853] (wuta_msgs) StdoutLine: {'line': b'-- Up-to-date symlink: /home/starry1n/WUTA/WUTA-FSD/ros2_ws/install/wuta_msgs/include/wuta_msgs/wuta_msgs/msg/detail/cone_map__struct.h\n'}
[0.428977] (wuta_msgs) StdoutLine: {'line': b'-- Up-to-date symlink: /home/starry1n/WUTA/WUTA-FSD/ros2_ws/install/wuta_msgs/include/wuta_msgs/wuta_msgs/msg/detail/cone_map__type_support.h\n'}
[0.429114] (wuta_msgs) StdoutLine: {'line': b'-- Up-to-date symlink: /home/starry1n/WUTA/WUTA-FSD/ros2_ws/install/wuta_msgs/include/wuta_msgs/wuta_msgs/msg/detail/mission_state__functions.h\n'}
[0.429199] (wuta_msgs) StdoutLine: {'line': b'-- Up-to-date symlink: /home/starry1n/WUTA/WUTA-FSD/ros2_ws/install/wuta_msgs/include/wuta_msgs/wuta_msgs/msg/detail/mission_state__struct.h\n'}
[0.429439] (wuta_msgs) StdoutLine: {'line': b'-- Up-to-date symlink: /home/starry1n/WUTA/WUTA-FSD/ros2_ws/install/wuta_msgs/include/wuta_msgs/wuta_msgs/msg/detail/mission_state__type_support.h\n'}
[0.429524] (wuta_msgs) StdoutLine: {'line': b'-- Up-to-date symlink: /home/starry1n/WUTA/WUTA-FSD/ros2_ws/install/wuta_msgs/include/wuta_msgs/wuta_msgs/msg/mission_state.h\n'}
[0.429598] (wuta_msgs) StdoutLine: {'line': b'-- Up-to-date symlink: /home/starry1n/WUTA/WUTA-FSD/ros2_ws/install/wuta_msgs/include/wuta_msgs/wuta_msgs/msg/rosidl_generator_c__visibility_control.h\n'}
[0.429780] (wuta_msgs) StdoutLine: {'line': b'-- Up-to-date symlink: /home/starry1n/WUTA/WUTA-FSD/ros2_ws/install/wuta_msgs/share/wuta_msgs/environment/library_path.sh\n'}
[0.429837] (wuta_msgs) StdoutLine: {'line': b'-- Up-to-date symlink: /home/starry1n/WUTA/WUTA-FSD/ros2_ws/install/wuta_msgs/share/wuta_msgs/environment/library_path.dsv\n'}
[0.429872] (wuta_msgs) StdoutLine: {'line': b'-- Up-to-date symlink: /home/starry1n/WUTA/WUTA-FSD/ros2_ws/install/wuta_msgs/include/wuta_msgs/wuta_msgs/msg/detail/cone__rosidl_typesupport_fastrtps_c.h\n'}
[0.429923] (wuta_msgs) StdoutLine: {'line': b'-- Up-to-date symlink: /home/starry1n/WUTA/WUTA-FSD/ros2_ws/install/wuta_msgs/include/wuta_msgs/wuta_msgs/msg/detail/cone_array__rosidl_typesupport_fastrtps_c.h\n'}
[0.429958] (wuta_msgs) StdoutLine: {'line': b'-- Up-to-date symlink: /home/starry1n/WUTA/WUTA-FSD/ros2_ws/install/wuta_msgs/include/wuta_msgs/wuta_msgs/msg/detail/cone_map__rosidl_typesupport_fastrtps_c.h\n'}
[0.430380] (wuta_msgs) StdoutLine: {'line': b'-- Up-to-date symlink: /home/starry1n/WUTA/WUTA-FSD/ros2_ws/install/wuta_msgs/include/wuta_msgs/wuta_msgs/msg/detail/mission_state__rosidl_typesupport_fastrtps_c.h\n'}
[0.430472] (wuta_msgs) StdoutLine: {'line': b'-- Up-to-date symlink: /home/starry1n/WUTA/WUTA-FSD/ros2_ws/install/wuta_msgs/include/wuta_msgs/wuta_msgs/msg/rosidl_typesupport_fastrtps_c__visibility_control.h\n'}
[0.430688] (wuta_msgs) StdoutLine: {'line': b'-- Up-to-date symlink: /home/starry1n/WUTA/WUTA-FSD/ros2_ws/install/wuta_msgs/include/wuta_msgs/wuta_msgs/msg/detail/cone__rosidl_typesupport_introspection_c.h\n'}
[0.430736] (wuta_msgs) StdoutLine: {'line': b'-- Up-to-date symlink: /home/starry1n/WUTA/WUTA-FSD/ros2_ws/install/wuta_msgs/include/wuta_msgs/wuta_msgs/msg/detail/cone_array__rosidl_typesupport_introspection_c.h\n'}
[0.430897] (wuta_msgs) StdoutLine: {'line': b'-- Up-to-date symlink: /home/starry1n/WUTA/WUTA-FSD/ros2_ws/install/wuta_msgs/include/wuta_msgs/wuta_msgs/msg/detail/cone_map__rosidl_typesupport_introspection_c.h\n'}
[0.430959] (wuta_msgs) StdoutLine: {'line': b'-- Up-to-date symlink: /home/starry1n/WUTA/WUTA-FSD/ros2_ws/install/wuta_msgs/include/wuta_msgs/wuta_msgs/msg/detail/mission_state__rosidl_typesupport_introspection_c.h\n'}
[0.430994] (wuta_msgs) StdoutLine: {'line': b'-- Up-to-date symlink: /home/starry1n/WUTA/WUTA-FSD/ros2_ws/install/wuta_msgs/include/wuta_msgs/wuta_msgs/msg/rosidl_typesupport_introspection_c__visibility_control.h\n'}
[0.431435] (wuta_msgs) StdoutLine: {'line': b'-- Up-to-date symlink: /home/starry1n/WUTA/WUTA-FSD/ros2_ws/install/wuta_msgs/include/wuta_msgs/wuta_msgs/msg/cone.hpp\n'}
[0.431599] (wuta_msgs) StdoutLine: {'line': b'-- Up-to-date symlink: /home/starry1n/WUTA/WUTA-FSD/ros2_ws/install/wuta_msgs/include/wuta_msgs/wuta_msgs/msg/cone_array.hpp\n'}
[0.431650] (wuta_msgs) StdoutLine: {'line': b'-- Up-to-date symlink: /home/starry1n/WUTA/WUTA-FSD/ros2_ws/install/wuta_msgs/include/wuta_msgs/wuta_msgs/msg/cone_map.hpp\n'}
[0.431824] (wuta_msgs) StdoutLine: {'line': b'-- Up-to-date symlink: /home/starry1n/WUTA/WUTA-FSD/ros2_ws/install/wuta_msgs/include/wuta_msgs/wuta_msgs/msg/detail/cone__builder.hpp\n'}
[0.431863] (wuta_msgs) StdoutLine: {'line': b'-- Up-to-date symlink: /home/starry1n/WUTA/WUTA-FSD/ros2_ws/install/wuta_msgs/include/wuta_msgs/wuta_msgs/msg/detail/cone__struct.hpp\n'}
[0.431899] (wuta_msgs) StdoutLine: {'line': b'-- Up-to-date symlink: /home/starry1n/WUTA/WUTA-FSD/ros2_ws/install/wuta_msgs/include/wuta_msgs/wuta_msgs/msg/detail/cone__traits.hpp\n'}
[0.431929] (wuta_msgs) StdoutLine: {'line': b'-- Up-to-date symlink: /home/starry1n/WUTA/WUTA-FSD/ros2_ws/install/wuta_msgs/include/wuta_msgs/wuta_msgs/msg/detail/cone__type_support.hpp\n'}
[0.431985] (wuta_msgs) StdoutLine: {'line': b'-- Up-to-date symlink: /home/starry1n/WUTA/WUTA-FSD/ros2_ws/install/wuta_msgs/include/wuta_msgs/wuta_msgs/msg/detail/cone_array__builder.hpp\n'}
[0.432053] (wuta_msgs) StdoutLine: {'line': b'-- Up-to-date symlink: /home/starry1n/WUTA/WUTA-FSD/ros2_ws/install/wuta_msgs/include/wuta_msgs/wuta_msgs/msg/detail/cone_array__struct.hpp\n'}
[0.432114] (wuta_msgs) StdoutLine: {'line': b'-- Up-to-date symlink: /home/starry1n/WUTA/WUTA-FSD/ros2_ws/install/wuta_msgs/include/wuta_msgs/wuta_msgs/msg/detail/cone_array__traits.hpp\n'}
[0.432378] (wuta_msgs) StdoutLine: {'line': b'-- Up-to-date symlink: /home/starry1n/WUTA/WUTA-FSD/ros2_ws/install/wuta_msgs/include/wuta_msgs/wuta_msgs/msg/detail/cone_array__type_support.hpp\n'}
[0.432538] (wuta_msgs) StdoutLine: {'line': b'-- Up-to-date symlink: /home/starry1n/WUTA/WUTA-FSD/ros2_ws/install/wuta_msgs/include/wuta_msgs/wuta_msgs/msg/detail/cone_map__builder.hpp\n'}
[0.433876] (wuta_msgs) StdoutLine: {'line': b'-- Up-to-date symlink: /home/starry1n/WUTA/WUTA-FSD/ros2_ws/install/wuta_msgs/include/wuta_msgs/wuta_msgs/msg/detail/cone_map__struct.hpp\n'}
[0.434694] (wuta_msgs) StdoutLine: {'line': b'-- Up-to-date symlink: /home/starry1n/WUTA/WUTA-FSD/ros2_ws/install/wuta_msgs/include/wuta_msgs/wuta_msgs/msg/detail/cone_map__traits.hpp\n'}
[0.435660] (wuta_msgs) StdoutLine: {'line': b'-- Up-to-date symlink: /home/starry1n/WUTA/WUTA-FSD/ros2_ws/install/wuta_msgs/include/wuta_msgs/wuta_msgs/msg/detail/cone_map__type_support.hpp\n'}
[0.435929] (wuta_msgs) StdoutLine: {'line': b'-- Up-to-date symlink: /home/starry1n/WUTA/WUTA-FSD/ros2_ws/install/wuta_msgs/include/wuta_msgs/wuta_msgs/msg/detail/mission_state__builder.hpp\n'}
[0.435971] (wuta_msgs) StdoutLine: {'line': b'-- Up-to-date symlink: /home/starry1n/WUTA/WUTA-FSD/ros2_ws/install/wuta_msgs/include/wuta_msgs/wuta_msgs/msg/detail/mission_state__struct.hpp\n'}
[0.436043] (wuta_msgs) StdoutLine: {'line': b'-- Up-to-date symlink: /home/starry1n/WUTA/WUTA-FSD/ros2_ws/install/wuta_msgs/include/wuta_msgs/wuta_msgs/msg/detail/mission_state__traits.hpp\n'}
[0.436273] (wuta_msgs) StdoutLine: {'line': b'-- Up-to-date symlink: /home/starry1n/WUTA/WUTA-FSD/ros2_ws/install/wuta_msgs/include/wuta_msgs/wuta_msgs/msg/detail/mission_state__type_support.hpp\n'}
[0.436374] (wuta_msgs) StdoutLine: {'line': b'-- Up-to-date symlink: /home/starry1n/WUTA/WUTA-FSD/ros2_ws/install/wuta_msgs/include/wuta_msgs/wuta_msgs/msg/mission_state.hpp\n'}
[0.437036] (wuta_msgs) StdoutLine: {'line': b'-- Up-to-date symlink: /home/starry1n/WUTA/WUTA-FSD/ros2_ws/install/wuta_msgs/include/wuta_msgs/wuta_msgs/msg/rosidl_generator_cpp__visibility_control.hpp\n'}
[0.437949] (robot_localization) CommandEnded: {'returncode': 0}
[0.438273] (wuta_msgs) StdoutLine: {'line': b'-- Up-to-date symlink: /home/starry1n/WUTA/WUTA-FSD/ros2_ws/install/wuta_msgs/include/wuta_msgs/wuta_msgs/msg/detail/cone__rosidl_typesupport_fastrtps_cpp.hpp\n'}
[0.438403] (wuta_msgs) StdoutLine: {'line': b'-- Up-to-date symlink: /home/starry1n/WUTA/WUTA-FSD/ros2_ws/install/wuta_msgs/include/wuta_msgs/wuta_msgs/msg/detail/cone_array__rosidl_typesupport_fastrtps_cpp.hpp\n'}
[0.438454] (wuta_msgs) StdoutLine: {'line': b'-- Up-to-date symlink: /home/starry1n/WUTA/WUTA-FSD/ros2_ws/install/wuta_msgs/include/wuta_msgs/wuta_msgs/msg/detail/cone_map__rosidl_typesupport_fastrtps_cpp.hpp\n'}
[0.438712] (wuta_msgs) StdoutLine: {'line': b'-- Up-to-date symlink: /home/starry1n/WUTA/WUTA-FSD/ros2_ws/install/wuta_msgs/include/wuta_msgs/wuta_msgs/msg/detail/mission_state__rosidl_typesupport_fastrtps_cpp.hpp\n'}
[0.439050] (wuta_msgs) StdoutLine: {'line': b'-- Up-to-date symlink: /home/starry1n/WUTA/WUTA-FSD/ros2_ws/install/wuta_msgs/include/wuta_msgs/wuta_msgs/msg/rosidl_typesupport_fastrtps_cpp__visibility_control.h\n'}
[0.439191] (wuta_msgs) StdoutLine: {'line': b'-- Up-to-date symlink: /home/starry1n/WUTA/WUTA-FSD/ros2_ws/install/wuta_msgs/include/wuta_msgs/wuta_msgs/msg/detail/cone__rosidl_typesupport_introspection_cpp.hpp\n'}
[0.439356] (wuta_msgs) StdoutLine: {'line': b'-- Up-to-date symlink: /home/starry1n/WUTA/WUTA-FSD/ros2_ws/install/wuta_msgs/include/wuta_msgs/wuta_msgs/msg/detail/cone_array__rosidl_typesupport_introspection_cpp.hpp\n'}
[0.439584] (wuta_msgs) StdoutLine: {'line': b'-- Up-to-date symlink: /home/starry1n/WUTA/WUTA-FSD/ros2_ws/install/wuta_msgs/include/wuta_msgs/wuta_msgs/msg/detail/cone_map__rosidl_typesupport_introspection_cpp.hpp\n'}
[0.441941] (wuta_msgs) StdoutLine: {'line': b'-- Up-to-date symlink: /home/starry1n/WUTA/WUTA-FSD/ros2_ws/install/wuta_msgs/include/wuta_msgs/wuta_msgs/msg/detail/mission_state__rosidl_typesupport_introspection_cpp.hpp\n'}
[0.442051] (wuta_msgs) StdoutLine: {'line': b'-- Up-to-date symlink: /home/starry1n/WUTA/WUTA-FSD/ros2_ws/install/wuta_msgs/share/wuta_msgs/environment/pythonpath.sh\n'}
[0.442118] (wuta_msgs) StdoutLine: {'line': b'-- Up-to-date symlink: /home/starry1n/WUTA/WUTA-FSD/ros2_ws/install/wuta_msgs/share/wuta_msgs/environment/pythonpath.dsv\n'}
[0.442155] (wuta_msgs) StdoutLine: {'line': b'-- Up-to-date symlink: /home/starry1n/WUTA/WUTA-FSD/ros2_ws/install/wuta_msgs/local/lib/python3.10/dist-packages/wuta_msgs-1.0.0-py3.10.egg-info/PKG-INFO\n'}
[0.442196] (wuta_msgs) StdoutLine: {'line': b'-- Up-to-date symlink: /home/starry1n/WUTA/WUTA-FSD/ros2_ws/install/wuta_msgs/local/lib/python3.10/dist-packages/wuta_msgs-1.0.0-py3.10.egg-info/SOURCES.txt\n'}
[0.442226] (wuta_msgs) StdoutLine: {'line': b'-- Up-to-date symlink: /home/starry1n/WUTA/WUTA-FSD/ros2_ws/install/wuta_msgs/local/lib/python3.10/dist-packages/wuta_msgs-1.0.0-py3.10.egg-info/dependency_links.txt\n'}
[0.442255] (wuta_msgs) StdoutLine: {'line': b'-- Up-to-date symlink: /home/starry1n/WUTA/WUTA-FSD/ros2_ws/install/wuta_msgs/local/lib/python3.10/dist-packages/wuta_msgs-1.0.0-py3.10.egg-info/top_level.txt\n'}
[0.442975] (wuta_msgs) StdoutLine: {'line': b'-- Up-to-date symlink: /home/starry1n/WUTA/WUTA-FSD/ros2_ws/install/wuta_msgs/local/lib/python3.10/dist-packages/wuta_msgs/__init__.py\n'}
[0.443226] (wuta_msgs) StdoutLine: {'line': b'-- Up-to-date symlink: /home/starry1n/WUTA/WUTA-FSD/ros2_ws/install/wuta_msgs/local/lib/python3.10/dist-packages/wuta_msgs/_wuta_msgs_s.ep.rosidl_typesupport_c.c\n'}
[0.443387] (wuta_msgs) StdoutLine: {'line': b'-- Up-to-date symlink: /home/starry1n/WUTA/WUTA-FSD/ros2_ws/install/wuta_msgs/local/lib/python3.10/dist-packages/wuta_msgs/_wuta_msgs_s.ep.rosidl_typesupport_fastrtps_c.c\n'}
[0.443593] (wuta_msgs) StdoutLine: {'line': b'-- Up-to-date symlink: /home/starry1n/WUTA/WUTA-FSD/ros2_ws/install/wuta_msgs/local/lib/python3.10/dist-packages/wuta_msgs/_wuta_msgs_s.ep.rosidl_typesupport_introspection_c.c\n'}
[0.443831] (robot_localization) JobProgress: {'identifier': 'robot_localization', 'progress': 'install'}
[0.443863] (autoware_msgs) StdoutLine: {'line': b'[100%] Built target ament_cmake_python_build_autoware_msgs_egg\n'}
[0.443948] (wuta_msgs) StdoutLine: {'line': b'-- Up-to-date symlink: /home/starry1n/WUTA/WUTA-FSD/ros2_ws/install/wuta_msgs/local/lib/python3.10/dist-packages/wuta_msgs/libwuta_msgs__rosidl_generator_py.so\n'}
[0.443990] (wuta_msgs) StdoutLine: {'line': b'-- Up-to-date symlink: /home/starry1n/WUTA/WUTA-FSD/ros2_ws/install/wuta_msgs/local/lib/python3.10/dist-packages/wuta_msgs/msg/__init__.py\n'}
[0.444032] (wuta_msgs) StdoutLine: {'line': b'-- Up-to-date symlink: /home/starry1n/WUTA/WUTA-FSD/ros2_ws/install/wuta_msgs/local/lib/python3.10/dist-packages/wuta_msgs/msg/_cone.py\n'}
[0.444060] (wuta_msgs) StdoutLine: {'line': b'-- Up-to-date symlink: /home/starry1n/WUTA/WUTA-FSD/ros2_ws/install/wuta_msgs/local/lib/python3.10/dist-packages/wuta_msgs/msg/_cone_array.py\n'}
[0.444316] (wuta_msgs) StdoutLine: {'line': b'-- Up-to-date symlink: /home/starry1n/WUTA/WUTA-FSD/ros2_ws/install/wuta_msgs/local/lib/python3.10/dist-packages/wuta_msgs/msg/_cone_array_s.c\n'}
[0.444375] (wuta_msgs) StdoutLine: {'line': b'-- Up-to-date symlink: /home/starry1n/WUTA/WUTA-FSD/ros2_ws/install/wuta_msgs/local/lib/python3.10/dist-packages/wuta_msgs/msg/_cone_map.py\n'}
[0.444426] (wuta_msgs) StdoutLine: {'line': b'-- Up-to-date symlink: /home/starry1n/WUTA/WUTA-FSD/ros2_ws/install/wuta_msgs/local/lib/python3.10/dist-packages/wuta_msgs/msg/_cone_map_s.c\n'}
[0.444458] (wuta_msgs) StdoutLine: {'line': b'-- Up-to-date symlink: /home/starry1n/WUTA/WUTA-FSD/ros2_ws/install/wuta_msgs/local/lib/python3.10/dist-packages/wuta_msgs/msg/_cone_s.c\n'}
[0.444486] (wuta_msgs) StdoutLine: {'line': b'-- Up-to-date symlink: /home/starry1n/WUTA/WUTA-FSD/ros2_ws/install/wuta_msgs/local/lib/python3.10/dist-packages/wuta_msgs/msg/_mission_state.py\n'}
[0.444545] (wuta_msgs) StdoutLine: {'line': b'-- Up-to-date symlink: /home/starry1n/WUTA/WUTA-FSD/ros2_ws/install/wuta_msgs/local/lib/python3.10/dist-packages/wuta_msgs/msg/_mission_state_s.c\n'}
[0.444580] (wuta_msgs) StdoutLine: {'line': b'-- Up-to-date symlink: /home/starry1n/WUTA/WUTA-FSD/ros2_ws/install/wuta_msgs/local/lib/python3.10/dist-packages/wuta_msgs/wuta_msgs_s__rosidl_typesupport_c.cpython-310-x86_64-linux-gnu.so\n'}
[0.444609] (wuta_msgs) StdoutLine: {'line': b'-- Up-to-date symlink: /home/starry1n/WUTA/WUTA-FSD/ros2_ws/install/wuta_msgs/local/lib/python3.10/dist-packages/wuta_msgs/wuta_msgs_s__rosidl_typesupport_fastrtps_c.cpython-310-x86_64-linux-gnu.so\n'}
[0.444636] (wuta_msgs) StdoutLine: {'line': b'-- Up-to-date symlink: /home/starry1n/WUTA/WUTA-FSD/ros2_ws/install/wuta_msgs/local/lib/python3.10/dist-packages/wuta_msgs/wuta_msgs_s__rosidl_typesupport_introspection_c.cpython-310-x86_64-linux-gnu.so\n'}
[0.444663] (wuta_msgs) StdoutLine: {'line': b'-- Up-to-date symlink: /home/starry1n/WUTA/WUTA-FSD/ros2_ws/install/wuta_msgs/local/lib/python3.10/dist-packages/wuta_msgs/wuta_msgs_s__rosidl_typesupport_fastrtps_c.cpython-310-x86_64-linux-gnu.so\n'}
[0.444688] (wuta_msgs) StdoutLine: {'line': b'-- Up-to-date symlink: /home/starry1n/WUTA/WUTA-FSD/ros2_ws/install/wuta_msgs/local/lib/python3.10/dist-packages/wuta_msgs/wuta_msgs_s__rosidl_typesupport_introspection_c.cpython-310-x86_64-linux-gnu.so\n'}
[0.444712] (wuta_msgs) StdoutLine: {'line': b'-- Up-to-date symlink: /home/starry1n/WUTA/WUTA-FSD/ros2_ws/install/wuta_msgs/local/lib/python3.10/dist-packages/wuta_msgs/wuta_msgs_s__rosidl_typesupport_c.cpython-310-x86_64-linux-gnu.so\n'}
[0.444737] (wuta_msgs) StdoutLine: {'line': b'-- Up-to-date symlink: /home/starry1n/WUTA/WUTA-FSD/ros2_ws/install/wuta_msgs/share/ament_index/resource_index/rust_packages/wuta_msgs\n'}
[0.444766] (wuta_msgs) StdoutLine: {'line': b'-- Up-to-date symlink: /home/starry1n/WUTA/WUTA-FSD/ros2_ws/install/wuta_msgs/share/wuta_msgs/rust/Cargo.toml\n'}
[0.444791] (wuta_msgs) StdoutLine: {'line': b'-- Up-to-date symlink: /home/starry1n/WUTA/WUTA-FSD/ros2_ws/install/wuta_msgs/share/wuta_msgs/rust/build.rs\n'}
[0.444816] (wuta_msgs) StdoutLine: {'line': b'-- Up-to-date symlink: /home/starry1n/WUTA/WUTA-FSD/ros2_ws/install/wuta_msgs/share/wuta_msgs/rust/src/lib.rs\n'}
[0.444838] (wuta_msgs) StdoutLine: {'line': b'-- Up-to-date symlink: /home/starry1n/WUTA/WUTA-FSD/ros2_ws/install/wuta_msgs/share/wuta_msgs/rust/src/msg.rs\n'}
[0.444862] (wuta_msgs) StdoutLine: {'line': b'-- Up-to-date symlink: /home/starry1n/WUTA/WUTA-FSD/ros2_ws/install/wuta_msgs/share/wuta_msgs/rust/src/msg/rmw.rs\n'}
[0.444889] (wuta_msgs) StdoutLine: {'line': b'-- Up-to-date symlink: /home/starry1n/WUTA/WUTA-FSD/ros2_ws/install/wuta_msgs/share/wuta_msgs/msg/Cone.idl\n'}
[0.444912] (wuta_msgs) StdoutLine: {'line': b'-- Up-to-date symlink: /home/starry1n/WUTA/WUTA-FSD/ros2_ws/install/wuta_msgs/share/wuta_msgs/msg/ConeArray.idl\n'}
[0.444935] (wuta_msgs) StdoutLine: {'line': b'-- Up-to-date symlink: /home/starry1n/WUTA/WUTA-FSD/ros2_ws/install/wuta_msgs/share/wuta_msgs/msg/ConeMap.idl\n'}
[0.444959] (robot_localization) Command: {'cmd': ['/usr/bin/cmake', '--install', '/home/starry1n/WUTA/WUTA-FSD/ros2_ws/build/robot_localization'], 'cwd': '/home/starry1n/WUTA/WUTA-FSD/ros2_ws/build/robot_localization', 'env': OrderedDict([('LESSOPEN', '| /usr/bin/lesspipe %s'), ('LANGUAGE', 'zh_CN:zh'), ('USER', 'starry1n'), ('XDG_SESSION_TYPE', 'wayland'), ('SHLVL', '3'), ('LD_LIBRARY_PATH', '/opt/ros/humble/opt/rviz_ogre_vendor/lib:/opt/ros/humble/lib/x86_64-linux-gnu:/opt/ros/humble/lib'), ('HOME', '/home/starry1n'), ('OLDPWD', '/home/starry1n/WUTA/WUTA-FSD'), ('DESKTOP_SESSION', 'ubuntu'), ('ROS_PYTHON_VERSION', '3'), ('GNOME_SHELL_SESSION_MODE', 'ubuntu'), ('GTK_MODULES', 'gail:atk-bridge'), ('DBUS_STARTER_BUS_TYPE', 'session'), ('SYSTEMD_EXEC_PID', '2321'), ('DBUS_SESSION_BUS_ADDRESS', 'unix:path=/run/user/1000/bus,guid=c67e2489f73595b365ff0ae46a50c8ee'), ('COLORTERM', 'truecolor'), ('IM_CONFIG_PHASE', '1'), ('WAYLAND_DISPLAY', 'wayland-0'), ('ROS_DISTRO', 'humble'), ('LOGNAME', 'starry1n'), ('_', '/usr/bin/colcon'), ('ROS_VERSION', '2'), ('XDG_SESSION_CLASS', 'user'), ('USERNAME', 'starry1n'), ('TERM', 'xterm-256color'), ('GNOME_DESKTOP_SESSION_ID', 'this-is-deprecated'), ('ROS_LOCALHOST_ONLY', '0'), ('PATH', '/home/starry1n/.local/bin:/opt/ros/humble/bin:/home/starry1n/.local/bin:/usr/local/sbin:/usr/local/bin:/usr/sbin:/usr/bin:/sbin:/bin:/usr/games:/usr/local/games:/snap/bin:/snap/bin'), ('SESSION_MANAGER', 'local/starry1n-virtual-machine:@/tmp/.ICE-unix/2321,unix/starry1n-virtual-machine:/tmp/.ICE-unix/2321'), ('XDG_MENU_PREFIX', 'gnome-'), ('GNOME_TERMINAL_SCREEN', '/org/gnome/Terminal/screen/1f3eb7e9_2641_49ca_8c99_b72e9fb24486'), ('GNOME_SETUP_DISPLAY', ':1'), ('XDG_RUNTIME_DIR', '/run/user/1000'), ('DISPLAY', ':0'), ('LANG', 'zh_CN.UTF-8'), ('XDG_CURRENT_DESKTOP', 'ubuntu:GNOME'), ('XMODIFIERS', '@im=ibus'), ('XDG_SESSION_DESKTOP', 'ubuntu'), ('XAUTHORITY', '/run/user/1000/.mutter-Xwaylandauth.H6FRS3'), ('LS_COLORS', 'rs=0:di=01;34:ln=01;36:mh=00:pi=40;33:so=01;35:do=01;35:bd=40;33;01:cd=40;33;01:or=40;31;01:mi=00:su=37;41:sg=30;43:ca=30;41:tw=30;42:ow=34;42:st=37;44:ex=01;32:*.tar=01;31:*.tgz=01;31:*.arc=01;31:*.arj=01;31:*.taz=01;31:*.lha=01;31:*.lz4=01;31:*.lzh=01;31:*.lzma=01;31:*.tlz=01;31:*.txz=01;31:*.tzo=01;31:*.t7z=01;31:*.zip=01;31:*.z=01;31:*.dz=01;31:*.gz=01;31:*.lrz=01;31:*.lz=01;31:*.lzo=01;31:*.xz=01;31:*.zst=01;31:*.tzst=01;31:*.bz2=01;31:*.bz=01;31:*.tbz=01;31:*.tbz2=01;31:*.tz=01;31:*.deb=01;31:*.rpm=01;31:*.jar=01;31:*.war=01;31:*.ear=01;31:*.sar=01;31:*.rar=01;31:*.alz=01;31:*.ace=01;31:*.zoo=01;31:*.cpio=01;31:*.7z=01;31:*.rz=01;31:*.cab=01;31:*.wim=01;31:*.swm=01;31:*.dwm=01;31:*.esd=01;31:*.jpg=01;35:*.jpeg=01;35:*.mjpg=01;35:*.mjpeg=01;35:*.gif=01;35:*.bmp=01;35:*.pbm=01;35:*.pgm=01;35:*.ppm=01;35:*.tga=01;35:*.xbm=01;35:*.xpm=01;35:*.tif=01;35:*.tiff=01;35:*.png=01;35:*.svg=01;35:*.svgz=01;35:*.mng=01;35:*.pcx=01;35:*.mov=01;35:*.mpg=01;35:*.mpeg=01;35:*.m2v=01;35:*.mkv=01;35:*.webm=01;35:*.webp=01;35:*.ogm=01;35:*.mp4=01;35:*.m4v=01;35:*.mp4v=01;35:*.vob=01;35:*.qt=01;35:*.nuv=01;35:*.wmv=01;35:*.asf=01;35:*.rm=01;35:*.rmvb=01;35:*.flc=01;35:*.avi=01;35:*.fli=01;35:*.flv=01;35:*.gl=01;35:*.dl=01;35:*.xcf=01;35:*.xwd=01;35:*.yuv=01;35:*.cgm=01;35:*.emf=01;35:*.ogv=01;35:*.ogx=01;35:*.aac=00;36:*.au=00;36:*.flac=00;36:*.m4a=00;36:*.mid=00;36:*.midi=00;36:*.mka=00;36:*.mp3=00;36:*.mpc=00;36:*.ogg=00;36:*.ra=00;36:*.wav=00;36:*.oga=00;36:*.opus=00;36:*.spx=00;36:*.xspf=00;36:'), ('GNOME_TERMINAL_SERVICE', ':1.330'), ('SSH_AGENT_LAUNCHER', 'gnome-keyring'), ('SSH_AUTH_SOCK', '/run/user/1000/keyring/ssh'), ('AMENT_PREFIX_PATH', '/opt/ros/humble'), ('SHELL', '/bin/bash'), ('QT_ACCESSIBILITY', '1'), ('GDMSESSION', 'ubuntu'), ('LESSCLOSE', '/usr/bin/lesspipe %s %s'), ('QT_IM_MODULE', 'ibus'), ('PWD', '/home/starry1n/WUTA/WUTA-FSD/ros2_ws/build/robot_localization'), ('XDG_CONFIG_DIRS', '/etc/xdg/xdg-ubuntu:/etc/xdg'), ('DBUS_STARTER_ADDRESS', 'unix:path=/run/user/1000/bus,guid=c67e2489f73595b365ff0ae46a50c8ee'), ('XDG_DATA_DIRS', '/usr/share/ubuntu:/usr/local/share/:/usr/share/:/var/lib/snapd/desktop'), ('PYTHONPATH', '/opt/ros/humble/lib/python3.10/site-packages:/opt/ros/humble/local/lib/python3.10/dist-packages'), ('COLCON', '1'), ('VTE_VERSION', '6800'), ('CMAKE_PREFIX_PATH', '/opt/ros/humble')]), 'shell': False}
[0.445245] (wuta_msgs) StdoutLine: {'line': b'-- Up-to-date symlink: /home/starry1n/WUTA/WUTA-FSD/ros2_ws/install/wuta_msgs/share/wuta_msgs/msg/MissionState.idl\n'}
[0.445289] (wuta_msgs) StdoutLine: {'line': b'-- Up-to-date symlink: /home/starry1n/WUTA/WUTA-FSD/ros2_ws/install/wuta_msgs/share/wuta_msgs/msg/Cone.msg\n'}
[0.445318] (wuta_msgs) StdoutLine: {'line': b'-- Up-to-date symlink: /home/starry1n/WUTA/WUTA-FSD/ros2_ws/install/wuta_msgs/share/wuta_msgs/msg/ConeArray.msg\n'}
[0.445343] (wuta_msgs) StdoutLine: {'line': b'-- Up-to-date symlink: /home/starry1n/WUTA/WUTA-FSD/ros2_ws/install/wuta_msgs/share/wuta_msgs/msg/ConeMap.msg\n'}
[0.445368] (wuta_msgs) StdoutLine: {'line': b'-- Up-to-date symlink: /home/starry1n/WUTA/WUTA-FSD/ros2_ws/install/wuta_msgs/share/wuta_msgs/msg/MissionState.msg\n'}
[0.445393] (wuta_msgs) StdoutLine: {'line': b'-- Up-to-date symlink: /home/starry1n/WUTA/WUTA-FSD/ros2_ws/install/wuta_msgs/share/ament_index/resource_index/package_run_dependencies/wuta_msgs\n'}
[0.445418] (wuta_msgs) StdoutLine: {'line': b'-- Up-to-date symlink: /home/starry1n/WUTA/WUTA-FSD/ros2_ws/install/wuta_msgs/share/ament_index/resource_index/parent_prefix_path/wuta_msgs\n'}
[0.445443] (wuta_msgs) StdoutLine: {'line': b'-- Up-to-date symlink: /home/starry1n/WUTA/WUTA-FSD/ros2_ws/install/wuta_msgs/share/wuta_msgs/environment/ament_prefix_path.sh\n'}
[0.445469] (wuta_msgs) StdoutLine: {'line': b'-- Up-to-date symlink: /home/starry1n/WUTA/WUTA-FSD/ros2_ws/install/wuta_msgs/share/wuta_msgs/environment/ament_prefix_path.dsv\n'}
[0.445494] (wuta_msgs) StdoutLine: {'line': b'-- Up-to-date symlink: /home/starry1n/WUTA/WUTA-FSD/ros2_ws/install/wuta_msgs/share/wuta_msgs/environment/path.sh\n'}
[0.445518] (wuta_msgs) StdoutLine: {'line': b'-- Up-to-date symlink: /home/starry1n/WUTA/WUTA-FSD/ros2_ws/install/wuta_msgs/share/wuta_msgs/environment/path.dsv\n'}
[0.445547] (wuta_msgs) StdoutLine: {'line': b'-- Up-to-date symlink: /home/starry1n/WUTA/WUTA-FSD/ros2_ws/install/wuta_msgs/share/wuta_msgs/local_setup.bash\n'}
[0.445570] (wuta_msgs) StdoutLine: {'line': b'-- Up-to-date symlink: /home/starry1n/WUTA/WUTA-FSD/ros2_ws/install/wuta_msgs/share/wuta_msgs/local_setup.sh\n'}
[0.445594] (wuta_msgs) StdoutLine: {'line': b'-- Up-to-date symlink: /home/starry1n/WUTA/WUTA-FSD/ros2_ws/install/wuta_msgs/share/wuta_msgs/local_setup.zsh\n'}
[0.445616] (wuta_msgs) StdoutLine: {'line': b'-- Up-to-date symlink: /home/starry1n/WUTA/WUTA-FSD/ros2_ws/install/wuta_msgs/share/wuta_msgs/local_setup.dsv\n'}
[0.445639] (wuta_msgs) StdoutLine: {'line': b'-- Symlinking: /home/starry1n/WUTA/WUTA-FSD/ros2_ws/install/wuta_msgs/share/wuta_msgs/package.dsv\n'}
[0.446799] (robot_localization) StdoutLine: {'line': b'-- Install configuration: "RelWithDebInfo"\n'}
[0.447245] (robot_localization) StdoutLine: {'line': b'-- Execute custom install script\n'}
[0.447455] (robot_localization) StdoutLine: {'line': b'-- Up-to-date symlink: /home/starry1n/WUTA/WUTA-FSD/ros2_ws/install/robot_localization/share/ament_index/resource_index/rosidl_interfaces/robot_localization\n'}
[0.447801] (robot_localization) StdoutLine: {'line': b'-- Up-to-date symlink: /home/starry1n/WUTA/WUTA-FSD/ros2_ws/install/robot_localization/include/robot_localization/robot_localization/msg/rosidl_generator_c__visibility_control.h\n'}
[0.448306] (robot_localization) StdoutLine: {'line': b'-- Up-to-date symlink: /home/starry1n/WUTA/WUTA-FSD/ros2_ws/install/robot_localization/include/robot_localization/robot_localization/srv/detail/from_ll__functions.h\n'}
[0.448394] (robot_localization) StdoutLine: {'line': b'-- Up-to-date symlink: /home/starry1n/WUTA/WUTA-FSD/ros2_ws/install/robot_localization/include/robot_localization/robot_localization/srv/detail/from_ll__struct.h\n'}
[0.449373] (robot_localization) StdoutLine: {'line': b'-- Up-to-date symlink: /home/starry1n/WUTA/WUTA-FSD/ros2_ws/install/robot_localization/include/robot_localization/robot_localization/srv/detail/from_ll__type_support.h\n'}
[0.449599] (robot_localization) StdoutLine: {'line': b'-- Up-to-date symlink: /home/starry1n/WUTA/WUTA-FSD/ros2_ws/install/robot_localization/include/robot_localization/robot_localization/srv/detail/get_state__functions.h\n'}
[0.449646] (robot_localization) StdoutLine: {'line': b'-- Up-to-date symlink: /home/starry1n/WUTA/WUTA-FSD/ros2_ws/install/robot_localization/include/robot_localization/robot_localization/srv/detail/get_state__struct.h\n'}
[0.450757] (robot_localization) StdoutLine: {'line': b'-- Up-to-date symlink: /home/starry1n/WUTA/WUTA-FSD/ros2_ws/install/robot_localization/include/robot_localization/robot_localization/srv/detail/get_state__type_support.h\n'}
[0.451763] (robot_localization) StdoutLine: {'line': b'-- Up-to-date symlink: /home/starry1n/WUTA/WUTA-FSD/ros2_ws/install/robot_localization/include/robot_localization/robot_localization/srv/detail/set_datum__functions.h\n'}
[0.451876] (robot_localization) StdoutLine: {'line': b'-- Up-to-date symlink: /home/starry1n/WUTA/WUTA-FSD/ros2_ws/install/robot_localization/include/robot_localization/robot_localization/srv/detail/set_datum__struct.h\n'}
[0.451923] (robot_localization) StdoutLine: {'line': b'-- Up-to-date symlink: /home/starry1n/WUTA/WUTA-FSD/ros2_ws/install/robot_localization/include/robot_localization/robot_localization/srv/detail/set_datum__type_support.h\n'}
[0.452186] (robot_localization) StdoutLine: {'line': b'-- Up-to-date symlink: /home/starry1n/WUTA/WUTA-FSD/ros2_ws/install/robot_localization/include/robot_localization/robot_localization/srv/detail/set_pose__functions.h\n'}
[0.452332] (robot_localization) StdoutLine: {'line': b'-- Up-to-date symlink: /home/starry1n/WUTA/WUTA-FSD/ros2_ws/install/robot_localization/include/robot_localization/robot_localization/srv/detail/set_pose__struct.h\n'}
[0.452815] (robot_localization) StdoutLine: {'line': b'-- Up-to-date symlink: /home/starry1n/WUTA/WUTA-FSD/ros2_ws/install/robot_localization/include/robot_localization/robot_localization/srv/detail/set_pose__type_support.h\n'}
[0.454454] (robot_localization) StdoutLine: {'line': b'-- Up-to-date symlink: /home/starry1n/WUTA/WUTA-FSD/ros2_ws/install/robot_localization/include/robot_localization/robot_localization/srv/detail/to_ll__functions.h\n'}
[0.454539] (robot_localization) StdoutLine: {'line': b'-- Up-to-date symlink: /home/starry1n/WUTA/WUTA-FSD/ros2_ws/install/robot_localization/include/robot_localization/robot_localization/srv/detail/to_ll__struct.h\n'}
[0.454653] (robot_localization) StdoutLine: {'line': b'-- Up-to-date symlink: /home/starry1n/WUTA/WUTA-FSD/ros2_ws/install/robot_localization/include/robot_localization/robot_localization/srv/detail/to_ll__type_support.h\n'}
[0.455361] (robot_localization) StdoutLine: {'line': b'-- Up-to-date symlink: /home/starry1n/WUTA/WUTA-FSD/ros2_ws/install/robot_localization/include/robot_localization/robot_localization/srv/detail/toggle_filter_processing__functions.h\n'}
[0.455499] (robot_localization) StdoutLine: {'line': b'-- Up-to-date symlink: /home/starry1n/WUTA/WUTA-FSD/ros2_ws/install/robot_localization/include/robot_localization/robot_localization/srv/detail/toggle_filter_processing__struct.h\n'}
[0.455645] (robot_localization) StdoutLine: {'line': b'-- Up-to-date symlink: /home/starry1n/WUTA/WUTA-FSD/ros2_ws/install/robot_localization/include/robot_localization/robot_localization/srv/detail/toggle_filter_processing__type_support.h\n'}
[0.455850] (autoware_msgs) CommandEnded: {'returncode': 0}
[0.456176] (robot_localization) StdoutLine: {'line': b'-- Up-to-date symlink: /home/starry1n/WUTA/WUTA-FSD/ros2_ws/install/robot_localization/include/robot_localization/robot_localization/srv/from_ll.h\n'}
[0.456287] (robot_localization) StdoutLine: {'line': b'-- Up-to-date symlink: /home/starry1n/WUTA/WUTA-FSD/ros2_ws/install/robot_localization/include/robot_localization/robot_localization/srv/get_state.h\n'}
[0.456735] (robot_localization) StdoutLine: {'line': b'-- Up-to-date symlink: /home/starry1n/WUTA/WUTA-FSD/ros2_ws/install/robot_localization/include/robot_localization/robot_localization/srv/set_datum.h\n'}
[0.456816] (robot_localization) StdoutLine: {'line': b'-- Up-to-date symlink: /home/starry1n/WUTA/WUTA-FSD/ros2_ws/install/robot_localization/include/robot_localization/robot_localization/srv/set_pose.h\n'}
[0.456872] (robot_localization) StdoutLine: {'line': b'-- Up-to-date symlink: /home/starry1n/WUTA/WUTA-FSD/ros2_ws/install/robot_localization/include/robot_localization/robot_localization/srv/to_ll.h\n'}
[0.457038] (robot_localization) StdoutLine: {'line': b'-- Up-to-date symlink: /home/starry1n/WUTA/WUTA-FSD/ros2_ws/install/robot_localization/include/robot_localization/robot_localization/srv/toggle_filter_processing.h\n'}
[0.457221] (robot_localization) StdoutLine: {'line': b'-- Up-to-date symlink: /home/starry1n/WUTA/WUTA-FSD/ros2_ws/install/robot_localization/share/robot_localization/environment/library_path.sh\n'}
[0.457261] (robot_localization) StdoutLine: {'line': b'-- Up-to-date symlink: /home/starry1n/WUTA/WUTA-FSD/ros2_ws/install/robot_localization/share/robot_localization/environment/library_path.dsv\n'}
[0.457298] (robot_localization) StdoutLine: {'line': b'-- Up-to-date symlink: /home/starry1n/WUTA/WUTA-FSD/ros2_ws/install/robot_localization/include/robot_localization/robot_localization/msg/rosidl_typesupport_fastrtps_c__visibility_control.h\n'}
[0.457340] (robot_localization) StdoutLine: {'line': b'-- Up-to-date symlink: /home/starry1n/WUTA/WUTA-FSD/ros2_ws/install/robot_localization/include/robot_localization/robot_localization/srv/detail/from_ll__rosidl_typesupport_fastrtps_c.h\n'}
[0.457429] (robot_localization) StdoutLine: {'line': b'-- Up-to-date symlink: /home/starry1n/WUTA/WUTA-FSD/ros2_ws/install/robot_localization/include/robot_localization/robot_localization/srv/detail/get_state__rosidl_typesupport_fastrtps_c.h\n'}
[0.457459] (robot_localization) StdoutLine: {'line': b'-- Up-to-date symlink: /home/starry1n/WUTA/WUTA-FSD/ros2_ws/install/robot_localization/include/robot_localization/robot_localization/srv/detail/set_datum__rosidl_typesupport_fastrtps_c.h\n'}
[0.457489] (wuta_msgs) StdoutLine: {'line': b'-- Up-to-date symlink: /home/starry1n/WUTA/WUTA-FSD/ros2_ws/install/wuta_msgs/share/ament_index/resource_index/packages/wuta_msgs\n'}
[0.457742] (robot_localization) StdoutLine: {'line': b'-- Up-to-date symlink: /home/starry1n/WUTA/WUTA-FSD/ros2_ws/install/robot_localization/include/robot_localization/robot_localization/srv/detail/set_pose__rosidl_typesupport_fastrtps_c.h\n'}
[0.457849] (robot_localization) StdoutLine: {'line': b'-- Up-to-date symlink: /home/starry1n/WUTA/WUTA-FSD/ros2_ws/install/robot_localization/include/robot_localization/robot_localization/srv/detail/to_ll__rosidl_typesupport_fastrtps_c.h\n'}
[0.458160] (robot_localization) StdoutLine: {'line': b'-- Up-to-date symlink: /home/starry1n/WUTA/WUTA-FSD/ros2_ws/install/robot_localization/include/robot_localization/robot_localization/srv/detail/toggle_filter_processing__rosidl_typesupport_fastrtps_c.h\n'}
[0.458237] (robot_localization) StdoutLine: {'line': b'-- Up-to-date symlink: /home/starry1n/WUTA/WUTA-FSD/ros2_ws/install/robot_localization/include/robot_localization/robot_localization/msg/rosidl_generator_cpp__visibility_control.hpp\n'}
[0.458286] (robot_localization) StdoutLine: {'line': b'-- Up-to-date symlink: /home/starry1n/WUTA/WUTA-FSD/ros2_ws/install/robot_localization/include/robot_localization/robot_localization/srv/detail/from_ll__builder.hpp\n'}
[0.458319] (robot_localization) StdoutLine: {'line': b'-- Up-to-date symlink: /home/starry1n/WUTA/WUTA-FSD/ros2_ws/install/robot_localization/include/robot_localization/robot_localization/srv/detail/from_ll__struct.hpp\n'}
[0.458351] (robot_localization) StdoutLine: {'line': b'-- Up-to-date symlink: /home/starry1n/WUTA/WUTA-FSD/ros2_ws/install/robot_localization/include/robot_localization/robot_localization/srv/detail/from_ll__traits.hpp\n'}
[0.458378] (wuta_msgs) StdoutLine: {'line': b'-- Up-to-date symlink: /home/starry1n/WUTA/WUTA-FSD/ros2_ws/install/wuta_msgs/share/wuta_msgs/cmake/rosidl_cmake-extras.cmake\n'}
[0.458413] (wuta_msgs) StdoutLine: {'line': b'-- Up-to-date symlink: /home/starry1n/WUTA/WUTA-FSD/ros2_ws/install/wuta_msgs/share/wuta_msgs/cmake/ament_cmake_export_dependencies-extras.cmake\n'}
[0.458439] (wuta_msgs) StdoutLine: {'line': b'-- Up-to-date symlink: /home/starry1n/WUTA/WUTA-FSD/ros2_ws/install/wuta_msgs/share/wuta_msgs/cmake/ament_cmake_export_include_directories-extras.cmake\n'}
[0.458464] (wuta_msgs) StdoutLine: {'line': b'-- Up-to-date symlink: /home/starry1n/WUTA/WUTA-FSD/ros2_ws/install/wuta_msgs/share/wuta_msgs/cmake/ament_cmake_export_libraries-extras.cmake\n'}
[0.458489] (wuta_msgs) StdoutLine: {'line': b'-- Up-to-date symlink: /home/starry1n/WUTA/WUTA-FSD/ros2_ws/install/wuta_msgs/share/wuta_msgs/cmake/ament_cmake_export_targets-extras.cmake\n'}
[0.458514] (wuta_msgs) StdoutLine: {'line': b'-- Up-to-date symlink: /home/starry1n/WUTA/WUTA-FSD/ros2_ws/install/wuta_msgs/share/wuta_msgs/cmake/rosidl_cmake_export_typesupport_targets-extras.cmake\n'}
[0.458540] (wuta_msgs) StdoutLine: {'line': b'-- Up-to-date symlink: /home/starry1n/WUTA/WUTA-FSD/ros2_ws/install/wuta_msgs/share/wuta_msgs/cmake/rosidl_cmake_export_typesupport_libraries-extras.cmake\n'}
[0.458564] (wuta_msgs) StdoutLine: {'line': b'-- Up-to-date symlink: /home/starry1n/WUTA/WUTA-FSD/ros2_ws/install/wuta_msgs/share/wuta_msgs/cmake/rosidl_cmake_aggregate_target-extras.cmake\n'}
[0.458588] (wuta_msgs) StdoutLine: {'line': b'-- Up-to-date symlink: /home/starry1n/WUTA/WUTA-FSD/ros2_ws/install/wuta_msgs/share/wuta_msgs/cmake/wuta_msgsConfig.cmake\n'}
[0.458614] (wuta_msgs) StdoutLine: {'line': b'-- Up-to-date symlink: /home/starry1n/WUTA/WUTA-FSD/ros2_ws/install/wuta_msgs/share/wuta_msgs/cmake/wuta_msgsConfig-version.cmake\n'}
[0.458641] (wuta_msgs) StdoutLine: {'line': b'-- Up-to-date symlink: /home/starry1n/WUTA/WUTA-FSD/ros2_ws/install/wuta_msgs/share/wuta_msgs/package.xml\n'}
[0.458669] (wuta_msgs) StdoutLine: {'line': b'-- Up-to-date: /home/starry1n/WUTA/WUTA-FSD/ros2_ws/install/wuta_msgs/lib/libwuta_msgs__rosidl_generator_c.so\n'}
[0.458693] (wuta_msgs) StdoutLine: {'line': b'-- Up-to-date: /home/starry1n/WUTA/WUTA-FSD/ros2_ws/install/wuta_msgs/lib/libwuta_msgs__rosidl_typesupport_fastrtps_c.so\n'}
[0.458715] (wuta_msgs) StdoutLine: {'line': b'-- Up-to-date: /home/starry1n/WUTA/WUTA-FSD/ros2_ws/install/wuta_msgs/lib/libwuta_msgs__rosidl_typesupport_introspection_c.so\n'}
[0.458738] (wuta_msgs) StdoutLine: {'line': b'-- Up-to-date: /home/starry1n/WUTA/WUTA-FSD/ros2_ws/install/wuta_msgs/lib/libwuta_msgs__rosidl_typesupport_c.so\n'}
[0.458761] (wuta_msgs) StdoutLine: {'line': b'-- Up-to-date: /home/starry1n/WUTA/WUTA-FSD/ros2_ws/install/wuta_msgs/lib/libwuta_msgs__rosidl_typesupport_fastrtps_cpp.so\n'}
[0.458788] (robot_localization) StdoutLine: {'line': b'-- Up-to-date symlink: /home/starry1n/WUTA/WUTA-FSD/ros2_ws/install/robot_localization/include/robot_localization/robot_localization/srv/detail/from_ll__type_support.hpp\n'}
[0.458814] (robot_localization) StdoutLine: {'line': b'-- Up-to-date symlink: /home/starry1n/WUTA/WUTA-FSD/ros2_ws/install/robot_localization/include/robot_localization/robot_localization/srv/detail/get_state__builder.hpp\n'}
[0.458841] (robot_localization) StdoutLine: {'line': b'-- Up-to-date symlink: /home/starry1n/WUTA/WUTA-FSD/ros2_ws/install/robot_localization/include/robot_localization/robot_localization/srv/detail/get_state__struct.hpp\n'}
[0.458867] (robot_localization) StdoutLine: {'line': b'-- Up-to-date symlink: /home/starry1n/WUTA/WUTA-FSD/ros2_ws/install/robot_localization/include/robot_localization/robot_localization/srv/detail/get_state__traits.hpp\n'}
[0.459018] (robot_localization) StdoutLine: {'line': b'-- Up-to-date symlink: /home/starry1n/WUTA/WUTA-FSD/ros2_ws/install/robot_localization/include/robot_localization/robot_localization/srv/detail/get_state__type_support.hpp\n'}
[0.459181] (robot_localization) StdoutLine: {'line': b'-- Up-to-date symlink: /home/starry1n/WUTA/WUTA-FSD/ros2_ws/install/robot_localization/include/robot_localization/robot_localization/srv/detail/set_datum__builder.hpp\n'}
[0.459214] (robot_localization) StdoutLine: {'line': b'-- Up-to-date symlink: /home/starry1n/WUTA/WUTA-FSD/ros2_ws/install/robot_localization/include/robot_localization/robot_localization/srv/detail/set_datum__struct.hpp\n'}
[0.459243] (robot_localization) StdoutLine: {'line': b'-- Up-to-date symlink: /home/starry1n/WUTA/WUTA-FSD/ros2_ws/install/robot_localization/include/robot_localization/robot_localization/srv/detail/set_datum__traits.hpp\n'}
[0.459270] (robot_localization) StdoutLine: {'line': b'-- Up-to-date symlink: /home/starry1n/WUTA/WUTA-FSD/ros2_ws/install/robot_localization/include/robot_localization/robot_localization/srv/detail/set_datum__type_support.hpp\n'}
[0.459298] (robot_localization) StdoutLine: {'line': b'-- Up-to-date symlink: /home/starry1n/WUTA/WUTA-FSD/ros2_ws/install/robot_localization/include/robot_localization/robot_localization/srv/detail/set_pose__builder.hpp\n'}
[0.459381] (robot_localization) StdoutLine: {'line': b'-- Up-to-date symlink: /home/starry1n/WUTA/WUTA-FSD/ros2_ws/install/robot_localization/include/robot_localization/robot_localization/srv/detail/set_pose__struct.hpp\n'}
[0.459475] (robot_localization) StdoutLine: {'line': b'-- Up-to-date symlink: /home/starry1n/WUTA/WUTA-FSD/ros2_ws/install/robot_localization/include/robot_localization/robot_localization/srv/detail/set_pose__traits.hpp\n'}
[0.459518] (wuta_msgs) StdoutLine: {'line': b'-- Up-to-date: /home/starry1n/WUTA/WUTA-FSD/ros2_ws/install/wuta_msgs/lib/libwuta_msgs__rosidl_typesupport_introspection_cpp.so\n'}
[0.459587] (robot_localization) StdoutLine: {'line': b'-- Up-to-date symlink: /home/starry1n/WUTA/WUTA-FSD/ros2_ws/install/robot_localization/include/robot_localization/robot_localization/srv/detail/set_pose__type_support.hpp\n'}
[0.459783] (robot_localization) StdoutLine: {'line': b'-- Up-to-date symlink: /home/starry1n/WUTA/WUTA-FSD/ros2_ws/install/robot_localization/include/robot_localization/robot_localization/srv/detail/to_ll__builder.hpp\n'}
[0.459839] (robot_localization) StdoutLine: {'line': b'-- Up-to-date symlink: /home/starry1n/WUTA/WUTA-FSD/ros2_ws/install/robot_localization/include/robot_localization/robot_localization/srv/detail/to_ll__struct.hpp\n'}
[0.459876] (autoware_msgs) JobProgress: {'identifier': 'autoware_msgs', 'progress': 'install'}
[0.459890] (robot_localization) StdoutLine: {'line': b'-- Up-to-date symlink: /home/starry1n/WUTA/WUTA-FSD/ros2_ws/install/robot_localization/include/robot_localization/robot_localization/srv/detail/to_ll__traits.hpp\n'}
[0.459929] (robot_localization) StdoutLine: {'line': b'-- Up-to-date symlink: /home/starry1n/WUTA/WUTA-FSD/ros2_ws/install/robot_localization/include/robot_localization/robot_localization/srv/detail/to_ll__type_support.hpp\n'}
[0.459964] (robot_localization) StdoutLine: {'line': b'-- Up-to-date symlink: /home/starry1n/WUTA/WUTA-FSD/ros2_ws/install/robot_localization/include/robot_localization/robot_localization/srv/detail/toggle_filter_processing__builder.hpp\n'}
[0.460303] (robot_localization) StdoutLine: {'line': b'-- Up-to-date symlink: /home/starry1n/WUTA/WUTA-FSD/ros2_ws/install/robot_localization/include/robot_localization/robot_localization/srv/detail/toggle_filter_processing__struct.hpp\n'}
[0.460504] (robot_localization) StdoutLine: {'line': b'-- Up-to-date symlink: /home/starry1n/WUTA/WUTA-FSD/ros2_ws/install/robot_localization/include/robot_localization/robot_localization/srv/detail/toggle_filter_processing__traits.hpp\n'}
[0.460630] (robot_localization) StdoutLine: {'line': b'-- Up-to-date symlink: /home/starry1n/WUTA/WUTA-FSD/ros2_ws/install/robot_localization/include/robot_localization/robot_localization/srv/detail/toggle_filter_processing__type_support.hpp\n'}
[0.460840] (robot_localization) StdoutLine: {'line': b'-- Up-to-date symlink: /home/starry1n/WUTA/WUTA-FSD/ros2_ws/install/robot_localization/include/robot_localization/robot_localization/srv/from_ll.hpp\n'}
[0.460956] (wuta_msgs) StdoutLine: {'line': b'-- Up-to-date: /home/starry1n/WUTA/WUTA-FSD/ros2_ws/install/wuta_msgs/lib/libwuta_msgs__rosidl_typesupport_cpp.so\n'}
[0.461196] (autoware_msgs) Command: {'cmd': ['/usr/bin/cmake', '--install', '/home/starry1n/WUTA/WUTA-FSD/ros2_ws/build/autoware_msgs'], 'cwd': '/home/starry1n/WUTA/WUTA-FSD/ros2_ws/build/autoware_msgs', 'env': OrderedDict([('LESSOPEN', '| /usr/bin/lesspipe %s'), ('LANGUAGE', 'zh_CN:zh'), ('USER', 'starry1n'), ('XDG_SESSION_TYPE', 'wayland'), ('SHLVL', '3'), ('LD_LIBRARY_PATH', '/opt/ros/humble/opt/rviz_ogre_vendor/lib:/opt/ros/humble/lib/x86_64-linux-gnu:/opt/ros/humble/lib'), ('HOME', '/home/starry1n'), ('OLDPWD', '/home/starry1n/WUTA/WUTA-FSD'), ('DESKTOP_SESSION', 'ubuntu'), ('ROS_PYTHON_VERSION', '3'), ('GNOME_SHELL_SESSION_MODE', 'ubuntu'), ('GTK_MODULES', 'gail:atk-bridge'), ('DBUS_STARTER_BUS_TYPE', 'session'), ('SYSTEMD_EXEC_PID', '2321'), ('DBUS_SESSION_BUS_ADDRESS', 'unix:path=/run/user/1000/bus,guid=c67e2489f73595b365ff0ae46a50c8ee'), ('COLORTERM', 'truecolor'), ('IM_CONFIG_PHASE', '1'), ('WAYLAND_DISPLAY', 'wayland-0'), ('ROS_DISTRO', 'humble'), ('LOGNAME', 'starry1n'), ('_', '/usr/bin/colcon'), ('ROS_VERSION', '2'), ('XDG_SESSION_CLASS', 'user'), ('USERNAME', 'starry1n'), ('TERM', 'xterm-256color'), ('GNOME_DESKTOP_SESSION_ID', 'this-is-deprecated'), ('ROS_LOCALHOST_ONLY', '0'), ('PATH', '/home/starry1n/.local/bin:/opt/ros/humble/bin:/home/starry1n/.local/bin:/usr/local/sbin:/usr/local/bin:/usr/sbin:/usr/bin:/sbin:/bin:/usr/games:/usr/local/games:/snap/bin:/snap/bin'), ('SESSION_MANAGER', 'local/starry1n-virtual-machine:@/tmp/.ICE-unix/2321,unix/starry1n-virtual-machine:/tmp/.ICE-unix/2321'), ('XDG_MENU_PREFIX', 'gnome-'), ('GNOME_TERMINAL_SCREEN', '/org/gnome/Terminal/screen/1f3eb7e9_2641_49ca_8c99_b72e9fb24486'), ('GNOME_SETUP_DISPLAY', ':1'), ('XDG_RUNTIME_DIR', '/run/user/1000'), ('DISPLAY', ':0'), ('LANG', 'zh_CN.UTF-8'), ('XDG_CURRENT_DESKTOP', 'ubuntu:GNOME'), ('XMODIFIERS', '@im=ibus'), ('XDG_SESSION_DESKTOP', 'ubuntu'), ('XAUTHORITY', '/run/user/1000/.mutter-Xwaylandauth.H6FRS3'), ('LS_COLORS', 'rs=0:di=01;34:ln=01;36:mh=00:pi=40;33:so=01;35:do=01;35:bd=40;33;01:cd=40;33;01:or=40;31;01:mi=00:su=37;41:sg=30;43:ca=30;41:tw=30;42:ow=34;42:st=37;44:ex=01;32:*.tar=01;31:*.tgz=01;31:*.arc=01;31:*.arj=01;31:*.taz=01;31:*.lha=01;31:*.lz4=01;31:*.lzh=01;31:*.lzma=01;31:*.tlz=01;31:*.txz=01;31:*.tzo=01;31:*.t7z=01;31:*.zip=01;31:*.z=01;31:*.dz=01;31:*.gz=01;31:*.lrz=01;31:*.lz=01;31:*.lzo=01;31:*.xz=01;31:*.zst=01;31:*.tzst=01;31:*.bz2=01;31:*.bz=01;31:*.tbz=01;31:*.tbz2=01;31:*.tz=01;31:*.deb=01;31:*.rpm=01;31:*.jar=01;31:*.war=01;31:*.ear=01;31:*.sar=01;31:*.rar=01;31:*.alz=01;31:*.ace=01;31:*.zoo=01;31:*.cpio=01;31:*.7z=01;31:*.rz=01;31:*.cab=01;31:*.wim=01;31:*.swm=01;31:*.dwm=01;31:*.esd=01;31:*.jpg=01;35:*.jpeg=01;35:*.mjpg=01;35:*.mjpeg=01;35:*.gif=01;35:*.bmp=01;35:*.pbm=01;35:*.pgm=01;35:*.ppm=01;35:*.tga=01;35:*.xbm=01;35:*.xpm=01;35:*.tif=01;35:*.tiff=01;35:*.png=01;35:*.svg=01;35:*.svgz=01;35:*.mng=01;35:*.pcx=01;35:*.mov=01;35:*.mpg=01;35:*.mpeg=01;35:*.m2v=01;35:*.mkv=01;35:*.webm=01;35:*.webp=01;35:*.ogm=01;35:*.mp4=01;35:*.m4v=01;35:*.mp4v=01;35:*.vob=01;35:*.qt=01;35:*.nuv=01;35:*.wmv=01;35:*.asf=01;35:*.rm=01;35:*.rmvb=01;35:*.flc=01;35:*.avi=01;35:*.fli=01;35:*.flv=01;35:*.gl=01;35:*.dl=01;35:*.xcf=01;35:*.xwd=01;35:*.yuv=01;35:*.cgm=01;35:*.emf=01;35:*.ogv=01;35:*.ogx=01;35:*.aac=00;36:*.au=00;36:*.flac=00;36:*.m4a=00;36:*.mid=00;36:*.midi=00;36:*.mka=00;36:*.mp3=00;36:*.mpc=00;36:*.ogg=00;36:*.ra=00;36:*.wav=00;36:*.oga=00;36:*.opus=00;36:*.spx=00;36:*.xspf=00;36:'), ('GNOME_TERMINAL_SERVICE', ':1.330'), ('SSH_AGENT_LAUNCHER', 'gnome-keyring'), ('SSH_AUTH_SOCK', '/run/user/1000/keyring/ssh'), ('AMENT_PREFIX_PATH', '/opt/ros/humble'), ('SHELL', '/bin/bash'), ('QT_ACCESSIBILITY', '1'), ('GDMSESSION', 'ubuntu'), ('LESSCLOSE', '/usr/bin/lesspipe %s %s'), ('QT_IM_MODULE', 'ibus'), ('PWD', '/home/starry1n/WUTA/WUTA-FSD/ros2_ws/build/autoware_msgs'), ('XDG_CONFIG_DIRS', '/etc/xdg/xdg-ubuntu:/etc/xdg'), ('DBUS_STARTER_ADDRESS', 'unix:path=/run/user/1000/bus,guid=c67e2489f73595b365ff0ae46a50c8ee'), ('XDG_DATA_DIRS', '/usr/share/ubuntu:/usr/local/share/:/usr/share/:/var/lib/snapd/desktop'), ('PYTHONPATH', '/opt/ros/humble/lib/python3.10/site-packages:/opt/ros/humble/local/lib/python3.10/dist-packages'), ('COLCON', '1'), ('VTE_VERSION', '6800'), ('CMAKE_PREFIX_PATH', '/opt/ros/humble')]), 'shell': False}
[0.461620] (robot_localization) StdoutLine: {'line': b'-- Up-to-date symlink: /home/starry1n/WUTA/WUTA-FSD/ros2_ws/install/robot_localization/include/robot_localization/robot_localization/srv/get_state.hpp\n'}
[0.462196] (robot_localization) StdoutLine: {'line': b'-- Up-to-date symlink: /home/starry1n/WUTA/WUTA-FSD/ros2_ws/install/robot_localization/include/robot_localization/robot_localization/srv/set_datum.hpp\n'}
[0.462552] (robot_localization) StdoutLine: {'line': b'-- Up-to-date symlink: /home/starry1n/WUTA/WUTA-FSD/ros2_ws/install/robot_localization/include/robot_localization/robot_localization/srv/set_pose.hpp\n'}
[0.463043] (robot_localization) StdoutLine: {'line': b'-- Up-to-date symlink: /home/starry1n/WUTA/WUTA-FSD/ros2_ws/install/robot_localization/include/robot_localization/robot_localization/srv/to_ll.hpp\n'}
[0.463377] (robot_localization) StdoutLine: {'line': b'-- Up-to-date symlink: /home/starry1n/WUTA/WUTA-FSD/ros2_ws/install/robot_localization/include/robot_localization/robot_localization/srv/toggle_filter_processing.hpp\n'}
[0.463531] (robot_localization) StdoutLine: {'line': b'-- Up-to-date symlink: /home/starry1n/WUTA/WUTA-FSD/ros2_ws/install/robot_localization/include/robot_localization/robot_localization/msg/rosidl_typesupport_fastrtps_cpp__visibility_control.h\n'}
[0.463677] (robot_localization) StdoutLine: {'line': b'-- Up-to-date symlink: /home/starry1n/WUTA/WUTA-FSD/ros2_ws/install/robot_localization/include/robot_localization/robot_localization/srv/detail/from_ll__rosidl_typesupport_fastrtps_cpp.hpp\n'}
[0.463972] (robot_localization) StdoutLine: {'line': b'-- Up-to-date symlink: /home/starry1n/WUTA/WUTA-FSD/ros2_ws/install/robot_localization/include/robot_localization/robot_localization/srv/detail/get_state__rosidl_typesupport_fastrtps_cpp.hpp\n'}
[0.464200] (robot_localization) StdoutLine: {'line': b'-- Up-to-date symlink: /home/starry1n/WUTA/WUTA-FSD/ros2_ws/install/robot_localization/include/robot_localization/robot_localization/srv/detail/set_datum__rosidl_typesupport_fastrtps_cpp.hpp\n'}
[0.464266] (robot_localization) StdoutLine: {'line': b'-- Up-to-date symlink: /home/starry1n/WUTA/WUTA-FSD/ros2_ws/install/robot_localization/include/robot_localization/robot_localization/srv/detail/set_pose__rosidl_typesupport_fastrtps_cpp.hpp\n'}
[0.464628] (robot_localization) StdoutLine: {'line': b'-- Up-to-date symlink: /home/starry1n/WUTA/WUTA-FSD/ros2_ws/install/robot_localization/include/robot_localization/robot_localization/srv/detail/to_ll__rosidl_typesupport_fastrtps_cpp.hpp\n'}
[0.465265] (robot_localization) StdoutLine: {'line': b'-- Up-to-date symlink: /home/starry1n/WUTA/WUTA-FSD/ros2_ws/install/robot_localization/include/robot_localization/robot_localization/srv/detail/toggle_filter_processing__rosidl_typesupport_fastrtps_cpp.hpp\n'}
[0.465820] (robot_localization) StdoutLine: {'line': b'-- Up-to-date symlink: /home/starry1n/WUTA/WUTA-FSD/ros2_ws/install/robot_localization/include/robot_localization/robot_localization/msg/rosidl_typesupport_introspection_c__visibility_control.h\n'}
[0.466071] (robot_localization) StdoutLine: {'line': b'-- Up-to-date symlink: /home/starry1n/WUTA/WUTA-FSD/ros2_ws/install/robot_localization/include/robot_localization/robot_localization/srv/detail/from_ll__rosidl_typesupport_introspection_c.h\n'}
[0.466113] (robot_localization) StdoutLine: {'line': b'-- Up-to-date symlink: /home/starry1n/WUTA/WUTA-FSD/ros2_ws/install/robot_localization/include/robot_localization/robot_localization/srv/detail/get_state__rosidl_typesupport_introspection_c.h\n'}
[0.466144] (robot_localization) StdoutLine: {'line': b'-- Up-to-date symlink: /home/starry1n/WUTA/WUTA-FSD/ros2_ws/install/robot_localization/include/robot_localization/robot_localization/srv/detail/set_datum__rosidl_typesupport_introspection_c.h\n'}
[0.466172] (robot_localization) StdoutLine: {'line': b'-- Up-to-date symlink: /home/starry1n/WUTA/WUTA-FSD/ros2_ws/install/robot_localization/include/robot_localization/robot_localization/srv/detail/set_pose__rosidl_typesupport_introspection_c.h\n'}
[0.466199] (robot_localization) StdoutLine: {'line': b'-- Up-to-date symlink: /home/starry1n/WUTA/WUTA-FSD/ros2_ws/install/robot_localization/include/robot_localization/robot_localization/srv/detail/to_ll__rosidl_typesupport_introspection_c.h\n'}
[0.466225] (robot_localization) StdoutLine: {'line': b'-- Up-to-date symlink: /home/starry1n/WUTA/WUTA-FSD/ros2_ws/install/robot_localization/include/robot_localization/robot_localization/srv/detail/toggle_filter_processing__rosidl_typesupport_introspection_c.h\n'}
[0.466252] (robot_localization) StdoutLine: {'line': b'-- Up-to-date symlink: /home/starry1n/WUTA/WUTA-FSD/ros2_ws/install/robot_localization/include/robot_localization/robot_localization/srv/detail/from_ll__rosidl_typesupport_introspection_cpp.hpp\n'}
[0.466278] (robot_localization) StdoutLine: {'line': b'-- Up-to-date symlink: /home/starry1n/WUTA/WUTA-FSD/ros2_ws/install/robot_localization/include/robot_localization/robot_localization/srv/detail/get_state__rosidl_typesupport_introspection_cpp.hpp\n'}
[0.466304] (robot_localization) StdoutLine: {'line': b'-- Up-to-date symlink: /home/starry1n/WUTA/WUTA-FSD/ros2_ws/install/robot_localization/include/robot_localization/robot_localization/srv/detail/set_datum__rosidl_typesupport_introspection_cpp.hpp\n'}
[0.466338] (robot_localization) StdoutLine: {'line': b'-- Up-to-date symlink: /home/starry1n/WUTA/WUTA-FSD/ros2_ws/install/robot_localization/include/robot_localization/robot_localization/srv/detail/set_pose__rosidl_typesupport_introspection_cpp.hpp\n'}
[0.466363] (robot_localization) StdoutLine: {'line': b'-- Up-to-date symlink: /home/starry1n/WUTA/WUTA-FSD/ros2_ws/install/robot_localization/include/robot_localization/robot_localization/srv/detail/to_ll__rosidl_typesupport_introspection_cpp.hpp\n'}
[0.466390] (robot_localization) StdoutLine: {'line': b'-- Up-to-date symlink: /home/starry1n/WUTA/WUTA-FSD/ros2_ws/install/robot_localization/include/robot_localization/robot_localization/srv/detail/toggle_filter_processing__rosidl_typesupport_introspection_cpp.hpp\n'}
[0.466417] (robot_localization) StdoutLine: {'line': b'-- Up-to-date symlink: /home/starry1n/WUTA/WUTA-FSD/ros2_ws/install/robot_localization/share/robot_localization/environment/pythonpath.sh\n'}
[0.466633] (robot_localization) StdoutLine: {'line': b'-- Up-to-date symlink: /home/starry1n/WUTA/WUTA-FSD/ros2_ws/install/robot_localization/share/robot_localization/environment/pythonpath.dsv\n'}
[0.466955] (robot_localization) StdoutLine: {'line': b'-- Up-to-date symlink: /home/starry1n/WUTA/WUTA-FSD/ros2_ws/install/robot_localization/local/lib/python3.10/dist-packages/robot_localization-3.5.4-py3.10.egg-info/PKG-INFO\n'}
[0.467199] (robot_localization) StdoutLine: {'line': b'-- Up-to-date symlink: /home/starry1n/WUTA/WUTA-FSD/ros2_ws/install/robot_localization/local/lib/python3.10/dist-packages/robot_localization-3.5.4-py3.10.egg-info/SOURCES.txt\n'}
[0.467521] (robot_localization) StdoutLine: {'line': b'-- Up-to-date symlink: /home/starry1n/WUTA/WUTA-FSD/ros2_ws/install/robot_localization/local/lib/python3.10/dist-packages/robot_localization-3.5.4-py3.10.egg-info/dependency_links.txt\n'}
[0.467570] (robot_localization) StdoutLine: {'line': b'-- Up-to-date symlink: /home/starry1n/WUTA/WUTA-FSD/ros2_ws/install/robot_localization/local/lib/python3.10/dist-packages/robot_localization-3.5.4-py3.10.egg-info/top_level.txt\n'}
[0.467599] (robot_localization) StdoutLine: {'line': b'-- Up-to-date symlink: /home/starry1n/WUTA/WUTA-FSD/ros2_ws/install/robot_localization/local/lib/python3.10/dist-packages/robot_localization/__init__.py\n'}
[0.467625] (robot_localization) StdoutLine: {'line': b'-- Up-to-date symlink: /home/starry1n/WUTA/WUTA-FSD/ros2_ws/install/robot_localization/local/lib/python3.10/dist-packages/robot_localization/_robot_localization_s.ep.rosidl_typesupport_c.c\n'}
[0.467803] (robot_localization) StdoutLine: {'line': b'-- Up-to-date symlink: /home/starry1n/WUTA/WUTA-FSD/ros2_ws/install/robot_localization/local/lib/python3.10/dist-packages/robot_localization/_robot_localization_s.ep.rosidl_typesupport_fastrtps_c.c\n'}
[0.467984] (robot_localization) StdoutLine: {'line': b'-- Up-to-date symlink: /home/starry1n/WUTA/WUTA-FSD/ros2_ws/install/robot_localization/local/lib/python3.10/dist-packages/robot_localization/_robot_localization_s.ep.rosidl_typesupport_introspection_c.c\n'}
[0.468133] (robot_localization) StdoutLine: {'line': b'-- Up-to-date symlink: /home/starry1n/WUTA/WUTA-FSD/ros2_ws/install/robot_localization/local/lib/python3.10/dist-packages/robot_localization/librobot_localization__rosidl_generator_py.so\n'}
[0.468168] (robot_localization) StdoutLine: {'line': b'-- Up-to-date symlink: /home/starry1n/WUTA/WUTA-FSD/ros2_ws/install/robot_localization/local/lib/python3.10/dist-packages/robot_localization/robot_localization_s__rosidl_typesupport_c.cpython-310-x86_64-linux-gnu.so\n'}
[0.468199] (robot_localization) StdoutLine: {'line': b'-- Up-to-date symlink: /home/starry1n/WUTA/WUTA-FSD/ros2_ws/install/robot_localization/local/lib/python3.10/dist-packages/robot_localization/robot_localization_s__rosidl_typesupport_fastrtps_c.cpython-310-x86_64-linux-gnu.so\n'}
[0.468226] (robot_localization) StdoutLine: {'line': b'-- Up-to-date symlink: /home/starry1n/WUTA/WUTA-FSD/ros2_ws/install/robot_localization/local/lib/python3.10/dist-packages/robot_localization/robot_localization_s__rosidl_typesupport_introspection_c.cpython-310-x86_64-linux-gnu.so\n'}
[0.468252] (robot_localization) StdoutLine: {'line': b'-- Up-to-date symlink: /home/starry1n/WUTA/WUTA-FSD/ros2_ws/install/robot_localization/local/lib/python3.10/dist-packages/robot_localization/srv/__init__.py\n'}
[0.468277] (robot_localization) StdoutLine: {'line': b'-- Up-to-date symlink: /home/starry1n/WUTA/WUTA-FSD/ros2_ws/install/robot_localization/local/lib/python3.10/dist-packages/robot_localization/srv/_from_ll.py\n'}
[0.468302] (robot_localization) StdoutLine: {'line': b'-- Up-to-date symlink: /home/starry1n/WUTA/WUTA-FSD/ros2_ws/install/robot_localization/local/lib/python3.10/dist-packages/robot_localization/srv/_from_ll_s.c\n'}
[0.468327] (robot_localization) StdoutLine: {'line': b'-- Up-to-date symlink: /home/starry1n/WUTA/WUTA-FSD/ros2_ws/install/robot_localization/local/lib/python3.10/dist-packages/robot_localization/srv/_get_state.py\n'}
[0.468353] (robot_localization) StdoutLine: {'line': b'-- Up-to-date symlink: /home/starry1n/WUTA/WUTA-FSD/ros2_ws/install/robot_localization/local/lib/python3.10/dist-packages/robot_localization/srv/_get_state_s.c\n'}
[0.468643] (robot_localization) StdoutLine: {'line': b'-- Up-to-date symlink: /home/starry1n/WUTA/WUTA-FSD/ros2_ws/install/robot_localization/local/lib/python3.10/dist-packages/robot_localization/srv/_set_datum.py\n'}
[0.468842] (robot_localization) StdoutLine: {'line': b'-- Up-to-date symlink: /home/starry1n/WUTA/WUTA-FSD/ros2_ws/install/robot_localization/local/lib/python3.10/dist-packages/robot_localization/srv/_set_datum_s.c\n'}
[0.468895] (robot_localization) StdoutLine: {'line': b'-- Up-to-date symlink: /home/starry1n/WUTA/WUTA-FSD/ros2_ws/install/robot_localization/local/lib/python3.10/dist-packages/robot_localization/srv/_set_pose.py\n'}
[0.468936] (robot_localization) StdoutLine: {'line': b'-- Up-to-date symlink: /home/starry1n/WUTA/WUTA-FSD/ros2_ws/install/robot_localization/local/lib/python3.10/dist-packages/robot_localization/srv/_set_pose_s.c\n'}
[0.468979] (autoware_msgs) StdoutLine: {'line': b'-- Install configuration: ""\n'}
[0.469127] (autoware_msgs) StdoutLine: {'line': b'-- Execute custom install script\n'}
[0.469373] (autoware_msgs) StdoutLine: {'line': b'-- Up-to-date symlink: /home/starry1n/WUTA/WUTA-FSD/ros2_ws/install/autoware_msgs/share/ament_index/resource_index/rosidl_interfaces/autoware_msgs\n'}
[0.469488] (autoware_msgs) StdoutLine: {'line': b'-- Up-to-date symlink: /home/starry1n/WUTA/WUTA-FSD/ros2_ws/install/autoware_msgs/include/autoware_msgs/autoware_msgs/msg/command.h\n'}
[0.469557] (autoware_msgs) StdoutLine: {'line': b'-- Up-to-date symlink: /home/starry1n/WUTA/WUTA-FSD/ros2_ws/install/autoware_msgs/include/autoware_msgs/autoware_msgs/msg/detail/command__functions.h\n'}
[0.469727] (autoware_msgs) StdoutLine: {'line': b'-- Up-to-date symlink: /home/starry1n/WUTA/WUTA-FSD/ros2_ws/install/autoware_msgs/include/autoware_msgs/autoware_msgs/msg/detail/command__struct.h\n'}
[0.469803] (autoware_msgs) StdoutLine: {'line': b'-- Up-to-date symlink: /home/starry1n/WUTA/WUTA-FSD/ros2_ws/install/autoware_msgs/include/autoware_msgs/autoware_msgs/msg/detail/command__type_support.h\n'}
[0.469922] (autoware_msgs) StdoutLine: {'line': b'-- Up-to-date symlink: /home/starry1n/WUTA/WUTA-FSD/ros2_ws/install/autoware_msgs/include/autoware_msgs/autoware_msgs/msg/detail/lane__functions.h\n'}
[0.470222] (autoware_msgs) StdoutLine: {'line': b'-- Up-to-date symlink: /home/starry1n/WUTA/WUTA-FSD/ros2_ws/install/autoware_msgs/include/autoware_msgs/autoware_msgs/msg/detail/lane__struct.h\n'}
[0.470287] (autoware_msgs) StdoutLine: {'line': b'-- Up-to-date symlink: /home/starry1n/WUTA/WUTA-FSD/ros2_ws/install/autoware_msgs/include/autoware_msgs/autoware_msgs/msg/detail/lane__type_support.h\n'}
[0.470319] (autoware_msgs) StdoutLine: {'line': b'-- Up-to-date symlink: /home/starry1n/WUTA/WUTA-FSD/ros2_ws/install/autoware_msgs/include/autoware_msgs/autoware_msgs/msg/detail/waypoint__functions.h\n'}
[0.470351] (autoware_msgs) StdoutLine: {'line': b'-- Up-to-date symlink: /home/starry1n/WUTA/WUTA-FSD/ros2_ws/install/autoware_msgs/include/autoware_msgs/autoware_msgs/msg/detail/waypoint__struct.h\n'}
[0.470381] (autoware_msgs) StdoutLine: {'line': b'-- Up-to-date symlink: /home/starry1n/WUTA/WUTA-FSD/ros2_ws/install/autoware_msgs/include/autoware_msgs/autoware_msgs/msg/detail/waypoint__type_support.h\n'}
[0.470480] (autoware_msgs) StdoutLine: {'line': b'-- Up-to-date symlink: /home/starry1n/WUTA/WUTA-FSD/ros2_ws/install/autoware_msgs/include/autoware_msgs/autoware_msgs/msg/lane.h\n'}
[0.470522] (autoware_msgs) StdoutLine: {'line': b'-- Up-to-date symlink: /home/starry1n/WUTA/WUTA-FSD/ros2_ws/install/autoware_msgs/include/autoware_msgs/autoware_msgs/msg/rosidl_generator_c__visibility_control.h\n'}
[0.470563] (robot_localization) StdoutLine: {'line': b'-- Up-to-date symlink: /home/starry1n/WUTA/WUTA-FSD/ros2_ws/install/robot_localization/local/lib/python3.10/dist-packages/robot_localization/srv/_to_ll.py\n'}
[0.470604] (robot_localization) StdoutLine: {'line': b'-- Up-to-date symlink: /home/starry1n/WUTA/WUTA-FSD/ros2_ws/install/robot_localization/local/lib/python3.10/dist-packages/robot_localization/srv/_to_ll_s.c\n'}
[0.470632] (robot_localization) StdoutLine: {'line': b'-- Up-to-date symlink: /home/starry1n/WUTA/WUTA-FSD/ros2_ws/install/robot_localization/local/lib/python3.10/dist-packages/robot_localization/srv/_toggle_filter_processing.py\n'}
[0.470663] (robot_localization) StdoutLine: {'line': b'-- Up-to-date symlink: /home/starry1n/WUTA/WUTA-FSD/ros2_ws/install/robot_localization/local/lib/python3.10/dist-packages/robot_localization/srv/_toggle_filter_processing_s.c\n'}
[0.470690] (robot_localization) StdoutLine: {'line': b'-- Up-to-date symlink: /home/starry1n/WUTA/WUTA-FSD/ros2_ws/install/robot_localization/local/lib/python3.10/dist-packages/robot_localization/robot_localization_s__rosidl_typesupport_fastrtps_c.cpython-310-x86_64-linux-gnu.so\n'}
[0.470717] (robot_localization) StdoutLine: {'line': b'-- Up-to-date symlink: /home/starry1n/WUTA/WUTA-FSD/ros2_ws/install/robot_localization/local/lib/python3.10/dist-packages/robot_localization/robot_localization_s__rosidl_typesupport_introspection_c.cpython-310-x86_64-linux-gnu.so\n'}
[0.470742] (robot_localization) StdoutLine: {'line': b'-- Up-to-date symlink: /home/starry1n/WUTA/WUTA-FSD/ros2_ws/install/robot_localization/local/lib/python3.10/dist-packages/robot_localization/robot_localization_s__rosidl_typesupport_c.cpython-310-x86_64-linux-gnu.so\n'}
[0.470768] (robot_localization) StdoutLine: {'line': b'-- Up-to-date symlink: /home/starry1n/WUTA/WUTA-FSD/ros2_ws/install/robot_localization/share/ament_index/resource_index/rust_packages/robot_localization\n'}
[0.470796] (robot_localization) StdoutLine: {'line': b'-- Up-to-date symlink: /home/starry1n/WUTA/WUTA-FSD/ros2_ws/install/robot_localization/share/robot_localization/rust/Cargo.toml\n'}
[0.470820] (robot_localization) StdoutLine: {'line': b'-- Up-to-date symlink: /home/starry1n/WUTA/WUTA-FSD/ros2_ws/install/robot_localization/share/robot_localization/rust/build.rs\n'}
[0.470844] (robot_localization) StdoutLine: {'line': b'-- Up-to-date symlink: /home/starry1n/WUTA/WUTA-FSD/ros2_ws/install/robot_localization/share/robot_localization/rust/src/lib.rs\n'}
[0.470870] (robot_localization) StdoutLine: {'line': b'-- Up-to-date symlink: /home/starry1n/WUTA/WUTA-FSD/ros2_ws/install/robot_localization/share/robot_localization/rust/src/srv.rs\n'}
[0.470894] (robot_localization) StdoutLine: {'line': b'-- Up-to-date symlink: /home/starry1n/WUTA/WUTA-FSD/ros2_ws/install/robot_localization/share/robot_localization/rust/src/srv/rmw.rs\n'}
[0.470919] (robot_localization) StdoutLine: {'line': b'-- Up-to-date symlink: /home/starry1n/WUTA/WUTA-FSD/ros2_ws/install/robot_localization/share/robot_localization/srv/FromLL.idl\n'}
[0.470942] (robot_localization) StdoutLine: {'line': b'-- Up-to-date symlink: /home/starry1n/WUTA/WUTA-FSD/ros2_ws/install/robot_localization/share/robot_localization/srv/GetState.idl\n'}
[0.470964] (robot_localization) StdoutLine: {'line': b'-- Up-to-date symlink: /home/starry1n/WUTA/WUTA-FSD/ros2_ws/install/robot_localization/share/robot_localization/srv/SetDatum.idl\n'}
[0.470987] (robot_localization) StdoutLine: {'line': b'-- Up-to-date symlink: /home/starry1n/WUTA/WUTA-FSD/ros2_ws/install/robot_localization/share/robot_localization/srv/SetPose.idl\n'}
[0.471021] (robot_localization) StdoutLine: {'line': b'-- Up-to-date symlink: /home/starry1n/WUTA/WUTA-FSD/ros2_ws/install/robot_localization/share/robot_localization/srv/ToggleFilterProcessing.idl\n'}
[0.471045] (robot_localization) StdoutLine: {'line': b'-- Up-to-date symlink: /home/starry1n/WUTA/WUTA-FSD/ros2_ws/install/robot_localization/share/robot_localization/srv/ToLL.idl\n'}
[0.471070] (robot_localization) StdoutLine: {'line': b'-- Up-to-date symlink: /home/starry1n/WUTA/WUTA-FSD/ros2_ws/install/robot_localization/share/robot_localization/srv/FromLL.srv\n'}
[0.471105] (robot_localization) StdoutLine: {'line': b'-- Up-to-date symlink: /home/starry1n/WUTA/WUTA-FSD/ros2_ws/install/robot_localization/share/robot_localization/srv/FromLL_Request.msg\n'}
[0.471131] (robot_localization) StdoutLine: {'line': b'-- Up-to-date symlink: /home/starry1n/WUTA/WUTA-FSD/ros2_ws/install/robot_localization/share/robot_localization/srv/FromLL_Response.msg\n'}
[0.471155] (robot_localization) StdoutLine: {'line': b'-- Up-to-date symlink: /home/starry1n/WUTA/WUTA-FSD/ros2_ws/install/robot_localization/share/robot_localization/srv/GetState.srv\n'}
[0.471183] (robot_localization) StdoutLine: {'line': b'-- Up-to-date symlink: /home/starry1n/WUTA/WUTA-FSD/ros2_ws/install/robot_localization/share/robot_localization/srv/GetState_Request.msg\n'}
[0.471214] (robot_localization) StdoutLine: {'line': b'-- Up-to-date symlink: /home/starry1n/WUTA/WUTA-FSD/ros2_ws/install/robot_localization/share/robot_localization/srv/GetState_Response.msg\n'}
[0.471237] (robot_localization) StdoutLine: {'line': b'-- Up-to-date symlink: /home/starry1n/WUTA/WUTA-FSD/ros2_ws/install/robot_localization/share/robot_localization/srv/SetDatum.srv\n'}
[0.471261] (robot_localization) StdoutLine: {'line': b'-- Up-to-date symlink: /home/starry1n/WUTA/WUTA-FSD/ros2_ws/install/robot_localization/share/robot_localization/srv/SetDatum_Request.msg\n'}
[0.471285] (robot_localization) StdoutLine: {'line': b'-- Up-to-date symlink: /home/starry1n/WUTA/WUTA-FSD/ros2_ws/install/robot_localization/share/robot_localization/srv/SetDatum_Response.msg\n'}
[0.471308] (autoware_msgs) StdoutLine: {'line': b'-- Up-to-date symlink: /home/starry1n/WUTA/WUTA-FSD/ros2_ws/install/autoware_msgs/include/autoware_msgs/autoware_msgs/msg/waypoint.h\n'}
[0.471335] (autoware_msgs) StdoutLine: {'line': b'-- Up-to-date symlink: /home/starry1n/WUTA/WUTA-FSD/ros2_ws/install/autoware_msgs/share/autoware_msgs/environment/library_path.sh\n'}
[0.471359] (autoware_msgs) StdoutLine: {'line': b'-- Up-to-date symlink: /home/starry1n/WUTA/WUTA-FSD/ros2_ws/install/autoware_msgs/share/autoware_msgs/environment/library_path.dsv\n'}
[0.471383] (robot_localization) StdoutLine: {'line': b'-- Up-to-date symlink: /home/starry1n/WUTA/WUTA-FSD/ros2_ws/install/robot_localization/share/robot_localization/srv/SetPose.srv\n'}
[0.471409] (robot_localization) StdoutLine: {'line': b'-- Up-to-date symlink: /home/starry1n/WUTA/WUTA-FSD/ros2_ws/install/robot_localization/share/robot_localization/srv/SetPose_Request.msg\n'}
[0.471433] (autoware_msgs) StdoutLine: {'line': b'-- Up-to-date symlink: /home/starry1n/WUTA/WUTA-FSD/ros2_ws/install/autoware_msgs/include/autoware_msgs/autoware_msgs/msg/detail/command__rosidl_typesupport_fastrtps_c.h\n'}
[0.471456] (autoware_msgs) StdoutLine: {'line': b'-- Up-to-date symlink: /home/starry1n/WUTA/WUTA-FSD/ros2_ws/install/autoware_msgs/include/autoware_msgs/autoware_msgs/msg/detail/lane__rosidl_typesupport_fastrtps_c.h\n'}
[0.471478] (robot_localization) StdoutLine: {'line': b'-- Up-to-date symlink: /home/starry1n/WUTA/WUTA-FSD/ros2_ws/install/robot_localization/share/robot_localization/srv/SetPose_Response.msg\n'}
[0.471501] (autoware_msgs) StdoutLine: {'line': b'-- Up-to-date symlink: /home/starry1n/WUTA/WUTA-FSD/ros2_ws/install/autoware_msgs/include/autoware_msgs/autoware_msgs/msg/detail/waypoint__rosidl_typesupport_fastrtps_c.h\n'}
[0.471533] (robot_localization) StdoutLine: {'line': b'-- Up-to-date symlink: /home/starry1n/WUTA/WUTA-FSD/ros2_ws/install/robot_localization/share/robot_localization/srv/ToggleFilterProcessing.srv\n'}
[0.471557] (robot_localization) StdoutLine: {'line': b'-- Up-to-date symlink: /home/starry1n/WUTA/WUTA-FSD/ros2_ws/install/robot_localization/share/robot_localization/srv/ToggleFilterProcessing_Request.msg\n'}
[0.471582] (robot_localization) StdoutLine: {'line': b'-- Up-to-date symlink: /home/starry1n/WUTA/WUTA-FSD/ros2_ws/install/robot_localization/share/robot_localization/srv/ToggleFilterProcessing_Response.msg\n'}
[0.471605] (robot_localization) StdoutLine: {'line': b'-- Up-to-date symlink: /home/starry1n/WUTA/WUTA-FSD/ros2_ws/install/robot_localization/share/robot_localization/srv/ToLL.srv\n'}
[0.471627] (robot_localization) StdoutLine: {'line': b'-- Up-to-date symlink: /home/starry1n/WUTA/WUTA-FSD/ros2_ws/install/robot_localization/share/robot_localization/srv/ToLL_Request.msg\n'}
[0.471654] (robot_localization) StdoutLine: {'line': b'-- Up-to-date symlink: /home/starry1n/WUTA/WUTA-FSD/ros2_ws/install/robot_localization/share/robot_localization/srv/ToLL_Response.msg\n'}
[0.471743] (autoware_msgs) StdoutLine: {'line': b'-- Up-to-date symlink: /home/starry1n/WUTA/WUTA-FSD/ros2_ws/install/autoware_msgs/include/autoware_msgs/autoware_msgs/msg/rosidl_typesupport_fastrtps_c__visibility_control.h\n'}
[0.471778] (robot_localization) StdoutLine: {'line': b'-- Up-to-date symlink: /home/starry1n/WUTA/WUTA-FSD/ros2_ws/install/robot_localization/lib/robot_localization/filter_base-test\n'}
[0.471805] (robot_localization) StdoutLine: {'line': b'-- Up-to-date symlink: /home/starry1n/WUTA/WUTA-FSD/ros2_ws/install/robot_localization/lib/robot_localization/test_filter_base_diagnostics_timestamps\n'}
[0.471831] (autoware_msgs) StdoutLine: {'line': b'-- Up-to-date symlink: /home/starry1n/WUTA/WUTA-FSD/ros2_ws/install/autoware_msgs/include/autoware_msgs/autoware_msgs/msg/detail/command__rosidl_typesupport_introspection_c.h\n'}
[0.471856] (robot_localization) StdoutLine: {'line': b'-- Up-to-date symlink: /home/starry1n/WUTA/WUTA-FSD/ros2_ws/install/robot_localization/lib/robot_localization/test_ekf\n'}
[0.471881] (autoware_msgs) StdoutLine: {'line': b'-- Up-to-date symlink: /home/starry1n/WUTA/WUTA-FSD/ros2_ws/install/autoware_msgs/include/autoware_msgs/autoware_msgs/msg/detail/lane__rosidl_typesupport_introspection_c.h\n'}
[0.471906] (autoware_msgs) StdoutLine: {'line': b'-- Up-to-date symlink: /home/starry1n/WUTA/WUTA-FSD/ros2_ws/install/autoware_msgs/include/autoware_msgs/autoware_msgs/msg/detail/waypoint__rosidl_typesupport_introspection_c.h\n'}
[0.471929] (autoware_msgs) StdoutLine: {'line': b'-- Up-to-date symlink: /home/starry1n/WUTA/WUTA-FSD/ros2_ws/install/autoware_msgs/include/autoware_msgs/autoware_msgs/msg/rosidl_typesupport_introspection_c__visibility_control.h\n'}
[0.471953] (robot_localization) StdoutLine: {'line': b'-- Up-to-date symlink: /home/starry1n/WUTA/WUTA-FSD/ros2_ws/install/robot_localization/lib/robot_localization/test_ekf_localization_node_interfaces\n'}
[0.471977] (robot_localization) StdoutLine: {'line': b'-- Up-to-date symlink: /home/starry1n/WUTA/WUTA-FSD/ros2_ws/install/robot_localization/lib/robot_localization/test_ukf\n'}
[0.472000] (robot_localization) StdoutLine: {'line': b'-- Up-to-date symlink: /home/starry1n/WUTA/WUTA-FSD/ros2_ws/install/robot_localization/lib/robot_localization/test_ukf_localization_node_interfaces\n'}
[0.472038] (robot_localization) StdoutLine: {'line': b'-- Up-to-date symlink: /home/starry1n/WUTA/WUTA-FSD/ros2_ws/install/robot_localization/lib/robot_localization/test_robot_localization_estimator\n'}
[0.472062] (robot_localization) StdoutLine: {'line': b'-- Up-to-date symlink: /home/starry1n/WUTA/WUTA-FSD/ros2_ws/install/robot_localization/lib/robot_localization/test_navsat_conversions\n'}
[0.472084] (robot_localization) StdoutLine: {'line': b'-- Up-to-date symlink: /home/starry1n/WUTA/WUTA-FSD/ros2_ws/install/robot_localization/lib/robot_localization/test_ros_robot_localization_listener\n'}
[0.472107] (autoware_msgs) StdoutLine: {'line': b'-- Up-to-date symlink: /home/starry1n/WUTA/WUTA-FSD/ros2_ws/install/autoware_msgs/include/autoware_msgs/autoware_msgs/msg/command.hpp\n'}
[0.472132] (autoware_msgs) StdoutLine: {'line': b'-- Up-to-date symlink: /home/starry1n/WUTA/WUTA-FSD/ros2_ws/install/autoware_msgs/include/autoware_msgs/autoware_msgs/msg/detail/command__builder.hpp\n'}
[0.472155] (autoware_msgs) StdoutLine: {'line': b'-- Up-to-date symlink: /home/starry1n/WUTA/WUTA-FSD/ros2_ws/install/autoware_msgs/include/autoware_msgs/autoware_msgs/msg/detail/command__struct.hpp\n'}
[0.472177] (robot_localization) StdoutLine: {'line': b'-- Up-to-date symlink: /home/starry1n/WUTA/WUTA-FSD/ros2_ws/install/robot_localization/lib/robot_localization/test_ros_robot_localization_listener_publisher\n'}
[0.472229] (robot_localization) StdoutLine: {'line': b'-- Up-to-date symlink: /home/starry1n/WUTA/WUTA-FSD/ros2_ws/install/robot_localization/lib/robot_localization/navsat_transform_node\n'}
[0.472260] (autoware_msgs) StdoutLine: {'line': b'-- Up-to-date symlink: /home/starry1n/WUTA/WUTA-FSD/ros2_ws/install/autoware_msgs/include/autoware_msgs/autoware_msgs/msg/detail/command__traits.hpp\n'}
[0.472292] (autoware_msgs) StdoutLine: {'line': b'-- Up-to-date symlink: /home/starry1n/WUTA/WUTA-FSD/ros2_ws/install/autoware_msgs/include/autoware_msgs/autoware_msgs/msg/detail/command__type_support.hpp\n'}
[0.472316] (autoware_msgs) StdoutLine: {'line': b'-- Up-to-date symlink: /home/starry1n/WUTA/WUTA-FSD/ros2_ws/install/autoware_msgs/include/autoware_msgs/autoware_msgs/msg/detail/lane__builder.hpp\n'}
[0.472342] (robot_localization) StdoutLine: {'line': b'-- Up-to-date symlink: /home/starry1n/WUTA/WUTA-FSD/ros2_ws/install/robot_localization/lib/robot_localization/ekf_node\n'}
[0.472367] (robot_localization) StdoutLine: {'line': b'-- Up-to-date symlink: /home/starry1n/WUTA/WUTA-FSD/ros2_ws/install/robot_localization/lib/robot_localization/ukf_node\n'}
[0.472390] (autoware_msgs) StdoutLine: {'line': b'-- Up-to-date symlink: /home/starry1n/WUTA/WUTA-FSD/ros2_ws/install/autoware_msgs/include/autoware_msgs/autoware_msgs/msg/detail/lane__struct.hpp\n'}
[0.472414] (autoware_msgs) StdoutLine: {'line': b'-- Up-to-date symlink: /home/starry1n/WUTA/WUTA-FSD/ros2_ws/install/autoware_msgs/include/autoware_msgs/autoware_msgs/msg/detail/lane__traits.hpp\n'}
[0.472437] (robot_localization) StdoutLine: {'line': b'-- Up-to-date symlink: /home/starry1n/WUTA/WUTA-FSD/ros2_ws/install/robot_localization/lib/robot_localization/robot_localization_listener_node\n'}
[0.472460] (robot_localization) StdoutLine: {'line': b'-- Up-to-date symlink: /home/starry1n/WUTA/WUTA-FSD/ros2_ws/install/robot_localization/lib/librl_lib.so\n'}
[0.472484] (robot_localization) StdoutLine: {'line': b'-- Up-to-date symlink: /home/starry1n/WUTA/WUTA-FSD/ros2_ws/install/robot_localization/share/ament_index/resource_index/package_run_dependencies/robot_localization\n'}
[0.472507] (robot_localization) StdoutLine: {'line': b'-- Up-to-date symlink: /home/starry1n/WUTA/WUTA-FSD/ros2_ws/install/robot_localization/share/ament_index/resource_index/parent_prefix_path/robot_localization\n'}
[0.472535] (autoware_msgs) StdoutLine: {'line': b'-- Up-to-date symlink: /home/starry1n/WUTA/WUTA-FSD/ros2_ws/install/autoware_msgs/include/autoware_msgs/autoware_msgs/msg/detail/lane__type_support.hpp\n'}
[0.472558] (robot_localization) StdoutLine: {'line': b'-- Up-to-date symlink: /home/starry1n/WUTA/WUTA-FSD/ros2_ws/install/robot_localization/share/robot_localization/environment/ament_prefix_path.sh\n'}
[0.472581] (robot_localization) StdoutLine: {'line': b'-- Up-to-date symlink: /home/starry1n/WUTA/WUTA-FSD/ros2_ws/install/robot_localization/share/robot_localization/environment/ament_prefix_path.dsv\n'}
[0.472604] (robot_localization) StdoutLine: {'line': b'-- Up-to-date symlink: /home/starry1n/WUTA/WUTA-FSD/ros2_ws/install/robot_localization/share/robot_localization/environment/path.sh\n'}
[0.472627] (robot_localization) StdoutLine: {'line': b'-- Up-to-date symlink: /home/starry1n/WUTA/WUTA-FSD/ros2_ws/install/robot_localization/share/robot_localization/environment/path.dsv\n'}
[0.472653] (autoware_msgs) StdoutLine: {'line': b'-- Up-to-date symlink: /home/starry1n/WUTA/WUTA-FSD/ros2_ws/install/autoware_msgs/include/autoware_msgs/autoware_msgs/msg/detail/waypoint__builder.hpp\n'}
[0.472676] (autoware_msgs) StdoutLine: {'line': b'-- Up-to-date symlink: /home/starry1n/WUTA/WUTA-FSD/ros2_ws/install/autoware_msgs/include/autoware_msgs/autoware_msgs/msg/detail/waypoint__struct.hpp\n'}
[0.472698] (autoware_msgs) StdoutLine: {'line': b'-- Up-to-date symlink: /home/starry1n/WUTA/WUTA-FSD/ros2_ws/install/autoware_msgs/include/autoware_msgs/autoware_msgs/msg/detail/waypoint__traits.hpp\n'}
[0.472720] (autoware_msgs) StdoutLine: {'line': b'-- Up-to-date symlink: /home/starry1n/WUTA/WUTA-FSD/ros2_ws/install/autoware_msgs/include/autoware_msgs/autoware_msgs/msg/detail/waypoint__type_support.hpp\n'}
[0.472742] (autoware_msgs) StdoutLine: {'line': b'-- Up-to-date symlink: /home/starry1n/WUTA/WUTA-FSD/ros2_ws/install/autoware_msgs/include/autoware_msgs/autoware_msgs/msg/lane.hpp\n'}
[0.472766] (autoware_msgs) StdoutLine: {'line': b'-- Up-to-date symlink: /home/starry1n/WUTA/WUTA-FSD/ros2_ws/install/autoware_msgs/include/autoware_msgs/autoware_msgs/msg/rosidl_generator_cpp__visibility_control.hpp\n'}
[0.472791] (robot_localization) StdoutLine: {'line': b'-- Up-to-date symlink: /home/starry1n/WUTA/WUTA-FSD/ros2_ws/install/robot_localization/share/robot_localization/local_setup.bash\n'}
[0.472815] (robot_localization) StdoutLine: {'line': b'-- Up-to-date symlink: /home/starry1n/WUTA/WUTA-FSD/ros2_ws/install/robot_localization/share/robot_localization/local_setup.sh\n'}
[0.472840] (robot_localization) StdoutLine: {'line': b'-- Up-to-date symlink: /home/starry1n/WUTA/WUTA-FSD/ros2_ws/install/robot_localization/share/robot_localization/local_setup.zsh\n'}
[0.472863] (autoware_msgs) StdoutLine: {'line': b'-- Up-to-date symlink: /home/starry1n/WUTA/WUTA-FSD/ros2_ws/install/autoware_msgs/include/autoware_msgs/autoware_msgs/msg/waypoint.hpp\n'}
[0.472885] (autoware_msgs) StdoutLine: {'line': b'-- Up-to-date symlink: /home/starry1n/WUTA/WUTA-FSD/ros2_ws/install/autoware_msgs/include/autoware_msgs/autoware_msgs/msg/detail/command__rosidl_typesupport_fastrtps_cpp.hpp\n'}
[0.472908] (autoware_msgs) StdoutLine: {'line': b'-- Up-to-date symlink: /home/starry1n/WUTA/WUTA-FSD/ros2_ws/install/autoware_msgs/include/autoware_msgs/autoware_msgs/msg/detail/lane__rosidl_typesupport_fastrtps_cpp.hpp\n'}
[0.472929] (robot_localization) StdoutLine: {'line': b'-- Up-to-date symlink: /home/starry1n/WUTA/WUTA-FSD/ros2_ws/install/robot_localization/share/robot_localization/local_setup.dsv\n'}
[0.472951] (robot_localization) StdoutLine: {'line': b'-- Symlinking: /home/starry1n/WUTA/WUTA-FSD/ros2_ws/install/robot_localization/share/robot_localization/package.dsv\n'}
[0.472973] (autoware_msgs) StdoutLine: {'line': b'-- Up-to-date symlink: /home/starry1n/WUTA/WUTA-FSD/ros2_ws/install/autoware_msgs/include/autoware_msgs/autoware_msgs/msg/detail/waypoint__rosidl_typesupport_fastrtps_cpp.hpp\n'}
[0.472995] (autoware_msgs) StdoutLine: {'line': b'-- Up-to-date symlink: /home/starry1n/WUTA/WUTA-FSD/ros2_ws/install/autoware_msgs/include/autoware_msgs/autoware_msgs/msg/rosidl_typesupport_fastrtps_cpp__visibility_control.h\n'}
[0.473027] (autoware_msgs) StdoutLine: {'line': b'-- Up-to-date symlink: /home/starry1n/WUTA/WUTA-FSD/ros2_ws/install/autoware_msgs/include/autoware_msgs/autoware_msgs/msg/detail/command__rosidl_typesupport_introspection_cpp.hpp\n'}
[0.473057] (autoware_msgs) StdoutLine: {'line': b'-- Up-to-date symlink: /home/starry1n/WUTA/WUTA-FSD/ros2_ws/install/autoware_msgs/include/autoware_msgs/autoware_msgs/msg/detail/lane__rosidl_typesupport_introspection_cpp.hpp\n'}
[0.473080] (autoware_msgs) StdoutLine: {'line': b'-- Up-to-date symlink: /home/starry1n/WUTA/WUTA-FSD/ros2_ws/install/autoware_msgs/include/autoware_msgs/autoware_msgs/msg/detail/waypoint__rosidl_typesupport_introspection_cpp.hpp\n'}
[0.473103] (autoware_msgs) StdoutLine: {'line': b'-- Up-to-date symlink: /home/starry1n/WUTA/WUTA-FSD/ros2_ws/install/autoware_msgs/share/autoware_msgs/environment/pythonpath.sh\n'}
[0.473125] (autoware_msgs) StdoutLine: {'line': b'-- Up-to-date symlink: /home/starry1n/WUTA/WUTA-FSD/ros2_ws/install/autoware_msgs/share/autoware_msgs/environment/pythonpath.dsv\n'}
[0.473147] (autoware_msgs) StdoutLine: {'line': b'-- Up-to-date symlink: /home/starry1n/WUTA/WUTA-FSD/ros2_ws/install/autoware_msgs/local/lib/python3.10/dist-packages/autoware_msgs-0.1.0-py3.10.egg-info/PKG-INFO\n'}
[0.473172] (autoware_msgs) StdoutLine: {'line': b'-- Up-to-date symlink: /home/starry1n/WUTA/WUTA-FSD/ros2_ws/install/autoware_msgs/local/lib/python3.10/dist-packages/autoware_msgs-0.1.0-py3.10.egg-info/SOURCES.txt\n'}
[0.473195] (autoware_msgs) StdoutLine: {'line': b'-- Up-to-date symlink: /home/starry1n/WUTA/WUTA-FSD/ros2_ws/install/autoware_msgs/local/lib/python3.10/dist-packages/autoware_msgs-0.1.0-py3.10.egg-info/dependency_links.txt\n'}
[0.473219] (autoware_msgs) StdoutLine: {'line': b'-- Up-to-date symlink: /home/starry1n/WUTA/WUTA-FSD/ros2_ws/install/autoware_msgs/local/lib/python3.10/dist-packages/autoware_msgs-0.1.0-py3.10.egg-info/top_level.txt\n'}
[0.473526] (autoware_msgs) StdoutLine: {'line': b'-- Up-to-date symlink: /home/starry1n/WUTA/WUTA-FSD/ros2_ws/install/autoware_msgs/local/lib/python3.10/dist-packages/autoware_msgs/__init__.py\n'}
[0.473618] (autoware_msgs) StdoutLine: {'line': b'-- Up-to-date symlink: /home/starry1n/WUTA/WUTA-FSD/ros2_ws/install/autoware_msgs/local/lib/python3.10/dist-packages/autoware_msgs/_autoware_msgs_s.ep.rosidl_typesupport_c.c\n'}
[0.473668] (autoware_msgs) StdoutLine: {'line': b'-- Up-to-date symlink: /home/starry1n/WUTA/WUTA-FSD/ros2_ws/install/autoware_msgs/local/lib/python3.10/dist-packages/autoware_msgs/_autoware_msgs_s.ep.rosidl_typesupport_fastrtps_c.c\n'}
[0.473711] (autoware_msgs) StdoutLine: {'line': b'-- Up-to-date symlink: /home/starry1n/WUTA/WUTA-FSD/ros2_ws/install/autoware_msgs/local/lib/python3.10/dist-packages/autoware_msgs/_autoware_msgs_s.ep.rosidl_typesupport_introspection_c.c\n'}
[0.473757] (autoware_msgs) StdoutLine: {'line': b'-- Up-to-date symlink: /home/starry1n/WUTA/WUTA-FSD/ros2_ws/install/autoware_msgs/local/lib/python3.10/dist-packages/autoware_msgs/autoware_msgs_s__rosidl_typesupport_c.cpython-310-x86_64-linux-gnu.so\n'}
[0.473927] (autoware_msgs) StdoutLine: {'line': b'-- Up-to-date symlink: /home/starry1n/WUTA/WUTA-FSD/ros2_ws/install/autoware_msgs/local/lib/python3.10/dist-packages/autoware_msgs/autoware_msgs_s__rosidl_typesupport_fastrtps_c.cpython-310-x86_64-linux-gnu.so\n'}
[0.474232] (autoware_msgs) StdoutLine: {'line': b'-- Up-to-date symlink: /home/starry1n/WUTA/WUTA-FSD/ros2_ws/install/autoware_msgs/local/lib/python3.10/dist-packages/autoware_msgs/autoware_msgs_s__rosidl_typesupport_introspection_c.cpython-310-x86_64-linux-gnu.so\n'}
[0.474495] (autoware_msgs) StdoutLine: {'line': b'-- Up-to-date symlink: /home/starry1n/WUTA/WUTA-FSD/ros2_ws/install/autoware_msgs/local/lib/python3.10/dist-packages/autoware_msgs/libautoware_msgs__rosidl_generator_py.so\n'}
[0.474694] (autoware_msgs) StdoutLine: {'line': b'-- Up-to-date symlink: /home/starry1n/WUTA/WUTA-FSD/ros2_ws/install/autoware_msgs/local/lib/python3.10/dist-packages/autoware_msgs/msg/__init__.py\n'}
[0.474902] (autoware_msgs) StdoutLine: {'line': b'-- Up-to-date symlink: /home/starry1n/WUTA/WUTA-FSD/ros2_ws/install/autoware_msgs/local/lib/python3.10/dist-packages/autoware_msgs/msg/_command.py\n'}
[0.475421] (autoware_msgs) StdoutLine: {'line': b'-- Up-to-date symlink: /home/starry1n/WUTA/WUTA-FSD/ros2_ws/install/autoware_msgs/local/lib/python3.10/dist-packages/autoware_msgs/msg/_command_s.c\n'}
[0.475644] (autoware_msgs) StdoutLine: {'line': b'-- Up-to-date symlink: /home/starry1n/WUTA/WUTA-FSD/ros2_ws/install/autoware_msgs/local/lib/python3.10/dist-packages/autoware_msgs/msg/_lane.py\n'}
[0.476084] (autoware_msgs) StdoutLine: {'line': b'-- Up-to-date symlink: /home/starry1n/WUTA/WUTA-FSD/ros2_ws/install/autoware_msgs/local/lib/python3.10/dist-packages/autoware_msgs/msg/_lane_s.c\n'}
[0.476258] (autoware_msgs) StdoutLine: {'line': b'-- Up-to-date symlink: /home/starry1n/WUTA/WUTA-FSD/ros2_ws/install/autoware_msgs/local/lib/python3.10/dist-packages/autoware_msgs/msg/_waypoint.py\n'}
[0.476301] (autoware_msgs) StdoutLine: {'line': b'-- Up-to-date symlink: /home/starry1n/WUTA/WUTA-FSD/ros2_ws/install/autoware_msgs/local/lib/python3.10/dist-packages/autoware_msgs/msg/_waypoint_s.c\n'}
[0.476361] (autoware_msgs) StdoutLine: {'line': b'-- Up-to-date symlink: /home/starry1n/WUTA/WUTA-FSD/ros2_ws/install/autoware_msgs/local/lib/python3.10/dist-packages/autoware_msgs/autoware_msgs_s__rosidl_typesupport_fastrtps_c.cpython-310-x86_64-linux-gnu.so\n'}
[0.476450] (autoware_msgs) StdoutLine: {'line': b'-- Up-to-date symlink: /home/starry1n/WUTA/WUTA-FSD/ros2_ws/install/autoware_msgs/local/lib/python3.10/dist-packages/autoware_msgs/autoware_msgs_s__rosidl_typesupport_introspection_c.cpython-310-x86_64-linux-gnu.so\n'}
[0.476541] (autoware_msgs) StdoutLine: {'line': b'-- Up-to-date symlink: /home/starry1n/WUTA/WUTA-FSD/ros2_ws/install/autoware_msgs/local/lib/python3.10/dist-packages/autoware_msgs/autoware_msgs_s__rosidl_typesupport_c.cpython-310-x86_64-linux-gnu.so\n'}
[0.476602] (autoware_msgs) StdoutLine: {'line': b'-- Up-to-date symlink: /home/starry1n/WUTA/WUTA-FSD/ros2_ws/install/autoware_msgs/share/ament_index/resource_index/rust_packages/autoware_msgs\n'}
[0.476902] (autoware_msgs) StdoutLine: {'line': b'-- Up-to-date symlink: /home/starry1n/WUTA/WUTA-FSD/ros2_ws/install/autoware_msgs/share/autoware_msgs/rust/Cargo.toml\n'}
[0.476957] (autoware_msgs) StdoutLine: {'line': b'-- Up-to-date symlink: /home/starry1n/WUTA/WUTA-FSD/ros2_ws/install/autoware_msgs/share/autoware_msgs/rust/build.rs\n'}
[0.476992] (autoware_msgs) StdoutLine: {'line': b'-- Up-to-date symlink: /home/starry1n/WUTA/WUTA-FSD/ros2_ws/install/autoware_msgs/share/autoware_msgs/rust/src/lib.rs\n'}
[0.477061] (autoware_msgs) StdoutLine: {'line': b'-- Up-to-date symlink: /home/starry1n/WUTA/WUTA-FSD/ros2_ws/install/autoware_msgs/share/autoware_msgs/rust/src/msg.rs\n'}
[0.477156] (autoware_msgs) StdoutLine: {'line': b'-- Up-to-date symlink: /home/starry1n/WUTA/WUTA-FSD/ros2_ws/install/autoware_msgs/share/autoware_msgs/rust/src/msg/rmw.rs\n'}
[0.477244] (autoware_msgs) StdoutLine: {'line': b'-- Up-to-date symlink: /home/starry1n/WUTA/WUTA-FSD/ros2_ws/install/autoware_msgs/share/autoware_msgs/msg/Waypoint.idl\n'}
[0.477331] (autoware_msgs) StdoutLine: {'line': b'-- Up-to-date symlink: /home/starry1n/WUTA/WUTA-FSD/ros2_ws/install/autoware_msgs/share/autoware_msgs/msg/Lane.idl\n'}
[0.477419] (autoware_msgs) StdoutLine: {'line': b'-- Up-to-date symlink: /home/starry1n/WUTA/WUTA-FSD/ros2_ws/install/autoware_msgs/share/autoware_msgs/msg/Command.idl\n'}
[0.477628] (autoware_msgs) StdoutLine: {'line': b'-- Up-to-date symlink: /home/starry1n/WUTA/WUTA-FSD/ros2_ws/install/autoware_msgs/share/autoware_msgs/msg/Waypoint.msg\n'}
[0.477673] (autoware_msgs) StdoutLine: {'line': b'-- Up-to-date symlink: /home/starry1n/WUTA/WUTA-FSD/ros2_ws/install/autoware_msgs/share/autoware_msgs/msg/Lane.msg\n'}
[0.477703] (autoware_msgs) StdoutLine: {'line': b'-- Up-to-date symlink: /home/starry1n/WUTA/WUTA-FSD/ros2_ws/install/autoware_msgs/share/autoware_msgs/msg/Command.msg\n'}
[0.477730] (autoware_msgs) StdoutLine: {'line': b'-- Up-to-date symlink: /home/starry1n/WUTA/WUTA-FSD/ros2_ws/install/autoware_msgs/share/ament_index/resource_index/package_run_dependencies/autoware_msgs\n'}
[0.477783] (autoware_msgs) StdoutLine: {'line': b'-- Up-to-date symlink: /home/starry1n/WUTA/WUTA-FSD/ros2_ws/install/autoware_msgs/share/ament_index/resource_index/parent_prefix_path/autoware_msgs\n'}
[0.477866] (autoware_msgs) StdoutLine: {'line': b'-- Up-to-date symlink: /home/starry1n/WUTA/WUTA-FSD/ros2_ws/install/autoware_msgs/share/autoware_msgs/environment/ament_prefix_path.sh\n'}
[0.477901] (autoware_msgs) StdoutLine: {'line': b'-- Up-to-date symlink: /home/starry1n/WUTA/WUTA-FSD/ros2_ws/install/autoware_msgs/share/autoware_msgs/environment/ament_prefix_path.dsv\n'}
[0.477929] (autoware_msgs) StdoutLine: {'line': b'-- Up-to-date symlink: /home/starry1n/WUTA/WUTA-FSD/ros2_ws/install/autoware_msgs/share/autoware_msgs/environment/path.sh\n'}
[0.477965] (autoware_msgs) StdoutLine: {'line': b'-- Up-to-date symlink: /home/starry1n/WUTA/WUTA-FSD/ros2_ws/install/autoware_msgs/share/autoware_msgs/environment/path.dsv\n'}
[0.477993] (autoware_msgs) StdoutLine: {'line': b'-- Up-to-date symlink: /home/starry1n/WUTA/WUTA-FSD/ros2_ws/install/autoware_msgs/share/autoware_msgs/local_setup.bash\n'}
[0.478034] (autoware_msgs) StdoutLine: {'line': b'-- Up-to-date symlink: /home/starry1n/WUTA/WUTA-FSD/ros2_ws/install/autoware_msgs/share/autoware_msgs/local_setup.sh\n'}
[0.478062] (autoware_msgs) StdoutLine: {'line': b'-- Up-to-date symlink: /home/starry1n/WUTA/WUTA-FSD/ros2_ws/install/autoware_msgs/share/autoware_msgs/local_setup.zsh\n'}
[0.478281] (autoware_msgs) StdoutLine: {'line': b'-- Up-to-date symlink: /home/starry1n/WUTA/WUTA-FSD/ros2_ws/install/autoware_msgs/share/autoware_msgs/local_setup.dsv\n'}
[0.478326] (autoware_msgs) StdoutLine: {'line': b'-- Symlinking: /home/starry1n/WUTA/WUTA-FSD/ros2_ws/install/autoware_msgs/share/autoware_msgs/package.dsv\n'}
[0.478392] (wuta_msgs) StdoutLine: {'line': b"Listing '/home/starry1n/WUTA/WUTA-FSD/ros2_ws/install/wuta_msgs/local/lib/python3.10/dist-packages/wuta_msgs'...\n"}
[0.478456] (wuta_msgs) StdoutLine: {'line': b"Listing '/home/starry1n/WUTA/WUTA-FSD/ros2_ws/install/wuta_msgs/local/lib/python3.10/dist-packages/wuta_msgs/msg'...\n"}
[0.478511] (robot_localization) StdoutLine: {'line': b'-- Up-to-date symlink: /home/starry1n/WUTA/WUTA-FSD/ros2_ws/install/robot_localization/share/ament_index/resource_index/packages/robot_localization\n'}
[0.478555] (robot_localization) StdoutLine: {'line': b'-- Up-to-date symlink: /home/starry1n/WUTA/WUTA-FSD/ros2_ws/install/robot_localization/share/robot_localization/cmake/rosidl_cmake-extras.cmake\n'}
[0.478590] (robot_localization) StdoutLine: {'line': b'-- Up-to-date symlink: /home/starry1n/WUTA/WUTA-FSD/ros2_ws/install/robot_localization/share/robot_localization/cmake/ament_cmake_export_dependencies-extras.cmake\n'}
[0.478738] (robot_localization) StdoutLine: {'line': b'-- Up-to-date symlink: /home/starry1n/WUTA/WUTA-FSD/ros2_ws/install/robot_localization/share/robot_localization/cmake/ament_cmake_export_include_directories-extras.cmake\n'}
[0.478777] (robot_localization) StdoutLine: {'line': b'-- Up-to-date symlink: /home/starry1n/WUTA/WUTA-FSD/ros2_ws/install/robot_localization/share/robot_localization/cmake/ament_cmake_export_libraries-extras.cmake\n'}
[0.478807] (robot_localization) StdoutLine: {'line': b'-- Up-to-date symlink: /home/starry1n/WUTA/WUTA-FSD/ros2_ws/install/robot_localization/share/robot_localization/cmake/ament_cmake_export_targets-extras.cmake\n'}
[0.478834] (robot_localization) StdoutLine: {'line': b'-- Up-to-date symlink: /home/starry1n/WUTA/WUTA-FSD/ros2_ws/install/robot_localization/share/robot_localization/cmake/rosidl_cmake_export_typesupport_targets-extras.cmake\n'}
[0.478860] (robot_localization) StdoutLine: {'line': b'-- Up-to-date symlink: /home/starry1n/WUTA/WUTA-FSD/ros2_ws/install/robot_localization/share/robot_localization/cmake/rosidl_cmake_export_typesupport_libraries-extras.cmake\n'}
[0.478890] (robot_localization) StdoutLine: {'line': b'-- Up-to-date symlink: /home/starry1n/WUTA/WUTA-FSD/ros2_ws/install/robot_localization/share/robot_localization/cmake/rosidl_cmake_aggregate_target-extras.cmake\n'}
[0.478916] (robot_localization) StdoutLine: {'line': b'-- Up-to-date symlink: /home/starry1n/WUTA/WUTA-FSD/ros2_ws/install/robot_localization/share/robot_localization/cmake/robot_localizationConfig.cmake\n'}
[0.478944] (robot_localization) StdoutLine: {'line': b'-- Up-to-date symlink: /home/starry1n/WUTA/WUTA-FSD/ros2_ws/install/robot_localization/share/robot_localization/cmake/robot_localizationConfig-version.cmake\n'}
[0.478971] (robot_localization) StdoutLine: {'line': b'-- Up-to-date symlink: /home/starry1n/WUTA/WUTA-FSD/ros2_ws/install/robot_localization/share/robot_localization/package.xml\n'}
[0.478998] (robot_localization) StdoutLine: {'line': b'-- Up-to-date: /home/starry1n/WUTA/WUTA-FSD/ros2_ws/install/robot_localization/lib/librobot_localization__rosidl_generator_c.so\n'}
[0.479071] (robot_localization) StdoutLine: {'line': b'-- Up-to-date: /home/starry1n/WUTA/WUTA-FSD/ros2_ws/install/robot_localization/lib/librobot_localization__rosidl_typesupport_fastrtps_c.so\n'}
[0.479105] (robot_localization) StdoutLine: {'line': b'-- Up-to-date: /home/starry1n/WUTA/WUTA-FSD/ros2_ws/install/robot_localization/lib/librobot_localization__rosidl_typesupport_fastrtps_cpp.so\n'}
[0.479134] (robot_localization) StdoutLine: {'line': b'-- Up-to-date: /home/starry1n/WUTA/WUTA-FSD/ros2_ws/install/robot_localization/lib/librobot_localization__rosidl_typesupport_introspection_c.so\n'}
[0.479160] (robot_localization) StdoutLine: {'line': b'-- Up-to-date: /home/starry1n/WUTA/WUTA-FSD/ros2_ws/install/robot_localization/lib/librobot_localization__rosidl_typesupport_c.so\n'}
[0.479188] (robot_localization) StdoutLine: {'line': b'-- Up-to-date: /home/starry1n/WUTA/WUTA-FSD/ros2_ws/install/robot_localization/lib/librobot_localization__rosidl_typesupport_introspection_cpp.so\n'}
[0.479223] (robot_localization) StdoutLine: {'line': b'-- Up-to-date: /home/starry1n/WUTA/WUTA-FSD/ros2_ws/install/robot_localization/lib/librobot_localization__rosidl_typesupport_cpp.so\n'}
[0.479521] (wuta_msgs) StdoutLine: {'line': b'-- Up-to-date: /home/starry1n/WUTA/WUTA-FSD/ros2_ws/install/wuta_msgs/lib/libwuta_msgs__rosidl_generator_py.so\n'}
[0.479878] (wuta_msgs) StdoutLine: {'line': b'-- Up-to-date: /home/starry1n/WUTA/WUTA-FSD/ros2_ws/install/wuta_msgs/share/wuta_msgs/cmake/export_wuta_msgs__rosidl_generator_cExport.cmake\n'}
[0.480166] (wuta_msgs) StdoutLine: {'line': b'-- Up-to-date: /home/starry1n/WUTA/WUTA-FSD/ros2_ws/install/wuta_msgs/share/wuta_msgs/cmake/export_wuta_msgs__rosidl_generator_cExport-noconfig.cmake\n'}
[0.480316] (wuta_msgs) StdoutLine: {'line': b'-- Up-to-date: /home/starry1n/WUTA/WUTA-FSD/ros2_ws/install/wuta_msgs/share/wuta_msgs/cmake/export_wuta_msgs__rosidl_typesupport_fastrtps_cExport.cmake\n'}
[0.480541] (wuta_msgs) StdoutLine: {'line': b'-- Up-to-date: /home/starry1n/WUTA/WUTA-FSD/ros2_ws/install/wuta_msgs/share/wuta_msgs/cmake/export_wuta_msgs__rosidl_typesupport_fastrtps_cExport-noconfig.cmake\n'}
[0.480611] (wuta_msgs) StdoutLine: {'line': b'-- Up-to-date: /home/starry1n/WUTA/WUTA-FSD/ros2_ws/install/wuta_msgs/share/wuta_msgs/cmake/wuta_msgs__rosidl_typesupport_introspection_cExport.cmake\n'}
[0.480665] (wuta_msgs) StdoutLine: {'line': b'-- Up-to-date: /home/starry1n/WUTA/WUTA-FSD/ros2_ws/install/wuta_msgs/share/wuta_msgs/cmake/wuta_msgs__rosidl_typesupport_introspection_cExport-noconfig.cmake\n'}
[0.480705] (wuta_msgs) StdoutLine: {'line': b'-- Up-to-date: /home/starry1n/WUTA/WUTA-FSD/ros2_ws/install/wuta_msgs/share/wuta_msgs/cmake/wuta_msgs__rosidl_typesupport_cExport.cmake\n'}
[0.480736] (wuta_msgs) StdoutLine: {'line': b'-- Up-to-date: /home/starry1n/WUTA/WUTA-FSD/ros2_ws/install/wuta_msgs/share/wuta_msgs/cmake/wuta_msgs__rosidl_typesupport_cExport-noconfig.cmake\n'}
[0.480764] (wuta_msgs) StdoutLine: {'line': b'-- Up-to-date: /home/starry1n/WUTA/WUTA-FSD/ros2_ws/install/wuta_msgs/share/wuta_msgs/cmake/export_wuta_msgs__rosidl_generator_cppExport.cmake\n'}
[0.480788] (wuta_msgs) StdoutLine: {'line': b'-- Up-to-date: /home/starry1n/WUTA/WUTA-FSD/ros2_ws/install/wuta_msgs/share/wuta_msgs/cmake/export_wuta_msgs__rosidl_typesupport_fastrtps_cppExport.cmake\n'}
[0.480815] (wuta_msgs) StdoutLine: {'line': b'-- Up-to-date: /home/starry1n/WUTA/WUTA-FSD/ros2_ws/install/wuta_msgs/share/wuta_msgs/cmake/export_wuta_msgs__rosidl_typesupport_fastrtps_cppExport-noconfig.cmake\n'}
[0.480840] (wuta_msgs) StdoutLine: {'line': b'-- Up-to-date: /home/starry1n/WUTA/WUTA-FSD/ros2_ws/install/wuta_msgs/share/wuta_msgs/cmake/wuta_msgs__rosidl_typesupport_introspection_cppExport.cmake\n'}
[0.480893] (wuta_msgs) StdoutLine: {'line': b'-- Up-to-date: /home/starry1n/WUTA/WUTA-FSD/ros2_ws/install/wuta_msgs/share/wuta_msgs/cmake/wuta_msgs__rosidl_typesupport_introspection_cppExport-noconfig.cmake\n'}
[0.480949] (wuta_msgs) StdoutLine: {'line': b'-- Up-to-date: /home/starry1n/WUTA/WUTA-FSD/ros2_ws/install/wuta_msgs/share/wuta_msgs/cmake/wuta_msgs__rosidl_typesupport_cppExport.cmake\n'}
[0.480981] (wuta_msgs) StdoutLine: {'line': b'-- Up-to-date: /home/starry1n/WUTA/WUTA-FSD/ros2_ws/install/wuta_msgs/share/wuta_msgs/cmake/wuta_msgs__rosidl_typesupport_cppExport-noconfig.cmake\n'}
[0.481034] (wuta_msgs) StdoutLine: {'line': b'-- Up-to-date: /home/starry1n/WUTA/WUTA-FSD/ros2_ws/install/wuta_msgs/share/wuta_msgs/cmake/export_wuta_msgs__rosidl_generator_pyExport.cmake\n'}
[0.481156] (wuta_msgs) StdoutLine: {'line': b'-- Up-to-date: /home/starry1n/WUTA/WUTA-FSD/ros2_ws/install/wuta_msgs/share/wuta_msgs/cmake/export_wuta_msgs__rosidl_generator_pyExport-noconfig.cmake\n'}
[0.483711] (wuta_msgs) CommandEnded: {'returncode': 0}
[0.484564] (autoware_msgs) StdoutLine: {'line': b'-- Up-to-date symlink: /home/starry1n/WUTA/WUTA-FSD/ros2_ws/install/autoware_msgs/share/ament_index/resource_index/packages/autoware_msgs\n'}
[0.484655] (autoware_msgs) StdoutLine: {'line': b'-- Up-to-date symlink: /home/starry1n/WUTA/WUTA-FSD/ros2_ws/install/autoware_msgs/share/autoware_msgs/cmake/rosidl_cmake-extras.cmake\n'}
[0.484910] (autoware_msgs) StdoutLine: {'line': b'-- Up-to-date symlink: /home/starry1n/WUTA/WUTA-FSD/ros2_ws/install/autoware_msgs/share/autoware_msgs/cmake/ament_cmake_export_dependencies-extras.cmake\n'}
[0.485455] (autoware_msgs) StdoutLine: {'line': b'-- Up-to-date symlink: /home/starry1n/WUTA/WUTA-FSD/ros2_ws/install/autoware_msgs/share/autoware_msgs/cmake/ament_cmake_export_include_directories-extras.cmake\n'}
[0.485551] (autoware_msgs) StdoutLine: {'line': b'-- Up-to-date symlink: /home/starry1n/WUTA/WUTA-FSD/ros2_ws/install/autoware_msgs/share/autoware_msgs/cmake/ament_cmake_export_libraries-extras.cmake\n'}
[0.485653] (autoware_msgs) StdoutLine: {'line': b'-- Up-to-date symlink: /home/starry1n/WUTA/WUTA-FSD/ros2_ws/install/autoware_msgs/share/autoware_msgs/cmake/ament_cmake_export_targets-extras.cmake\n'}
[0.485760] (autoware_msgs) StdoutLine: {'line': b'-- Up-to-date symlink: /home/starry1n/WUTA/WUTA-FSD/ros2_ws/install/autoware_msgs/share/autoware_msgs/cmake/rosidl_cmake_export_typesupport_targets-extras.cmake\n'}
[0.486074] (autoware_msgs) StdoutLine: {'line': b'-- Up-to-date symlink: /home/starry1n/WUTA/WUTA-FSD/ros2_ws/install/autoware_msgs/share/autoware_msgs/cmake/rosidl_cmake_export_typesupport_libraries-extras.cmake\n'}
[0.486277] (autoware_msgs) StdoutLine: {'line': b'-- Up-to-date symlink: /home/starry1n/WUTA/WUTA-FSD/ros2_ws/install/autoware_msgs/share/autoware_msgs/cmake/rosidl_cmake_aggregate_target-extras.cmake\n'}
[0.486533] (autoware_msgs) StdoutLine: {'line': b'-- Up-to-date symlink: /home/starry1n/WUTA/WUTA-FSD/ros2_ws/install/autoware_msgs/share/autoware_msgs/cmake/autoware_msgsConfig.cmake\n'}
[0.486941] (autoware_msgs) StdoutLine: {'line': b'-- Up-to-date symlink: /home/starry1n/WUTA/WUTA-FSD/ros2_ws/install/autoware_msgs/share/autoware_msgs/cmake/autoware_msgsConfig-version.cmake\n'}
[0.487227] (autoware_msgs) StdoutLine: {'line': b'-- Up-to-date symlink: /home/starry1n/WUTA/WUTA-FSD/ros2_ws/install/autoware_msgs/share/autoware_msgs/package.xml\n'}
[0.487279] (autoware_msgs) StdoutLine: {'line': b'-- Up-to-date: /home/starry1n/WUTA/WUTA-FSD/ros2_ws/install/autoware_msgs/lib/libautoware_msgs__rosidl_generator_c.so\n'}
[0.487358] (autoware_msgs) StdoutLine: {'line': b'-- Up-to-date: /home/starry1n/WUTA/WUTA-FSD/ros2_ws/install/autoware_msgs/lib/libautoware_msgs__rosidl_typesupport_fastrtps_c.so\n'}
[0.487571] (autoware_msgs) StdoutLine: {'line': b'-- Up-to-date: /home/starry1n/WUTA/WUTA-FSD/ros2_ws/install/autoware_msgs/lib/libautoware_msgs__rosidl_typesupport_introspection_c.so\n'}
[0.487724] (autoware_msgs) StdoutLine: {'line': b'-- Up-to-date: /home/starry1n/WUTA/WUTA-FSD/ros2_ws/install/autoware_msgs/lib/libautoware_msgs__rosidl_typesupport_c.so\n'}
[0.487814] (autoware_msgs) StdoutLine: {'line': b'-- Up-to-date: /home/starry1n/WUTA/WUTA-FSD/ros2_ws/install/autoware_msgs/lib/libautoware_msgs__rosidl_typesupport_fastrtps_cpp.so\n'}
[0.488460] (autoware_msgs) StdoutLine: {'line': b'-- Up-to-date: /home/starry1n/WUTA/WUTA-FSD/ros2_ws/install/autoware_msgs/lib/libautoware_msgs__rosidl_typesupport_introspection_cpp.so\n'}
[0.488524] (autoware_msgs) StdoutLine: {'line': b'-- Up-to-date: /home/starry1n/WUTA/WUTA-FSD/ros2_ws/install/autoware_msgs/lib/libautoware_msgs__rosidl_typesupport_cpp.so\n'}
[0.505269] (-) TimerEvent: {}
[0.507284] (robot_localization) StdoutLine: {'line': b"Listing '/home/starry1n/WUTA/WUTA-FSD/ros2_ws/install/robot_localization/local/lib/python3.10/dist-packages/robot_localization'...\n"}
[0.507432] (robot_localization) StdoutLine: {'line': b"Listing '/home/starry1n/WUTA/WUTA-FSD/ros2_ws/install/robot_localization/local/lib/python3.10/dist-packages/robot_localization/srv'...\n"}
[0.509991] (wuta_msgs) JobEnded: {'identifier': 'wuta_msgs', 'rc': 0}
[0.511477] (camera_detection) JobStarted: {'identifier': 'camera_detection'}
[0.511758] (robot_localization) StdoutLine: {'line': b'-- Up-to-date: /home/starry1n/WUTA/WUTA-FSD/ros2_ws/install/robot_localization/lib/librobot_localization__rosidl_generator_py.so\n'}
[0.512061] (robot_localization) StdoutLine: {'line': b'-- Up-to-date: /home/starry1n/WUTA/WUTA-FSD/ros2_ws/install/robot_localization/share/robot_localization/test\n'}
[0.512334] (robot_localization) StdoutLine: {'line': b'-- Up-to-date: /home/starry1n/WUTA/WUTA-FSD/ros2_ws/install/robot_localization/share/robot_localization/test/test_ekf_localization_node_bag3.launch.py\n'}
[0.512538] (robot_localization) StdoutLine: {'line': b'-- Up-to-date: /home/starry1n/WUTA/WUTA-FSD/ros2_ws/install/robot_localization/share/robot_localization/test/test_ekf_localization_node_bag2.sh\n'}
[0.512618] (robot_localization) StdoutLine: {'line': b'-- Up-to-date: /home/starry1n/WUTA/WUTA-FSD/ros2_ws/install/robot_localization/share/robot_localization/test/test3.bag\n'}
[0.512662] (robot_localization) StdoutLine: {'line': b'-- Up-to-date: /home/starry1n/WUTA/WUTA-FSD/ros2_ws/install/robot_localization/share/robot_localization/test/test_ukf_localization_node_bag2.launch.py\n'}
[0.512939] (robot_localization) StdoutLine: {'line': b'-- Up-to-date: /home/starry1n/WUTA/WUTA-FSD/ros2_ws/install/robot_localization/share/robot_localization/test/test_ros_robot_localization_listener.cpp\n'}
[0.513033] (robot_localization) StdoutLine: {'line': b'-- Up-to-date: /home/starry1n/WUTA/WUTA-FSD/ros2_ws/install/robot_localization/share/robot_localization/test/test_ekf_localization_node_bag1.sh\n'}
[0.513087] (robot_localization) StdoutLine: {'line': b'-- Up-to-date: /home/starry1n/WUTA/WUTA-FSD/ros2_ws/install/robot_localization/share/robot_localization/test/test_ukf_localization_node_bag3.yaml\n'}
[0.513120] (robot_localization) StdoutLine: {'line': b'-- Up-to-date: /home/starry1n/WUTA/WUTA-FSD/ros2_ws/install/robot_localization/share/robot_localization/test/test_ekf_localization_node_interfaces.cpp\n'}
[0.513181] (robot_localization) StdoutLine: {'line': b'-- Up-to-date: /home/starry1n/WUTA/WUTA-FSD/ros2_ws/install/robot_localization/share/robot_localization/test/test_ros_robot_localization_listener_publisher.cpp\n'}
[0.513561] (robot_localization) StdoutLine: {'line': b'-- Up-to-date: /home/starry1n/WUTA/WUTA-FSD/ros2_ws/install/robot_localization/share/robot_localization/test/test_localization_node_bag_pose_tester.cpp\n'}
[0.513699] (robot_localization) StdoutLine: {'line': b'-- Up-to-date: /home/starry1n/WUTA/WUTA-FSD/ros2_ws/install/robot_localization/share/robot_localization/test/test_filter_base.cpp\n'}
[0.513806] (robot_localization) StdoutLine: {'line': b'-- Up-to-date: /home/starry1n/WUTA/WUTA-FSD/ros2_ws/install/robot_localization/share/robot_localization/test/test_ekf_localization_node_bag1.launch.py\n'}
[0.513931] (robot_localization) StdoutLine: {'line': b'-- Up-to-date: /home/starry1n/WUTA/WUTA-FSD/ros2_ws/install/robot_localization/share/robot_localization/test/test1.bag\n'}
[0.514091] (robot_localization) StdoutLine: {'line': b'-- Up-to-date: /home/starry1n/WUTA/WUTA-FSD/ros2_ws/install/robot_localization/share/robot_localization/test/test_ros_robot_localization_listener.yaml\n'}
[0.514395] (robot_localization) StdoutLine: {'line': b'-- Up-to-date: /home/starry1n/WUTA/WUTA-FSD/ros2_ws/install/robot_localization/share/robot_localization/test/test_ros_robot_localization_listener.launch.py\n'}
[0.514503] (robot_localization) StdoutLine: {'line': b'-- Up-to-date: /home/starry1n/WUTA/WUTA-FSD/ros2_ws/install/robot_localization/share/robot_localization/test/test_robot_localization_estimator.launch.py\n'}
[0.514882] (robot_localization) StdoutLine: {'line': b'-- Up-to-date: /home/starry1n/WUTA/WUTA-FSD/ros2_ws/install/robot_localization/share/robot_localization/test/test_ukf_localization_node_bag2.sh\n'}
[0.515014] (robot_localization) StdoutLine: {'line': b'-- Up-to-date: /home/starry1n/WUTA/WUTA-FSD/ros2_ws/install/robot_localization/share/robot_localization/test/test_ukf_localization_node_bag1.launch.py\n'}
[0.515188] (robot_localization) StdoutLine: {'line': b'-- Up-to-date: /home/starry1n/WUTA/WUTA-FSD/ros2_ws/install/robot_localization/share/robot_localization/test/test_filter_base_diagnostics_timestamps.yaml\n'}
[0.515428] (robot_localization) StdoutLine: {'line': b'-- Up-to-date: /home/starry1n/WUTA/WUTA-FSD/ros2_ws/install/robot_localization/share/robot_localization/test/test_ukf_localization_node_bag3.sh\n'}
[0.515585] (robot_localization) StdoutLine: {'line': b'-- Up-to-date: /home/starry1n/WUTA/WUTA-FSD/ros2_ws/install/robot_localization/share/robot_localization/test/test_ekf.cpp\n'}
[0.515685] (robot_localization) StdoutLine: {'line': b'-- Up-to-date: /home/starry1n/WUTA/WUTA-FSD/ros2_ws/install/robot_localization/share/robot_localization/test/test_ekf_localization_node_bag2.yaml\n'}
[0.515957] (robot_localization) StdoutLine: {'line': b'-- Up-to-date: /home/starry1n/WUTA/WUTA-FSD/ros2_ws/install/robot_localization/share/robot_localization/test/test_ekf_localization_node_bag3.yaml\n'}
[0.516280] (robot_localization) StdoutLine: {'line': b'-- Up-to-date: /home/starry1n/WUTA/WUTA-FSD/ros2_ws/install/robot_localization/share/robot_localization/test/test_ekf_localization_node_interfaces.yaml\n'}
[0.516526] (robot_localization) StdoutLine: {'line': b'-- Up-to-date: /home/starry1n/WUTA/WUTA-FSD/ros2_ws/install/robot_localization/share/robot_localization/test/test_ukf_localization_node_bag2.yaml\n'}
[0.516703] (robot_localization) StdoutLine: {'line': b'-- Up-to-date: /home/starry1n/WUTA/WUTA-FSD/ros2_ws/install/robot_localization/share/robot_localization/test/test_ukf_localization_node_bag1.sh\n'}
[0.516775] (robot_localization) StdoutLine: {'line': b'-- Up-to-date: /home/starry1n/WUTA/WUTA-FSD/ros2_ws/install/robot_localization/share/robot_localization/test/test_ekf_localization_node_interfaces.launch.py\n'}
[0.516815] (robot_localization) StdoutLine: {'line': b'-- Up-to-date: /home/starry1n/WUTA/WUTA-FSD/ros2_ws/install/robot_localization/share/robot_localization/test/test_ukf_localization_node_interfaces.yaml\n'}
[0.516845] (robot_localization) StdoutLine: {'line': b'-- Up-to-date: /home/starry1n/WUTA/WUTA-FSD/ros2_ws/install/robot_localization/share/robot_localization/test/test_ukf_localization_node_interfaces.launch.py\n'}
[0.516951] (robot_localization) StdoutLine: {'line': b'-- Up-to-date: /home/starry1n/WUTA/WUTA-FSD/ros2_ws/install/robot_localization/share/robot_localization/test/test_filter_base_diagnostics_timestamps.cpp\n'}
[0.517089] (robot_localization) StdoutLine: {'line': b'-- Up-to-date: /home/starry1n/WUTA/WUTA-FSD/ros2_ws/install/robot_localization/share/robot_localization/test/test_ukf_localization_node_bag1.yaml\n'}
[0.517464] (robot_localization) StdoutLine: {'line': b'-- Up-to-date: /home/starry1n/WUTA/WUTA-FSD/ros2_ws/install/robot_localization/share/robot_localization/test/test2.bag\n'}
[0.517530] (robot_localization) StdoutLine: {'line': b'-- Up-to-date: /home/starry1n/WUTA/WUTA-FSD/ros2_ws/install/robot_localization/share/robot_localization/test/test_navsat_conversions.cpp\n'}
[0.517567] (robot_localization) StdoutLine: {'line': b'-- Up-to-date: /home/starry1n/WUTA/WUTA-FSD/ros2_ws/install/robot_localization/share/robot_localization/test/test_ekf_localization_node_bag3.sh\n'}
[0.517926] (robot_localization) StdoutLine: {'line': b'-- Up-to-date: /home/starry1n/WUTA/WUTA-FSD/ros2_ws/install/robot_localization/share/robot_localization/test/test_ekf_localization_node_bag2.launch.py\n'}
[0.518003] (robot_localization) StdoutLine: {'line': b'-- Up-to-date: /home/starry1n/WUTA/WUTA-FSD/ros2_ws/install/robot_localization/share/robot_localization/test/test_ukf.cpp\n'}
[0.518481] (robot_localization) StdoutLine: {'line': b'-- Up-to-date: /home/starry1n/WUTA/WUTA-FSD/ros2_ws/install/robot_localization/share/robot_localization/test/test_filter_base_diagnostics_timestamps.launch.py\n'}
[0.518579] (robot_localization) StdoutLine: {'line': b'-- Up-to-date: /home/starry1n/WUTA/WUTA-FSD/ros2_ws/install/robot_localization/share/robot_localization/test/test_ukf_localization_node_interfaces.cpp\n'}
[0.518630] (robot_localization) StdoutLine: {'line': b'-- Up-to-date: /home/starry1n/WUTA/WUTA-FSD/ros2_ws/install/robot_localization/share/robot_localization/test/test_ekf_localization_node_bag1.yaml\n'}
[0.519166] (robot_localization) StdoutLine: {'line': b'-- Up-to-date: /home/starry1n/WUTA/WUTA-FSD/ros2_ws/install/robot_localization/share/robot_localization/test/test_robot_localization_estimator.cpp\n'}
[0.519345] (robot_localization) StdoutLine: {'line': b'-- Up-to-date: /home/starry1n/WUTA/WUTA-FSD/ros2_ws/install/robot_localization/share/robot_localization/test/test_ukf_localization_node_bag3.launch.py\n'}
[0.519586] (robot_localization) StdoutLine: {'line': b'-- Up-to-date: /home/starry1n/WUTA/WUTA-FSD/ros2_ws/install/robot_localization/include/robot_localization\n'}
[0.519654] (robot_localization) StdoutLine: {'line': b'-- Up-to-date: /home/starry1n/WUTA/WUTA-FSD/ros2_ws/install/robot_localization/include/robot_localization/robot_localization\n'}
[0.520898] (robot_localization) StdoutLine: {'line': b'-- Up-to-date: /home/starry1n/WUTA/WUTA-FSD/ros2_ws/install/robot_localization/include/robot_localization/robot_localization/filter_base.hpp\n'}
[0.521187] (robot_localization) StdoutLine: {'line': b'-- Up-to-date: /home/starry1n/WUTA/WUTA-FSD/ros2_ws/install/robot_localization/include/robot_localization/robot_localization/ukf.hpp\n'}
[0.521237] (robot_localization) StdoutLine: {'line': b'-- Up-to-date: /home/starry1n/WUTA/WUTA-FSD/ros2_ws/install/robot_localization/include/robot_localization/robot_localization/ros_filter_utilities.hpp\n'}
[0.521302] (robot_localization) StdoutLine: {'line': b'-- Up-to-date: /home/starry1n/WUTA/WUTA-FSD/ros2_ws/install/robot_localization/include/robot_localization/robot_localization/filter_common.hpp\n'}
[0.521341] (robot_localization) StdoutLine: {'line': b'-- Up-to-date: /home/starry1n/WUTA/WUTA-FSD/ros2_ws/install/robot_localization/include/robot_localization/robot_localization/measurement.hpp\n'}
[0.521592] (robot_localization) StdoutLine: {'line': b'-- Up-to-date: /home/starry1n/WUTA/WUTA-FSD/ros2_ws/install/robot_localization/include/robot_localization/robot_localization/ekf.hpp\n'}
[0.521639] (robot_localization) StdoutLine: {'line': b'-- Up-to-date: /home/starry1n/WUTA/WUTA-FSD/ros2_ws/install/robot_localization/include/robot_localization/robot_localization/navsat_transform.hpp\n'}
[0.521670] (robot_localization) StdoutLine: {'line': b'-- Up-to-date: /home/starry1n/WUTA/WUTA-FSD/ros2_ws/install/robot_localization/include/robot_localization/robot_localization/ros_filter.hpp\n'}
[0.521700] (robot_localization) StdoutLine: {'line': b'-- Up-to-date: /home/starry1n/WUTA/WUTA-FSD/ros2_ws/install/robot_localization/include/robot_localization/robot_localization/ros_filter_types.hpp\n'}
[0.521730] (robot_localization) StdoutLine: {'line': b'-- Up-to-date: /home/starry1n/WUTA/WUTA-FSD/ros2_ws/install/robot_localization/include/robot_localization/robot_localization/ros_robot_localization_listener.hpp\n'}
[0.521775] (robot_localization) StdoutLine: {'line': b'-- Up-to-date: /home/starry1n/WUTA/WUTA-FSD/ros2_ws/install/robot_localization/include/robot_localization/robot_localization/navsat_conversions.hpp\n'}
[0.521804] (robot_localization) StdoutLine: {'line': b'-- Up-to-date: /home/starry1n/WUTA/WUTA-FSD/ros2_ws/install/robot_localization/include/robot_localization/robot_localization/filter_state.hpp\n'}
[0.521829] (robot_localization) StdoutLine: {'line': b'-- Up-to-date: /home/starry1n/WUTA/WUTA-FSD/ros2_ws/install/robot_localization/include/robot_localization/robot_localization/filter_utilities.hpp\n'}
[0.522198] (robot_localization) StdoutLine: {'line': b'-- Up-to-date: /home/starry1n/WUTA/WUTA-FSD/ros2_ws/install/robot_localization/include/robot_localization/robot_localization/robot_localization_estimator.hpp\n'}
[0.522980] (robot_localization) StdoutLine: {'line': b'-- Up-to-date: /home/starry1n/WUTA/WUTA-FSD/ros2_ws/install/robot_localization/share/robot_localization/params\n'}
[0.523297] (robot_localization) StdoutLine: {'line': b'-- Up-to-date: /home/starry1n/WUTA/WUTA-FSD/ros2_ws/install/robot_localization/share/robot_localization/params/ukf.yaml\n'}
[0.523688] (robot_localization) StdoutLine: {'line': b'-- Up-to-date: /home/starry1n/WUTA/WUTA-FSD/ros2_ws/install/robot_localization/share/robot_localization/params/dual_ekf_navsat_example.yaml\n'}
[0.523782] (robot_localization) StdoutLine: {'line': b'-- Up-to-date: /home/starry1n/WUTA/WUTA-FSD/ros2_ws/install/robot_localization/share/robot_localization/params/ekf.yaml\n'}
[0.523824] (robot_localization) StdoutLine: {'line': b'-- Up-to-date: /home/starry1n/WUTA/WUTA-FSD/ros2_ws/install/robot_localization/share/robot_localization/params/navsat_transform.yaml\n'}
[0.523860] (robot_localization) StdoutLine: {'line': b'-- Up-to-date: /home/starry1n/WUTA/WUTA-FSD/ros2_ws/install/robot_localization/share/robot_localization/launch\n'}
[0.523891] (robot_localization) StdoutLine: {'line': b'-- Up-to-date: /home/starry1n/WUTA/WUTA-FSD/ros2_ws/install/robot_localization/share/robot_localization/launch/ekf.launch.py\n'}
[0.524319] (robot_localization) StdoutLine: {'line': b'-- Up-to-date: /home/starry1n/WUTA/WUTA-FSD/ros2_ws/install/robot_localization/share/robot_localization/launch/ukf.launch.py\n'}
[0.524522] (robot_localization) StdoutLine: {'line': b'-- Up-to-date: /home/starry1n/WUTA/WUTA-FSD/ros2_ws/install/robot_localization/share/robot_localization/launch/dual_ekf_navsat_example.launch.py\n'}
[0.524608] (robot_localization) StdoutLine: {'line': b'-- Up-to-date: /home/starry1n/WUTA/WUTA-FSD/ros2_ws/install/robot_localization/share/robot_localization/launch/navsat_transform.launch.py\n'}
[0.524681] (robot_localization) StdoutLine: {'line': b'-- Up-to-date: /home/starry1n/WUTA/WUTA-FSD/ros2_ws/install/robot_localization/share/robot_localization/cmake/export_robot_localization__rosidl_generator_cExport.cmake\n'}
[0.524983] (robot_localization) StdoutLine: {'line': b'-- Up-to-date: /home/starry1n/WUTA/WUTA-FSD/ros2_ws/install/robot_localization/share/robot_localization/cmake/export_robot_localization__rosidl_generator_cExport-relwithdebinfo.cmake\n'}
[0.525164] (robot_localization) StdoutLine: {'line': b'-- Up-to-date: /home/starry1n/WUTA/WUTA-FSD/ros2_ws/install/robot_localization/share/robot_localization/cmake/export_robot_localization__rosidl_typesupport_fastrtps_cExport.cmake\n'}
[0.525218] (robot_localization) StdoutLine: {'line': b'-- Up-to-date: /home/starry1n/WUTA/WUTA-FSD/ros2_ws/install/robot_localization/share/robot_localization/cmake/export_robot_localization__rosidl_typesupport_fastrtps_cExport-relwithdebinfo.cmake\n'}
[0.525466] (robot_localization) StdoutLine: {'line': b'-- Up-to-date: /home/starry1n/WUTA/WUTA-FSD/ros2_ws/install/robot_localization/share/robot_localization/cmake/export_robot_localization__rosidl_generator_cppExport.cmake\n'}
[0.525514] (robot_localization) StdoutLine: {'line': b'-- Up-to-date: /home/starry1n/WUTA/WUTA-FSD/ros2_ws/install/robot_localization/share/robot_localization/cmake/export_robot_localization__rosidl_typesupport_fastrtps_cppExport.cmake\n'}
[0.525548] (robot_localization) StdoutLine: {'line': b'-- Up-to-date: /home/starry1n/WUTA/WUTA-FSD/ros2_ws/install/robot_localization/share/robot_localization/cmake/export_robot_localization__rosidl_typesupport_fastrtps_cppExport-relwithdebinfo.cmake\n'}
[0.525621] (robot_localization) StdoutLine: {'line': b'-- Up-to-date: /home/starry1n/WUTA/WUTA-FSD/ros2_ws/install/robot_localization/share/robot_localization/cmake/robot_localization__rosidl_typesupport_introspection_cExport.cmake\n'}
[0.525656] (robot_localization) StdoutLine: {'line': b'-- Up-to-date: /home/starry1n/WUTA/WUTA-FSD/ros2_ws/install/robot_localization/share/robot_localization/cmake/robot_localization__rosidl_typesupport_introspection_cExport-relwithdebinfo.cmake\n'}
[0.525760] (robot_localization) StdoutLine: {'line': b'-- Up-to-date: /home/starry1n/WUTA/WUTA-FSD/ros2_ws/install/robot_localization/share/robot_localization/cmake/robot_localization__rosidl_typesupport_cExport.cmake\n'}
[0.525818] (robot_localization) StdoutLine: {'line': b'-- Up-to-date: /home/starry1n/WUTA/WUTA-FSD/ros2_ws/install/robot_localization/share/robot_localization/cmake/robot_localization__rosidl_typesupport_cExport-relwithdebinfo.cmake\n'}
[0.525852] (robot_localization) StdoutLine: {'line': b'-- Up-to-date: /home/starry1n/WUTA/WUTA-FSD/ros2_ws/install/robot_localization/share/robot_localization/cmake/robot_localization__rosidl_typesupport_introspection_cppExport.cmake\n'}
[0.525920] (robot_localization) StdoutLine: {'line': b'-- Up-to-date: /home/starry1n/WUTA/WUTA-FSD/ros2_ws/install/robot_localization/share/robot_localization/cmake/robot_localization__rosidl_typesupport_introspection_cppExport-relwithdebinfo.cmake\n'}
[0.525975] (robot_localization) StdoutLine: {'line': b'-- Up-to-date: /home/starry1n/WUTA/WUTA-FSD/ros2_ws/install/robot_localization/share/robot_localization/cmake/robot_localization__rosidl_typesupport_cppExport.cmake\n'}
[0.526018] (robot_localization) StdoutLine: {'line': b'-- Up-to-date: /home/starry1n/WUTA/WUTA-FSD/ros2_ws/install/robot_localization/share/robot_localization/cmake/robot_localization__rosidl_typesupport_cppExport-relwithdebinfo.cmake\n'}
[0.526154] (robot_localization) StdoutLine: {'line': b'-- Up-to-date: /home/starry1n/WUTA/WUTA-FSD/ros2_ws/install/robot_localization/share/robot_localization/cmake/export_robot_localization__rosidl_generator_pyExport.cmake\n'}
[0.526217] (robot_localization) StdoutLine: {'line': b'-- Up-to-date: /home/starry1n/WUTA/WUTA-FSD/ros2_ws/install/robot_localization/share/robot_localization/cmake/export_robot_localization__rosidl_generator_pyExport-relwithdebinfo.cmake\n'}
[0.526254] (autoware_msgs) StdoutLine: {'line': b"Listing '/home/starry1n/WUTA/WUTA-FSD/ros2_ws/install/autoware_msgs/local/lib/python3.10/dist-packages/autoware_msgs'...\n"}
[0.526338] (autoware_msgs) StdoutLine: {'line': b"Listing '/home/starry1n/WUTA/WUTA-FSD/ros2_ws/install/autoware_msgs/local/lib/python3.10/dist-packages/autoware_msgs/msg'...\n"}
[0.526411] (cone_map_builder) JobStarted: {'identifier': 'cone_map_builder'}
[0.526469] (autoware_msgs) StdoutLine: {'line': b'-- Up-to-date: /home/starry1n/WUTA/WUTA-FSD/ros2_ws/install/autoware_msgs/lib/libautoware_msgs__rosidl_generator_py.so\n'}
[0.526572] (autoware_msgs) StdoutLine: {'line': b'-- Up-to-date: /home/starry1n/WUTA/WUTA-FSD/ros2_ws/install/autoware_msgs/share/autoware_msgs/cmake/export_autoware_msgs__rosidl_generator_cExport.cmake\n'}
[0.526621] (autoware_msgs) StdoutLine: {'line': b'-- Up-to-date: /home/starry1n/WUTA/WUTA-FSD/ros2_ws/install/autoware_msgs/share/autoware_msgs/cmake/export_autoware_msgs__rosidl_generator_cExport-noconfig.cmake\n'}
[0.526686] (autoware_msgs) StdoutLine: {'line': b'-- Up-to-date: /home/starry1n/WUTA/WUTA-FSD/ros2_ws/install/autoware_msgs/share/autoware_msgs/cmake/export_autoware_msgs__rosidl_typesupport_fastrtps_cExport.cmake\n'}
[0.526726] (autoware_msgs) StdoutLine: {'line': b'-- Up-to-date: /home/starry1n/WUTA/WUTA-FSD/ros2_ws/install/autoware_msgs/share/autoware_msgs/cmake/export_autoware_msgs__rosidl_typesupport_fastrtps_cExport-noconfig.cmake\n'}
[0.526759] (autoware_msgs) StdoutLine: {'line': b'-- Up-to-date: /home/starry1n/WUTA/WUTA-FSD/ros2_ws/install/autoware_msgs/share/autoware_msgs/cmake/autoware_msgs__rosidl_typesupport_introspection_cExport.cmake\n'}
[0.526786] (autoware_msgs) StdoutLine: {'line': b'-- Up-to-date: /home/starry1n/WUTA/WUTA-FSD/ros2_ws/install/autoware_msgs/share/autoware_msgs/cmake/autoware_msgs__rosidl_typesupport_introspection_cExport-noconfig.cmake\n'}
[0.526902] (autoware_msgs) StdoutLine: {'line': b'-- Up-to-date: /home/starry1n/WUTA/WUTA-FSD/ros2_ws/install/autoware_msgs/share/autoware_msgs/cmake/autoware_msgs__rosidl_typesupport_cExport.cmake\n'}
[0.526992] (autoware_msgs) StdoutLine: {'line': b'-- Up-to-date: /home/starry1n/WUTA/WUTA-FSD/ros2_ws/install/autoware_msgs/share/autoware_msgs/cmake/autoware_msgs__rosidl_typesupport_cExport-noconfig.cmake\n'}
[0.527039] (autoware_msgs) StdoutLine: {'line': b'-- Up-to-date: /home/starry1n/WUTA/WUTA-FSD/ros2_ws/install/autoware_msgs/share/autoware_msgs/cmake/export_autoware_msgs__rosidl_generator_cppExport.cmake\n'}
[0.527072] (autoware_msgs) StdoutLine: {'line': b'-- Up-to-date: /home/starry1n/WUTA/WUTA-FSD/ros2_ws/install/autoware_msgs/share/autoware_msgs/cmake/export_autoware_msgs__rosidl_typesupport_fastrtps_cppExport.cmake\n'}
[0.527109] (autoware_msgs) StdoutLine: {'line': b'-- Up-to-date: /home/starry1n/WUTA/WUTA-FSD/ros2_ws/install/autoware_msgs/share/autoware_msgs/cmake/export_autoware_msgs__rosidl_typesupport_fastrtps_cppExport-noconfig.cmake\n'}
[0.527136] (autoware_msgs) StdoutLine: {'line': b'-- Up-to-date: /home/starry1n/WUTA/WUTA-FSD/ros2_ws/install/autoware_msgs/share/autoware_msgs/cmake/autoware_msgs__rosidl_typesupport_introspection_cppExport.cmake\n'}
[0.527223] (autoware_msgs) StdoutLine: {'line': b'-- Up-to-date: /home/starry1n/WUTA/WUTA-FSD/ros2_ws/install/autoware_msgs/share/autoware_msgs/cmake/autoware_msgs__rosidl_typesupport_introspection_cppExport-noconfig.cmake\n'}
[0.527289] (autoware_msgs) StdoutLine: {'line': b'-- Up-to-date: /home/starry1n/WUTA/WUTA-FSD/ros2_ws/install/autoware_msgs/share/autoware_msgs/cmake/autoware_msgs__rosidl_typesupport_cppExport.cmake\n'}
[0.527322] (autoware_msgs) StdoutLine: {'line': b'-- Up-to-date: /home/starry1n/WUTA/WUTA-FSD/ros2_ws/install/autoware_msgs/share/autoware_msgs/cmake/autoware_msgs__rosidl_typesupport_cppExport-noconfig.cmake\n'}
[0.527362] (autoware_msgs) StdoutLine: {'line': b'-- Up-to-date: /home/starry1n/WUTA/WUTA-FSD/ros2_ws/install/autoware_msgs/share/autoware_msgs/cmake/export_autoware_msgs__rosidl_generator_pyExport.cmake\n'}
[0.527390] (autoware_msgs) StdoutLine: {'line': b'-- Up-to-date: /home/starry1n/WUTA/WUTA-FSD/ros2_ws/install/autoware_msgs/share/autoware_msgs/cmake/export_autoware_msgs__rosidl_generator_pyExport-noconfig.cmake\n'}
[0.528776] (detection_fusion) JobStarted: {'identifier': 'detection_fusion'}
[0.531417] (kiss_icp_wrapper) JobStarted: {'identifier': 'kiss_icp_wrapper'}
[0.533732] (lidar_detection) JobStarted: {'identifier': 'lidar_detection'}
[0.536969] (mission_manager) JobStarted: {'identifier': 'mission_manager'}
[0.541801] (robot_localization) CommandEnded: {'returncode': 0}
[0.554926] (robot_localization) JobEnded: {'identifier': 'robot_localization', 'rc': 0}
[0.555440] (autoware_msgs) CommandEnded: {'returncode': 0}
[0.565745] (autoware_msgs) JobEnded: {'identifier': 'autoware_msgs', 'rc': 0}
[0.567081] (boundary_detector) JobStarted: {'identifier': 'boundary_detector'}
[0.568806] (controller) JobStarted: {'identifier': 'controller'}
[0.571314] (camera_detection) JobProgress: {'identifier': 'camera_detection', 'progress': 'cmake'}
[0.571714] (camera_detection) JobProgress: {'identifier': 'camera_detection', 'progress': 'build'}
[0.572396] (camera_detection) Command: {'cmd': ['/usr/bin/cmake', '--build', '/home/starry1n/WUTA/WUTA-FSD/ros2_ws/build/camera_detection', '--', '-j8', '-l8'], 'cwd': '/home/starry1n/WUTA/WUTA-FSD/ros2_ws/build/camera_detection', 'env': OrderedDict([('LESSOPEN', '| /usr/bin/lesspipe %s'), ('LANGUAGE', 'zh_CN:zh'), ('USER', 'starry1n'), ('XDG_SESSION_TYPE', 'wayland'), ('SHLVL', '3'), ('LD_LIBRARY_PATH', '/home/starry1n/WUTA/WUTA-FSD/ros2_ws/install/wuta_msgs/lib:/opt/ros/humble/opt/rviz_ogre_vendor/lib:/opt/ros/humble/lib/x86_64-linux-gnu:/opt/ros/humble/lib'), ('HOME', '/home/starry1n'), ('OLDPWD', '/home/starry1n/WUTA/WUTA-FSD'), ('DESKTOP_SESSION', 'ubuntu'), ('ROS_PYTHON_VERSION', '3'), ('GNOME_SHELL_SESSION_MODE', 'ubuntu'), ('GTK_MODULES', 'gail:atk-bridge'), ('DBUS_STARTER_BUS_TYPE', 'session'), ('SYSTEMD_EXEC_PID', '2321'), ('DBUS_SESSION_BUS_ADDRESS', 'unix:path=/run/user/1000/bus,guid=c67e2489f73595b365ff0ae46a50c8ee'), ('COLORTERM', 'truecolor'), ('IM_CONFIG_PHASE', '1'), ('WAYLAND_DISPLAY', 'wayland-0'), ('ROS_DISTRO', 'humble'), ('LOGNAME', 'starry1n'), ('_', '/usr/bin/colcon'), ('ROS_VERSION', '2'), ('XDG_SESSION_CLASS', 'user'), ('USERNAME', 'starry1n'), ('TERM', 'xterm-256color'), ('GNOME_DESKTOP_SESSION_ID', 'this-is-deprecated'), ('ROS_LOCALHOST_ONLY', '0'), ('PATH', '/home/starry1n/.local/bin:/opt/ros/humble/bin:/home/starry1n/.local/bin:/usr/local/sbin:/usr/local/bin:/usr/sbin:/usr/bin:/sbin:/bin:/usr/games:/usr/local/games:/snap/bin:/snap/bin'), ('SESSION_MANAGER', 'local/starry1n-virtual-machine:@/tmp/.ICE-unix/2321,unix/starry1n-virtual-machine:/tmp/.ICE-unix/2321'), ('XDG_MENU_PREFIX', 'gnome-'), ('GNOME_TERMINAL_SCREEN', '/org/gnome/Terminal/screen/1f3eb7e9_2641_49ca_8c99_b72e9fb24486'), ('GNOME_SETUP_DISPLAY', ':1'), ('XDG_RUNTIME_DIR', '/run/user/1000'), ('DISPLAY', ':0'), ('LANG', 'zh_CN.UTF-8'), ('XDG_CURRENT_DESKTOP', 'ubuntu:GNOME'), ('XMODIFIERS', '@im=ibus'), ('XDG_SESSION_DESKTOP', 'ubuntu'), ('XAUTHORITY', '/run/user/1000/.mutter-Xwaylandauth.H6FRS3'), ('LS_COLORS', 'rs=0:di=01;34:ln=01;36:mh=00:pi=40;33:so=01;35:do=01;35:bd=40;33;01:cd=40;33;01:or=40;31;01:mi=00:su=37;41:sg=30;43:ca=30;41:tw=30;42:ow=34;42:st=37;44:ex=01;32:*.tar=01;31:*.tgz=01;31:*.arc=01;31:*.arj=01;31:*.taz=01;31:*.lha=01;31:*.lz4=01;31:*.lzh=01;31:*.lzma=01;31:*.tlz=01;31:*.txz=01;31:*.tzo=01;31:*.t7z=01;31:*.zip=01;31:*.z=01;31:*.dz=01;31:*.gz=01;31:*.lrz=01;31:*.lz=01;31:*.lzo=01;31:*.xz=01;31:*.zst=01;31:*.tzst=01;31:*.bz2=01;31:*.bz=01;31:*.tbz=01;31:*.tbz2=01;31:*.tz=01;31:*.deb=01;31:*.rpm=01;31:*.jar=01;31:*.war=01;31:*.ear=01;31:*.sar=01;31:*.rar=01;31:*.alz=01;31:*.ace=01;31:*.zoo=01;31:*.cpio=01;31:*.7z=01;31:*.rz=01;31:*.cab=01;31:*.wim=01;31:*.swm=01;31:*.dwm=01;31:*.esd=01;31:*.jpg=01;35:*.jpeg=01;35:*.mjpg=01;35:*.mjpeg=01;35:*.gif=01;35:*.bmp=01;35:*.pbm=01;35:*.pgm=01;35:*.ppm=01;35:*.tga=01;35:*.xbm=01;35:*.xpm=01;35:*.tif=01;35:*.tiff=01;35:*.png=01;35:*.svg=01;35:*.svgz=01;35:*.mng=01;35:*.pcx=01;35:*.mov=01;35:*.mpg=01;35:*.mpeg=01;35:*.m2v=01;35:*.mkv=01;35:*.webm=01;35:*.webp=01;35:*.ogm=01;35:*.mp4=01;35:*.m4v=01;35:*.mp4v=01;35:*.vob=01;35:*.qt=01;35:*.nuv=01;35:*.wmv=01;35:*.asf=01;35:*.rm=01;35:*.rmvb=01;35:*.flc=01;35:*.avi=01;35:*.fli=01;35:*.flv=01;35:*.gl=01;35:*.dl=01;35:*.xcf=01;35:*.xwd=01;35:*.yuv=01;35:*.cgm=01;35:*.emf=01;35:*.ogv=01;35:*.ogx=01;35:*.aac=00;36:*.au=00;36:*.flac=00;36:*.m4a=00;36:*.mid=00;36:*.midi=00;36:*.mka=00;36:*.mp3=00;36:*.mpc=00;36:*.ogg=00;36:*.ra=00;36:*.wav=00;36:*.oga=00;36:*.opus=00;36:*.spx=00;36:*.xspf=00;36:'), ('GNOME_TERMINAL_SERVICE', ':1.330'), ('SSH_AGENT_LAUNCHER', 'gnome-keyring'), ('SSH_AUTH_SOCK', '/run/user/1000/keyring/ssh'), ('AMENT_PREFIX_PATH', '/home/starry1n/WUTA/WUTA-FSD/ros2_ws/install/wuta_msgs:/opt/ros/humble'), ('SHELL', '/bin/bash'), ('QT_ACCESSIBILITY', '1'), ('GDMSESSION', 'ubuntu'), ('LESSCLOSE', '/usr/bin/lesspipe %s %s'), ('QT_IM_MODULE', 'ibus'), ('PWD', '/home/starry1n/WUTA/WUTA-FSD/ros2_ws/build/camera_detection'), ('XDG_CONFIG_DIRS', '/etc/xdg/xdg-ubuntu:/etc/xdg'), ('DBUS_STARTER_ADDRESS', 'unix:path=/run/user/1000/bus,guid=c67e2489f73595b365ff0ae46a50c8ee'), ('XDG_DATA_DIRS', '/usr/share/ubuntu:/usr/local/share/:/usr/share/:/var/lib/snapd/desktop'), ('PYTHONPATH', '/home/starry1n/WUTA/WUTA-FSD/ros2_ws/install/wuta_msgs/local/lib/python3.10/dist-packages:/opt/ros/humble/lib/python3.10/site-packages:/opt/ros/humble/local/lib/python3.10/dist-packages'), ('COLCON', '1'), ('VTE_VERSION', '6800'), ('CMAKE_PREFIX_PATH', '/home/starry1n/WUTA/WUTA-FSD/ros2_ws/install/wuta_msgs:/opt/ros/humble')]), 'shell': False}
[0.574570] (cone_map_builder) JobProgress: {'identifier': 'cone_map_builder', 'progress': 'cmake'}
[0.575953] (cone_map_builder) JobProgress: {'identifier': 'cone_map_builder', 'progress': 'build'}
[0.576105] (cone_map_builder) Command: {'cmd': ['/usr/bin/cmake', '--build', '/home/starry1n/WUTA/WUTA-FSD/ros2_ws/build/cone_map_builder', '--', '-j8', '-l8'], 'cwd': '/home/starry1n/WUTA/WUTA-FSD/ros2_ws/build/cone_map_builder', 'env': OrderedDict([('LESSOPEN', '| /usr/bin/lesspipe %s'), ('LANGUAGE', 'zh_CN:zh'), ('USER', 'starry1n'), ('XDG_SESSION_TYPE', 'wayland'), ('SHLVL', '3'), ('LD_LIBRARY_PATH', '/home/starry1n/WUTA/WUTA-FSD/ros2_ws/install/wuta_msgs/lib:/opt/ros/humble/opt/rviz_ogre_vendor/lib:/opt/ros/humble/lib/x86_64-linux-gnu:/opt/ros/humble/lib'), ('HOME', '/home/starry1n'), ('OLDPWD', '/home/starry1n/WUTA/WUTA-FSD'), ('DESKTOP_SESSION', 'ubuntu'), ('ROS_PYTHON_VERSION', '3'), ('GNOME_SHELL_SESSION_MODE', 'ubuntu'), ('GTK_MODULES', 'gail:atk-bridge'), ('DBUS_STARTER_BUS_TYPE', 'session'), ('SYSTEMD_EXEC_PID', '2321'), ('DBUS_SESSION_BUS_ADDRESS', 'unix:path=/run/user/1000/bus,guid=c67e2489f73595b365ff0ae46a50c8ee'), ('COLORTERM', 'truecolor'), ('IM_CONFIG_PHASE', '1'), ('WAYLAND_DISPLAY', 'wayland-0'), ('ROS_DISTRO', 'humble'), ('LOGNAME', 'starry1n'), ('_', '/usr/bin/colcon'), ('ROS_VERSION', '2'), ('XDG_SESSION_CLASS', 'user'), ('USERNAME', 'starry1n'), ('TERM', 'xterm-256color'), ('GNOME_DESKTOP_SESSION_ID', 'this-is-deprecated'), ('ROS_LOCALHOST_ONLY', '0'), ('PATH', '/home/starry1n/.local/bin:/opt/ros/humble/bin:/home/starry1n/.local/bin:/usr/local/sbin:/usr/local/bin:/usr/sbin:/usr/bin:/sbin:/bin:/usr/games:/usr/local/games:/snap/bin:/snap/bin'), ('SESSION_MANAGER', 'local/starry1n-virtual-machine:@/tmp/.ICE-unix/2321,unix/starry1n-virtual-machine:/tmp/.ICE-unix/2321'), ('XDG_MENU_PREFIX', 'gnome-'), ('GNOME_TERMINAL_SCREEN', '/org/gnome/Terminal/screen/1f3eb7e9_2641_49ca_8c99_b72e9fb24486'), ('GNOME_SETUP_DISPLAY', ':1'), ('XDG_RUNTIME_DIR', '/run/user/1000'), ('DISPLAY', ':0'), ('LANG', 'zh_CN.UTF-8'), ('XDG_CURRENT_DESKTOP', 'ubuntu:GNOME'), ('XMODIFIERS', '@im=ibus'), ('XDG_SESSION_DESKTOP', 'ubuntu'), ('XAUTHORITY', '/run/user/1000/.mutter-Xwaylandauth.H6FRS3'), ('LS_COLORS', 'rs=0:di=01;34:ln=01;36:mh=00:pi=40;33:so=01;35:do=01;35:bd=40;33;01:cd=40;33;01:or=40;31;01:mi=00:su=37;41:sg=30;43:ca=30;41:tw=30;42:ow=34;42:st=37;44:ex=01;32:*.tar=01;31:*.tgz=01;31:*.arc=01;31:*.arj=01;31:*.taz=01;31:*.lha=01;31:*.lz4=01;31:*.lzh=01;31:*.lzma=01;31:*.tlz=01;31:*.txz=01;31:*.tzo=01;31:*.t7z=01;31:*.zip=01;31:*.z=01;31:*.dz=01;31:*.gz=01;31:*.lrz=01;31:*.lz=01;31:*.lzo=01;31:*.xz=01;31:*.zst=01;31:*.tzst=01;31:*.bz2=01;31:*.bz=01;31:*.tbz=01;31:*.tbz2=01;31:*.tz=01;31:*.deb=01;31:*.rpm=01;31:*.jar=01;31:*.war=01;31:*.ear=01;31:*.sar=01;31:*.rar=01;31:*.alz=01;31:*.ace=01;31:*.zoo=01;31:*.cpio=01;31:*.7z=01;31:*.rz=01;31:*.cab=01;31:*.wim=01;31:*.swm=01;31:*.dwm=01;31:*.esd=01;31:*.jpg=01;35:*.jpeg=01;35:*.mjpg=01;35:*.mjpeg=01;35:*.gif=01;35:*.bmp=01;35:*.pbm=01;35:*.pgm=01;35:*.ppm=01;35:*.tga=01;35:*.xbm=01;35:*.xpm=01;35:*.tif=01;35:*.tiff=01;35:*.png=01;35:*.svg=01;35:*.svgz=01;35:*.mng=01;35:*.pcx=01;35:*.mov=01;35:*.mpg=01;35:*.mpeg=01;35:*.m2v=01;35:*.mkv=01;35:*.webm=01;35:*.webp=01;35:*.ogm=01;35:*.mp4=01;35:*.m4v=01;35:*.mp4v=01;35:*.vob=01;35:*.qt=01;35:*.nuv=01;35:*.wmv=01;35:*.asf=01;35:*.rm=01;35:*.rmvb=01;35:*.flc=01;35:*.avi=01;35:*.fli=01;35:*.flv=01;35:*.gl=01;35:*.dl=01;35:*.xcf=01;35:*.xwd=01;35:*.yuv=01;35:*.cgm=01;35:*.emf=01;35:*.ogv=01;35:*.ogx=01;35:*.aac=00;36:*.au=00;36:*.flac=00;36:*.m4a=00;36:*.mid=00;36:*.midi=00;36:*.mka=00;36:*.mp3=00;36:*.mpc=00;36:*.ogg=00;36:*.ra=00;36:*.wav=00;36:*.oga=00;36:*.opus=00;36:*.spx=00;36:*.xspf=00;36:'), ('GNOME_TERMINAL_SERVICE', ':1.330'), ('SSH_AGENT_LAUNCHER', 'gnome-keyring'), ('SSH_AUTH_SOCK', '/run/user/1000/keyring/ssh'), ('AMENT_PREFIX_PATH', '/home/starry1n/WUTA/WUTA-FSD/ros2_ws/install/wuta_msgs:/opt/ros/humble'), ('SHELL', '/bin/bash'), ('QT_ACCESSIBILITY', '1'), ('GDMSESSION', 'ubuntu'), ('LESSCLOSE', '/usr/bin/lesspipe %s %s'), ('QT_IM_MODULE', 'ibus'), ('PWD', '/home/starry1n/WUTA/WUTA-FSD/ros2_ws/build/cone_map_builder'), ('XDG_CONFIG_DIRS', '/etc/xdg/xdg-ubuntu:/etc/xdg'), ('DBUS_STARTER_ADDRESS', 'unix:path=/run/user/1000/bus,guid=c67e2489f73595b365ff0ae46a50c8ee'), ('XDG_DATA_DIRS', '/usr/share/ubuntu:/usr/local/share/:/usr/share/:/var/lib/snapd/desktop'), ('PYTHONPATH', '/home/starry1n/WUTA/WUTA-FSD/ros2_ws/install/wuta_msgs/local/lib/python3.10/dist-packages:/opt/ros/humble/lib/python3.10/site-packages:/opt/ros/humble/local/lib/python3.10/dist-packages'), ('COLCON', '1'), ('VTE_VERSION', '6800'), ('CMAKE_PREFIX_PATH', '/home/starry1n/WUTA/WUTA-FSD/ros2_ws/install/wuta_msgs:/opt/ros/humble')]), 'shell': False}
[0.577712] (detection_fusion) JobProgress: {'identifier': 'detection_fusion', 'progress': 'cmake'}
[0.578805] (detection_fusion) JobProgress: {'identifier': 'detection_fusion', 'progress': 'build'}
[0.579950] (detection_fusion) Command: {'cmd': ['/usr/bin/cmake', '--build', '/home/starry1n/WUTA/WUTA-FSD/ros2_ws/build/detection_fusion', '--', '-j8', '-l8'], 'cwd': '/home/starry1n/WUTA/WUTA-FSD/ros2_ws/build/detection_fusion', 'env': OrderedDict([('LESSOPEN', '| /usr/bin/lesspipe %s'), ('LANGUAGE', 'zh_CN:zh'), ('USER', 'starry1n'), ('XDG_SESSION_TYPE', 'wayland'), ('SHLVL', '3'), ('LD_LIBRARY_PATH', '/home/starry1n/WUTA/WUTA-FSD/ros2_ws/install/wuta_msgs/lib:/opt/ros/humble/opt/rviz_ogre_vendor/lib:/opt/ros/humble/lib/x86_64-linux-gnu:/opt/ros/humble/lib'), ('HOME', '/home/starry1n'), ('OLDPWD', '/home/starry1n/WUTA/WUTA-FSD'), ('DESKTOP_SESSION', 'ubuntu'), ('ROS_PYTHON_VERSION', '3'), ('GNOME_SHELL_SESSION_MODE', 'ubuntu'), ('GTK_MODULES', 'gail:atk-bridge'), ('DBUS_STARTER_BUS_TYPE', 'session'), ('SYSTEMD_EXEC_PID', '2321'), ('DBUS_SESSION_BUS_ADDRESS', 'unix:path=/run/user/1000/bus,guid=c67e2489f73595b365ff0ae46a50c8ee'), ('COLORTERM', 'truecolor'), ('IM_CONFIG_PHASE', '1'), ('WAYLAND_DISPLAY', 'wayland-0'), ('ROS_DISTRO', 'humble'), ('LOGNAME', 'starry1n'), ('_', '/usr/bin/colcon'), ('ROS_VERSION', '2'), ('XDG_SESSION_CLASS', 'user'), ('USERNAME', 'starry1n'), ('TERM', 'xterm-256color'), ('GNOME_DESKTOP_SESSION_ID', 'this-is-deprecated'), ('ROS_LOCALHOST_ONLY', '0'), ('PATH', '/home/starry1n/.local/bin:/opt/ros/humble/bin:/home/starry1n/.local/bin:/usr/local/sbin:/usr/local/bin:/usr/sbin:/usr/bin:/sbin:/bin:/usr/games:/usr/local/games:/snap/bin:/snap/bin'), ('SESSION_MANAGER', 'local/starry1n-virtual-machine:@/tmp/.ICE-unix/2321,unix/starry1n-virtual-machine:/tmp/.ICE-unix/2321'), ('XDG_MENU_PREFIX', 'gnome-'), ('GNOME_TERMINAL_SCREEN', '/org/gnome/Terminal/screen/1f3eb7e9_2641_49ca_8c99_b72e9fb24486'), ('GNOME_SETUP_DISPLAY', ':1'), ('XDG_RUNTIME_DIR', '/run/user/1000'), ('DISPLAY', ':0'), ('LANG', 'zh_CN.UTF-8'), ('XDG_CURRENT_DESKTOP', 'ubuntu:GNOME'), ('XMODIFIERS', '@im=ibus'), ('XDG_SESSION_DESKTOP', 'ubuntu'), ('XAUTHORITY', '/run/user/1000/.mutter-Xwaylandauth.H6FRS3'), ('LS_COLORS', 'rs=0:di=01;34:ln=01;36:mh=00:pi=40;33:so=01;35:do=01;35:bd=40;33;01:cd=40;33;01:or=40;31;01:mi=00:su=37;41:sg=30;43:ca=30;41:tw=30;42:ow=34;42:st=37;44:ex=01;32:*.tar=01;31:*.tgz=01;31:*.arc=01;31:*.arj=01;31:*.taz=01;31:*.lha=01;31:*.lz4=01;31:*.lzh=01;31:*.lzma=01;31:*.tlz=01;31:*.txz=01;31:*.tzo=01;31:*.t7z=01;31:*.zip=01;31:*.z=01;31:*.dz=01;31:*.gz=01;31:*.lrz=01;31:*.lz=01;31:*.lzo=01;31:*.xz=01;31:*.zst=01;31:*.tzst=01;31:*.bz2=01;31:*.bz=01;31:*.tbz=01;31:*.tbz2=01;31:*.tz=01;31:*.deb=01;31:*.rpm=01;31:*.jar=01;31:*.war=01;31:*.ear=01;31:*.sar=01;31:*.rar=01;31:*.alz=01;31:*.ace=01;31:*.zoo=01;31:*.cpio=01;31:*.7z=01;31:*.rz=01;31:*.cab=01;31:*.wim=01;31:*.swm=01;31:*.dwm=01;31:*.esd=01;31:*.jpg=01;35:*.jpeg=01;35:*.mjpg=01;35:*.mjpeg=01;35:*.gif=01;35:*.bmp=01;35:*.pbm=01;35:*.pgm=01;35:*.ppm=01;35:*.tga=01;35:*.xbm=01;35:*.xpm=01;35:*.tif=01;35:*.tiff=01;35:*.png=01;35:*.svg=01;35:*.svgz=01;35:*.mng=01;35:*.pcx=01;35:*.mov=01;35:*.mpg=01;35:*.mpeg=01;35:*.m2v=01;35:*.mkv=01;35:*.webm=01;35:*.webp=01;35:*.ogm=01;35:*.mp4=01;35:*.m4v=01;35:*.mp4v=01;35:*.vob=01;35:*.qt=01;35:*.nuv=01;35:*.wmv=01;35:*.asf=01;35:*.rm=01;35:*.rmvb=01;35:*.flc=01;35:*.avi=01;35:*.fli=01;35:*.flv=01;35:*.gl=01;35:*.dl=01;35:*.xcf=01;35:*.xwd=01;35:*.yuv=01;35:*.cgm=01;35:*.emf=01;35:*.ogv=01;35:*.ogx=01;35:*.aac=00;36:*.au=00;36:*.flac=00;36:*.m4a=00;36:*.mid=00;36:*.midi=00;36:*.mka=00;36:*.mp3=00;36:*.mpc=00;36:*.ogg=00;36:*.ra=00;36:*.wav=00;36:*.oga=00;36:*.opus=00;36:*.spx=00;36:*.xspf=00;36:'), ('GNOME_TERMINAL_SERVICE', ':1.330'), ('SSH_AGENT_LAUNCHER', 'gnome-keyring'), ('SSH_AUTH_SOCK', '/run/user/1000/keyring/ssh'), ('AMENT_PREFIX_PATH', '/home/starry1n/WUTA/WUTA-FSD/ros2_ws/install/wuta_msgs:/opt/ros/humble'), ('SHELL', '/bin/bash'), ('QT_ACCESSIBILITY', '1'), ('GDMSESSION', 'ubuntu'), ('LESSCLOSE', '/usr/bin/lesspipe %s %s'), ('QT_IM_MODULE', 'ibus'), ('PWD', '/home/starry1n/WUTA/WUTA-FSD/ros2_ws/build/detection_fusion'), ('XDG_CONFIG_DIRS', '/etc/xdg/xdg-ubuntu:/etc/xdg'), ('DBUS_STARTER_ADDRESS', 'unix:path=/run/user/1000/bus,guid=c67e2489f73595b365ff0ae46a50c8ee'), ('XDG_DATA_DIRS', '/usr/share/ubuntu:/usr/local/share/:/usr/share/:/var/lib/snapd/desktop'), ('PYTHONPATH', '/home/starry1n/WUTA/WUTA-FSD/ros2_ws/install/wuta_msgs/local/lib/python3.10/dist-packages:/opt/ros/humble/lib/python3.10/site-packages:/opt/ros/humble/local/lib/python3.10/dist-packages'), ('COLCON', '1'), ('VTE_VERSION', '6800'), ('CMAKE_PREFIX_PATH', '/home/starry1n/WUTA/WUTA-FSD/ros2_ws/install/wuta_msgs:/opt/ros/humble')]), 'shell': False}
[0.583348] (kiss_icp_wrapper) JobProgress: {'identifier': 'kiss_icp_wrapper', 'progress': 'cmake'}
[0.584910] (kiss_icp_wrapper) JobProgress: {'identifier': 'kiss_icp_wrapper', 'progress': 'build'}
[0.584964] (kiss_icp_wrapper) Command: {'cmd': ['/usr/bin/cmake', '--build', '/home/starry1n/WUTA/WUTA-FSD/ros2_ws/build/kiss_icp_wrapper', '--', '-j8', '-l8'], 'cwd': '/home/starry1n/WUTA/WUTA-FSD/ros2_ws/build/kiss_icp_wrapper', 'env': OrderedDict([('LESSOPEN', '| /usr/bin/lesspipe %s'), ('LANGUAGE', 'zh_CN:zh'), ('USER', 'starry1n'), ('XDG_SESSION_TYPE', 'wayland'), ('SHLVL', '3'), ('LD_LIBRARY_PATH', '/home/starry1n/WUTA/WUTA-FSD/ros2_ws/install/wuta_msgs/lib:/opt/ros/humble/opt/rviz_ogre_vendor/lib:/opt/ros/humble/lib/x86_64-linux-gnu:/opt/ros/humble/lib'), ('HOME', '/home/starry1n'), ('OLDPWD', '/home/starry1n/WUTA/WUTA-FSD'), ('DESKTOP_SESSION', 'ubuntu'), ('ROS_PYTHON_VERSION', '3'), ('GNOME_SHELL_SESSION_MODE', 'ubuntu'), ('GTK_MODULES', 'gail:atk-bridge'), ('DBUS_STARTER_BUS_TYPE', 'session'), ('SYSTEMD_EXEC_PID', '2321'), ('DBUS_SESSION_BUS_ADDRESS', 'unix:path=/run/user/1000/bus,guid=c67e2489f73595b365ff0ae46a50c8ee'), ('COLORTERM', 'truecolor'), ('IM_CONFIG_PHASE', '1'), ('WAYLAND_DISPLAY', 'wayland-0'), ('ROS_DISTRO', 'humble'), ('LOGNAME', 'starry1n'), ('_', '/usr/bin/colcon'), ('ROS_VERSION', '2'), ('XDG_SESSION_CLASS', 'user'), ('USERNAME', 'starry1n'), ('TERM', 'xterm-256color'), ('GNOME_DESKTOP_SESSION_ID', 'this-is-deprecated'), ('ROS_LOCALHOST_ONLY', '0'), ('PATH', '/home/starry1n/.local/bin:/opt/ros/humble/bin:/home/starry1n/.local/bin:/usr/local/sbin:/usr/local/bin:/usr/sbin:/usr/bin:/sbin:/bin:/usr/games:/usr/local/games:/snap/bin:/snap/bin'), ('SESSION_MANAGER', 'local/starry1n-virtual-machine:@/tmp/.ICE-unix/2321,unix/starry1n-virtual-machine:/tmp/.ICE-unix/2321'), ('XDG_MENU_PREFIX', 'gnome-'), ('GNOME_TERMINAL_SCREEN', '/org/gnome/Terminal/screen/1f3eb7e9_2641_49ca_8c99_b72e9fb24486'), ('GNOME_SETUP_DISPLAY', ':1'), ('XDG_RUNTIME_DIR', '/run/user/1000'), ('DISPLAY', ':0'), ('LANG', 'zh_CN.UTF-8'), ('XDG_CURRENT_DESKTOP', 'ubuntu:GNOME'), ('XMODIFIERS', '@im=ibus'), ('XDG_SESSION_DESKTOP', 'ubuntu'), ('XAUTHORITY', '/run/user/1000/.mutter-Xwaylandauth.H6FRS3'), ('LS_COLORS', 'rs=0:di=01;34:ln=01;36:mh=00:pi=40;33:so=01;35:do=01;35:bd=40;33;01:cd=40;33;01:or=40;31;01:mi=00:su=37;41:sg=30;43:ca=30;41:tw=30;42:ow=34;42:st=37;44:ex=01;32:*.tar=01;31:*.tgz=01;31:*.arc=01;31:*.arj=01;31:*.taz=01;31:*.lha=01;31:*.lz4=01;31:*.lzh=01;31:*.lzma=01;31:*.tlz=01;31:*.txz=01;31:*.tzo=01;31:*.t7z=01;31:*.zip=01;31:*.z=01;31:*.dz=01;31:*.gz=01;31:*.lrz=01;31:*.lz=01;31:*.lzo=01;31:*.xz=01;31:*.zst=01;31:*.tzst=01;31:*.bz2=01;31:*.bz=01;31:*.tbz=01;31:*.tbz2=01;31:*.tz=01;31:*.deb=01;31:*.rpm=01;31:*.jar=01;31:*.war=01;31:*.ear=01;31:*.sar=01;31:*.rar=01;31:*.alz=01;31:*.ace=01;31:*.zoo=01;31:*.cpio=01;31:*.7z=01;31:*.rz=01;31:*.cab=01;31:*.wim=01;31:*.swm=01;31:*.dwm=01;31:*.esd=01;31:*.jpg=01;35:*.jpeg=01;35:*.mjpg=01;35:*.mjpeg=01;35:*.gif=01;35:*.bmp=01;35:*.pbm=01;35:*.pgm=01;35:*.ppm=01;35:*.tga=01;35:*.xbm=01;35:*.xpm=01;35:*.tif=01;35:*.tiff=01;35:*.png=01;35:*.svg=01;35:*.svgz=01;35:*.mng=01;35:*.pcx=01;35:*.mov=01;35:*.mpg=01;35:*.mpeg=01;35:*.m2v=01;35:*.mkv=01;35:*.webm=01;35:*.webp=01;35:*.ogm=01;35:*.mp4=01;35:*.m4v=01;35:*.mp4v=01;35:*.vob=01;35:*.qt=01;35:*.nuv=01;35:*.wmv=01;35:*.asf=01;35:*.rm=01;35:*.rmvb=01;35:*.flc=01;35:*.avi=01;35:*.fli=01;35:*.flv=01;35:*.gl=01;35:*.dl=01;35:*.xcf=01;35:*.xwd=01;35:*.yuv=01;35:*.cgm=01;35:*.emf=01;35:*.ogv=01;35:*.ogx=01;35:*.aac=00;36:*.au=00;36:*.flac=00;36:*.m4a=00;36:*.mid=00;36:*.midi=00;36:*.mka=00;36:*.mp3=00;36:*.mpc=00;36:*.ogg=00;36:*.ra=00;36:*.wav=00;36:*.oga=00;36:*.opus=00;36:*.spx=00;36:*.xspf=00;36:'), ('GNOME_TERMINAL_SERVICE', ':1.330'), ('SSH_AGENT_LAUNCHER', 'gnome-keyring'), ('SSH_AUTH_SOCK', '/run/user/1000/keyring/ssh'), ('AMENT_PREFIX_PATH', '/home/starry1n/WUTA/WUTA-FSD/ros2_ws/install/wuta_msgs:/opt/ros/humble'), ('SHELL', '/bin/bash'), ('QT_ACCESSIBILITY', '1'), ('GDMSESSION', 'ubuntu'), ('LESSCLOSE', '/usr/bin/lesspipe %s %s'), ('QT_IM_MODULE', 'ibus'), ('PWD', '/home/starry1n/WUTA/WUTA-FSD/ros2_ws/build/kiss_icp_wrapper'), ('XDG_CONFIG_DIRS', '/etc/xdg/xdg-ubuntu:/etc/xdg'), ('DBUS_STARTER_ADDRESS', 'unix:path=/run/user/1000/bus,guid=c67e2489f73595b365ff0ae46a50c8ee'), ('XDG_DATA_DIRS', '/usr/share/ubuntu:/usr/local/share/:/usr/share/:/var/lib/snapd/desktop'), ('PYTHONPATH', '/home/starry1n/WUTA/WUTA-FSD/ros2_ws/install/wuta_msgs/local/lib/python3.10/dist-packages:/opt/ros/humble/lib/python3.10/site-packages:/opt/ros/humble/local/lib/python3.10/dist-packages'), ('COLCON', '1'), ('VTE_VERSION', '6800'), ('CMAKE_PREFIX_PATH', '/home/starry1n/WUTA/WUTA-FSD/ros2_ws/install/wuta_msgs:/opt/ros/humble')]), 'shell': False}
[0.589092] (lidar_detection) JobProgress: {'identifier': 'lidar_detection', 'progress': 'cmake'}
[0.591054] (lidar_detection) JobProgress: {'identifier': 'lidar_detection', 'progress': 'build'}
[0.591469] (lidar_detection) Command: {'cmd': ['/usr/bin/cmake', '--build', '/home/starry1n/WUTA/WUTA-FSD/ros2_ws/build/lidar_detection', '--', '-j8', '-l8'], 'cwd': '/home/starry1n/WUTA/WUTA-FSD/ros2_ws/build/lidar_detection', 'env': OrderedDict([('LESSOPEN', '| /usr/bin/lesspipe %s'), ('LANGUAGE', 'zh_CN:zh'), ('USER', 'starry1n'), ('XDG_SESSION_TYPE', 'wayland'), ('SHLVL', '3'), ('LD_LIBRARY_PATH', '/home/starry1n/WUTA/WUTA-FSD/ros2_ws/install/wuta_msgs/lib:/opt/ros/humble/opt/rviz_ogre_vendor/lib:/opt/ros/humble/lib/x86_64-linux-gnu:/opt/ros/humble/lib'), ('HOME', '/home/starry1n'), ('OLDPWD', '/home/starry1n/WUTA/WUTA-FSD'), ('DESKTOP_SESSION', 'ubuntu'), ('ROS_PYTHON_VERSION', '3'), ('GNOME_SHELL_SESSION_MODE', 'ubuntu'), ('GTK_MODULES', 'gail:atk-bridge'), ('DBUS_STARTER_BUS_TYPE', 'session'), ('SYSTEMD_EXEC_PID', '2321'), ('DBUS_SESSION_BUS_ADDRESS', 'unix:path=/run/user/1000/bus,guid=c67e2489f73595b365ff0ae46a50c8ee'), ('COLORTERM', 'truecolor'), ('IM_CONFIG_PHASE', '1'), ('WAYLAND_DISPLAY', 'wayland-0'), ('ROS_DISTRO', 'humble'), ('LOGNAME', 'starry1n'), ('_', '/usr/bin/colcon'), ('ROS_VERSION', '2'), ('XDG_SESSION_CLASS', 'user'), ('USERNAME', 'starry1n'), ('TERM', 'xterm-256color'), ('GNOME_DESKTOP_SESSION_ID', 'this-is-deprecated'), ('ROS_LOCALHOST_ONLY', '0'), ('PATH', '/home/starry1n/.local/bin:/opt/ros/humble/bin:/home/starry1n/.local/bin:/usr/local/sbin:/usr/local/bin:/usr/sbin:/usr/bin:/sbin:/bin:/usr/games:/usr/local/games:/snap/bin:/snap/bin'), ('SESSION_MANAGER', 'local/starry1n-virtual-machine:@/tmp/.ICE-unix/2321,unix/starry1n-virtual-machine:/tmp/.ICE-unix/2321'), ('XDG_MENU_PREFIX', 'gnome-'), ('GNOME_TERMINAL_SCREEN', '/org/gnome/Terminal/screen/1f3eb7e9_2641_49ca_8c99_b72e9fb24486'), ('GNOME_SETUP_DISPLAY', ':1'), ('XDG_RUNTIME_DIR', '/run/user/1000'), ('DISPLAY', ':0'), ('LANG', 'zh_CN.UTF-8'), ('XDG_CURRENT_DESKTOP', 'ubuntu:GNOME'), ('XMODIFIERS', '@im=ibus'), ('XDG_SESSION_DESKTOP', 'ubuntu'), ('XAUTHORITY', '/run/user/1000/.mutter-Xwaylandauth.H6FRS3'), ('LS_COLORS', 'rs=0:di=01;34:ln=01;36:mh=00:pi=40;33:so=01;35:do=01;35:bd=40;33;01:cd=40;33;01:or=40;31;01:mi=00:su=37;41:sg=30;43:ca=30;41:tw=30;42:ow=34;42:st=37;44:ex=01;32:*.tar=01;31:*.tgz=01;31:*.arc=01;31:*.arj=01;31:*.taz=01;31:*.lha=01;31:*.lz4=01;31:*.lzh=01;31:*.lzma=01;31:*.tlz=01;31:*.txz=01;31:*.tzo=01;31:*.t7z=01;31:*.zip=01;31:*.z=01;31:*.dz=01;31:*.gz=01;31:*.lrz=01;31:*.lz=01;31:*.lzo=01;31:*.xz=01;31:*.zst=01;31:*.tzst=01;31:*.bz2=01;31:*.bz=01;31:*.tbz=01;31:*.tbz2=01;31:*.tz=01;31:*.deb=01;31:*.rpm=01;31:*.jar=01;31:*.war=01;31:*.ear=01;31:*.sar=01;31:*.rar=01;31:*.alz=01;31:*.ace=01;31:*.zoo=01;31:*.cpio=01;31:*.7z=01;31:*.rz=01;31:*.cab=01;31:*.wim=01;31:*.swm=01;31:*.dwm=01;31:*.esd=01;31:*.jpg=01;35:*.jpeg=01;35:*.mjpg=01;35:*.mjpeg=01;35:*.gif=01;35:*.bmp=01;35:*.pbm=01;35:*.pgm=01;35:*.ppm=01;35:*.tga=01;35:*.xbm=01;35:*.xpm=01;35:*.tif=01;35:*.tiff=01;35:*.png=01;35:*.svg=01;35:*.svgz=01;35:*.mng=01;35:*.pcx=01;35:*.mov=01;35:*.mpg=01;35:*.mpeg=01;35:*.m2v=01;35:*.mkv=01;35:*.webm=01;35:*.webp=01;35:*.ogm=01;35:*.mp4=01;35:*.m4v=01;35:*.mp4v=01;35:*.vob=01;35:*.qt=01;35:*.nuv=01;35:*.wmv=01;35:*.asf=01;35:*.rm=01;35:*.rmvb=01;35:*.flc=01;35:*.avi=01;35:*.fli=01;35:*.flv=01;35:*.gl=01;35:*.dl=01;35:*.xcf=01;35:*.xwd=01;35:*.yuv=01;35:*.cgm=01;35:*.emf=01;35:*.ogv=01;35:*.ogx=01;35:*.aac=00;36:*.au=00;36:*.flac=00;36:*.m4a=00;36:*.mid=00;36:*.midi=00;36:*.mka=00;36:*.mp3=00;36:*.mpc=00;36:*.ogg=00;36:*.ra=00;36:*.wav=00;36:*.oga=00;36:*.opus=00;36:*.spx=00;36:*.xspf=00;36:'), ('GNOME_TERMINAL_SERVICE', ':1.330'), ('SSH_AGENT_LAUNCHER', 'gnome-keyring'), ('SSH_AUTH_SOCK', '/run/user/1000/keyring/ssh'), ('AMENT_PREFIX_PATH', '/home/starry1n/WUTA/WUTA-FSD/ros2_ws/install/wuta_msgs:/opt/ros/humble'), ('SHELL', '/bin/bash'), ('QT_ACCESSIBILITY', '1'), ('GDMSESSION', 'ubuntu'), ('LESSCLOSE', '/usr/bin/lesspipe %s %s'), ('QT_IM_MODULE', 'ibus'), ('PWD', '/home/starry1n/WUTA/WUTA-FSD/ros2_ws/build/lidar_detection'), ('XDG_CONFIG_DIRS', '/etc/xdg/xdg-ubuntu:/etc/xdg'), ('DBUS_STARTER_ADDRESS', 'unix:path=/run/user/1000/bus,guid=c67e2489f73595b365ff0ae46a50c8ee'), ('XDG_DATA_DIRS', '/usr/share/ubuntu:/usr/local/share/:/usr/share/:/var/lib/snapd/desktop'), ('PYTHONPATH', '/home/starry1n/WUTA/WUTA-FSD/ros2_ws/install/wuta_msgs/local/lib/python3.10/dist-packages:/opt/ros/humble/lib/python3.10/site-packages:/opt/ros/humble/local/lib/python3.10/dist-packages'), ('COLCON', '1'), ('VTE_VERSION', '6800'), ('CMAKE_PREFIX_PATH', '/home/starry1n/WUTA/WUTA-FSD/ros2_ws/install/wuta_msgs:/opt/ros/humble')]), 'shell': False}
[0.594110] (mission_manager) JobProgress: {'identifier': 'mission_manager', 'progress': 'cmake'}
[0.595880] (mission_manager) JobProgress: {'identifier': 'mission_manager', 'progress': 'build'}
[0.595935] (mission_manager) Command: {'cmd': ['/usr/bin/cmake', '--build', '/home/starry1n/WUTA/WUTA-FSD/ros2_ws/build/mission_manager', '--', '-j8', '-l8'], 'cwd': '/home/starry1n/WUTA/WUTA-FSD/ros2_ws/build/mission_manager', 'env': OrderedDict([('LESSOPEN', '| /usr/bin/lesspipe %s'), ('LANGUAGE', 'zh_CN:zh'), ('USER', 'starry1n'), ('XDG_SESSION_TYPE', 'wayland'), ('SHLVL', '3'), ('LD_LIBRARY_PATH', '/home/starry1n/WUTA/WUTA-FSD/ros2_ws/install/wuta_msgs/lib:/opt/ros/humble/opt/rviz_ogre_vendor/lib:/opt/ros/humble/lib/x86_64-linux-gnu:/opt/ros/humble/lib'), ('HOME', '/home/starry1n'), ('OLDPWD', '/home/starry1n/WUTA/WUTA-FSD'), ('DESKTOP_SESSION', 'ubuntu'), ('ROS_PYTHON_VERSION', '3'), ('GNOME_SHELL_SESSION_MODE', 'ubuntu'), ('GTK_MODULES', 'gail:atk-bridge'), ('DBUS_STARTER_BUS_TYPE', 'session'), ('SYSTEMD_EXEC_PID', '2321'), ('DBUS_SESSION_BUS_ADDRESS', 'unix:path=/run/user/1000/bus,guid=c67e2489f73595b365ff0ae46a50c8ee'), ('COLORTERM', 'truecolor'), ('IM_CONFIG_PHASE', '1'), ('WAYLAND_DISPLAY', 'wayland-0'), ('ROS_DISTRO', 'humble'), ('LOGNAME', 'starry1n'), ('_', '/usr/bin/colcon'), ('ROS_VERSION', '2'), ('XDG_SESSION_CLASS', 'user'), ('USERNAME', 'starry1n'), ('TERM', 'xterm-256color'), ('GNOME_DESKTOP_SESSION_ID', 'this-is-deprecated'), ('ROS_LOCALHOST_ONLY', '0'), ('PATH', '/home/starry1n/.local/bin:/opt/ros/humble/bin:/home/starry1n/.local/bin:/usr/local/sbin:/usr/local/bin:/usr/sbin:/usr/bin:/sbin:/bin:/usr/games:/usr/local/games:/snap/bin:/snap/bin'), ('SESSION_MANAGER', 'local/starry1n-virtual-machine:@/tmp/.ICE-unix/2321,unix/starry1n-virtual-machine:/tmp/.ICE-unix/2321'), ('XDG_MENU_PREFIX', 'gnome-'), ('GNOME_TERMINAL_SCREEN', '/org/gnome/Terminal/screen/1f3eb7e9_2641_49ca_8c99_b72e9fb24486'), ('GNOME_SETUP_DISPLAY', ':1'), ('XDG_RUNTIME_DIR', '/run/user/1000'), ('DISPLAY', ':0'), ('LANG', 'zh_CN.UTF-8'), ('XDG_CURRENT_DESKTOP', 'ubuntu:GNOME'), ('XMODIFIERS', '@im=ibus'), ('XDG_SESSION_DESKTOP', 'ubuntu'), ('XAUTHORITY', '/run/user/1000/.mutter-Xwaylandauth.H6FRS3'), ('LS_COLORS', 'rs=0:di=01;34:ln=01;36:mh=00:pi=40;33:so=01;35:do=01;35:bd=40;33;01:cd=40;33;01:or=40;31;01:mi=00:su=37;41:sg=30;43:ca=30;41:tw=30;42:ow=34;42:st=37;44:ex=01;32:*.tar=01;31:*.tgz=01;31:*.arc=01;31:*.arj=01;31:*.taz=01;31:*.lha=01;31:*.lz4=01;31:*.lzh=01;31:*.lzma=01;31:*.tlz=01;31:*.txz=01;31:*.tzo=01;31:*.t7z=01;31:*.zip=01;31:*.z=01;31:*.dz=01;31:*.gz=01;31:*.lrz=01;31:*.lz=01;31:*.lzo=01;31:*.xz=01;31:*.zst=01;31:*.tzst=01;31:*.bz2=01;31:*.bz=01;31:*.tbz=01;31:*.tbz2=01;31:*.tz=01;31:*.deb=01;31:*.rpm=01;31:*.jar=01;31:*.war=01;31:*.ear=01;31:*.sar=01;31:*.rar=01;31:*.alz=01;31:*.ace=01;31:*.zoo=01;31:*.cpio=01;31:*.7z=01;31:*.rz=01;31:*.cab=01;31:*.wim=01;31:*.swm=01;31:*.dwm=01;31:*.esd=01;31:*.jpg=01;35:*.jpeg=01;35:*.mjpg=01;35:*.mjpeg=01;35:*.gif=01;35:*.bmp=01;35:*.pbm=01;35:*.pgm=01;35:*.ppm=01;35:*.tga=01;35:*.xbm=01;35:*.xpm=01;35:*.tif=01;35:*.tiff=01;35:*.png=01;35:*.svg=01;35:*.svgz=01;35:*.mng=01;35:*.pcx=01;35:*.mov=01;35:*.mpg=01;35:*.mpeg=01;35:*.m2v=01;35:*.mkv=01;35:*.webm=01;35:*.webp=01;35:*.ogm=01;35:*.mp4=01;35:*.m4v=01;35:*.mp4v=01;35:*.vob=01;35:*.qt=01;35:*.nuv=01;35:*.wmv=01;35:*.asf=01;35:*.rm=01;35:*.rmvb=01;35:*.flc=01;35:*.avi=01;35:*.fli=01;35:*.flv=01;35:*.gl=01;35:*.dl=01;35:*.xcf=01;35:*.xwd=01;35:*.yuv=01;35:*.cgm=01;35:*.emf=01;35:*.ogv=01;35:*.ogx=01;35:*.aac=00;36:*.au=00;36:*.flac=00;36:*.m4a=00;36:*.mid=00;36:*.midi=00;36:*.mka=00;36:*.mp3=00;36:*.mpc=00;36:*.ogg=00;36:*.ra=00;36:*.wav=00;36:*.oga=00;36:*.opus=00;36:*.spx=00;36:*.xspf=00;36:'), ('GNOME_TERMINAL_SERVICE', ':1.330'), ('SSH_AGENT_LAUNCHER', 'gnome-keyring'), ('SSH_AUTH_SOCK', '/run/user/1000/keyring/ssh'), ('AMENT_PREFIX_PATH', '/home/starry1n/WUTA/WUTA-FSD/ros2_ws/install/wuta_msgs:/opt/ros/humble'), ('SHELL', '/bin/bash'), ('QT_ACCESSIBILITY', '1'), ('GDMSESSION', 'ubuntu'), ('LESSCLOSE', '/usr/bin/lesspipe %s %s'), ('QT_IM_MODULE', 'ibus'), ('PWD', '/home/starry1n/WUTA/WUTA-FSD/ros2_ws/build/mission_manager'), ('XDG_CONFIG_DIRS', '/etc/xdg/xdg-ubuntu:/etc/xdg'), ('DBUS_STARTER_ADDRESS', 'unix:path=/run/user/1000/bus,guid=c67e2489f73595b365ff0ae46a50c8ee'), ('XDG_DATA_DIRS', '/usr/share/ubuntu:/usr/local/share/:/usr/share/:/var/lib/snapd/desktop'), ('PYTHONPATH', '/home/starry1n/WUTA/WUTA-FSD/ros2_ws/install/wuta_msgs/local/lib/python3.10/dist-packages:/opt/ros/humble/lib/python3.10/site-packages:/opt/ros/humble/local/lib/python3.10/dist-packages'), ('COLCON', '1'), ('VTE_VERSION', '6800'), ('CMAKE_PREFIX_PATH', '/home/starry1n/WUTA/WUTA-FSD/ros2_ws/install/wuta_msgs:/opt/ros/humble')]), 'shell': False}
[0.600114] (boundary_detector) JobProgress: {'identifier': 'boundary_detector', 'progress': 'cmake'}
[0.600425] (boundary_detector) JobProgress: {'identifier': 'boundary_detector', 'progress': 'build'}
[0.601426] (boundary_detector) Command: {'cmd': ['/usr/bin/cmake', '--build', '/home/starry1n/WUTA/WUTA-FSD/ros2_ws/build/boundary_detector', '--', '-j8', '-l8'], 'cwd': '/home/starry1n/WUTA/WUTA-FSD/ros2_ws/build/boundary_detector', 'env': OrderedDict([('LESSOPEN', '| /usr/bin/lesspipe %s'), ('LANGUAGE', 'zh_CN:zh'), ('USER', 'starry1n'), ('XDG_SESSION_TYPE', 'wayland'), ('SHLVL', '3'), ('LD_LIBRARY_PATH', '/home/starry1n/WUTA/WUTA-FSD/ros2_ws/install/wuta_msgs/lib:/home/starry1n/WUTA/WUTA-FSD/ros2_ws/install/autoware_msgs/lib:/opt/ros/humble/opt/rviz_ogre_vendor/lib:/opt/ros/humble/lib/x86_64-linux-gnu:/opt/ros/humble/lib'), ('HOME', '/home/starry1n'), ('OLDPWD', '/home/starry1n/WUTA/WUTA-FSD'), ('DESKTOP_SESSION', 'ubuntu'), ('ROS_PYTHON_VERSION', '3'), ('GNOME_SHELL_SESSION_MODE', 'ubuntu'), ('GTK_MODULES', 'gail:atk-bridge'), ('DBUS_STARTER_BUS_TYPE', 'session'), ('SYSTEMD_EXEC_PID', '2321'), ('DBUS_SESSION_BUS_ADDRESS', 'unix:path=/run/user/1000/bus,guid=c67e2489f73595b365ff0ae46a50c8ee'), ('COLORTERM', 'truecolor'), ('IM_CONFIG_PHASE', '1'), ('WAYLAND_DISPLAY', 'wayland-0'), ('ROS_DISTRO', 'humble'), ('LOGNAME', 'starry1n'), ('_', '/usr/bin/colcon'), ('ROS_VERSION', '2'), ('XDG_SESSION_CLASS', 'user'), ('USERNAME', 'starry1n'), ('TERM', 'xterm-256color'), ('GNOME_DESKTOP_SESSION_ID', 'this-is-deprecated'), ('ROS_LOCALHOST_ONLY', '0'), ('PATH', '/home/starry1n/.local/bin:/opt/ros/humble/bin:/home/starry1n/.local/bin:/usr/local/sbin:/usr/local/bin:/usr/sbin:/usr/bin:/sbin:/bin:/usr/games:/usr/local/games:/snap/bin:/snap/bin'), ('SESSION_MANAGER', 'local/starry1n-virtual-machine:@/tmp/.ICE-unix/2321,unix/starry1n-virtual-machine:/tmp/.ICE-unix/2321'), ('XDG_MENU_PREFIX', 'gnome-'), ('GNOME_TERMINAL_SCREEN', '/org/gnome/Terminal/screen/1f3eb7e9_2641_49ca_8c99_b72e9fb24486'), ('GNOME_SETUP_DISPLAY', ':1'), ('XDG_RUNTIME_DIR', '/run/user/1000'), ('DISPLAY', ':0'), ('LANG', 'zh_CN.UTF-8'), ('XDG_CURRENT_DESKTOP', 'ubuntu:GNOME'), ('XMODIFIERS', '@im=ibus'), ('XDG_SESSION_DESKTOP', 'ubuntu'), ('XAUTHORITY', '/run/user/1000/.mutter-Xwaylandauth.H6FRS3'), ('LS_COLORS', 'rs=0:di=01;34:ln=01;36:mh=00:pi=40;33:so=01;35:do=01;35:bd=40;33;01:cd=40;33;01:or=40;31;01:mi=00:su=37;41:sg=30;43:ca=30;41:tw=30;42:ow=34;42:st=37;44:ex=01;32:*.tar=01;31:*.tgz=01;31:*.arc=01;31:*.arj=01;31:*.taz=01;31:*.lha=01;31:*.lz4=01;31:*.lzh=01;31:*.lzma=01;31:*.tlz=01;31:*.txz=01;31:*.tzo=01;31:*.t7z=01;31:*.zip=01;31:*.z=01;31:*.dz=01;31:*.gz=01;31:*.lrz=01;31:*.lz=01;31:*.lzo=01;31:*.xz=01;31:*.zst=01;31:*.tzst=01;31:*.bz2=01;31:*.bz=01;31:*.tbz=01;31:*.tbz2=01;31:*.tz=01;31:*.deb=01;31:*.rpm=01;31:*.jar=01;31:*.war=01;31:*.ear=01;31:*.sar=01;31:*.rar=01;31:*.alz=01;31:*.ace=01;31:*.zoo=01;31:*.cpio=01;31:*.7z=01;31:*.rz=01;31:*.cab=01;31:*.wim=01;31:*.swm=01;31:*.dwm=01;31:*.esd=01;31:*.jpg=01;35:*.jpeg=01;35:*.mjpg=01;35:*.mjpeg=01;35:*.gif=01;35:*.bmp=01;35:*.pbm=01;35:*.pgm=01;35:*.ppm=01;35:*.tga=01;35:*.xbm=01;35:*.xpm=01;35:*.tif=01;35:*.tiff=01;35:*.png=01;35:*.svg=01;35:*.svgz=01;35:*.mng=01;35:*.pcx=01;35:*.mov=01;35:*.mpg=01;35:*.mpeg=01;35:*.m2v=01;35:*.mkv=01;35:*.webm=01;35:*.webp=01;35:*.ogm=01;35:*.mp4=01;35:*.m4v=01;35:*.mp4v=01;35:*.vob=01;35:*.qt=01;35:*.nuv=01;35:*.wmv=01;35:*.asf=01;35:*.rm=01;35:*.rmvb=01;35:*.flc=01;35:*.avi=01;35:*.fli=01;35:*.flv=01;35:*.gl=01;35:*.dl=01;35:*.xcf=01;35:*.xwd=01;35:*.yuv=01;35:*.cgm=01;35:*.emf=01;35:*.ogv=01;35:*.ogx=01;35:*.aac=00;36:*.au=00;36:*.flac=00;36:*.m4a=00;36:*.mid=00;36:*.midi=00;36:*.mka=00;36:*.mp3=00;36:*.mpc=00;36:*.ogg=00;36:*.ra=00;36:*.wav=00;36:*.oga=00;36:*.opus=00;36:*.spx=00;36:*.xspf=00;36:'), ('GNOME_TERMINAL_SERVICE', ':1.330'), ('SSH_AGENT_LAUNCHER', 'gnome-keyring'), ('SSH_AUTH_SOCK', '/run/user/1000/keyring/ssh'), ('AMENT_PREFIX_PATH', '/home/starry1n/WUTA/WUTA-FSD/ros2_ws/install/wuta_msgs:/home/starry1n/WUTA/WUTA-FSD/ros2_ws/install/autoware_msgs:/opt/ros/humble'), ('SHELL', '/bin/bash'), ('QT_ACCESSIBILITY', '1'), ('GDMSESSION', 'ubuntu'), ('LESSCLOSE', '/usr/bin/lesspipe %s %s'), ('QT_IM_MODULE', 'ibus'), ('PWD', '/home/starry1n/WUTA/WUTA-FSD/ros2_ws/build/boundary_detector'), ('XDG_CONFIG_DIRS', '/etc/xdg/xdg-ubuntu:/etc/xdg'), ('DBUS_STARTER_ADDRESS', 'unix:path=/run/user/1000/bus,guid=c67e2489f73595b365ff0ae46a50c8ee'), ('XDG_DATA_DIRS', '/usr/share/ubuntu:/usr/local/share/:/usr/share/:/var/lib/snapd/desktop'), ('PYTHONPATH', '/home/starry1n/WUTA/WUTA-FSD/ros2_ws/install/wuta_msgs/local/lib/python3.10/dist-packages:/home/starry1n/WUTA/WUTA-FSD/ros2_ws/install/autoware_msgs/local/lib/python3.10/dist-packages:/opt/ros/humble/lib/python3.10/site-packages:/opt/ros/humble/local/lib/python3.10/dist-packages'), ('COLCON', '1'), ('VTE_VERSION', '6800'), ('CMAKE_PREFIX_PATH', '/home/starry1n/WUTA/WUTA-FSD/ros2_ws/install/wuta_msgs:/home/starry1n/WUTA/WUTA-FSD/ros2_ws/install/autoware_msgs:/opt/ros/humble')]), 'shell': False}
[0.607106] (controller) JobProgress: {'identifier': 'controller', 'progress': 'cmake'}
[0.607177] (-) TimerEvent: {}
[0.607294] (controller) JobProgress: {'identifier': 'controller', 'progress': 'build'}
[0.607312] (controller) Command: {'cmd': ['/usr/bin/cmake', '--build', '/home/starry1n/WUTA/WUTA-FSD/ros2_ws/build/controller', '--', '-j8', '-l8'], 'cwd': '/home/starry1n/WUTA/WUTA-FSD/ros2_ws/build/controller', 'env': OrderedDict([('LESSOPEN', '| /usr/bin/lesspipe %s'), ('LANGUAGE', 'zh_CN:zh'), ('USER', 'starry1n'), ('XDG_SESSION_TYPE', 'wayland'), ('SHLVL', '3'), ('LD_LIBRARY_PATH', '/home/starry1n/WUTA/WUTA-FSD/ros2_ws/install/wuta_msgs/lib:/home/starry1n/WUTA/WUTA-FSD/ros2_ws/install/autoware_msgs/lib:/opt/ros/humble/opt/rviz_ogre_vendor/lib:/opt/ros/humble/lib/x86_64-linux-gnu:/opt/ros/humble/lib'), ('HOME', '/home/starry1n'), ('OLDPWD', '/home/starry1n/WUTA/WUTA-FSD'), ('DESKTOP_SESSION', 'ubuntu'), ('ROS_PYTHON_VERSION', '3'), ('GNOME_SHELL_SESSION_MODE', 'ubuntu'), ('GTK_MODULES', 'gail:atk-bridge'), ('DBUS_STARTER_BUS_TYPE', 'session'), ('SYSTEMD_EXEC_PID', '2321'), ('DBUS_SESSION_BUS_ADDRESS', 'unix:path=/run/user/1000/bus,guid=c67e2489f73595b365ff0ae46a50c8ee'), ('COLORTERM', 'truecolor'), ('IM_CONFIG_PHASE', '1'), ('WAYLAND_DISPLAY', 'wayland-0'), ('ROS_DISTRO', 'humble'), ('LOGNAME', 'starry1n'), ('_', '/usr/bin/colcon'), ('ROS_VERSION', '2'), ('XDG_SESSION_CLASS', 'user'), ('USERNAME', 'starry1n'), ('TERM', 'xterm-256color'), ('GNOME_DESKTOP_SESSION_ID', 'this-is-deprecated'), ('ROS_LOCALHOST_ONLY', '0'), ('PATH', '/home/starry1n/.local/bin:/opt/ros/humble/bin:/home/starry1n/.local/bin:/usr/local/sbin:/usr/local/bin:/usr/sbin:/usr/bin:/sbin:/bin:/usr/games:/usr/local/games:/snap/bin:/snap/bin'), ('SESSION_MANAGER', 'local/starry1n-virtual-machine:@/tmp/.ICE-unix/2321,unix/starry1n-virtual-machine:/tmp/.ICE-unix/2321'), ('XDG_MENU_PREFIX', 'gnome-'), ('GNOME_TERMINAL_SCREEN', '/org/gnome/Terminal/screen/1f3eb7e9_2641_49ca_8c99_b72e9fb24486'), ('GNOME_SETUP_DISPLAY', ':1'), ('XDG_RUNTIME_DIR', '/run/user/1000'), ('DISPLAY', ':0'), ('LANG', 'zh_CN.UTF-8'), ('XDG_CURRENT_DESKTOP', 'ubuntu:GNOME'), ('XMODIFIERS', '@im=ibus'), ('XDG_SESSION_DESKTOP', 'ubuntu'), ('XAUTHORITY', '/run/user/1000/.mutter-Xwaylandauth.H6FRS3'), ('LS_COLORS', 'rs=0:di=01;34:ln=01;36:mh=00:pi=40;33:so=01;35:do=01;35:bd=40;33;01:cd=40;33;01:or=40;31;01:mi=00:su=37;41:sg=30;43:ca=30;41:tw=30;42:ow=34;42:st=37;44:ex=01;32:*.tar=01;31:*.tgz=01;31:*.arc=01;31:*.arj=01;31:*.taz=01;31:*.lha=01;31:*.lz4=01;31:*.lzh=01;31:*.lzma=01;31:*.tlz=01;31:*.txz=01;31:*.tzo=01;31:*.t7z=01;31:*.zip=01;31:*.z=01;31:*.dz=01;31:*.gz=01;31:*.lrz=01;31:*.lz=01;31:*.lzo=01;31:*.xz=01;31:*.zst=01;31:*.tzst=01;31:*.bz2=01;31:*.bz=01;31:*.tbz=01;31:*.tbz2=01;31:*.tz=01;31:*.deb=01;31:*.rpm=01;31:*.jar=01;31:*.war=01;31:*.ear=01;31:*.sar=01;31:*.rar=01;31:*.alz=01;31:*.ace=01;31:*.zoo=01;31:*.cpio=01;31:*.7z=01;31:*.rz=01;31:*.cab=01;31:*.wim=01;31:*.swm=01;31:*.dwm=01;31:*.esd=01;31:*.jpg=01;35:*.jpeg=01;35:*.mjpg=01;35:*.mjpeg=01;35:*.gif=01;35:*.bmp=01;35:*.pbm=01;35:*.pgm=01;35:*.ppm=01;35:*.tga=01;35:*.xbm=01;35:*.xpm=01;35:*.tif=01;35:*.tiff=01;35:*.png=01;35:*.svg=01;35:*.svgz=01;35:*.mng=01;35:*.pcx=01;35:*.mov=01;35:*.mpg=01;35:*.mpeg=01;35:*.m2v=01;35:*.mkv=01;35:*.webm=01;35:*.webp=01;35:*.ogm=01;35:*.mp4=01;35:*.m4v=01;35:*.mp4v=01;35:*.vob=01;35:*.qt=01;35:*.nuv=01;35:*.wmv=01;35:*.asf=01;35:*.rm=01;35:*.rmvb=01;35:*.flc=01;35:*.avi=01;35:*.fli=01;35:*.flv=01;35:*.gl=01;35:*.dl=01;35:*.xcf=01;35:*.xwd=01;35:*.yuv=01;35:*.cgm=01;35:*.emf=01;35:*.ogv=01;35:*.ogx=01;35:*.aac=00;36:*.au=00;36:*.flac=00;36:*.m4a=00;36:*.mid=00;36:*.midi=00;36:*.mka=00;36:*.mp3=00;36:*.mpc=00;36:*.ogg=00;36:*.ra=00;36:*.wav=00;36:*.oga=00;36:*.opus=00;36:*.spx=00;36:*.xspf=00;36:'), ('GNOME_TERMINAL_SERVICE', ':1.330'), ('SSH_AGENT_LAUNCHER', 'gnome-keyring'), ('SSH_AUTH_SOCK', '/run/user/1000/keyring/ssh'), ('AMENT_PREFIX_PATH', '/home/starry1n/WUTA/WUTA-FSD/ros2_ws/install/wuta_msgs:/home/starry1n/WUTA/WUTA-FSD/ros2_ws/install/autoware_msgs:/opt/ros/humble'), ('SHELL', '/bin/bash'), ('QT_ACCESSIBILITY', '1'), ('GDMSESSION', 'ubuntu'), ('LESSCLOSE', '/usr/bin/lesspipe %s %s'), ('QT_IM_MODULE', 'ibus'), ('PWD', '/home/starry1n/WUTA/WUTA-FSD/ros2_ws/build/controller'), ('XDG_CONFIG_DIRS', '/etc/xdg/xdg-ubuntu:/etc/xdg'), ('DBUS_STARTER_ADDRESS', 'unix:path=/run/user/1000/bus,guid=c67e2489f73595b365ff0ae46a50c8ee'), ('XDG_DATA_DIRS', '/usr/share/ubuntu:/usr/local/share/:/usr/share/:/var/lib/snapd/desktop'), ('PYTHONPATH', '/home/starry1n/WUTA/WUTA-FSD/ros2_ws/install/wuta_msgs/local/lib/python3.10/dist-packages:/home/starry1n/WUTA/WUTA-FSD/ros2_ws/install/autoware_msgs/local/lib/python3.10/dist-packages:/opt/ros/humble/lib/python3.10/site-packages:/opt/ros/humble/local/lib/python3.10/dist-packages'), ('COLCON', '1'), ('VTE_VERSION', '6800'), ('CMAKE_PREFIX_PATH', '/home/starry1n/WUTA/WUTA-FSD/ros2_ws/install/wuta_msgs:/home/starry1n/WUTA/WUTA-FSD/ros2_ws/install/autoware_msgs:/opt/ros/humble')]), 'shell': False}
[0.626879] (camera_detection) CommandEnded: {'returncode': 0}
[0.633177] (camera_detection) JobProgress: {'identifier': 'camera_detection', 'progress': 'install'}
[0.633446] (camera_detection) Command: {'cmd': ['/usr/bin/cmake', '--install', '/home/starry1n/WUTA/WUTA-FSD/ros2_ws/build/camera_detection'], 'cwd': '/home/starry1n/WUTA/WUTA-FSD/ros2_ws/build/camera_detection', 'env': OrderedDict([('LESSOPEN', '| /usr/bin/lesspipe %s'), ('LANGUAGE', 'zh_CN:zh'), ('USER', 'starry1n'), ('XDG_SESSION_TYPE', 'wayland'), ('SHLVL', '3'), ('LD_LIBRARY_PATH', '/home/starry1n/WUTA/WUTA-FSD/ros2_ws/install/wuta_msgs/lib:/opt/ros/humble/opt/rviz_ogre_vendor/lib:/opt/ros/humble/lib/x86_64-linux-gnu:/opt/ros/humble/lib'), ('HOME', '/home/starry1n'), ('OLDPWD', '/home/starry1n/WUTA/WUTA-FSD'), ('DESKTOP_SESSION', 'ubuntu'), ('ROS_PYTHON_VERSION', '3'), ('GNOME_SHELL_SESSION_MODE', 'ubuntu'), ('GTK_MODULES', 'gail:atk-bridge'), ('DBUS_STARTER_BUS_TYPE', 'session'), ('SYSTEMD_EXEC_PID', '2321'), ('DBUS_SESSION_BUS_ADDRESS', 'unix:path=/run/user/1000/bus,guid=c67e2489f73595b365ff0ae46a50c8ee'), ('COLORTERM', 'truecolor'), ('IM_CONFIG_PHASE', '1'), ('WAYLAND_DISPLAY', 'wayland-0'), ('ROS_DISTRO', 'humble'), ('LOGNAME', 'starry1n'), ('_', '/usr/bin/colcon'), ('ROS_VERSION', '2'), ('XDG_SESSION_CLASS', 'user'), ('USERNAME', 'starry1n'), ('TERM', 'xterm-256color'), ('GNOME_DESKTOP_SESSION_ID', 'this-is-deprecated'), ('ROS_LOCALHOST_ONLY', '0'), ('PATH', '/home/starry1n/.local/bin:/opt/ros/humble/bin:/home/starry1n/.local/bin:/usr/local/sbin:/usr/local/bin:/usr/sbin:/usr/bin:/sbin:/bin:/usr/games:/usr/local/games:/snap/bin:/snap/bin'), ('SESSION_MANAGER', 'local/starry1n-virtual-machine:@/tmp/.ICE-unix/2321,unix/starry1n-virtual-machine:/tmp/.ICE-unix/2321'), ('XDG_MENU_PREFIX', 'gnome-'), ('GNOME_TERMINAL_SCREEN', '/org/gnome/Terminal/screen/1f3eb7e9_2641_49ca_8c99_b72e9fb24486'), ('GNOME_SETUP_DISPLAY', ':1'), ('XDG_RUNTIME_DIR', '/run/user/1000'), ('DISPLAY', ':0'), ('LANG', 'zh_CN.UTF-8'), ('XDG_CURRENT_DESKTOP', 'ubuntu:GNOME'), ('XMODIFIERS', '@im=ibus'), ('XDG_SESSION_DESKTOP', 'ubuntu'), ('XAUTHORITY', '/run/user/1000/.mutter-Xwaylandauth.H6FRS3'), ('LS_COLORS', 'rs=0:di=01;34:ln=01;36:mh=00:pi=40;33:so=01;35:do=01;35:bd=40;33;01:cd=40;33;01:or=40;31;01:mi=00:su=37;41:sg=30;43:ca=30;41:tw=30;42:ow=34;42:st=37;44:ex=01;32:*.tar=01;31:*.tgz=01;31:*.arc=01;31:*.arj=01;31:*.taz=01;31:*.lha=01;31:*.lz4=01;31:*.lzh=01;31:*.lzma=01;31:*.tlz=01;31:*.txz=01;31:*.tzo=01;31:*.t7z=01;31:*.zip=01;31:*.z=01;31:*.dz=01;31:*.gz=01;31:*.lrz=01;31:*.lz=01;31:*.lzo=01;31:*.xz=01;31:*.zst=01;31:*.tzst=01;31:*.bz2=01;31:*.bz=01;31:*.tbz=01;31:*.tbz2=01;31:*.tz=01;31:*.deb=01;31:*.rpm=01;31:*.jar=01;31:*.war=01;31:*.ear=01;31:*.sar=01;31:*.rar=01;31:*.alz=01;31:*.ace=01;31:*.zoo=01;31:*.cpio=01;31:*.7z=01;31:*.rz=01;31:*.cab=01;31:*.wim=01;31:*.swm=01;31:*.dwm=01;31:*.esd=01;31:*.jpg=01;35:*.jpeg=01;35:*.mjpg=01;35:*.mjpeg=01;35:*.gif=01;35:*.bmp=01;35:*.pbm=01;35:*.pgm=01;35:*.ppm=01;35:*.tga=01;35:*.xbm=01;35:*.xpm=01;35:*.tif=01;35:*.tiff=01;35:*.png=01;35:*.svg=01;35:*.svgz=01;35:*.mng=01;35:*.pcx=01;35:*.mov=01;35:*.mpg=01;35:*.mpeg=01;35:*.m2v=01;35:*.mkv=01;35:*.webm=01;35:*.webp=01;35:*.ogm=01;35:*.mp4=01;35:*.m4v=01;35:*.mp4v=01;35:*.vob=01;35:*.qt=01;35:*.nuv=01;35:*.wmv=01;35:*.asf=01;35:*.rm=01;35:*.rmvb=01;35:*.flc=01;35:*.avi=01;35:*.fli=01;35:*.flv=01;35:*.gl=01;35:*.dl=01;35:*.xcf=01;35:*.xwd=01;35:*.yuv=01;35:*.cgm=01;35:*.emf=01;35:*.ogv=01;35:*.ogx=01;35:*.aac=00;36:*.au=00;36:*.flac=00;36:*.m4a=00;36:*.mid=00;36:*.midi=00;36:*.mka=00;36:*.mp3=00;36:*.mpc=00;36:*.ogg=00;36:*.ra=00;36:*.wav=00;36:*.oga=00;36:*.opus=00;36:*.spx=00;36:*.xspf=00;36:'), ('GNOME_TERMINAL_SERVICE', ':1.330'), ('SSH_AGENT_LAUNCHER', 'gnome-keyring'), ('SSH_AUTH_SOCK', '/run/user/1000/keyring/ssh'), ('AMENT_PREFIX_PATH', '/home/starry1n/WUTA/WUTA-FSD/ros2_ws/install/wuta_msgs:/opt/ros/humble'), ('SHELL', '/bin/bash'), ('QT_ACCESSIBILITY', '1'), ('GDMSESSION', 'ubuntu'), ('LESSCLOSE', '/usr/bin/lesspipe %s %s'), ('QT_IM_MODULE', 'ibus'), ('PWD', '/home/starry1n/WUTA/WUTA-FSD/ros2_ws/build/camera_detection'), ('XDG_CONFIG_DIRS', '/etc/xdg/xdg-ubuntu:/etc/xdg'), ('DBUS_STARTER_ADDRESS', 'unix:path=/run/user/1000/bus,guid=c67e2489f73595b365ff0ae46a50c8ee'), ('XDG_DATA_DIRS', '/usr/share/ubuntu:/usr/local/share/:/usr/share/:/var/lib/snapd/desktop'), ('PYTHONPATH', '/home/starry1n/WUTA/WUTA-FSD/ros2_ws/install/wuta_msgs/local/lib/python3.10/dist-packages:/opt/ros/humble/lib/python3.10/site-packages:/opt/ros/humble/local/lib/python3.10/dist-packages'), ('COLCON', '1'), ('VTE_VERSION', '6800'), ('CMAKE_PREFIX_PATH', '/home/starry1n/WUTA/WUTA-FSD/ros2_ws/install/wuta_msgs:/opt/ros/humble')]), 'shell': False}
[0.636646] (detection_fusion) CommandEnded: {'returncode': 0}
[0.644585] (detection_fusion) JobProgress: {'identifier': 'detection_fusion', 'progress': 'install'}
[0.644714] (detection_fusion) Command: {'cmd': ['/usr/bin/cmake', '--install', '/home/starry1n/WUTA/WUTA-FSD/ros2_ws/build/detection_fusion'], 'cwd': '/home/starry1n/WUTA/WUTA-FSD/ros2_ws/build/detection_fusion', 'env': OrderedDict([('LESSOPEN', '| /usr/bin/lesspipe %s'), ('LANGUAGE', 'zh_CN:zh'), ('USER', 'starry1n'), ('XDG_SESSION_TYPE', 'wayland'), ('SHLVL', '3'), ('LD_LIBRARY_PATH', '/home/starry1n/WUTA/WUTA-FSD/ros2_ws/install/wuta_msgs/lib:/opt/ros/humble/opt/rviz_ogre_vendor/lib:/opt/ros/humble/lib/x86_64-linux-gnu:/opt/ros/humble/lib'), ('HOME', '/home/starry1n'), ('OLDPWD', '/home/starry1n/WUTA/WUTA-FSD'), ('DESKTOP_SESSION', 'ubuntu'), ('ROS_PYTHON_VERSION', '3'), ('GNOME_SHELL_SESSION_MODE', 'ubuntu'), ('GTK_MODULES', 'gail:atk-bridge'), ('DBUS_STARTER_BUS_TYPE', 'session'), ('SYSTEMD_EXEC_PID', '2321'), ('DBUS_SESSION_BUS_ADDRESS', 'unix:path=/run/user/1000/bus,guid=c67e2489f73595b365ff0ae46a50c8ee'), ('COLORTERM', 'truecolor'), ('IM_CONFIG_PHASE', '1'), ('WAYLAND_DISPLAY', 'wayland-0'), ('ROS_DISTRO', 'humble'), ('LOGNAME', 'starry1n'), ('_', '/usr/bin/colcon'), ('ROS_VERSION', '2'), ('XDG_SESSION_CLASS', 'user'), ('USERNAME', 'starry1n'), ('TERM', 'xterm-256color'), ('GNOME_DESKTOP_SESSION_ID', 'this-is-deprecated'), ('ROS_LOCALHOST_ONLY', '0'), ('PATH', '/home/starry1n/.local/bin:/opt/ros/humble/bin:/home/starry1n/.local/bin:/usr/local/sbin:/usr/local/bin:/usr/sbin:/usr/bin:/sbin:/bin:/usr/games:/usr/local/games:/snap/bin:/snap/bin'), ('SESSION_MANAGER', 'local/starry1n-virtual-machine:@/tmp/.ICE-unix/2321,unix/starry1n-virtual-machine:/tmp/.ICE-unix/2321'), ('XDG_MENU_PREFIX', 'gnome-'), ('GNOME_TERMINAL_SCREEN', '/org/gnome/Terminal/screen/1f3eb7e9_2641_49ca_8c99_b72e9fb24486'), ('GNOME_SETUP_DISPLAY', ':1'), ('XDG_RUNTIME_DIR', '/run/user/1000'), ('DISPLAY', ':0'), ('LANG', 'zh_CN.UTF-8'), ('XDG_CURRENT_DESKTOP', 'ubuntu:GNOME'), ('XMODIFIERS', '@im=ibus'), ('XDG_SESSION_DESKTOP', 'ubuntu'), ('XAUTHORITY', '/run/user/1000/.mutter-Xwaylandauth.H6FRS3'), ('LS_COLORS', 'rs=0:di=01;34:ln=01;36:mh=00:pi=40;33:so=01;35:do=01;35:bd=40;33;01:cd=40;33;01:or=40;31;01:mi=00:su=37;41:sg=30;43:ca=30;41:tw=30;42:ow=34;42:st=37;44:ex=01;32:*.tar=01;31:*.tgz=01;31:*.arc=01;31:*.arj=01;31:*.taz=01;31:*.lha=01;31:*.lz4=01;31:*.lzh=01;31:*.lzma=01;31:*.tlz=01;31:*.txz=01;31:*.tzo=01;31:*.t7z=01;31:*.zip=01;31:*.z=01;31:*.dz=01;31:*.gz=01;31:*.lrz=01;31:*.lz=01;31:*.lzo=01;31:*.xz=01;31:*.zst=01;31:*.tzst=01;31:*.bz2=01;31:*.bz=01;31:*.tbz=01;31:*.tbz2=01;31:*.tz=01;31:*.deb=01;31:*.rpm=01;31:*.jar=01;31:*.war=01;31:*.ear=01;31:*.sar=01;31:*.rar=01;31:*.alz=01;31:*.ace=01;31:*.zoo=01;31:*.cpio=01;31:*.7z=01;31:*.rz=01;31:*.cab=01;31:*.wim=01;31:*.swm=01;31:*.dwm=01;31:*.esd=01;31:*.jpg=01;35:*.jpeg=01;35:*.mjpg=01;35:*.mjpeg=01;35:*.gif=01;35:*.bmp=01;35:*.pbm=01;35:*.pgm=01;35:*.ppm=01;35:*.tga=01;35:*.xbm=01;35:*.xpm=01;35:*.tif=01;35:*.tiff=01;35:*.png=01;35:*.svg=01;35:*.svgz=01;35:*.mng=01;35:*.pcx=01;35:*.mov=01;35:*.mpg=01;35:*.mpeg=01;35:*.m2v=01;35:*.mkv=01;35:*.webm=01;35:*.webp=01;35:*.ogm=01;35:*.mp4=01;35:*.m4v=01;35:*.mp4v=01;35:*.vob=01;35:*.qt=01;35:*.nuv=01;35:*.wmv=01;35:*.asf=01;35:*.rm=01;35:*.rmvb=01;35:*.flc=01;35:*.avi=01;35:*.fli=01;35:*.flv=01;35:*.gl=01;35:*.dl=01;35:*.xcf=01;35:*.xwd=01;35:*.yuv=01;35:*.cgm=01;35:*.emf=01;35:*.ogv=01;35:*.ogx=01;35:*.aac=00;36:*.au=00;36:*.flac=00;36:*.m4a=00;36:*.mid=00;36:*.midi=00;36:*.mka=00;36:*.mp3=00;36:*.mpc=00;36:*.ogg=00;36:*.ra=00;36:*.wav=00;36:*.oga=00;36:*.opus=00;36:*.spx=00;36:*.xspf=00;36:'), ('GNOME_TERMINAL_SERVICE', ':1.330'), ('SSH_AGENT_LAUNCHER', 'gnome-keyring'), ('SSH_AUTH_SOCK', '/run/user/1000/keyring/ssh'), ('AMENT_PREFIX_PATH', '/home/starry1n/WUTA/WUTA-FSD/ros2_ws/install/wuta_msgs:/opt/ros/humble'), ('SHELL', '/bin/bash'), ('QT_ACCESSIBILITY', '1'), ('GDMSESSION', 'ubuntu'), ('LESSCLOSE', '/usr/bin/lesspipe %s %s'), ('QT_IM_MODULE', 'ibus'), ('PWD', '/home/starry1n/WUTA/WUTA-FSD/ros2_ws/build/detection_fusion'), ('XDG_CONFIG_DIRS', '/etc/xdg/xdg-ubuntu:/etc/xdg'), ('DBUS_STARTER_ADDRESS', 'unix:path=/run/user/1000/bus,guid=c67e2489f73595b365ff0ae46a50c8ee'), ('XDG_DATA_DIRS', '/usr/share/ubuntu:/usr/local/share/:/usr/share/:/var/lib/snapd/desktop'), ('PYTHONPATH', '/home/starry1n/WUTA/WUTA-FSD/ros2_ws/install/wuta_msgs/local/lib/python3.10/dist-packages:/opt/ros/humble/lib/python3.10/site-packages:/opt/ros/humble/local/lib/python3.10/dist-packages'), ('COLCON', '1'), ('VTE_VERSION', '6800'), ('CMAKE_PREFIX_PATH', '/home/starry1n/WUTA/WUTA-FSD/ros2_ws/install/wuta_msgs:/opt/ros/humble')]), 'shell': False}
[0.645991] (camera_detection) StdoutLine: {'line': b'-- Install configuration: ""\n'}
[0.646298] (camera_detection) StdoutLine: {'line': b'-- Execute custom install script\n'}
[0.646368] (camera_detection) StdoutLine: {'line': b'-- Up-to-date symlink: /home/starry1n/WUTA/WUTA-FSD/ros2_ws/install/camera_detection/share/ament_index/resource_index/package_run_dependencies/camera_detection\n'}
[0.646493] (camera_detection) StdoutLine: {'line': b'-- Up-to-date symlink: /home/starry1n/WUTA/WUTA-FSD/ros2_ws/install/camera_detection/share/ament_index/resource_index/parent_prefix_path/camera_detection\n'}
[0.646899] (camera_detection) StdoutLine: {'line': b'-- Up-to-date symlink: /home/starry1n/WUTA/WUTA-FSD/ros2_ws/install/camera_detection/share/camera_detection/environment/ament_prefix_path.sh\n'}
[0.648520] (camera_detection) StdoutLine: {'line': b'-- Up-to-date symlink: /home/starry1n/WUTA/WUTA-FSD/ros2_ws/install/camera_detection/share/camera_detection/environment/ament_prefix_path.dsv\n'}
[0.648736] (camera_detection) StdoutLine: {'line': b'-- Up-to-date symlink: /home/starry1n/WUTA/WUTA-FSD/ros2_ws/install/camera_detection/share/camera_detection/environment/path.sh\n'}
[0.648791] (camera_detection) StdoutLine: {'line': b'-- Up-to-date symlink: /home/starry1n/WUTA/WUTA-FSD/ros2_ws/install/camera_detection/share/camera_detection/environment/path.dsv\n'}
[0.648913] (camera_detection) StdoutLine: {'line': b'-- Up-to-date symlink: /home/starry1n/WUTA/WUTA-FSD/ros2_ws/install/camera_detection/share/camera_detection/local_setup.bash\n'}
[0.656264] (camera_detection) StdoutLine: {'line': b'-- Up-to-date symlink: /home/starry1n/WUTA/WUTA-FSD/ros2_ws/install/camera_detection/share/camera_detection/local_setup.sh\n'}
[0.656645] (camera_detection) StdoutLine: {'line': b'-- Up-to-date symlink: /home/starry1n/WUTA/WUTA-FSD/ros2_ws/install/camera_detection/share/camera_detection/local_setup.zsh\n'}
[0.656724] (camera_detection) StdoutLine: {'line': b'-- Up-to-date symlink: /home/starry1n/WUTA/WUTA-FSD/ros2_ws/install/camera_detection/share/camera_detection/local_setup.dsv\n'}
[0.656854] (camera_detection) StdoutLine: {'line': b'-- Symlinking: /home/starry1n/WUTA/WUTA-FSD/ros2_ws/install/camera_detection/share/camera_detection/package.dsv\n'}
[0.656937] (cone_map_builder) StdoutLine: {'line': b'[100%] Built target cone_map_builder_node\n'}
[0.657135] (camera_detection) StdoutLine: {'line': b'-- Up-to-date symlink: /home/starry1n/WUTA/WUTA-FSD/ros2_ws/install/camera_detection/share/ament_index/resource_index/packages/camera_detection\n'}
[0.657655] (camera_detection) StdoutLine: {'line': b'-- Up-to-date symlink: /home/starry1n/WUTA/WUTA-FSD/ros2_ws/install/camera_detection/share/camera_detection/cmake/camera_detectionConfig.cmake\n'}
[0.657700] (camera_detection) StdoutLine: {'line': b'-- Up-to-date symlink: /home/starry1n/WUTA/WUTA-FSD/ros2_ws/install/camera_detection/share/camera_detection/cmake/camera_detectionConfig-version.cmake\n'}
[0.657734] (kiss_icp_wrapper) CommandEnded: {'returncode': 0}
[0.659967] (camera_detection) StdoutLine: {'line': b'-- Up-to-date symlink: /home/starry1n/WUTA/WUTA-FSD/ros2_ws/install/camera_detection/share/camera_detection/package.xml\n'}
[0.661423] (kiss_icp_wrapper) JobProgress: {'identifier': 'kiss_icp_wrapper', 'progress': 'install'}
[0.661479] (kiss_icp_wrapper) Command: {'cmd': ['/usr/bin/cmake', '--install', '/home/starry1n/WUTA/WUTA-FSD/ros2_ws/build/kiss_icp_wrapper'], 'cwd': '/home/starry1n/WUTA/WUTA-FSD/ros2_ws/build/kiss_icp_wrapper', 'env': OrderedDict([('LESSOPEN', '| /usr/bin/lesspipe %s'), ('LANGUAGE', 'zh_CN:zh'), ('USER', 'starry1n'), ('XDG_SESSION_TYPE', 'wayland'), ('SHLVL', '3'), ('LD_LIBRARY_PATH', '/home/starry1n/WUTA/WUTA-FSD/ros2_ws/install/wuta_msgs/lib:/opt/ros/humble/opt/rviz_ogre_vendor/lib:/opt/ros/humble/lib/x86_64-linux-gnu:/opt/ros/humble/lib'), ('HOME', '/home/starry1n'), ('OLDPWD', '/home/starry1n/WUTA/WUTA-FSD'), ('DESKTOP_SESSION', 'ubuntu'), ('ROS_PYTHON_VERSION', '3'), ('GNOME_SHELL_SESSION_MODE', 'ubuntu'), ('GTK_MODULES', 'gail:atk-bridge'), ('DBUS_STARTER_BUS_TYPE', 'session'), ('SYSTEMD_EXEC_PID', '2321'), ('DBUS_SESSION_BUS_ADDRESS', 'unix:path=/run/user/1000/bus,guid=c67e2489f73595b365ff0ae46a50c8ee'), ('COLORTERM', 'truecolor'), ('IM_CONFIG_PHASE', '1'), ('WAYLAND_DISPLAY', 'wayland-0'), ('ROS_DISTRO', 'humble'), ('LOGNAME', 'starry1n'), ('_', '/usr/bin/colcon'), ('ROS_VERSION', '2'), ('XDG_SESSION_CLASS', 'user'), ('USERNAME', 'starry1n'), ('TERM', 'xterm-256color'), ('GNOME_DESKTOP_SESSION_ID', 'this-is-deprecated'), ('ROS_LOCALHOST_ONLY', '0'), ('PATH', '/home/starry1n/.local/bin:/opt/ros/humble/bin:/home/starry1n/.local/bin:/usr/local/sbin:/usr/local/bin:/usr/sbin:/usr/bin:/sbin:/bin:/usr/games:/usr/local/games:/snap/bin:/snap/bin'), ('SESSION_MANAGER', 'local/starry1n-virtual-machine:@/tmp/.ICE-unix/2321,unix/starry1n-virtual-machine:/tmp/.ICE-unix/2321'), ('XDG_MENU_PREFIX', 'gnome-'), ('GNOME_TERMINAL_SCREEN', '/org/gnome/Terminal/screen/1f3eb7e9_2641_49ca_8c99_b72e9fb24486'), ('GNOME_SETUP_DISPLAY', ':1'), ('XDG_RUNTIME_DIR', '/run/user/1000'), ('DISPLAY', ':0'), ('LANG', 'zh_CN.UTF-8'), ('XDG_CURRENT_DESKTOP', 'ubuntu:GNOME'), ('XMODIFIERS', '@im=ibus'), ('XDG_SESSION_DESKTOP', 'ubuntu'), ('XAUTHORITY', '/run/user/1000/.mutter-Xwaylandauth.H6FRS3'), ('LS_COLORS', 'rs=0:di=01;34:ln=01;36:mh=00:pi=40;33:so=01;35:do=01;35:bd=40;33;01:cd=40;33;01:or=40;31;01:mi=00:su=37;41:sg=30;43:ca=30;41:tw=30;42:ow=34;42:st=37;44:ex=01;32:*.tar=01;31:*.tgz=01;31:*.arc=01;31:*.arj=01;31:*.taz=01;31:*.lha=01;31:*.lz4=01;31:*.lzh=01;31:*.lzma=01;31:*.tlz=01;31:*.txz=01;31:*.tzo=01;31:*.t7z=01;31:*.zip=01;31:*.z=01;31:*.dz=01;31:*.gz=01;31:*.lrz=01;31:*.lz=01;31:*.lzo=01;31:*.xz=01;31:*.zst=01;31:*.tzst=01;31:*.bz2=01;31:*.bz=01;31:*.tbz=01;31:*.tbz2=01;31:*.tz=01;31:*.deb=01;31:*.rpm=01;31:*.jar=01;31:*.war=01;31:*.ear=01;31:*.sar=01;31:*.rar=01;31:*.alz=01;31:*.ace=01;31:*.zoo=01;31:*.cpio=01;31:*.7z=01;31:*.rz=01;31:*.cab=01;31:*.wim=01;31:*.swm=01;31:*.dwm=01;31:*.esd=01;31:*.jpg=01;35:*.jpeg=01;35:*.mjpg=01;35:*.mjpeg=01;35:*.gif=01;35:*.bmp=01;35:*.pbm=01;35:*.pgm=01;35:*.ppm=01;35:*.tga=01;35:*.xbm=01;35:*.xpm=01;35:*.tif=01;35:*.tiff=01;35:*.png=01;35:*.svg=01;35:*.svgz=01;35:*.mng=01;35:*.pcx=01;35:*.mov=01;35:*.mpg=01;35:*.mpeg=01;35:*.m2v=01;35:*.mkv=01;35:*.webm=01;35:*.webp=01;35:*.ogm=01;35:*.mp4=01;35:*.m4v=01;35:*.mp4v=01;35:*.vob=01;35:*.qt=01;35:*.nuv=01;35:*.wmv=01;35:*.asf=01;35:*.rm=01;35:*.rmvb=01;35:*.flc=01;35:*.avi=01;35:*.fli=01;35:*.flv=01;35:*.gl=01;35:*.dl=01;35:*.xcf=01;35:*.xwd=01;35:*.yuv=01;35:*.cgm=01;35:*.emf=01;35:*.ogv=01;35:*.ogx=01;35:*.aac=00;36:*.au=00;36:*.flac=00;36:*.m4a=00;36:*.mid=00;36:*.midi=00;36:*.mka=00;36:*.mp3=00;36:*.mpc=00;36:*.ogg=00;36:*.ra=00;36:*.wav=00;36:*.oga=00;36:*.opus=00;36:*.spx=00;36:*.xspf=00;36:'), ('GNOME_TERMINAL_SERVICE', ':1.330'), ('SSH_AGENT_LAUNCHER', 'gnome-keyring'), ('SSH_AUTH_SOCK', '/run/user/1000/keyring/ssh'), ('AMENT_PREFIX_PATH', '/home/starry1n/WUTA/WUTA-FSD/ros2_ws/install/wuta_msgs:/opt/ros/humble'), ('SHELL', '/bin/bash'), ('QT_ACCESSIBILITY', '1'), ('GDMSESSION', 'ubuntu'), ('LESSCLOSE', '/usr/bin/lesspipe %s %s'), ('QT_IM_MODULE', 'ibus'), ('PWD', '/home/starry1n/WUTA/WUTA-FSD/ros2_ws/build/kiss_icp_wrapper'), ('XDG_CONFIG_DIRS', '/etc/xdg/xdg-ubuntu:/etc/xdg'), ('DBUS_STARTER_ADDRESS', 'unix:path=/run/user/1000/bus,guid=c67e2489f73595b365ff0ae46a50c8ee'), ('XDG_DATA_DIRS', '/usr/share/ubuntu:/usr/local/share/:/usr/share/:/var/lib/snapd/desktop'), ('PYTHONPATH', '/home/starry1n/WUTA/WUTA-FSD/ros2_ws/install/wuta_msgs/local/lib/python3.10/dist-packages:/opt/ros/humble/lib/python3.10/site-packages:/opt/ros/humble/local/lib/python3.10/dist-packages'), ('COLCON', '1'), ('VTE_VERSION', '6800'), ('CMAKE_PREFIX_PATH', '/home/starry1n/WUTA/WUTA-FSD/ros2_ws/install/wuta_msgs:/opt/ros/humble')]), 'shell': False}
[0.661914] (detection_fusion) StdoutLine: {'line': b'-- Install configuration: ""\n'}
[0.663243] (detection_fusion) StdoutLine: {'line': b'-- Execute custom install script\n'}
[0.663445] (detection_fusion) StdoutLine: {'line': b'-- Up-to-date symlink: /home/starry1n/WUTA/WUTA-FSD/ros2_ws/install/detection_fusion/share/ament_index/resource_index/package_run_dependencies/detection_fusion\n'}
[0.663511] (detection_fusion) StdoutLine: {'line': b'-- Up-to-date symlink: /home/starry1n/WUTA/WUTA-FSD/ros2_ws/install/detection_fusion/share/ament_index/resource_index/parent_prefix_path/detection_fusion\n'}
[0.663562] (detection_fusion) StdoutLine: {'line': b'-- Up-to-date symlink: /home/starry1n/WUTA/WUTA-FSD/ros2_ws/install/detection_fusion/share/detection_fusion/environment/ament_prefix_path.sh\n'}
[0.663610] (detection_fusion) StdoutLine: {'line': b'-- Up-to-date symlink: /home/starry1n/WUTA/WUTA-FSD/ros2_ws/install/detection_fusion/share/detection_fusion/environment/ament_prefix_path.dsv\n'}
[0.663651] (detection_fusion) StdoutLine: {'line': b'-- Up-to-date symlink: /home/starry1n/WUTA/WUTA-FSD/ros2_ws/install/detection_fusion/share/detection_fusion/environment/path.sh\n'}
[0.663692] (detection_fusion) StdoutLine: {'line': b'-- Up-to-date symlink: /home/starry1n/WUTA/WUTA-FSD/ros2_ws/install/detection_fusion/share/detection_fusion/environment/path.dsv\n'}
[0.663735] (detection_fusion) StdoutLine: {'line': b'-- Up-to-date symlink: /home/starry1n/WUTA/WUTA-FSD/ros2_ws/install/detection_fusion/share/detection_fusion/local_setup.bash\n'}
[0.663782] (detection_fusion) StdoutLine: {'line': b'-- Up-to-date symlink: /home/starry1n/WUTA/WUTA-FSD/ros2_ws/install/detection_fusion/share/detection_fusion/local_setup.sh\n'}
[0.663827] (detection_fusion) StdoutLine: {'line': b'-- Up-to-date symlink: /home/starry1n/WUTA/WUTA-FSD/ros2_ws/install/detection_fusion/share/detection_fusion/local_setup.zsh\n'}
[0.663869] (detection_fusion) StdoutLine: {'line': b'-- Up-to-date symlink: /home/starry1n/WUTA/WUTA-FSD/ros2_ws/install/detection_fusion/share/detection_fusion/local_setup.dsv\n'}
[0.663915] (detection_fusion) StdoutLine: {'line': b'-- Symlinking: /home/starry1n/WUTA/WUTA-FSD/ros2_ws/install/detection_fusion/share/detection_fusion/package.dsv\n'}
[0.663964] (camera_detection) CommandEnded: {'returncode': 0}
[0.664330] (detection_fusion) StdoutLine: {'line': b'-- Up-to-date symlink: /home/starry1n/WUTA/WUTA-FSD/ros2_ws/install/detection_fusion/share/ament_index/resource_index/packages/detection_fusion\n'}
[0.664410] (detection_fusion) StdoutLine: {'line': b'-- Up-to-date symlink: /home/starry1n/WUTA/WUTA-FSD/ros2_ws/install/detection_fusion/share/detection_fusion/cmake/detection_fusionConfig.cmake\n'}
[0.664455] (detection_fusion) StdoutLine: {'line': b'-- Up-to-date symlink: /home/starry1n/WUTA/WUTA-FSD/ros2_ws/install/detection_fusion/share/detection_fusion/cmake/detection_fusionConfig-version.cmake\n'}
[0.664508] (detection_fusion) StdoutLine: {'line': b'-- Up-to-date symlink: /home/starry1n/WUTA/WUTA-FSD/ros2_ws/install/detection_fusion/share/detection_fusion/package.xml\n'}
[0.667247] (lidar_detection) StdoutLine: {'line': b'[100%] Built target lidar_detection_node\n'}
[0.667659] (mission_manager) StdoutLine: {'line': b'[100%] Built target mission_manager_node\n'}
[0.671748] (boundary_detector) StdoutLine: {'line': b'[ 87%] Built target pathplanning\n'}
[0.680320] (camera_detection) JobEnded: {'identifier': 'camera_detection', 'rc': 0}
[0.681981] (localization_manager) JobStarted: {'identifier': 'localization_manager'}
[0.682608] (controller) StdoutLine: {'line': b'[100%] Built target controller_node\n'}
[0.687108] (kiss_icp_wrapper) StdoutLine: {'line': b'-- Install configuration: ""\n'}
[0.688826] (kiss_icp_wrapper) StdoutLine: {'line': b'-- Execute custom install script\n'}
[0.688942] (kiss_icp_wrapper) StdoutLine: {'line': b'-- Up-to-date symlink: /home/starry1n/WUTA/WUTA-FSD/ros2_ws/install/kiss_icp_wrapper/share/kiss_icp_wrapper/config/kiss_icp_hesai128.yaml\n'}
[0.689278] (kiss_icp_wrapper) StdoutLine: {'line': b'-- Up-to-date symlink: /home/starry1n/WUTA/WUTA-FSD/ros2_ws/install/kiss_icp_wrapper/share/ament_index/resource_index/package_run_dependencies/kiss_icp_wrapper\n'}
[0.689442] (kiss_icp_wrapper) StdoutLine: {'line': b'-- Up-to-date symlink: /home/starry1n/WUTA/WUTA-FSD/ros2_ws/install/kiss_icp_wrapper/share/ament_index/resource_index/parent_prefix_path/kiss_icp_wrapper\n'}
[0.689513] (kiss_icp_wrapper) StdoutLine: {'line': b'-- Up-to-date symlink: /home/starry1n/WUTA/WUTA-FSD/ros2_ws/install/kiss_icp_wrapper/share/kiss_icp_wrapper/environment/ament_prefix_path.sh\n'}
[0.689559] (kiss_icp_wrapper) StdoutLine: {'line': b'-- Up-to-date symlink: /home/starry1n/WUTA/WUTA-FSD/ros2_ws/install/kiss_icp_wrapper/share/kiss_icp_wrapper/environment/ament_prefix_path.dsv\n'}
[0.689591] (kiss_icp_wrapper) StdoutLine: {'line': b'-- Up-to-date symlink: /home/starry1n/WUTA/WUTA-FSD/ros2_ws/install/kiss_icp_wrapper/share/kiss_icp_wrapper/environment/path.sh\n'}
[0.689622] (kiss_icp_wrapper) StdoutLine: {'line': b'-- Up-to-date symlink: /home/starry1n/WUTA/WUTA-FSD/ros2_ws/install/kiss_icp_wrapper/share/kiss_icp_wrapper/environment/path.dsv\n'}
[0.689650] (kiss_icp_wrapper) StdoutLine: {'line': b'-- Up-to-date symlink: /home/starry1n/WUTA/WUTA-FSD/ros2_ws/install/kiss_icp_wrapper/share/kiss_icp_wrapper/local_setup.bash\n'}
[0.689711] (kiss_icp_wrapper) StdoutLine: {'line': b'-- Up-to-date symlink: /home/starry1n/WUTA/WUTA-FSD/ros2_ws/install/kiss_icp_wrapper/share/kiss_icp_wrapper/local_setup.sh\n'}
[0.689758] (kiss_icp_wrapper) StdoutLine: {'line': b'-- Up-to-date symlink: /home/starry1n/WUTA/WUTA-FSD/ros2_ws/install/kiss_icp_wrapper/share/kiss_icp_wrapper/local_setup.zsh\n'}
[0.689791] (kiss_icp_wrapper) StdoutLine: {'line': b'-- Up-to-date symlink: /home/starry1n/WUTA/WUTA-FSD/ros2_ws/install/kiss_icp_wrapper/share/kiss_icp_wrapper/local_setup.dsv\n'}
[0.689820] (kiss_icp_wrapper) StdoutLine: {'line': b'-- Symlinking: /home/starry1n/WUTA/WUTA-FSD/ros2_ws/install/kiss_icp_wrapper/share/kiss_icp_wrapper/package.dsv\n'}
[0.689853] (kiss_icp_wrapper) StdoutLine: {'line': b'-- Up-to-date symlink: /home/starry1n/WUTA/WUTA-FSD/ros2_ws/install/kiss_icp_wrapper/share/ament_index/resource_index/packages/kiss_icp_wrapper\n'}
[0.689882] (kiss_icp_wrapper) StdoutLine: {'line': b'-- Up-to-date symlink: /home/starry1n/WUTA/WUTA-FSD/ros2_ws/install/kiss_icp_wrapper/share/kiss_icp_wrapper/cmake/kiss_icp_wrapperConfig.cmake\n'}
[0.689980] (kiss_icp_wrapper) StdoutLine: {'line': b'-- Up-to-date symlink: /home/starry1n/WUTA/WUTA-FSD/ros2_ws/install/kiss_icp_wrapper/share/kiss_icp_wrapper/cmake/kiss_icp_wrapperConfig-version.cmake\n'}
[0.690035] (kiss_icp_wrapper) StdoutLine: {'line': b'-- Up-to-date symlink: /home/starry1n/WUTA/WUTA-FSD/ros2_ws/install/kiss_icp_wrapper/share/kiss_icp_wrapper/package.xml\n'}
[0.690104] (detection_fusion) CommandEnded: {'returncode': 0}
[0.696701] (boundary_detector) StdoutLine: {'line': b'[100%] Built target boundary_detector_node\n'}
[0.703952] (detection_fusion) JobEnded: {'identifier': 'detection_fusion', 'rc': 0}
[0.704339] (mission_manager) CommandEnded: {'returncode': 0}
[0.704960] (mission_manager) JobProgress: {'identifier': 'mission_manager', 'progress': 'install'}
[0.705641] (mission_manager) Command: {'cmd': ['/usr/bin/cmake', '--install', '/home/starry1n/WUTA/WUTA-FSD/ros2_ws/build/mission_manager'], 'cwd': '/home/starry1n/WUTA/WUTA-FSD/ros2_ws/build/mission_manager', 'env': OrderedDict([('LESSOPEN', '| /usr/bin/lesspipe %s'), ('LANGUAGE', 'zh_CN:zh'), ('USER', 'starry1n'), ('XDG_SESSION_TYPE', 'wayland'), ('SHLVL', '3'), ('LD_LIBRARY_PATH', '/home/starry1n/WUTA/WUTA-FSD/ros2_ws/install/wuta_msgs/lib:/opt/ros/humble/opt/rviz_ogre_vendor/lib:/opt/ros/humble/lib/x86_64-linux-gnu:/opt/ros/humble/lib'), ('HOME', '/home/starry1n'), ('OLDPWD', '/home/starry1n/WUTA/WUTA-FSD'), ('DESKTOP_SESSION', 'ubuntu'), ('ROS_PYTHON_VERSION', '3'), ('GNOME_SHELL_SESSION_MODE', 'ubuntu'), ('GTK_MODULES', 'gail:atk-bridge'), ('DBUS_STARTER_BUS_TYPE', 'session'), ('SYSTEMD_EXEC_PID', '2321'), ('DBUS_SESSION_BUS_ADDRESS', 'unix:path=/run/user/1000/bus,guid=c67e2489f73595b365ff0ae46a50c8ee'), ('COLORTERM', 'truecolor'), ('IM_CONFIG_PHASE', '1'), ('WAYLAND_DISPLAY', 'wayland-0'), ('ROS_DISTRO', 'humble'), ('LOGNAME', 'starry1n'), ('_', '/usr/bin/colcon'), ('ROS_VERSION', '2'), ('XDG_SESSION_CLASS', 'user'), ('USERNAME', 'starry1n'), ('TERM', 'xterm-256color'), ('GNOME_DESKTOP_SESSION_ID', 'this-is-deprecated'), ('ROS_LOCALHOST_ONLY', '0'), ('PATH', '/home/starry1n/.local/bin:/opt/ros/humble/bin:/home/starry1n/.local/bin:/usr/local/sbin:/usr/local/bin:/usr/sbin:/usr/bin:/sbin:/bin:/usr/games:/usr/local/games:/snap/bin:/snap/bin'), ('SESSION_MANAGER', 'local/starry1n-virtual-machine:@/tmp/.ICE-unix/2321,unix/starry1n-virtual-machine:/tmp/.ICE-unix/2321'), ('XDG_MENU_PREFIX', 'gnome-'), ('GNOME_TERMINAL_SCREEN', '/org/gnome/Terminal/screen/1f3eb7e9_2641_49ca_8c99_b72e9fb24486'), ('GNOME_SETUP_DISPLAY', ':1'), ('XDG_RUNTIME_DIR', '/run/user/1000'), ('DISPLAY', ':0'), ('LANG', 'zh_CN.UTF-8'), ('XDG_CURRENT_DESKTOP', 'ubuntu:GNOME'), ('XMODIFIERS', '@im=ibus'), ('XDG_SESSION_DESKTOP', 'ubuntu'), ('XAUTHORITY', '/run/user/1000/.mutter-Xwaylandauth.H6FRS3'), ('LS_COLORS', 'rs=0:di=01;34:ln=01;36:mh=00:pi=40;33:so=01;35:do=01;35:bd=40;33;01:cd=40;33;01:or=40;31;01:mi=00:su=37;41:sg=30;43:ca=30;41:tw=30;42:ow=34;42:st=37;44:ex=01;32:*.tar=01;31:*.tgz=01;31:*.arc=01;31:*.arj=01;31:*.taz=01;31:*.lha=01;31:*.lz4=01;31:*.lzh=01;31:*.lzma=01;31:*.tlz=01;31:*.txz=01;31:*.tzo=01;31:*.t7z=01;31:*.zip=01;31:*.z=01;31:*.dz=01;31:*.gz=01;31:*.lrz=01;31:*.lz=01;31:*.lzo=01;31:*.xz=01;31:*.zst=01;31:*.tzst=01;31:*.bz2=01;31:*.bz=01;31:*.tbz=01;31:*.tbz2=01;31:*.tz=01;31:*.deb=01;31:*.rpm=01;31:*.jar=01;31:*.war=01;31:*.ear=01;31:*.sar=01;31:*.rar=01;31:*.alz=01;31:*.ace=01;31:*.zoo=01;31:*.cpio=01;31:*.7z=01;31:*.rz=01;31:*.cab=01;31:*.wim=01;31:*.swm=01;31:*.dwm=01;31:*.esd=01;31:*.jpg=01;35:*.jpeg=01;35:*.mjpg=01;35:*.mjpeg=01;35:*.gif=01;35:*.bmp=01;35:*.pbm=01;35:*.pgm=01;35:*.ppm=01;35:*.tga=01;35:*.xbm=01;35:*.xpm=01;35:*.tif=01;35:*.tiff=01;35:*.png=01;35:*.svg=01;35:*.svgz=01;35:*.mng=01;35:*.pcx=01;35:*.mov=01;35:*.mpg=01;35:*.mpeg=01;35:*.m2v=01;35:*.mkv=01;35:*.webm=01;35:*.webp=01;35:*.ogm=01;35:*.mp4=01;35:*.m4v=01;35:*.mp4v=01;35:*.vob=01;35:*.qt=01;35:*.nuv=01;35:*.wmv=01;35:*.asf=01;35:*.rm=01;35:*.rmvb=01;35:*.flc=01;35:*.avi=01;35:*.fli=01;35:*.flv=01;35:*.gl=01;35:*.dl=01;35:*.xcf=01;35:*.xwd=01;35:*.yuv=01;35:*.cgm=01;35:*.emf=01;35:*.ogv=01;35:*.ogx=01;35:*.aac=00;36:*.au=00;36:*.flac=00;36:*.m4a=00;36:*.mid=00;36:*.midi=00;36:*.mka=00;36:*.mp3=00;36:*.mpc=00;36:*.ogg=00;36:*.ra=00;36:*.wav=00;36:*.oga=00;36:*.opus=00;36:*.spx=00;36:*.xspf=00;36:'), ('GNOME_TERMINAL_SERVICE', ':1.330'), ('SSH_AGENT_LAUNCHER', 'gnome-keyring'), ('SSH_AUTH_SOCK', '/run/user/1000/keyring/ssh'), ('AMENT_PREFIX_PATH', '/home/starry1n/WUTA/WUTA-FSD/ros2_ws/install/wuta_msgs:/opt/ros/humble'), ('SHELL', '/bin/bash'), ('QT_ACCESSIBILITY', '1'), ('GDMSESSION', 'ubuntu'), ('LESSCLOSE', '/usr/bin/lesspipe %s %s'), ('QT_IM_MODULE', 'ibus'), ('PWD', '/home/starry1n/WUTA/WUTA-FSD/ros2_ws/build/mission_manager'), ('XDG_CONFIG_DIRS', '/etc/xdg/xdg-ubuntu:/etc/xdg'), ('DBUS_STARTER_ADDRESS', 'unix:path=/run/user/1000/bus,guid=c67e2489f73595b365ff0ae46a50c8ee'), ('XDG_DATA_DIRS', '/usr/share/ubuntu:/usr/local/share/:/usr/share/:/var/lib/snapd/desktop'), ('PYTHONPATH', '/home/starry1n/WUTA/WUTA-FSD/ros2_ws/install/wuta_msgs/local/lib/python3.10/dist-packages:/opt/ros/humble/lib/python3.10/site-packages:/opt/ros/humble/local/lib/python3.10/dist-packages'), ('COLCON', '1'), ('VTE_VERSION', '6800'), ('CMAKE_PREFIX_PATH', '/home/starry1n/WUTA/WUTA-FSD/ros2_ws/install/wuta_msgs:/opt/ros/humble')]), 'shell': False}
[0.706135] (cone_map_builder) CommandEnded: {'returncode': 0}
[0.706769] (cone_map_builder) JobProgress: {'identifier': 'cone_map_builder', 'progress': 'install'}
[0.707957] (cone_map_builder) Command: {'cmd': ['/usr/bin/cmake', '--install', '/home/starry1n/WUTA/WUTA-FSD/ros2_ws/build/cone_map_builder'], 'cwd': '/home/starry1n/WUTA/WUTA-FSD/ros2_ws/build/cone_map_builder', 'env': OrderedDict([('LESSOPEN', '| /usr/bin/lesspipe %s'), ('LANGUAGE', 'zh_CN:zh'), ('USER', 'starry1n'), ('XDG_SESSION_TYPE', 'wayland'), ('SHLVL', '3'), ('LD_LIBRARY_PATH', '/home/starry1n/WUTA/WUTA-FSD/ros2_ws/install/wuta_msgs/lib:/opt/ros/humble/opt/rviz_ogre_vendor/lib:/opt/ros/humble/lib/x86_64-linux-gnu:/opt/ros/humble/lib'), ('HOME', '/home/starry1n'), ('OLDPWD', '/home/starry1n/WUTA/WUTA-FSD'), ('DESKTOP_SESSION', 'ubuntu'), ('ROS_PYTHON_VERSION', '3'), ('GNOME_SHELL_SESSION_MODE', 'ubuntu'), ('GTK_MODULES', 'gail:atk-bridge'), ('DBUS_STARTER_BUS_TYPE', 'session'), ('SYSTEMD_EXEC_PID', '2321'), ('DBUS_SESSION_BUS_ADDRESS', 'unix:path=/run/user/1000/bus,guid=c67e2489f73595b365ff0ae46a50c8ee'), ('COLORTERM', 'truecolor'), ('IM_CONFIG_PHASE', '1'), ('WAYLAND_DISPLAY', 'wayland-0'), ('ROS_DISTRO', 'humble'), ('LOGNAME', 'starry1n'), ('_', '/usr/bin/colcon'), ('ROS_VERSION', '2'), ('XDG_SESSION_CLASS', 'user'), ('USERNAME', 'starry1n'), ('TERM', 'xterm-256color'), ('GNOME_DESKTOP_SESSION_ID', 'this-is-deprecated'), ('ROS_LOCALHOST_ONLY', '0'), ('PATH', '/home/starry1n/.local/bin:/opt/ros/humble/bin:/home/starry1n/.local/bin:/usr/local/sbin:/usr/local/bin:/usr/sbin:/usr/bin:/sbin:/bin:/usr/games:/usr/local/games:/snap/bin:/snap/bin'), ('SESSION_MANAGER', 'local/starry1n-virtual-machine:@/tmp/.ICE-unix/2321,unix/starry1n-virtual-machine:/tmp/.ICE-unix/2321'), ('XDG_MENU_PREFIX', 'gnome-'), ('GNOME_TERMINAL_SCREEN', '/org/gnome/Terminal/screen/1f3eb7e9_2641_49ca_8c99_b72e9fb24486'), ('GNOME_SETUP_DISPLAY', ':1'), ('XDG_RUNTIME_DIR', '/run/user/1000'), ('DISPLAY', ':0'), ('LANG', 'zh_CN.UTF-8'), ('XDG_CURRENT_DESKTOP', 'ubuntu:GNOME'), ('XMODIFIERS', '@im=ibus'), ('XDG_SESSION_DESKTOP', 'ubuntu'), ('XAUTHORITY', '/run/user/1000/.mutter-Xwaylandauth.H6FRS3'), ('LS_COLORS', 'rs=0:di=01;34:ln=01;36:mh=00:pi=40;33:so=01;35:do=01;35:bd=40;33;01:cd=40;33;01:or=40;31;01:mi=00:su=37;41:sg=30;43:ca=30;41:tw=30;42:ow=34;42:st=37;44:ex=01;32:*.tar=01;31:*.tgz=01;31:*.arc=01;31:*.arj=01;31:*.taz=01;31:*.lha=01;31:*.lz4=01;31:*.lzh=01;31:*.lzma=01;31:*.tlz=01;31:*.txz=01;31:*.tzo=01;31:*.t7z=01;31:*.zip=01;31:*.z=01;31:*.dz=01;31:*.gz=01;31:*.lrz=01;31:*.lz=01;31:*.lzo=01;31:*.xz=01;31:*.zst=01;31:*.tzst=01;31:*.bz2=01;31:*.bz=01;31:*.tbz=01;31:*.tbz2=01;31:*.tz=01;31:*.deb=01;31:*.rpm=01;31:*.jar=01;31:*.war=01;31:*.ear=01;31:*.sar=01;31:*.rar=01;31:*.alz=01;31:*.ace=01;31:*.zoo=01;31:*.cpio=01;31:*.7z=01;31:*.rz=01;31:*.cab=01;31:*.wim=01;31:*.swm=01;31:*.dwm=01;31:*.esd=01;31:*.jpg=01;35:*.jpeg=01;35:*.mjpg=01;35:*.mjpeg=01;35:*.gif=01;35:*.bmp=01;35:*.pbm=01;35:*.pgm=01;35:*.ppm=01;35:*.tga=01;35:*.xbm=01;35:*.xpm=01;35:*.tif=01;35:*.tiff=01;35:*.png=01;35:*.svg=01;35:*.svgz=01;35:*.mng=01;35:*.pcx=01;35:*.mov=01;35:*.mpg=01;35:*.mpeg=01;35:*.m2v=01;35:*.mkv=01;35:*.webm=01;35:*.webp=01;35:*.ogm=01;35:*.mp4=01;35:*.m4v=01;35:*.mp4v=01;35:*.vob=01;35:*.qt=01;35:*.nuv=01;35:*.wmv=01;35:*.asf=01;35:*.rm=01;35:*.rmvb=01;35:*.flc=01;35:*.avi=01;35:*.fli=01;35:*.flv=01;35:*.gl=01;35:*.dl=01;35:*.xcf=01;35:*.xwd=01;35:*.yuv=01;35:*.cgm=01;35:*.emf=01;35:*.ogv=01;35:*.ogx=01;35:*.aac=00;36:*.au=00;36:*.flac=00;36:*.m4a=00;36:*.mid=00;36:*.midi=00;36:*.mka=00;36:*.mp3=00;36:*.mpc=00;36:*.ogg=00;36:*.ra=00;36:*.wav=00;36:*.oga=00;36:*.opus=00;36:*.spx=00;36:*.xspf=00;36:'), ('GNOME_TERMINAL_SERVICE', ':1.330'), ('SSH_AGENT_LAUNCHER', 'gnome-keyring'), ('SSH_AUTH_SOCK', '/run/user/1000/keyring/ssh'), ('AMENT_PREFIX_PATH', '/home/starry1n/WUTA/WUTA-FSD/ros2_ws/install/wuta_msgs:/opt/ros/humble'), ('SHELL', '/bin/bash'), ('QT_ACCESSIBILITY', '1'), ('GDMSESSION', 'ubuntu'), ('LESSCLOSE', '/usr/bin/lesspipe %s %s'), ('QT_IM_MODULE', 'ibus'), ('PWD', '/home/starry1n/WUTA/WUTA-FSD/ros2_ws/build/cone_map_builder'), ('XDG_CONFIG_DIRS', '/etc/xdg/xdg-ubuntu:/etc/xdg'), ('DBUS_STARTER_ADDRESS', 'unix:path=/run/user/1000/bus,guid=c67e2489f73595b365ff0ae46a50c8ee'), ('XDG_DATA_DIRS', '/usr/share/ubuntu:/usr/local/share/:/usr/share/:/var/lib/snapd/desktop'), ('PYTHONPATH', '/home/starry1n/WUTA/WUTA-FSD/ros2_ws/install/wuta_msgs/local/lib/python3.10/dist-packages:/opt/ros/humble/lib/python3.10/site-packages:/opt/ros/humble/local/lib/python3.10/dist-packages'), ('COLCON', '1'), ('VTE_VERSION', '6800'), ('CMAKE_PREFIX_PATH', '/home/starry1n/WUTA/WUTA-FSD/ros2_ws/install/wuta_msgs:/opt/ros/humble')]), 'shell': False}
[0.709100] (-) TimerEvent: {}
[0.710132] (ndt_localization) JobStarted: {'identifier': 'ndt_localization'}
[0.713569] (lidar_detection) CommandEnded: {'returncode': 0}
[0.714262] (mission_manager) StdoutLine: {'line': b'-- Install configuration: ""\n'}
[0.714967] (mission_manager) StdoutLine: {'line': b'-- Execute custom install script\n'}
[0.715095] (mission_manager) StdoutLine: {'line': b'-- Up-to-date symlink: /home/starry1n/WUTA/WUTA-FSD/ros2_ws/install/mission_manager/lib/mission_manager/mission_manager_node\n'}
[0.715444] (mission_manager) StdoutLine: {'line': b'-- Up-to-date symlink: /home/starry1n/WUTA/WUTA-FSD/ros2_ws/install/mission_manager/share/mission_manager/config/.gitkeep\n'}
[0.715631] (mission_manager) StdoutLine: {'line': b'-- Up-to-date symlink: /home/starry1n/WUTA/WUTA-FSD/ros2_ws/install/mission_manager/share/ament_index/resource_index/package_run_dependencies/mission_manager\n'}
[0.717334] (mission_manager) StdoutLine: {'line': b'-- Up-to-date symlink: /home/starry1n/WUTA/WUTA-FSD/ros2_ws/install/mission_manager/share/ament_index/resource_index/parent_prefix_path/mission_manager\n'}
[0.717504] (mission_manager) StdoutLine: {'line': b'-- Up-to-date symlink: /home/starry1n/WUTA/WUTA-FSD/ros2_ws/install/mission_manager/share/mission_manager/environment/ament_prefix_path.sh\n'}
[0.719812] (mission_manager) StdoutLine: {'line': b'-- Up-to-date symlink: /home/starry1n/WUTA/WUTA-FSD/ros2_ws/install/mission_manager/share/mission_manager/environment/ament_prefix_path.dsv\n'}
[0.720677] (mission_manager) StdoutLine: {'line': b'-- Up-to-date symlink: /home/starry1n/WUTA/WUTA-FSD/ros2_ws/install/mission_manager/share/mission_manager/environment/path.sh\n'}
[0.720794] (mission_manager) StdoutLine: {'line': b'-- Up-to-date symlink: /home/starry1n/WUTA/WUTA-FSD/ros2_ws/install/mission_manager/share/mission_manager/environment/path.dsv\n'}
[0.720835] (mission_manager) StdoutLine: {'line': b'-- Up-to-date symlink: /home/starry1n/WUTA/WUTA-FSD/ros2_ws/install/mission_manager/share/mission_manager/local_setup.bash\n'}
[0.720868] (mission_manager) StdoutLine: {'line': b'-- Up-to-date symlink: /home/starry1n/WUTA/WUTA-FSD/ros2_ws/install/mission_manager/share/mission_manager/local_setup.sh\n'}
[0.721152] (mission_manager) StdoutLine: {'line': b'-- Up-to-date symlink: /home/starry1n/WUTA/WUTA-FSD/ros2_ws/install/mission_manager/share/mission_manager/local_setup.zsh\n'}
[0.721276] (mission_manager) StdoutLine: {'line': b'-- Up-to-date symlink: /home/starry1n/WUTA/WUTA-FSD/ros2_ws/install/mission_manager/share/mission_manager/local_setup.dsv\n'}
[0.721357] (mission_manager) StdoutLine: {'line': b'-- Symlinking: /home/starry1n/WUTA/WUTA-FSD/ros2_ws/install/mission_manager/share/mission_manager/package.dsv\n'}
[0.721408] (cone_map_builder) StdoutLine: {'line': b'-- Install configuration: ""\n'}
[0.721535] (cone_map_builder) StdoutLine: {'line': b'-- Execute custom install script\n'}
[0.721646] (cone_map_builder) StdoutLine: {'line': b'-- Up-to-date symlink: /home/starry1n/WUTA/WUTA-FSD/ros2_ws/install/cone_map_builder/lib/cone_map_builder/cone_map_builder_node\n'}
[0.721680] (cone_map_builder) StdoutLine: {'line': b'-- Up-to-date symlink: /home/starry1n/WUTA/WUTA-FSD/ros2_ws/install/cone_map_builder/share/cone_map_builder/config/cone_map_builder.yaml\n'}
[0.721713] (cone_map_builder) StdoutLine: {'line': b'-- Up-to-date symlink: /home/starry1n/WUTA/WUTA-FSD/ros2_ws/install/cone_map_builder/share/ament_index/resource_index/package_run_dependencies/cone_map_builder\n'}
[0.721744] (cone_map_builder) StdoutLine: {'line': b'-- Up-to-date symlink: /home/starry1n/WUTA/WUTA-FSD/ros2_ws/install/cone_map_builder/share/ament_index/resource_index/parent_prefix_path/cone_map_builder\n'}
[0.721897] (cone_map_builder) StdoutLine: {'line': b'-- Up-to-date symlink: /home/starry1n/WUTA/WUTA-FSD/ros2_ws/install/cone_map_builder/share/cone_map_builder/environment/ament_prefix_path.sh\n'}
[0.721935] (cone_map_builder) StdoutLine: {'line': b'-- Up-to-date symlink: /home/starry1n/WUTA/WUTA-FSD/ros2_ws/install/cone_map_builder/share/cone_map_builder/environment/ament_prefix_path.dsv\n'}
[0.722073] (cone_map_builder) StdoutLine: {'line': b'-- Up-to-date symlink: /home/starry1n/WUTA/WUTA-FSD/ros2_ws/install/cone_map_builder/share/cone_map_builder/environment/path.sh\n'}
[0.722104] (cone_map_builder) StdoutLine: {'line': b'-- Up-to-date symlink: /home/starry1n/WUTA/WUTA-FSD/ros2_ws/install/cone_map_builder/share/cone_map_builder/environment/path.dsv\n'}
[0.722133] (cone_map_builder) StdoutLine: {'line': b'-- Up-to-date symlink: /home/starry1n/WUTA/WUTA-FSD/ros2_ws/install/cone_map_builder/share/cone_map_builder/local_setup.bash\n'}
[0.722160] (cone_map_builder) StdoutLine: {'line': b'-- Up-to-date symlink: /home/starry1n/WUTA/WUTA-FSD/ros2_ws/install/cone_map_builder/share/cone_map_builder/local_setup.sh\n'}
[0.722187] (cone_map_builder) StdoutLine: {'line': b'-- Up-to-date symlink: /home/starry1n/WUTA/WUTA-FSD/ros2_ws/install/cone_map_builder/share/cone_map_builder/local_setup.zsh\n'}
[0.722211] (cone_map_builder) StdoutLine: {'line': b'-- Up-to-date symlink: /home/starry1n/WUTA/WUTA-FSD/ros2_ws/install/cone_map_builder/share/cone_map_builder/local_setup.dsv\n'}
[0.722236] (cone_map_builder) StdoutLine: {'line': b'-- Symlinking: /home/starry1n/WUTA/WUTA-FSD/ros2_ws/install/cone_map_builder/share/cone_map_builder/package.dsv\n'}
[0.722261] (lidar_detection) JobProgress: {'identifier': 'lidar_detection', 'progress': 'install'}
[0.722274] (lidar_detection) Command: {'cmd': ['/usr/bin/cmake', '--install', '/home/starry1n/WUTA/WUTA-FSD/ros2_ws/build/lidar_detection'], 'cwd': '/home/starry1n/WUTA/WUTA-FSD/ros2_ws/build/lidar_detection', 'env': OrderedDict([('LESSOPEN', '| /usr/bin/lesspipe %s'), ('LANGUAGE', 'zh_CN:zh'), ('USER', 'starry1n'), ('XDG_SESSION_TYPE', 'wayland'), ('SHLVL', '3'), ('LD_LIBRARY_PATH', '/home/starry1n/WUTA/WUTA-FSD/ros2_ws/install/wuta_msgs/lib:/opt/ros/humble/opt/rviz_ogre_vendor/lib:/opt/ros/humble/lib/x86_64-linux-gnu:/opt/ros/humble/lib'), ('HOME', '/home/starry1n'), ('OLDPWD', '/home/starry1n/WUTA/WUTA-FSD'), ('DESKTOP_SESSION', 'ubuntu'), ('ROS_PYTHON_VERSION', '3'), ('GNOME_SHELL_SESSION_MODE', 'ubuntu'), ('GTK_MODULES', 'gail:atk-bridge'), ('DBUS_STARTER_BUS_TYPE', 'session'), ('SYSTEMD_EXEC_PID', '2321'), ('DBUS_SESSION_BUS_ADDRESS', 'unix:path=/run/user/1000/bus,guid=c67e2489f73595b365ff0ae46a50c8ee'), ('COLORTERM', 'truecolor'), ('IM_CONFIG_PHASE', '1'), ('WAYLAND_DISPLAY', 'wayland-0'), ('ROS_DISTRO', 'humble'), ('LOGNAME', 'starry1n'), ('_', '/usr/bin/colcon'), ('ROS_VERSION', '2'), ('XDG_SESSION_CLASS', 'user'), ('USERNAME', 'starry1n'), ('TERM', 'xterm-256color'), ('GNOME_DESKTOP_SESSION_ID', 'this-is-deprecated'), ('ROS_LOCALHOST_ONLY', '0'), ('PATH', '/home/starry1n/.local/bin:/opt/ros/humble/bin:/home/starry1n/.local/bin:/usr/local/sbin:/usr/local/bin:/usr/sbin:/usr/bin:/sbin:/bin:/usr/games:/usr/local/games:/snap/bin:/snap/bin'), ('SESSION_MANAGER', 'local/starry1n-virtual-machine:@/tmp/.ICE-unix/2321,unix/starry1n-virtual-machine:/tmp/.ICE-unix/2321'), ('XDG_MENU_PREFIX', 'gnome-'), ('GNOME_TERMINAL_SCREEN', '/org/gnome/Terminal/screen/1f3eb7e9_2641_49ca_8c99_b72e9fb24486'), ('GNOME_SETUP_DISPLAY', ':1'), ('XDG_RUNTIME_DIR', '/run/user/1000'), ('DISPLAY', ':0'), ('LANG', 'zh_CN.UTF-8'), ('XDG_CURRENT_DESKTOP', 'ubuntu:GNOME'), ('XMODIFIERS', '@im=ibus'), ('XDG_SESSION_DESKTOP', 'ubuntu'), ('XAUTHORITY', '/run/user/1000/.mutter-Xwaylandauth.H6FRS3'), ('LS_COLORS', 'rs=0:di=01;34:ln=01;36:mh=00:pi=40;33:so=01;35:do=01;35:bd=40;33;01:cd=40;33;01:or=40;31;01:mi=00:su=37;41:sg=30;43:ca=30;41:tw=30;42:ow=34;42:st=37;44:ex=01;32:*.tar=01;31:*.tgz=01;31:*.arc=01;31:*.arj=01;31:*.taz=01;31:*.lha=01;31:*.lz4=01;31:*.lzh=01;31:*.lzma=01;31:*.tlz=01;31:*.txz=01;31:*.tzo=01;31:*.t7z=01;31:*.zip=01;31:*.z=01;31:*.dz=01;31:*.gz=01;31:*.lrz=01;31:*.lz=01;31:*.lzo=01;31:*.xz=01;31:*.zst=01;31:*.tzst=01;31:*.bz2=01;31:*.bz=01;31:*.tbz=01;31:*.tbz2=01;31:*.tz=01;31:*.deb=01;31:*.rpm=01;31:*.jar=01;31:*.war=01;31:*.ear=01;31:*.sar=01;31:*.rar=01;31:*.alz=01;31:*.ace=01;31:*.zoo=01;31:*.cpio=01;31:*.7z=01;31:*.rz=01;31:*.cab=01;31:*.wim=01;31:*.swm=01;31:*.dwm=01;31:*.esd=01;31:*.jpg=01;35:*.jpeg=01;35:*.mjpg=01;35:*.mjpeg=01;35:*.gif=01;35:*.bmp=01;35:*.pbm=01;35:*.pgm=01;35:*.ppm=01;35:*.tga=01;35:*.xbm=01;35:*.xpm=01;35:*.tif=01;35:*.tiff=01;35:*.png=01;35:*.svg=01;35:*.svgz=01;35:*.mng=01;35:*.pcx=01;35:*.mov=01;35:*.mpg=01;35:*.mpeg=01;35:*.m2v=01;35:*.mkv=01;35:*.webm=01;35:*.webp=01;35:*.ogm=01;35:*.mp4=01;35:*.m4v=01;35:*.mp4v=01;35:*.vob=01;35:*.qt=01;35:*.nuv=01;35:*.wmv=01;35:*.asf=01;35:*.rm=01;35:*.rmvb=01;35:*.flc=01;35:*.avi=01;35:*.fli=01;35:*.flv=01;35:*.gl=01;35:*.dl=01;35:*.xcf=01;35:*.xwd=01;35:*.yuv=01;35:*.cgm=01;35:*.emf=01;35:*.ogv=01;35:*.ogx=01;35:*.aac=00;36:*.au=00;36:*.flac=00;36:*.m4a=00;36:*.mid=00;36:*.midi=00;36:*.mka=00;36:*.mp3=00;36:*.mpc=00;36:*.ogg=00;36:*.ra=00;36:*.wav=00;36:*.oga=00;36:*.opus=00;36:*.spx=00;36:*.xspf=00;36:'), ('GNOME_TERMINAL_SERVICE', ':1.330'), ('SSH_AGENT_LAUNCHER', 'gnome-keyring'), ('SSH_AUTH_SOCK', '/run/user/1000/keyring/ssh'), ('AMENT_PREFIX_PATH', '/home/starry1n/WUTA/WUTA-FSD/ros2_ws/install/wuta_msgs:/opt/ros/humble'), ('SHELL', '/bin/bash'), ('QT_ACCESSIBILITY', '1'), ('GDMSESSION', 'ubuntu'), ('LESSCLOSE', '/usr/bin/lesspipe %s %s'), ('QT_IM_MODULE', 'ibus'), ('PWD', '/home/starry1n/WUTA/WUTA-FSD/ros2_ws/build/lidar_detection'), ('XDG_CONFIG_DIRS', '/etc/xdg/xdg-ubuntu:/etc/xdg'), ('DBUS_STARTER_ADDRESS', 'unix:path=/run/user/1000/bus,guid=c67e2489f73595b365ff0ae46a50c8ee'), ('XDG_DATA_DIRS', '/usr/share/ubuntu:/usr/local/share/:/usr/share/:/var/lib/snapd/desktop'), ('PYTHONPATH', '/home/starry1n/WUTA/WUTA-FSD/ros2_ws/install/wuta_msgs/local/lib/python3.10/dist-packages:/opt/ros/humble/lib/python3.10/site-packages:/opt/ros/humble/local/lib/python3.10/dist-packages'), ('COLCON', '1'), ('VTE_VERSION', '6800'), ('CMAKE_PREFIX_PATH', '/home/starry1n/WUTA/WUTA-FSD/ros2_ws/install/wuta_msgs:/opt/ros/humble')]), 'shell': False}
[0.722514] (kiss_icp_wrapper) CommandEnded: {'returncode': 0}
[0.723017] (cone_map_builder) StdoutLine: {'line': b'-- Up-to-date symlink: /home/starry1n/WUTA/WUTA-FSD/ros2_ws/install/cone_map_builder/share/ament_index/resource_index/packages/cone_map_builder\n'}
[0.723167] (mission_manager) StdoutLine: {'line': b'-- Up-to-date symlink: /home/starry1n/WUTA/WUTA-FSD/ros2_ws/install/mission_manager/share/ament_index/resource_index/packages/mission_manager\n'}
[0.723333] (mission_manager) StdoutLine: {'line': b'-- Up-to-date symlink: /home/starry1n/WUTA/WUTA-FSD/ros2_ws/install/mission_manager/share/mission_manager/cmake/mission_managerConfig.cmake\n'}
[0.723641] (cone_map_builder) StdoutLine: {'line': b'-- Up-to-date symlink: /home/starry1n/WUTA/WUTA-FSD/ros2_ws/install/cone_map_builder/share/cone_map_builder/cmake/cone_map_builderConfig.cmake\n'}
[0.723826] (cone_map_builder) StdoutLine: {'line': b'-- Up-to-date symlink: /home/starry1n/WUTA/WUTA-FSD/ros2_ws/install/cone_map_builder/share/cone_map_builder/cmake/cone_map_builderConfig-version.cmake\n'}
[0.724204] (cone_map_builder) StdoutLine: {'line': b'-- Up-to-date symlink: /home/starry1n/WUTA/WUTA-FSD/ros2_ws/install/cone_map_builder/share/cone_map_builder/package.xml\n'}
[0.724607] (mission_manager) StdoutLine: {'line': b'-- Up-to-date symlink: /home/starry1n/WUTA/WUTA-FSD/ros2_ws/install/mission_manager/share/mission_manager/cmake/mission_managerConfig-version.cmake\n'}
[0.724691] (mission_manager) StdoutLine: {'line': b'-- Up-to-date symlink: /home/starry1n/WUTA/WUTA-FSD/ros2_ws/install/mission_manager/share/mission_manager/package.xml\n'}
[0.734358] (kiss_icp_wrapper) JobEnded: {'identifier': 'kiss_icp_wrapper', 'rc': 0}
[0.736607] (path_generator) JobStarted: {'identifier': 'path_generator'}
[0.736665] (lidar_detection) StdoutLine: {'line': b'-- Install configuration: ""\n'}
[0.736737] (lidar_detection) StdoutLine: {'line': b'-- Execute custom install script\n'}
[0.736773] (lidar_detection) StdoutLine: {'line': b'-- Up-to-date symlink: /home/starry1n/WUTA/WUTA-FSD/ros2_ws/install/lidar_detection/lib/lidar_detection/lidar_detection_node\n'}
[0.736856] (lidar_detection) StdoutLine: {'line': b'-- Up-to-date symlink: /home/starry1n/WUTA/WUTA-FSD/ros2_ws/install/lidar_detection/share/lidar_detection/config/lidar_detection.yaml\n'}
[0.736934] (lidar_detection) StdoutLine: {'line': b'-- Up-to-date symlink: /home/starry1n/WUTA/WUTA-FSD/ros2_ws/install/lidar_detection/share/ament_index/resource_index/package_run_dependencies/lidar_detection\n'}
[0.736979] (lidar_detection) StdoutLine: {'line': b'-- Up-to-date symlink: /home/starry1n/WUTA/WUTA-FSD/ros2_ws/install/lidar_detection/share/ament_index/resource_index/parent_prefix_path/lidar_detection\n'}
[0.737074] (lidar_detection) StdoutLine: {'line': b'-- Up-to-date symlink: /home/starry1n/WUTA/WUTA-FSD/ros2_ws/install/lidar_detection/share/lidar_detection/environment/ament_prefix_path.sh\n'}
[0.737167] (lidar_detection) StdoutLine: {'line': b'-- Up-to-date symlink: /home/starry1n/WUTA/WUTA-FSD/ros2_ws/install/lidar_detection/share/lidar_detection/environment/ament_prefix_path.dsv\n'}
[0.737239] (lidar_detection) StdoutLine: {'line': b'-- Up-to-date symlink: /home/starry1n/WUTA/WUTA-FSD/ros2_ws/install/lidar_detection/share/lidar_detection/environment/path.sh\n'}
[0.737316] (lidar_detection) StdoutLine: {'line': b'-- Up-to-date symlink: /home/starry1n/WUTA/WUTA-FSD/ros2_ws/install/lidar_detection/share/lidar_detection/environment/path.dsv\n'}
[0.737355] (lidar_detection) StdoutLine: {'line': b'-- Up-to-date symlink: /home/starry1n/WUTA/WUTA-FSD/ros2_ws/install/lidar_detection/share/lidar_detection/local_setup.bash\n'}
[0.737390] (lidar_detection) StdoutLine: {'line': b'-- Up-to-date symlink: /home/starry1n/WUTA/WUTA-FSD/ros2_ws/install/lidar_detection/share/lidar_detection/local_setup.sh\n'}
[0.737460] (lidar_detection) StdoutLine: {'line': b'-- Up-to-date symlink: /home/starry1n/WUTA/WUTA-FSD/ros2_ws/install/lidar_detection/share/lidar_detection/local_setup.zsh\n'}
[0.737556] (lidar_detection) StdoutLine: {'line': b'-- Up-to-date symlink: /home/starry1n/WUTA/WUTA-FSD/ros2_ws/install/lidar_detection/share/lidar_detection/local_setup.dsv\n'}
[0.737677] (lidar_detection) StdoutLine: {'line': b'-- Symlinking: /home/starry1n/WUTA/WUTA-FSD/ros2_ws/install/lidar_detection/share/lidar_detection/package.dsv\n'}
[0.737726] (lidar_detection) StdoutLine: {'line': b'-- Up-to-date symlink: /home/starry1n/WUTA/WUTA-FSD/ros2_ws/install/lidar_detection/share/ament_index/resource_index/packages/lidar_detection\n'}
[0.737761] (lidar_detection) StdoutLine: {'line': b'-- Up-to-date symlink: /home/starry1n/WUTA/WUTA-FSD/ros2_ws/install/lidar_detection/share/lidar_detection/cmake/lidar_detectionConfig.cmake\n'}
[0.737790] (lidar_detection) StdoutLine: {'line': b'-- Up-to-date symlink: /home/starry1n/WUTA/WUTA-FSD/ros2_ws/install/lidar_detection/share/lidar_detection/cmake/lidar_detectionConfig-version.cmake\n'}
[0.737839] (lidar_detection) StdoutLine: {'line': b'-- Up-to-date symlink: /home/starry1n/WUTA/WUTA-FSD/ros2_ws/install/lidar_detection/share/lidar_detection/package.xml\n'}
[0.741057] (localization_manager) JobProgress: {'identifier': 'localization_manager', 'progress': 'cmake'}
[0.741624] (localization_manager) JobProgress: {'identifier': 'localization_manager', 'progress': 'build'}
[0.742627] (localization_manager) Command: {'cmd': ['/usr/bin/cmake', '--build', '/home/starry1n/WUTA/WUTA-FSD/ros2_ws/build/localization_manager', '--', '-j8', '-l8'], 'cwd': '/home/starry1n/WUTA/WUTA-FSD/ros2_ws/build/localization_manager', 'env': OrderedDict([('LESSOPEN', '| /usr/bin/lesspipe %s'), ('LANGUAGE', 'zh_CN:zh'), ('USER', 'starry1n'), ('XDG_SESSION_TYPE', 'wayland'), ('SHLVL', '3'), ('LD_LIBRARY_PATH', '/home/starry1n/WUTA/WUTA-FSD/ros2_ws/install/wuta_msgs/lib:/home/starry1n/WUTA/WUTA-FSD/ros2_ws/install/robot_localization/lib:/home/starry1n/WUTA/WUTA-FSD/ros2_ws/install/kiss_icp/lib:/opt/ros/humble/opt/rviz_ogre_vendor/lib:/opt/ros/humble/lib/x86_64-linux-gnu:/opt/ros/humble/lib'), ('HOME', '/home/starry1n'), ('OLDPWD', '/home/starry1n/WUTA/WUTA-FSD'), ('DESKTOP_SESSION', 'ubuntu'), ('ROS_PYTHON_VERSION', '3'), ('GNOME_SHELL_SESSION_MODE', 'ubuntu'), ('GTK_MODULES', 'gail:atk-bridge'), ('DBUS_STARTER_BUS_TYPE', 'session'), ('SYSTEMD_EXEC_PID', '2321'), ('DBUS_SESSION_BUS_ADDRESS', 'unix:path=/run/user/1000/bus,guid=c67e2489f73595b365ff0ae46a50c8ee'), ('COLORTERM', 'truecolor'), ('IM_CONFIG_PHASE', '1'), ('WAYLAND_DISPLAY', 'wayland-0'), ('ROS_DISTRO', 'humble'), ('LOGNAME', 'starry1n'), ('_', '/usr/bin/colcon'), ('ROS_VERSION', '2'), ('XDG_SESSION_CLASS', 'user'), ('USERNAME', 'starry1n'), ('TERM', 'xterm-256color'), ('GNOME_DESKTOP_SESSION_ID', 'this-is-deprecated'), ('ROS_LOCALHOST_ONLY', '0'), ('PATH', '/home/starry1n/.local/bin:/opt/ros/humble/bin:/home/starry1n/.local/bin:/usr/local/sbin:/usr/local/bin:/usr/sbin:/usr/bin:/sbin:/bin:/usr/games:/usr/local/games:/snap/bin:/snap/bin'), ('SESSION_MANAGER', 'local/starry1n-virtual-machine:@/tmp/.ICE-unix/2321,unix/starry1n-virtual-machine:/tmp/.ICE-unix/2321'), ('XDG_MENU_PREFIX', 'gnome-'), ('GNOME_TERMINAL_SCREEN', '/org/gnome/Terminal/screen/1f3eb7e9_2641_49ca_8c99_b72e9fb24486'), ('GNOME_SETUP_DISPLAY', ':1'), ('XDG_RUNTIME_DIR', '/run/user/1000'), ('DISPLAY', ':0'), ('LANG', 'zh_CN.UTF-8'), ('XDG_CURRENT_DESKTOP', 'ubuntu:GNOME'), ('XMODIFIERS', '@im=ibus'), ('XDG_SESSION_DESKTOP', 'ubuntu'), ('XAUTHORITY', '/run/user/1000/.mutter-Xwaylandauth.H6FRS3'), ('LS_COLORS', 'rs=0:di=01;34:ln=01;36:mh=00:pi=40;33:so=01;35:do=01;35:bd=40;33;01:cd=40;33;01:or=40;31;01:mi=00:su=37;41:sg=30;43:ca=30;41:tw=30;42:ow=34;42:st=37;44:ex=01;32:*.tar=01;31:*.tgz=01;31:*.arc=01;31:*.arj=01;31:*.taz=01;31:*.lha=01;31:*.lz4=01;31:*.lzh=01;31:*.lzma=01;31:*.tlz=01;31:*.txz=01;31:*.tzo=01;31:*.t7z=01;31:*.zip=01;31:*.z=01;31:*.dz=01;31:*.gz=01;31:*.lrz=01;31:*.lz=01;31:*.lzo=01;31:*.xz=01;31:*.zst=01;31:*.tzst=01;31:*.bz2=01;31:*.bz=01;31:*.tbz=01;31:*.tbz2=01;31:*.tz=01;31:*.deb=01;31:*.rpm=01;31:*.jar=01;31:*.war=01;31:*.ear=01;31:*.sar=01;31:*.rar=01;31:*.alz=01;31:*.ace=01;31:*.zoo=01;31:*.cpio=01;31:*.7z=01;31:*.rz=01;31:*.cab=01;31:*.wim=01;31:*.swm=01;31:*.dwm=01;31:*.esd=01;31:*.jpg=01;35:*.jpeg=01;35:*.mjpg=01;35:*.mjpeg=01;35:*.gif=01;35:*.bmp=01;35:*.pbm=01;35:*.pgm=01;35:*.ppm=01;35:*.tga=01;35:*.xbm=01;35:*.xpm=01;35:*.tif=01;35:*.tiff=01;35:*.png=01;35:*.svg=01;35:*.svgz=01;35:*.mng=01;35:*.pcx=01;35:*.mov=01;35:*.mpg=01;35:*.mpeg=01;35:*.m2v=01;35:*.mkv=01;35:*.webm=01;35:*.webp=01;35:*.ogm=01;35:*.mp4=01;35:*.m4v=01;35:*.mp4v=01;35:*.vob=01;35:*.qt=01;35:*.nuv=01;35:*.wmv=01;35:*.asf=01;35:*.rm=01;35:*.rmvb=01;35:*.flc=01;35:*.avi=01;35:*.fli=01;35:*.flv=01;35:*.gl=01;35:*.dl=01;35:*.xcf=01;35:*.xwd=01;35:*.yuv=01;35:*.cgm=01;35:*.emf=01;35:*.ogv=01;35:*.ogx=01;35:*.aac=00;36:*.au=00;36:*.flac=00;36:*.m4a=00;36:*.mid=00;36:*.midi=00;36:*.mka=00;36:*.mp3=00;36:*.mpc=00;36:*.ogg=00;36:*.ra=00;36:*.wav=00;36:*.oga=00;36:*.opus=00;36:*.spx=00;36:*.xspf=00;36:'), ('GNOME_TERMINAL_SERVICE', ':1.330'), ('SSH_AGENT_LAUNCHER', 'gnome-keyring'), ('SSH_AUTH_SOCK', '/run/user/1000/keyring/ssh'), ('AMENT_PREFIX_PATH', '/home/starry1n/WUTA/WUTA-FSD/ros2_ws/install/wuta_msgs:/home/starry1n/WUTA/WUTA-FSD/ros2_ws/install/robot_localization:/home/starry1n/WUTA/WUTA-FSD/ros2_ws/install/kiss_icp:/opt/ros/humble'), ('SHELL', '/bin/bash'), ('QT_ACCESSIBILITY', '1'), ('GDMSESSION', 'ubuntu'), ('LESSCLOSE', '/usr/bin/lesspipe %s %s'), ('QT_IM_MODULE', 'ibus'), ('PWD', '/home/starry1n/WUTA/WUTA-FSD/ros2_ws/build/localization_manager'), ('XDG_CONFIG_DIRS', '/etc/xdg/xdg-ubuntu:/etc/xdg'), ('DBUS_STARTER_ADDRESS', 'unix:path=/run/user/1000/bus,guid=c67e2489f73595b365ff0ae46a50c8ee'), ('XDG_DATA_DIRS', '/usr/share/ubuntu:/usr/local/share/:/usr/share/:/var/lib/snapd/desktop'), ('PYTHONPATH', '/home/starry1n/WUTA/WUTA-FSD/ros2_ws/install/wuta_msgs/local/lib/python3.10/dist-packages:/home/starry1n/WUTA/WUTA-FSD/ros2_ws/install/robot_localization/local/lib/python3.10/dist-packages:/opt/ros/humble/lib/python3.10/site-packages:/opt/ros/humble/local/lib/python3.10/dist-packages'), ('COLCON', '1'), ('VTE_VERSION', '6800'), ('CMAKE_PREFIX_PATH', '/home/starry1n/WUTA/WUTA-FSD/ros2_ws/install/wuta_msgs:/home/starry1n/WUTA/WUTA-FSD/ros2_ws/install/robot_localization:/home/starry1n/WUTA/WUTA-FSD/ros2_ws/install/kiss_icp:/opt/ros/humble')]), 'shell': False}
[0.743523] (boundary_detector) CommandEnded: {'returncode': 0}
[0.744151] (boundary_detector) JobProgress: {'identifier': 'boundary_detector', 'progress': 'install'}
[0.744828] (boundary_detector) Command: {'cmd': ['/usr/bin/cmake', '--install', '/home/starry1n/WUTA/WUTA-FSD/ros2_ws/build/boundary_detector'], 'cwd': '/home/starry1n/WUTA/WUTA-FSD/ros2_ws/build/boundary_detector', 'env': OrderedDict([('LESSOPEN', '| /usr/bin/lesspipe %s'), ('LANGUAGE', 'zh_CN:zh'), ('USER', 'starry1n'), ('XDG_SESSION_TYPE', 'wayland'), ('SHLVL', '3'), ('LD_LIBRARY_PATH', '/home/starry1n/WUTA/WUTA-FSD/ros2_ws/install/wuta_msgs/lib:/home/starry1n/WUTA/WUTA-FSD/ros2_ws/install/autoware_msgs/lib:/opt/ros/humble/opt/rviz_ogre_vendor/lib:/opt/ros/humble/lib/x86_64-linux-gnu:/opt/ros/humble/lib'), ('HOME', '/home/starry1n'), ('OLDPWD', '/home/starry1n/WUTA/WUTA-FSD'), ('DESKTOP_SESSION', 'ubuntu'), ('ROS_PYTHON_VERSION', '3'), ('GNOME_SHELL_SESSION_MODE', 'ubuntu'), ('GTK_MODULES', 'gail:atk-bridge'), ('DBUS_STARTER_BUS_TYPE', 'session'), ('SYSTEMD_EXEC_PID', '2321'), ('DBUS_SESSION_BUS_ADDRESS', 'unix:path=/run/user/1000/bus,guid=c67e2489f73595b365ff0ae46a50c8ee'), ('COLORTERM', 'truecolor'), ('IM_CONFIG_PHASE', '1'), ('WAYLAND_DISPLAY', 'wayland-0'), ('ROS_DISTRO', 'humble'), ('LOGNAME', 'starry1n'), ('_', '/usr/bin/colcon'), ('ROS_VERSION', '2'), ('XDG_SESSION_CLASS', 'user'), ('USERNAME', 'starry1n'), ('TERM', 'xterm-256color'), ('GNOME_DESKTOP_SESSION_ID', 'this-is-deprecated'), ('ROS_LOCALHOST_ONLY', '0'), ('PATH', '/home/starry1n/.local/bin:/opt/ros/humble/bin:/home/starry1n/.local/bin:/usr/local/sbin:/usr/local/bin:/usr/sbin:/usr/bin:/sbin:/bin:/usr/games:/usr/local/games:/snap/bin:/snap/bin'), ('SESSION_MANAGER', 'local/starry1n-virtual-machine:@/tmp/.ICE-unix/2321,unix/starry1n-virtual-machine:/tmp/.ICE-unix/2321'), ('XDG_MENU_PREFIX', 'gnome-'), ('GNOME_TERMINAL_SCREEN', '/org/gnome/Terminal/screen/1f3eb7e9_2641_49ca_8c99_b72e9fb24486'), ('GNOME_SETUP_DISPLAY', ':1'), ('XDG_RUNTIME_DIR', '/run/user/1000'), ('DISPLAY', ':0'), ('LANG', 'zh_CN.UTF-8'), ('XDG_CURRENT_DESKTOP', 'ubuntu:GNOME'), ('XMODIFIERS', '@im=ibus'), ('XDG_SESSION_DESKTOP', 'ubuntu'), ('XAUTHORITY', '/run/user/1000/.mutter-Xwaylandauth.H6FRS3'), ('LS_COLORS', 'rs=0:di=01;34:ln=01;36:mh=00:pi=40;33:so=01;35:do=01;35:bd=40;33;01:cd=40;33;01:or=40;31;01:mi=00:su=37;41:sg=30;43:ca=30;41:tw=30;42:ow=34;42:st=37;44:ex=01;32:*.tar=01;31:*.tgz=01;31:*.arc=01;31:*.arj=01;31:*.taz=01;31:*.lha=01;31:*.lz4=01;31:*.lzh=01;31:*.lzma=01;31:*.tlz=01;31:*.txz=01;31:*.tzo=01;31:*.t7z=01;31:*.zip=01;31:*.z=01;31:*.dz=01;31:*.gz=01;31:*.lrz=01;31:*.lz=01;31:*.lzo=01;31:*.xz=01;31:*.zst=01;31:*.tzst=01;31:*.bz2=01;31:*.bz=01;31:*.tbz=01;31:*.tbz2=01;31:*.tz=01;31:*.deb=01;31:*.rpm=01;31:*.jar=01;31:*.war=01;31:*.ear=01;31:*.sar=01;31:*.rar=01;31:*.alz=01;31:*.ace=01;31:*.zoo=01;31:*.cpio=01;31:*.7z=01;31:*.rz=01;31:*.cab=01;31:*.wim=01;31:*.swm=01;31:*.dwm=01;31:*.esd=01;31:*.jpg=01;35:*.jpeg=01;35:*.mjpg=01;35:*.mjpeg=01;35:*.gif=01;35:*.bmp=01;35:*.pbm=01;35:*.pgm=01;35:*.ppm=01;35:*.tga=01;35:*.xbm=01;35:*.xpm=01;35:*.tif=01;35:*.tiff=01;35:*.png=01;35:*.svg=01;35:*.svgz=01;35:*.mng=01;35:*.pcx=01;35:*.mov=01;35:*.mpg=01;35:*.mpeg=01;35:*.m2v=01;35:*.mkv=01;35:*.webm=01;35:*.webp=01;35:*.ogm=01;35:*.mp4=01;35:*.m4v=01;35:*.mp4v=01;35:*.vob=01;35:*.qt=01;35:*.nuv=01;35:*.wmv=01;35:*.asf=01;35:*.rm=01;35:*.rmvb=01;35:*.flc=01;35:*.avi=01;35:*.fli=01;35:*.flv=01;35:*.gl=01;35:*.dl=01;35:*.xcf=01;35:*.xwd=01;35:*.yuv=01;35:*.cgm=01;35:*.emf=01;35:*.ogv=01;35:*.ogx=01;35:*.aac=00;36:*.au=00;36:*.flac=00;36:*.m4a=00;36:*.mid=00;36:*.midi=00;36:*.mka=00;36:*.mp3=00;36:*.mpc=00;36:*.ogg=00;36:*.ra=00;36:*.wav=00;36:*.oga=00;36:*.opus=00;36:*.spx=00;36:*.xspf=00;36:'), ('GNOME_TERMINAL_SERVICE', ':1.330'), ('SSH_AGENT_LAUNCHER', 'gnome-keyring'), ('SSH_AUTH_SOCK', '/run/user/1000/keyring/ssh'), ('AMENT_PREFIX_PATH', '/home/starry1n/WUTA/WUTA-FSD/ros2_ws/install/wuta_msgs:/home/starry1n/WUTA/WUTA-FSD/ros2_ws/install/autoware_msgs:/opt/ros/humble'), ('SHELL', '/bin/bash'), ('QT_ACCESSIBILITY', '1'), ('GDMSESSION', 'ubuntu'), ('LESSCLOSE', '/usr/bin/lesspipe %s %s'), ('QT_IM_MODULE', 'ibus'), ('PWD', '/home/starry1n/WUTA/WUTA-FSD/ros2_ws/build/boundary_detector'), ('XDG_CONFIG_DIRS', '/etc/xdg/xdg-ubuntu:/etc/xdg'), ('DBUS_STARTER_ADDRESS', 'unix:path=/run/user/1000/bus,guid=c67e2489f73595b365ff0ae46a50c8ee'), ('XDG_DATA_DIRS', '/usr/share/ubuntu:/usr/local/share/:/usr/share/:/var/lib/snapd/desktop'), ('PYTHONPATH', '/home/starry1n/WUTA/WUTA-FSD/ros2_ws/install/wuta_msgs/local/lib/python3.10/dist-packages:/home/starry1n/WUTA/WUTA-FSD/ros2_ws/install/autoware_msgs/local/lib/python3.10/dist-packages:/opt/ros/humble/lib/python3.10/site-packages:/opt/ros/humble/local/lib/python3.10/dist-packages'), ('COLCON', '1'), ('VTE_VERSION', '6800'), ('CMAKE_PREFIX_PATH', '/home/starry1n/WUTA/WUTA-FSD/ros2_ws/install/wuta_msgs:/home/starry1n/WUTA/WUTA-FSD/ros2_ws/install/autoware_msgs:/opt/ros/humble')]), 'shell': False}
[0.746687] (controller) CommandEnded: {'returncode': 0}
[0.748467] (controller) JobProgress: {'identifier': 'controller', 'progress': 'install'}
[0.749252] (controller) Command: {'cmd': ['/usr/bin/cmake', '--install', '/home/starry1n/WUTA/WUTA-FSD/ros2_ws/build/controller'], 'cwd': '/home/starry1n/WUTA/WUTA-FSD/ros2_ws/build/controller', 'env': OrderedDict([('LESSOPEN', '| /usr/bin/lesspipe %s'), ('LANGUAGE', 'zh_CN:zh'), ('USER', 'starry1n'), ('XDG_SESSION_TYPE', 'wayland'), ('SHLVL', '3'), ('LD_LIBRARY_PATH', '/home/starry1n/WUTA/WUTA-FSD/ros2_ws/install/wuta_msgs/lib:/home/starry1n/WUTA/WUTA-FSD/ros2_ws/install/autoware_msgs/lib:/opt/ros/humble/opt/rviz_ogre_vendor/lib:/opt/ros/humble/lib/x86_64-linux-gnu:/opt/ros/humble/lib'), ('HOME', '/home/starry1n'), ('OLDPWD', '/home/starry1n/WUTA/WUTA-FSD'), ('DESKTOP_SESSION', 'ubuntu'), ('ROS_PYTHON_VERSION', '3'), ('GNOME_SHELL_SESSION_MODE', 'ubuntu'), ('GTK_MODULES', 'gail:atk-bridge'), ('DBUS_STARTER_BUS_TYPE', 'session'), ('SYSTEMD_EXEC_PID', '2321'), ('DBUS_SESSION_BUS_ADDRESS', 'unix:path=/run/user/1000/bus,guid=c67e2489f73595b365ff0ae46a50c8ee'), ('COLORTERM', 'truecolor'), ('IM_CONFIG_PHASE', '1'), ('WAYLAND_DISPLAY', 'wayland-0'), ('ROS_DISTRO', 'humble'), ('LOGNAME', 'starry1n'), ('_', '/usr/bin/colcon'), ('ROS_VERSION', '2'), ('XDG_SESSION_CLASS', 'user'), ('USERNAME', 'starry1n'), ('TERM', 'xterm-256color'), ('GNOME_DESKTOP_SESSION_ID', 'this-is-deprecated'), ('ROS_LOCALHOST_ONLY', '0'), ('PATH', '/home/starry1n/.local/bin:/opt/ros/humble/bin:/home/starry1n/.local/bin:/usr/local/sbin:/usr/local/bin:/usr/sbin:/usr/bin:/sbin:/bin:/usr/games:/usr/local/games:/snap/bin:/snap/bin'), ('SESSION_MANAGER', 'local/starry1n-virtual-machine:@/tmp/.ICE-unix/2321,unix/starry1n-virtual-machine:/tmp/.ICE-unix/2321'), ('XDG_MENU_PREFIX', 'gnome-'), ('GNOME_TERMINAL_SCREEN', '/org/gnome/Terminal/screen/1f3eb7e9_2641_49ca_8c99_b72e9fb24486'), ('GNOME_SETUP_DISPLAY', ':1'), ('XDG_RUNTIME_DIR', '/run/user/1000'), ('DISPLAY', ':0'), ('LANG', 'zh_CN.UTF-8'), ('XDG_CURRENT_DESKTOP', 'ubuntu:GNOME'), ('XMODIFIERS', '@im=ibus'), ('XDG_SESSION_DESKTOP', 'ubuntu'), ('XAUTHORITY', '/run/user/1000/.mutter-Xwaylandauth.H6FRS3'), ('LS_COLORS', 'rs=0:di=01;34:ln=01;36:mh=00:pi=40;33:so=01;35:do=01;35:bd=40;33;01:cd=40;33;01:or=40;31;01:mi=00:su=37;41:sg=30;43:ca=30;41:tw=30;42:ow=34;42:st=37;44:ex=01;32:*.tar=01;31:*.tgz=01;31:*.arc=01;31:*.arj=01;31:*.taz=01;31:*.lha=01;31:*.lz4=01;31:*.lzh=01;31:*.lzma=01;31:*.tlz=01;31:*.txz=01;31:*.tzo=01;31:*.t7z=01;31:*.zip=01;31:*.z=01;31:*.dz=01;31:*.gz=01;31:*.lrz=01;31:*.lz=01;31:*.lzo=01;31:*.xz=01;31:*.zst=01;31:*.tzst=01;31:*.bz2=01;31:*.bz=01;31:*.tbz=01;31:*.tbz2=01;31:*.tz=01;31:*.deb=01;31:*.rpm=01;31:*.jar=01;31:*.war=01;31:*.ear=01;31:*.sar=01;31:*.rar=01;31:*.alz=01;31:*.ace=01;31:*.zoo=01;31:*.cpio=01;31:*.7z=01;31:*.rz=01;31:*.cab=01;31:*.wim=01;31:*.swm=01;31:*.dwm=01;31:*.esd=01;31:*.jpg=01;35:*.jpeg=01;35:*.mjpg=01;35:*.mjpeg=01;35:*.gif=01;35:*.bmp=01;35:*.pbm=01;35:*.pgm=01;35:*.ppm=01;35:*.tga=01;35:*.xbm=01;35:*.xpm=01;35:*.tif=01;35:*.tiff=01;35:*.png=01;35:*.svg=01;35:*.svgz=01;35:*.mng=01;35:*.pcx=01;35:*.mov=01;35:*.mpg=01;35:*.mpeg=01;35:*.m2v=01;35:*.mkv=01;35:*.webm=01;35:*.webp=01;35:*.ogm=01;35:*.mp4=01;35:*.m4v=01;35:*.mp4v=01;35:*.vob=01;35:*.qt=01;35:*.nuv=01;35:*.wmv=01;35:*.asf=01;35:*.rm=01;35:*.rmvb=01;35:*.flc=01;35:*.avi=01;35:*.fli=01;35:*.flv=01;35:*.gl=01;35:*.dl=01;35:*.xcf=01;35:*.xwd=01;35:*.yuv=01;35:*.cgm=01;35:*.emf=01;35:*.ogv=01;35:*.ogx=01;35:*.aac=00;36:*.au=00;36:*.flac=00;36:*.m4a=00;36:*.mid=00;36:*.midi=00;36:*.mka=00;36:*.mp3=00;36:*.mpc=00;36:*.ogg=00;36:*.ra=00;36:*.wav=00;36:*.oga=00;36:*.opus=00;36:*.spx=00;36:*.xspf=00;36:'), ('GNOME_TERMINAL_SERVICE', ':1.330'), ('SSH_AGENT_LAUNCHER', 'gnome-keyring'), ('SSH_AUTH_SOCK', '/run/user/1000/keyring/ssh'), ('AMENT_PREFIX_PATH', '/home/starry1n/WUTA/WUTA-FSD/ros2_ws/install/wuta_msgs:/home/starry1n/WUTA/WUTA-FSD/ros2_ws/install/autoware_msgs:/opt/ros/humble'), ('SHELL', '/bin/bash'), ('QT_ACCESSIBILITY', '1'), ('GDMSESSION', 'ubuntu'), ('LESSCLOSE', '/usr/bin/lesspipe %s %s'), ('QT_IM_MODULE', 'ibus'), ('PWD', '/home/starry1n/WUTA/WUTA-FSD/ros2_ws/build/controller'), ('XDG_CONFIG_DIRS', '/etc/xdg/xdg-ubuntu:/etc/xdg'), ('DBUS_STARTER_ADDRESS', 'unix:path=/run/user/1000/bus,guid=c67e2489f73595b365ff0ae46a50c8ee'), ('XDG_DATA_DIRS', '/usr/share/ubuntu:/usr/local/share/:/usr/share/:/var/lib/snapd/desktop'), ('PYTHONPATH', '/home/starry1n/WUTA/WUTA-FSD/ros2_ws/install/wuta_msgs/local/lib/python3.10/dist-packages:/home/starry1n/WUTA/WUTA-FSD/ros2_ws/install/autoware_msgs/local/lib/python3.10/dist-packages:/opt/ros/humble/lib/python3.10/site-packages:/opt/ros/humble/local/lib/python3.10/dist-packages'), ('COLCON', '1'), ('VTE_VERSION', '6800'), ('CMAKE_PREFIX_PATH', '/home/starry1n/WUTA/WUTA-FSD/ros2_ws/install/wuta_msgs:/home/starry1n/WUTA/WUTA-FSD/ros2_ws/install/autoware_msgs:/opt/ros/humble')]), 'shell': False}
[0.754646] (cone_map_builder) CommandEnded: {'returncode': 0}
[0.754836] (controller) StdoutLine: {'line': b'-- Install configuration: ""\n'}
[0.754896] (controller) StdoutLine: {'line': b'-- Execute custom install script\n'}
[0.755237] (controller) StdoutLine: {'line': b'-- Up-to-date symlink: /home/starry1n/WUTA/WUTA-FSD/ros2_ws/install/controller/lib/controller/controller_node\n'}
[0.755298] (boundary_detector) StdoutLine: {'line': b'-- Install configuration: ""\n'}
[0.755340] (boundary_detector) StdoutLine: {'line': b'-- Execute custom install script\n'}
[0.755369] (boundary_detector) StdoutLine: {'line': b'-- Up-to-date symlink: /home/starry1n/WUTA/WUTA-FSD/ros2_ws/install/boundary_detector/lib/boundary_detector/boundary_detector_node\n'}
[0.755401] (controller) StdoutLine: {'line': b'-- Up-to-date symlink: /home/starry1n/WUTA/WUTA-FSD/ros2_ws/install/controller/share/controller/controller.yaml\n'}
[0.756092] (controller) StdoutLine: {'line': b'-- Up-to-date symlink: /home/starry1n/WUTA/WUTA-FSD/ros2_ws/install/controller/share/ament_index/resource_index/package_run_dependencies/controller\n'}
[0.756253] (controller) StdoutLine: {'line': b'-- Up-to-date symlink: /home/starry1n/WUTA/WUTA-FSD/ros2_ws/install/controller/share/ament_index/resource_index/parent_prefix_path/controller\n'}
[0.756322] (boundary_detector) StdoutLine: {'line': b'-- Up-to-date symlink: /home/starry1n/WUTA/WUTA-FSD/ros2_ws/install/boundary_detector/share/boundary_detector/config/boundary_detector.yaml\n'}
[0.756420] (boundary_detector) StdoutLine: {'line': b'-- Up-to-date symlink: /home/starry1n/WUTA/WUTA-FSD/ros2_ws/install/boundary_detector/share/ament_index/resource_index/package_run_dependencies/boundary_detector\n'}
[0.756587] (boundary_detector) StdoutLine: {'line': b'-- Up-to-date symlink: /home/starry1n/WUTA/WUTA-FSD/ros2_ws/install/boundary_detector/share/ament_index/resource_index/parent_prefix_path/boundary_detector\n'}
[0.756974] (boundary_detector) StdoutLine: {'line': b'-- Up-to-date symlink: /home/starry1n/WUTA/WUTA-FSD/ros2_ws/install/boundary_detector/share/boundary_detector/environment/ament_prefix_path.sh\n'}
[0.757101] (boundary_detector) StdoutLine: {'line': b'-- Up-to-date symlink: /home/starry1n/WUTA/WUTA-FSD/ros2_ws/install/boundary_detector/share/boundary_detector/environment/ament_prefix_path.dsv\n'}
[0.757149] (boundary_detector) StdoutLine: {'line': b'-- Up-to-date symlink: /home/starry1n/WUTA/WUTA-FSD/ros2_ws/install/boundary_detector/share/boundary_detector/environment/path.sh\n'}
[0.757296] (boundary_detector) StdoutLine: {'line': b'-- Up-to-date symlink: /home/starry1n/WUTA/WUTA-FSD/ros2_ws/install/boundary_detector/share/boundary_detector/environment/path.dsv\n'}
[0.757432] (boundary_detector) StdoutLine: {'line': b'-- Up-to-date symlink: /home/starry1n/WUTA/WUTA-FSD/ros2_ws/install/boundary_detector/share/boundary_detector/local_setup.bash\n'}
[0.757478] (boundary_detector) StdoutLine: {'line': b'-- Up-to-date symlink: /home/starry1n/WUTA/WUTA-FSD/ros2_ws/install/boundary_detector/share/boundary_detector/local_setup.sh\n'}
[0.757779] (boundary_detector) StdoutLine: {'line': b'-- Up-to-date symlink: /home/starry1n/WUTA/WUTA-FSD/ros2_ws/install/boundary_detector/share/boundary_detector/local_setup.zsh\n'}
[0.757931] (boundary_detector) StdoutLine: {'line': b'-- Up-to-date symlink: /home/starry1n/WUTA/WUTA-FSD/ros2_ws/install/boundary_detector/share/boundary_detector/local_setup.dsv\n'}
[0.757992] (boundary_detector) StdoutLine: {'line': b'-- Symlinking: /home/starry1n/WUTA/WUTA-FSD/ros2_ws/install/boundary_detector/share/boundary_detector/package.dsv\n'}
[0.758275] (controller) StdoutLine: {'line': b'-- Up-to-date symlink: /home/starry1n/WUTA/WUTA-FSD/ros2_ws/install/controller/share/controller/environment/ament_prefix_path.sh\n'}
[0.758445] (controller) StdoutLine: {'line': b'-- Up-to-date symlink: /home/starry1n/WUTA/WUTA-FSD/ros2_ws/install/controller/share/controller/environment/ament_prefix_path.dsv\n'}
[0.758834] (controller) StdoutLine: {'line': b'-- Up-to-date symlink: /home/starry1n/WUTA/WUTA-FSD/ros2_ws/install/controller/share/controller/environment/path.sh\n'}
[0.758988] (controller) StdoutLine: {'line': b'-- Up-to-date symlink: /home/starry1n/WUTA/WUTA-FSD/ros2_ws/install/controller/share/controller/environment/path.dsv\n'}
[0.759049] (controller) StdoutLine: {'line': b'-- Up-to-date symlink: /home/starry1n/WUTA/WUTA-FSD/ros2_ws/install/controller/share/controller/local_setup.bash\n'}
[0.759185] (controller) StdoutLine: {'line': b'-- Up-to-date symlink: /home/starry1n/WUTA/WUTA-FSD/ros2_ws/install/controller/share/controller/local_setup.sh\n'}
[0.759329] (controller) StdoutLine: {'line': b'-- Up-to-date symlink: /home/starry1n/WUTA/WUTA-FSD/ros2_ws/install/controller/share/controller/local_setup.zsh\n'}
[0.759952] (controller) StdoutLine: {'line': b'-- Up-to-date symlink: /home/starry1n/WUTA/WUTA-FSD/ros2_ws/install/controller/share/controller/local_setup.dsv\n'}
[0.760561] (controller) StdoutLine: {'line': b'-- Symlinking: /home/starry1n/WUTA/WUTA-FSD/ros2_ws/install/controller/share/controller/package.dsv\n'}
[0.762005] (controller) StdoutLine: {'line': b'-- Up-to-date symlink: /home/starry1n/WUTA/WUTA-FSD/ros2_ws/install/controller/share/ament_index/resource_index/packages/controller\n'}
[0.762142] (controller) StdoutLine: {'line': b'-- Up-to-date symlink: /home/starry1n/WUTA/WUTA-FSD/ros2_ws/install/controller/share/controller/cmake/controllerConfig.cmake\n'}
[0.762181] (controller) StdoutLine: {'line': b'-- Up-to-date symlink: /home/starry1n/WUTA/WUTA-FSD/ros2_ws/install/controller/share/controller/cmake/controllerConfig-version.cmake\n'}
[0.763111] (controller) StdoutLine: {'line': b'-- Up-to-date symlink: /home/starry1n/WUTA/WUTA-FSD/ros2_ws/install/controller/share/controller/package.xml\n'}
[0.763324] (boundary_detector) StdoutLine: {'line': b'-- Up-to-date symlink: /home/starry1n/WUTA/WUTA-FSD/ros2_ws/install/boundary_detector/share/ament_index/resource_index/packages/boundary_detector\n'}
[0.764901] (boundary_detector) StdoutLine: {'line': b'-- Up-to-date symlink: /home/starry1n/WUTA/WUTA-FSD/ros2_ws/install/boundary_detector/share/boundary_detector/cmake/boundary_detectorConfig.cmake\n'}
[0.764959] (boundary_detector) StdoutLine: {'line': b'-- Up-to-date symlink: /home/starry1n/WUTA/WUTA-FSD/ros2_ws/install/boundary_detector/share/boundary_detector/cmake/boundary_detectorConfig-version.cmake\n'}
[0.765343] (boundary_detector) StdoutLine: {'line': b'-- Up-to-date symlink: /home/starry1n/WUTA/WUTA-FSD/ros2_ws/install/boundary_detector/share/boundary_detector/package.xml\n'}
[0.773777] (cone_map_builder) JobEnded: {'identifier': 'cone_map_builder', 'rc': 0}
[0.774166] (mission_manager) CommandEnded: {'returncode': 0}
[0.784225] (mission_manager) JobEnded: {'identifier': 'mission_manager', 'rc': 0}
[0.785416] (ndt_localization) JobProgress: {'identifier': 'ndt_localization', 'progress': 'cmake'}
[0.786159] (ndt_localization) JobProgress: {'identifier': 'ndt_localization', 'progress': 'build'}
[0.787902] (ndt_localization) Command: {'cmd': ['/usr/bin/cmake', '--build', '/home/starry1n/WUTA/WUTA-FSD/ros2_ws/build/ndt_localization', '--', '-j8', '-l8'], 'cwd': '/home/starry1n/WUTA/WUTA-FSD/ros2_ws/build/ndt_localization', 'env': OrderedDict([('LESSOPEN', '| /usr/bin/lesspipe %s'), ('LANGUAGE', 'zh_CN:zh'), ('USER', 'starry1n'), ('XDG_SESSION_TYPE', 'wayland'), ('SHLVL', '3'), ('LD_LIBRARY_PATH', '/home/starry1n/WUTA/WUTA-FSD/ros2_ws/install/wuta_msgs/lib:/opt/ros/humble/opt/rviz_ogre_vendor/lib:/opt/ros/humble/lib/x86_64-linux-gnu:/opt/ros/humble/lib'), ('HOME', '/home/starry1n'), ('OLDPWD', '/home/starry1n/WUTA/WUTA-FSD'), ('DESKTOP_SESSION', 'ubuntu'), ('ROS_PYTHON_VERSION', '3'), ('GNOME_SHELL_SESSION_MODE', 'ubuntu'), ('GTK_MODULES', 'gail:atk-bridge'), ('DBUS_STARTER_BUS_TYPE', 'session'), ('SYSTEMD_EXEC_PID', '2321'), ('DBUS_SESSION_BUS_ADDRESS', 'unix:path=/run/user/1000/bus,guid=c67e2489f73595b365ff0ae46a50c8ee'), ('COLORTERM', 'truecolor'), ('IM_CONFIG_PHASE', '1'), ('WAYLAND_DISPLAY', 'wayland-0'), ('ROS_DISTRO', 'humble'), ('LOGNAME', 'starry1n'), ('_', '/usr/bin/colcon'), ('ROS_VERSION', '2'), ('XDG_SESSION_CLASS', 'user'), ('USERNAME', 'starry1n'), ('TERM', 'xterm-256color'), ('GNOME_DESKTOP_SESSION_ID', 'this-is-deprecated'), ('ROS_LOCALHOST_ONLY', '0'), ('PATH', '/home/starry1n/.local/bin:/opt/ros/humble/bin:/home/starry1n/.local/bin:/usr/local/sbin:/usr/local/bin:/usr/sbin:/usr/bin:/sbin:/bin:/usr/games:/usr/local/games:/snap/bin:/snap/bin'), ('SESSION_MANAGER', 'local/starry1n-virtual-machine:@/tmp/.ICE-unix/2321,unix/starry1n-virtual-machine:/tmp/.ICE-unix/2321'), ('XDG_MENU_PREFIX', 'gnome-'), ('GNOME_TERMINAL_SCREEN', '/org/gnome/Terminal/screen/1f3eb7e9_2641_49ca_8c99_b72e9fb24486'), ('GNOME_SETUP_DISPLAY', ':1'), ('XDG_RUNTIME_DIR', '/run/user/1000'), ('DISPLAY', ':0'), ('LANG', 'zh_CN.UTF-8'), ('XDG_CURRENT_DESKTOP', 'ubuntu:GNOME'), ('XMODIFIERS', '@im=ibus'), ('XDG_SESSION_DESKTOP', 'ubuntu'), ('XAUTHORITY', '/run/user/1000/.mutter-Xwaylandauth.H6FRS3'), ('LS_COLORS', 'rs=0:di=01;34:ln=01;36:mh=00:pi=40;33:so=01;35:do=01;35:bd=40;33;01:cd=40;33;01:or=40;31;01:mi=00:su=37;41:sg=30;43:ca=30;41:tw=30;42:ow=34;42:st=37;44:ex=01;32:*.tar=01;31:*.tgz=01;31:*.arc=01;31:*.arj=01;31:*.taz=01;31:*.lha=01;31:*.lz4=01;31:*.lzh=01;31:*.lzma=01;31:*.tlz=01;31:*.txz=01;31:*.tzo=01;31:*.t7z=01;31:*.zip=01;31:*.z=01;31:*.dz=01;31:*.gz=01;31:*.lrz=01;31:*.lz=01;31:*.lzo=01;31:*.xz=01;31:*.zst=01;31:*.tzst=01;31:*.bz2=01;31:*.bz=01;31:*.tbz=01;31:*.tbz2=01;31:*.tz=01;31:*.deb=01;31:*.rpm=01;31:*.jar=01;31:*.war=01;31:*.ear=01;31:*.sar=01;31:*.rar=01;31:*.alz=01;31:*.ace=01;31:*.zoo=01;31:*.cpio=01;31:*.7z=01;31:*.rz=01;31:*.cab=01;31:*.wim=01;31:*.swm=01;31:*.dwm=01;31:*.esd=01;31:*.jpg=01;35:*.jpeg=01;35:*.mjpg=01;35:*.mjpeg=01;35:*.gif=01;35:*.bmp=01;35:*.pbm=01;35:*.pgm=01;35:*.ppm=01;35:*.tga=01;35:*.xbm=01;35:*.xpm=01;35:*.tif=01;35:*.tiff=01;35:*.png=01;35:*.svg=01;35:*.svgz=01;35:*.mng=01;35:*.pcx=01;35:*.mov=01;35:*.mpg=01;35:*.mpeg=01;35:*.m2v=01;35:*.mkv=01;35:*.webm=01;35:*.webp=01;35:*.ogm=01;35:*.mp4=01;35:*.m4v=01;35:*.mp4v=01;35:*.vob=01;35:*.qt=01;35:*.nuv=01;35:*.wmv=01;35:*.asf=01;35:*.rm=01;35:*.rmvb=01;35:*.flc=01;35:*.avi=01;35:*.fli=01;35:*.flv=01;35:*.gl=01;35:*.dl=01;35:*.xcf=01;35:*.xwd=01;35:*.yuv=01;35:*.cgm=01;35:*.emf=01;35:*.ogv=01;35:*.ogx=01;35:*.aac=00;36:*.au=00;36:*.flac=00;36:*.m4a=00;36:*.mid=00;36:*.midi=00;36:*.mka=00;36:*.mp3=00;36:*.mpc=00;36:*.ogg=00;36:*.ra=00;36:*.wav=00;36:*.oga=00;36:*.opus=00;36:*.spx=00;36:*.xspf=00;36:'), ('GNOME_TERMINAL_SERVICE', ':1.330'), ('SSH_AGENT_LAUNCHER', 'gnome-keyring'), ('SSH_AUTH_SOCK', '/run/user/1000/keyring/ssh'), ('AMENT_PREFIX_PATH', '/home/starry1n/WUTA/WUTA-FSD/ros2_ws/install/wuta_msgs:/opt/ros/humble'), ('SHELL', '/bin/bash'), ('QT_ACCESSIBILITY', '1'), ('GDMSESSION', 'ubuntu'), ('LESSCLOSE', '/usr/bin/lesspipe %s %s'), ('QT_IM_MODULE', 'ibus'), ('PWD', '/home/starry1n/WUTA/WUTA-FSD/ros2_ws/build/ndt_localization'), ('XDG_CONFIG_DIRS', '/etc/xdg/xdg-ubuntu:/etc/xdg'), ('DBUS_STARTER_ADDRESS', 'unix:path=/run/user/1000/bus,guid=c67e2489f73595b365ff0ae46a50c8ee'), ('XDG_DATA_DIRS', '/usr/share/ubuntu:/usr/local/share/:/usr/share/:/var/lib/snapd/desktop'), ('PYTHONPATH', '/home/starry1n/WUTA/WUTA-FSD/ros2_ws/install/wuta_msgs/local/lib/python3.10/dist-packages:/opt/ros/humble/lib/python3.10/site-packages:/opt/ros/humble/local/lib/python3.10/dist-packages'), ('COLCON', '1'), ('VTE_VERSION', '6800'), ('CMAKE_PREFIX_PATH', '/home/starry1n/WUTA/WUTA-FSD/ros2_ws/install/wuta_msgs:/opt/ros/humble')]), 'shell': False}
[0.788789] (wuta_tools) JobStarted: {'identifier': 'wuta_tools'}
[0.790883] (lidar_detection) CommandEnded: {'returncode': 0}
[0.796251] (localization_manager) StdoutLine: {'line': b'[100%] Built target localization_manager_node\n'}
[0.808059] (lidar_detection) JobEnded: {'identifier': 'lidar_detection', 'rc': 0}
[0.812841] (-) TimerEvent: {}
[0.813002] (path_generator) JobProgress: {'identifier': 'path_generator', 'progress': 'cmake'}
[0.813259] (path_generator) JobProgress: {'identifier': 'path_generator', 'progress': 'build'}
[0.814174] (path_generator) Command: {'cmd': ['/usr/bin/cmake', '--build', '/home/starry1n/WUTA/WUTA-FSD/ros2_ws/build/path_generator', '--', '-j8', '-l8'], 'cwd': '/home/starry1n/WUTA/WUTA-FSD/ros2_ws/build/path_generator', 'env': OrderedDict([('LESSOPEN', '| /usr/bin/lesspipe %s'), ('LANGUAGE', 'zh_CN:zh'), ('USER', 'starry1n'), ('XDG_SESSION_TYPE', 'wayland'), ('SHLVL', '3'), ('LD_LIBRARY_PATH', '/home/starry1n/WUTA/WUTA-FSD/ros2_ws/install/wuta_msgs/lib:/home/starry1n/WUTA/WUTA-FSD/ros2_ws/install/autoware_msgs/lib:/opt/ros/humble/opt/rviz_ogre_vendor/lib:/opt/ros/humble/lib/x86_64-linux-gnu:/opt/ros/humble/lib'), ('HOME', '/home/starry1n'), ('OLDPWD', '/home/starry1n/WUTA/WUTA-FSD'), ('DESKTOP_SESSION', 'ubuntu'), ('ROS_PYTHON_VERSION', '3'), ('GNOME_SHELL_SESSION_MODE', 'ubuntu'), ('GTK_MODULES', 'gail:atk-bridge'), ('DBUS_STARTER_BUS_TYPE', 'session'), ('SYSTEMD_EXEC_PID', '2321'), ('DBUS_SESSION_BUS_ADDRESS', 'unix:path=/run/user/1000/bus,guid=c67e2489f73595b365ff0ae46a50c8ee'), ('COLORTERM', 'truecolor'), ('IM_CONFIG_PHASE', '1'), ('WAYLAND_DISPLAY', 'wayland-0'), ('ROS_DISTRO', 'humble'), ('LOGNAME', 'starry1n'), ('_', '/usr/bin/colcon'), ('ROS_VERSION', '2'), ('XDG_SESSION_CLASS', 'user'), ('USERNAME', 'starry1n'), ('TERM', 'xterm-256color'), ('GNOME_DESKTOP_SESSION_ID', 'this-is-deprecated'), ('ROS_LOCALHOST_ONLY', '0'), ('PATH', '/home/starry1n/.local/bin:/opt/ros/humble/bin:/home/starry1n/.local/bin:/usr/local/sbin:/usr/local/bin:/usr/sbin:/usr/bin:/sbin:/bin:/usr/games:/usr/local/games:/snap/bin:/snap/bin'), ('SESSION_MANAGER', 'local/starry1n-virtual-machine:@/tmp/.ICE-unix/2321,unix/starry1n-virtual-machine:/tmp/.ICE-unix/2321'), ('XDG_MENU_PREFIX', 'gnome-'), ('GNOME_TERMINAL_SCREEN', '/org/gnome/Terminal/screen/1f3eb7e9_2641_49ca_8c99_b72e9fb24486'), ('GNOME_SETUP_DISPLAY', ':1'), ('XDG_RUNTIME_DIR', '/run/user/1000'), ('DISPLAY', ':0'), ('LANG', 'zh_CN.UTF-8'), ('XDG_CURRENT_DESKTOP', 'ubuntu:GNOME'), ('XMODIFIERS', '@im=ibus'), ('XDG_SESSION_DESKTOP', 'ubuntu'), ('XAUTHORITY', '/run/user/1000/.mutter-Xwaylandauth.H6FRS3'), ('LS_COLORS', 'rs=0:di=01;34:ln=01;36:mh=00:pi=40;33:so=01;35:do=01;35:bd=40;33;01:cd=40;33;01:or=40;31;01:mi=00:su=37;41:sg=30;43:ca=30;41:tw=30;42:ow=34;42:st=37;44:ex=01;32:*.tar=01;31:*.tgz=01;31:*.arc=01;31:*.arj=01;31:*.taz=01;31:*.lha=01;31:*.lz4=01;31:*.lzh=01;31:*.lzma=01;31:*.tlz=01;31:*.txz=01;31:*.tzo=01;31:*.t7z=01;31:*.zip=01;31:*.z=01;31:*.dz=01;31:*.gz=01;31:*.lrz=01;31:*.lz=01;31:*.lzo=01;31:*.xz=01;31:*.zst=01;31:*.tzst=01;31:*.bz2=01;31:*.bz=01;31:*.tbz=01;31:*.tbz2=01;31:*.tz=01;31:*.deb=01;31:*.rpm=01;31:*.jar=01;31:*.war=01;31:*.ear=01;31:*.sar=01;31:*.rar=01;31:*.alz=01;31:*.ace=01;31:*.zoo=01;31:*.cpio=01;31:*.7z=01;31:*.rz=01;31:*.cab=01;31:*.wim=01;31:*.swm=01;31:*.dwm=01;31:*.esd=01;31:*.jpg=01;35:*.jpeg=01;35:*.mjpg=01;35:*.mjpeg=01;35:*.gif=01;35:*.bmp=01;35:*.pbm=01;35:*.pgm=01;35:*.ppm=01;35:*.tga=01;35:*.xbm=01;35:*.xpm=01;35:*.tif=01;35:*.tiff=01;35:*.png=01;35:*.svg=01;35:*.svgz=01;35:*.mng=01;35:*.pcx=01;35:*.mov=01;35:*.mpg=01;35:*.mpeg=01;35:*.m2v=01;35:*.mkv=01;35:*.webm=01;35:*.webp=01;35:*.ogm=01;35:*.mp4=01;35:*.m4v=01;35:*.mp4v=01;35:*.vob=01;35:*.qt=01;35:*.nuv=01;35:*.wmv=01;35:*.asf=01;35:*.rm=01;35:*.rmvb=01;35:*.flc=01;35:*.avi=01;35:*.fli=01;35:*.flv=01;35:*.gl=01;35:*.dl=01;35:*.xcf=01;35:*.xwd=01;35:*.yuv=01;35:*.cgm=01;35:*.emf=01;35:*.ogv=01;35:*.ogx=01;35:*.aac=00;36:*.au=00;36:*.flac=00;36:*.m4a=00;36:*.mid=00;36:*.midi=00;36:*.mka=00;36:*.mp3=00;36:*.mpc=00;36:*.ogg=00;36:*.ra=00;36:*.wav=00;36:*.oga=00;36:*.opus=00;36:*.spx=00;36:*.xspf=00;36:'), ('GNOME_TERMINAL_SERVICE', ':1.330'), ('SSH_AGENT_LAUNCHER', 'gnome-keyring'), ('SSH_AUTH_SOCK', '/run/user/1000/keyring/ssh'), ('AMENT_PREFIX_PATH', '/home/starry1n/WUTA/WUTA-FSD/ros2_ws/install/wuta_msgs:/home/starry1n/WUTA/WUTA-FSD/ros2_ws/install/autoware_msgs:/opt/ros/humble'), ('SHELL', '/bin/bash'), ('QT_ACCESSIBILITY', '1'), ('GDMSESSION', 'ubuntu'), ('LESSCLOSE', '/usr/bin/lesspipe %s %s'), ('QT_IM_MODULE', 'ibus'), ('PWD', '/home/starry1n/WUTA/WUTA-FSD/ros2_ws/build/path_generator'), ('XDG_CONFIG_DIRS', '/etc/xdg/xdg-ubuntu:/etc/xdg'), ('DBUS_STARTER_ADDRESS', 'unix:path=/run/user/1000/bus,guid=c67e2489f73595b365ff0ae46a50c8ee'), ('XDG_DATA_DIRS', '/usr/share/ubuntu:/usr/local/share/:/usr/share/:/var/lib/snapd/desktop'), ('PYTHONPATH', '/home/starry1n/WUTA/WUTA-FSD/ros2_ws/install/wuta_msgs/local/lib/python3.10/dist-packages:/home/starry1n/WUTA/WUTA-FSD/ros2_ws/install/autoware_msgs/local/lib/python3.10/dist-packages:/opt/ros/humble/lib/python3.10/site-packages:/opt/ros/humble/local/lib/python3.10/dist-packages'), ('COLCON', '1'), ('VTE_VERSION', '6800'), ('CMAKE_PREFIX_PATH', '/home/starry1n/WUTA/WUTA-FSD/ros2_ws/install/wuta_msgs:/home/starry1n/WUTA/WUTA-FSD/ros2_ws/install/autoware_msgs:/opt/ros/humble')]), 'shell': False}
[0.815560] (controller) CommandEnded: {'returncode': 0}
[0.828208] (controller) JobEnded: {'identifier': 'controller', 'rc': 0}
[0.829370] (boundary_detector) CommandEnded: {'returncode': 0}
[0.841733] (boundary_detector) JobEnded: {'identifier': 'boundary_detector', 'rc': 0}
[0.842647] (localization_manager) CommandEnded: {'returncode': 0}
[0.843498] (localization_manager) JobProgress: {'identifier': 'localization_manager', 'progress': 'install'}
[0.844469] (localization_manager) Command: {'cmd': ['/usr/bin/cmake', '--install', '/home/starry1n/WUTA/WUTA-FSD/ros2_ws/build/localization_manager'], 'cwd': '/home/starry1n/WUTA/WUTA-FSD/ros2_ws/build/localization_manager', 'env': OrderedDict([('LESSOPEN', '| /usr/bin/lesspipe %s'), ('LANGUAGE', 'zh_CN:zh'), ('USER', 'starry1n'), ('XDG_SESSION_TYPE', 'wayland'), ('SHLVL', '3'), ('LD_LIBRARY_PATH', '/home/starry1n/WUTA/WUTA-FSD/ros2_ws/install/wuta_msgs/lib:/home/starry1n/WUTA/WUTA-FSD/ros2_ws/install/robot_localization/lib:/home/starry1n/WUTA/WUTA-FSD/ros2_ws/install/kiss_icp/lib:/opt/ros/humble/opt/rviz_ogre_vendor/lib:/opt/ros/humble/lib/x86_64-linux-gnu:/opt/ros/humble/lib'), ('HOME', '/home/starry1n'), ('OLDPWD', '/home/starry1n/WUTA/WUTA-FSD'), ('DESKTOP_SESSION', 'ubuntu'), ('ROS_PYTHON_VERSION', '3'), ('GNOME_SHELL_SESSION_MODE', 'ubuntu'), ('GTK_MODULES', 'gail:atk-bridge'), ('DBUS_STARTER_BUS_TYPE', 'session'), ('SYSTEMD_EXEC_PID', '2321'), ('DBUS_SESSION_BUS_ADDRESS', 'unix:path=/run/user/1000/bus,guid=c67e2489f73595b365ff0ae46a50c8ee'), ('COLORTERM', 'truecolor'), ('IM_CONFIG_PHASE', '1'), ('WAYLAND_DISPLAY', 'wayland-0'), ('ROS_DISTRO', 'humble'), ('LOGNAME', 'starry1n'), ('_', '/usr/bin/colcon'), ('ROS_VERSION', '2'), ('XDG_SESSION_CLASS', 'user'), ('USERNAME', 'starry1n'), ('TERM', 'xterm-256color'), ('GNOME_DESKTOP_SESSION_ID', 'this-is-deprecated'), ('ROS_LOCALHOST_ONLY', '0'), ('PATH', '/home/starry1n/.local/bin:/opt/ros/humble/bin:/home/starry1n/.local/bin:/usr/local/sbin:/usr/local/bin:/usr/sbin:/usr/bin:/sbin:/bin:/usr/games:/usr/local/games:/snap/bin:/snap/bin'), ('SESSION_MANAGER', 'local/starry1n-virtual-machine:@/tmp/.ICE-unix/2321,unix/starry1n-virtual-machine:/tmp/.ICE-unix/2321'), ('XDG_MENU_PREFIX', 'gnome-'), ('GNOME_TERMINAL_SCREEN', '/org/gnome/Terminal/screen/1f3eb7e9_2641_49ca_8c99_b72e9fb24486'), ('GNOME_SETUP_DISPLAY', ':1'), ('XDG_RUNTIME_DIR', '/run/user/1000'), ('DISPLAY', ':0'), ('LANG', 'zh_CN.UTF-8'), ('XDG_CURRENT_DESKTOP', 'ubuntu:GNOME'), ('XMODIFIERS', '@im=ibus'), ('XDG_SESSION_DESKTOP', 'ubuntu'), ('XAUTHORITY', '/run/user/1000/.mutter-Xwaylandauth.H6FRS3'), ('LS_COLORS', 'rs=0:di=01;34:ln=01;36:mh=00:pi=40;33:so=01;35:do=01;35:bd=40;33;01:cd=40;33;01:or=40;31;01:mi=00:su=37;41:sg=30;43:ca=30;41:tw=30;42:ow=34;42:st=37;44:ex=01;32:*.tar=01;31:*.tgz=01;31:*.arc=01;31:*.arj=01;31:*.taz=01;31:*.lha=01;31:*.lz4=01;31:*.lzh=01;31:*.lzma=01;31:*.tlz=01;31:*.txz=01;31:*.tzo=01;31:*.t7z=01;31:*.zip=01;31:*.z=01;31:*.dz=01;31:*.gz=01;31:*.lrz=01;31:*.lz=01;31:*.lzo=01;31:*.xz=01;31:*.zst=01;31:*.tzst=01;31:*.bz2=01;31:*.bz=01;31:*.tbz=01;31:*.tbz2=01;31:*.tz=01;31:*.deb=01;31:*.rpm=01;31:*.jar=01;31:*.war=01;31:*.ear=01;31:*.sar=01;31:*.rar=01;31:*.alz=01;31:*.ace=01;31:*.zoo=01;31:*.cpio=01;31:*.7z=01;31:*.rz=01;31:*.cab=01;31:*.wim=01;31:*.swm=01;31:*.dwm=01;31:*.esd=01;31:*.jpg=01;35:*.jpeg=01;35:*.mjpg=01;35:*.mjpeg=01;35:*.gif=01;35:*.bmp=01;35:*.pbm=01;35:*.pgm=01;35:*.ppm=01;35:*.tga=01;35:*.xbm=01;35:*.xpm=01;35:*.tif=01;35:*.tiff=01;35:*.png=01;35:*.svg=01;35:*.svgz=01;35:*.mng=01;35:*.pcx=01;35:*.mov=01;35:*.mpg=01;35:*.mpeg=01;35:*.m2v=01;35:*.mkv=01;35:*.webm=01;35:*.webp=01;35:*.ogm=01;35:*.mp4=01;35:*.m4v=01;35:*.mp4v=01;35:*.vob=01;35:*.qt=01;35:*.nuv=01;35:*.wmv=01;35:*.asf=01;35:*.rm=01;35:*.rmvb=01;35:*.flc=01;35:*.avi=01;35:*.fli=01;35:*.flv=01;35:*.gl=01;35:*.dl=01;35:*.xcf=01;35:*.xwd=01;35:*.yuv=01;35:*.cgm=01;35:*.emf=01;35:*.ogv=01;35:*.ogx=01;35:*.aac=00;36:*.au=00;36:*.flac=00;36:*.m4a=00;36:*.mid=00;36:*.midi=00;36:*.mka=00;36:*.mp3=00;36:*.mpc=00;36:*.ogg=00;36:*.ra=00;36:*.wav=00;36:*.oga=00;36:*.opus=00;36:*.spx=00;36:*.xspf=00;36:'), ('GNOME_TERMINAL_SERVICE', ':1.330'), ('SSH_AGENT_LAUNCHER', 'gnome-keyring'), ('SSH_AUTH_SOCK', '/run/user/1000/keyring/ssh'), ('AMENT_PREFIX_PATH', '/home/starry1n/WUTA/WUTA-FSD/ros2_ws/install/wuta_msgs:/home/starry1n/WUTA/WUTA-FSD/ros2_ws/install/robot_localization:/home/starry1n/WUTA/WUTA-FSD/ros2_ws/install/kiss_icp:/opt/ros/humble'), ('SHELL', '/bin/bash'), ('QT_ACCESSIBILITY', '1'), ('GDMSESSION', 'ubuntu'), ('LESSCLOSE', '/usr/bin/lesspipe %s %s'), ('QT_IM_MODULE', 'ibus'), ('PWD', '/home/starry1n/WUTA/WUTA-FSD/ros2_ws/build/localization_manager'), ('XDG_CONFIG_DIRS', '/etc/xdg/xdg-ubuntu:/etc/xdg'), ('DBUS_STARTER_ADDRESS', 'unix:path=/run/user/1000/bus,guid=c67e2489f73595b365ff0ae46a50c8ee'), ('XDG_DATA_DIRS', '/usr/share/ubuntu:/usr/local/share/:/usr/share/:/var/lib/snapd/desktop'), ('PYTHONPATH', '/home/starry1n/WUTA/WUTA-FSD/ros2_ws/install/wuta_msgs/local/lib/python3.10/dist-packages:/home/starry1n/WUTA/WUTA-FSD/ros2_ws/install/robot_localization/local/lib/python3.10/dist-packages:/opt/ros/humble/lib/python3.10/site-packages:/opt/ros/humble/local/lib/python3.10/dist-packages'), ('COLCON', '1'), ('VTE_VERSION', '6800'), ('CMAKE_PREFIX_PATH', '/home/starry1n/WUTA/WUTA-FSD/ros2_ws/install/wuta_msgs:/home/starry1n/WUTA/WUTA-FSD/ros2_ws/install/robot_localization:/home/starry1n/WUTA/WUTA-FSD/ros2_ws/install/kiss_icp:/opt/ros/humble')]), 'shell': False}
[0.845922] (wuta_tools) JobProgress: {'identifier': 'wuta_tools', 'progress': 'cmake'}
[0.847485] (wuta_tools) JobProgress: {'identifier': 'wuta_tools', 'progress': 'build'}
[0.849265] (wuta_tools) Command: {'cmd': ['/usr/bin/cmake', '--build', '/home/starry1n/WUTA/WUTA-FSD/ros2_ws/build/wuta_tools', '--', '-j8', '-l8'], 'cwd': '/home/starry1n/WUTA/WUTA-FSD/ros2_ws/build/wuta_tools', 'env': OrderedDict([('LESSOPEN', '| /usr/bin/lesspipe %s'), ('LANGUAGE', 'zh_CN:zh'), ('USER', 'starry1n'), ('XDG_SESSION_TYPE', 'wayland'), ('SHLVL', '3'), ('LD_LIBRARY_PATH', '/home/starry1n/WUTA/WUTA-FSD/ros2_ws/install/wuta_msgs/lib:/opt/ros/humble/opt/rviz_ogre_vendor/lib:/opt/ros/humble/lib/x86_64-linux-gnu:/opt/ros/humble/lib'), ('HOME', '/home/starry1n'), ('OLDPWD', '/home/starry1n/WUTA/WUTA-FSD'), ('DESKTOP_SESSION', 'ubuntu'), ('ROS_PYTHON_VERSION', '3'), ('GNOME_SHELL_SESSION_MODE', 'ubuntu'), ('GTK_MODULES', 'gail:atk-bridge'), ('DBUS_STARTER_BUS_TYPE', 'session'), ('SYSTEMD_EXEC_PID', '2321'), ('DBUS_SESSION_BUS_ADDRESS', 'unix:path=/run/user/1000/bus,guid=c67e2489f73595b365ff0ae46a50c8ee'), ('COLORTERM', 'truecolor'), ('IM_CONFIG_PHASE', '1'), ('WAYLAND_DISPLAY', 'wayland-0'), ('ROS_DISTRO', 'humble'), ('LOGNAME', 'starry1n'), ('_', '/usr/bin/colcon'), ('ROS_VERSION', '2'), ('XDG_SESSION_CLASS', 'user'), ('USERNAME', 'starry1n'), ('TERM', 'xterm-256color'), ('GNOME_DESKTOP_SESSION_ID', 'this-is-deprecated'), ('ROS_LOCALHOST_ONLY', '0'), ('PATH', '/home/starry1n/.local/bin:/opt/ros/humble/bin:/home/starry1n/.local/bin:/usr/local/sbin:/usr/local/bin:/usr/sbin:/usr/bin:/sbin:/bin:/usr/games:/usr/local/games:/snap/bin:/snap/bin'), ('SESSION_MANAGER', 'local/starry1n-virtual-machine:@/tmp/.ICE-unix/2321,unix/starry1n-virtual-machine:/tmp/.ICE-unix/2321'), ('XDG_MENU_PREFIX', 'gnome-'), ('GNOME_TERMINAL_SCREEN', '/org/gnome/Terminal/screen/1f3eb7e9_2641_49ca_8c99_b72e9fb24486'), ('GNOME_SETUP_DISPLAY', ':1'), ('XDG_RUNTIME_DIR', '/run/user/1000'), ('DISPLAY', ':0'), ('LANG', 'zh_CN.UTF-8'), ('XDG_CURRENT_DESKTOP', 'ubuntu:GNOME'), ('XMODIFIERS', '@im=ibus'), ('XDG_SESSION_DESKTOP', 'ubuntu'), ('XAUTHORITY', '/run/user/1000/.mutter-Xwaylandauth.H6FRS3'), ('LS_COLORS', 'rs=0:di=01;34:ln=01;36:mh=00:pi=40;33:so=01;35:do=01;35:bd=40;33;01:cd=40;33;01:or=40;31;01:mi=00:su=37;41:sg=30;43:ca=30;41:tw=30;42:ow=34;42:st=37;44:ex=01;32:*.tar=01;31:*.tgz=01;31:*.arc=01;31:*.arj=01;31:*.taz=01;31:*.lha=01;31:*.lz4=01;31:*.lzh=01;31:*.lzma=01;31:*.tlz=01;31:*.txz=01;31:*.tzo=01;31:*.t7z=01;31:*.zip=01;31:*.z=01;31:*.dz=01;31:*.gz=01;31:*.lrz=01;31:*.lz=01;31:*.lzo=01;31:*.xz=01;31:*.zst=01;31:*.tzst=01;31:*.bz2=01;31:*.bz=01;31:*.tbz=01;31:*.tbz2=01;31:*.tz=01;31:*.deb=01;31:*.rpm=01;31:*.jar=01;31:*.war=01;31:*.ear=01;31:*.sar=01;31:*.rar=01;31:*.alz=01;31:*.ace=01;31:*.zoo=01;31:*.cpio=01;31:*.7z=01;31:*.rz=01;31:*.cab=01;31:*.wim=01;31:*.swm=01;31:*.dwm=01;31:*.esd=01;31:*.jpg=01;35:*.jpeg=01;35:*.mjpg=01;35:*.mjpeg=01;35:*.gif=01;35:*.bmp=01;35:*.pbm=01;35:*.pgm=01;35:*.ppm=01;35:*.tga=01;35:*.xbm=01;35:*.xpm=01;35:*.tif=01;35:*.tiff=01;35:*.png=01;35:*.svg=01;35:*.svgz=01;35:*.mng=01;35:*.pcx=01;35:*.mov=01;35:*.mpg=01;35:*.mpeg=01;35:*.m2v=01;35:*.mkv=01;35:*.webm=01;35:*.webp=01;35:*.ogm=01;35:*.mp4=01;35:*.m4v=01;35:*.mp4v=01;35:*.vob=01;35:*.qt=01;35:*.nuv=01;35:*.wmv=01;35:*.asf=01;35:*.rm=01;35:*.rmvb=01;35:*.flc=01;35:*.avi=01;35:*.fli=01;35:*.flv=01;35:*.gl=01;35:*.dl=01;35:*.xcf=01;35:*.xwd=01;35:*.yuv=01;35:*.cgm=01;35:*.emf=01;35:*.ogv=01;35:*.ogx=01;35:*.aac=00;36:*.au=00;36:*.flac=00;36:*.m4a=00;36:*.mid=00;36:*.midi=00;36:*.mka=00;36:*.mp3=00;36:*.mpc=00;36:*.ogg=00;36:*.ra=00;36:*.wav=00;36:*.oga=00;36:*.opus=00;36:*.spx=00;36:*.xspf=00;36:'), ('GNOME_TERMINAL_SERVICE', ':1.330'), ('SSH_AGENT_LAUNCHER', 'gnome-keyring'), ('SSH_AUTH_SOCK', '/run/user/1000/keyring/ssh'), ('AMENT_PREFIX_PATH', '/home/starry1n/WUTA/WUTA-FSD/ros2_ws/install/wuta_msgs:/opt/ros/humble'), ('SHELL', '/bin/bash'), ('QT_ACCESSIBILITY', '1'), ('GDMSESSION', 'ubuntu'), ('LESSCLOSE', '/usr/bin/lesspipe %s %s'), ('QT_IM_MODULE', 'ibus'), ('PWD', '/home/starry1n/WUTA/WUTA-FSD/ros2_ws/build/wuta_tools'), ('XDG_CONFIG_DIRS', '/etc/xdg/xdg-ubuntu:/etc/xdg'), ('DBUS_STARTER_ADDRESS', 'unix:path=/run/user/1000/bus,guid=c67e2489f73595b365ff0ae46a50c8ee'), ('XDG_DATA_DIRS', '/usr/share/ubuntu:/usr/local/share/:/usr/share/:/var/lib/snapd/desktop'), ('PYTHONPATH', '/home/starry1n/WUTA/WUTA-FSD/ros2_ws/install/wuta_msgs/local/lib/python3.10/dist-packages:/opt/ros/humble/lib/python3.10/site-packages:/opt/ros/humble/local/lib/python3.10/dist-packages'), ('COLCON', '1'), ('VTE_VERSION', '6800'), ('CMAKE_PREFIX_PATH', '/home/starry1n/WUTA/WUTA-FSD/ros2_ws/install/wuta_msgs:/opt/ros/humble')]), 'shell': False}
[0.850531] (ndt_localization) StdoutLine: {'line': b'[ 50%] Built target map_saver_node\n'}
[0.851046] (ndt_localization) StdoutLine: {'line': b'[100%] Built target ndt_localization_node\n'}
[0.852333] (localization_manager) StdoutLine: {'line': b'-- Install configuration: ""\n'}
[0.852707] (localization_manager) StdoutLine: {'line': b'-- Execute custom install script\n'}
[0.852755] (localization_manager) StdoutLine: {'line': b'-- Up-to-date symlink: /home/starry1n/WUTA/WUTA-FSD/ros2_ws/install/localization_manager/lib/localization_manager/localization_manager_node\n'}
[0.852799] (localization_manager) StdoutLine: {'line': b'-- Up-to-date symlink: /home/starry1n/WUTA/WUTA-FSD/ros2_ws/install/localization_manager/share/localization_manager/config/ekf.yaml\n'}
[0.852842] (localization_manager) StdoutLine: {'line': b'-- Up-to-date symlink: /home/starry1n/WUTA/WUTA-FSD/ros2_ws/install/localization_manager/share/localization_manager/launch/localization.launch.py\n'}
[0.852882] (localization_manager) StdoutLine: {'line': b'-- Up-to-date symlink: /home/starry1n/WUTA/WUTA-FSD/ros2_ws/install/localization_manager/share/ament_index/resource_index/package_run_dependencies/localization_manager\n'}
[0.852931] (localization_manager) StdoutLine: {'line': b'-- Up-to-date symlink: /home/starry1n/WUTA/WUTA-FSD/ros2_ws/install/localization_manager/share/ament_index/resource_index/parent_prefix_path/localization_manager\n'}
[0.852970] (localization_manager) StdoutLine: {'line': b'-- Up-to-date symlink: /home/starry1n/WUTA/WUTA-FSD/ros2_ws/install/localization_manager/share/localization_manager/environment/ament_prefix_path.sh\n'}
[0.853043] (localization_manager) StdoutLine: {'line': b'-- Up-to-date symlink: /home/starry1n/WUTA/WUTA-FSD/ros2_ws/install/localization_manager/share/localization_manager/environment/ament_prefix_path.dsv\n'}
[0.853094] (localization_manager) StdoutLine: {'line': b'-- Up-to-date symlink: /home/starry1n/WUTA/WUTA-FSD/ros2_ws/install/localization_manager/share/localization_manager/environment/path.sh\n'}
[0.853136] (localization_manager) StdoutLine: {'line': b'-- Up-to-date symlink: /home/starry1n/WUTA/WUTA-FSD/ros2_ws/install/localization_manager/share/localization_manager/environment/path.dsv\n'}
[0.853187] (localization_manager) StdoutLine: {'line': b'-- Up-to-date symlink: /home/starry1n/WUTA/WUTA-FSD/ros2_ws/install/localization_manager/share/localization_manager/local_setup.bash\n'}
[0.853226] (localization_manager) StdoutLine: {'line': b'-- Up-to-date symlink: /home/starry1n/WUTA/WUTA-FSD/ros2_ws/install/localization_manager/share/localization_manager/local_setup.sh\n'}
[0.853265] (localization_manager) StdoutLine: {'line': b'-- Up-to-date symlink: /home/starry1n/WUTA/WUTA-FSD/ros2_ws/install/localization_manager/share/localization_manager/local_setup.zsh\n'}
[0.853304] (localization_manager) StdoutLine: {'line': b'-- Up-to-date symlink: /home/starry1n/WUTA/WUTA-FSD/ros2_ws/install/localization_manager/share/localization_manager/local_setup.dsv\n'}
[0.853341] (localization_manager) StdoutLine: {'line': b'-- Symlinking: /home/starry1n/WUTA/WUTA-FSD/ros2_ws/install/localization_manager/share/localization_manager/package.dsv\n'}
[0.860808] (localization_manager) StdoutLine: {'line': b'-- Up-to-date symlink: /home/starry1n/WUTA/WUTA-FSD/ros2_ws/install/localization_manager/share/ament_index/resource_index/packages/localization_manager\n'}
[0.861782] (localization_manager) StdoutLine: {'line': b'-- Up-to-date symlink: /home/starry1n/WUTA/WUTA-FSD/ros2_ws/install/localization_manager/share/localization_manager/cmake/localization_managerConfig.cmake\n'}
[0.862556] (localization_manager) StdoutLine: {'line': b'-- Up-to-date symlink: /home/starry1n/WUTA/WUTA-FSD/ros2_ws/install/localization_manager/share/localization_manager/cmake/localization_managerConfig-version.cmake\n'}
[0.863251] (localization_manager) StdoutLine: {'line': b'-- Up-to-date symlink: /home/starry1n/WUTA/WUTA-FSD/ros2_ws/install/localization_manager/share/localization_manager/package.xml\n'}
[0.863558] (ndt_localization) CommandEnded: {'returncode': 0}
[0.865186] (path_generator) StdoutLine: {'line': b'[100%] Built target path_generator_node\n'}
[0.866901] (ndt_localization) JobProgress: {'identifier': 'ndt_localization', 'progress': 'install'}
[0.867916] (ndt_localization) Command: {'cmd': ['/usr/bin/cmake', '--install', '/home/starry1n/WUTA/WUTA-FSD/ros2_ws/build/ndt_localization'], 'cwd': '/home/starry1n/WUTA/WUTA-FSD/ros2_ws/build/ndt_localization', 'env': OrderedDict([('LESSOPEN', '| /usr/bin/lesspipe %s'), ('LANGUAGE', 'zh_CN:zh'), ('USER', 'starry1n'), ('XDG_SESSION_TYPE', 'wayland'), ('SHLVL', '3'), ('LD_LIBRARY_PATH', '/home/starry1n/WUTA/WUTA-FSD/ros2_ws/install/wuta_msgs/lib:/opt/ros/humble/opt/rviz_ogre_vendor/lib:/opt/ros/humble/lib/x86_64-linux-gnu:/opt/ros/humble/lib'), ('HOME', '/home/starry1n'), ('OLDPWD', '/home/starry1n/WUTA/WUTA-FSD'), ('DESKTOP_SESSION', 'ubuntu'), ('ROS_PYTHON_VERSION', '3'), ('GNOME_SHELL_SESSION_MODE', 'ubuntu'), ('GTK_MODULES', 'gail:atk-bridge'), ('DBUS_STARTER_BUS_TYPE', 'session'), ('SYSTEMD_EXEC_PID', '2321'), ('DBUS_SESSION_BUS_ADDRESS', 'unix:path=/run/user/1000/bus,guid=c67e2489f73595b365ff0ae46a50c8ee'), ('COLORTERM', 'truecolor'), ('IM_CONFIG_PHASE', '1'), ('WAYLAND_DISPLAY', 'wayland-0'), ('ROS_DISTRO', 'humble'), ('LOGNAME', 'starry1n'), ('_', '/usr/bin/colcon'), ('ROS_VERSION', '2'), ('XDG_SESSION_CLASS', 'user'), ('USERNAME', 'starry1n'), ('TERM', 'xterm-256color'), ('GNOME_DESKTOP_SESSION_ID', 'this-is-deprecated'), ('ROS_LOCALHOST_ONLY', '0'), ('PATH', '/home/starry1n/.local/bin:/opt/ros/humble/bin:/home/starry1n/.local/bin:/usr/local/sbin:/usr/local/bin:/usr/sbin:/usr/bin:/sbin:/bin:/usr/games:/usr/local/games:/snap/bin:/snap/bin'), ('SESSION_MANAGER', 'local/starry1n-virtual-machine:@/tmp/.ICE-unix/2321,unix/starry1n-virtual-machine:/tmp/.ICE-unix/2321'), ('XDG_MENU_PREFIX', 'gnome-'), ('GNOME_TERMINAL_SCREEN', '/org/gnome/Terminal/screen/1f3eb7e9_2641_49ca_8c99_b72e9fb24486'), ('GNOME_SETUP_DISPLAY', ':1'), ('XDG_RUNTIME_DIR', '/run/user/1000'), ('DISPLAY', ':0'), ('LANG', 'zh_CN.UTF-8'), ('XDG_CURRENT_DESKTOP', 'ubuntu:GNOME'), ('XMODIFIERS', '@im=ibus'), ('XDG_SESSION_DESKTOP', 'ubuntu'), ('XAUTHORITY', '/run/user/1000/.mutter-Xwaylandauth.H6FRS3'), ('LS_COLORS', 'rs=0:di=01;34:ln=01;36:mh=00:pi=40;33:so=01;35:do=01;35:bd=40;33;01:cd=40;33;01:or=40;31;01:mi=00:su=37;41:sg=30;43:ca=30;41:tw=30;42:ow=34;42:st=37;44:ex=01;32:*.tar=01;31:*.tgz=01;31:*.arc=01;31:*.arj=01;31:*.taz=01;31:*.lha=01;31:*.lz4=01;31:*.lzh=01;31:*.lzma=01;31:*.tlz=01;31:*.txz=01;31:*.tzo=01;31:*.t7z=01;31:*.zip=01;31:*.z=01;31:*.dz=01;31:*.gz=01;31:*.lrz=01;31:*.lz=01;31:*.lzo=01;31:*.xz=01;31:*.zst=01;31:*.tzst=01;31:*.bz2=01;31:*.bz=01;31:*.tbz=01;31:*.tbz2=01;31:*.tz=01;31:*.deb=01;31:*.rpm=01;31:*.jar=01;31:*.war=01;31:*.ear=01;31:*.sar=01;31:*.rar=01;31:*.alz=01;31:*.ace=01;31:*.zoo=01;31:*.cpio=01;31:*.7z=01;31:*.rz=01;31:*.cab=01;31:*.wim=01;31:*.swm=01;31:*.dwm=01;31:*.esd=01;31:*.jpg=01;35:*.jpeg=01;35:*.mjpg=01;35:*.mjpeg=01;35:*.gif=01;35:*.bmp=01;35:*.pbm=01;35:*.pgm=01;35:*.ppm=01;35:*.tga=01;35:*.xbm=01;35:*.xpm=01;35:*.tif=01;35:*.tiff=01;35:*.png=01;35:*.svg=01;35:*.svgz=01;35:*.mng=01;35:*.pcx=01;35:*.mov=01;35:*.mpg=01;35:*.mpeg=01;35:*.m2v=01;35:*.mkv=01;35:*.webm=01;35:*.webp=01;35:*.ogm=01;35:*.mp4=01;35:*.m4v=01;35:*.mp4v=01;35:*.vob=01;35:*.qt=01;35:*.nuv=01;35:*.wmv=01;35:*.asf=01;35:*.rm=01;35:*.rmvb=01;35:*.flc=01;35:*.avi=01;35:*.fli=01;35:*.flv=01;35:*.gl=01;35:*.dl=01;35:*.xcf=01;35:*.xwd=01;35:*.yuv=01;35:*.cgm=01;35:*.emf=01;35:*.ogv=01;35:*.ogx=01;35:*.aac=00;36:*.au=00;36:*.flac=00;36:*.m4a=00;36:*.mid=00;36:*.midi=00;36:*.mka=00;36:*.mp3=00;36:*.mpc=00;36:*.ogg=00;36:*.ra=00;36:*.wav=00;36:*.oga=00;36:*.opus=00;36:*.spx=00;36:*.xspf=00;36:'), ('GNOME_TERMINAL_SERVICE', ':1.330'), ('SSH_AGENT_LAUNCHER', 'gnome-keyring'), ('SSH_AUTH_SOCK', '/run/user/1000/keyring/ssh'), ('AMENT_PREFIX_PATH', '/home/starry1n/WUTA/WUTA-FSD/ros2_ws/install/wuta_msgs:/opt/ros/humble'), ('SHELL', '/bin/bash'), ('QT_ACCESSIBILITY', '1'), ('GDMSESSION', 'ubuntu'), ('LESSCLOSE', '/usr/bin/lesspipe %s %s'), ('QT_IM_MODULE', 'ibus'), ('PWD', '/home/starry1n/WUTA/WUTA-FSD/ros2_ws/build/ndt_localization'), ('XDG_CONFIG_DIRS', '/etc/xdg/xdg-ubuntu:/etc/xdg'), ('DBUS_STARTER_ADDRESS', 'unix:path=/run/user/1000/bus,guid=c67e2489f73595b365ff0ae46a50c8ee'), ('XDG_DATA_DIRS', '/usr/share/ubuntu:/usr/local/share/:/usr/share/:/var/lib/snapd/desktop'), ('PYTHONPATH', '/home/starry1n/WUTA/WUTA-FSD/ros2_ws/install/wuta_msgs/local/lib/python3.10/dist-packages:/opt/ros/humble/lib/python3.10/site-packages:/opt/ros/humble/local/lib/python3.10/dist-packages'), ('COLCON', '1'), ('VTE_VERSION', '6800'), ('CMAKE_PREFIX_PATH', '/home/starry1n/WUTA/WUTA-FSD/ros2_ws/install/wuta_msgs:/opt/ros/humble')]), 'shell': False}
[0.869955] (localization_manager) CommandEnded: {'returncode': 0}
[0.873396] (ndt_localization) StdoutLine: {'line': b'-- Install configuration: ""\n'}
[0.873721] (ndt_localization) StdoutLine: {'line': b'-- Execute custom install script\n'}
[0.875570] (ndt_localization) StdoutLine: {'line': b'-- Up-to-date symlink: /home/starry1n/WUTA/WUTA-FSD/ros2_ws/install/ndt_localization/lib/ndt_localization/ndt_localization_node\n'}
[0.875769] (ndt_localization) StdoutLine: {'line': b'-- Up-to-date symlink: /home/starry1n/WUTA/WUTA-FSD/ros2_ws/install/ndt_localization/lib/ndt_localization/map_saver_node\n'}
[0.876453] (ndt_localization) StdoutLine: {'line': b'-- Up-to-date symlink: /home/starry1n/WUTA/WUTA-FSD/ros2_ws/install/ndt_localization/share/ndt_localization/ndt_localization.yaml\n'}
[0.876649] (ndt_localization) StdoutLine: {'line': b'-- Up-to-date symlink: /home/starry1n/WUTA/WUTA-FSD/ros2_ws/install/ndt_localization/share/ament_index/resource_index/package_run_dependencies/ndt_localization\n'}
[0.876710] (ndt_localization) StdoutLine: {'line': b'-- Up-to-date symlink: /home/starry1n/WUTA/WUTA-FSD/ros2_ws/install/ndt_localization/share/ament_index/resource_index/parent_prefix_path/ndt_localization\n'}
[0.876759] (ndt_localization) StdoutLine: {'line': b'-- Up-to-date symlink: /home/starry1n/WUTA/WUTA-FSD/ros2_ws/install/ndt_localization/share/ndt_localization/environment/ament_prefix_path.sh\n'}
[0.876817] (ndt_localization) StdoutLine: {'line': b'-- Up-to-date symlink: /home/starry1n/WUTA/WUTA-FSD/ros2_ws/install/ndt_localization/share/ndt_localization/environment/ament_prefix_path.dsv\n'}
[0.877259] (ndt_localization) StdoutLine: {'line': b'-- Up-to-date symlink: /home/starry1n/WUTA/WUTA-FSD/ros2_ws/install/ndt_localization/share/ndt_localization/environment/path.sh\n'}
[0.877438] (ndt_localization) StdoutLine: {'line': b'-- Up-to-date symlink: /home/starry1n/WUTA/WUTA-FSD/ros2_ws/install/ndt_localization/share/ndt_localization/environment/path.dsv\n'}
[0.877505] (ndt_localization) StdoutLine: {'line': b'-- Up-to-date symlink: /home/starry1n/WUTA/WUTA-FSD/ros2_ws/install/ndt_localization/share/ndt_localization/local_setup.bash\n'}
[0.877540] (ndt_localization) StdoutLine: {'line': b'-- Up-to-date symlink: /home/starry1n/WUTA/WUTA-FSD/ros2_ws/install/ndt_localization/share/ndt_localization/local_setup.sh\n'}
[0.877570] (ndt_localization) StdoutLine: {'line': b'-- Up-to-date symlink: /home/starry1n/WUTA/WUTA-FSD/ros2_ws/install/ndt_localization/share/ndt_localization/local_setup.zsh\n'}
[0.877596] (ndt_localization) StdoutLine: {'line': b'-- Up-to-date symlink: /home/starry1n/WUTA/WUTA-FSD/ros2_ws/install/ndt_localization/share/ndt_localization/local_setup.dsv\n'}
[0.877619] (ndt_localization) StdoutLine: {'line': b'-- Symlinking: /home/starry1n/WUTA/WUTA-FSD/ros2_ws/install/ndt_localization/share/ndt_localization/package.dsv\n'}
[0.883602] (ndt_localization) StdoutLine: {'line': b'-- Up-to-date symlink: /home/starry1n/WUTA/WUTA-FSD/ros2_ws/install/ndt_localization/share/ament_index/resource_index/packages/ndt_localization\n'}
[0.883907] (ndt_localization) StdoutLine: {'line': b'-- Up-to-date symlink: /home/starry1n/WUTA/WUTA-FSD/ros2_ws/install/ndt_localization/share/ndt_localization/cmake/ndt_localizationConfig.cmake\n'}
[0.884537] (ndt_localization) StdoutLine: {'line': b'-- Up-to-date symlink: /home/starry1n/WUTA/WUTA-FSD/ros2_ws/install/ndt_localization/share/ndt_localization/cmake/ndt_localizationConfig-version.cmake\n'}
[0.884730] (ndt_localization) StdoutLine: {'line': b'-- Up-to-date symlink: /home/starry1n/WUTA/WUTA-FSD/ros2_ws/install/ndt_localization/share/ndt_localization/package.xml\n'}
[0.886744] (localization_manager) JobEnded: {'identifier': 'localization_manager', 'rc': 0}
[0.888128] (path_generator) CommandEnded: {'returncode': 0}
[0.888933] (path_generator) JobProgress: {'identifier': 'path_generator', 'progress': 'install'}
[0.889584] (path_generator) Command: {'cmd': ['/usr/bin/cmake', '--install', '/home/starry1n/WUTA/WUTA-FSD/ros2_ws/build/path_generator'], 'cwd': '/home/starry1n/WUTA/WUTA-FSD/ros2_ws/build/path_generator', 'env': OrderedDict([('LESSOPEN', '| /usr/bin/lesspipe %s'), ('LANGUAGE', 'zh_CN:zh'), ('USER', 'starry1n'), ('XDG_SESSION_TYPE', 'wayland'), ('SHLVL', '3'), ('LD_LIBRARY_PATH', '/home/starry1n/WUTA/WUTA-FSD/ros2_ws/install/wuta_msgs/lib:/home/starry1n/WUTA/WUTA-FSD/ros2_ws/install/autoware_msgs/lib:/opt/ros/humble/opt/rviz_ogre_vendor/lib:/opt/ros/humble/lib/x86_64-linux-gnu:/opt/ros/humble/lib'), ('HOME', '/home/starry1n'), ('OLDPWD', '/home/starry1n/WUTA/WUTA-FSD'), ('DESKTOP_SESSION', 'ubuntu'), ('ROS_PYTHON_VERSION', '3'), ('GNOME_SHELL_SESSION_MODE', 'ubuntu'), ('GTK_MODULES', 'gail:atk-bridge'), ('DBUS_STARTER_BUS_TYPE', 'session'), ('SYSTEMD_EXEC_PID', '2321'), ('DBUS_SESSION_BUS_ADDRESS', 'unix:path=/run/user/1000/bus,guid=c67e2489f73595b365ff0ae46a50c8ee'), ('COLORTERM', 'truecolor'), ('IM_CONFIG_PHASE', '1'), ('WAYLAND_DISPLAY', 'wayland-0'), ('ROS_DISTRO', 'humble'), ('LOGNAME', 'starry1n'), ('_', '/usr/bin/colcon'), ('ROS_VERSION', '2'), ('XDG_SESSION_CLASS', 'user'), ('USERNAME', 'starry1n'), ('TERM', 'xterm-256color'), ('GNOME_DESKTOP_SESSION_ID', 'this-is-deprecated'), ('ROS_LOCALHOST_ONLY', '0'), ('PATH', '/home/starry1n/.local/bin:/opt/ros/humble/bin:/home/starry1n/.local/bin:/usr/local/sbin:/usr/local/bin:/usr/sbin:/usr/bin:/sbin:/bin:/usr/games:/usr/local/games:/snap/bin:/snap/bin'), ('SESSION_MANAGER', 'local/starry1n-virtual-machine:@/tmp/.ICE-unix/2321,unix/starry1n-virtual-machine:/tmp/.ICE-unix/2321'), ('XDG_MENU_PREFIX', 'gnome-'), ('GNOME_TERMINAL_SCREEN', '/org/gnome/Terminal/screen/1f3eb7e9_2641_49ca_8c99_b72e9fb24486'), ('GNOME_SETUP_DISPLAY', ':1'), ('XDG_RUNTIME_DIR', '/run/user/1000'), ('DISPLAY', ':0'), ('LANG', 'zh_CN.UTF-8'), ('XDG_CURRENT_DESKTOP', 'ubuntu:GNOME'), ('XMODIFIERS', '@im=ibus'), ('XDG_SESSION_DESKTOP', 'ubuntu'), ('XAUTHORITY', '/run/user/1000/.mutter-Xwaylandauth.H6FRS3'), ('LS_COLORS', 'rs=0:di=01;34:ln=01;36:mh=00:pi=40;33:so=01;35:do=01;35:bd=40;33;01:cd=40;33;01:or=40;31;01:mi=00:su=37;41:sg=30;43:ca=30;41:tw=30;42:ow=34;42:st=37;44:ex=01;32:*.tar=01;31:*.tgz=01;31:*.arc=01;31:*.arj=01;31:*.taz=01;31:*.lha=01;31:*.lz4=01;31:*.lzh=01;31:*.lzma=01;31:*.tlz=01;31:*.txz=01;31:*.tzo=01;31:*.t7z=01;31:*.zip=01;31:*.z=01;31:*.dz=01;31:*.gz=01;31:*.lrz=01;31:*.lz=01;31:*.lzo=01;31:*.xz=01;31:*.zst=01;31:*.tzst=01;31:*.bz2=01;31:*.bz=01;31:*.tbz=01;31:*.tbz2=01;31:*.tz=01;31:*.deb=01;31:*.rpm=01;31:*.jar=01;31:*.war=01;31:*.ear=01;31:*.sar=01;31:*.rar=01;31:*.alz=01;31:*.ace=01;31:*.zoo=01;31:*.cpio=01;31:*.7z=01;31:*.rz=01;31:*.cab=01;31:*.wim=01;31:*.swm=01;31:*.dwm=01;31:*.esd=01;31:*.jpg=01;35:*.jpeg=01;35:*.mjpg=01;35:*.mjpeg=01;35:*.gif=01;35:*.bmp=01;35:*.pbm=01;35:*.pgm=01;35:*.ppm=01;35:*.tga=01;35:*.xbm=01;35:*.xpm=01;35:*.tif=01;35:*.tiff=01;35:*.png=01;35:*.svg=01;35:*.svgz=01;35:*.mng=01;35:*.pcx=01;35:*.mov=01;35:*.mpg=01;35:*.mpeg=01;35:*.m2v=01;35:*.mkv=01;35:*.webm=01;35:*.webp=01;35:*.ogm=01;35:*.mp4=01;35:*.m4v=01;35:*.mp4v=01;35:*.vob=01;35:*.qt=01;35:*.nuv=01;35:*.wmv=01;35:*.asf=01;35:*.rm=01;35:*.rmvb=01;35:*.flc=01;35:*.avi=01;35:*.fli=01;35:*.flv=01;35:*.gl=01;35:*.dl=01;35:*.xcf=01;35:*.xwd=01;35:*.yuv=01;35:*.cgm=01;35:*.emf=01;35:*.ogv=01;35:*.ogx=01;35:*.aac=00;36:*.au=00;36:*.flac=00;36:*.m4a=00;36:*.mid=00;36:*.midi=00;36:*.mka=00;36:*.mp3=00;36:*.mpc=00;36:*.ogg=00;36:*.ra=00;36:*.wav=00;36:*.oga=00;36:*.opus=00;36:*.spx=00;36:*.xspf=00;36:'), ('GNOME_TERMINAL_SERVICE', ':1.330'), ('SSH_AGENT_LAUNCHER', 'gnome-keyring'), ('SSH_AUTH_SOCK', '/run/user/1000/keyring/ssh'), ('AMENT_PREFIX_PATH', '/home/starry1n/WUTA/WUTA-FSD/ros2_ws/install/wuta_msgs:/home/starry1n/WUTA/WUTA-FSD/ros2_ws/install/autoware_msgs:/opt/ros/humble'), ('SHELL', '/bin/bash'), ('QT_ACCESSIBILITY', '1'), ('GDMSESSION', 'ubuntu'), ('LESSCLOSE', '/usr/bin/lesspipe %s %s'), ('QT_IM_MODULE', 'ibus'), ('PWD', '/home/starry1n/WUTA/WUTA-FSD/ros2_ws/build/path_generator'), ('XDG_CONFIG_DIRS', '/etc/xdg/xdg-ubuntu:/etc/xdg'), ('DBUS_STARTER_ADDRESS', 'unix:path=/run/user/1000/bus,guid=c67e2489f73595b365ff0ae46a50c8ee'), ('XDG_DATA_DIRS', '/usr/share/ubuntu:/usr/local/share/:/usr/share/:/var/lib/snapd/desktop'), ('PYTHONPATH', '/home/starry1n/WUTA/WUTA-FSD/ros2_ws/install/wuta_msgs/local/lib/python3.10/dist-packages:/home/starry1n/WUTA/WUTA-FSD/ros2_ws/install/autoware_msgs/local/lib/python3.10/dist-packages:/opt/ros/humble/lib/python3.10/site-packages:/opt/ros/humble/local/lib/python3.10/dist-packages'), ('COLCON', '1'), ('VTE_VERSION', '6800'), ('CMAKE_PREFIX_PATH', '/home/starry1n/WUTA/WUTA-FSD/ros2_ws/install/wuta_msgs:/home/starry1n/WUTA/WUTA-FSD/ros2_ws/install/autoware_msgs:/opt/ros/humble')]), 'shell': False}
[0.890343] (ndt_localization) CommandEnded: {'returncode': 0}
[0.902085] (ndt_localization) JobEnded: {'identifier': 'ndt_localization', 'rc': 0}
[0.902931] (wuta_tools) CommandEnded: {'returncode': 0}
[0.903172] (path_generator) StdoutLine: {'line': b'-- Install configuration: ""\n'}
[0.903236] (path_generator) StdoutLine: {'line': b'-- Execute custom install script\n'}
[0.903283] (path_generator) StdoutLine: {'line': b'-- Up-to-date symlink: /home/starry1n/WUTA/WUTA-FSD/ros2_ws/install/path_generator/lib/path_generator/path_generator_node\n'}
[0.903536] (path_generator) StdoutLine: {'line': b'-- Up-to-date symlink: /home/starry1n/WUTA/WUTA-FSD/ros2_ws/install/path_generator/share/path_generator/config/path_generator.yaml\n'}
[0.903617] (path_generator) StdoutLine: {'line': b'-- Up-to-date symlink: /home/starry1n/WUTA/WUTA-FSD/ros2_ws/install/path_generator/share/ament_index/resource_index/package_run_dependencies/path_generator\n'}
[0.903658] (path_generator) StdoutLine: {'line': b'-- Up-to-date symlink: /home/starry1n/WUTA/WUTA-FSD/ros2_ws/install/path_generator/share/ament_index/resource_index/parent_prefix_path/path_generator\n'}
[0.903705] (path_generator) StdoutLine: {'line': b'-- Up-to-date symlink: /home/starry1n/WUTA/WUTA-FSD/ros2_ws/install/path_generator/share/path_generator/environment/ament_prefix_path.sh\n'}
[0.904657] (path_generator) StdoutLine: {'line': b'-- Up-to-date symlink: /home/starry1n/WUTA/WUTA-FSD/ros2_ws/install/path_generator/share/path_generator/environment/ament_prefix_path.dsv\n'}
[0.904708] (path_generator) StdoutLine: {'line': b'-- Up-to-date symlink: /home/starry1n/WUTA/WUTA-FSD/ros2_ws/install/path_generator/share/path_generator/environment/path.sh\n'}
[0.904887] (path_generator) StdoutLine: {'line': b'-- Up-to-date symlink: /home/starry1n/WUTA/WUTA-FSD/ros2_ws/install/path_generator/share/path_generator/environment/path.dsv\n'}
[0.905025] (path_generator) StdoutLine: {'line': b'-- Up-to-date symlink: /home/starry1n/WUTA/WUTA-FSD/ros2_ws/install/path_generator/share/path_generator/local_setup.bash\n'}
[0.905114] (path_generator) StdoutLine: {'line': b'-- Up-to-date symlink: /home/starry1n/WUTA/WUTA-FSD/ros2_ws/install/path_generator/share/path_generator/local_setup.sh\n'}
[0.905249] (path_generator) StdoutLine: {'line': b'-- Up-to-date symlink: /home/starry1n/WUTA/WUTA-FSD/ros2_ws/install/path_generator/share/path_generator/local_setup.zsh\n'}
[0.905451] (path_generator) StdoutLine: {'line': b'-- Up-to-date symlink: /home/starry1n/WUTA/WUTA-FSD/ros2_ws/install/path_generator/share/path_generator/local_setup.dsv\n'}
[0.905500] (path_generator) StdoutLine: {'line': b'-- Symlinking: /home/starry1n/WUTA/WUTA-FSD/ros2_ws/install/path_generator/share/path_generator/package.dsv\n'}
[0.905537] (wuta_tools) JobProgress: {'identifier': 'wuta_tools', 'progress': 'install'}
[0.905549] (wuta_tools) Command: {'cmd': ['/usr/bin/cmake', '--install', '/home/starry1n/WUTA/WUTA-FSD/ros2_ws/build/wuta_tools'], 'cwd': '/home/starry1n/WUTA/WUTA-FSD/ros2_ws/build/wuta_tools', 'env': OrderedDict([('LESSOPEN', '| /usr/bin/lesspipe %s'), ('LANGUAGE', 'zh_CN:zh'), ('USER', 'starry1n'), ('XDG_SESSION_TYPE', 'wayland'), ('SHLVL', '3'), ('LD_LIBRARY_PATH', '/home/starry1n/WUTA/WUTA-FSD/ros2_ws/install/wuta_msgs/lib:/opt/ros/humble/opt/rviz_ogre_vendor/lib:/opt/ros/humble/lib/x86_64-linux-gnu:/opt/ros/humble/lib'), ('HOME', '/home/starry1n'), ('OLDPWD', '/home/starry1n/WUTA/WUTA-FSD'), ('DESKTOP_SESSION', 'ubuntu'), ('ROS_PYTHON_VERSION', '3'), ('GNOME_SHELL_SESSION_MODE', 'ubuntu'), ('GTK_MODULES', 'gail:atk-bridge'), ('DBUS_STARTER_BUS_TYPE', 'session'), ('SYSTEMD_EXEC_PID', '2321'), ('DBUS_SESSION_BUS_ADDRESS', 'unix:path=/run/user/1000/bus,guid=c67e2489f73595b365ff0ae46a50c8ee'), ('COLORTERM', 'truecolor'), ('IM_CONFIG_PHASE', '1'), ('WAYLAND_DISPLAY', 'wayland-0'), ('ROS_DISTRO', 'humble'), ('LOGNAME', 'starry1n'), ('_', '/usr/bin/colcon'), ('ROS_VERSION', '2'), ('XDG_SESSION_CLASS', 'user'), ('USERNAME', 'starry1n'), ('TERM', 'xterm-256color'), ('GNOME_DESKTOP_SESSION_ID', 'this-is-deprecated'), ('ROS_LOCALHOST_ONLY', '0'), ('PATH', '/home/starry1n/.local/bin:/opt/ros/humble/bin:/home/starry1n/.local/bin:/usr/local/sbin:/usr/local/bin:/usr/sbin:/usr/bin:/sbin:/bin:/usr/games:/usr/local/games:/snap/bin:/snap/bin'), ('SESSION_MANAGER', 'local/starry1n-virtual-machine:@/tmp/.ICE-unix/2321,unix/starry1n-virtual-machine:/tmp/.ICE-unix/2321'), ('XDG_MENU_PREFIX', 'gnome-'), ('GNOME_TERMINAL_SCREEN', '/org/gnome/Terminal/screen/1f3eb7e9_2641_49ca_8c99_b72e9fb24486'), ('GNOME_SETUP_DISPLAY', ':1'), ('XDG_RUNTIME_DIR', '/run/user/1000'), ('DISPLAY', ':0'), ('LANG', 'zh_CN.UTF-8'), ('XDG_CURRENT_DESKTOP', 'ubuntu:GNOME'), ('XMODIFIERS', '@im=ibus'), ('XDG_SESSION_DESKTOP', 'ubuntu'), ('XAUTHORITY', '/run/user/1000/.mutter-Xwaylandauth.H6FRS3'), ('LS_COLORS', 'rs=0:di=01;34:ln=01;36:mh=00:pi=40;33:so=01;35:do=01;35:bd=40;33;01:cd=40;33;01:or=40;31;01:mi=00:su=37;41:sg=30;43:ca=30;41:tw=30;42:ow=34;42:st=37;44:ex=01;32:*.tar=01;31:*.tgz=01;31:*.arc=01;31:*.arj=01;31:*.taz=01;31:*.lha=01;31:*.lz4=01;31:*.lzh=01;31:*.lzma=01;31:*.tlz=01;31:*.txz=01;31:*.tzo=01;31:*.t7z=01;31:*.zip=01;31:*.z=01;31:*.dz=01;31:*.gz=01;31:*.lrz=01;31:*.lz=01;31:*.lzo=01;31:*.xz=01;31:*.zst=01;31:*.tzst=01;31:*.bz2=01;31:*.bz=01;31:*.tbz=01;31:*.tbz2=01;31:*.tz=01;31:*.deb=01;31:*.rpm=01;31:*.jar=01;31:*.war=01;31:*.ear=01;31:*.sar=01;31:*.rar=01;31:*.alz=01;31:*.ace=01;31:*.zoo=01;31:*.cpio=01;31:*.7z=01;31:*.rz=01;31:*.cab=01;31:*.wim=01;31:*.swm=01;31:*.dwm=01;31:*.esd=01;31:*.jpg=01;35:*.jpeg=01;35:*.mjpg=01;35:*.mjpeg=01;35:*.gif=01;35:*.bmp=01;35:*.pbm=01;35:*.pgm=01;35:*.ppm=01;35:*.tga=01;35:*.xbm=01;35:*.xpm=01;35:*.tif=01;35:*.tiff=01;35:*.png=01;35:*.svg=01;35:*.svgz=01;35:*.mng=01;35:*.pcx=01;35:*.mov=01;35:*.mpg=01;35:*.mpeg=01;35:*.m2v=01;35:*.mkv=01;35:*.webm=01;35:*.webp=01;35:*.ogm=01;35:*.mp4=01;35:*.m4v=01;35:*.mp4v=01;35:*.vob=01;35:*.qt=01;35:*.nuv=01;35:*.wmv=01;35:*.asf=01;35:*.rm=01;35:*.rmvb=01;35:*.flc=01;35:*.avi=01;35:*.fli=01;35:*.flv=01;35:*.gl=01;35:*.dl=01;35:*.xcf=01;35:*.xwd=01;35:*.yuv=01;35:*.cgm=01;35:*.emf=01;35:*.ogv=01;35:*.ogx=01;35:*.aac=00;36:*.au=00;36:*.flac=00;36:*.m4a=00;36:*.mid=00;36:*.midi=00;36:*.mka=00;36:*.mp3=00;36:*.mpc=00;36:*.ogg=00;36:*.ra=00;36:*.wav=00;36:*.oga=00;36:*.opus=00;36:*.spx=00;36:*.xspf=00;36:'), ('GNOME_TERMINAL_SERVICE', ':1.330'), ('SSH_AGENT_LAUNCHER', 'gnome-keyring'), ('SSH_AUTH_SOCK', '/run/user/1000/keyring/ssh'), ('AMENT_PREFIX_PATH', '/home/starry1n/WUTA/WUTA-FSD/ros2_ws/install/wuta_msgs:/opt/ros/humble'), ('SHELL', '/bin/bash'), ('QT_ACCESSIBILITY', '1'), ('GDMSESSION', 'ubuntu'), ('LESSCLOSE', '/usr/bin/lesspipe %s %s'), ('QT_IM_MODULE', 'ibus'), ('PWD', '/home/starry1n/WUTA/WUTA-FSD/ros2_ws/build/wuta_tools'), ('XDG_CONFIG_DIRS', '/etc/xdg/xdg-ubuntu:/etc/xdg'), ('DBUS_STARTER_ADDRESS', 'unix:path=/run/user/1000/bus,guid=c67e2489f73595b365ff0ae46a50c8ee'), ('XDG_DATA_DIRS', '/usr/share/ubuntu:/usr/local/share/:/usr/share/:/var/lib/snapd/desktop'), ('PYTHONPATH', '/home/starry1n/WUTA/WUTA-FSD/ros2_ws/install/wuta_msgs/local/lib/python3.10/dist-packages:/opt/ros/humble/lib/python3.10/site-packages:/opt/ros/humble/local/lib/python3.10/dist-packages'), ('COLCON', '1'), ('VTE_VERSION', '6800'), ('CMAKE_PREFIX_PATH', '/home/starry1n/WUTA/WUTA-FSD/ros2_ws/install/wuta_msgs:/opt/ros/humble')]), 'shell': False}
[0.906740] (path_generator) StdoutLine: {'line': b'-- Up-to-date symlink: /home/starry1n/WUTA/WUTA-FSD/ros2_ws/install/path_generator/share/ament_index/resource_index/packages/path_generator\n'}
[0.906966] (path_generator) StdoutLine: {'line': b'-- Up-to-date symlink: /home/starry1n/WUTA/WUTA-FSD/ros2_ws/install/path_generator/share/path_generator/cmake/path_generatorConfig.cmake\n'}
[0.907121] (path_generator) StdoutLine: {'line': b'-- Up-to-date symlink: /home/starry1n/WUTA/WUTA-FSD/ros2_ws/install/path_generator/share/path_generator/cmake/path_generatorConfig-version.cmake\n'}
[0.907177] (path_generator) StdoutLine: {'line': b'-- Up-to-date symlink: /home/starry1n/WUTA/WUTA-FSD/ros2_ws/install/path_generator/share/path_generator/package.xml\n'}
[0.908888] (path_generator) CommandEnded: {'returncode': 0}
[0.910162] (wuta_tools) StdoutLine: {'line': b'-- Install configuration: ""\n'}
[0.910578] (wuta_tools) StdoutLine: {'line': b'-- Execute custom install script\n'}
[0.910863] (wuta_tools) StdoutLine: {'line': b'-- Up-to-date symlink: /home/starry1n/WUTA/WUTA-FSD/ros2_ws/install/wuta_tools/share/ament_index/resource_index/package_run_dependencies/wuta_tools\n'}
[0.911108] (wuta_tools) StdoutLine: {'line': b'-- Up-to-date symlink: /home/starry1n/WUTA/WUTA-FSD/ros2_ws/install/wuta_tools/share/ament_index/resource_index/parent_prefix_path/wuta_tools\n'}
[0.911251] (wuta_tools) StdoutLine: {'line': b'-- Up-to-date symlink: /home/starry1n/WUTA/WUTA-FSD/ros2_ws/install/wuta_tools/share/wuta_tools/environment/ament_prefix_path.sh\n'}
[0.912379] (wuta_tools) StdoutLine: {'line': b'-- Up-to-date symlink: /home/starry1n/WUTA/WUTA-FSD/ros2_ws/install/wuta_tools/share/wuta_tools/environment/ament_prefix_path.dsv\n'}
[0.912469] (wuta_tools) StdoutLine: {'line': b'-- Up-to-date symlink: /home/starry1n/WUTA/WUTA-FSD/ros2_ws/install/wuta_tools/share/wuta_tools/environment/path.sh\n'}
[0.912515] (wuta_tools) StdoutLine: {'line': b'-- Up-to-date symlink: /home/starry1n/WUTA/WUTA-FSD/ros2_ws/install/wuta_tools/share/wuta_tools/environment/path.dsv\n'}
[0.912552] (wuta_tools) StdoutLine: {'line': b'-- Up-to-date symlink: /home/starry1n/WUTA/WUTA-FSD/ros2_ws/install/wuta_tools/share/wuta_tools/local_setup.bash\n'}
[0.912582] (wuta_tools) StdoutLine: {'line': b'-- Up-to-date symlink: /home/starry1n/WUTA/WUTA-FSD/ros2_ws/install/wuta_tools/share/wuta_tools/local_setup.sh\n'}
[0.912611] (wuta_tools) StdoutLine: {'line': b'-- Up-to-date symlink: /home/starry1n/WUTA/WUTA-FSD/ros2_ws/install/wuta_tools/share/wuta_tools/local_setup.zsh\n'}
[0.912637] (wuta_tools) StdoutLine: {'line': b'-- Up-to-date symlink: /home/starry1n/WUTA/WUTA-FSD/ros2_ws/install/wuta_tools/share/wuta_tools/local_setup.dsv\n'}
[0.912674] (wuta_tools) StdoutLine: {'line': b'-- Symlinking: /home/starry1n/WUTA/WUTA-FSD/ros2_ws/install/wuta_tools/share/wuta_tools/package.dsv\n'}
[0.912925] (-) TimerEvent: {}
[0.918731] (wuta_tools) StdoutLine: {'line': b'-- Up-to-date symlink: /home/starry1n/WUTA/WUTA-FSD/ros2_ws/install/wuta_tools/share/ament_index/resource_index/packages/wuta_tools\n'}
[0.918828] (wuta_tools) StdoutLine: {'line': b'-- Up-to-date symlink: /home/starry1n/WUTA/WUTA-FSD/ros2_ws/install/wuta_tools/share/wuta_tools/cmake/wuta_toolsConfig.cmake\n'}
[0.918868] (wuta_tools) StdoutLine: {'line': b'-- Up-to-date symlink: /home/starry1n/WUTA/WUTA-FSD/ros2_ws/install/wuta_tools/share/wuta_tools/cmake/wuta_toolsConfig-version.cmake\n'}
[0.918899] (wuta_tools) StdoutLine: {'line': b'-- Up-to-date symlink: /home/starry1n/WUTA/WUTA-FSD/ros2_ws/install/wuta_tools/share/wuta_tools/package.xml\n'}
[0.921272] (path_generator) JobEnded: {'identifier': 'path_generator', 'rc': 0}
[0.922270] (wuta_tools) CommandEnded: {'returncode': 0}
[0.930878] (wuta_tools) JobEnded: {'identifier': 'wuta_tools', 'rc': 0}
[0.931956] (-) EventReactorShutdown: {}
