[0.060s] DEBUG:colcon:Command line arguments: ['/usr/bin/colcon', 'build', '--symlink-install', '--cmake-args', '-DCMAKE_MODULE_PATH=/home/starry1n/WUTA/WUTA-FSD/ros2_ws/cmake']
[0.060s] DEBUG:colcon:Parsed command line arguments: Namespace(log_base=None, log_level=None, verb_name='build', build_base='build', install_base='install', merge_install=False, symlink_install=True, test_result_base=None, continue_on_error=False, executor='parallel', parallel_workers=8, event_handlers=None, ignore_user_meta=False, metas=['./colcon.meta'], base_paths=['.'], packages_ignore=None, packages_ignore_regex=None, paths=None, packages_up_to=None, packages_up_to_regex=None, packages_above=None, packages_above_and_dependencies=None, packages_above_depth=None, packages_select_by_dep=None, packages_skip_by_dep=None, packages_skip_up_to=None, packages_select_build_failed=False, packages_skip_build_finished=False, packages_select_test_failures=False, packages_skip_test_passed=False, packages_select=None, packages_skip=None, packages_select_regex=None, packages_skip_regex=None, packages_start=None, packages_end=None, allow_overriding=[], cmake_args=['-DCMAKE_MODULE_PATH=/home/starry1n/WUTA/WUTA-FSD/ros2_ws/cmake'], cmake_target=None, cmake_target_skip_unavailable=False, cmake_clean_cache=False, cmake_clean_first=False, cmake_force_configure=False, ament_cmake_args=None, catkin_cmake_args=None, catkin_skip_building_tests=False, verb_parser=<colcon_defaults.argument_parser.defaults.DefaultArgumentsDecorator object at 0x7db6c0932d10>, verb_extension=<colcon_core.verb.build.BuildVerb object at 0x7db6c0ab3310>, main=<bound method BuildVerb.main of <colcon_core.verb.build.BuildVerb object at 0x7db6c0ab3310>>)
[0.142s] Level 1:colcon.colcon_core.package_discovery:discover_packages(colcon_meta) check parameters
[0.142s] Level 1:colcon.colcon_core.package_discovery:discover_packages(recursive) check parameters
[0.142s] Level 1:colcon.colcon_core.package_discovery:discover_packages(ignore) check parameters
[0.142s] Level 1:colcon.colcon_core.package_discovery:discover_packages(path) check parameters
[0.142s] Level 1:colcon.colcon_core.package_discovery:discover_packages(colcon_meta) discover
[0.142s] Level 1:colcon.colcon_core.package_discovery:discover_packages(recursive) discover
[0.142s] INFO:colcon.colcon_core.package_discovery:Crawling recursively for packages in '/home/starry1n/WUTA/WUTA-FSD/ros2_ws'
[0.142s] Level 1:colcon.colcon_core.package_identification:_identify(.) by extensions ['ignore', 'ignore_ament_install']
[0.142s] Level 1:colcon.colcon_core.package_identification:_identify(.) by extension 'ignore'
[0.142s] Level 1:colcon.colcon_core.package_identification:_identify(.) by extension 'ignore_ament_install'
[0.142s] Level 1:colcon.colcon_core.package_identification:_identify(.) by extensions ['colcon_pkg']
[0.142s] Level 1:colcon.colcon_core.package_identification:_identify(.) by extension 'colcon_pkg'
[0.142s] Level 1:colcon.colcon_core.package_identification:_identify(.) by extensions ['colcon_meta']
[0.142s] Level 1:colcon.colcon_core.package_identification:_identify(.) by extension 'colcon_meta'
[0.142s] Level 1:colcon.colcon_core.package_identification:_identify(.) by extensions ['ros']
[0.142s] Level 1:colcon.colcon_core.package_identification:_identify(.) by extension 'ros'
[0.149s] Level 1:colcon.colcon_core.package_identification:_identify(.) by extensions ['cmake', 'python']
[0.149s] Level 1:colcon.colcon_core.package_identification:_identify(.) by extension 'cmake'
[0.149s] Level 1:colcon.colcon_core.package_identification:_identify(.) by extension 'python'
[0.149s] Level 1:colcon.colcon_core.package_identification:_identify(.) by extensions ['python_setup_py']
[0.149s] Level 1:colcon.colcon_core.package_identification:_identify(.) by extension 'python_setup_py'
[0.149s] Level 1:colcon.colcon_core.package_identification:_identify(build) by extensions ['ignore', 'ignore_ament_install']
[0.149s] Level 1:colcon.colcon_core.package_identification:_identify(build) by extension 'ignore'
[0.149s] Level 1:colcon.colcon_core.package_identification:_identify(build) ignored
[0.149s] Level 1:colcon.colcon_core.package_identification:_identify(cmake) by extensions ['ignore', 'ignore_ament_install']
[0.149s] Level 1:colcon.colcon_core.package_identification:_identify(cmake) by extension 'ignore'
[0.149s] Level 1:colcon.colcon_core.package_identification:_identify(cmake) by extension 'ignore_ament_install'
[0.149s] Level 1:colcon.colcon_core.package_identification:_identify(cmake) by extensions ['colcon_pkg']
[0.149s] Level 1:colcon.colcon_core.package_identification:_identify(cmake) by extension 'colcon_pkg'
[0.149s] Level 1:colcon.colcon_core.package_identification:_identify(cmake) by extensions ['colcon_meta']
[0.149s] Level 1:colcon.colcon_core.package_identification:_identify(cmake) by extension 'colcon_meta'
[0.149s] Level 1:colcon.colcon_core.package_identification:_identify(cmake) by extensions ['ros']
[0.149s] Level 1:colcon.colcon_core.package_identification:_identify(cmake) by extension 'ros'
[0.149s] Level 1:colcon.colcon_core.package_identification:_identify(cmake) by extensions ['cmake', 'python']
[0.149s] Level 1:colcon.colcon_core.package_identification:_identify(cmake) by extension 'cmake'
[0.149s] Level 1:colcon.colcon_core.package_identification:_identify(cmake) by extension 'python'
[0.149s] Level 1:colcon.colcon_core.package_identification:_identify(cmake) by extensions ['python_setup_py']
[0.149s] Level 1:colcon.colcon_core.package_identification:_identify(cmake) by extension 'python_setup_py'
[0.150s] Level 1:colcon.colcon_core.package_identification:_identify(install) by extensions ['ignore', 'ignore_ament_install']
[0.150s] Level 1:colcon.colcon_core.package_identification:_identify(install) by extension 'ignore'
[0.150s] Level 1:colcon.colcon_core.package_identification:_identify(install) ignored
[0.150s] Level 1:colcon.colcon_core.package_identification:_identify(log) by extensions ['ignore', 'ignore_ament_install']
[0.150s] Level 1:colcon.colcon_core.package_identification:_identify(log) by extension 'ignore'
[0.150s] Level 1:colcon.colcon_core.package_identification:_identify(log) ignored
[0.150s] Level 1:colcon.colcon_core.package_identification:_identify(src) by extensions ['ignore', 'ignore_ament_install']
[0.150s] Level 1:colcon.colcon_core.package_identification:_identify(src) by extension 'ignore'
[0.150s] Level 1:colcon.colcon_core.package_identification:_identify(src) by extension 'ignore_ament_install'
[0.150s] Level 1:colcon.colcon_core.package_identification:_identify(src) by extensions ['colcon_pkg']
[0.150s] Level 1:colcon.colcon_core.package_identification:_identify(src) by extension 'colcon_pkg'
[0.150s] Level 1:colcon.colcon_core.package_identification:_identify(src) by extensions ['colcon_meta']
[0.150s] Level 1:colcon.colcon_core.package_identification:_identify(src) by extension 'colcon_meta'
[0.150s] Level 1:colcon.colcon_core.package_identification:_identify(src) by extensions ['ros']
[0.150s] Level 1:colcon.colcon_core.package_identification:_identify(src) by extension 'ros'
[0.150s] Level 1:colcon.colcon_core.package_identification:_identify(src) by extensions ['cmake', 'python']
[0.150s] Level 1:colcon.colcon_core.package_identification:_identify(src) by extension 'cmake'
[0.150s] Level 1:colcon.colcon_core.package_identification:_identify(src) by extension 'python'
[0.150s] Level 1:colcon.colcon_core.package_identification:_identify(src) by extensions ['python_setup_py']
[0.150s] Level 1:colcon.colcon_core.package_identification:_identify(src) by extension 'python_setup_py'
[0.150s] Level 1:colcon.colcon_core.package_identification:_identify(src/common) by extensions ['ignore', 'ignore_ament_install']
[0.150s] Level 1:colcon.colcon_core.package_identification:_identify(src/common) by extension 'ignore'
[0.150s] Level 1:colcon.colcon_core.package_identification:_identify(src/common) by extension 'ignore_ament_install'
[0.150s] Level 1:colcon.colcon_core.package_identification:_identify(src/common) by extensions ['colcon_pkg']
[0.150s] Level 1:colcon.colcon_core.package_identification:_identify(src/common) by extension 'colcon_pkg'
[0.150s] Level 1:colcon.colcon_core.package_identification:_identify(src/common) by extensions ['colcon_meta']
[0.150s] Level 1:colcon.colcon_core.package_identification:_identify(src/common) by extension 'colcon_meta'
[0.150s] Level 1:colcon.colcon_core.package_identification:_identify(src/common) by extensions ['ros']
[0.150s] Level 1:colcon.colcon_core.package_identification:_identify(src/common) by extension 'ros'
[0.150s] Level 1:colcon.colcon_core.package_identification:_identify(src/common) by extensions ['cmake', 'python']
[0.151s] Level 1:colcon.colcon_core.package_identification:_identify(src/common) by extension 'cmake'
[0.151s] Level 1:colcon.colcon_core.package_identification:_identify(src/common) by extension 'python'
[0.151s] Level 1:colcon.colcon_core.package_identification:_identify(src/common) by extensions ['python_setup_py']
[0.151s] Level 1:colcon.colcon_core.package_identification:_identify(src/common) by extension 'python_setup_py'
[0.151s] Level 1:colcon.colcon_core.package_identification:_identify(src/common/autoware_msgs) by extensions ['ignore', 'ignore_ament_install']
[0.151s] Level 1:colcon.colcon_core.package_identification:_identify(src/common/autoware_msgs) by extension 'ignore'
[0.151s] Level 1:colcon.colcon_core.package_identification:_identify(src/common/autoware_msgs) by extension 'ignore_ament_install'
[0.151s] Level 1:colcon.colcon_core.package_identification:_identify(src/common/autoware_msgs) by extensions ['colcon_pkg']
[0.151s] Level 1:colcon.colcon_core.package_identification:_identify(src/common/autoware_msgs) by extension 'colcon_pkg'
[0.151s] Level 1:colcon.colcon_core.package_identification:_identify(src/common/autoware_msgs) by extensions ['colcon_meta']
[0.151s] Level 1:colcon.colcon_core.package_identification:_identify(src/common/autoware_msgs) by extension 'colcon_meta'
[0.151s] Level 1:colcon.colcon_core.package_identification:_identify(src/common/autoware_msgs) by extensions ['ros']
[0.151s] Level 1:colcon.colcon_core.package_identification:_identify(src/common/autoware_msgs) by extension 'ros'
[0.152s] DEBUG:colcon.colcon_core.package_identification:Package 'src/common/autoware_msgs' with type 'ros.ament_cmake' and name 'autoware_msgs'
[0.152s] Level 1:colcon.colcon_core.package_identification:_identify(src/common/wuta_msgs) by extensions ['ignore', 'ignore_ament_install']
[0.152s] Level 1:colcon.colcon_core.package_identification:_identify(src/common/wuta_msgs) by extension 'ignore'
[0.152s] Level 1:colcon.colcon_core.package_identification:_identify(src/common/wuta_msgs) by extension 'ignore_ament_install'
[0.152s] Level 1:colcon.colcon_core.package_identification:_identify(src/common/wuta_msgs) by extensions ['colcon_pkg']
[0.152s] Level 1:colcon.colcon_core.package_identification:_identify(src/common/wuta_msgs) by extension 'colcon_pkg'
[0.152s] Level 1:colcon.colcon_core.package_identification:_identify(src/common/wuta_msgs) by extensions ['colcon_meta']
[0.153s] Level 1:colcon.colcon_core.package_identification:_identify(src/common/wuta_msgs) by extension 'colcon_meta'
[0.153s] Level 1:colcon.colcon_core.package_identification:_identify(src/common/wuta_msgs) by extensions ['ros']
[0.153s] Level 1:colcon.colcon_core.package_identification:_identify(src/common/wuta_msgs) by extension 'ros'
[0.153s] DEBUG:colcon.colcon_core.package_identification:Package 'src/common/wuta_msgs' with type 'ros.ament_cmake' and name 'wuta_msgs'
[0.153s] Level 1:colcon.colcon_core.package_identification:_identify(src/common/wuta_tools) by extensions ['ignore', 'ignore_ament_install']
[0.153s] Level 1:colcon.colcon_core.package_identification:_identify(src/common/wuta_tools) by extension 'ignore'
[0.153s] Level 1:colcon.colcon_core.package_identification:_identify(src/common/wuta_tools) by extension 'ignore_ament_install'
[0.153s] Level 1:colcon.colcon_core.package_identification:_identify(src/common/wuta_tools) by extensions ['colcon_pkg']
[0.153s] Level 1:colcon.colcon_core.package_identification:_identify(src/common/wuta_tools) by extension 'colcon_pkg'
[0.153s] Level 1:colcon.colcon_core.package_identification:_identify(src/common/wuta_tools) by extensions ['colcon_meta']
[0.153s] Level 1:colcon.colcon_core.package_identification:_identify(src/common/wuta_tools) by extension 'colcon_meta'
[0.153s] Level 1:colcon.colcon_core.package_identification:_identify(src/common/wuta_tools) by extensions ['ros']
[0.153s] Level 1:colcon.colcon_core.package_identification:_identify(src/common/wuta_tools) by extension 'ros'
[0.154s] DEBUG:colcon.colcon_core.package_identification:Package 'src/common/wuta_tools' with type 'ros.ament_cmake' and name 'wuta_tools'
[0.154s] Level 1:colcon.colcon_core.package_identification:_identify(src/control) by extensions ['ignore', 'ignore_ament_install']
[0.154s] Level 1:colcon.colcon_core.package_identification:_identify(src/control) by extension 'ignore'
[0.154s] Level 1:colcon.colcon_core.package_identification:_identify(src/control) by extension 'ignore_ament_install'
[0.154s] Level 1:colcon.colcon_core.package_identification:_identify(src/control) by extensions ['colcon_pkg']
[0.154s] Level 1:colcon.colcon_core.package_identification:_identify(src/control) by extension 'colcon_pkg'
[0.154s] Level 1:colcon.colcon_core.package_identification:_identify(src/control) by extensions ['colcon_meta']
[0.154s] Level 1:colcon.colcon_core.package_identification:_identify(src/control) by extension 'colcon_meta'
[0.154s] Level 1:colcon.colcon_core.package_identification:_identify(src/control) by extensions ['ros']
[0.154s] Level 1:colcon.colcon_core.package_identification:_identify(src/control) by extension 'ros'
[0.154s] Level 1:colcon.colcon_core.package_identification:_identify(src/control) by extensions ['cmake', 'python']
[0.154s] Level 1:colcon.colcon_core.package_identification:_identify(src/control) by extension 'cmake'
[0.154s] Level 1:colcon.colcon_core.package_identification:_identify(src/control) by extension 'python'
[0.154s] Level 1:colcon.colcon_core.package_identification:_identify(src/control) by extensions ['python_setup_py']
[0.154s] Level 1:colcon.colcon_core.package_identification:_identify(src/control) by extension 'python_setup_py'
[0.154s] Level 1:colcon.colcon_core.package_identification:_identify(src/control/controller) by extensions ['ignore', 'ignore_ament_install']
[0.154s] Level 1:colcon.colcon_core.package_identification:_identify(src/control/controller) by extension 'ignore'
[0.154s] Level 1:colcon.colcon_core.package_identification:_identify(src/control/controller) by extension 'ignore_ament_install'
[0.154s] Level 1:colcon.colcon_core.package_identification:_identify(src/control/controller) by extensions ['colcon_pkg']
[0.154s] Level 1:colcon.colcon_core.package_identification:_identify(src/control/controller) by extension 'colcon_pkg'
[0.154s] Level 1:colcon.colcon_core.package_identification:_identify(src/control/controller) by extensions ['colcon_meta']
[0.154s] Level 1:colcon.colcon_core.package_identification:_identify(src/control/controller) by extension 'colcon_meta'
[0.154s] Level 1:colcon.colcon_core.package_identification:_identify(src/control/controller) by extensions ['ros']
[0.154s] Level 1:colcon.colcon_core.package_identification:_identify(src/control/controller) by extension 'ros'
[0.155s] DEBUG:colcon.colcon_core.package_identification:Package 'src/control/controller' with type 'ros.ament_cmake' and name 'controller'
[0.155s] Level 1:colcon.colcon_core.package_identification:_identify(src/localization) by extensions ['ignore', 'ignore_ament_install']
[0.155s] Level 1:colcon.colcon_core.package_identification:_identify(src/localization) by extension 'ignore'
[0.155s] Level 1:colcon.colcon_core.package_identification:_identify(src/localization) by extension 'ignore_ament_install'
[0.155s] Level 1:colcon.colcon_core.package_identification:_identify(src/localization) by extensions ['colcon_pkg']
[0.155s] Level 1:colcon.colcon_core.package_identification:_identify(src/localization) by extension 'colcon_pkg'
[0.155s] Level 1:colcon.colcon_core.package_identification:_identify(src/localization) by extensions ['colcon_meta']
[0.155s] Level 1:colcon.colcon_core.package_identification:_identify(src/localization) by extension 'colcon_meta'
[0.155s] Level 1:colcon.colcon_core.package_identification:_identify(src/localization) by extensions ['ros']
[0.155s] Level 1:colcon.colcon_core.package_identification:_identify(src/localization) by extension 'ros'
[0.155s] Level 1:colcon.colcon_core.package_identification:_identify(src/localization) by extensions ['cmake', 'python']
[0.155s] Level 1:colcon.colcon_core.package_identification:_identify(src/localization) by extension 'cmake'
[0.155s] Level 1:colcon.colcon_core.package_identification:_identify(src/localization) by extension 'python'
[0.155s] Level 1:colcon.colcon_core.package_identification:_identify(src/localization) by extensions ['python_setup_py']
[0.155s] Level 1:colcon.colcon_core.package_identification:_identify(src/localization) by extension 'python_setup_py'
[0.155s] Level 1:colcon.colcon_core.package_identification:_identify(src/localization/kiss-icp) by extensions ['ignore', 'ignore_ament_install']
[0.155s] Level 1:colcon.colcon_core.package_identification:_identify(src/localization/kiss-icp) by extension 'ignore'
[0.155s] Level 1:colcon.colcon_core.package_identification:_identify(src/localization/kiss-icp) by extension 'ignore_ament_install'
[0.155s] Level 1:colcon.colcon_core.package_identification:_identify(src/localization/kiss-icp) by extensions ['colcon_pkg']
[0.155s] Level 1:colcon.colcon_core.package_identification:_identify(src/localization/kiss-icp) by extension 'colcon_pkg'
[0.155s] Level 1:colcon.colcon_core.package_identification:_identify(src/localization/kiss-icp) by extensions ['colcon_meta']
[0.155s] Level 1:colcon.colcon_core.package_identification:_identify(src/localization/kiss-icp) by extension 'colcon_meta'
[0.155s] Level 1:colcon.colcon_core.package_identification:_identify(src/localization/kiss-icp) by extensions ['ros']
[0.155s] Level 1:colcon.colcon_core.package_identification:_identify(src/localization/kiss-icp) by extension 'ros'
[0.155s] Level 1:colcon.colcon_core.package_identification:_identify(src/localization/kiss-icp) by extensions ['cmake', 'python']
[0.155s] Level 1:colcon.colcon_core.package_identification:_identify(src/localization/kiss-icp) by extension 'cmake'
[0.155s] Level 1:colcon.colcon_core.package_identification:_identify(src/localization/kiss-icp) by extension 'python'
[0.155s] Level 1:colcon.colcon_core.package_identification:_identify(src/localization/kiss-icp) by extensions ['python_setup_py']
[0.155s] Level 1:colcon.colcon_core.package_identification:_identify(src/localization/kiss-icp) by extension 'python_setup_py'
[0.155s] Level 1:colcon.colcon_core.package_identification:_identify(src/localization/kiss-icp/config) by extensions ['ignore', 'ignore_ament_install']
[0.156s] Level 1:colcon.colcon_core.package_identification:_identify(src/localization/kiss-icp/config) by extension 'ignore'
[0.156s] Level 1:colcon.colcon_core.package_identification:_identify(src/localization/kiss-icp/config) by extension 'ignore_ament_install'
[0.156s] Level 1:colcon.colcon_core.package_identification:_identify(src/localization/kiss-icp/config) by extensions ['colcon_pkg']
[0.156s] Level 1:colcon.colcon_core.package_identification:_identify(src/localization/kiss-icp/config) by extension 'colcon_pkg'
[0.156s] Level 1:colcon.colcon_core.package_identification:_identify(src/localization/kiss-icp/config) by extensions ['colcon_meta']
[0.156s] Level 1:colcon.colcon_core.package_identification:_identify(src/localization/kiss-icp/config) by extension 'colcon_meta'
[0.156s] Level 1:colcon.colcon_core.package_identification:_identify(src/localization/kiss-icp/config) by extensions ['ros']
[0.156s] Level 1:colcon.colcon_core.package_identification:_identify(src/localization/kiss-icp/config) by extension 'ros'
[0.156s] Level 1:colcon.colcon_core.package_identification:_identify(src/localization/kiss-icp/config) by extensions ['cmake', 'python']
[0.156s] Level 1:colcon.colcon_core.package_identification:_identify(src/localization/kiss-icp/config) by extension 'cmake'
[0.156s] Level 1:colcon.colcon_core.package_identification:_identify(src/localization/kiss-icp/config) by extension 'python'
[0.156s] Level 1:colcon.colcon_core.package_identification:_identify(src/localization/kiss-icp/config) by extensions ['python_setup_py']
[0.156s] Level 1:colcon.colcon_core.package_identification:_identify(src/localization/kiss-icp/config) by extension 'python_setup_py'
[0.156s] Level 1:colcon.colcon_core.package_identification:_identify(src/localization/kiss-icp/cpp) by extensions ['ignore', 'ignore_ament_install']
[0.156s] Level 1:colcon.colcon_core.package_identification:_identify(src/localization/kiss-icp/cpp) by extension 'ignore'
[0.156s] Level 1:colcon.colcon_core.package_identification:_identify(src/localization/kiss-icp/cpp) ignored
[0.156s] Level 1:colcon.colcon_core.package_identification:_identify(src/localization/kiss-icp/eval) by extensions ['ignore', 'ignore_ament_install']
[0.156s] Level 1:colcon.colcon_core.package_identification:_identify(src/localization/kiss-icp/eval) by extension 'ignore'
[0.156s] Level 1:colcon.colcon_core.package_identification:_identify(src/localization/kiss-icp/eval) by extension 'ignore_ament_install'
[0.156s] Level 1:colcon.colcon_core.package_identification:_identify(src/localization/kiss-icp/eval) by extensions ['colcon_pkg']
[0.156s] Level 1:colcon.colcon_core.package_identification:_identify(src/localization/kiss-icp/eval) by extension 'colcon_pkg'
[0.156s] Level 1:colcon.colcon_core.package_identification:_identify(src/localization/kiss-icp/eval) by extensions ['colcon_meta']
[0.156s] Level 1:colcon.colcon_core.package_identification:_identify(src/localization/kiss-icp/eval) by extension 'colcon_meta'
[0.156s] Level 1:colcon.colcon_core.package_identification:_identify(src/localization/kiss-icp/eval) by extensions ['ros']
[0.156s] Level 1:colcon.colcon_core.package_identification:_identify(src/localization/kiss-icp/eval) by extension 'ros'
[0.156s] Level 1:colcon.colcon_core.package_identification:_identify(src/localization/kiss-icp/eval) by extensions ['cmake', 'python']
[0.156s] Level 1:colcon.colcon_core.package_identification:_identify(src/localization/kiss-icp/eval) by extension 'cmake'
[0.156s] Level 1:colcon.colcon_core.package_identification:_identify(src/localization/kiss-icp/eval) by extension 'python'
[0.156s] Level 1:colcon.colcon_core.package_identification:_identify(src/localization/kiss-icp/eval) by extensions ['python_setup_py']
[0.156s] Level 1:colcon.colcon_core.package_identification:_identify(src/localization/kiss-icp/eval) by extension 'python_setup_py'
[0.156s] Level 1:colcon.colcon_core.package_identification:_identify(src/localization/kiss-icp/python) by extensions ['ignore', 'ignore_ament_install']
[0.156s] Level 1:colcon.colcon_core.package_identification:_identify(src/localization/kiss-icp/python) by extension 'ignore'
[0.156s] Level 1:colcon.colcon_core.package_identification:_identify(src/localization/kiss-icp/python) ignored
[0.157s] Level 1:colcon.colcon_core.package_identification:_identify(src/localization/kiss-icp/ros) by extensions ['ignore', 'ignore_ament_install']
[0.157s] Level 1:colcon.colcon_core.package_identification:_identify(src/localization/kiss-icp/ros) by extension 'ignore'
[0.157s] Level 1:colcon.colcon_core.package_identification:_identify(src/localization/kiss-icp/ros) by extension 'ignore_ament_install'
[0.157s] Level 1:colcon.colcon_core.package_identification:_identify(src/localization/kiss-icp/ros) by extensions ['colcon_pkg']
[0.157s] Level 1:colcon.colcon_core.package_identification:_identify(src/localization/kiss-icp/ros) by extension 'colcon_pkg'
[0.157s] Level 1:colcon.colcon_core.package_identification:_identify(src/localization/kiss-icp/ros) by extensions ['colcon_meta']
[0.157s] Level 1:colcon.colcon_core.package_identification:_identify(src/localization/kiss-icp/ros) by extension 'colcon_meta'
[0.157s] Level 1:colcon.colcon_core.package_identification:_identify(src/localization/kiss-icp/ros) by extensions ['ros']
[0.157s] Level 1:colcon.colcon_core.package_identification:_identify(src/localization/kiss-icp/ros) by extension 'ros'
[0.157s] DEBUG:colcon.colcon_core.package_identification:Package 'src/localization/kiss-icp/ros' with type 'ros.ament_cmake' and name 'kiss_icp'
[0.157s] Level 1:colcon.colcon_core.package_identification:_identify(src/localization/kiss_icp_wrapper) by extensions ['ignore', 'ignore_ament_install']
[0.157s] Level 1:colcon.colcon_core.package_identification:_identify(src/localization/kiss_icp_wrapper) by extension 'ignore'
[0.158s] Level 1:colcon.colcon_core.package_identification:_identify(src/localization/kiss_icp_wrapper) by extension 'ignore_ament_install'
[0.158s] Level 1:colcon.colcon_core.package_identification:_identify(src/localization/kiss_icp_wrapper) by extensions ['colcon_pkg']
[0.158s] Level 1:colcon.colcon_core.package_identification:_identify(src/localization/kiss_icp_wrapper) by extension 'colcon_pkg'
[0.158s] Level 1:colcon.colcon_core.package_identification:_identify(src/localization/kiss_icp_wrapper) by extensions ['colcon_meta']
[0.158s] Level 1:colcon.colcon_core.package_identification:_identify(src/localization/kiss_icp_wrapper) by extension 'colcon_meta'
[0.158s] Level 1:colcon.colcon_core.package_identification:_identify(src/localization/kiss_icp_wrapper) by extensions ['ros']
[0.158s] Level 1:colcon.colcon_core.package_identification:_identify(src/localization/kiss_icp_wrapper) by extension 'ros'
[0.158s] DEBUG:colcon.colcon_core.package_identification:Package 'src/localization/kiss_icp_wrapper' with type 'ros.ament_cmake' and name 'kiss_icp_wrapper'
[0.158s] Level 1:colcon.colcon_core.package_identification:_identify(src/localization/localization_manager) by extensions ['ignore', 'ignore_ament_install']
[0.158s] Level 1:colcon.colcon_core.package_identification:_identify(src/localization/localization_manager) by extension 'ignore'
[0.158s] Level 1:colcon.colcon_core.package_identification:_identify(src/localization/localization_manager) by extension 'ignore_ament_install'
[0.158s] Level 1:colcon.colcon_core.package_identification:_identify(src/localization/localization_manager) by extensions ['colcon_pkg']
[0.158s] Level 1:colcon.colcon_core.package_identification:_identify(src/localization/localization_manager) by extension 'colcon_pkg'
[0.158s] Level 1:colcon.colcon_core.package_identification:_identify(src/localization/localization_manager) by extensions ['colcon_meta']
[0.158s] Level 1:colcon.colcon_core.package_identification:_identify(src/localization/localization_manager) by extension 'colcon_meta'
[0.158s] Level 1:colcon.colcon_core.package_identification:_identify(src/localization/localization_manager) by extensions ['ros']
[0.158s] Level 1:colcon.colcon_core.package_identification:_identify(src/localization/localization_manager) by extension 'ros'
[0.159s] DEBUG:colcon.colcon_core.package_identification:Package 'src/localization/localization_manager' with type 'ros.ament_cmake' and name 'localization_manager'
[0.159s] Level 1:colcon.colcon_core.package_identification:_identify(src/localization/ndt_localization) by extensions ['ignore', 'ignore_ament_install']
[0.159s] Level 1:colcon.colcon_core.package_identification:_identify(src/localization/ndt_localization) by extension 'ignore'
[0.159s] Level 1:colcon.colcon_core.package_identification:_identify(src/localization/ndt_localization) by extension 'ignore_ament_install'
[0.159s] Level 1:colcon.colcon_core.package_identification:_identify(src/localization/ndt_localization) by extensions ['colcon_pkg']
[0.159s] Level 1:colcon.colcon_core.package_identification:_identify(src/localization/ndt_localization) by extension 'colcon_pkg'
[0.159s] Level 1:colcon.colcon_core.package_identification:_identify(src/localization/ndt_localization) by extensions ['colcon_meta']
[0.159s] Level 1:colcon.colcon_core.package_identification:_identify(src/localization/ndt_localization) by extension 'colcon_meta'
[0.159s] Level 1:colcon.colcon_core.package_identification:_identify(src/localization/ndt_localization) by extensions ['ros']
[0.159s] Level 1:colcon.colcon_core.package_identification:_identify(src/localization/ndt_localization) by extension 'ros'
[0.159s] DEBUG:colcon.colcon_core.package_identification:Package 'src/localization/ndt_localization' with type 'ros.ament_cmake' and name 'ndt_localization'
[0.160s] Level 1:colcon.colcon_core.package_identification:_identify(src/localization/robot_localization) by extensions ['ignore', 'ignore_ament_install']
[0.160s] Level 1:colcon.colcon_core.package_identification:_identify(src/localization/robot_localization) by extension 'ignore'
[0.160s] Level 1:colcon.colcon_core.package_identification:_identify(src/localization/robot_localization) by extension 'ignore_ament_install'
[0.160s] Level 1:colcon.colcon_core.package_identification:_identify(src/localization/robot_localization) by extensions ['colcon_pkg']
[0.160s] Level 1:colcon.colcon_core.package_identification:_identify(src/localization/robot_localization) by extension 'colcon_pkg'
[0.160s] Level 1:colcon.colcon_core.package_identification:_identify(src/localization/robot_localization) by extensions ['colcon_meta']
[0.160s] Level 1:colcon.colcon_core.package_identification:_identify(src/localization/robot_localization) by extension 'colcon_meta'
[0.160s] Level 1:colcon.colcon_core.package_identification:_identify(src/localization/robot_localization) by extensions ['ros']
[0.160s] Level 1:colcon.colcon_core.package_identification:_identify(src/localization/robot_localization) by extension 'ros'
[0.161s] DEBUG:colcon.colcon_core.package_identification:Package 'src/localization/robot_localization' with type 'ros.ament_cmake' and name 'robot_localization'
[0.161s] Level 1:colcon.colcon_core.package_identification:_identify(src/mapping) by extensions ['ignore', 'ignore_ament_install']
[0.161s] Level 1:colcon.colcon_core.package_identification:_identify(src/mapping) by extension 'ignore'
[0.161s] Level 1:colcon.colcon_core.package_identification:_identify(src/mapping) by extension 'ignore_ament_install'
[0.161s] Level 1:colcon.colcon_core.package_identification:_identify(src/mapping) by extensions ['colcon_pkg']
[0.161s] Level 1:colcon.colcon_core.package_identification:_identify(src/mapping) by extension 'colcon_pkg'
[0.161s] Level 1:colcon.colcon_core.package_identification:_identify(src/mapping) by extensions ['colcon_meta']
[0.161s] Level 1:colcon.colcon_core.package_identification:_identify(src/mapping) by extension 'colcon_meta'
[0.161s] Level 1:colcon.colcon_core.package_identification:_identify(src/mapping) by extensions ['ros']
[0.161s] Level 1:colcon.colcon_core.package_identification:_identify(src/mapping) by extension 'ros'
[0.161s] Level 1:colcon.colcon_core.package_identification:_identify(src/mapping) by extensions ['cmake', 'python']
[0.161s] Level 1:colcon.colcon_core.package_identification:_identify(src/mapping) by extension 'cmake'
[0.161s] Level 1:colcon.colcon_core.package_identification:_identify(src/mapping) by extension 'python'
[0.161s] Level 1:colcon.colcon_core.package_identification:_identify(src/mapping) by extensions ['python_setup_py']
[0.161s] Level 1:colcon.colcon_core.package_identification:_identify(src/mapping) by extension 'python_setup_py'
[0.161s] Level 1:colcon.colcon_core.package_identification:_identify(src/mapping/cone_map_builder) by extensions ['ignore', 'ignore_ament_install']
[0.161s] Level 1:colcon.colcon_core.package_identification:_identify(src/mapping/cone_map_builder) by extension 'ignore'
[0.161s] Level 1:colcon.colcon_core.package_identification:_identify(src/mapping/cone_map_builder) by extension 'ignore_ament_install'
[0.161s] Level 1:colcon.colcon_core.package_identification:_identify(src/mapping/cone_map_builder) by extensions ['colcon_pkg']
[0.161s] Level 1:colcon.colcon_core.package_identification:_identify(src/mapping/cone_map_builder) by extension 'colcon_pkg'
[0.161s] Level 1:colcon.colcon_core.package_identification:_identify(src/mapping/cone_map_builder) by extensions ['colcon_meta']
[0.161s] Level 1:colcon.colcon_core.package_identification:_identify(src/mapping/cone_map_builder) by extension 'colcon_meta'
[0.161s] Level 1:colcon.colcon_core.package_identification:_identify(src/mapping/cone_map_builder) by extensions ['ros']
[0.161s] Level 1:colcon.colcon_core.package_identification:_identify(src/mapping/cone_map_builder) by extension 'ros'
[0.162s] DEBUG:colcon.colcon_core.package_identification:Package 'src/mapping/cone_map_builder' with type 'ros.ament_cmake' and name 'cone_map_builder'
[0.162s] Level 1:colcon.colcon_core.package_identification:_identify(src/perception) by extensions ['ignore', 'ignore_ament_install']
[0.162s] Level 1:colcon.colcon_core.package_identification:_identify(src/perception) by extension 'ignore'
[0.162s] Level 1:colcon.colcon_core.package_identification:_identify(src/perception) by extension 'ignore_ament_install'
[0.162s] Level 1:colcon.colcon_core.package_identification:_identify(src/perception) by extensions ['colcon_pkg']
[0.162s] Level 1:colcon.colcon_core.package_identification:_identify(src/perception) by extension 'colcon_pkg'
[0.162s] Level 1:colcon.colcon_core.package_identification:_identify(src/perception) by extensions ['colcon_meta']
[0.162s] Level 1:colcon.colcon_core.package_identification:_identify(src/perception) by extension 'colcon_meta'
[0.162s] Level 1:colcon.colcon_core.package_identification:_identify(src/perception) by extensions ['ros']
[0.162s] Level 1:colcon.colcon_core.package_identification:_identify(src/perception) by extension 'ros'
[0.162s] Level 1:colcon.colcon_core.package_identification:_identify(src/perception) by extensions ['cmake', 'python']
[0.162s] Level 1:colcon.colcon_core.package_identification:_identify(src/perception) by extension 'cmake'
[0.162s] Level 1:colcon.colcon_core.package_identification:_identify(src/perception) by extension 'python'
[0.162s] Level 1:colcon.colcon_core.package_identification:_identify(src/perception) by extensions ['python_setup_py']
[0.162s] Level 1:colcon.colcon_core.package_identification:_identify(src/perception) by extension 'python_setup_py'
[0.162s] Level 1:colcon.colcon_core.package_identification:_identify(src/perception/camera_detection) by extensions ['ignore', 'ignore_ament_install']
[0.162s] Level 1:colcon.colcon_core.package_identification:_identify(src/perception/camera_detection) by extension 'ignore'
[0.162s] Level 1:colcon.colcon_core.package_identification:_identify(src/perception/camera_detection) by extension 'ignore_ament_install'
[0.162s] Level 1:colcon.colcon_core.package_identification:_identify(src/perception/camera_detection) by extensions ['colcon_pkg']
[0.162s] Level 1:colcon.colcon_core.package_identification:_identify(src/perception/camera_detection) by extension 'colcon_pkg'
[0.162s] Level 1:colcon.colcon_core.package_identification:_identify(src/perception/camera_detection) by extensions ['colcon_meta']
[0.162s] Level 1:colcon.colcon_core.package_identification:_identify(src/perception/camera_detection) by extension 'colcon_meta'
[0.162s] Level 1:colcon.colcon_core.package_identification:_identify(src/perception/camera_detection) by extensions ['ros']
[0.162s] Level 1:colcon.colcon_core.package_identification:_identify(src/perception/camera_detection) by extension 'ros'
[0.163s] DEBUG:colcon.colcon_core.package_identification:Package 'src/perception/camera_detection' with type 'ros.ament_cmake' and name 'camera_detection'
[0.163s] Level 1:colcon.colcon_core.package_identification:_identify(src/perception/detection_fusion) by extensions ['ignore', 'ignore_ament_install']
[0.163s] Level 1:colcon.colcon_core.package_identification:_identify(src/perception/detection_fusion) by extension 'ignore'
[0.163s] Level 1:colcon.colcon_core.package_identification:_identify(src/perception/detection_fusion) by extension 'ignore_ament_install'
[0.163s] Level 1:colcon.colcon_core.package_identification:_identify(src/perception/detection_fusion) by extensions ['colcon_pkg']
[0.163s] Level 1:colcon.colcon_core.package_identification:_identify(src/perception/detection_fusion) by extension 'colcon_pkg'
[0.163s] Level 1:colcon.colcon_core.package_identification:_identify(src/perception/detection_fusion) by extensions ['colcon_meta']
[0.163s] Level 1:colcon.colcon_core.package_identification:_identify(src/perception/detection_fusion) by extension 'colcon_meta'
[0.163s] Level 1:colcon.colcon_core.package_identification:_identify(src/perception/detection_fusion) by extensions ['ros']
[0.163s] Level 1:colcon.colcon_core.package_identification:_identify(src/perception/detection_fusion) by extension 'ros'
[0.163s] DEBUG:colcon.colcon_core.package_identification:Package 'src/perception/detection_fusion' with type 'ros.ament_cmake' and name 'detection_fusion'
[0.163s] Level 1:colcon.colcon_core.package_identification:_identify(src/perception/lidar_detection) by extensions ['ignore', 'ignore_ament_install']
[0.163s] Level 1:colcon.colcon_core.package_identification:_identify(src/perception/lidar_detection) by extension 'ignore'
[0.163s] Level 1:colcon.colcon_core.package_identification:_identify(src/perception/lidar_detection) by extension 'ignore_ament_install'
[0.163s] Level 1:colcon.colcon_core.package_identification:_identify(src/perception/lidar_detection) by extensions ['colcon_pkg']
[0.163s] Level 1:colcon.colcon_core.package_identification:_identify(src/perception/lidar_detection) by extension 'colcon_pkg'
[0.163s] Level 1:colcon.colcon_core.package_identification:_identify(src/perception/lidar_detection) by extensions ['colcon_meta']
[0.163s] Level 1:colcon.colcon_core.package_identification:_identify(src/perception/lidar_detection) by extension 'colcon_meta'
[0.163s] Level 1:colcon.colcon_core.package_identification:_identify(src/perception/lidar_detection) by extensions ['ros']
[0.163s] Level 1:colcon.colcon_core.package_identification:_identify(src/perception/lidar_detection) by extension 'ros'
[0.164s] DEBUG:colcon.colcon_core.package_identification:Package 'src/perception/lidar_detection' with type 'ros.ament_cmake' and name 'lidar_detection'
[0.164s] Level 1:colcon.colcon_core.package_identification:_identify(src/planning) by extensions ['ignore', 'ignore_ament_install']
[0.164s] Level 1:colcon.colcon_core.package_identification:_identify(src/planning) by extension 'ignore'
[0.164s] Level 1:colcon.colcon_core.package_identification:_identify(src/planning) by extension 'ignore_ament_install'
[0.164s] Level 1:colcon.colcon_core.package_identification:_identify(src/planning) by extensions ['colcon_pkg']
[0.164s] Level 1:colcon.colcon_core.package_identification:_identify(src/planning) by extension 'colcon_pkg'
[0.164s] Level 1:colcon.colcon_core.package_identification:_identify(src/planning) by extensions ['colcon_meta']
[0.164s] Level 1:colcon.colcon_core.package_identification:_identify(src/planning) by extension 'colcon_meta'
[0.164s] Level 1:colcon.colcon_core.package_identification:_identify(src/planning) by extensions ['ros']
[0.164s] Level 1:colcon.colcon_core.package_identification:_identify(src/planning) by extension 'ros'
[0.164s] Level 1:colcon.colcon_core.package_identification:_identify(src/planning) by extensions ['cmake', 'python']
[0.164s] Level 1:colcon.colcon_core.package_identification:_identify(src/planning) by extension 'cmake'
[0.164s] Level 1:colcon.colcon_core.package_identification:_identify(src/planning) by extension 'python'
[0.164s] Level 1:colcon.colcon_core.package_identification:_identify(src/planning) by extensions ['python_setup_py']
[0.164s] Level 1:colcon.colcon_core.package_identification:_identify(src/planning) by extension 'python_setup_py'
[0.164s] Level 1:colcon.colcon_core.package_identification:_identify(src/planning/boundary_detector) by extensions ['ignore', 'ignore_ament_install']
[0.164s] Level 1:colcon.colcon_core.package_identification:_identify(src/planning/boundary_detector) by extension 'ignore'
[0.164s] Level 1:colcon.colcon_core.package_identification:_identify(src/planning/boundary_detector) by extension 'ignore_ament_install'
[0.164s] Level 1:colcon.colcon_core.package_identification:_identify(src/planning/boundary_detector) by extensions ['colcon_pkg']
[0.164s] Level 1:colcon.colcon_core.package_identification:_identify(src/planning/boundary_detector) by extension 'colcon_pkg'
[0.164s] Level 1:colcon.colcon_core.package_identification:_identify(src/planning/boundary_detector) by extensions ['colcon_meta']
[0.165s] Level 1:colcon.colcon_core.package_identification:_identify(src/planning/boundary_detector) by extension 'colcon_meta'
[0.165s] Level 1:colcon.colcon_core.package_identification:_identify(src/planning/boundary_detector) by extensions ['ros']
[0.165s] Level 1:colcon.colcon_core.package_identification:_identify(src/planning/boundary_detector) by extension 'ros'
[0.165s] DEBUG:colcon.colcon_core.package_identification:Package 'src/planning/boundary_detector' with type 'ros.ament_cmake' and name 'boundary_detector'
[0.165s] Level 1:colcon.colcon_core.package_identification:_identify(src/planning/path_generator) by extensions ['ignore', 'ignore_ament_install']
[0.165s] Level 1:colcon.colcon_core.package_identification:_identify(src/planning/path_generator) by extension 'ignore'
[0.165s] Level 1:colcon.colcon_core.package_identification:_identify(src/planning/path_generator) by extension 'ignore_ament_install'
[0.165s] Level 1:colcon.colcon_core.package_identification:_identify(src/planning/path_generator) by extensions ['colcon_pkg']
[0.165s] Level 1:colcon.colcon_core.package_identification:_identify(src/planning/path_generator) by extension 'colcon_pkg'
[0.165s] Level 1:colcon.colcon_core.package_identification:_identify(src/planning/path_generator) by extensions ['colcon_meta']
[0.165s] Level 1:colcon.colcon_core.package_identification:_identify(src/planning/path_generator) by extension 'colcon_meta'
[0.165s] Level 1:colcon.colcon_core.package_identification:_identify(src/planning/path_generator) by extensions ['ros']
[0.165s] Level 1:colcon.colcon_core.package_identification:_identify(src/planning/path_generator) by extension 'ros'
[0.165s] DEBUG:colcon.colcon_core.package_identification:Package 'src/planning/path_generator' with type 'ros.ament_cmake' and name 'path_generator'
[0.166s] Level 1:colcon.colcon_core.package_identification:_identify(src/system) by extensions ['ignore', 'ignore_ament_install']
[0.166s] Level 1:colcon.colcon_core.package_identification:_identify(src/system) by extension 'ignore'
[0.166s] Level 1:colcon.colcon_core.package_identification:_identify(src/system) by extension 'ignore_ament_install'
[0.166s] Level 1:colcon.colcon_core.package_identification:_identify(src/system) by extensions ['colcon_pkg']
[0.166s] Level 1:colcon.colcon_core.package_identification:_identify(src/system) by extension 'colcon_pkg'
[0.166s] Level 1:colcon.colcon_core.package_identification:_identify(src/system) by extensions ['colcon_meta']
[0.166s] Level 1:colcon.colcon_core.package_identification:_identify(src/system) by extension 'colcon_meta'
[0.166s] Level 1:colcon.colcon_core.package_identification:_identify(src/system) by extensions ['ros']
[0.166s] Level 1:colcon.colcon_core.package_identification:_identify(src/system) by extension 'ros'
[0.166s] Level 1:colcon.colcon_core.package_identification:_identify(src/system) by extensions ['cmake', 'python']
[0.166s] Level 1:colcon.colcon_core.package_identification:_identify(src/system) by extension 'cmake'
[0.166s] Level 1:colcon.colcon_core.package_identification:_identify(src/system) by extension 'python'
[0.166s] Level 1:colcon.colcon_core.package_identification:_identify(src/system) by extensions ['python_setup_py']
[0.166s] Level 1:colcon.colcon_core.package_identification:_identify(src/system) by extension 'python_setup_py'
[0.166s] Level 1:colcon.colcon_core.package_identification:_identify(src/system/mission_manager) by extensions ['ignore', 'ignore_ament_install']
[0.166s] Level 1:colcon.colcon_core.package_identification:_identify(src/system/mission_manager) by extension 'ignore'
[0.166s] Level 1:colcon.colcon_core.package_identification:_identify(src/system/mission_manager) by extension 'ignore_ament_install'
[0.166s] Level 1:colcon.colcon_core.package_identification:_identify(src/system/mission_manager) by extensions ['colcon_pkg']
[0.166s] Level 1:colcon.colcon_core.package_identification:_identify(src/system/mission_manager) by extension 'colcon_pkg'
[0.166s] Level 1:colcon.colcon_core.package_identification:_identify(src/system/mission_manager) by extensions ['colcon_meta']
[0.166s] Level 1:colcon.colcon_core.package_identification:_identify(src/system/mission_manager) by extension 'colcon_meta'
[0.166s] Level 1:colcon.colcon_core.package_identification:_identify(src/system/mission_manager) by extensions ['ros']
[0.166s] Level 1:colcon.colcon_core.package_identification:_identify(src/system/mission_manager) by extension 'ros'
[0.166s] DEBUG:colcon.colcon_core.package_identification:Package 'src/system/mission_manager' with type 'ros.ament_cmake' and name 'mission_manager'
[0.167s] Level 1:colcon.colcon_core.package_discovery:discover_packages(recursive) using defaults
[0.167s] Level 1:colcon.colcon_core.package_discovery:discover_packages(ignore) discover
[0.167s] Level 1:colcon.colcon_core.package_discovery:discover_packages(ignore) using defaults
[0.167s] Level 1:colcon.colcon_core.package_discovery:discover_packages(path) discover
[0.167s] Level 1:colcon.colcon_core.package_discovery:discover_packages(path) using defaults
[0.187s] Level 1:colcon.colcon_core.package_discovery:discover_packages(prefix_path) check parameters
[0.187s] Level 1:colcon.colcon_core.package_discovery:discover_packages(prefix_path) discover
[0.188s] DEBUG:colcon.colcon_installed_package_information.package_discovery:Found 289 installed packages in /opt/ros/humble
[0.189s] Level 1:colcon.colcon_core.package_discovery:discover_packages(prefix_path) using defaults
[0.209s] Level 5:colcon.colcon_core.verb:set package 'autoware_msgs' build argument 'cmake_args' from command line to '['-DCMAKE_MODULE_PATH=/home/starry1n/WUTA/WUTA-FSD/ros2_ws/cmake']'
[0.209s] Level 5:colcon.colcon_core.verb:set package 'autoware_msgs' build argument 'cmake_target' from command line to 'None'
[0.209s] Level 5:colcon.colcon_core.verb:set package 'autoware_msgs' build argument 'cmake_target_skip_unavailable' from command line to 'False'
[0.209s] Level 5:colcon.colcon_core.verb:set package 'autoware_msgs' build argument 'cmake_clean_cache' from command line to 'False'
[0.209s] Level 5:colcon.colcon_core.verb:set package 'autoware_msgs' build argument 'cmake_clean_first' from command line to 'False'
[0.209s] Level 5:colcon.colcon_core.verb:set package 'autoware_msgs' build argument 'cmake_force_configure' from command line to 'False'
[0.209s] Level 5:colcon.colcon_core.verb:set package 'autoware_msgs' build argument 'ament_cmake_args' from command line to 'None'
[0.209s] Level 5:colcon.colcon_core.verb:set package 'autoware_msgs' build argument 'catkin_cmake_args' from command line to 'None'
[0.209s] Level 5:colcon.colcon_core.verb:set package 'autoware_msgs' build argument 'catkin_skip_building_tests' from command line to 'False'
[0.209s] DEBUG:colcon.colcon_core.verb:Building package 'autoware_msgs' with the following arguments: {'ament_cmake_args': None, 'build_base': '/home/starry1n/WUTA/WUTA-FSD/ros2_ws/build/autoware_msgs', 'catkin_cmake_args': None, 'catkin_skip_building_tests': False, 'cmake_args': ['-DCMAKE_MODULE_PATH=/home/starry1n/WUTA/WUTA-FSD/ros2_ws/cmake'], 'cmake_clean_cache': False, 'cmake_clean_first': False, 'cmake_force_configure': False, 'cmake_target': None, 'cmake_target_skip_unavailable': False, 'install_base': '/home/starry1n/WUTA/WUTA-FSD/ros2_ws/install/autoware_msgs', 'merge_install': False, 'path': '/home/starry1n/WUTA/WUTA-FSD/ros2_ws/src/common/autoware_msgs', 'symlink_install': True, 'test_result_base': None}
[0.209s] Level 5:colcon.colcon_core.verb:set package 'kiss_icp' build argument 'cmake_args' from command line to '['-DCMAKE_MODULE_PATH=/home/starry1n/WUTA/WUTA-FSD/ros2_ws/cmake']'
[0.209s] Level 5:colcon.colcon_core.verb:set package 'kiss_icp' build argument 'cmake_target' from command line to 'None'
[0.209s] Level 5:colcon.colcon_core.verb:set package 'kiss_icp' build argument 'cmake_target_skip_unavailable' from command line to 'False'
[0.209s] Level 5:colcon.colcon_core.verb:set package 'kiss_icp' build argument 'cmake_clean_cache' from command line to 'False'
[0.209s] Level 5:colcon.colcon_core.verb:set package 'kiss_icp' build argument 'cmake_clean_first' from command line to 'False'
[0.209s] Level 5:colcon.colcon_core.verb:set package 'kiss_icp' build argument 'cmake_force_configure' from command line to 'False'
[0.209s] Level 5:colcon.colcon_core.verb:set package 'kiss_icp' build argument 'ament_cmake_args' from command line to 'None'
[0.209s] Level 5:colcon.colcon_core.verb:set package 'kiss_icp' build argument 'catkin_cmake_args' from command line to 'None'
[0.209s] Level 5:colcon.colcon_core.verb:set package 'kiss_icp' build argument 'catkin_skip_building_tests' from command line to 'False'
[0.209s] DEBUG:colcon.colcon_core.verb:Building package 'kiss_icp' with the following arguments: {'ament_cmake_args': None, 'build_base': '/home/starry1n/WUTA/WUTA-FSD/ros2_ws/build/kiss_icp', 'catkin_cmake_args': None, 'catkin_skip_building_tests': False, 'cmake_args': ['-DCMAKE_MODULE_PATH=/home/starry1n/WUTA/WUTA-FSD/ros2_ws/cmake'], 'cmake_clean_cache': False, 'cmake_clean_first': False, 'cmake_force_configure': False, 'cmake_target': None, 'cmake_target_skip_unavailable': False, 'install_base': '/home/starry1n/WUTA/WUTA-FSD/ros2_ws/install/kiss_icp', 'merge_install': False, 'path': '/home/starry1n/WUTA/WUTA-FSD/ros2_ws/src/localization/kiss-icp/ros', 'symlink_install': True, 'test_result_base': None}
[0.210s] Level 5:colcon.colcon_core.verb:set package 'robot_localization' build argument 'cmake_args' from command line to '['-DCMAKE_MODULE_PATH=/home/starry1n/WUTA/WUTA-FSD/ros2_ws/cmake']'
[0.210s] Level 5:colcon.colcon_core.verb:set package 'robot_localization' build argument 'cmake_target' from command line to 'None'
[0.210s] Level 5:colcon.colcon_core.verb:set package 'robot_localization' build argument 'cmake_target_skip_unavailable' from command line to 'False'
[0.210s] Level 5:colcon.colcon_core.verb:set package 'robot_localization' build argument 'cmake_clean_cache' from command line to 'False'
[0.210s] Level 5:colcon.colcon_core.verb:set package 'robot_localization' build argument 'cmake_clean_first' from command line to 'False'
[0.210s] Level 5:colcon.colcon_core.verb:set package 'robot_localization' build argument 'cmake_force_configure' from command line to 'False'
[0.210s] Level 5:colcon.colcon_core.verb:set package 'robot_localization' build argument 'ament_cmake_args' from command line to 'None'
[0.210s] Level 5:colcon.colcon_core.verb:set package 'robot_localization' build argument 'catkin_cmake_args' from command line to 'None'
[0.210s] Level 5:colcon.colcon_core.verb:set package 'robot_localization' build argument 'catkin_skip_building_tests' from command line to 'False'
[0.210s] DEBUG:colcon.colcon_core.verb:Building package 'robot_localization' with the following arguments: {'ament_cmake_args': None, 'build_base': '/home/starry1n/WUTA/WUTA-FSD/ros2_ws/build/robot_localization', 'catkin_cmake_args': None, 'catkin_skip_building_tests': False, 'cmake_args': ['-DCMAKE_MODULE_PATH=/home/starry1n/WUTA/WUTA-FSD/ros2_ws/cmake'], 'cmake_clean_cache': False, 'cmake_clean_first': False, 'cmake_force_configure': False, 'cmake_target': None, 'cmake_target_skip_unavailable': False, 'install_base': '/home/starry1n/WUTA/WUTA-FSD/ros2_ws/install/robot_localization', 'merge_install': False, 'path': '/home/starry1n/WUTA/WUTA-FSD/ros2_ws/src/localization/robot_localization', 'symlink_install': True, 'test_result_base': None}
[0.210s] Level 5:colcon.colcon_core.verb:set package 'wuta_msgs' build argument 'cmake_args' from command line to '['-DCMAKE_MODULE_PATH=/home/starry1n/WUTA/WUTA-FSD/ros2_ws/cmake']'
[0.210s] Level 5:colcon.colcon_core.verb:set package 'wuta_msgs' build argument 'cmake_target' from command line to 'None'
[0.210s] Level 5:colcon.colcon_core.verb:set package 'wuta_msgs' build argument 'cmake_target_skip_unavailable' from command line to 'False'
[0.210s] Level 5:colcon.colcon_core.verb:set package 'wuta_msgs' build argument 'cmake_clean_cache' from command line to 'False'
[0.210s] Level 5:colcon.colcon_core.verb:set package 'wuta_msgs' build argument 'cmake_clean_first' from command line to 'False'
[0.210s] Level 5:colcon.colcon_core.verb:set package 'wuta_msgs' build argument 'cmake_force_configure' from command line to 'False'
[0.210s] Level 5:colcon.colcon_core.verb:set package 'wuta_msgs' build argument 'ament_cmake_args' from command line to 'None'
[0.210s] Level 5:colcon.colcon_core.verb:set package 'wuta_msgs' build argument 'catkin_cmake_args' from command line to 'None'
[0.210s] Level 5:colcon.colcon_core.verb:set package 'wuta_msgs' build argument 'catkin_skip_building_tests' from command line to 'False'
[0.210s] DEBUG:colcon.colcon_core.verb:Building package 'wuta_msgs' with the following arguments: {'ament_cmake_args': None, 'build_base': '/home/starry1n/WUTA/WUTA-FSD/ros2_ws/build/wuta_msgs', 'catkin_cmake_args': None, 'catkin_skip_building_tests': False, 'cmake_args': ['-DCMAKE_MODULE_PATH=/home/starry1n/WUTA/WUTA-FSD/ros2_ws/cmake'], 'cmake_clean_cache': False, 'cmake_clean_first': False, 'cmake_force_configure': False, 'cmake_target': None, 'cmake_target_skip_unavailable': False, 'install_base': '/home/starry1n/WUTA/WUTA-FSD/ros2_ws/install/wuta_msgs', 'merge_install': False, 'path': '/home/starry1n/WUTA/WUTA-FSD/ros2_ws/src/common/wuta_msgs', 'symlink_install': True, 'test_result_base': None}
[0.210s] Level 5:colcon.colcon_core.verb:set package 'boundary_detector' build argument 'cmake_args' from command line to '['-DCMAKE_MODULE_PATH=/home/starry1n/WUTA/WUTA-FSD/ros2_ws/cmake']'
[0.210s] Level 5:colcon.colcon_core.verb:set package 'boundary_detector' build argument 'cmake_target' from command line to 'None'
[0.210s] Level 5:colcon.colcon_core.verb:set package 'boundary_detector' build argument 'cmake_target_skip_unavailable' from command line to 'False'
[0.210s] Level 5:colcon.colcon_core.verb:set package 'boundary_detector' build argument 'cmake_clean_cache' from command line to 'False'
[0.210s] Level 5:colcon.colcon_core.verb:set package 'boundary_detector' build argument 'cmake_clean_first' from command line to 'False'
[0.210s] Level 5:colcon.colcon_core.verb:set package 'boundary_detector' build argument 'cmake_force_configure' from command line to 'False'
[0.210s] Level 5:colcon.colcon_core.verb:set package 'boundary_detector' build argument 'ament_cmake_args' from command line to 'None'
[0.210s] Level 5:colcon.colcon_core.verb:set package 'boundary_detector' build argument 'catkin_cmake_args' from command line to 'None'
[0.210s] Level 5:colcon.colcon_core.verb:set package 'boundary_detector' build argument 'catkin_skip_building_tests' from command line to 'False'
[0.210s] DEBUG:colcon.colcon_core.verb:Building package 'boundary_detector' with the following arguments: {'ament_cmake_args': None, 'build_base': '/home/starry1n/WUTA/WUTA-FSD/ros2_ws/build/boundary_detector', 'catkin_cmake_args': None, 'catkin_skip_building_tests': False, 'cmake_args': ['-DCMAKE_MODULE_PATH=/home/starry1n/WUTA/WUTA-FSD/ros2_ws/cmake'], 'cmake_clean_cache': False, 'cmake_clean_first': False, 'cmake_force_configure': False, 'cmake_target': None, 'cmake_target_skip_unavailable': False, 'install_base': '/home/starry1n/WUTA/WUTA-FSD/ros2_ws/install/boundary_detector', 'merge_install': False, 'path': '/home/starry1n/WUTA/WUTA-FSD/ros2_ws/src/planning/boundary_detector', 'symlink_install': True, 'test_result_base': None}
[0.210s] Level 5:colcon.colcon_core.verb:set package 'camera_detection' build argument 'cmake_args' from command line to '['-DCMAKE_MODULE_PATH=/home/starry1n/WUTA/WUTA-FSD/ros2_ws/cmake']'
[0.210s] Level 5:colcon.colcon_core.verb:set package 'camera_detection' build argument 'cmake_target' from command line to 'None'
[0.210s] Level 5:colcon.colcon_core.verb:set package 'camera_detection' build argument 'cmake_target_skip_unavailable' from command line to 'False'
[0.210s] Level 5:colcon.colcon_core.verb:set package 'camera_detection' build argument 'cmake_clean_cache' from command line to 'False'
[0.210s] Level 5:colcon.colcon_core.verb:set package 'camera_detection' build argument 'cmake_clean_first' from command line to 'False'
[0.210s] Level 5:colcon.colcon_core.verb:set package 'camera_detection' build argument 'cmake_force_configure' from command line to 'False'
[0.211s] Level 5:colcon.colcon_core.verb:set package 'camera_detection' build argument 'ament_cmake_args' from command line to 'None'
[0.211s] Level 5:colcon.colcon_core.verb:set package 'camera_detection' build argument 'catkin_cmake_args' from command line to 'None'
[0.211s] Level 5:colcon.colcon_core.verb:set package 'camera_detection' build argument 'catkin_skip_building_tests' from command line to 'False'
[0.211s] DEBUG:colcon.colcon_core.verb:Building package 'camera_detection' with the following arguments: {'ament_cmake_args': None, 'build_base': '/home/starry1n/WUTA/WUTA-FSD/ros2_ws/build/camera_detection', 'catkin_cmake_args': None, 'catkin_skip_building_tests': False, 'cmake_args': ['-DCMAKE_MODULE_PATH=/home/starry1n/WUTA/WUTA-FSD/ros2_ws/cmake'], 'cmake_clean_cache': False, 'cmake_clean_first': False, 'cmake_force_configure': False, 'cmake_target': None, 'cmake_target_skip_unavailable': False, 'install_base': '/home/starry1n/WUTA/WUTA-FSD/ros2_ws/install/camera_detection', 'merge_install': False, 'path': '/home/starry1n/WUTA/WUTA-FSD/ros2_ws/src/perception/camera_detection', 'symlink_install': True, 'test_result_base': None}
[0.211s] Level 5:colcon.colcon_core.verb:set package 'cone_map_builder' build argument 'cmake_args' from command line to '['-DCMAKE_MODULE_PATH=/home/starry1n/WUTA/WUTA-FSD/ros2_ws/cmake']'
[0.211s] Level 5:colcon.colcon_core.verb:set package 'cone_map_builder' build argument 'cmake_target' from command line to 'None'
[0.211s] Level 5:colcon.colcon_core.verb:set package 'cone_map_builder' build argument 'cmake_target_skip_unavailable' from command line to 'False'
[0.211s] Level 5:colcon.colcon_core.verb:set package 'cone_map_builder' build argument 'cmake_clean_cache' from command line to 'False'
[0.211s] Level 5:colcon.colcon_core.verb:set package 'cone_map_builder' build argument 'cmake_clean_first' from command line to 'False'
[0.211s] Level 5:colcon.colcon_core.verb:set package 'cone_map_builder' build argument 'cmake_force_configure' from command line to 'False'
[0.211s] Level 5:colcon.colcon_core.verb:set package 'cone_map_builder' build argument 'ament_cmake_args' from command line to 'None'
[0.211s] Level 5:colcon.colcon_core.verb:set package 'cone_map_builder' build argument 'catkin_cmake_args' from command line to 'None'
[0.211s] Level 5:colcon.colcon_core.verb:set package 'cone_map_builder' build argument 'catkin_skip_building_tests' from command line to 'False'
[0.211s] DEBUG:colcon.colcon_core.verb:Building package 'cone_map_builder' with the following arguments: {'ament_cmake_args': None, 'build_base': '/home/starry1n/WUTA/WUTA-FSD/ros2_ws/build/cone_map_builder', 'catkin_cmake_args': None, 'catkin_skip_building_tests': False, 'cmake_args': ['-DCMAKE_MODULE_PATH=/home/starry1n/WUTA/WUTA-FSD/ros2_ws/cmake'], 'cmake_clean_cache': False, 'cmake_clean_first': False, 'cmake_force_configure': False, 'cmake_target': None, 'cmake_target_skip_unavailable': False, 'install_base': '/home/starry1n/WUTA/WUTA-FSD/ros2_ws/install/cone_map_builder', 'merge_install': False, 'path': '/home/starry1n/WUTA/WUTA-FSD/ros2_ws/src/mapping/cone_map_builder', 'symlink_install': True, 'test_result_base': None}
[0.211s] Level 5:colcon.colcon_core.verb:set package 'controller' build argument 'cmake_args' from command line to '['-DCMAKE_MODULE_PATH=/home/starry1n/WUTA/WUTA-FSD/ros2_ws/cmake']'
[0.211s] Level 5:colcon.colcon_core.verb:set package 'controller' build argument 'cmake_target' from command line to 'None'
[0.211s] Level 5:colcon.colcon_core.verb:set package 'controller' build argument 'cmake_target_skip_unavailable' from command line to 'False'
[0.211s] Level 5:colcon.colcon_core.verb:set package 'controller' build argument 'cmake_clean_cache' from command line to 'False'
[0.211s] Level 5:colcon.colcon_core.verb:set package 'controller' build argument 'cmake_clean_first' from command line to 'False'
[0.211s] Level 5:colcon.colcon_core.verb:set package 'controller' build argument 'cmake_force_configure' from command line to 'False'
[0.211s] Level 5:colcon.colcon_core.verb:set package 'controller' build argument 'ament_cmake_args' from command line to 'None'
[0.211s] Level 5:colcon.colcon_core.verb:set package 'controller' build argument 'catkin_cmake_args' from command line to 'None'
[0.211s] Level 5:colcon.colcon_core.verb:set package 'controller' build argument 'catkin_skip_building_tests' from command line to 'False'
[0.211s] DEBUG:colcon.colcon_core.verb:Building package 'controller' with the following arguments: {'ament_cmake_args': None, 'build_base': '/home/starry1n/WUTA/WUTA-FSD/ros2_ws/build/controller', 'catkin_cmake_args': None, 'catkin_skip_building_tests': False, 'cmake_args': ['-DCMAKE_MODULE_PATH=/home/starry1n/WUTA/WUTA-FSD/ros2_ws/cmake'], 'cmake_clean_cache': False, 'cmake_clean_first': False, 'cmake_force_configure': False, 'cmake_target': None, 'cmake_target_skip_unavailable': False, 'install_base': '/home/starry1n/WUTA/WUTA-FSD/ros2_ws/install/controller', 'merge_install': False, 'path': '/home/starry1n/WUTA/WUTA-FSD/ros2_ws/src/control/controller', 'symlink_install': True, 'test_result_base': None}
[0.211s] Level 5:colcon.colcon_core.verb:set package 'detection_fusion' build argument 'cmake_args' from command line to '['-DCMAKE_MODULE_PATH=/home/starry1n/WUTA/WUTA-FSD/ros2_ws/cmake']'
[0.211s] Level 5:colcon.colcon_core.verb:set package 'detection_fusion' build argument 'cmake_target' from command line to 'None'
[0.211s] Level 5:colcon.colcon_core.verb:set package 'detection_fusion' build argument 'cmake_target_skip_unavailable' from command line to 'False'
[0.211s] Level 5:colcon.colcon_core.verb:set package 'detection_fusion' build argument 'cmake_clean_cache' from command line to 'False'
[0.211s] Level 5:colcon.colcon_core.verb:set package 'detection_fusion' build argument 'cmake_clean_first' from command line to 'False'
[0.211s] Level 5:colcon.colcon_core.verb:set package 'detection_fusion' build argument 'cmake_force_configure' from command line to 'False'
[0.211s] Level 5:colcon.colcon_core.verb:set package 'detection_fusion' build argument 'ament_cmake_args' from command line to 'None'
[0.211s] Level 5:colcon.colcon_core.verb:set package 'detection_fusion' build argument 'catkin_cmake_args' from command line to 'None'
[0.211s] Level 5:colcon.colcon_core.verb:set package 'detection_fusion' build argument 'catkin_skip_building_tests' from command line to 'False'
[0.211s] DEBUG:colcon.colcon_core.verb:Building package 'detection_fusion' with the following arguments: {'ament_cmake_args': None, 'build_base': '/home/starry1n/WUTA/WUTA-FSD/ros2_ws/build/detection_fusion', 'catkin_cmake_args': None, 'catkin_skip_building_tests': False, 'cmake_args': ['-DCMAKE_MODULE_PATH=/home/starry1n/WUTA/WUTA-FSD/ros2_ws/cmake'], 'cmake_clean_cache': False, 'cmake_clean_first': False, 'cmake_force_configure': False, 'cmake_target': None, 'cmake_target_skip_unavailable': False, 'install_base': '/home/starry1n/WUTA/WUTA-FSD/ros2_ws/install/detection_fusion', 'merge_install': False, 'path': '/home/starry1n/WUTA/WUTA-FSD/ros2_ws/src/perception/detection_fusion', 'symlink_install': True, 'test_result_base': None}
[0.212s] Level 5:colcon.colcon_core.verb:set package 'kiss_icp_wrapper' build argument 'cmake_args' from command line to '['-DCMAKE_MODULE_PATH=/home/starry1n/WUTA/WUTA-FSD/ros2_ws/cmake']'
[0.212s] Level 5:colcon.colcon_core.verb:set package 'kiss_icp_wrapper' build argument 'cmake_target' from command line to 'None'
[0.212s] Level 5:colcon.colcon_core.verb:set package 'kiss_icp_wrapper' build argument 'cmake_target_skip_unavailable' from command line to 'False'
[0.212s] Level 5:colcon.colcon_core.verb:set package 'kiss_icp_wrapper' build argument 'cmake_clean_cache' from command line to 'False'
[0.212s] Level 5:colcon.colcon_core.verb:set package 'kiss_icp_wrapper' build argument 'cmake_clean_first' from command line to 'False'
[0.212s] Level 5:colcon.colcon_core.verb:set package 'kiss_icp_wrapper' build argument 'cmake_force_configure' from command line to 'False'
[0.212s] Level 5:colcon.colcon_core.verb:set package 'kiss_icp_wrapper' build argument 'ament_cmake_args' from command line to 'None'
[0.212s] Level 5:colcon.colcon_core.verb:set package 'kiss_icp_wrapper' build argument 'catkin_cmake_args' from command line to 'None'
[0.212s] Level 5:colcon.colcon_core.verb:set package 'kiss_icp_wrapper' build argument 'catkin_skip_building_tests' from command line to 'False'
[0.212s] DEBUG:colcon.colcon_core.verb:Building package 'kiss_icp_wrapper' with the following arguments: {'ament_cmake_args': None, 'build_base': '/home/starry1n/WUTA/WUTA-FSD/ros2_ws/build/kiss_icp_wrapper', 'catkin_cmake_args': None, 'catkin_skip_building_tests': False, 'cmake_args': ['-DCMAKE_MODULE_PATH=/home/starry1n/WUTA/WUTA-FSD/ros2_ws/cmake'], 'cmake_clean_cache': False, 'cmake_clean_first': False, 'cmake_force_configure': False, 'cmake_target': None, 'cmake_target_skip_unavailable': False, 'install_base': '/home/starry1n/WUTA/WUTA-FSD/ros2_ws/install/kiss_icp_wrapper', 'merge_install': False, 'path': '/home/starry1n/WUTA/WUTA-FSD/ros2_ws/src/localization/kiss_icp_wrapper', 'symlink_install': True, 'test_result_base': None}
[0.212s] Level 5:colcon.colcon_core.verb:set package 'lidar_detection' build argument 'cmake_args' from command line to '['-DCMAKE_MODULE_PATH=/home/starry1n/WUTA/WUTA-FSD/ros2_ws/cmake']'
[0.212s] Level 5:colcon.colcon_core.verb:set package 'lidar_detection' build argument 'cmake_target' from command line to 'None'
[0.212s] Level 5:colcon.colcon_core.verb:set package 'lidar_detection' build argument 'cmake_target_skip_unavailable' from command line to 'False'
[0.212s] Level 5:colcon.colcon_core.verb:set package 'lidar_detection' build argument 'cmake_clean_cache' from command line to 'False'
[0.212s] Level 5:colcon.colcon_core.verb:set package 'lidar_detection' build argument 'cmake_clean_first' from command line to 'False'
[0.212s] Level 5:colcon.colcon_core.verb:set package 'lidar_detection' build argument 'cmake_force_configure' from command line to 'False'
[0.212s] Level 5:colcon.colcon_core.verb:set package 'lidar_detection' build argument 'ament_cmake_args' from command line to 'None'
[0.212s] Level 5:colcon.colcon_core.verb:set package 'lidar_detection' build argument 'catkin_cmake_args' from command line to 'None'
[0.212s] Level 5:colcon.colcon_core.verb:set package 'lidar_detection' build argument 'catkin_skip_building_tests' from command line to 'False'
[0.212s] DEBUG:colcon.colcon_core.verb:Building package 'lidar_detection' with the following arguments: {'ament_cmake_args': None, 'build_base': '/home/starry1n/WUTA/WUTA-FSD/ros2_ws/build/lidar_detection', 'catkin_cmake_args': None, 'catkin_skip_building_tests': False, 'cmake_args': ['-DCMAKE_MODULE_PATH=/home/starry1n/WUTA/WUTA-FSD/ros2_ws/cmake'], 'cmake_clean_cache': False, 'cmake_clean_first': False, 'cmake_force_configure': False, 'cmake_target': None, 'cmake_target_skip_unavailable': False, 'install_base': '/home/starry1n/WUTA/WUTA-FSD/ros2_ws/install/lidar_detection', 'merge_install': False, 'path': '/home/starry1n/WUTA/WUTA-FSD/ros2_ws/src/perception/lidar_detection', 'symlink_install': True, 'test_result_base': None}
[0.212s] Level 5:colcon.colcon_core.verb:set package 'localization_manager' build argument 'cmake_args' from command line to '['-DCMAKE_MODULE_PATH=/home/starry1n/WUTA/WUTA-FSD/ros2_ws/cmake']'
[0.212s] Level 5:colcon.colcon_core.verb:set package 'localization_manager' build argument 'cmake_target' from command line to 'None'
[0.212s] Level 5:colcon.colcon_core.verb:set package 'localization_manager' build argument 'cmake_target_skip_unavailable' from command line to 'False'
[0.212s] Level 5:colcon.colcon_core.verb:set package 'localization_manager' build argument 'cmake_clean_cache' from command line to 'False'
[0.212s] Level 5:colcon.colcon_core.verb:set package 'localization_manager' build argument 'cmake_clean_first' from command line to 'False'
[0.212s] Level 5:colcon.colcon_core.verb:set package 'localization_manager' build argument 'cmake_force_configure' from command line to 'False'
[0.212s] Level 5:colcon.colcon_core.verb:set package 'localization_manager' build argument 'ament_cmake_args' from command line to 'None'
[0.212s] Level 5:colcon.colcon_core.verb:set package 'localization_manager' build argument 'catkin_cmake_args' from command line to 'None'
[0.212s] Level 5:colcon.colcon_core.verb:set package 'localization_manager' build argument 'catkin_skip_building_tests' from command line to 'False'
[0.212s] DEBUG:colcon.colcon_core.verb:Building package 'localization_manager' with the following arguments: {'ament_cmake_args': None, 'build_base': '/home/starry1n/WUTA/WUTA-FSD/ros2_ws/build/localization_manager', 'catkin_cmake_args': None, 'catkin_skip_building_tests': False, 'cmake_args': ['-DCMAKE_MODULE_PATH=/home/starry1n/WUTA/WUTA-FSD/ros2_ws/cmake'], 'cmake_clean_cache': False, 'cmake_clean_first': False, 'cmake_force_configure': False, 'cmake_target': None, 'cmake_target_skip_unavailable': False, 'install_base': '/home/starry1n/WUTA/WUTA-FSD/ros2_ws/install/localization_manager', 'merge_install': False, 'path': '/home/starry1n/WUTA/WUTA-FSD/ros2_ws/src/localization/localization_manager', 'symlink_install': True, 'test_result_base': None}
[0.212s] Level 5:colcon.colcon_core.verb:set package 'mission_manager' build argument 'cmake_args' from command line to '['-DCMAKE_MODULE_PATH=/home/starry1n/WUTA/WUTA-FSD/ros2_ws/cmake']'
[0.212s] Level 5:colcon.colcon_core.verb:set package 'mission_manager' build argument 'cmake_target' from command line to 'None'
[0.212s] Level 5:colcon.colcon_core.verb:set package 'mission_manager' build argument 'cmake_target_skip_unavailable' from command line to 'False'
[0.212s] Level 5:colcon.colcon_core.verb:set package 'mission_manager' build argument 'cmake_clean_cache' from command line to 'False'
[0.212s] Level 5:colcon.colcon_core.verb:set package 'mission_manager' build argument 'cmake_clean_first' from command line to 'False'
[0.212s] Level 5:colcon.colcon_core.verb:set package 'mission_manager' build argument 'cmake_force_configure' from command line to 'False'
[0.212s] Level 5:colcon.colcon_core.verb:set package 'mission_manager' build argument 'ament_cmake_args' from command line to 'None'
[0.212s] Level 5:colcon.colcon_core.verb:set package 'mission_manager' build argument 'catkin_cmake_args' from command line to 'None'
[0.212s] Level 5:colcon.colcon_core.verb:set package 'mission_manager' build argument 'catkin_skip_building_tests' from command line to 'False'
[0.212s] DEBUG:colcon.colcon_core.verb:Building package 'mission_manager' with the following arguments: {'ament_cmake_args': None, 'build_base': '/home/starry1n/WUTA/WUTA-FSD/ros2_ws/build/mission_manager', 'catkin_cmake_args': None, 'catkin_skip_building_tests': False, 'cmake_args': ['-DCMAKE_MODULE_PATH=/home/starry1n/WUTA/WUTA-FSD/ros2_ws/cmake'], 'cmake_clean_cache': False, 'cmake_clean_first': False, 'cmake_force_configure': False, 'cmake_target': None, 'cmake_target_skip_unavailable': False, 'install_base': '/home/starry1n/WUTA/WUTA-FSD/ros2_ws/install/mission_manager', 'merge_install': False, 'path': '/home/starry1n/WUTA/WUTA-FSD/ros2_ws/src/system/mission_manager', 'symlink_install': True, 'test_result_base': None}
[0.213s] Level 5:colcon.colcon_core.verb:set package 'ndt_localization' build argument 'cmake_args' from command line to '['-DCMAKE_MODULE_PATH=/home/starry1n/WUTA/WUTA-FSD/ros2_ws/cmake']'
[0.213s] Level 5:colcon.colcon_core.verb:set package 'ndt_localization' build argument 'cmake_target' from command line to 'None'
[0.213s] Level 5:colcon.colcon_core.verb:set package 'ndt_localization' build argument 'cmake_target_skip_unavailable' from command line to 'False'
[0.213s] Level 5:colcon.colcon_core.verb:set package 'ndt_localization' build argument 'cmake_clean_cache' from command line to 'False'
[0.213s] Level 5:colcon.colcon_core.verb:set package 'ndt_localization' build argument 'cmake_clean_first' from command line to 'False'
[0.213s] Level 5:colcon.colcon_core.verb:set package 'ndt_localization' build argument 'cmake_force_configure' from command line to 'False'
[0.213s] Level 5:colcon.colcon_core.verb:set package 'ndt_localization' build argument 'ament_cmake_args' from command line to 'None'
[0.213s] Level 5:colcon.colcon_core.verb:set package 'ndt_localization' build argument 'catkin_cmake_args' from command line to 'None'
[0.213s] Level 5:colcon.colcon_core.verb:set package 'ndt_localization' build argument 'catkin_skip_building_tests' from command line to 'False'
[0.213s] DEBUG:colcon.colcon_core.verb:Building package 'ndt_localization' with the following arguments: {'ament_cmake_args': None, 'build_base': '/home/starry1n/WUTA/WUTA-FSD/ros2_ws/build/ndt_localization', 'catkin_cmake_args': None, 'catkin_skip_building_tests': False, 'cmake_args': ['-DCMAKE_MODULE_PATH=/home/starry1n/WUTA/WUTA-FSD/ros2_ws/cmake'], 'cmake_clean_cache': False, 'cmake_clean_first': False, 'cmake_force_configure': False, 'cmake_target': None, 'cmake_target_skip_unavailable': False, 'install_base': '/home/starry1n/WUTA/WUTA-FSD/ros2_ws/install/ndt_localization', 'merge_install': False, 'path': '/home/starry1n/WUTA/WUTA-FSD/ros2_ws/src/localization/ndt_localization', 'symlink_install': True, 'test_result_base': None}
[0.213s] Level 5:colcon.colcon_core.verb:set package 'path_generator' build argument 'cmake_args' from command line to '['-DCMAKE_MODULE_PATH=/home/starry1n/WUTA/WUTA-FSD/ros2_ws/cmake']'
[0.213s] Level 5:colcon.colcon_core.verb:set package 'path_generator' build argument 'cmake_target' from command line to 'None'
[0.213s] Level 5:colcon.colcon_core.verb:set package 'path_generator' build argument 'cmake_target_skip_unavailable' from command line to 'False'
[0.213s] Level 5:colcon.colcon_core.verb:set package 'path_generator' build argument 'cmake_clean_cache' from command line to 'False'
[0.213s] Level 5:colcon.colcon_core.verb:set package 'path_generator' build argument 'cmake_clean_first' from command line to 'False'
[0.213s] Level 5:colcon.colcon_core.verb:set package 'path_generator' build argument 'cmake_force_configure' from command line to 'False'
[0.213s] Level 5:colcon.colcon_core.verb:set package 'path_generator' build argument 'ament_cmake_args' from command line to 'None'
[0.213s] Level 5:colcon.colcon_core.verb:set package 'path_generator' build argument 'catkin_cmake_args' from command line to 'None'
[0.213s] Level 5:colcon.colcon_core.verb:set package 'path_generator' build argument 'catkin_skip_building_tests' from command line to 'False'
[0.213s] DEBUG:colcon.colcon_core.verb:Building package 'path_generator' with the following arguments: {'ament_cmake_args': None, 'build_base': '/home/starry1n/WUTA/WUTA-FSD/ros2_ws/build/path_generator', 'catkin_cmake_args': None, 'catkin_skip_building_tests': False, 'cmake_args': ['-DCMAKE_MODULE_PATH=/home/starry1n/WUTA/WUTA-FSD/ros2_ws/cmake'], 'cmake_clean_cache': False, 'cmake_clean_first': False, 'cmake_force_configure': False, 'cmake_target': None, 'cmake_target_skip_unavailable': False, 'install_base': '/home/starry1n/WUTA/WUTA-FSD/ros2_ws/install/path_generator', 'merge_install': False, 'path': '/home/starry1n/WUTA/WUTA-FSD/ros2_ws/src/planning/path_generator', 'symlink_install': True, 'test_result_base': None}
[0.213s] Level 5:colcon.colcon_core.verb:set package 'wuta_tools' build argument 'cmake_args' from command line to '['-DCMAKE_MODULE_PATH=/home/starry1n/WUTA/WUTA-FSD/ros2_ws/cmake']'
[0.213s] Level 5:colcon.colcon_core.verb:set package 'wuta_tools' build argument 'cmake_target' from command line to 'None'
[0.213s] Level 5:colcon.colcon_core.verb:set package 'wuta_tools' build argument 'cmake_target_skip_unavailable' from command line to 'False'
[0.213s] Level 5:colcon.colcon_core.verb:set package 'wuta_tools' build argument 'cmake_clean_cache' from command line to 'False'
[0.213s] Level 5:colcon.colcon_core.verb:set package 'wuta_tools' build argument 'cmake_clean_first' from command line to 'False'
[0.213s] Level 5:colcon.colcon_core.verb:set package 'wuta_tools' build argument 'cmake_force_configure' from command line to 'False'
[0.213s] Level 5:colcon.colcon_core.verb:set package 'wuta_tools' build argument 'ament_cmake_args' from command line to 'None'
[0.213s] Level 5:colcon.colcon_core.verb:set package 'wuta_tools' build argument 'catkin_cmake_args' from command line to 'None'
[0.213s] Level 5:colcon.colcon_core.verb:set package 'wuta_tools' build argument 'catkin_skip_building_tests' from command line to 'False'
[0.213s] DEBUG:colcon.colcon_core.verb:Building package 'wuta_tools' with the following arguments: {'ament_cmake_args': None, 'build_base': '/home/starry1n/WUTA/WUTA-FSD/ros2_ws/build/wuta_tools', 'catkin_cmake_args': None, 'catkin_skip_building_tests': False, 'cmake_args': ['-DCMAKE_MODULE_PATH=/home/starry1n/WUTA/WUTA-FSD/ros2_ws/cmake'], 'cmake_clean_cache': False, 'cmake_clean_first': False, 'cmake_force_configure': False, 'cmake_target': None, 'cmake_target_skip_unavailable': False, 'install_base': '/home/starry1n/WUTA/WUTA-FSD/ros2_ws/install/wuta_tools', 'merge_install': False, 'path': '/home/starry1n/WUTA/WUTA-FSD/ros2_ws/src/common/wuta_tools', 'symlink_install': True, 'test_result_base': None}
[0.213s] INFO:colcon.colcon_core.executor:Executing jobs using 'parallel' executor
[0.214s] DEBUG:colcon.colcon_parallel_executor.executor.parallel:run_until_complete
[0.215s] INFO:colcon.colcon_ros.task.ament_cmake.build:Building ROS package in '/home/starry1n/WUTA/WUTA-FSD/ros2_ws/src/common/wuta_msgs' with build type 'ament_cmake'
[0.215s] INFO:colcon.colcon_cmake.task.cmake.build:Building CMake package in '/home/starry1n/WUTA/WUTA-FSD/ros2_ws/src/common/wuta_msgs'
[0.216s] INFO:colcon.colcon_core.plugin_system:Skipping extension 'colcon_core.shell.bat': Not used on non-Windows systems
[0.216s] INFO:colcon.colcon_core.shell:Skip shell extension 'powershell' for command environment: Not usable outside of PowerShell
[0.216s] DEBUG:colcon.colcon_core.shell:Skip shell extension 'dsv' for command environment
[0.218s] INFO:colcon.colcon_ros.task.ament_cmake.build:Building ROS package in '/home/starry1n/WUTA/WUTA-FSD/ros2_ws/src/common/autoware_msgs' with build type 'ament_cmake'
[0.218s] INFO:colcon.colcon_cmake.task.cmake.build:Building CMake package in '/home/starry1n/WUTA/WUTA-FSD/ros2_ws/src/common/autoware_msgs'
[0.218s] INFO:colcon.colcon_core.shell:Skip shell extension 'powershell' for command environment: Not usable outside of PowerShell
[0.218s] DEBUG:colcon.colcon_core.shell:Skip shell extension 'dsv' for command environment
[0.220s] INFO:colcon.colcon_ros.task.ament_cmake.build:Building ROS package in '/home/starry1n/WUTA/WUTA-FSD/ros2_ws/src/localization/kiss-icp/ros' with build type 'ament_cmake'
[0.220s] INFO:colcon.colcon_cmake.task.cmake.build:Building CMake package in '/home/starry1n/WUTA/WUTA-FSD/ros2_ws/src/localization/kiss-icp/ros'
[0.221s] INFO:colcon.colcon_core.shell:Skip shell extension 'powershell' for command environment: Not usable outside of PowerShell
[0.221s] DEBUG:colcon.colcon_core.shell:Skip shell extension 'dsv' for command environment
[0.222s] INFO:colcon.colcon_ros.task.ament_cmake.build:Building ROS package in '/home/starry1n/WUTA/WUTA-FSD/ros2_ws/src/localization/robot_localization' with build type 'ament_cmake'
[0.222s] INFO:colcon.colcon_cmake.task.cmake.build:Building CMake package in '/home/starry1n/WUTA/WUTA-FSD/ros2_ws/src/localization/robot_localization'
[0.223s] INFO:colcon.colcon_core.shell:Skip shell extension 'powershell' for command environment: Not usable outside of PowerShell
[0.223s] DEBUG:colcon.colcon_core.shell:Skip shell extension 'dsv' for command environment
[0.228s] DEBUG:colcon.colcon_core.event_handler.log_command:Invoking command in '/home/starry1n/WUTA/WUTA-FSD/ros2_ws/build/wuta_msgs': CMAKE_PREFIX_PATH=/opt/ros/humble /usr/bin/cmake --build /home/starry1n/WUTA/WUTA-FSD/ros2_ws/build/wuta_msgs -- -j8 -l8
[0.232s] DEBUG:colcon.colcon_core.event_handler.log_command:Invoking command in '/home/starry1n/WUTA/WUTA-FSD/ros2_ws/build/autoware_msgs': CMAKE_PREFIX_PATH=/opt/ros/humble /usr/bin/cmake --build /home/starry1n/WUTA/WUTA-FSD/ros2_ws/build/autoware_msgs -- -j8 -l8
[0.236s] DEBUG:colcon.colcon_core.event_handler.log_command:Invoking command in '/home/starry1n/WUTA/WUTA-FSD/ros2_ws/build/kiss_icp': CMAKE_PREFIX_PATH=/opt/ros/humble /usr/bin/cmake --build /home/starry1n/WUTA/WUTA-FSD/ros2_ws/build/kiss_icp -- -j8 -l8
[0.245s] DEBUG:colcon.colcon_core.event_handler.log_command:Invoking command in '/home/starry1n/WUTA/WUTA-FSD/ros2_ws/build/robot_localization': CMAKE_PREFIX_PATH=/opt/ros/humble /usr/bin/cmake --build /home/starry1n/WUTA/WUTA-FSD/ros2_ws/build/robot_localization -- -j8 -l8
[0.442s] DEBUG:colcon.colcon_core.event_handler.log_command:Invoked command in '/home/starry1n/WUTA/WUTA-FSD/ros2_ws/build/kiss_icp' returned '0': CMAKE_PREFIX_PATH=/opt/ros/humble /usr/bin/cmake --build /home/starry1n/WUTA/WUTA-FSD/ros2_ws/build/kiss_icp -- -j8 -l8
[0.460s] DEBUG:colcon.colcon_core.event_handler.log_command:Invoking command in '/home/starry1n/WUTA/WUTA-FSD/ros2_ws/build/kiss_icp': CMAKE_PREFIX_PATH=/opt/ros/humble /usr/bin/cmake --install /home/starry1n/WUTA/WUTA-FSD/ros2_ws/build/kiss_icp
[0.480s] Level 1:colcon.colcon_core.environment:create_environment_scripts_only(kiss_icp)
[0.482s] Level 1:colcon.colcon_core.environment:checking '/home/starry1n/WUTA/WUTA-FSD/ros2_ws/install/kiss_icp' for CMake module files
[0.482s] Level 1:colcon.colcon_core.environment:checking '/home/starry1n/WUTA/WUTA-FSD/ros2_ws/install/kiss_icp' for CMake config files
[0.482s] Level 1:colcon.colcon_core.shell:create_environment_hook('kiss_icp', 'cmake_prefix_path')
[0.482s] INFO:colcon.colcon_core.shell:Creating environment hook '/home/starry1n/WUTA/WUTA-FSD/ros2_ws/install/kiss_icp/share/kiss_icp/hook/cmake_prefix_path.ps1'
[0.484s] DEBUG:colcon.colcon_core.event_handler.log_command:Invoked command in '/home/starry1n/WUTA/WUTA-FSD/ros2_ws/build/kiss_icp' returned '0': CMAKE_PREFIX_PATH=/opt/ros/humble /usr/bin/cmake --install /home/starry1n/WUTA/WUTA-FSD/ros2_ws/build/kiss_icp
[0.485s] INFO:colcon.colcon_core.shell:Creating environment descriptor '/home/starry1n/WUTA/WUTA-FSD/ros2_ws/install/kiss_icp/share/kiss_icp/hook/cmake_prefix_path.dsv'
[0.485s] INFO:colcon.colcon_core.shell:Creating environment hook '/home/starry1n/WUTA/WUTA-FSD/ros2_ws/install/kiss_icp/share/kiss_icp/hook/cmake_prefix_path.sh'
[0.486s] Level 1:colcon.colcon_core.environment:checking '/home/starry1n/WUTA/WUTA-FSD/ros2_ws/install/kiss_icp/lib'
[0.486s] Level 1:colcon.colcon_core.shell:create_environment_hook('kiss_icp', 'ld_library_path_lib')
[0.486s] INFO:colcon.colcon_core.shell:Creating environment hook '/home/starry1n/WUTA/WUTA-FSD/ros2_ws/install/kiss_icp/share/kiss_icp/hook/ld_library_path_lib.ps1'
[0.487s] INFO:colcon.colcon_core.shell:Creating environment descriptor '/home/starry1n/WUTA/WUTA-FSD/ros2_ws/install/kiss_icp/share/kiss_icp/hook/ld_library_path_lib.dsv'
[0.487s] INFO:colcon.colcon_core.shell:Creating environment hook '/home/starry1n/WUTA/WUTA-FSD/ros2_ws/install/kiss_icp/share/kiss_icp/hook/ld_library_path_lib.sh'
[0.488s] Level 1:colcon.colcon_core.environment:checking '/home/starry1n/WUTA/WUTA-FSD/ros2_ws/install/kiss_icp/bin'
[0.488s] Level 1:colcon.colcon_core.environment:checking '/home/starry1n/WUTA/WUTA-FSD/ros2_ws/install/kiss_icp/lib/pkgconfig/kiss_icp.pc'
[0.488s] Level 1:colcon.colcon_core.environment:checking '/home/starry1n/WUTA/WUTA-FSD/ros2_ws/install/kiss_icp/lib/python3.10/site-packages'
[0.488s] Level 1:colcon.colcon_core.environment:checking '/home/starry1n/WUTA/WUTA-FSD/ros2_ws/install/kiss_icp/bin'
[0.488s] INFO:colcon.colcon_core.shell:Creating package script '/home/starry1n/WUTA/WUTA-FSD/ros2_ws/install/kiss_icp/share/kiss_icp/package.ps1'
[0.489s] INFO:colcon.colcon_core.shell:Creating package descriptor '/home/starry1n/WUTA/WUTA-FSD/ros2_ws/install/kiss_icp/share/kiss_icp/package.dsv'
[0.489s] INFO:colcon.colcon_core.shell:Creating package script '/home/starry1n/WUTA/WUTA-FSD/ros2_ws/install/kiss_icp/share/kiss_icp/package.sh'
[0.491s] INFO:colcon.colcon_core.shell:Creating package script '/home/starry1n/WUTA/WUTA-FSD/ros2_ws/install/kiss_icp/share/kiss_icp/package.bash'
[0.492s] INFO:colcon.colcon_core.shell:Creating package script '/home/starry1n/WUTA/WUTA-FSD/ros2_ws/install/kiss_icp/share/kiss_icp/package.zsh'
[0.492s] Level 1:colcon.colcon_core.environment:create_file_with_runtime_dependencies(/home/starry1n/WUTA/WUTA-FSD/ros2_ws/install/kiss_icp/share/colcon-core/packages/kiss_icp)
[0.493s] Level 1:colcon.colcon_core.environment:create_environment_scripts_only(kiss_icp)
[0.493s] Level 1:colcon.colcon_core.environment:checking '/home/starry1n/WUTA/WUTA-FSD/ros2_ws/install/kiss_icp' for CMake module files
[0.494s] Level 1:colcon.colcon_core.environment:checking '/home/starry1n/WUTA/WUTA-FSD/ros2_ws/install/kiss_icp' for CMake config files
[0.494s] Level 1:colcon.colcon_core.shell:create_environment_hook('kiss_icp', 'cmake_prefix_path')
[0.494s] INFO:colcon.colcon_core.shell:Creating environment hook '/home/starry1n/WUTA/WUTA-FSD/ros2_ws/install/kiss_icp/share/kiss_icp/hook/cmake_prefix_path.ps1'
[0.494s] INFO:colcon.colcon_core.shell:Creating environment descriptor '/home/starry1n/WUTA/WUTA-FSD/ros2_ws/install/kiss_icp/share/kiss_icp/hook/cmake_prefix_path.dsv'
[0.498s] INFO:colcon.colcon_core.shell:Creating environment hook '/home/starry1n/WUTA/WUTA-FSD/ros2_ws/install/kiss_icp/share/kiss_icp/hook/cmake_prefix_path.sh'
[0.499s] Level 1:colcon.colcon_core.environment:checking '/home/starry1n/WUTA/WUTA-FSD/ros2_ws/install/kiss_icp/lib'
[0.499s] Level 1:colcon.colcon_core.shell:create_environment_hook('kiss_icp', 'ld_library_path_lib')
[0.499s] INFO:colcon.colcon_core.shell:Creating environment hook '/home/starry1n/WUTA/WUTA-FSD/ros2_ws/install/kiss_icp/share/kiss_icp/hook/ld_library_path_lib.ps1'
[0.501s] INFO:colcon.colcon_core.shell:Creating environment descriptor '/home/starry1n/WUTA/WUTA-FSD/ros2_ws/install/kiss_icp/share/kiss_icp/hook/ld_library_path_lib.dsv'
[0.502s] INFO:colcon.colcon_core.shell:Creating environment hook '/home/starry1n/WUTA/WUTA-FSD/ros2_ws/install/kiss_icp/share/kiss_icp/hook/ld_library_path_lib.sh'
[0.503s] Level 1:colcon.colcon_core.environment:checking '/home/starry1n/WUTA/WUTA-FSD/ros2_ws/install/kiss_icp/bin'
[0.503s] Level 1:colcon.colcon_core.environment:checking '/home/starry1n/WUTA/WUTA-FSD/ros2_ws/install/kiss_icp/lib/pkgconfig/kiss_icp.pc'
[0.503s] Level 1:colcon.colcon_core.environment:checking '/home/starry1n/WUTA/WUTA-FSD/ros2_ws/install/kiss_icp/lib/python3.10/site-packages'
[0.504s] Level 1:colcon.colcon_core.environment:checking '/home/starry1n/WUTA/WUTA-FSD/ros2_ws/install/kiss_icp/bin'
[0.504s] INFO:colcon.colcon_core.shell:Creating package script '/home/starry1n/WUTA/WUTA-FSD/ros2_ws/install/kiss_icp/share/kiss_icp/package.ps1'
[0.505s] INFO:colcon.colcon_core.shell:Creating package descriptor '/home/starry1n/WUTA/WUTA-FSD/ros2_ws/install/kiss_icp/share/kiss_icp/package.dsv'
[0.508s] INFO:colcon.colcon_core.shell:Creating package script '/home/starry1n/WUTA/WUTA-FSD/ros2_ws/install/kiss_icp/share/kiss_icp/package.sh'
[0.510s] INFO:colcon.colcon_core.shell:Creating package script '/home/starry1n/WUTA/WUTA-FSD/ros2_ws/install/kiss_icp/share/kiss_icp/package.bash'
[0.511s] INFO:colcon.colcon_core.shell:Creating package script '/home/starry1n/WUTA/WUTA-FSD/ros2_ws/install/kiss_icp/share/kiss_icp/package.zsh'
[0.512s] Level 1:colcon.colcon_core.environment:create_file_with_runtime_dependencies(/home/starry1n/WUTA/WUTA-FSD/ros2_ws/install/kiss_icp/share/colcon-core/packages/kiss_icp)
[0.612s] DEBUG:colcon.colcon_core.event_handler.log_command:Invoked command in '/home/starry1n/WUTA/WUTA-FSD/ros2_ws/build/autoware_msgs' returned '0': CMAKE_PREFIX_PATH=/opt/ros/humble /usr/bin/cmake --build /home/starry1n/WUTA/WUTA-FSD/ros2_ws/build/autoware_msgs -- -j8 -l8
[0.615s] DEBUG:colcon.colcon_core.event_handler.log_command:Invoking command in '/home/starry1n/WUTA/WUTA-FSD/ros2_ws/build/autoware_msgs': CMAKE_PREFIX_PATH=/opt/ros/humble /usr/bin/cmake --install /home/starry1n/WUTA/WUTA-FSD/ros2_ws/build/autoware_msgs
[0.641s] DEBUG:colcon.colcon_core.event_handler.log_command:Invoked command in '/home/starry1n/WUTA/WUTA-FSD/ros2_ws/build/wuta_msgs' returned '0': CMAKE_PREFIX_PATH=/opt/ros/humble /usr/bin/cmake --build /home/starry1n/WUTA/WUTA-FSD/ros2_ws/build/wuta_msgs -- -j8 -l8
[0.645s] DEBUG:colcon.colcon_core.event_handler.log_command:Invoking command in '/home/starry1n/WUTA/WUTA-FSD/ros2_ws/build/wuta_msgs': CMAKE_PREFIX_PATH=/opt/ros/humble /usr/bin/cmake --install /home/starry1n/WUTA/WUTA-FSD/ros2_ws/build/wuta_msgs
[0.685s] Level 1:colcon.colcon_core.environment:create_environment_scripts_only(autoware_msgs)
[0.685s] DEBUG:colcon.colcon_core.event_handler.log_command:Invoked command in '/home/starry1n/WUTA/WUTA-FSD/ros2_ws/build/autoware_msgs' returned '0': CMAKE_PREFIX_PATH=/opt/ros/humble /usr/bin/cmake --install /home/starry1n/WUTA/WUTA-FSD/ros2_ws/build/autoware_msgs
[0.686s] Level 1:colcon.colcon_core.environment:checking '/home/starry1n/WUTA/WUTA-FSD/ros2_ws/install/autoware_msgs' for CMake module files
[0.686s] Level 1:colcon.colcon_core.environment:checking '/home/starry1n/WUTA/WUTA-FSD/ros2_ws/install/autoware_msgs' for CMake config files
[0.686s] Level 1:colcon.colcon_core.shell:create_environment_hook('autoware_msgs', 'cmake_prefix_path')
[0.687s] INFO:colcon.colcon_core.shell:Creating environment hook '/home/starry1n/WUTA/WUTA-FSD/ros2_ws/install/autoware_msgs/share/autoware_msgs/hook/cmake_prefix_path.ps1'
[0.687s] INFO:colcon.colcon_core.shell:Creating environment descriptor '/home/starry1n/WUTA/WUTA-FSD/ros2_ws/install/autoware_msgs/share/autoware_msgs/hook/cmake_prefix_path.dsv'
[0.687s] INFO:colcon.colcon_core.shell:Creating environment hook '/home/starry1n/WUTA/WUTA-FSD/ros2_ws/install/autoware_msgs/share/autoware_msgs/hook/cmake_prefix_path.sh'
[0.688s] Level 1:colcon.colcon_core.environment:checking '/home/starry1n/WUTA/WUTA-FSD/ros2_ws/install/autoware_msgs/lib'
[0.688s] Level 1:colcon.colcon_core.shell:create_environment_hook('autoware_msgs', 'ld_library_path_lib')
[0.688s] INFO:colcon.colcon_core.shell:Creating environment hook '/home/starry1n/WUTA/WUTA-FSD/ros2_ws/install/autoware_msgs/share/autoware_msgs/hook/ld_library_path_lib.ps1'
[0.688s] INFO:colcon.colcon_core.shell:Creating environment descriptor '/home/starry1n/WUTA/WUTA-FSD/ros2_ws/install/autoware_msgs/share/autoware_msgs/hook/ld_library_path_lib.dsv'
[0.689s] INFO:colcon.colcon_core.shell:Creating environment hook '/home/starry1n/WUTA/WUTA-FSD/ros2_ws/install/autoware_msgs/share/autoware_msgs/hook/ld_library_path_lib.sh'
[0.689s] Level 1:colcon.colcon_core.environment:checking '/home/starry1n/WUTA/WUTA-FSD/ros2_ws/install/autoware_msgs/bin'
[0.689s] Level 1:colcon.colcon_core.environment:checking '/home/starry1n/WUTA/WUTA-FSD/ros2_ws/install/autoware_msgs/lib/pkgconfig/autoware_msgs.pc'
[0.689s] Level 1:colcon.colcon_core.environment:checking '/home/starry1n/WUTA/WUTA-FSD/ros2_ws/install/autoware_msgs/lib/python3.10/site-packages'
[0.691s] Level 1:colcon.colcon_core.environment:checking '/home/starry1n/WUTA/WUTA-FSD/ros2_ws/install/autoware_msgs/bin'
[0.691s] INFO:colcon.colcon_core.shell:Creating package script '/home/starry1n/WUTA/WUTA-FSD/ros2_ws/install/autoware_msgs/share/autoware_msgs/package.ps1'
[0.692s] INFO:colcon.colcon_core.shell:Creating package descriptor '/home/starry1n/WUTA/WUTA-FSD/ros2_ws/install/autoware_msgs/share/autoware_msgs/package.dsv'
[0.693s] INFO:colcon.colcon_core.shell:Creating package script '/home/starry1n/WUTA/WUTA-FSD/ros2_ws/install/autoware_msgs/share/autoware_msgs/package.sh'
[0.694s] INFO:colcon.colcon_core.shell:Creating package script '/home/starry1n/WUTA/WUTA-FSD/ros2_ws/install/autoware_msgs/share/autoware_msgs/package.bash'
[0.694s] INFO:colcon.colcon_core.shell:Creating package script '/home/starry1n/WUTA/WUTA-FSD/ros2_ws/install/autoware_msgs/share/autoware_msgs/package.zsh'
[0.695s] Level 1:colcon.colcon_core.environment:create_file_with_runtime_dependencies(/home/starry1n/WUTA/WUTA-FSD/ros2_ws/install/autoware_msgs/share/colcon-core/packages/autoware_msgs)
[0.696s] Level 1:colcon.colcon_core.environment:create_environment_scripts_only(autoware_msgs)
[0.696s] Level 1:colcon.colcon_core.environment:checking '/home/starry1n/WUTA/WUTA-FSD/ros2_ws/install/autoware_msgs' for CMake module files
[0.696s] Level 1:colcon.colcon_core.environment:checking '/home/starry1n/WUTA/WUTA-FSD/ros2_ws/install/autoware_msgs' for CMake config files
[0.696s] Level 1:colcon.colcon_core.shell:create_environment_hook('autoware_msgs', 'cmake_prefix_path')
[0.696s] INFO:colcon.colcon_core.shell:Creating environment hook '/home/starry1n/WUTA/WUTA-FSD/ros2_ws/install/autoware_msgs/share/autoware_msgs/hook/cmake_prefix_path.ps1'
[0.697s] INFO:colcon.colcon_core.shell:Creating environment descriptor '/home/starry1n/WUTA/WUTA-FSD/ros2_ws/install/autoware_msgs/share/autoware_msgs/hook/cmake_prefix_path.dsv'
[0.697s] INFO:colcon.colcon_core.shell:Creating environment hook '/home/starry1n/WUTA/WUTA-FSD/ros2_ws/install/autoware_msgs/share/autoware_msgs/hook/cmake_prefix_path.sh'
[0.697s] Level 1:colcon.colcon_core.environment:checking '/home/starry1n/WUTA/WUTA-FSD/ros2_ws/install/autoware_msgs/lib'
[0.698s] Level 1:colcon.colcon_core.shell:create_environment_hook('autoware_msgs', 'ld_library_path_lib')
[0.698s] INFO:colcon.colcon_core.shell:Creating environment hook '/home/starry1n/WUTA/WUTA-FSD/ros2_ws/install/autoware_msgs/share/autoware_msgs/hook/ld_library_path_lib.ps1'
[0.699s] INFO:colcon.colcon_core.shell:Creating environment descriptor '/home/starry1n/WUTA/WUTA-FSD/ros2_ws/install/autoware_msgs/share/autoware_msgs/hook/ld_library_path_lib.dsv'
[0.701s] INFO:colcon.colcon_core.shell:Creating environment hook '/home/starry1n/WUTA/WUTA-FSD/ros2_ws/install/autoware_msgs/share/autoware_msgs/hook/ld_library_path_lib.sh'
[0.701s] Level 1:colcon.colcon_core.environment:checking '/home/starry1n/WUTA/WUTA-FSD/ros2_ws/install/autoware_msgs/bin'
[0.702s] Level 1:colcon.colcon_core.environment:checking '/home/starry1n/WUTA/WUTA-FSD/ros2_ws/install/autoware_msgs/lib/pkgconfig/autoware_msgs.pc'
[0.702s] Level 1:colcon.colcon_core.environment:checking '/home/starry1n/WUTA/WUTA-FSD/ros2_ws/install/autoware_msgs/lib/python3.10/site-packages'
[0.702s] Level 1:colcon.colcon_core.environment:checking '/home/starry1n/WUTA/WUTA-FSD/ros2_ws/install/autoware_msgs/bin'
[0.702s] INFO:colcon.colcon_core.shell:Creating package script '/home/starry1n/WUTA/WUTA-FSD/ros2_ws/install/autoware_msgs/share/autoware_msgs/package.ps1'
[0.704s] INFO:colcon.colcon_core.shell:Creating package descriptor '/home/starry1n/WUTA/WUTA-FSD/ros2_ws/install/autoware_msgs/share/autoware_msgs/package.dsv'
[0.704s] INFO:colcon.colcon_core.shell:Creating package script '/home/starry1n/WUTA/WUTA-FSD/ros2_ws/install/autoware_msgs/share/autoware_msgs/package.sh'
[0.705s] INFO:colcon.colcon_core.shell:Creating package script '/home/starry1n/WUTA/WUTA-FSD/ros2_ws/install/autoware_msgs/share/autoware_msgs/package.bash'
[0.705s] INFO:colcon.colcon_core.shell:Creating package script '/home/starry1n/WUTA/WUTA-FSD/ros2_ws/install/autoware_msgs/share/autoware_msgs/package.zsh'
[0.706s] Level 1:colcon.colcon_core.environment:create_file_with_runtime_dependencies(/home/starry1n/WUTA/WUTA-FSD/ros2_ws/install/autoware_msgs/share/colcon-core/packages/autoware_msgs)
[0.708s] Level 1:colcon.colcon_core.environment:create_environment_scripts_only(wuta_msgs)
[0.709s] DEBUG:colcon.colcon_core.event_handler.log_command:Invoked command in '/home/starry1n/WUTA/WUTA-FSD/ros2_ws/build/wuta_msgs' returned '0': CMAKE_PREFIX_PATH=/opt/ros/humble /usr/bin/cmake --install /home/starry1n/WUTA/WUTA-FSD/ros2_ws/build/wuta_msgs
[0.709s] Level 1:colcon.colcon_core.environment:checking '/home/starry1n/WUTA/WUTA-FSD/ros2_ws/install/wuta_msgs' for CMake module files
[0.710s] Level 1:colcon.colcon_core.environment:checking '/home/starry1n/WUTA/WUTA-FSD/ros2_ws/install/wuta_msgs' for CMake config files
[0.711s] Level 1:colcon.colcon_core.shell:create_environment_hook('wuta_msgs', 'cmake_prefix_path')
[0.711s] INFO:colcon.colcon_core.shell:Creating environment hook '/home/starry1n/WUTA/WUTA-FSD/ros2_ws/install/wuta_msgs/share/wuta_msgs/hook/cmake_prefix_path.ps1'
[0.712s] INFO:colcon.colcon_core.shell:Creating environment descriptor '/home/starry1n/WUTA/WUTA-FSD/ros2_ws/install/wuta_msgs/share/wuta_msgs/hook/cmake_prefix_path.dsv'
[0.712s] INFO:colcon.colcon_core.shell:Creating environment hook '/home/starry1n/WUTA/WUTA-FSD/ros2_ws/install/wuta_msgs/share/wuta_msgs/hook/cmake_prefix_path.sh'
[0.713s] Level 1:colcon.colcon_core.environment:checking '/home/starry1n/WUTA/WUTA-FSD/ros2_ws/install/wuta_msgs/lib'
[0.713s] Level 1:colcon.colcon_core.shell:create_environment_hook('wuta_msgs', 'ld_library_path_lib')
[0.713s] INFO:colcon.colcon_core.shell:Creating environment hook '/home/starry1n/WUTA/WUTA-FSD/ros2_ws/install/wuta_msgs/share/wuta_msgs/hook/ld_library_path_lib.ps1'
[0.713s] INFO:colcon.colcon_core.shell:Creating environment descriptor '/home/starry1n/WUTA/WUTA-FSD/ros2_ws/install/wuta_msgs/share/wuta_msgs/hook/ld_library_path_lib.dsv'
[0.713s] INFO:colcon.colcon_core.shell:Creating environment hook '/home/starry1n/WUTA/WUTA-FSD/ros2_ws/install/wuta_msgs/share/wuta_msgs/hook/ld_library_path_lib.sh'
[0.714s] Level 1:colcon.colcon_core.environment:checking '/home/starry1n/WUTA/WUTA-FSD/ros2_ws/install/wuta_msgs/bin'
[0.714s] Level 1:colcon.colcon_core.environment:checking '/home/starry1n/WUTA/WUTA-FSD/ros2_ws/install/wuta_msgs/lib/pkgconfig/wuta_msgs.pc'
[0.714s] Level 1:colcon.colcon_core.environment:checking '/home/starry1n/WUTA/WUTA-FSD/ros2_ws/install/wuta_msgs/lib/python3.10/site-packages'
[0.714s] Level 1:colcon.colcon_core.environment:checking '/home/starry1n/WUTA/WUTA-FSD/ros2_ws/install/wuta_msgs/bin'
[0.714s] INFO:colcon.colcon_core.shell:Creating package script '/home/starry1n/WUTA/WUTA-FSD/ros2_ws/install/wuta_msgs/share/wuta_msgs/package.ps1'
[0.715s] INFO:colcon.colcon_core.shell:Creating package descriptor '/home/starry1n/WUTA/WUTA-FSD/ros2_ws/install/wuta_msgs/share/wuta_msgs/package.dsv'
[0.715s] INFO:colcon.colcon_core.shell:Creating package script '/home/starry1n/WUTA/WUTA-FSD/ros2_ws/install/wuta_msgs/share/wuta_msgs/package.sh'
[0.716s] INFO:colcon.colcon_core.shell:Creating package script '/home/starry1n/WUTA/WUTA-FSD/ros2_ws/install/wuta_msgs/share/wuta_msgs/package.bash'
[0.716s] INFO:colcon.colcon_core.shell:Creating package script '/home/starry1n/WUTA/WUTA-FSD/ros2_ws/install/wuta_msgs/share/wuta_msgs/package.zsh'
[0.716s] Level 1:colcon.colcon_core.environment:create_file_with_runtime_dependencies(/home/starry1n/WUTA/WUTA-FSD/ros2_ws/install/wuta_msgs/share/colcon-core/packages/wuta_msgs)
[0.717s] Level 1:colcon.colcon_core.environment:create_environment_scripts_only(wuta_msgs)
[0.717s] Level 1:colcon.colcon_core.environment:checking '/home/starry1n/WUTA/WUTA-FSD/ros2_ws/install/wuta_msgs' for CMake module files
[0.718s] Level 1:colcon.colcon_core.environment:checking '/home/starry1n/WUTA/WUTA-FSD/ros2_ws/install/wuta_msgs' for CMake config files
[0.718s] Level 1:colcon.colcon_core.shell:create_environment_hook('wuta_msgs', 'cmake_prefix_path')
[0.718s] INFO:colcon.colcon_core.shell:Creating environment hook '/home/starry1n/WUTA/WUTA-FSD/ros2_ws/install/wuta_msgs/share/wuta_msgs/hook/cmake_prefix_path.ps1'
[0.718s] INFO:colcon.colcon_core.shell:Creating environment descriptor '/home/starry1n/WUTA/WUTA-FSD/ros2_ws/install/wuta_msgs/share/wuta_msgs/hook/cmake_prefix_path.dsv'
[0.719s] INFO:colcon.colcon_core.shell:Creating environment hook '/home/starry1n/WUTA/WUTA-FSD/ros2_ws/install/wuta_msgs/share/wuta_msgs/hook/cmake_prefix_path.sh'
[0.719s] Level 1:colcon.colcon_core.environment:checking '/home/starry1n/WUTA/WUTA-FSD/ros2_ws/install/wuta_msgs/lib'
[0.719s] Level 1:colcon.colcon_core.shell:create_environment_hook('wuta_msgs', 'ld_library_path_lib')
[0.719s] INFO:colcon.colcon_core.shell:Creating environment hook '/home/starry1n/WUTA/WUTA-FSD/ros2_ws/install/wuta_msgs/share/wuta_msgs/hook/ld_library_path_lib.ps1'
[0.720s] INFO:colcon.colcon_core.shell:Creating environment descriptor '/home/starry1n/WUTA/WUTA-FSD/ros2_ws/install/wuta_msgs/share/wuta_msgs/hook/ld_library_path_lib.dsv'
[0.720s] INFO:colcon.colcon_core.shell:Creating environment hook '/home/starry1n/WUTA/WUTA-FSD/ros2_ws/install/wuta_msgs/share/wuta_msgs/hook/ld_library_path_lib.sh'
[0.720s] Level 1:colcon.colcon_core.environment:checking '/home/starry1n/WUTA/WUTA-FSD/ros2_ws/install/wuta_msgs/bin'
[0.720s] Level 1:colcon.colcon_core.environment:checking '/home/starry1n/WUTA/WUTA-FSD/ros2_ws/install/wuta_msgs/lib/pkgconfig/wuta_msgs.pc'
[0.720s] Level 1:colcon.colcon_core.environment:checking '/home/starry1n/WUTA/WUTA-FSD/ros2_ws/install/wuta_msgs/lib/python3.10/site-packages'
[0.721s] Level 1:colcon.colcon_core.environment:checking '/home/starry1n/WUTA/WUTA-FSD/ros2_ws/install/wuta_msgs/bin'
[0.721s] INFO:colcon.colcon_core.shell:Creating package script '/home/starry1n/WUTA/WUTA-FSD/ros2_ws/install/wuta_msgs/share/wuta_msgs/package.ps1'
[0.721s] INFO:colcon.colcon_core.shell:Creating package descriptor '/home/starry1n/WUTA/WUTA-FSD/ros2_ws/install/wuta_msgs/share/wuta_msgs/package.dsv'
[0.721s] INFO:colcon.colcon_core.shell:Creating package script '/home/starry1n/WUTA/WUTA-FSD/ros2_ws/install/wuta_msgs/share/wuta_msgs/package.sh'
[0.722s] INFO:colcon.colcon_core.shell:Creating package script '/home/starry1n/WUTA/WUTA-FSD/ros2_ws/install/wuta_msgs/share/wuta_msgs/package.bash'
[0.722s] INFO:colcon.colcon_core.shell:Creating package script '/home/starry1n/WUTA/WUTA-FSD/ros2_ws/install/wuta_msgs/share/wuta_msgs/package.zsh'
[0.722s] Level 1:colcon.colcon_core.environment:create_file_with_runtime_dependencies(/home/starry1n/WUTA/WUTA-FSD/ros2_ws/install/wuta_msgs/share/colcon-core/packages/wuta_msgs)
[0.723s] INFO:colcon.colcon_ros.task.ament_cmake.build:Building ROS package in '/home/starry1n/WUTA/WUTA-FSD/ros2_ws/src/planning/boundary_detector' with build type 'ament_cmake'
[0.723s] INFO:colcon.colcon_cmake.task.cmake.build:Building CMake package in '/home/starry1n/WUTA/WUTA-FSD/ros2_ws/src/planning/boundary_detector'
[0.724s] INFO:colcon.colcon_core.shell:Skip shell extension 'powershell' for command environment: Not usable outside of PowerShell
[0.724s] DEBUG:colcon.colcon_core.shell:Skip shell extension 'dsv' for command environment
[0.726s] INFO:colcon.colcon_ros.task.ament_cmake.build:Building ROS package in '/home/starry1n/WUTA/WUTA-FSD/ros2_ws/src/perception/camera_detection' with build type 'ament_cmake'
[0.726s] INFO:colcon.colcon_cmake.task.cmake.build:Building CMake package in '/home/starry1n/WUTA/WUTA-FSD/ros2_ws/src/perception/camera_detection'
[0.726s] INFO:colcon.colcon_core.shell:Skip shell extension 'powershell' for command environment: Not usable outside of PowerShell
[0.726s] DEBUG:colcon.colcon_core.shell:Skip shell extension 'dsv' for command environment
[0.728s] INFO:colcon.colcon_ros.task.ament_cmake.build:Building ROS package in '/home/starry1n/WUTA/WUTA-FSD/ros2_ws/src/mapping/cone_map_builder' with build type 'ament_cmake'
[0.728s] INFO:colcon.colcon_cmake.task.cmake.build:Building CMake package in '/home/starry1n/WUTA/WUTA-FSD/ros2_ws/src/mapping/cone_map_builder'
[0.728s] INFO:colcon.colcon_core.shell:Skip shell extension 'powershell' for command environment: Not usable outside of PowerShell
[0.728s] DEBUG:colcon.colcon_core.shell:Skip shell extension 'dsv' for command environment
[0.730s] INFO:colcon.colcon_ros.task.ament_cmake.build:Building ROS package in '/home/starry1n/WUTA/WUTA-FSD/ros2_ws/src/control/controller' with build type 'ament_cmake'
[0.730s] INFO:colcon.colcon_cmake.task.cmake.build:Building CMake package in '/home/starry1n/WUTA/WUTA-FSD/ros2_ws/src/control/controller'
[0.730s] INFO:colcon.colcon_core.shell:Skip shell extension 'powershell' for command environment: Not usable outside of PowerShell
[0.730s] DEBUG:colcon.colcon_core.shell:Skip shell extension 'dsv' for command environment
[0.733s] INFO:colcon.colcon_ros.task.ament_cmake.build:Building ROS package in '/home/starry1n/WUTA/WUTA-FSD/ros2_ws/src/perception/detection_fusion' with build type 'ament_cmake'
[0.733s] INFO:colcon.colcon_cmake.task.cmake.build:Building CMake package in '/home/starry1n/WUTA/WUTA-FSD/ros2_ws/src/perception/detection_fusion'
[0.733s] INFO:colcon.colcon_core.shell:Skip shell extension 'powershell' for command environment: Not usable outside of PowerShell
[0.733s] DEBUG:colcon.colcon_core.shell:Skip shell extension 'dsv' for command environment
[0.737s] INFO:colcon.colcon_ros.task.ament_cmake.build:Building ROS package in '/home/starry1n/WUTA/WUTA-FSD/ros2_ws/src/localization/kiss_icp_wrapper' with build type 'ament_cmake'
[0.737s] INFO:colcon.colcon_cmake.task.cmake.build:Building CMake package in '/home/starry1n/WUTA/WUTA-FSD/ros2_ws/src/localization/kiss_icp_wrapper'
[0.737s] INFO:colcon.colcon_core.shell:Skip shell extension 'powershell' for command environment: Not usable outside of PowerShell
[0.737s] DEBUG:colcon.colcon_core.shell:Skip shell extension 'dsv' for command environment
[0.740s] INFO:colcon.colcon_ros.task.ament_cmake.build:Building ROS package in '/home/starry1n/WUTA/WUTA-FSD/ros2_ws/src/perception/lidar_detection' with build type 'ament_cmake'
[0.740s] INFO:colcon.colcon_cmake.task.cmake.build:Building CMake package in '/home/starry1n/WUTA/WUTA-FSD/ros2_ws/src/perception/lidar_detection'
[0.740s] INFO:colcon.colcon_core.shell:Skip shell extension 'powershell' for command environment: Not usable outside of PowerShell
[0.740s] DEBUG:colcon.colcon_core.shell:Skip shell extension 'dsv' for command environment
[0.746s] DEBUG:colcon.colcon_core.event_handler.log_command:Invoked command in '/home/starry1n/WUTA/WUTA-FSD/ros2_ws/build/robot_localization' returned '0': CMAKE_PREFIX_PATH=/opt/ros/humble /usr/bin/cmake --build /home/starry1n/WUTA/WUTA-FSD/ros2_ws/build/robot_localization -- -j8 -l8
[0.748s] DEBUG:colcon.colcon_core.event_handler.log_command:Invoking command in '/home/starry1n/WUTA/WUTA-FSD/ros2_ws/build/robot_localization': CMAKE_PREFIX_PATH=/opt/ros/humble /usr/bin/cmake --install /home/starry1n/WUTA/WUTA-FSD/ros2_ws/build/robot_localization
[0.753s] DEBUG:colcon.colcon_core.event_handler.log_command:Invoking command in '/home/starry1n/WUTA/WUTA-FSD/ros2_ws/build/boundary_detector': AMENT_PREFIX_PATH=/home/starry1n/WUTA/WUTA-FSD/ros2_ws/install/wuta_msgs:/home/starry1n/WUTA/WUTA-FSD/ros2_ws/install/autoware_msgs:${AMENT_PREFIX_PATH} CMAKE_PREFIX_PATH=/home/starry1n/WUTA/WUTA-FSD/ros2_ws/install/wuta_msgs:/home/starry1n/WUTA/WUTA-FSD/ros2_ws/install/autoware_msgs:/opt/ros/humble LD_LIBRARY_PATH=/home/starry1n/WUTA/WUTA-FSD/ros2_ws/install/wuta_msgs/lib:/home/starry1n/WUTA/WUTA-FSD/ros2_ws/install/autoware_msgs/lib:${LD_LIBRARY_PATH} PYTHONPATH=/home/starry1n/WUTA/WUTA-FSD/ros2_ws/install/wuta_msgs/local/lib/python3.10/dist-packages:/home/starry1n/WUTA/WUTA-FSD/ros2_ws/install/autoware_msgs/local/lib/python3.10/dist-packages:${PYTHONPATH} /usr/bin/cmake --build /home/starry1n/WUTA/WUTA-FSD/ros2_ws/build/boundary_detector -- -j8 -l8
[0.756s] DEBUG:colcon.colcon_core.event_handler.log_command:Invoking command in '/home/starry1n/WUTA/WUTA-FSD/ros2_ws/build/camera_detection': AMENT_PREFIX_PATH=/home/starry1n/WUTA/WUTA-FSD/ros2_ws/install/wuta_msgs:${AMENT_PREFIX_PATH} CMAKE_PREFIX_PATH=/home/starry1n/WUTA/WUTA-FSD/ros2_ws/install/wuta_msgs:/opt/ros/humble LD_LIBRARY_PATH=/home/starry1n/WUTA/WUTA-FSD/ros2_ws/install/wuta_msgs/lib:${LD_LIBRARY_PATH} PYTHONPATH=/home/starry1n/WUTA/WUTA-FSD/ros2_ws/install/wuta_msgs/local/lib/python3.10/dist-packages:${PYTHONPATH} /usr/bin/cmake --build /home/starry1n/WUTA/WUTA-FSD/ros2_ws/build/camera_detection -- -j8 -l8
[0.786s] DEBUG:colcon.colcon_core.event_handler.log_command:Invoking command in '/home/starry1n/WUTA/WUTA-FSD/ros2_ws/build/cone_map_builder': AMENT_PREFIX_PATH=/home/starry1n/WUTA/WUTA-FSD/ros2_ws/install/wuta_msgs:${AMENT_PREFIX_PATH} CMAKE_PREFIX_PATH=/home/starry1n/WUTA/WUTA-FSD/ros2_ws/install/wuta_msgs:/opt/ros/humble LD_LIBRARY_PATH=/home/starry1n/WUTA/WUTA-FSD/ros2_ws/install/wuta_msgs/lib:${LD_LIBRARY_PATH} PYTHONPATH=/home/starry1n/WUTA/WUTA-FSD/ros2_ws/install/wuta_msgs/local/lib/python3.10/dist-packages:${PYTHONPATH} /usr/bin/cmake --build /home/starry1n/WUTA/WUTA-FSD/ros2_ws/build/cone_map_builder -- -j8 -l8
[0.807s] DEBUG:colcon.colcon_core.event_handler.log_command:Invoking command in '/home/starry1n/WUTA/WUTA-FSD/ros2_ws/build/controller': AMENT_PREFIX_PATH=/home/starry1n/WUTA/WUTA-FSD/ros2_ws/install/wuta_msgs:/home/starry1n/WUTA/WUTA-FSD/ros2_ws/install/autoware_msgs:${AMENT_PREFIX_PATH} CMAKE_PREFIX_PATH=/home/starry1n/WUTA/WUTA-FSD/ros2_ws/install/wuta_msgs:/home/starry1n/WUTA/WUTA-FSD/ros2_ws/install/autoware_msgs:/opt/ros/humble LD_LIBRARY_PATH=/home/starry1n/WUTA/WUTA-FSD/ros2_ws/install/wuta_msgs/lib:/home/starry1n/WUTA/WUTA-FSD/ros2_ws/install/autoware_msgs/lib:${LD_LIBRARY_PATH} PYTHONPATH=/home/starry1n/WUTA/WUTA-FSD/ros2_ws/install/wuta_msgs/local/lib/python3.10/dist-packages:/home/starry1n/WUTA/WUTA-FSD/ros2_ws/install/autoware_msgs/local/lib/python3.10/dist-packages:${PYTHONPATH} /usr/bin/cmake --build /home/starry1n/WUTA/WUTA-FSD/ros2_ws/build/controller -- -j8 -l8
[0.807s] DEBUG:colcon.colcon_core.event_handler.log_command:Invoking command in '/home/starry1n/WUTA/WUTA-FSD/ros2_ws/build/detection_fusion': AMENT_PREFIX_PATH=/home/starry1n/WUTA/WUTA-FSD/ros2_ws/install/wuta_msgs:${AMENT_PREFIX_PATH} CMAKE_PREFIX_PATH=/home/starry1n/WUTA/WUTA-FSD/ros2_ws/install/wuta_msgs:/opt/ros/humble LD_LIBRARY_PATH=/home/starry1n/WUTA/WUTA-FSD/ros2_ws/install/wuta_msgs/lib:${LD_LIBRARY_PATH} PYTHONPATH=/home/starry1n/WUTA/WUTA-FSD/ros2_ws/install/wuta_msgs/local/lib/python3.10/dist-packages:${PYTHONPATH} /usr/bin/cmake --build /home/starry1n/WUTA/WUTA-FSD/ros2_ws/build/detection_fusion -- -j8 -l8
[0.808s] DEBUG:colcon.colcon_core.event_handler.log_command:Invoking command in '/home/starry1n/WUTA/WUTA-FSD/ros2_ws/build/kiss_icp_wrapper': AMENT_PREFIX_PATH=/home/starry1n/WUTA/WUTA-FSD/ros2_ws/install/wuta_msgs:${AMENT_PREFIX_PATH} CMAKE_PREFIX_PATH=/home/starry1n/WUTA/WUTA-FSD/ros2_ws/install/wuta_msgs:/opt/ros/humble LD_LIBRARY_PATH=/home/starry1n/WUTA/WUTA-FSD/ros2_ws/install/wuta_msgs/lib:${LD_LIBRARY_PATH} PYTHONPATH=/home/starry1n/WUTA/WUTA-FSD/ros2_ws/install/wuta_msgs/local/lib/python3.10/dist-packages:${PYTHONPATH} /usr/bin/cmake --build /home/starry1n/WUTA/WUTA-FSD/ros2_ws/build/kiss_icp_wrapper -- -j8 -l8
[0.809s] DEBUG:colcon.colcon_core.event_handler.log_command:Invoking command in '/home/starry1n/WUTA/WUTA-FSD/ros2_ws/build/lidar_detection': AMENT_PREFIX_PATH=/home/starry1n/WUTA/WUTA-FSD/ros2_ws/install/wuta_msgs:${AMENT_PREFIX_PATH} CMAKE_PREFIX_PATH=/home/starry1n/WUTA/WUTA-FSD/ros2_ws/install/wuta_msgs:/opt/ros/humble LD_LIBRARY_PATH=/home/starry1n/WUTA/WUTA-FSD/ros2_ws/install/wuta_msgs/lib:${LD_LIBRARY_PATH} PYTHONPATH=/home/starry1n/WUTA/WUTA-FSD/ros2_ws/install/wuta_msgs/local/lib/python3.10/dist-packages:${PYTHONPATH} /usr/bin/cmake --build /home/starry1n/WUTA/WUTA-FSD/ros2_ws/build/lidar_detection -- -j8 -l8
[0.812s] DEBUG:colcon.colcon_core.event_handler.log_command:Invoked command in '/home/starry1n/WUTA/WUTA-FSD/ros2_ws/build/camera_detection' returned '0': AMENT_PREFIX_PATH=/home/starry1n/WUTA/WUTA-FSD/ros2_ws/install/wuta_msgs:${AMENT_PREFIX_PATH} CMAKE_PREFIX_PATH=/home/starry1n/WUTA/WUTA-FSD/ros2_ws/install/wuta_msgs:/opt/ros/humble LD_LIBRARY_PATH=/home/starry1n/WUTA/WUTA-FSD/ros2_ws/install/wuta_msgs/lib:${LD_LIBRARY_PATH} PYTHONPATH=/home/starry1n/WUTA/WUTA-FSD/ros2_ws/install/wuta_msgs/local/lib/python3.10/dist-packages:${PYTHONPATH} /usr/bin/cmake --build /home/starry1n/WUTA/WUTA-FSD/ros2_ws/build/camera_detection -- -j8 -l8
[0.813s] DEBUG:colcon.colcon_core.event_handler.log_command:Invoking command in '/home/starry1n/WUTA/WUTA-FSD/ros2_ws/build/camera_detection': AMENT_PREFIX_PATH=/home/starry1n/WUTA/WUTA-FSD/ros2_ws/install/wuta_msgs:${AMENT_PREFIX_PATH} CMAKE_PREFIX_PATH=/home/starry1n/WUTA/WUTA-FSD/ros2_ws/install/wuta_msgs:/opt/ros/humble LD_LIBRARY_PATH=/home/starry1n/WUTA/WUTA-FSD/ros2_ws/install/wuta_msgs/lib:${LD_LIBRARY_PATH} PYTHONPATH=/home/starry1n/WUTA/WUTA-FSD/ros2_ws/install/wuta_msgs/local/lib/python3.10/dist-packages:${PYTHONPATH} /usr/bin/cmake --install /home/starry1n/WUTA/WUTA-FSD/ros2_ws/build/camera_detection
[0.827s] DEBUG:colcon.colcon_core.event_handler.log_command:Invoked command in '/home/starry1n/WUTA/WUTA-FSD/ros2_ws/build/detection_fusion' returned '0': AMENT_PREFIX_PATH=/home/starry1n/WUTA/WUTA-FSD/ros2_ws/install/wuta_msgs:${AMENT_PREFIX_PATH} CMAKE_PREFIX_PATH=/home/starry1n/WUTA/WUTA-FSD/ros2_ws/install/wuta_msgs:/opt/ros/humble LD_LIBRARY_PATH=/home/starry1n/WUTA/WUTA-FSD/ros2_ws/install/wuta_msgs/lib:${LD_LIBRARY_PATH} PYTHONPATH=/home/starry1n/WUTA/WUTA-FSD/ros2_ws/install/wuta_msgs/local/lib/python3.10/dist-packages:${PYTHONPATH} /usr/bin/cmake --build /home/starry1n/WUTA/WUTA-FSD/ros2_ws/build/detection_fusion -- -j8 -l8
[0.829s] DEBUG:colcon.colcon_core.event_handler.log_command:Invoking command in '/home/starry1n/WUTA/WUTA-FSD/ros2_ws/build/detection_fusion': AMENT_PREFIX_PATH=/home/starry1n/WUTA/WUTA-FSD/ros2_ws/install/wuta_msgs:${AMENT_PREFIX_PATH} CMAKE_PREFIX_PATH=/home/starry1n/WUTA/WUTA-FSD/ros2_ws/install/wuta_msgs:/opt/ros/humble LD_LIBRARY_PATH=/home/starry1n/WUTA/WUTA-FSD/ros2_ws/install/wuta_msgs/lib:${LD_LIBRARY_PATH} PYTHONPATH=/home/starry1n/WUTA/WUTA-FSD/ros2_ws/install/wuta_msgs/local/lib/python3.10/dist-packages:${PYTHONPATH} /usr/bin/cmake --install /home/starry1n/WUTA/WUTA-FSD/ros2_ws/build/detection_fusion
[0.838s] Level 1:colcon.colcon_core.environment:create_environment_scripts_only(robot_localization)
[0.839s] Level 1:colcon.colcon_core.environment:checking '/home/starry1n/WUTA/WUTA-FSD/ros2_ws/install/robot_localization' for CMake module files
[0.844s] Level 1:colcon.colcon_core.environment:checking '/home/starry1n/WUTA/WUTA-FSD/ros2_ws/install/robot_localization' for CMake config files
[0.845s] Level 1:colcon.colcon_core.shell:create_environment_hook('robot_localization', 'cmake_prefix_path')
[0.845s] INFO:colcon.colcon_core.shell:Creating environment hook '/home/starry1n/WUTA/WUTA-FSD/ros2_ws/install/robot_localization/share/robot_localization/hook/cmake_prefix_path.ps1'
[0.848s] INFO:colcon.colcon_core.shell:Creating environment descriptor '/home/starry1n/WUTA/WUTA-FSD/ros2_ws/install/robot_localization/share/robot_localization/hook/cmake_prefix_path.dsv'
[0.851s] INFO:colcon.colcon_core.shell:Creating environment hook '/home/starry1n/WUTA/WUTA-FSD/ros2_ws/install/robot_localization/share/robot_localization/hook/cmake_prefix_path.sh'
[0.855s] Level 1:colcon.colcon_core.environment:checking '/home/starry1n/WUTA/WUTA-FSD/ros2_ws/install/robot_localization/lib'
[0.856s] Level 1:colcon.colcon_core.shell:create_environment_hook('robot_localization', 'ld_library_path_lib')
[0.856s] INFO:colcon.colcon_core.shell:Creating environment hook '/home/starry1n/WUTA/WUTA-FSD/ros2_ws/install/robot_localization/share/robot_localization/hook/ld_library_path_lib.ps1'
[0.856s] DEBUG:colcon.colcon_core.event_handler.log_command:Invoked command in '/home/starry1n/WUTA/WUTA-FSD/ros2_ws/build/robot_localization' returned '0': CMAKE_PREFIX_PATH=/opt/ros/humble /usr/bin/cmake --install /home/starry1n/WUTA/WUTA-FSD/ros2_ws/build/robot_localization
[0.858s] INFO:colcon.colcon_core.shell:Creating environment descriptor '/home/starry1n/WUTA/WUTA-FSD/ros2_ws/install/robot_localization/share/robot_localization/hook/ld_library_path_lib.dsv'
[0.858s] INFO:colcon.colcon_core.shell:Creating environment hook '/home/starry1n/WUTA/WUTA-FSD/ros2_ws/install/robot_localization/share/robot_localization/hook/ld_library_path_lib.sh'
[0.859s] Level 1:colcon.colcon_core.environment:checking '/home/starry1n/WUTA/WUTA-FSD/ros2_ws/install/robot_localization/bin'
[0.859s] Level 1:colcon.colcon_core.environment:checking '/home/starry1n/WUTA/WUTA-FSD/ros2_ws/install/robot_localization/lib/pkgconfig/robot_localization.pc'
[0.859s] Level 1:colcon.colcon_core.environment:checking '/home/starry1n/WUTA/WUTA-FSD/ros2_ws/install/robot_localization/lib/python3.10/site-packages'
[0.860s] Level 1:colcon.colcon_core.environment:checking '/home/starry1n/WUTA/WUTA-FSD/ros2_ws/install/robot_localization/bin'
[0.860s] INFO:colcon.colcon_core.shell:Creating package script '/home/starry1n/WUTA/WUTA-FSD/ros2_ws/install/robot_localization/share/robot_localization/package.ps1'
[0.861s] INFO:colcon.colcon_core.shell:Creating package descriptor '/home/starry1n/WUTA/WUTA-FSD/ros2_ws/install/robot_localization/share/robot_localization/package.dsv'
[0.861s] INFO:colcon.colcon_core.shell:Creating package script '/home/starry1n/WUTA/WUTA-FSD/ros2_ws/install/robot_localization/share/robot_localization/package.sh'
[0.861s] INFO:colcon.colcon_core.shell:Creating package script '/home/starry1n/WUTA/WUTA-FSD/ros2_ws/install/robot_localization/share/robot_localization/package.bash'
[0.862s] INFO:colcon.colcon_core.shell:Creating package script '/home/starry1n/WUTA/WUTA-FSD/ros2_ws/install/robot_localization/share/robot_localization/package.zsh'
[0.862s] Level 1:colcon.colcon_core.environment:create_file_with_runtime_dependencies(/home/starry1n/WUTA/WUTA-FSD/ros2_ws/install/robot_localization/share/colcon-core/packages/robot_localization)
[0.863s] Level 1:colcon.colcon_core.environment:create_environment_scripts_only(robot_localization)
[0.863s] Level 1:colcon.colcon_core.environment:checking '/home/starry1n/WUTA/WUTA-FSD/ros2_ws/install/robot_localization' for CMake module files
[0.864s] Level 1:colcon.colcon_core.environment:checking '/home/starry1n/WUTA/WUTA-FSD/ros2_ws/install/robot_localization' for CMake config files
[0.864s] Level 1:colcon.colcon_core.shell:create_environment_hook('robot_localization', 'cmake_prefix_path')
[0.864s] INFO:colcon.colcon_core.shell:Creating environment hook '/home/starry1n/WUTA/WUTA-FSD/ros2_ws/install/robot_localization/share/robot_localization/hook/cmake_prefix_path.ps1'
[0.864s] INFO:colcon.colcon_core.shell:Creating environment descriptor '/home/starry1n/WUTA/WUTA-FSD/ros2_ws/install/robot_localization/share/robot_localization/hook/cmake_prefix_path.dsv'
[0.865s] INFO:colcon.colcon_core.shell:Creating environment hook '/home/starry1n/WUTA/WUTA-FSD/ros2_ws/install/robot_localization/share/robot_localization/hook/cmake_prefix_path.sh'
[0.865s] Level 1:colcon.colcon_core.environment:checking '/home/starry1n/WUTA/WUTA-FSD/ros2_ws/install/robot_localization/lib'
[0.865s] Level 1:colcon.colcon_core.shell:create_environment_hook('robot_localization', 'ld_library_path_lib')
[0.865s] INFO:colcon.colcon_core.shell:Creating environment hook '/home/starry1n/WUTA/WUTA-FSD/ros2_ws/install/robot_localization/share/robot_localization/hook/ld_library_path_lib.ps1'
[0.865s] INFO:colcon.colcon_core.shell:Creating environment descriptor '/home/starry1n/WUTA/WUTA-FSD/ros2_ws/install/robot_localization/share/robot_localization/hook/ld_library_path_lib.dsv'
[0.866s] INFO:colcon.colcon_core.shell:Creating environment hook '/home/starry1n/WUTA/WUTA-FSD/ros2_ws/install/robot_localization/share/robot_localization/hook/ld_library_path_lib.sh'
[0.866s] Level 1:colcon.colcon_core.environment:checking '/home/starry1n/WUTA/WUTA-FSD/ros2_ws/install/robot_localization/bin'
[0.866s] Level 1:colcon.colcon_core.environment:checking '/home/starry1n/WUTA/WUTA-FSD/ros2_ws/install/robot_localization/lib/pkgconfig/robot_localization.pc'
[0.866s] Level 1:colcon.colcon_core.environment:checking '/home/starry1n/WUTA/WUTA-FSD/ros2_ws/install/robot_localization/lib/python3.10/site-packages'
[0.866s] Level 1:colcon.colcon_core.environment:checking '/home/starry1n/WUTA/WUTA-FSD/ros2_ws/install/robot_localization/bin'
[0.867s] INFO:colcon.colcon_core.shell:Creating package script '/home/starry1n/WUTA/WUTA-FSD/ros2_ws/install/robot_localization/share/robot_localization/package.ps1'
[0.867s] INFO:colcon.colcon_core.shell:Creating package descriptor '/home/starry1n/WUTA/WUTA-FSD/ros2_ws/install/robot_localization/share/robot_localization/package.dsv'
[0.867s] INFO:colcon.colcon_core.shell:Creating package script '/home/starry1n/WUTA/WUTA-FSD/ros2_ws/install/robot_localization/share/robot_localization/package.sh'
[0.868s] INFO:colcon.colcon_core.shell:Creating package script '/home/starry1n/WUTA/WUTA-FSD/ros2_ws/install/robot_localization/share/robot_localization/package.bash'
[0.868s] INFO:colcon.colcon_core.shell:Creating package script '/home/starry1n/WUTA/WUTA-FSD/ros2_ws/install/robot_localization/share/robot_localization/package.zsh'
[0.868s] Level 1:colcon.colcon_core.environment:create_file_with_runtime_dependencies(/home/starry1n/WUTA/WUTA-FSD/ros2_ws/install/robot_localization/share/colcon-core/packages/robot_localization)
[0.869s] INFO:colcon.colcon_ros.task.ament_cmake.build:Building ROS package in '/home/starry1n/WUTA/WUTA-FSD/ros2_ws/src/localization/localization_manager' with build type 'ament_cmake'
[0.869s] INFO:colcon.colcon_cmake.task.cmake.build:Building CMake package in '/home/starry1n/WUTA/WUTA-FSD/ros2_ws/src/localization/localization_manager'
[0.869s] INFO:colcon.colcon_core.shell:Skip shell extension 'powershell' for command environment: Not usable outside of PowerShell
[0.869s] DEBUG:colcon.colcon_core.shell:Skip shell extension 'dsv' for command environment
[0.872s] DEBUG:colcon.colcon_core.event_handler.log_command:Invoked command in '/home/starry1n/WUTA/WUTA-FSD/ros2_ws/build/kiss_icp_wrapper' returned '0': AMENT_PREFIX_PATH=/home/starry1n/WUTA/WUTA-FSD/ros2_ws/install/wuta_msgs:${AMENT_PREFIX_PATH} CMAKE_PREFIX_PATH=/home/starry1n/WUTA/WUTA-FSD/ros2_ws/install/wuta_msgs:/opt/ros/humble LD_LIBRARY_PATH=/home/starry1n/WUTA/WUTA-FSD/ros2_ws/install/wuta_msgs/lib:${LD_LIBRARY_PATH} PYTHONPATH=/home/starry1n/WUTA/WUTA-FSD/ros2_ws/install/wuta_msgs/local/lib/python3.10/dist-packages:${PYTHONPATH} /usr/bin/cmake --build /home/starry1n/WUTA/WUTA-FSD/ros2_ws/build/kiss_icp_wrapper -- -j8 -l8
[0.874s] DEBUG:colcon.colcon_core.event_handler.log_command:Invoking command in '/home/starry1n/WUTA/WUTA-FSD/ros2_ws/build/kiss_icp_wrapper': AMENT_PREFIX_PATH=/home/starry1n/WUTA/WUTA-FSD/ros2_ws/install/wuta_msgs:${AMENT_PREFIX_PATH} CMAKE_PREFIX_PATH=/home/starry1n/WUTA/WUTA-FSD/ros2_ws/install/wuta_msgs:/opt/ros/humble LD_LIBRARY_PATH=/home/starry1n/WUTA/WUTA-FSD/ros2_ws/install/wuta_msgs/lib:${LD_LIBRARY_PATH} PYTHONPATH=/home/starry1n/WUTA/WUTA-FSD/ros2_ws/install/wuta_msgs/local/lib/python3.10/dist-packages:${PYTHONPATH} /usr/bin/cmake --install /home/starry1n/WUTA/WUTA-FSD/ros2_ws/build/kiss_icp_wrapper
[0.874s] Level 1:colcon.colcon_core.environment:create_environment_scripts_only(camera_detection)
[0.874s] Level 1:colcon.colcon_core.environment:checking '/home/starry1n/WUTA/WUTA-FSD/ros2_ws/install/camera_detection' for CMake module files
[0.875s] DEBUG:colcon.colcon_core.event_handler.log_command:Invoked command in '/home/starry1n/WUTA/WUTA-FSD/ros2_ws/build/camera_detection' returned '0': AMENT_PREFIX_PATH=/home/starry1n/WUTA/WUTA-FSD/ros2_ws/install/wuta_msgs:${AMENT_PREFIX_PATH} CMAKE_PREFIX_PATH=/home/starry1n/WUTA/WUTA-FSD/ros2_ws/install/wuta_msgs:/opt/ros/humble LD_LIBRARY_PATH=/home/starry1n/WUTA/WUTA-FSD/ros2_ws/install/wuta_msgs/lib:${LD_LIBRARY_PATH} PYTHONPATH=/home/starry1n/WUTA/WUTA-FSD/ros2_ws/install/wuta_msgs/local/lib/python3.10/dist-packages:${PYTHONPATH} /usr/bin/cmake --install /home/starry1n/WUTA/WUTA-FSD/ros2_ws/build/camera_detection
[0.875s] Level 1:colcon.colcon_core.environment:checking '/home/starry1n/WUTA/WUTA-FSD/ros2_ws/install/camera_detection' for CMake config files
[0.875s] Level 1:colcon.colcon_core.shell:create_environment_hook('camera_detection', 'cmake_prefix_path')
[0.875s] INFO:colcon.colcon_core.shell:Creating environment hook '/home/starry1n/WUTA/WUTA-FSD/ros2_ws/install/camera_detection/share/camera_detection/hook/cmake_prefix_path.ps1'
[0.876s] INFO:colcon.colcon_core.shell:Creating environment descriptor '/home/starry1n/WUTA/WUTA-FSD/ros2_ws/install/camera_detection/share/camera_detection/hook/cmake_prefix_path.dsv'
[0.876s] INFO:colcon.colcon_core.shell:Creating environment hook '/home/starry1n/WUTA/WUTA-FSD/ros2_ws/install/camera_detection/share/camera_detection/hook/cmake_prefix_path.sh'
[0.876s] Level 1:colcon.colcon_core.environment:checking '/home/starry1n/WUTA/WUTA-FSD/ros2_ws/install/camera_detection/bin'
[0.876s] Level 1:colcon.colcon_core.environment:checking '/home/starry1n/WUTA/WUTA-FSD/ros2_ws/install/camera_detection/lib/pkgconfig/camera_detection.pc'
[0.877s] Level 1:colcon.colcon_core.environment:checking '/home/starry1n/WUTA/WUTA-FSD/ros2_ws/install/camera_detection/lib/python3.10/site-packages'
[0.877s] Level 1:colcon.colcon_core.environment:checking '/home/starry1n/WUTA/WUTA-FSD/ros2_ws/install/camera_detection/bin'
[0.877s] INFO:colcon.colcon_core.shell:Creating package script '/home/starry1n/WUTA/WUTA-FSD/ros2_ws/install/camera_detection/share/camera_detection/package.ps1'
[0.877s] INFO:colcon.colcon_core.shell:Creating package descriptor '/home/starry1n/WUTA/WUTA-FSD/ros2_ws/install/camera_detection/share/camera_detection/package.dsv'
[0.878s] INFO:colcon.colcon_core.shell:Creating package script '/home/starry1n/WUTA/WUTA-FSD/ros2_ws/install/camera_detection/share/camera_detection/package.sh'
[0.878s] INFO:colcon.colcon_core.shell:Creating package script '/home/starry1n/WUTA/WUTA-FSD/ros2_ws/install/camera_detection/share/camera_detection/package.bash'
[0.878s] INFO:colcon.colcon_core.shell:Creating package script '/home/starry1n/WUTA/WUTA-FSD/ros2_ws/install/camera_detection/share/camera_detection/package.zsh'
[0.879s] Level 1:colcon.colcon_core.environment:create_file_with_runtime_dependencies(/home/starry1n/WUTA/WUTA-FSD/ros2_ws/install/camera_detection/share/colcon-core/packages/camera_detection)
[0.881s] Level 1:colcon.colcon_core.environment:create_environment_scripts_only(camera_detection)
[0.881s] Level 1:colcon.colcon_core.environment:checking '/home/starry1n/WUTA/WUTA-FSD/ros2_ws/install/camera_detection' for CMake module files
[0.881s] Level 1:colcon.colcon_core.environment:checking '/home/starry1n/WUTA/WUTA-FSD/ros2_ws/install/camera_detection' for CMake config files
[0.881s] Level 1:colcon.colcon_core.shell:create_environment_hook('camera_detection', 'cmake_prefix_path')
[0.881s] INFO:colcon.colcon_core.shell:Creating environment hook '/home/starry1n/WUTA/WUTA-FSD/ros2_ws/install/camera_detection/share/camera_detection/hook/cmake_prefix_path.ps1'
[0.882s] INFO:colcon.colcon_core.shell:Creating environment descriptor '/home/starry1n/WUTA/WUTA-FSD/ros2_ws/install/camera_detection/share/camera_detection/hook/cmake_prefix_path.dsv'
[0.883s] INFO:colcon.colcon_core.shell:Creating environment hook '/home/starry1n/WUTA/WUTA-FSD/ros2_ws/install/camera_detection/share/camera_detection/hook/cmake_prefix_path.sh'
[0.884s] Level 1:colcon.colcon_core.environment:checking '/home/starry1n/WUTA/WUTA-FSD/ros2_ws/install/camera_detection/bin'
[0.884s] Level 1:colcon.colcon_core.environment:checking '/home/starry1n/WUTA/WUTA-FSD/ros2_ws/install/camera_detection/lib/pkgconfig/camera_detection.pc'
[0.884s] Level 1:colcon.colcon_core.environment:checking '/home/starry1n/WUTA/WUTA-FSD/ros2_ws/install/camera_detection/lib/python3.10/site-packages'
[0.884s] Level 1:colcon.colcon_core.environment:checking '/home/starry1n/WUTA/WUTA-FSD/ros2_ws/install/camera_detection/bin'
[0.884s] INFO:colcon.colcon_core.shell:Creating package script '/home/starry1n/WUTA/WUTA-FSD/ros2_ws/install/camera_detection/share/camera_detection/package.ps1'
[0.885s] INFO:colcon.colcon_core.shell:Creating package descriptor '/home/starry1n/WUTA/WUTA-FSD/ros2_ws/install/camera_detection/share/camera_detection/package.dsv'
[0.885s] INFO:colcon.colcon_core.shell:Creating package script '/home/starry1n/WUTA/WUTA-FSD/ros2_ws/install/camera_detection/share/camera_detection/package.sh'
[0.886s] INFO:colcon.colcon_core.shell:Creating package script '/home/starry1n/WUTA/WUTA-FSD/ros2_ws/install/camera_detection/share/camera_detection/package.bash'
[0.886s] INFO:colcon.colcon_core.shell:Creating package script '/home/starry1n/WUTA/WUTA-FSD/ros2_ws/install/camera_detection/share/camera_detection/package.zsh'
[0.886s] Level 1:colcon.colcon_core.environment:create_file_with_runtime_dependencies(/home/starry1n/WUTA/WUTA-FSD/ros2_ws/install/camera_detection/share/colcon-core/packages/camera_detection)
[0.889s] INFO:colcon.colcon_ros.task.ament_cmake.build:Building ROS package in '/home/starry1n/WUTA/WUTA-FSD/ros2_ws/src/system/mission_manager' with build type 'ament_cmake'
[0.889s] INFO:colcon.colcon_cmake.task.cmake.build:Building CMake package in '/home/starry1n/WUTA/WUTA-FSD/ros2_ws/src/system/mission_manager'
[0.889s] INFO:colcon.colcon_core.shell:Skip shell extension 'powershell' for command environment: Not usable outside of PowerShell
[0.889s] DEBUG:colcon.colcon_core.shell:Skip shell extension 'dsv' for command environment
[0.894s] DEBUG:colcon.colcon_core.event_handler.log_command:Invoked command in '/home/starry1n/WUTA/WUTA-FSD/ros2_ws/build/cone_map_builder' returned '0': AMENT_PREFIX_PATH=/home/starry1n/WUTA/WUTA-FSD/ros2_ws/install/wuta_msgs:${AMENT_PREFIX_PATH} CMAKE_PREFIX_PATH=/home/starry1n/WUTA/WUTA-FSD/ros2_ws/install/wuta_msgs:/opt/ros/humble LD_LIBRARY_PATH=/home/starry1n/WUTA/WUTA-FSD/ros2_ws/install/wuta_msgs/lib:${LD_LIBRARY_PATH} PYTHONPATH=/home/starry1n/WUTA/WUTA-FSD/ros2_ws/install/wuta_msgs/local/lib/python3.10/dist-packages:${PYTHONPATH} /usr/bin/cmake --build /home/starry1n/WUTA/WUTA-FSD/ros2_ws/build/cone_map_builder -- -j8 -l8
[0.896s] DEBUG:colcon.colcon_core.event_handler.log_command:Invoking command in '/home/starry1n/WUTA/WUTA-FSD/ros2_ws/build/cone_map_builder': AMENT_PREFIX_PATH=/home/starry1n/WUTA/WUTA-FSD/ros2_ws/install/wuta_msgs:${AMENT_PREFIX_PATH} CMAKE_PREFIX_PATH=/home/starry1n/WUTA/WUTA-FSD/ros2_ws/install/wuta_msgs:/opt/ros/humble LD_LIBRARY_PATH=/home/starry1n/WUTA/WUTA-FSD/ros2_ws/install/wuta_msgs/lib:${LD_LIBRARY_PATH} PYTHONPATH=/home/starry1n/WUTA/WUTA-FSD/ros2_ws/install/wuta_msgs/local/lib/python3.10/dist-packages:${PYTHONPATH} /usr/bin/cmake --install /home/starry1n/WUTA/WUTA-FSD/ros2_ws/build/cone_map_builder
[0.896s] DEBUG:colcon.colcon_core.event_handler.log_command:Invoked command in '/home/starry1n/WUTA/WUTA-FSD/ros2_ws/build/controller' returned '0': AMENT_PREFIX_PATH=/home/starry1n/WUTA/WUTA-FSD/ros2_ws/install/wuta_msgs:/home/starry1n/WUTA/WUTA-FSD/ros2_ws/install/autoware_msgs:${AMENT_PREFIX_PATH} CMAKE_PREFIX_PATH=/home/starry1n/WUTA/WUTA-FSD/ros2_ws/install/wuta_msgs:/home/starry1n/WUTA/WUTA-FSD/ros2_ws/install/autoware_msgs:/opt/ros/humble LD_LIBRARY_PATH=/home/starry1n/WUTA/WUTA-FSD/ros2_ws/install/wuta_msgs/lib:/home/starry1n/WUTA/WUTA-FSD/ros2_ws/install/autoware_msgs/lib:${LD_LIBRARY_PATH} PYTHONPATH=/home/starry1n/WUTA/WUTA-FSD/ros2_ws/install/wuta_msgs/local/lib/python3.10/dist-packages:/home/starry1n/WUTA/WUTA-FSD/ros2_ws/install/autoware_msgs/local/lib/python3.10/dist-packages:${PYTHONPATH} /usr/bin/cmake --build /home/starry1n/WUTA/WUTA-FSD/ros2_ws/build/controller -- -j8 -l8
[0.899s] DEBUG:colcon.colcon_core.event_handler.log_command:Invoking command in '/home/starry1n/WUTA/WUTA-FSD/ros2_ws/build/controller': AMENT_PREFIX_PATH=/home/starry1n/WUTA/WUTA-FSD/ros2_ws/install/wuta_msgs:/home/starry1n/WUTA/WUTA-FSD/ros2_ws/install/autoware_msgs:${AMENT_PREFIX_PATH} CMAKE_PREFIX_PATH=/home/starry1n/WUTA/WUTA-FSD/ros2_ws/install/wuta_msgs:/home/starry1n/WUTA/WUTA-FSD/ros2_ws/install/autoware_msgs:/opt/ros/humble LD_LIBRARY_PATH=/home/starry1n/WUTA/WUTA-FSD/ros2_ws/install/wuta_msgs/lib:/home/starry1n/WUTA/WUTA-FSD/ros2_ws/install/autoware_msgs/lib:${LD_LIBRARY_PATH} PYTHONPATH=/home/starry1n/WUTA/WUTA-FSD/ros2_ws/install/wuta_msgs/local/lib/python3.10/dist-packages:/home/starry1n/WUTA/WUTA-FSD/ros2_ws/install/autoware_msgs/local/lib/python3.10/dist-packages:${PYTHONPATH} /usr/bin/cmake --install /home/starry1n/WUTA/WUTA-FSD/ros2_ws/build/controller
[0.899s] Level 1:colcon.colcon_core.environment:create_environment_scripts_only(detection_fusion)
[0.900s] Level 1:colcon.colcon_core.environment:checking '/home/starry1n/WUTA/WUTA-FSD/ros2_ws/install/detection_fusion' for CMake module files
[0.900s] DEBUG:colcon.colcon_core.event_handler.log_command:Invoked command in '/home/starry1n/WUTA/WUTA-FSD/ros2_ws/build/detection_fusion' returned '0': AMENT_PREFIX_PATH=/home/starry1n/WUTA/WUTA-FSD/ros2_ws/install/wuta_msgs:${AMENT_PREFIX_PATH} CMAKE_PREFIX_PATH=/home/starry1n/WUTA/WUTA-FSD/ros2_ws/install/wuta_msgs:/opt/ros/humble LD_LIBRARY_PATH=/home/starry1n/WUTA/WUTA-FSD/ros2_ws/install/wuta_msgs/lib:${LD_LIBRARY_PATH} PYTHONPATH=/home/starry1n/WUTA/WUTA-FSD/ros2_ws/install/wuta_msgs/local/lib/python3.10/dist-packages:${PYTHONPATH} /usr/bin/cmake --install /home/starry1n/WUTA/WUTA-FSD/ros2_ws/build/detection_fusion
[0.901s] Level 1:colcon.colcon_core.environment:checking '/home/starry1n/WUTA/WUTA-FSD/ros2_ws/install/detection_fusion' for CMake config files
[0.901s] Level 1:colcon.colcon_core.shell:create_environment_hook('detection_fusion', 'cmake_prefix_path')
[0.902s] INFO:colcon.colcon_core.shell:Creating environment hook '/home/starry1n/WUTA/WUTA-FSD/ros2_ws/install/detection_fusion/share/detection_fusion/hook/cmake_prefix_path.ps1'
[0.902s] INFO:colcon.colcon_core.shell:Creating environment descriptor '/home/starry1n/WUTA/WUTA-FSD/ros2_ws/install/detection_fusion/share/detection_fusion/hook/cmake_prefix_path.dsv'
[0.903s] INFO:colcon.colcon_core.shell:Creating environment hook '/home/starry1n/WUTA/WUTA-FSD/ros2_ws/install/detection_fusion/share/detection_fusion/hook/cmake_prefix_path.sh'
[0.903s] Level 1:colcon.colcon_core.environment:checking '/home/starry1n/WUTA/WUTA-FSD/ros2_ws/install/detection_fusion/bin'
[0.903s] Level 1:colcon.colcon_core.environment:checking '/home/starry1n/WUTA/WUTA-FSD/ros2_ws/install/detection_fusion/lib/pkgconfig/detection_fusion.pc'
[0.904s] Level 1:colcon.colcon_core.environment:checking '/home/starry1n/WUTA/WUTA-FSD/ros2_ws/install/detection_fusion/lib/python3.10/site-packages'
[0.904s] Level 1:colcon.colcon_core.environment:checking '/home/starry1n/WUTA/WUTA-FSD/ros2_ws/install/detection_fusion/bin'
[0.904s] INFO:colcon.colcon_core.shell:Creating package script '/home/starry1n/WUTA/WUTA-FSD/ros2_ws/install/detection_fusion/share/detection_fusion/package.ps1'
[0.904s] INFO:colcon.colcon_core.shell:Creating package descriptor '/home/starry1n/WUTA/WUTA-FSD/ros2_ws/install/detection_fusion/share/detection_fusion/package.dsv'
[0.905s] INFO:colcon.colcon_core.shell:Creating package script '/home/starry1n/WUTA/WUTA-FSD/ros2_ws/install/detection_fusion/share/detection_fusion/package.sh'
[0.906s] INFO:colcon.colcon_core.shell:Creating package script '/home/starry1n/WUTA/WUTA-FSD/ros2_ws/install/detection_fusion/share/detection_fusion/package.bash'
[0.906s] INFO:colcon.colcon_core.shell:Creating package script '/home/starry1n/WUTA/WUTA-FSD/ros2_ws/install/detection_fusion/share/detection_fusion/package.zsh'
[0.906s] Level 1:colcon.colcon_core.environment:create_file_with_runtime_dependencies(/home/starry1n/WUTA/WUTA-FSD/ros2_ws/install/detection_fusion/share/colcon-core/packages/detection_fusion)
[0.907s] Level 1:colcon.colcon_core.environment:create_environment_scripts_only(detection_fusion)
[0.907s] Level 1:colcon.colcon_core.environment:checking '/home/starry1n/WUTA/WUTA-FSD/ros2_ws/install/detection_fusion' for CMake module files
[0.907s] Level 1:colcon.colcon_core.environment:checking '/home/starry1n/WUTA/WUTA-FSD/ros2_ws/install/detection_fusion' for CMake config files
[0.907s] Level 1:colcon.colcon_core.shell:create_environment_hook('detection_fusion', 'cmake_prefix_path')
[0.908s] INFO:colcon.colcon_core.shell:Creating environment hook '/home/starry1n/WUTA/WUTA-FSD/ros2_ws/install/detection_fusion/share/detection_fusion/hook/cmake_prefix_path.ps1'
[0.908s] INFO:colcon.colcon_core.shell:Creating environment descriptor '/home/starry1n/WUTA/WUTA-FSD/ros2_ws/install/detection_fusion/share/detection_fusion/hook/cmake_prefix_path.dsv'
[0.908s] INFO:colcon.colcon_core.shell:Creating environment hook '/home/starry1n/WUTA/WUTA-FSD/ros2_ws/install/detection_fusion/share/detection_fusion/hook/cmake_prefix_path.sh'
[0.909s] Level 1:colcon.colcon_core.environment:checking '/home/starry1n/WUTA/WUTA-FSD/ros2_ws/install/detection_fusion/bin'
[0.909s] Level 1:colcon.colcon_core.environment:checking '/home/starry1n/WUTA/WUTA-FSD/ros2_ws/install/detection_fusion/lib/pkgconfig/detection_fusion.pc'
[0.909s] Level 1:colcon.colcon_core.environment:checking '/home/starry1n/WUTA/WUTA-FSD/ros2_ws/install/detection_fusion/lib/python3.10/site-packages'
[0.909s] Level 1:colcon.colcon_core.environment:checking '/home/starry1n/WUTA/WUTA-FSD/ros2_ws/install/detection_fusion/bin'
[0.909s] INFO:colcon.colcon_core.shell:Creating package script '/home/starry1n/WUTA/WUTA-FSD/ros2_ws/install/detection_fusion/share/detection_fusion/package.ps1'
[0.910s] INFO:colcon.colcon_core.shell:Creating package descriptor '/home/starry1n/WUTA/WUTA-FSD/ros2_ws/install/detection_fusion/share/detection_fusion/package.dsv'
[0.910s] INFO:colcon.colcon_core.shell:Creating package script '/home/starry1n/WUTA/WUTA-FSD/ros2_ws/install/detection_fusion/share/detection_fusion/package.sh'
[0.911s] INFO:colcon.colcon_core.shell:Creating package script '/home/starry1n/WUTA/WUTA-FSD/ros2_ws/install/detection_fusion/share/detection_fusion/package.bash'
[0.911s] INFO:colcon.colcon_core.shell:Creating package script '/home/starry1n/WUTA/WUTA-FSD/ros2_ws/install/detection_fusion/share/detection_fusion/package.zsh'
[0.911s] Level 1:colcon.colcon_core.environment:create_file_with_runtime_dependencies(/home/starry1n/WUTA/WUTA-FSD/ros2_ws/install/detection_fusion/share/colcon-core/packages/detection_fusion)
[0.915s] DEBUG:colcon.colcon_core.event_handler.log_command:Invoked command in '/home/starry1n/WUTA/WUTA-FSD/ros2_ws/build/boundary_detector' returned '0': AMENT_PREFIX_PATH=/home/starry1n/WUTA/WUTA-FSD/ros2_ws/install/wuta_msgs:/home/starry1n/WUTA/WUTA-FSD/ros2_ws/install/autoware_msgs:${AMENT_PREFIX_PATH} CMAKE_PREFIX_PATH=/home/starry1n/WUTA/WUTA-FSD/ros2_ws/install/wuta_msgs:/home/starry1n/WUTA/WUTA-FSD/ros2_ws/install/autoware_msgs:/opt/ros/humble LD_LIBRARY_PATH=/home/starry1n/WUTA/WUTA-FSD/ros2_ws/install/wuta_msgs/lib:/home/starry1n/WUTA/WUTA-FSD/ros2_ws/install/autoware_msgs/lib:${LD_LIBRARY_PATH} PYTHONPATH=/home/starry1n/WUTA/WUTA-FSD/ros2_ws/install/wuta_msgs/local/lib/python3.10/dist-packages:/home/starry1n/WUTA/WUTA-FSD/ros2_ws/install/autoware_msgs/local/lib/python3.10/dist-packages:${PYTHONPATH} /usr/bin/cmake --build /home/starry1n/WUTA/WUTA-FSD/ros2_ws/build/boundary_detector -- -j8 -l8
[0.915s] DEBUG:colcon.colcon_core.event_handler.log_command:Invoking command in '/home/starry1n/WUTA/WUTA-FSD/ros2_ws/build/boundary_detector': AMENT_PREFIX_PATH=/home/starry1n/WUTA/WUTA-FSD/ros2_ws/install/wuta_msgs:/home/starry1n/WUTA/WUTA-FSD/ros2_ws/install/autoware_msgs:${AMENT_PREFIX_PATH} CMAKE_PREFIX_PATH=/home/starry1n/WUTA/WUTA-FSD/ros2_ws/install/wuta_msgs:/home/starry1n/WUTA/WUTA-FSD/ros2_ws/install/autoware_msgs:/opt/ros/humble LD_LIBRARY_PATH=/home/starry1n/WUTA/WUTA-FSD/ros2_ws/install/wuta_msgs/lib:/home/starry1n/WUTA/WUTA-FSD/ros2_ws/install/autoware_msgs/lib:${LD_LIBRARY_PATH} PYTHONPATH=/home/starry1n/WUTA/WUTA-FSD/ros2_ws/install/wuta_msgs/local/lib/python3.10/dist-packages:/home/starry1n/WUTA/WUTA-FSD/ros2_ws/install/autoware_msgs/local/lib/python3.10/dist-packages:${PYTHONPATH} /usr/bin/cmake --install /home/starry1n/WUTA/WUTA-FSD/ros2_ws/build/boundary_detector
[0.916s] INFO:colcon.colcon_ros.task.ament_cmake.build:Building ROS package in '/home/starry1n/WUTA/WUTA-FSD/ros2_ws/src/localization/ndt_localization' with build type 'ament_cmake'
[0.916s] INFO:colcon.colcon_cmake.task.cmake.build:Building CMake package in '/home/starry1n/WUTA/WUTA-FSD/ros2_ws/src/localization/ndt_localization'
[0.917s] INFO:colcon.colcon_core.shell:Skip shell extension 'powershell' for command environment: Not usable outside of PowerShell
[0.917s] DEBUG:colcon.colcon_core.shell:Skip shell extension 'dsv' for command environment
[0.929s] DEBUG:colcon.colcon_core.event_handler.log_command:Invoking command in '/home/starry1n/WUTA/WUTA-FSD/ros2_ws/build/localization_manager': AMENT_PREFIX_PATH=/home/starry1n/WUTA/WUTA-FSD/ros2_ws/install/wuta_msgs:/home/starry1n/WUTA/WUTA-FSD/ros2_ws/install/robot_localization:/home/starry1n/WUTA/WUTA-FSD/ros2_ws/install/kiss_icp:${AMENT_PREFIX_PATH} CMAKE_PREFIX_PATH=/home/starry1n/WUTA/WUTA-FSD/ros2_ws/install/wuta_msgs:/home/starry1n/WUTA/WUTA-FSD/ros2_ws/install/robot_localization:/home/starry1n/WUTA/WUTA-FSD/ros2_ws/install/kiss_icp:/opt/ros/humble LD_LIBRARY_PATH=/home/starry1n/WUTA/WUTA-FSD/ros2_ws/install/wuta_msgs/lib:/home/starry1n/WUTA/WUTA-FSD/ros2_ws/install/robot_localization/lib:/home/starry1n/WUTA/WUTA-FSD/ros2_ws/install/kiss_icp/lib:${LD_LIBRARY_PATH} PYTHONPATH=/home/starry1n/WUTA/WUTA-FSD/ros2_ws/install/wuta_msgs/local/lib/python3.10/dist-packages:/home/starry1n/WUTA/WUTA-FSD/ros2_ws/install/robot_localization/local/lib/python3.10/dist-packages:${PYTHONPATH} /usr/bin/cmake --build /home/starry1n/WUTA/WUTA-FSD/ros2_ws/build/localization_manager -- -j8 -l8
[0.930s] DEBUG:colcon.colcon_core.event_handler.log_command:Invoked command in '/home/starry1n/WUTA/WUTA-FSD/ros2_ws/build/lidar_detection' returned '0': AMENT_PREFIX_PATH=/home/starry1n/WUTA/WUTA-FSD/ros2_ws/install/wuta_msgs:${AMENT_PREFIX_PATH} CMAKE_PREFIX_PATH=/home/starry1n/WUTA/WUTA-FSD/ros2_ws/install/wuta_msgs:/opt/ros/humble LD_LIBRARY_PATH=/home/starry1n/WUTA/WUTA-FSD/ros2_ws/install/wuta_msgs/lib:${LD_LIBRARY_PATH} PYTHONPATH=/home/starry1n/WUTA/WUTA-FSD/ros2_ws/install/wuta_msgs/local/lib/python3.10/dist-packages:${PYTHONPATH} /usr/bin/cmake --build /home/starry1n/WUTA/WUTA-FSD/ros2_ws/build/lidar_detection -- -j8 -l8
[0.934s] DEBUG:colcon.colcon_core.event_handler.log_command:Invoking command in '/home/starry1n/WUTA/WUTA-FSD/ros2_ws/build/lidar_detection': AMENT_PREFIX_PATH=/home/starry1n/WUTA/WUTA-FSD/ros2_ws/install/wuta_msgs:${AMENT_PREFIX_PATH} CMAKE_PREFIX_PATH=/home/starry1n/WUTA/WUTA-FSD/ros2_ws/install/wuta_msgs:/opt/ros/humble LD_LIBRARY_PATH=/home/starry1n/WUTA/WUTA-FSD/ros2_ws/install/wuta_msgs/lib:${LD_LIBRARY_PATH} PYTHONPATH=/home/starry1n/WUTA/WUTA-FSD/ros2_ws/install/wuta_msgs/local/lib/python3.10/dist-packages:${PYTHONPATH} /usr/bin/cmake --install /home/starry1n/WUTA/WUTA-FSD/ros2_ws/build/lidar_detection
[0.934s] Level 1:colcon.colcon_core.environment:create_environment_scripts_only(kiss_icp_wrapper)
[0.934s] Level 1:colcon.colcon_core.environment:checking '/home/starry1n/WUTA/WUTA-FSD/ros2_ws/install/kiss_icp_wrapper' for CMake module files
[0.935s] DEBUG:colcon.colcon_core.event_handler.log_command:Invoked command in '/home/starry1n/WUTA/WUTA-FSD/ros2_ws/build/kiss_icp_wrapper' returned '0': AMENT_PREFIX_PATH=/home/starry1n/WUTA/WUTA-FSD/ros2_ws/install/wuta_msgs:${AMENT_PREFIX_PATH} CMAKE_PREFIX_PATH=/home/starry1n/WUTA/WUTA-FSD/ros2_ws/install/wuta_msgs:/opt/ros/humble LD_LIBRARY_PATH=/home/starry1n/WUTA/WUTA-FSD/ros2_ws/install/wuta_msgs/lib:${LD_LIBRARY_PATH} PYTHONPATH=/home/starry1n/WUTA/WUTA-FSD/ros2_ws/install/wuta_msgs/local/lib/python3.10/dist-packages:${PYTHONPATH} /usr/bin/cmake --install /home/starry1n/WUTA/WUTA-FSD/ros2_ws/build/kiss_icp_wrapper
[0.935s] Level 1:colcon.colcon_core.environment:checking '/home/starry1n/WUTA/WUTA-FSD/ros2_ws/install/kiss_icp_wrapper' for CMake config files
[0.935s] Level 1:colcon.colcon_core.shell:create_environment_hook('kiss_icp_wrapper', 'cmake_prefix_path')
[0.935s] INFO:colcon.colcon_core.shell:Creating environment hook '/home/starry1n/WUTA/WUTA-FSD/ros2_ws/install/kiss_icp_wrapper/share/kiss_icp_wrapper/hook/cmake_prefix_path.ps1'
[0.936s] INFO:colcon.colcon_core.shell:Creating environment descriptor '/home/starry1n/WUTA/WUTA-FSD/ros2_ws/install/kiss_icp_wrapper/share/kiss_icp_wrapper/hook/cmake_prefix_path.dsv'
[0.936s] INFO:colcon.colcon_core.shell:Creating environment hook '/home/starry1n/WUTA/WUTA-FSD/ros2_ws/install/kiss_icp_wrapper/share/kiss_icp_wrapper/hook/cmake_prefix_path.sh'
[0.936s] Level 1:colcon.colcon_core.environment:checking '/home/starry1n/WUTA/WUTA-FSD/ros2_ws/install/kiss_icp_wrapper/bin'
[0.936s] Level 1:colcon.colcon_core.environment:checking '/home/starry1n/WUTA/WUTA-FSD/ros2_ws/install/kiss_icp_wrapper/lib/pkgconfig/kiss_icp_wrapper.pc'
[0.937s] Level 1:colcon.colcon_core.environment:checking '/home/starry1n/WUTA/WUTA-FSD/ros2_ws/install/kiss_icp_wrapper/lib/python3.10/site-packages'
[0.937s] Level 1:colcon.colcon_core.environment:checking '/home/starry1n/WUTA/WUTA-FSD/ros2_ws/install/kiss_icp_wrapper/bin'
[0.937s] INFO:colcon.colcon_core.shell:Creating package script '/home/starry1n/WUTA/WUTA-FSD/ros2_ws/install/kiss_icp_wrapper/share/kiss_icp_wrapper/package.ps1'
[0.937s] INFO:colcon.colcon_core.shell:Creating package descriptor '/home/starry1n/WUTA/WUTA-FSD/ros2_ws/install/kiss_icp_wrapper/share/kiss_icp_wrapper/package.dsv'
[0.938s] INFO:colcon.colcon_core.shell:Creating package script '/home/starry1n/WUTA/WUTA-FSD/ros2_ws/install/kiss_icp_wrapper/share/kiss_icp_wrapper/package.sh'
[0.938s] INFO:colcon.colcon_core.shell:Creating package script '/home/starry1n/WUTA/WUTA-FSD/ros2_ws/install/kiss_icp_wrapper/share/kiss_icp_wrapper/package.bash'
[0.938s] INFO:colcon.colcon_core.shell:Creating package script '/home/starry1n/WUTA/WUTA-FSD/ros2_ws/install/kiss_icp_wrapper/share/kiss_icp_wrapper/package.zsh'
[0.939s] Level 1:colcon.colcon_core.environment:create_file_with_runtime_dependencies(/home/starry1n/WUTA/WUTA-FSD/ros2_ws/install/kiss_icp_wrapper/share/colcon-core/packages/kiss_icp_wrapper)
[0.940s] Level 1:colcon.colcon_core.environment:create_environment_scripts_only(kiss_icp_wrapper)
[0.941s] Level 1:colcon.colcon_core.environment:checking '/home/starry1n/WUTA/WUTA-FSD/ros2_ws/install/kiss_icp_wrapper' for CMake module files
[0.942s] Level 1:colcon.colcon_core.environment:checking '/home/starry1n/WUTA/WUTA-FSD/ros2_ws/install/kiss_icp_wrapper' for CMake config files
[0.942s] Level 1:colcon.colcon_core.shell:create_environment_hook('kiss_icp_wrapper', 'cmake_prefix_path')
[0.942s] INFO:colcon.colcon_core.shell:Creating environment hook '/home/starry1n/WUTA/WUTA-FSD/ros2_ws/install/kiss_icp_wrapper/share/kiss_icp_wrapper/hook/cmake_prefix_path.ps1'
[0.943s] INFO:colcon.colcon_core.shell:Creating environment descriptor '/home/starry1n/WUTA/WUTA-FSD/ros2_ws/install/kiss_icp_wrapper/share/kiss_icp_wrapper/hook/cmake_prefix_path.dsv'
[0.943s] INFO:colcon.colcon_core.shell:Creating environment hook '/home/starry1n/WUTA/WUTA-FSD/ros2_ws/install/kiss_icp_wrapper/share/kiss_icp_wrapper/hook/cmake_prefix_path.sh'
[0.944s] Level 1:colcon.colcon_core.environment:checking '/home/starry1n/WUTA/WUTA-FSD/ros2_ws/install/kiss_icp_wrapper/bin'
[0.944s] Level 1:colcon.colcon_core.environment:checking '/home/starry1n/WUTA/WUTA-FSD/ros2_ws/install/kiss_icp_wrapper/lib/pkgconfig/kiss_icp_wrapper.pc'
[0.944s] Level 1:colcon.colcon_core.environment:checking '/home/starry1n/WUTA/WUTA-FSD/ros2_ws/install/kiss_icp_wrapper/lib/python3.10/site-packages'
[0.944s] Level 1:colcon.colcon_core.environment:checking '/home/starry1n/WUTA/WUTA-FSD/ros2_ws/install/kiss_icp_wrapper/bin'
[0.944s] INFO:colcon.colcon_core.shell:Creating package script '/home/starry1n/WUTA/WUTA-FSD/ros2_ws/install/kiss_icp_wrapper/share/kiss_icp_wrapper/package.ps1'
[0.945s] INFO:colcon.colcon_core.shell:Creating package descriptor '/home/starry1n/WUTA/WUTA-FSD/ros2_ws/install/kiss_icp_wrapper/share/kiss_icp_wrapper/package.dsv'
[0.945s] INFO:colcon.colcon_core.shell:Creating package script '/home/starry1n/WUTA/WUTA-FSD/ros2_ws/install/kiss_icp_wrapper/share/kiss_icp_wrapper/package.sh'
[0.945s] INFO:colcon.colcon_core.shell:Creating package script '/home/starry1n/WUTA/WUTA-FSD/ros2_ws/install/kiss_icp_wrapper/share/kiss_icp_wrapper/package.bash'
[0.946s] INFO:colcon.colcon_core.shell:Creating package script '/home/starry1n/WUTA/WUTA-FSD/ros2_ws/install/kiss_icp_wrapper/share/kiss_icp_wrapper/package.zsh'
[0.946s] Level 1:colcon.colcon_core.environment:create_file_with_runtime_dependencies(/home/starry1n/WUTA/WUTA-FSD/ros2_ws/install/kiss_icp_wrapper/share/colcon-core/packages/kiss_icp_wrapper)
[0.951s] Level 1:colcon.colcon_core.environment:create_environment_scripts_only(cone_map_builder)
[0.952s] Level 1:colcon.colcon_core.environment:checking '/home/starry1n/WUTA/WUTA-FSD/ros2_ws/install/cone_map_builder' for CMake module files
[0.953s] Level 1:colcon.colcon_core.environment:checking '/home/starry1n/WUTA/WUTA-FSD/ros2_ws/install/cone_map_builder' for CMake config files
[0.953s] DEBUG:colcon.colcon_core.event_handler.log_command:Invoking command in '/home/starry1n/WUTA/WUTA-FSD/ros2_ws/build/mission_manager': AMENT_PREFIX_PATH=/home/starry1n/WUTA/WUTA-FSD/ros2_ws/install/wuta_msgs:${AMENT_PREFIX_PATH} CMAKE_PREFIX_PATH=/home/starry1n/WUTA/WUTA-FSD/ros2_ws/install/wuta_msgs:/opt/ros/humble LD_LIBRARY_PATH=/home/starry1n/WUTA/WUTA-FSD/ros2_ws/install/wuta_msgs/lib:${LD_LIBRARY_PATH} PYTHONPATH=/home/starry1n/WUTA/WUTA-FSD/ros2_ws/install/wuta_msgs/local/lib/python3.10/dist-packages:${PYTHONPATH} /usr/bin/cmake --build /home/starry1n/WUTA/WUTA-FSD/ros2_ws/build/mission_manager -- -j8 -l8
[0.954s] DEBUG:colcon.colcon_core.event_handler.log_command:Invoked command in '/home/starry1n/WUTA/WUTA-FSD/ros2_ws/build/cone_map_builder' returned '0': AMENT_PREFIX_PATH=/home/starry1n/WUTA/WUTA-FSD/ros2_ws/install/wuta_msgs:${AMENT_PREFIX_PATH} CMAKE_PREFIX_PATH=/home/starry1n/WUTA/WUTA-FSD/ros2_ws/install/wuta_msgs:/opt/ros/humble LD_LIBRARY_PATH=/home/starry1n/WUTA/WUTA-FSD/ros2_ws/install/wuta_msgs/lib:${LD_LIBRARY_PATH} PYTHONPATH=/home/starry1n/WUTA/WUTA-FSD/ros2_ws/install/wuta_msgs/local/lib/python3.10/dist-packages:${PYTHONPATH} /usr/bin/cmake --install /home/starry1n/WUTA/WUTA-FSD/ros2_ws/build/cone_map_builder
[0.954s] Level 1:colcon.colcon_core.shell:create_environment_hook('cone_map_builder', 'cmake_prefix_path')
[0.954s] INFO:colcon.colcon_core.shell:Creating environment hook '/home/starry1n/WUTA/WUTA-FSD/ros2_ws/install/cone_map_builder/share/cone_map_builder/hook/cmake_prefix_path.ps1'
[0.955s] INFO:colcon.colcon_core.shell:Creating environment descriptor '/home/starry1n/WUTA/WUTA-FSD/ros2_ws/install/cone_map_builder/share/cone_map_builder/hook/cmake_prefix_path.dsv'
[0.955s] INFO:colcon.colcon_core.shell:Creating environment hook '/home/starry1n/WUTA/WUTA-FSD/ros2_ws/install/cone_map_builder/share/cone_map_builder/hook/cmake_prefix_path.sh'
[0.956s] Level 1:colcon.colcon_core.environment:checking '/home/starry1n/WUTA/WUTA-FSD/ros2_ws/install/cone_map_builder/lib'
[0.956s] Level 1:colcon.colcon_core.environment:checking '/home/starry1n/WUTA/WUTA-FSD/ros2_ws/install/cone_map_builder/bin'
[0.956s] Level 1:colcon.colcon_core.environment:checking '/home/starry1n/WUTA/WUTA-FSD/ros2_ws/install/cone_map_builder/lib/pkgconfig/cone_map_builder.pc'
[0.956s] Level 1:colcon.colcon_core.environment:checking '/home/starry1n/WUTA/WUTA-FSD/ros2_ws/install/cone_map_builder/lib/python3.10/site-packages'
[0.956s] Level 1:colcon.colcon_core.environment:checking '/home/starry1n/WUTA/WUTA-FSD/ros2_ws/install/cone_map_builder/bin'
[0.956s] INFO:colcon.colcon_core.shell:Creating package script '/home/starry1n/WUTA/WUTA-FSD/ros2_ws/install/cone_map_builder/share/cone_map_builder/package.ps1'
[0.957s] INFO:colcon.colcon_core.shell:Creating package descriptor '/home/starry1n/WUTA/WUTA-FSD/ros2_ws/install/cone_map_builder/share/cone_map_builder/package.dsv'
[0.958s] INFO:colcon.colcon_core.shell:Creating package script '/home/starry1n/WUTA/WUTA-FSD/ros2_ws/install/cone_map_builder/share/cone_map_builder/package.sh'
[0.958s] INFO:colcon.colcon_core.shell:Creating package script '/home/starry1n/WUTA/WUTA-FSD/ros2_ws/install/cone_map_builder/share/cone_map_builder/package.bash'
[0.958s] INFO:colcon.colcon_core.shell:Creating package script '/home/starry1n/WUTA/WUTA-FSD/ros2_ws/install/cone_map_builder/share/cone_map_builder/package.zsh'
[0.959s] Level 1:colcon.colcon_core.environment:create_file_with_runtime_dependencies(/home/starry1n/WUTA/WUTA-FSD/ros2_ws/install/cone_map_builder/share/colcon-core/packages/cone_map_builder)
[0.959s] Level 1:colcon.colcon_core.environment:create_environment_scripts_only(cone_map_builder)
[0.960s] Level 1:colcon.colcon_core.environment:checking '/home/starry1n/WUTA/WUTA-FSD/ros2_ws/install/cone_map_builder' for CMake module files
[0.960s] Level 1:colcon.colcon_core.environment:checking '/home/starry1n/WUTA/WUTA-FSD/ros2_ws/install/cone_map_builder' for CMake config files
[0.960s] Level 1:colcon.colcon_core.shell:create_environment_hook('cone_map_builder', 'cmake_prefix_path')
[0.960s] INFO:colcon.colcon_core.shell:Creating environment hook '/home/starry1n/WUTA/WUTA-FSD/ros2_ws/install/cone_map_builder/share/cone_map_builder/hook/cmake_prefix_path.ps1'
[0.961s] INFO:colcon.colcon_core.shell:Creating environment descriptor '/home/starry1n/WUTA/WUTA-FSD/ros2_ws/install/cone_map_builder/share/cone_map_builder/hook/cmake_prefix_path.dsv'
[0.961s] INFO:colcon.colcon_core.shell:Creating environment hook '/home/starry1n/WUTA/WUTA-FSD/ros2_ws/install/cone_map_builder/share/cone_map_builder/hook/cmake_prefix_path.sh'
[0.962s] Level 1:colcon.colcon_core.environment:checking '/home/starry1n/WUTA/WUTA-FSD/ros2_ws/install/cone_map_builder/lib'
[0.962s] Level 1:colcon.colcon_core.environment:checking '/home/starry1n/WUTA/WUTA-FSD/ros2_ws/install/cone_map_builder/bin'
[0.962s] Level 1:colcon.colcon_core.environment:checking '/home/starry1n/WUTA/WUTA-FSD/ros2_ws/install/cone_map_builder/lib/pkgconfig/cone_map_builder.pc'
[0.962s] Level 1:colcon.colcon_core.environment:checking '/home/starry1n/WUTA/WUTA-FSD/ros2_ws/install/cone_map_builder/lib/python3.10/site-packages'
[0.962s] Level 1:colcon.colcon_core.environment:checking '/home/starry1n/WUTA/WUTA-FSD/ros2_ws/install/cone_map_builder/bin'
[0.962s] INFO:colcon.colcon_core.shell:Creating package script '/home/starry1n/WUTA/WUTA-FSD/ros2_ws/install/cone_map_builder/share/cone_map_builder/package.ps1'
[0.963s] INFO:colcon.colcon_core.shell:Creating package descriptor '/home/starry1n/WUTA/WUTA-FSD/ros2_ws/install/cone_map_builder/share/cone_map_builder/package.dsv'
[0.963s] INFO:colcon.colcon_core.shell:Creating package script '/home/starry1n/WUTA/WUTA-FSD/ros2_ws/install/cone_map_builder/share/cone_map_builder/package.sh'
[0.963s] INFO:colcon.colcon_core.shell:Creating package script '/home/starry1n/WUTA/WUTA-FSD/ros2_ws/install/cone_map_builder/share/cone_map_builder/package.bash'
[0.963s] INFO:colcon.colcon_core.shell:Creating package script '/home/starry1n/WUTA/WUTA-FSD/ros2_ws/install/cone_map_builder/share/cone_map_builder/package.zsh'
[0.964s] Level 1:colcon.colcon_core.environment:create_file_with_runtime_dependencies(/home/starry1n/WUTA/WUTA-FSD/ros2_ws/install/cone_map_builder/share/colcon-core/packages/cone_map_builder)
[0.964s] INFO:colcon.colcon_ros.task.ament_cmake.build:Building ROS package in '/home/starry1n/WUTA/WUTA-FSD/ros2_ws/src/planning/path_generator' with build type 'ament_cmake'
[0.964s] INFO:colcon.colcon_cmake.task.cmake.build:Building CMake package in '/home/starry1n/WUTA/WUTA-FSD/ros2_ws/src/planning/path_generator'
[0.964s] INFO:colcon.colcon_core.shell:Skip shell extension 'powershell' for command environment: Not usable outside of PowerShell
[0.964s] DEBUG:colcon.colcon_core.shell:Skip shell extension 'dsv' for command environment
[0.970s] Level 1:colcon.colcon_core.environment:create_environment_scripts_only(controller)
[0.971s] Level 1:colcon.colcon_core.environment:checking '/home/starry1n/WUTA/WUTA-FSD/ros2_ws/install/controller' for CMake module files
[0.972s] DEBUG:colcon.colcon_core.event_handler.log_command:Invoked command in '/home/starry1n/WUTA/WUTA-FSD/ros2_ws/build/controller' returned '0': AMENT_PREFIX_PATH=/home/starry1n/WUTA/WUTA-FSD/ros2_ws/install/wuta_msgs:/home/starry1n/WUTA/WUTA-FSD/ros2_ws/install/autoware_msgs:${AMENT_PREFIX_PATH} CMAKE_PREFIX_PATH=/home/starry1n/WUTA/WUTA-FSD/ros2_ws/install/wuta_msgs:/home/starry1n/WUTA/WUTA-FSD/ros2_ws/install/autoware_msgs:/opt/ros/humble LD_LIBRARY_PATH=/home/starry1n/WUTA/WUTA-FSD/ros2_ws/install/wuta_msgs/lib:/home/starry1n/WUTA/WUTA-FSD/ros2_ws/install/autoware_msgs/lib:${LD_LIBRARY_PATH} PYTHONPATH=/home/starry1n/WUTA/WUTA-FSD/ros2_ws/install/wuta_msgs/local/lib/python3.10/dist-packages:/home/starry1n/WUTA/WUTA-FSD/ros2_ws/install/autoware_msgs/local/lib/python3.10/dist-packages:${PYTHONPATH} /usr/bin/cmake --install /home/starry1n/WUTA/WUTA-FSD/ros2_ws/build/controller
[0.972s] Level 1:colcon.colcon_core.environment:checking '/home/starry1n/WUTA/WUTA-FSD/ros2_ws/install/controller' for CMake config files
[0.973s] Level 1:colcon.colcon_core.shell:create_environment_hook('controller', 'cmake_prefix_path')
[0.973s] INFO:colcon.colcon_core.shell:Creating environment hook '/home/starry1n/WUTA/WUTA-FSD/ros2_ws/install/controller/share/controller/hook/cmake_prefix_path.ps1'
[0.974s] INFO:colcon.colcon_core.shell:Creating environment descriptor '/home/starry1n/WUTA/WUTA-FSD/ros2_ws/install/controller/share/controller/hook/cmake_prefix_path.dsv'
[0.975s] INFO:colcon.colcon_core.shell:Creating environment hook '/home/starry1n/WUTA/WUTA-FSD/ros2_ws/install/controller/share/controller/hook/cmake_prefix_path.sh'
[0.977s] Level 1:colcon.colcon_core.environment:checking '/home/starry1n/WUTA/WUTA-FSD/ros2_ws/install/controller/lib'
[0.977s] Level 1:colcon.colcon_core.environment:checking '/home/starry1n/WUTA/WUTA-FSD/ros2_ws/install/controller/bin'
[0.977s] Level 1:colcon.colcon_core.environment:checking '/home/starry1n/WUTA/WUTA-FSD/ros2_ws/install/controller/lib/pkgconfig/controller.pc'
[0.977s] Level 1:colcon.colcon_core.environment:checking '/home/starry1n/WUTA/WUTA-FSD/ros2_ws/install/controller/lib/python3.10/site-packages'
[0.978s] Level 1:colcon.colcon_core.environment:checking '/home/starry1n/WUTA/WUTA-FSD/ros2_ws/install/controller/bin'
[0.978s] INFO:colcon.colcon_core.shell:Creating package script '/home/starry1n/WUTA/WUTA-FSD/ros2_ws/install/controller/share/controller/package.ps1'
[0.979s] INFO:colcon.colcon_core.shell:Creating package descriptor '/home/starry1n/WUTA/WUTA-FSD/ros2_ws/install/controller/share/controller/package.dsv'
[0.979s] INFO:colcon.colcon_core.shell:Creating package script '/home/starry1n/WUTA/WUTA-FSD/ros2_ws/install/controller/share/controller/package.sh'
[0.979s] INFO:colcon.colcon_core.shell:Creating package script '/home/starry1n/WUTA/WUTA-FSD/ros2_ws/install/controller/share/controller/package.bash'
[0.980s] INFO:colcon.colcon_core.shell:Creating package script '/home/starry1n/WUTA/WUTA-FSD/ros2_ws/install/controller/share/controller/package.zsh'
[0.981s] Level 1:colcon.colcon_core.environment:create_file_with_runtime_dependencies(/home/starry1n/WUTA/WUTA-FSD/ros2_ws/install/controller/share/colcon-core/packages/controller)
[0.982s] Level 1:colcon.colcon_core.environment:create_environment_scripts_only(controller)
[0.982s] Level 1:colcon.colcon_core.environment:checking '/home/starry1n/WUTA/WUTA-FSD/ros2_ws/install/controller' for CMake module files
[0.982s] Level 1:colcon.colcon_core.environment:checking '/home/starry1n/WUTA/WUTA-FSD/ros2_ws/install/controller' for CMake config files
[0.982s] Level 1:colcon.colcon_core.shell:create_environment_hook('controller', 'cmake_prefix_path')
[0.982s] INFO:colcon.colcon_core.shell:Creating environment hook '/home/starry1n/WUTA/WUTA-FSD/ros2_ws/install/controller/share/controller/hook/cmake_prefix_path.ps1'
[0.983s] INFO:colcon.colcon_core.shell:Creating environment descriptor '/home/starry1n/WUTA/WUTA-FSD/ros2_ws/install/controller/share/controller/hook/cmake_prefix_path.dsv'
[0.983s] INFO:colcon.colcon_core.shell:Creating environment hook '/home/starry1n/WUTA/WUTA-FSD/ros2_ws/install/controller/share/controller/hook/cmake_prefix_path.sh'
[0.984s] Level 1:colcon.colcon_core.environment:checking '/home/starry1n/WUTA/WUTA-FSD/ros2_ws/install/controller/lib'
[0.984s] Level 1:colcon.colcon_core.environment:checking '/home/starry1n/WUTA/WUTA-FSD/ros2_ws/install/controller/bin'
[0.984s] Level 1:colcon.colcon_core.environment:checking '/home/starry1n/WUTA/WUTA-FSD/ros2_ws/install/controller/lib/pkgconfig/controller.pc'
[0.984s] Level 1:colcon.colcon_core.environment:checking '/home/starry1n/WUTA/WUTA-FSD/ros2_ws/install/controller/lib/python3.10/site-packages'
[0.984s] Level 1:colcon.colcon_core.environment:checking '/home/starry1n/WUTA/WUTA-FSD/ros2_ws/install/controller/bin'
[0.984s] INFO:colcon.colcon_core.shell:Creating package script '/home/starry1n/WUTA/WUTA-FSD/ros2_ws/install/controller/share/controller/package.ps1'
[0.985s] INFO:colcon.colcon_core.shell:Creating package descriptor '/home/starry1n/WUTA/WUTA-FSD/ros2_ws/install/controller/share/controller/package.dsv'
[0.985s] INFO:colcon.colcon_core.shell:Creating package script '/home/starry1n/WUTA/WUTA-FSD/ros2_ws/install/controller/share/controller/package.sh'
[0.985s] INFO:colcon.colcon_core.shell:Creating package script '/home/starry1n/WUTA/WUTA-FSD/ros2_ws/install/controller/share/controller/package.bash'
[0.986s] INFO:colcon.colcon_core.shell:Creating package script '/home/starry1n/WUTA/WUTA-FSD/ros2_ws/install/controller/share/controller/package.zsh'
[0.986s] Level 1:colcon.colcon_core.environment:create_file_with_runtime_dependencies(/home/starry1n/WUTA/WUTA-FSD/ros2_ws/install/controller/share/colcon-core/packages/controller)
[0.987s] INFO:colcon.colcon_ros.task.ament_cmake.build:Building ROS package in '/home/starry1n/WUTA/WUTA-FSD/ros2_ws/src/common/wuta_tools' with build type 'ament_cmake'
[0.987s] INFO:colcon.colcon_cmake.task.cmake.build:Building CMake package in '/home/starry1n/WUTA/WUTA-FSD/ros2_ws/src/common/wuta_tools'
[0.987s] INFO:colcon.colcon_core.shell:Skip shell extension 'powershell' for command environment: Not usable outside of PowerShell
[0.987s] DEBUG:colcon.colcon_core.shell:Skip shell extension 'dsv' for command environment
[0.991s] Level 1:colcon.colcon_core.environment:create_environment_scripts_only(boundary_detector)
[0.991s] Level 1:colcon.colcon_core.environment:checking '/home/starry1n/WUTA/WUTA-FSD/ros2_ws/install/boundary_detector' for CMake module files
[0.992s] DEBUG:colcon.colcon_core.event_handler.log_command:Invoked command in '/home/starry1n/WUTA/WUTA-FSD/ros2_ws/build/boundary_detector' returned '0': AMENT_PREFIX_PATH=/home/starry1n/WUTA/WUTA-FSD/ros2_ws/install/wuta_msgs:/home/starry1n/WUTA/WUTA-FSD/ros2_ws/install/autoware_msgs:${AMENT_PREFIX_PATH} CMAKE_PREFIX_PATH=/home/starry1n/WUTA/WUTA-FSD/ros2_ws/install/wuta_msgs:/home/starry1n/WUTA/WUTA-FSD/ros2_ws/install/autoware_msgs:/opt/ros/humble LD_LIBRARY_PATH=/home/starry1n/WUTA/WUTA-FSD/ros2_ws/install/wuta_msgs/lib:/home/starry1n/WUTA/WUTA-FSD/ros2_ws/install/autoware_msgs/lib:${LD_LIBRARY_PATH} PYTHONPATH=/home/starry1n/WUTA/WUTA-FSD/ros2_ws/install/wuta_msgs/local/lib/python3.10/dist-packages:/home/starry1n/WUTA/WUTA-FSD/ros2_ws/install/autoware_msgs/local/lib/python3.10/dist-packages:${PYTHONPATH} /usr/bin/cmake --install /home/starry1n/WUTA/WUTA-FSD/ros2_ws/build/boundary_detector
[0.993s] Level 1:colcon.colcon_core.environment:checking '/home/starry1n/WUTA/WUTA-FSD/ros2_ws/install/boundary_detector' for CMake config files
[0.993s] Level 1:colcon.colcon_core.shell:create_environment_hook('boundary_detector', 'cmake_prefix_path')
[0.993s] INFO:colcon.colcon_core.shell:Creating environment hook '/home/starry1n/WUTA/WUTA-FSD/ros2_ws/install/boundary_detector/share/boundary_detector/hook/cmake_prefix_path.ps1'
[0.993s] INFO:colcon.colcon_core.shell:Creating environment descriptor '/home/starry1n/WUTA/WUTA-FSD/ros2_ws/install/boundary_detector/share/boundary_detector/hook/cmake_prefix_path.dsv'
[0.994s] INFO:colcon.colcon_core.shell:Creating environment hook '/home/starry1n/WUTA/WUTA-FSD/ros2_ws/install/boundary_detector/share/boundary_detector/hook/cmake_prefix_path.sh'
[0.994s] Level 1:colcon.colcon_core.environment:checking '/home/starry1n/WUTA/WUTA-FSD/ros2_ws/install/boundary_detector/lib'
[0.994s] Level 1:colcon.colcon_core.environment:checking '/home/starry1n/WUTA/WUTA-FSD/ros2_ws/install/boundary_detector/bin'
[0.994s] Level 1:colcon.colcon_core.environment:checking '/home/starry1n/WUTA/WUTA-FSD/ros2_ws/install/boundary_detector/lib/pkgconfig/boundary_detector.pc'
[0.994s] Level 1:colcon.colcon_core.environment:checking '/home/starry1n/WUTA/WUTA-FSD/ros2_ws/install/boundary_detector/lib/python3.10/site-packages'
[0.995s] Level 1:colcon.colcon_core.environment:checking '/home/starry1n/WUTA/WUTA-FSD/ros2_ws/install/boundary_detector/bin'
[0.995s] INFO:colcon.colcon_core.shell:Creating package script '/home/starry1n/WUTA/WUTA-FSD/ros2_ws/install/boundary_detector/share/boundary_detector/package.ps1'
[0.995s] INFO:colcon.colcon_core.shell:Creating package descriptor '/home/starry1n/WUTA/WUTA-FSD/ros2_ws/install/boundary_detector/share/boundary_detector/package.dsv'
[0.996s] INFO:colcon.colcon_core.shell:Creating package script '/home/starry1n/WUTA/WUTA-FSD/ros2_ws/install/boundary_detector/share/boundary_detector/package.sh'
[0.996s] INFO:colcon.colcon_core.shell:Creating package script '/home/starry1n/WUTA/WUTA-FSD/ros2_ws/install/boundary_detector/share/boundary_detector/package.bash'
[0.996s] INFO:colcon.colcon_core.shell:Creating package script '/home/starry1n/WUTA/WUTA-FSD/ros2_ws/install/boundary_detector/share/boundary_detector/package.zsh'
[0.996s] Level 1:colcon.colcon_core.environment:create_file_with_runtime_dependencies(/home/starry1n/WUTA/WUTA-FSD/ros2_ws/install/boundary_detector/share/colcon-core/packages/boundary_detector)
[0.997s] Level 1:colcon.colcon_core.environment:create_environment_scripts_only(boundary_detector)
[0.997s] Level 1:colcon.colcon_core.environment:checking '/home/starry1n/WUTA/WUTA-FSD/ros2_ws/install/boundary_detector' for CMake module files
[0.997s] Level 1:colcon.colcon_core.environment:checking '/home/starry1n/WUTA/WUTA-FSD/ros2_ws/install/boundary_detector' for CMake config files
[0.998s] Level 1:colcon.colcon_core.shell:create_environment_hook('boundary_detector', 'cmake_prefix_path')
[0.998s] INFO:colcon.colcon_core.shell:Creating environment hook '/home/starry1n/WUTA/WUTA-FSD/ros2_ws/install/boundary_detector/share/boundary_detector/hook/cmake_prefix_path.ps1'
[0.998s] INFO:colcon.colcon_core.shell:Creating environment descriptor '/home/starry1n/WUTA/WUTA-FSD/ros2_ws/install/boundary_detector/share/boundary_detector/hook/cmake_prefix_path.dsv'
[0.998s] INFO:colcon.colcon_core.shell:Creating environment hook '/home/starry1n/WUTA/WUTA-FSD/ros2_ws/install/boundary_detector/share/boundary_detector/hook/cmake_prefix_path.sh'
[0.999s] Level 1:colcon.colcon_core.environment:checking '/home/starry1n/WUTA/WUTA-FSD/ros2_ws/install/boundary_detector/lib'
[0.999s] Level 1:colcon.colcon_core.environment:checking '/home/starry1n/WUTA/WUTA-FSD/ros2_ws/install/boundary_detector/bin'
[0.999s] Level 1:colcon.colcon_core.environment:checking '/home/starry1n/WUTA/WUTA-FSD/ros2_ws/install/boundary_detector/lib/pkgconfig/boundary_detector.pc'
[0.999s] Level 1:colcon.colcon_core.environment:checking '/home/starry1n/WUTA/WUTA-FSD/ros2_ws/install/boundary_detector/lib/python3.10/site-packages'
[0.999s] Level 1:colcon.colcon_core.environment:checking '/home/starry1n/WUTA/WUTA-FSD/ros2_ws/install/boundary_detector/bin'
[0.999s] INFO:colcon.colcon_core.shell:Creating package script '/home/starry1n/WUTA/WUTA-FSD/ros2_ws/install/boundary_detector/share/boundary_detector/package.ps1'
[1.000s] INFO:colcon.colcon_core.shell:Creating package descriptor '/home/starry1n/WUTA/WUTA-FSD/ros2_ws/install/boundary_detector/share/boundary_detector/package.dsv'
[1.000s] INFO:colcon.colcon_core.shell:Creating package script '/home/starry1n/WUTA/WUTA-FSD/ros2_ws/install/boundary_detector/share/boundary_detector/package.sh'
[1.000s] INFO:colcon.colcon_core.shell:Creating package script '/home/starry1n/WUTA/WUTA-FSD/ros2_ws/install/boundary_detector/share/boundary_detector/package.bash'
[1.000s] INFO:colcon.colcon_core.shell:Creating package script '/home/starry1n/WUTA/WUTA-FSD/ros2_ws/install/boundary_detector/share/boundary_detector/package.zsh'
[1.001s] Level 1:colcon.colcon_core.environment:create_file_with_runtime_dependencies(/home/starry1n/WUTA/WUTA-FSD/ros2_ws/install/boundary_detector/share/colcon-core/packages/boundary_detector)
[1.005s] Level 1:colcon.colcon_core.environment:create_environment_scripts_only(lidar_detection)
[1.006s] Level 1:colcon.colcon_core.environment:checking '/home/starry1n/WUTA/WUTA-FSD/ros2_ws/install/lidar_detection' for CMake module files
[1.007s] DEBUG:colcon.colcon_core.event_handler.log_command:Invoking command in '/home/starry1n/WUTA/WUTA-FSD/ros2_ws/build/ndt_localization': AMENT_PREFIX_PATH=/home/starry1n/WUTA/WUTA-FSD/ros2_ws/install/wuta_msgs:${AMENT_PREFIX_PATH} CMAKE_PREFIX_PATH=/home/starry1n/WUTA/WUTA-FSD/ros2_ws/install/wuta_msgs:/opt/ros/humble LD_LIBRARY_PATH=/home/starry1n/WUTA/WUTA-FSD/ros2_ws/install/wuta_msgs/lib:${LD_LIBRARY_PATH} PYTHONPATH=/home/starry1n/WUTA/WUTA-FSD/ros2_ws/install/wuta_msgs/local/lib/python3.10/dist-packages:${PYTHONPATH} /usr/bin/cmake --build /home/starry1n/WUTA/WUTA-FSD/ros2_ws/build/ndt_localization -- -j8 -l8
[1.007s] DEBUG:colcon.colcon_core.event_handler.log_command:Invoked command in '/home/starry1n/WUTA/WUTA-FSD/ros2_ws/build/lidar_detection' returned '0': AMENT_PREFIX_PATH=/home/starry1n/WUTA/WUTA-FSD/ros2_ws/install/wuta_msgs:${AMENT_PREFIX_PATH} CMAKE_PREFIX_PATH=/home/starry1n/WUTA/WUTA-FSD/ros2_ws/install/wuta_msgs:/opt/ros/humble LD_LIBRARY_PATH=/home/starry1n/WUTA/WUTA-FSD/ros2_ws/install/wuta_msgs/lib:${LD_LIBRARY_PATH} PYTHONPATH=/home/starry1n/WUTA/WUTA-FSD/ros2_ws/install/wuta_msgs/local/lib/python3.10/dist-packages:${PYTHONPATH} /usr/bin/cmake --install /home/starry1n/WUTA/WUTA-FSD/ros2_ws/build/lidar_detection
[1.007s] Level 1:colcon.colcon_core.environment:checking '/home/starry1n/WUTA/WUTA-FSD/ros2_ws/install/lidar_detection' for CMake config files
[1.008s] Level 1:colcon.colcon_core.shell:create_environment_hook('lidar_detection', 'cmake_prefix_path')
[1.008s] INFO:colcon.colcon_core.shell:Creating environment hook '/home/starry1n/WUTA/WUTA-FSD/ros2_ws/install/lidar_detection/share/lidar_detection/hook/cmake_prefix_path.ps1'
[1.008s] INFO:colcon.colcon_core.shell:Creating environment descriptor '/home/starry1n/WUTA/WUTA-FSD/ros2_ws/install/lidar_detection/share/lidar_detection/hook/cmake_prefix_path.dsv'
[1.009s] INFO:colcon.colcon_core.shell:Creating environment hook '/home/starry1n/WUTA/WUTA-FSD/ros2_ws/install/lidar_detection/share/lidar_detection/hook/cmake_prefix_path.sh'
[1.009s] Level 1:colcon.colcon_core.environment:checking '/home/starry1n/WUTA/WUTA-FSD/ros2_ws/install/lidar_detection/lib'
[1.009s] Level 1:colcon.colcon_core.environment:checking '/home/starry1n/WUTA/WUTA-FSD/ros2_ws/install/lidar_detection/bin'
[1.009s] Level 1:colcon.colcon_core.environment:checking '/home/starry1n/WUTA/WUTA-FSD/ros2_ws/install/lidar_detection/lib/pkgconfig/lidar_detection.pc'
[1.010s] Level 1:colcon.colcon_core.environment:checking '/home/starry1n/WUTA/WUTA-FSD/ros2_ws/install/lidar_detection/lib/python3.10/site-packages'
[1.010s] Level 1:colcon.colcon_core.environment:checking '/home/starry1n/WUTA/WUTA-FSD/ros2_ws/install/lidar_detection/bin'
[1.010s] INFO:colcon.colcon_core.shell:Creating package script '/home/starry1n/WUTA/WUTA-FSD/ros2_ws/install/lidar_detection/share/lidar_detection/package.ps1'
[1.010s] INFO:colcon.colcon_core.shell:Creating package descriptor '/home/starry1n/WUTA/WUTA-FSD/ros2_ws/install/lidar_detection/share/lidar_detection/package.dsv'
[1.011s] INFO:colcon.colcon_core.shell:Creating package script '/home/starry1n/WUTA/WUTA-FSD/ros2_ws/install/lidar_detection/share/lidar_detection/package.sh'
[1.011s] INFO:colcon.colcon_core.shell:Creating package script '/home/starry1n/WUTA/WUTA-FSD/ros2_ws/install/lidar_detection/share/lidar_detection/package.bash'
[1.011s] INFO:colcon.colcon_core.shell:Creating package script '/home/starry1n/WUTA/WUTA-FSD/ros2_ws/install/lidar_detection/share/lidar_detection/package.zsh'
[1.011s] Level 1:colcon.colcon_core.environment:create_file_with_runtime_dependencies(/home/starry1n/WUTA/WUTA-FSD/ros2_ws/install/lidar_detection/share/colcon-core/packages/lidar_detection)
[1.013s] Level 1:colcon.colcon_core.environment:create_environment_scripts_only(lidar_detection)
[1.014s] Level 1:colcon.colcon_core.environment:checking '/home/starry1n/WUTA/WUTA-FSD/ros2_ws/install/lidar_detection' for CMake module files
[1.014s] Level 1:colcon.colcon_core.environment:checking '/home/starry1n/WUTA/WUTA-FSD/ros2_ws/install/lidar_detection' for CMake config files
[1.014s] Level 1:colcon.colcon_core.shell:create_environment_hook('lidar_detection', 'cmake_prefix_path')
[1.014s] INFO:colcon.colcon_core.shell:Creating environment hook '/home/starry1n/WUTA/WUTA-FSD/ros2_ws/install/lidar_detection/share/lidar_detection/hook/cmake_prefix_path.ps1'
[1.015s] INFO:colcon.colcon_core.shell:Creating environment descriptor '/home/starry1n/WUTA/WUTA-FSD/ros2_ws/install/lidar_detection/share/lidar_detection/hook/cmake_prefix_path.dsv'
[1.015s] INFO:colcon.colcon_core.shell:Creating environment hook '/home/starry1n/WUTA/WUTA-FSD/ros2_ws/install/lidar_detection/share/lidar_detection/hook/cmake_prefix_path.sh'
[1.016s] Level 1:colcon.colcon_core.environment:checking '/home/starry1n/WUTA/WUTA-FSD/ros2_ws/install/lidar_detection/lib'
[1.016s] Level 1:colcon.colcon_core.environment:checking '/home/starry1n/WUTA/WUTA-FSD/ros2_ws/install/lidar_detection/bin'
[1.016s] Level 1:colcon.colcon_core.environment:checking '/home/starry1n/WUTA/WUTA-FSD/ros2_ws/install/lidar_detection/lib/pkgconfig/lidar_detection.pc'
[1.016s] Level 1:colcon.colcon_core.environment:checking '/home/starry1n/WUTA/WUTA-FSD/ros2_ws/install/lidar_detection/lib/python3.10/site-packages'
[1.016s] Level 1:colcon.colcon_core.environment:checking '/home/starry1n/WUTA/WUTA-FSD/ros2_ws/install/lidar_detection/bin'
[1.017s] INFO:colcon.colcon_core.shell:Creating package script '/home/starry1n/WUTA/WUTA-FSD/ros2_ws/install/lidar_detection/share/lidar_detection/package.ps1'
[1.017s] INFO:colcon.colcon_core.shell:Creating package descriptor '/home/starry1n/WUTA/WUTA-FSD/ros2_ws/install/lidar_detection/share/lidar_detection/package.dsv'
[1.018s] INFO:colcon.colcon_core.shell:Creating package script '/home/starry1n/WUTA/WUTA-FSD/ros2_ws/install/lidar_detection/share/lidar_detection/package.sh'
[1.018s] INFO:colcon.colcon_core.shell:Creating package script '/home/starry1n/WUTA/WUTA-FSD/ros2_ws/install/lidar_detection/share/lidar_detection/package.bash'
[1.019s] INFO:colcon.colcon_core.shell:Creating package script '/home/starry1n/WUTA/WUTA-FSD/ros2_ws/install/lidar_detection/share/lidar_detection/package.zsh'
[1.019s] Level 1:colcon.colcon_core.environment:create_file_with_runtime_dependencies(/home/starry1n/WUTA/WUTA-FSD/ros2_ws/install/lidar_detection/share/colcon-core/packages/lidar_detection)
[1.022s] DEBUG:colcon.colcon_core.event_handler.log_command:Invoked command in '/home/starry1n/WUTA/WUTA-FSD/ros2_ws/build/localization_manager' returned '0': AMENT_PREFIX_PATH=/home/starry1n/WUTA/WUTA-FSD/ros2_ws/install/wuta_msgs:/home/starry1n/WUTA/WUTA-FSD/ros2_ws/install/robot_localization:/home/starry1n/WUTA/WUTA-FSD/ros2_ws/install/kiss_icp:${AMENT_PREFIX_PATH} CMAKE_PREFIX_PATH=/home/starry1n/WUTA/WUTA-FSD/ros2_ws/install/wuta_msgs:/home/starry1n/WUTA/WUTA-FSD/ros2_ws/install/robot_localization:/home/starry1n/WUTA/WUTA-FSD/ros2_ws/install/kiss_icp:/opt/ros/humble LD_LIBRARY_PATH=/home/starry1n/WUTA/WUTA-FSD/ros2_ws/install/wuta_msgs/lib:/home/starry1n/WUTA/WUTA-FSD/ros2_ws/install/robot_localization/lib:/home/starry1n/WUTA/WUTA-FSD/ros2_ws/install/kiss_icp/lib:${LD_LIBRARY_PATH} PYTHONPATH=/home/starry1n/WUTA/WUTA-FSD/ros2_ws/install/wuta_msgs/local/lib/python3.10/dist-packages:/home/starry1n/WUTA/WUTA-FSD/ros2_ws/install/robot_localization/local/lib/python3.10/dist-packages:${PYTHONPATH} /usr/bin/cmake --build /home/starry1n/WUTA/WUTA-FSD/ros2_ws/build/localization_manager -- -j8 -l8
[1.022s] DEBUG:colcon.colcon_core.event_handler.log_command:Invoking command in '/home/starry1n/WUTA/WUTA-FSD/ros2_ws/build/localization_manager': AMENT_PREFIX_PATH=/home/starry1n/WUTA/WUTA-FSD/ros2_ws/install/wuta_msgs:/home/starry1n/WUTA/WUTA-FSD/ros2_ws/install/robot_localization:/home/starry1n/WUTA/WUTA-FSD/ros2_ws/install/kiss_icp:${AMENT_PREFIX_PATH} CMAKE_PREFIX_PATH=/home/starry1n/WUTA/WUTA-FSD/ros2_ws/install/wuta_msgs:/home/starry1n/WUTA/WUTA-FSD/ros2_ws/install/robot_localization:/home/starry1n/WUTA/WUTA-FSD/ros2_ws/install/kiss_icp:/opt/ros/humble LD_LIBRARY_PATH=/home/starry1n/WUTA/WUTA-FSD/ros2_ws/install/wuta_msgs/lib:/home/starry1n/WUTA/WUTA-FSD/ros2_ws/install/robot_localization/lib:/home/starry1n/WUTA/WUTA-FSD/ros2_ws/install/kiss_icp/lib:${LD_LIBRARY_PATH} PYTHONPATH=/home/starry1n/WUTA/WUTA-FSD/ros2_ws/install/wuta_msgs/local/lib/python3.10/dist-packages:/home/starry1n/WUTA/WUTA-FSD/ros2_ws/install/robot_localization/local/lib/python3.10/dist-packages:${PYTHONPATH} /usr/bin/cmake --install /home/starry1n/WUTA/WUTA-FSD/ros2_ws/build/localization_manager
[1.027s] DEBUG:colcon.colcon_core.event_handler.log_command:Invoking command in '/home/starry1n/WUTA/WUTA-FSD/ros2_ws/build/path_generator': AMENT_PREFIX_PATH=/home/starry1n/WUTA/WUTA-FSD/ros2_ws/install/wuta_msgs:/home/starry1n/WUTA/WUTA-FSD/ros2_ws/install/autoware_msgs:${AMENT_PREFIX_PATH} CMAKE_PREFIX_PATH=/home/starry1n/WUTA/WUTA-FSD/ros2_ws/install/wuta_msgs:/home/starry1n/WUTA/WUTA-FSD/ros2_ws/install/autoware_msgs:/opt/ros/humble LD_LIBRARY_PATH=/home/starry1n/WUTA/WUTA-FSD/ros2_ws/install/wuta_msgs/lib:/home/starry1n/WUTA/WUTA-FSD/ros2_ws/install/autoware_msgs/lib:${LD_LIBRARY_PATH} PYTHONPATH=/home/starry1n/WUTA/WUTA-FSD/ros2_ws/install/wuta_msgs/local/lib/python3.10/dist-packages:/home/starry1n/WUTA/WUTA-FSD/ros2_ws/install/autoware_msgs/local/lib/python3.10/dist-packages:${PYTHONPATH} /usr/bin/cmake --build /home/starry1n/WUTA/WUTA-FSD/ros2_ws/build/path_generator -- -j8 -l8
[1.037s] DEBUG:colcon.colcon_core.event_handler.log_command:Invoking command in '/home/starry1n/WUTA/WUTA-FSD/ros2_ws/build/wuta_tools': AMENT_PREFIX_PATH=/home/starry1n/WUTA/WUTA-FSD/ros2_ws/install/wuta_msgs:${AMENT_PREFIX_PATH} CMAKE_PREFIX_PATH=/home/starry1n/WUTA/WUTA-FSD/ros2_ws/install/wuta_msgs:/opt/ros/humble LD_LIBRARY_PATH=/home/starry1n/WUTA/WUTA-FSD/ros2_ws/install/wuta_msgs/lib:${LD_LIBRARY_PATH} PYTHONPATH=/home/starry1n/WUTA/WUTA-FSD/ros2_ws/install/wuta_msgs/local/lib/python3.10/dist-packages:${PYTHONPATH} /usr/bin/cmake --build /home/starry1n/WUTA/WUTA-FSD/ros2_ws/build/wuta_tools -- -j8 -l8
[1.037s] DEBUG:colcon.colcon_core.event_handler.log_command:Invoked command in '/home/starry1n/WUTA/WUTA-FSD/ros2_ws/build/mission_manager' returned '0': AMENT_PREFIX_PATH=/home/starry1n/WUTA/WUTA-FSD/ros2_ws/install/wuta_msgs:${AMENT_PREFIX_PATH} CMAKE_PREFIX_PATH=/home/starry1n/WUTA/WUTA-FSD/ros2_ws/install/wuta_msgs:/opt/ros/humble LD_LIBRARY_PATH=/home/starry1n/WUTA/WUTA-FSD/ros2_ws/install/wuta_msgs/lib:${LD_LIBRARY_PATH} PYTHONPATH=/home/starry1n/WUTA/WUTA-FSD/ros2_ws/install/wuta_msgs/local/lib/python3.10/dist-packages:${PYTHONPATH} /usr/bin/cmake --build /home/starry1n/WUTA/WUTA-FSD/ros2_ws/build/mission_manager -- -j8 -l8
[1.038s] DEBUG:colcon.colcon_core.event_handler.log_command:Invoking command in '/home/starry1n/WUTA/WUTA-FSD/ros2_ws/build/mission_manager': AMENT_PREFIX_PATH=/home/starry1n/WUTA/WUTA-FSD/ros2_ws/install/wuta_msgs:${AMENT_PREFIX_PATH} CMAKE_PREFIX_PATH=/home/starry1n/WUTA/WUTA-FSD/ros2_ws/install/wuta_msgs:/opt/ros/humble LD_LIBRARY_PATH=/home/starry1n/WUTA/WUTA-FSD/ros2_ws/install/wuta_msgs/lib:${LD_LIBRARY_PATH} PYTHONPATH=/home/starry1n/WUTA/WUTA-FSD/ros2_ws/install/wuta_msgs/local/lib/python3.10/dist-packages:${PYTHONPATH} /usr/bin/cmake --install /home/starry1n/WUTA/WUTA-FSD/ros2_ws/build/mission_manager
[1.046s] Level 1:colcon.colcon_core.environment:create_environment_scripts_only(localization_manager)
[1.046s] Level 1:colcon.colcon_core.environment:checking '/home/starry1n/WUTA/WUTA-FSD/ros2_ws/install/localization_manager' for CMake module files
[1.048s] DEBUG:colcon.colcon_core.event_handler.log_command:Invoked command in '/home/starry1n/WUTA/WUTA-FSD/ros2_ws/build/localization_manager' returned '0': AMENT_PREFIX_PATH=/home/starry1n/WUTA/WUTA-FSD/ros2_ws/install/wuta_msgs:/home/starry1n/WUTA/WUTA-FSD/ros2_ws/install/robot_localization:/home/starry1n/WUTA/WUTA-FSD/ros2_ws/install/kiss_icp:${AMENT_PREFIX_PATH} CMAKE_PREFIX_PATH=/home/starry1n/WUTA/WUTA-FSD/ros2_ws/install/wuta_msgs:/home/starry1n/WUTA/WUTA-FSD/ros2_ws/install/robot_localization:/home/starry1n/WUTA/WUTA-FSD/ros2_ws/install/kiss_icp:/opt/ros/humble LD_LIBRARY_PATH=/home/starry1n/WUTA/WUTA-FSD/ros2_ws/install/wuta_msgs/lib:/home/starry1n/WUTA/WUTA-FSD/ros2_ws/install/robot_localization/lib:/home/starry1n/WUTA/WUTA-FSD/ros2_ws/install/kiss_icp/lib:${LD_LIBRARY_PATH} PYTHONPATH=/home/starry1n/WUTA/WUTA-FSD/ros2_ws/install/wuta_msgs/local/lib/python3.10/dist-packages:/home/starry1n/WUTA/WUTA-FSD/ros2_ws/install/robot_localization/local/lib/python3.10/dist-packages:${PYTHONPATH} /usr/bin/cmake --install /home/starry1n/WUTA/WUTA-FSD/ros2_ws/build/localization_manager
[1.048s] Level 1:colcon.colcon_core.environment:checking '/home/starry1n/WUTA/WUTA-FSD/ros2_ws/install/localization_manager' for CMake config files
[1.048s] Level 1:colcon.colcon_core.shell:create_environment_hook('localization_manager', 'cmake_prefix_path')
[1.048s] INFO:colcon.colcon_core.shell:Creating environment hook '/home/starry1n/WUTA/WUTA-FSD/ros2_ws/install/localization_manager/share/localization_manager/hook/cmake_prefix_path.ps1'
[1.049s] INFO:colcon.colcon_core.shell:Creating environment descriptor '/home/starry1n/WUTA/WUTA-FSD/ros2_ws/install/localization_manager/share/localization_manager/hook/cmake_prefix_path.dsv'
[1.049s] INFO:colcon.colcon_core.shell:Creating environment hook '/home/starry1n/WUTA/WUTA-FSD/ros2_ws/install/localization_manager/share/localization_manager/hook/cmake_prefix_path.sh'
[1.050s] Level 1:colcon.colcon_core.environment:checking '/home/starry1n/WUTA/WUTA-FSD/ros2_ws/install/localization_manager/lib'
[1.050s] Level 1:colcon.colcon_core.environment:checking '/home/starry1n/WUTA/WUTA-FSD/ros2_ws/install/localization_manager/bin'
[1.050s] Level 1:colcon.colcon_core.environment:checking '/home/starry1n/WUTA/WUTA-FSD/ros2_ws/install/localization_manager/lib/pkgconfig/localization_manager.pc'
[1.050s] Level 1:colcon.colcon_core.environment:checking '/home/starry1n/WUTA/WUTA-FSD/ros2_ws/install/localization_manager/lib/python3.10/site-packages'
[1.051s] Level 1:colcon.colcon_core.environment:checking '/home/starry1n/WUTA/WUTA-FSD/ros2_ws/install/localization_manager/bin'
[1.051s] INFO:colcon.colcon_core.shell:Creating package script '/home/starry1n/WUTA/WUTA-FSD/ros2_ws/install/localization_manager/share/localization_manager/package.ps1'
[1.052s] INFO:colcon.colcon_core.shell:Creating package descriptor '/home/starry1n/WUTA/WUTA-FSD/ros2_ws/install/localization_manager/share/localization_manager/package.dsv'
[1.053s] INFO:colcon.colcon_core.shell:Creating package script '/home/starry1n/WUTA/WUTA-FSD/ros2_ws/install/localization_manager/share/localization_manager/package.sh'
[1.054s] INFO:colcon.colcon_core.shell:Creating package script '/home/starry1n/WUTA/WUTA-FSD/ros2_ws/install/localization_manager/share/localization_manager/package.bash'
[1.054s] INFO:colcon.colcon_core.shell:Creating package script '/home/starry1n/WUTA/WUTA-FSD/ros2_ws/install/localization_manager/share/localization_manager/package.zsh'
[1.055s] Level 1:colcon.colcon_core.environment:create_file_with_runtime_dependencies(/home/starry1n/WUTA/WUTA-FSD/ros2_ws/install/localization_manager/share/colcon-core/packages/localization_manager)
[1.055s] Level 1:colcon.colcon_core.environment:create_environment_scripts_only(localization_manager)
[1.055s] Level 1:colcon.colcon_core.environment:checking '/home/starry1n/WUTA/WUTA-FSD/ros2_ws/install/localization_manager' for CMake module files
[1.056s] Level 1:colcon.colcon_core.environment:checking '/home/starry1n/WUTA/WUTA-FSD/ros2_ws/install/localization_manager' for CMake config files
[1.057s] Level 1:colcon.colcon_core.shell:create_environment_hook('localization_manager', 'cmake_prefix_path')
[1.058s] INFO:colcon.colcon_core.shell:Creating environment hook '/home/starry1n/WUTA/WUTA-FSD/ros2_ws/install/localization_manager/share/localization_manager/hook/cmake_prefix_path.ps1'
[1.058s] INFO:colcon.colcon_core.shell:Creating environment descriptor '/home/starry1n/WUTA/WUTA-FSD/ros2_ws/install/localization_manager/share/localization_manager/hook/cmake_prefix_path.dsv'
[1.058s] INFO:colcon.colcon_core.shell:Creating environment hook '/home/starry1n/WUTA/WUTA-FSD/ros2_ws/install/localization_manager/share/localization_manager/hook/cmake_prefix_path.sh'
[1.059s] Level 1:colcon.colcon_core.environment:checking '/home/starry1n/WUTA/WUTA-FSD/ros2_ws/install/localization_manager/lib'
[1.059s] Level 1:colcon.colcon_core.environment:checking '/home/starry1n/WUTA/WUTA-FSD/ros2_ws/install/localization_manager/bin'
[1.059s] Level 1:colcon.colcon_core.environment:checking '/home/starry1n/WUTA/WUTA-FSD/ros2_ws/install/localization_manager/lib/pkgconfig/localization_manager.pc'
[1.059s] Level 1:colcon.colcon_core.environment:checking '/home/starry1n/WUTA/WUTA-FSD/ros2_ws/install/localization_manager/lib/python3.10/site-packages'
[1.060s] Level 1:colcon.colcon_core.environment:checking '/home/starry1n/WUTA/WUTA-FSD/ros2_ws/install/localization_manager/bin'
[1.060s] INFO:colcon.colcon_core.shell:Creating package script '/home/starry1n/WUTA/WUTA-FSD/ros2_ws/install/localization_manager/share/localization_manager/package.ps1'
[1.060s] INFO:colcon.colcon_core.shell:Creating package descriptor '/home/starry1n/WUTA/WUTA-FSD/ros2_ws/install/localization_manager/share/localization_manager/package.dsv'
[1.061s] INFO:colcon.colcon_core.shell:Creating package script '/home/starry1n/WUTA/WUTA-FSD/ros2_ws/install/localization_manager/share/localization_manager/package.sh'
[1.061s] INFO:colcon.colcon_core.shell:Creating package script '/home/starry1n/WUTA/WUTA-FSD/ros2_ws/install/localization_manager/share/localization_manager/package.bash'
[1.061s] INFO:colcon.colcon_core.shell:Creating package script '/home/starry1n/WUTA/WUTA-FSD/ros2_ws/install/localization_manager/share/localization_manager/package.zsh'
[1.062s] Level 1:colcon.colcon_core.environment:create_file_with_runtime_dependencies(/home/starry1n/WUTA/WUTA-FSD/ros2_ws/install/localization_manager/share/colcon-core/packages/localization_manager)
[1.063s] Level 1:colcon.colcon_core.environment:create_environment_scripts_only(mission_manager)
[1.064s] Level 1:colcon.colcon_core.environment:checking '/home/starry1n/WUTA/WUTA-FSD/ros2_ws/install/mission_manager' for CMake module files
[1.065s] DEBUG:colcon.colcon_core.event_handler.log_command:Invoked command in '/home/starry1n/WUTA/WUTA-FSD/ros2_ws/build/mission_manager' returned '0': AMENT_PREFIX_PATH=/home/starry1n/WUTA/WUTA-FSD/ros2_ws/install/wuta_msgs:${AMENT_PREFIX_PATH} CMAKE_PREFIX_PATH=/home/starry1n/WUTA/WUTA-FSD/ros2_ws/install/wuta_msgs:/opt/ros/humble LD_LIBRARY_PATH=/home/starry1n/WUTA/WUTA-FSD/ros2_ws/install/wuta_msgs/lib:${LD_LIBRARY_PATH} PYTHONPATH=/home/starry1n/WUTA/WUTA-FSD/ros2_ws/install/wuta_msgs/local/lib/python3.10/dist-packages:${PYTHONPATH} /usr/bin/cmake --install /home/starry1n/WUTA/WUTA-FSD/ros2_ws/build/mission_manager
[1.066s] Level 1:colcon.colcon_core.environment:checking '/home/starry1n/WUTA/WUTA-FSD/ros2_ws/install/mission_manager' for CMake config files
[1.066s] Level 1:colcon.colcon_core.shell:create_environment_hook('mission_manager', 'cmake_prefix_path')
[1.066s] INFO:colcon.colcon_core.shell:Creating environment hook '/home/starry1n/WUTA/WUTA-FSD/ros2_ws/install/mission_manager/share/mission_manager/hook/cmake_prefix_path.ps1'
[1.067s] INFO:colcon.colcon_core.shell:Creating environment descriptor '/home/starry1n/WUTA/WUTA-FSD/ros2_ws/install/mission_manager/share/mission_manager/hook/cmake_prefix_path.dsv'
[1.067s] INFO:colcon.colcon_core.shell:Creating environment hook '/home/starry1n/WUTA/WUTA-FSD/ros2_ws/install/mission_manager/share/mission_manager/hook/cmake_prefix_path.sh'
[1.068s] Level 1:colcon.colcon_core.environment:checking '/home/starry1n/WUTA/WUTA-FSD/ros2_ws/install/mission_manager/lib'
[1.068s] Level 1:colcon.colcon_core.environment:checking '/home/starry1n/WUTA/WUTA-FSD/ros2_ws/install/mission_manager/bin'
[1.068s] Level 1:colcon.colcon_core.environment:checking '/home/starry1n/WUTA/WUTA-FSD/ros2_ws/install/mission_manager/lib/pkgconfig/mission_manager.pc'
[1.068s] Level 1:colcon.colcon_core.environment:checking '/home/starry1n/WUTA/WUTA-FSD/ros2_ws/install/mission_manager/lib/python3.10/site-packages'
[1.069s] Level 1:colcon.colcon_core.environment:checking '/home/starry1n/WUTA/WUTA-FSD/ros2_ws/install/mission_manager/bin'
[1.069s] INFO:colcon.colcon_core.shell:Creating package script '/home/starry1n/WUTA/WUTA-FSD/ros2_ws/install/mission_manager/share/mission_manager/package.ps1'
[1.069s] INFO:colcon.colcon_core.shell:Creating package descriptor '/home/starry1n/WUTA/WUTA-FSD/ros2_ws/install/mission_manager/share/mission_manager/package.dsv'
[1.070s] INFO:colcon.colcon_core.shell:Creating package script '/home/starry1n/WUTA/WUTA-FSD/ros2_ws/install/mission_manager/share/mission_manager/package.sh'
[1.070s] INFO:colcon.colcon_core.shell:Creating package script '/home/starry1n/WUTA/WUTA-FSD/ros2_ws/install/mission_manager/share/mission_manager/package.bash'
[1.070s] INFO:colcon.colcon_core.shell:Creating package script '/home/starry1n/WUTA/WUTA-FSD/ros2_ws/install/mission_manager/share/mission_manager/package.zsh'
[1.071s] Level 1:colcon.colcon_core.environment:create_file_with_runtime_dependencies(/home/starry1n/WUTA/WUTA-FSD/ros2_ws/install/mission_manager/share/colcon-core/packages/mission_manager)
[1.071s] Level 1:colcon.colcon_core.environment:create_environment_scripts_only(mission_manager)
[1.071s] Level 1:colcon.colcon_core.environment:checking '/home/starry1n/WUTA/WUTA-FSD/ros2_ws/install/mission_manager' for CMake module files
[1.072s] Level 1:colcon.colcon_core.environment:checking '/home/starry1n/WUTA/WUTA-FSD/ros2_ws/install/mission_manager' for CMake config files
[1.072s] Level 1:colcon.colcon_core.shell:create_environment_hook('mission_manager', 'cmake_prefix_path')
[1.072s] INFO:colcon.colcon_core.shell:Creating environment hook '/home/starry1n/WUTA/WUTA-FSD/ros2_ws/install/mission_manager/share/mission_manager/hook/cmake_prefix_path.ps1'
[1.072s] INFO:colcon.colcon_core.shell:Creating environment descriptor '/home/starry1n/WUTA/WUTA-FSD/ros2_ws/install/mission_manager/share/mission_manager/hook/cmake_prefix_path.dsv'
[1.073s] INFO:colcon.colcon_core.shell:Creating environment hook '/home/starry1n/WUTA/WUTA-FSD/ros2_ws/install/mission_manager/share/mission_manager/hook/cmake_prefix_path.sh'
[1.073s] Level 1:colcon.colcon_core.environment:checking '/home/starry1n/WUTA/WUTA-FSD/ros2_ws/install/mission_manager/lib'
[1.073s] Level 1:colcon.colcon_core.environment:checking '/home/starry1n/WUTA/WUTA-FSD/ros2_ws/install/mission_manager/bin'
[1.073s] Level 1:colcon.colcon_core.environment:checking '/home/starry1n/WUTA/WUTA-FSD/ros2_ws/install/mission_manager/lib/pkgconfig/mission_manager.pc'
[1.073s] Level 1:colcon.colcon_core.environment:checking '/home/starry1n/WUTA/WUTA-FSD/ros2_ws/install/mission_manager/lib/python3.10/site-packages'
[1.074s] Level 1:colcon.colcon_core.environment:checking '/home/starry1n/WUTA/WUTA-FSD/ros2_ws/install/mission_manager/bin'
[1.074s] INFO:colcon.colcon_core.shell:Creating package script '/home/starry1n/WUTA/WUTA-FSD/ros2_ws/install/mission_manager/share/mission_manager/package.ps1'
[1.076s] INFO:colcon.colcon_core.shell:Creating package descriptor '/home/starry1n/WUTA/WUTA-FSD/ros2_ws/install/mission_manager/share/mission_manager/package.dsv'
[1.076s] INFO:colcon.colcon_core.shell:Creating package script '/home/starry1n/WUTA/WUTA-FSD/ros2_ws/install/mission_manager/share/mission_manager/package.sh'
[1.078s] INFO:colcon.colcon_core.shell:Creating package script '/home/starry1n/WUTA/WUTA-FSD/ros2_ws/install/mission_manager/share/mission_manager/package.bash'
[1.078s] INFO:colcon.colcon_core.shell:Creating package script '/home/starry1n/WUTA/WUTA-FSD/ros2_ws/install/mission_manager/share/mission_manager/package.zsh'
[1.078s] Level 1:colcon.colcon_core.environment:create_file_with_runtime_dependencies(/home/starry1n/WUTA/WUTA-FSD/ros2_ws/install/mission_manager/share/colcon-core/packages/mission_manager)
[1.080s] DEBUG:colcon.colcon_core.event_handler.log_command:Invoked command in '/home/starry1n/WUTA/WUTA-FSD/ros2_ws/build/wuta_tools' returned '0': AMENT_PREFIX_PATH=/home/starry1n/WUTA/WUTA-FSD/ros2_ws/install/wuta_msgs:${AMENT_PREFIX_PATH} CMAKE_PREFIX_PATH=/home/starry1n/WUTA/WUTA-FSD/ros2_ws/install/wuta_msgs:/opt/ros/humble LD_LIBRARY_PATH=/home/starry1n/WUTA/WUTA-FSD/ros2_ws/install/wuta_msgs/lib:${LD_LIBRARY_PATH} PYTHONPATH=/home/starry1n/WUTA/WUTA-FSD/ros2_ws/install/wuta_msgs/local/lib/python3.10/dist-packages:${PYTHONPATH} /usr/bin/cmake --build /home/starry1n/WUTA/WUTA-FSD/ros2_ws/build/wuta_tools -- -j8 -l8
[1.082s] DEBUG:colcon.colcon_core.event_handler.log_command:Invoking command in '/home/starry1n/WUTA/WUTA-FSD/ros2_ws/build/wuta_tools': AMENT_PREFIX_PATH=/home/starry1n/WUTA/WUTA-FSD/ros2_ws/install/wuta_msgs:${AMENT_PREFIX_PATH} CMAKE_PREFIX_PATH=/home/starry1n/WUTA/WUTA-FSD/ros2_ws/install/wuta_msgs:/opt/ros/humble LD_LIBRARY_PATH=/home/starry1n/WUTA/WUTA-FSD/ros2_ws/install/wuta_msgs/lib:${LD_LIBRARY_PATH} PYTHONPATH=/home/starry1n/WUTA/WUTA-FSD/ros2_ws/install/wuta_msgs/local/lib/python3.10/dist-packages:${PYTHONPATH} /usr/bin/cmake --install /home/starry1n/WUTA/WUTA-FSD/ros2_ws/build/wuta_tools
[1.083s] DEBUG:colcon.colcon_core.event_handler.log_command:Invoked command in '/home/starry1n/WUTA/WUTA-FSD/ros2_ws/build/ndt_localization' returned '0': AMENT_PREFIX_PATH=/home/starry1n/WUTA/WUTA-FSD/ros2_ws/install/wuta_msgs:${AMENT_PREFIX_PATH} CMAKE_PREFIX_PATH=/home/starry1n/WUTA/WUTA-FSD/ros2_ws/install/wuta_msgs:/opt/ros/humble LD_LIBRARY_PATH=/home/starry1n/WUTA/WUTA-FSD/ros2_ws/install/wuta_msgs/lib:${LD_LIBRARY_PATH} PYTHONPATH=/home/starry1n/WUTA/WUTA-FSD/ros2_ws/install/wuta_msgs/local/lib/python3.10/dist-packages:${PYTHONPATH} /usr/bin/cmake --build /home/starry1n/WUTA/WUTA-FSD/ros2_ws/build/ndt_localization -- -j8 -l8
[1.087s] DEBUG:colcon.colcon_core.event_handler.log_command:Invoking command in '/home/starry1n/WUTA/WUTA-FSD/ros2_ws/build/ndt_localization': AMENT_PREFIX_PATH=/home/starry1n/WUTA/WUTA-FSD/ros2_ws/install/wuta_msgs:${AMENT_PREFIX_PATH} CMAKE_PREFIX_PATH=/home/starry1n/WUTA/WUTA-FSD/ros2_ws/install/wuta_msgs:/opt/ros/humble LD_LIBRARY_PATH=/home/starry1n/WUTA/WUTA-FSD/ros2_ws/install/wuta_msgs/lib:${LD_LIBRARY_PATH} PYTHONPATH=/home/starry1n/WUTA/WUTA-FSD/ros2_ws/install/wuta_msgs/local/lib/python3.10/dist-packages:${PYTHONPATH} /usr/bin/cmake --install /home/starry1n/WUTA/WUTA-FSD/ros2_ws/build/ndt_localization
[1.094s] DEBUG:colcon.colcon_core.event_handler.log_command:Invoked command in '/home/starry1n/WUTA/WUTA-FSD/ros2_ws/build/path_generator' returned '0': AMENT_PREFIX_PATH=/home/starry1n/WUTA/WUTA-FSD/ros2_ws/install/wuta_msgs:/home/starry1n/WUTA/WUTA-FSD/ros2_ws/install/autoware_msgs:${AMENT_PREFIX_PATH} CMAKE_PREFIX_PATH=/home/starry1n/WUTA/WUTA-FSD/ros2_ws/install/wuta_msgs:/home/starry1n/WUTA/WUTA-FSD/ros2_ws/install/autoware_msgs:/opt/ros/humble LD_LIBRARY_PATH=/home/starry1n/WUTA/WUTA-FSD/ros2_ws/install/wuta_msgs/lib:/home/starry1n/WUTA/WUTA-FSD/ros2_ws/install/autoware_msgs/lib:${LD_LIBRARY_PATH} PYTHONPATH=/home/starry1n/WUTA/WUTA-FSD/ros2_ws/install/wuta_msgs/local/lib/python3.10/dist-packages:/home/starry1n/WUTA/WUTA-FSD/ros2_ws/install/autoware_msgs/local/lib/python3.10/dist-packages:${PYTHONPATH} /usr/bin/cmake --build /home/starry1n/WUTA/WUTA-FSD/ros2_ws/build/path_generator -- -j8 -l8
[1.096s] DEBUG:colcon.colcon_core.event_handler.log_command:Invoking command in '/home/starry1n/WUTA/WUTA-FSD/ros2_ws/build/path_generator': AMENT_PREFIX_PATH=/home/starry1n/WUTA/WUTA-FSD/ros2_ws/install/wuta_msgs:/home/starry1n/WUTA/WUTA-FSD/ros2_ws/install/autoware_msgs:${AMENT_PREFIX_PATH} CMAKE_PREFIX_PATH=/home/starry1n/WUTA/WUTA-FSD/ros2_ws/install/wuta_msgs:/home/starry1n/WUTA/WUTA-FSD/ros2_ws/install/autoware_msgs:/opt/ros/humble LD_LIBRARY_PATH=/home/starry1n/WUTA/WUTA-FSD/ros2_ws/install/wuta_msgs/lib:/home/starry1n/WUTA/WUTA-FSD/ros2_ws/install/autoware_msgs/lib:${LD_LIBRARY_PATH} PYTHONPATH=/home/starry1n/WUTA/WUTA-FSD/ros2_ws/install/wuta_msgs/local/lib/python3.10/dist-packages:/home/starry1n/WUTA/WUTA-FSD/ros2_ws/install/autoware_msgs/local/lib/python3.10/dist-packages:${PYTHONPATH} /usr/bin/cmake --install /home/starry1n/WUTA/WUTA-FSD/ros2_ws/build/path_generator
[1.100s] Level 1:colcon.colcon_core.environment:create_environment_scripts_only(wuta_tools)
[1.100s] Level 1:colcon.colcon_core.environment:checking '/home/starry1n/WUTA/WUTA-FSD/ros2_ws/install/wuta_tools' for CMake module files
[1.102s] DEBUG:colcon.colcon_core.event_handler.log_command:Invoked command in '/home/starry1n/WUTA/WUTA-FSD/ros2_ws/build/wuta_tools' returned '0': AMENT_PREFIX_PATH=/home/starry1n/WUTA/WUTA-FSD/ros2_ws/install/wuta_msgs:${AMENT_PREFIX_PATH} CMAKE_PREFIX_PATH=/home/starry1n/WUTA/WUTA-FSD/ros2_ws/install/wuta_msgs:/opt/ros/humble LD_LIBRARY_PATH=/home/starry1n/WUTA/WUTA-FSD/ros2_ws/install/wuta_msgs/lib:${LD_LIBRARY_PATH} PYTHONPATH=/home/starry1n/WUTA/WUTA-FSD/ros2_ws/install/wuta_msgs/local/lib/python3.10/dist-packages:${PYTHONPATH} /usr/bin/cmake --install /home/starry1n/WUTA/WUTA-FSD/ros2_ws/build/wuta_tools
[1.103s] Level 1:colcon.colcon_core.environment:checking '/home/starry1n/WUTA/WUTA-FSD/ros2_ws/install/wuta_tools' for CMake config files
[1.105s] Level 1:colcon.colcon_core.shell:create_environment_hook('wuta_tools', 'cmake_prefix_path')
[1.105s] INFO:colcon.colcon_core.shell:Creating environment hook '/home/starry1n/WUTA/WUTA-FSD/ros2_ws/install/wuta_tools/share/wuta_tools/hook/cmake_prefix_path.ps1'
[1.105s] INFO:colcon.colcon_core.shell:Creating environment descriptor '/home/starry1n/WUTA/WUTA-FSD/ros2_ws/install/wuta_tools/share/wuta_tools/hook/cmake_prefix_path.dsv'
[1.106s] INFO:colcon.colcon_core.shell:Creating environment hook '/home/starry1n/WUTA/WUTA-FSD/ros2_ws/install/wuta_tools/share/wuta_tools/hook/cmake_prefix_path.sh'
[1.106s] Level 1:colcon.colcon_core.environment:checking '/home/starry1n/WUTA/WUTA-FSD/ros2_ws/install/wuta_tools/bin'
[1.106s] Level 1:colcon.colcon_core.environment:checking '/home/starry1n/WUTA/WUTA-FSD/ros2_ws/install/wuta_tools/lib/pkgconfig/wuta_tools.pc'
[1.106s] Level 1:colcon.colcon_core.environment:checking '/home/starry1n/WUTA/WUTA-FSD/ros2_ws/install/wuta_tools/lib/python3.10/site-packages'
[1.107s] Level 1:colcon.colcon_core.environment:checking '/home/starry1n/WUTA/WUTA-FSD/ros2_ws/install/wuta_tools/bin'
[1.107s] INFO:colcon.colcon_core.shell:Creating package script '/home/starry1n/WUTA/WUTA-FSD/ros2_ws/install/wuta_tools/share/wuta_tools/package.ps1'
[1.107s] INFO:colcon.colcon_core.shell:Creating package descriptor '/home/starry1n/WUTA/WUTA-FSD/ros2_ws/install/wuta_tools/share/wuta_tools/package.dsv'
[1.108s] INFO:colcon.colcon_core.shell:Creating package script '/home/starry1n/WUTA/WUTA-FSD/ros2_ws/install/wuta_tools/share/wuta_tools/package.sh'
[1.108s] INFO:colcon.colcon_core.shell:Creating package script '/home/starry1n/WUTA/WUTA-FSD/ros2_ws/install/wuta_tools/share/wuta_tools/package.bash'
[1.108s] INFO:colcon.colcon_core.shell:Creating package script '/home/starry1n/WUTA/WUTA-FSD/ros2_ws/install/wuta_tools/share/wuta_tools/package.zsh'
[1.109s] Level 1:colcon.colcon_core.environment:create_file_with_runtime_dependencies(/home/starry1n/WUTA/WUTA-FSD/ros2_ws/install/wuta_tools/share/colcon-core/packages/wuta_tools)
[1.109s] Level 1:colcon.colcon_core.environment:create_environment_scripts_only(wuta_tools)
[1.109s] Level 1:colcon.colcon_core.environment:checking '/home/starry1n/WUTA/WUTA-FSD/ros2_ws/install/wuta_tools' for CMake module files
[1.110s] Level 1:colcon.colcon_core.environment:checking '/home/starry1n/WUTA/WUTA-FSD/ros2_ws/install/wuta_tools' for CMake config files
[1.110s] Level 1:colcon.colcon_core.shell:create_environment_hook('wuta_tools', 'cmake_prefix_path')
[1.110s] INFO:colcon.colcon_core.shell:Creating environment hook '/home/starry1n/WUTA/WUTA-FSD/ros2_ws/install/wuta_tools/share/wuta_tools/hook/cmake_prefix_path.ps1'
[1.110s] INFO:colcon.colcon_core.shell:Creating environment descriptor '/home/starry1n/WUTA/WUTA-FSD/ros2_ws/install/wuta_tools/share/wuta_tools/hook/cmake_prefix_path.dsv'
[1.111s] INFO:colcon.colcon_core.shell:Creating environment hook '/home/starry1n/WUTA/WUTA-FSD/ros2_ws/install/wuta_tools/share/wuta_tools/hook/cmake_prefix_path.sh'
[1.111s] Level 1:colcon.colcon_core.environment:checking '/home/starry1n/WUTA/WUTA-FSD/ros2_ws/install/wuta_tools/bin'
[1.111s] Level 1:colcon.colcon_core.environment:checking '/home/starry1n/WUTA/WUTA-FSD/ros2_ws/install/wuta_tools/lib/pkgconfig/wuta_tools.pc'
[1.111s] Level 1:colcon.colcon_core.environment:checking '/home/starry1n/WUTA/WUTA-FSD/ros2_ws/install/wuta_tools/lib/python3.10/site-packages'
[1.111s] Level 1:colcon.colcon_core.environment:checking '/home/starry1n/WUTA/WUTA-FSD/ros2_ws/install/wuta_tools/bin'
[1.112s] INFO:colcon.colcon_core.shell:Creating package script '/home/starry1n/WUTA/WUTA-FSD/ros2_ws/install/wuta_tools/share/wuta_tools/package.ps1'
[1.112s] INFO:colcon.colcon_core.shell:Creating package descriptor '/home/starry1n/WUTA/WUTA-FSD/ros2_ws/install/wuta_tools/share/wuta_tools/package.dsv'
[1.112s] INFO:colcon.colcon_core.shell:Creating package script '/home/starry1n/WUTA/WUTA-FSD/ros2_ws/install/wuta_tools/share/wuta_tools/package.sh'
[1.113s] INFO:colcon.colcon_core.shell:Creating package script '/home/starry1n/WUTA/WUTA-FSD/ros2_ws/install/wuta_tools/share/wuta_tools/package.bash'
[1.113s] INFO:colcon.colcon_core.shell:Creating package script '/home/starry1n/WUTA/WUTA-FSD/ros2_ws/install/wuta_tools/share/wuta_tools/package.zsh'
[1.113s] Level 1:colcon.colcon_core.environment:create_file_with_runtime_dependencies(/home/starry1n/WUTA/WUTA-FSD/ros2_ws/install/wuta_tools/share/colcon-core/packages/wuta_tools)
[1.116s] Level 1:colcon.colcon_core.environment:create_environment_scripts_only(path_generator)
[1.116s] DEBUG:colcon.colcon_core.event_handler.log_command:Invoked command in '/home/starry1n/WUTA/WUTA-FSD/ros2_ws/build/path_generator' returned '0': AMENT_PREFIX_PATH=/home/starry1n/WUTA/WUTA-FSD/ros2_ws/install/wuta_msgs:/home/starry1n/WUTA/WUTA-FSD/ros2_ws/install/autoware_msgs:${AMENT_PREFIX_PATH} CMAKE_PREFIX_PATH=/home/starry1n/WUTA/WUTA-FSD/ros2_ws/install/wuta_msgs:/home/starry1n/WUTA/WUTA-FSD/ros2_ws/install/autoware_msgs:/opt/ros/humble LD_LIBRARY_PATH=/home/starry1n/WUTA/WUTA-FSD/ros2_ws/install/wuta_msgs/lib:/home/starry1n/WUTA/WUTA-FSD/ros2_ws/install/autoware_msgs/lib:${LD_LIBRARY_PATH} PYTHONPATH=/home/starry1n/WUTA/WUTA-FSD/ros2_ws/install/wuta_msgs/local/lib/python3.10/dist-packages:/home/starry1n/WUTA/WUTA-FSD/ros2_ws/install/autoware_msgs/local/lib/python3.10/dist-packages:${PYTHONPATH} /usr/bin/cmake --install /home/starry1n/WUTA/WUTA-FSD/ros2_ws/build/path_generator
[1.116s] Level 1:colcon.colcon_core.environment:checking '/home/starry1n/WUTA/WUTA-FSD/ros2_ws/install/path_generator' for CMake module files
[1.116s] Level 1:colcon.colcon_core.environment:checking '/home/starry1n/WUTA/WUTA-FSD/ros2_ws/install/path_generator' for CMake config files
[1.117s] Level 1:colcon.colcon_core.shell:create_environment_hook('path_generator', 'cmake_prefix_path')
[1.117s] INFO:colcon.colcon_core.shell:Creating environment hook '/home/starry1n/WUTA/WUTA-FSD/ros2_ws/install/path_generator/share/path_generator/hook/cmake_prefix_path.ps1'
[1.117s] INFO:colcon.colcon_core.shell:Creating environment descriptor '/home/starry1n/WUTA/WUTA-FSD/ros2_ws/install/path_generator/share/path_generator/hook/cmake_prefix_path.dsv'
[1.117s] INFO:colcon.colcon_core.shell:Creating environment hook '/home/starry1n/WUTA/WUTA-FSD/ros2_ws/install/path_generator/share/path_generator/hook/cmake_prefix_path.sh'
[1.118s] Level 1:colcon.colcon_core.environment:checking '/home/starry1n/WUTA/WUTA-FSD/ros2_ws/install/path_generator/lib'
[1.118s] Level 1:colcon.colcon_core.environment:checking '/home/starry1n/WUTA/WUTA-FSD/ros2_ws/install/path_generator/bin'
[1.118s] Level 1:colcon.colcon_core.environment:checking '/home/starry1n/WUTA/WUTA-FSD/ros2_ws/install/path_generator/lib/pkgconfig/path_generator.pc'
[1.118s] Level 1:colcon.colcon_core.environment:checking '/home/starry1n/WUTA/WUTA-FSD/ros2_ws/install/path_generator/lib/python3.10/site-packages'
[1.118s] Level 1:colcon.colcon_core.environment:checking '/home/starry1n/WUTA/WUTA-FSD/ros2_ws/install/path_generator/bin'
[1.119s] INFO:colcon.colcon_core.shell:Creating package script '/home/starry1n/WUTA/WUTA-FSD/ros2_ws/install/path_generator/share/path_generator/package.ps1'
[1.119s] INFO:colcon.colcon_core.shell:Creating package descriptor '/home/starry1n/WUTA/WUTA-FSD/ros2_ws/install/path_generator/share/path_generator/package.dsv'
[1.119s] INFO:colcon.colcon_core.shell:Creating package script '/home/starry1n/WUTA/WUTA-FSD/ros2_ws/install/path_generator/share/path_generator/package.sh'
[1.119s] INFO:colcon.colcon_core.shell:Creating package script '/home/starry1n/WUTA/WUTA-FSD/ros2_ws/install/path_generator/share/path_generator/package.bash'
[1.120s] INFO:colcon.colcon_core.shell:Creating package script '/home/starry1n/WUTA/WUTA-FSD/ros2_ws/install/path_generator/share/path_generator/package.zsh'
[1.120s] Level 1:colcon.colcon_core.environment:create_file_with_runtime_dependencies(/home/starry1n/WUTA/WUTA-FSD/ros2_ws/install/path_generator/share/colcon-core/packages/path_generator)
[1.121s] Level 1:colcon.colcon_core.environment:create_environment_scripts_only(path_generator)
[1.121s] Level 1:colcon.colcon_core.environment:checking '/home/starry1n/WUTA/WUTA-FSD/ros2_ws/install/path_generator' for CMake module files
[1.121s] Level 1:colcon.colcon_core.environment:checking '/home/starry1n/WUTA/WUTA-FSD/ros2_ws/install/path_generator' for CMake config files
[1.121s] Level 1:colcon.colcon_core.shell:create_environment_hook('path_generator', 'cmake_prefix_path')
[1.121s] INFO:colcon.colcon_core.shell:Creating environment hook '/home/starry1n/WUTA/WUTA-FSD/ros2_ws/install/path_generator/share/path_generator/hook/cmake_prefix_path.ps1'
[1.121s] INFO:colcon.colcon_core.shell:Creating environment descriptor '/home/starry1n/WUTA/WUTA-FSD/ros2_ws/install/path_generator/share/path_generator/hook/cmake_prefix_path.dsv'
[1.122s] INFO:colcon.colcon_core.shell:Creating environment hook '/home/starry1n/WUTA/WUTA-FSD/ros2_ws/install/path_generator/share/path_generator/hook/cmake_prefix_path.sh'
[1.122s] Level 1:colcon.colcon_core.environment:checking '/home/starry1n/WUTA/WUTA-FSD/ros2_ws/install/path_generator/lib'
[1.122s] Level 1:colcon.colcon_core.environment:checking '/home/starry1n/WUTA/WUTA-FSD/ros2_ws/install/path_generator/bin'
[1.122s] Level 1:colcon.colcon_core.environment:checking '/home/starry1n/WUTA/WUTA-FSD/ros2_ws/install/path_generator/lib/pkgconfig/path_generator.pc'
[1.122s] Level 1:colcon.colcon_core.environment:checking '/home/starry1n/WUTA/WUTA-FSD/ros2_ws/install/path_generator/lib/python3.10/site-packages'
[1.123s] Level 1:colcon.colcon_core.environment:checking '/home/starry1n/WUTA/WUTA-FSD/ros2_ws/install/path_generator/bin'
[1.123s] INFO:colcon.colcon_core.shell:Creating package script '/home/starry1n/WUTA/WUTA-FSD/ros2_ws/install/path_generator/share/path_generator/package.ps1'
[1.123s] INFO:colcon.colcon_core.shell:Creating package descriptor '/home/starry1n/WUTA/WUTA-FSD/ros2_ws/install/path_generator/share/path_generator/package.dsv'
[1.123s] INFO:colcon.colcon_core.shell:Creating package script '/home/starry1n/WUTA/WUTA-FSD/ros2_ws/install/path_generator/share/path_generator/package.sh'
[1.124s] INFO:colcon.colcon_core.shell:Creating package script '/home/starry1n/WUTA/WUTA-FSD/ros2_ws/install/path_generator/share/path_generator/package.bash'
[1.124s] INFO:colcon.colcon_core.shell:Creating package script '/home/starry1n/WUTA/WUTA-FSD/ros2_ws/install/path_generator/share/path_generator/package.zsh'
[1.124s] Level 1:colcon.colcon_core.environment:create_file_with_runtime_dependencies(/home/starry1n/WUTA/WUTA-FSD/ros2_ws/install/path_generator/share/colcon-core/packages/path_generator)
[1.125s] Level 1:colcon.colcon_core.environment:create_environment_scripts_only(ndt_localization)
[1.125s] Level 1:colcon.colcon_core.environment:checking '/home/starry1n/WUTA/WUTA-FSD/ros2_ws/install/ndt_localization' for CMake module files
[1.125s] DEBUG:colcon.colcon_core.event_handler.log_command:Invoked command in '/home/starry1n/WUTA/WUTA-FSD/ros2_ws/build/ndt_localization' returned '0': AMENT_PREFIX_PATH=/home/starry1n/WUTA/WUTA-FSD/ros2_ws/install/wuta_msgs:${AMENT_PREFIX_PATH} CMAKE_PREFIX_PATH=/home/starry1n/WUTA/WUTA-FSD/ros2_ws/install/wuta_msgs:/opt/ros/humble LD_LIBRARY_PATH=/home/starry1n/WUTA/WUTA-FSD/ros2_ws/install/wuta_msgs/lib:${LD_LIBRARY_PATH} PYTHONPATH=/home/starry1n/WUTA/WUTA-FSD/ros2_ws/install/wuta_msgs/local/lib/python3.10/dist-packages:${PYTHONPATH} /usr/bin/cmake --install /home/starry1n/WUTA/WUTA-FSD/ros2_ws/build/ndt_localization
[1.126s] Level 1:colcon.colcon_core.environment:checking '/home/starry1n/WUTA/WUTA-FSD/ros2_ws/install/ndt_localization' for CMake config files
[1.126s] Level 1:colcon.colcon_core.shell:create_environment_hook('ndt_localization', 'cmake_prefix_path')
[1.126s] INFO:colcon.colcon_core.shell:Creating environment hook '/home/starry1n/WUTA/WUTA-FSD/ros2_ws/install/ndt_localization/share/ndt_localization/hook/cmake_prefix_path.ps1'
[1.126s] INFO:colcon.colcon_core.shell:Creating environment descriptor '/home/starry1n/WUTA/WUTA-FSD/ros2_ws/install/ndt_localization/share/ndt_localization/hook/cmake_prefix_path.dsv'
[1.127s] INFO:colcon.colcon_core.shell:Creating environment hook '/home/starry1n/WUTA/WUTA-FSD/ros2_ws/install/ndt_localization/share/ndt_localization/hook/cmake_prefix_path.sh'
[1.127s] Level 1:colcon.colcon_core.environment:checking '/home/starry1n/WUTA/WUTA-FSD/ros2_ws/install/ndt_localization/lib'
[1.127s] Level 1:colcon.colcon_core.environment:checking '/home/starry1n/WUTA/WUTA-FSD/ros2_ws/install/ndt_localization/bin'
[1.127s] Level 1:colcon.colcon_core.environment:checking '/home/starry1n/WUTA/WUTA-FSD/ros2_ws/install/ndt_localization/lib/pkgconfig/ndt_localization.pc'
[1.127s] Level 1:colcon.colcon_core.environment:checking '/home/starry1n/WUTA/WUTA-FSD/ros2_ws/install/ndt_localization/lib/python3.10/site-packages'
[1.127s] Level 1:colcon.colcon_core.environment:checking '/home/starry1n/WUTA/WUTA-FSD/ros2_ws/install/ndt_localization/bin'
[1.127s] INFO:colcon.colcon_core.shell:Creating package script '/home/starry1n/WUTA/WUTA-FSD/ros2_ws/install/ndt_localization/share/ndt_localization/package.ps1'
[1.128s] INFO:colcon.colcon_core.shell:Creating package descriptor '/home/starry1n/WUTA/WUTA-FSD/ros2_ws/install/ndt_localization/share/ndt_localization/package.dsv'
[1.128s] INFO:colcon.colcon_core.shell:Creating package script '/home/starry1n/WUTA/WUTA-FSD/ros2_ws/install/ndt_localization/share/ndt_localization/package.sh'
[1.128s] INFO:colcon.colcon_core.shell:Creating package script '/home/starry1n/WUTA/WUTA-FSD/ros2_ws/install/ndt_localization/share/ndt_localization/package.bash'
[1.129s] INFO:colcon.colcon_core.shell:Creating package script '/home/starry1n/WUTA/WUTA-FSD/ros2_ws/install/ndt_localization/share/ndt_localization/package.zsh'
[1.129s] Level 1:colcon.colcon_core.environment:create_file_with_runtime_dependencies(/home/starry1n/WUTA/WUTA-FSD/ros2_ws/install/ndt_localization/share/colcon-core/packages/ndt_localization)
[1.130s] Level 1:colcon.colcon_core.environment:create_environment_scripts_only(ndt_localization)
[1.130s] Level 1:colcon.colcon_core.environment:checking '/home/starry1n/WUTA/WUTA-FSD/ros2_ws/install/ndt_localization' for CMake module files
[1.130s] Level 1:colcon.colcon_core.environment:checking '/home/starry1n/WUTA/WUTA-FSD/ros2_ws/install/ndt_localization' for CMake config files
[1.131s] Level 1:colcon.colcon_core.shell:create_environment_hook('ndt_localization', 'cmake_prefix_path')
[1.131s] INFO:colcon.colcon_core.shell:Creating environment hook '/home/starry1n/WUTA/WUTA-FSD/ros2_ws/install/ndt_localization/share/ndt_localization/hook/cmake_prefix_path.ps1'
[1.131s] INFO:colcon.colcon_core.shell:Creating environment descriptor '/home/starry1n/WUTA/WUTA-FSD/ros2_ws/install/ndt_localization/share/ndt_localization/hook/cmake_prefix_path.dsv'
[1.131s] INFO:colcon.colcon_core.shell:Creating environment hook '/home/starry1n/WUTA/WUTA-FSD/ros2_ws/install/ndt_localization/share/ndt_localization/hook/cmake_prefix_path.sh'
[1.132s] Level 1:colcon.colcon_core.environment:checking '/home/starry1n/WUTA/WUTA-FSD/ros2_ws/install/ndt_localization/lib'
[1.132s] Level 1:colcon.colcon_core.environment:checking '/home/starry1n/WUTA/WUTA-FSD/ros2_ws/install/ndt_localization/bin'
[1.132s] Level 1:colcon.colcon_core.environment:checking '/home/starry1n/WUTA/WUTA-FSD/ros2_ws/install/ndt_localization/lib/pkgconfig/ndt_localization.pc'
[1.132s] Level 1:colcon.colcon_core.environment:checking '/home/starry1n/WUTA/WUTA-FSD/ros2_ws/install/ndt_localization/lib/python3.10/site-packages'
[1.132s] Level 1:colcon.colcon_core.environment:checking '/home/starry1n/WUTA/WUTA-FSD/ros2_ws/install/ndt_localization/bin'
[1.132s] INFO:colcon.colcon_core.shell:Creating package script '/home/starry1n/WUTA/WUTA-FSD/ros2_ws/install/ndt_localization/share/ndt_localization/package.ps1'
[1.133s] INFO:colcon.colcon_core.shell:Creating package descriptor '/home/starry1n/WUTA/WUTA-FSD/ros2_ws/install/ndt_localization/share/ndt_localization/package.dsv'
[1.133s] INFO:colcon.colcon_core.shell:Creating package script '/home/starry1n/WUTA/WUTA-FSD/ros2_ws/install/ndt_localization/share/ndt_localization/package.sh'
[1.133s] INFO:colcon.colcon_core.shell:Creating package script '/home/starry1n/WUTA/WUTA-FSD/ros2_ws/install/ndt_localization/share/ndt_localization/package.bash'
[1.134s] INFO:colcon.colcon_core.shell:Creating package script '/home/starry1n/WUTA/WUTA-FSD/ros2_ws/install/ndt_localization/share/ndt_localization/package.zsh'
[1.134s] Level 1:colcon.colcon_core.environment:create_file_with_runtime_dependencies(/home/starry1n/WUTA/WUTA-FSD/ros2_ws/install/ndt_localization/share/colcon-core/packages/ndt_localization)
[1.134s] DEBUG:colcon.colcon_parallel_executor.executor.parallel:closing loop
[1.134s] DEBUG:colcon.colcon_parallel_executor.executor.parallel:loop closed
[1.135s] DEBUG:colcon.colcon_parallel_executor.executor.parallel:run_until_complete finished with '0'
[1.135s] DEBUG:colcon.colcon_core.event_reactor:joining thread
[1.138s] INFO:colcon.colcon_core.plugin_system:Skipping extension 'colcon_notification.desktop_notification.terminal_notifier': Not used on non-Darwin systems
[1.139s] INFO:colcon.colcon_core.plugin_system:Skipping extension 'colcon_notification.desktop_notification.win32': Not used on non-Windows systems
[1.139s] INFO:colcon.colcon_notification.desktop_notification:Sending desktop notification using 'notify2'
[1.147s] DEBUG:colcon.colcon_core.event_reactor:joined thread
[1.148s] INFO:colcon.colcon_core.shell:Creating prefix script '/home/starry1n/WUTA/WUTA-FSD/ros2_ws/install/local_setup.ps1'
[1.148s] INFO:colcon.colcon_core.shell:Creating prefix util module '/home/starry1n/WUTA/WUTA-FSD/ros2_ws/install/_local_setup_util_ps1.py'
[1.149s] INFO:colcon.colcon_core.shell:Creating prefix chain script '/home/starry1n/WUTA/WUTA-FSD/ros2_ws/install/setup.ps1'
[1.150s] INFO:colcon.colcon_core.shell:Creating prefix script '/home/starry1n/WUTA/WUTA-FSD/ros2_ws/install/local_setup.sh'
[1.150s] INFO:colcon.colcon_core.shell:Creating prefix util module '/home/starry1n/WUTA/WUTA-FSD/ros2_ws/install/_local_setup_util_sh.py'
[1.151s] INFO:colcon.colcon_core.shell:Creating prefix chain script '/home/starry1n/WUTA/WUTA-FSD/ros2_ws/install/setup.sh'
[1.151s] INFO:colcon.colcon_core.shell:Creating prefix script '/home/starry1n/WUTA/WUTA-FSD/ros2_ws/install/local_setup.bash'
[1.152s] INFO:colcon.colcon_core.shell:Creating prefix chain script '/home/starry1n/WUTA/WUTA-FSD/ros2_ws/install/setup.bash'
[1.152s] INFO:colcon.colcon_core.shell:Creating prefix script '/home/starry1n/WUTA/WUTA-FSD/ros2_ws/install/local_setup.zsh'
[1.152s] INFO:colcon.colcon_core.shell:Creating prefix chain script '/home/starry1n/WUTA/WUTA-FSD/ros2_ws/install/setup.zsh'
