[0.100s] DEBUG:colcon:Command line arguments: ['/usr/bin/colcon', 'build', '--symlink-install']
[0.100s] DEBUG:colcon:Parsed command line arguments: Namespace(log_base=None, log_level=None, verb_name='build', build_base='build', install_base='install', merge_install=False, symlink_install=True, test_result_base=None, continue_on_error=False, executor='parallel', parallel_workers=12, event_handlers=None, ignore_user_meta=False, metas=['./colcon.meta'], base_paths=['.'], packages_ignore=None, packages_ignore_regex=None, paths=None, packages_up_to=None, packages_up_to_regex=None, packages_above=None, packages_above_and_dependencies=None, packages_above_depth=None, packages_select_by_dep=None, packages_skip_by_dep=None, packages_skip_up_to=None, packages_select_build_failed=False, packages_skip_build_finished=False, packages_select_test_failures=False, packages_skip_test_passed=False, packages_select=None, packages_skip=None, packages_select_regex=None, packages_skip_regex=None, packages_start=None, packages_end=None, allow_overriding=[], cmake_args=None, cmake_target=None, cmake_target_skip_unavailable=False, cmake_clean_cache=False, cmake_clean_first=False, cmake_force_configure=False, ament_cmake_args=None, catkin_cmake_args=None, catkin_skip_building_tests=False, verb_parser=<colcon_defaults.argument_parser.defaults.DefaultArgumentsDecorator object at 0x7003c461fd30>, verb_extension=<colcon_core.verb.build.BuildVerb object at 0x7003c461f730>, main=<bound method BuildVerb.main of <colcon_core.verb.build.BuildVerb object at 0x7003c461f730>>)
[0.244s] Level 1:colcon.colcon_core.package_discovery:discover_packages(colcon_meta) check parameters
[0.245s] Level 1:colcon.colcon_core.package_discovery:discover_packages(recursive) check parameters
[0.245s] Level 1:colcon.colcon_core.package_discovery:discover_packages(ignore) check parameters
[0.245s] Level 1:colcon.colcon_core.package_discovery:discover_packages(path) check parameters
[0.245s] Level 1:colcon.colcon_core.package_discovery:discover_packages(colcon_meta) discover
[0.245s] Level 1:colcon.colcon_core.package_discovery:discover_packages(recursive) discover
[0.245s] INFO:colcon.colcon_core.package_discovery:Crawling recursively for packages in '/home/wuta/WUTA/WUTA-FSD/ros2_ws'
[0.245s] Level 1:colcon.colcon_core.package_identification:_identify(.) by extensions ['ignore', 'ignore_ament_install']
[0.245s] Level 1:colcon.colcon_core.package_identification:_identify(.) by extension 'ignore'
[0.245s] Level 1:colcon.colcon_core.package_identification:_identify(.) by extension 'ignore_ament_install'
[0.245s] Level 1:colcon.colcon_core.package_identification:_identify(.) by extensions ['colcon_pkg']
[0.245s] Level 1:colcon.colcon_core.package_identification:_identify(.) by extension 'colcon_pkg'
[0.245s] Level 1:colcon.colcon_core.package_identification:_identify(.) by extensions ['colcon_meta']
[0.245s] Level 1:colcon.colcon_core.package_identification:_identify(.) by extension 'colcon_meta'
[0.245s] Level 1:colcon.colcon_core.package_identification:_identify(.) by extensions ['ros']
[0.245s] Level 1:colcon.colcon_core.package_identification:_identify(.) by extension 'ros'
[0.254s] Level 1:colcon.colcon_core.package_identification:_identify(.) by extensions ['cmake', 'python']
[0.254s] Level 1:colcon.colcon_core.package_identification:_identify(.) by extension 'cmake'
[0.254s] Level 1:colcon.colcon_core.package_identification:_identify(.) by extension 'python'
[0.254s] Level 1:colcon.colcon_core.package_identification:_identify(.) by extensions ['python_setup_py']
[0.254s] Level 1:colcon.colcon_core.package_identification:_identify(.) by extension 'python_setup_py'
[0.254s] Level 1:colcon.colcon_core.package_identification:_identify(build) by extensions ['ignore', 'ignore_ament_install']
[0.254s] Level 1:colcon.colcon_core.package_identification:_identify(build) by extension 'ignore'
[0.254s] Level 1:colcon.colcon_core.package_identification:_identify(build) ignored
[0.254s] Level 1:colcon.colcon_core.package_identification:_identify(install) by extensions ['ignore', 'ignore_ament_install']
[0.255s] Level 1:colcon.colcon_core.package_identification:_identify(install) by extension 'ignore'
[0.255s] Level 1:colcon.colcon_core.package_identification:_identify(install) ignored
[0.255s] Level 1:colcon.colcon_core.package_identification:_identify(log) by extensions ['ignore', 'ignore_ament_install']
[0.255s] Level 1:colcon.colcon_core.package_identification:_identify(log) by extension 'ignore'
[0.255s] Level 1:colcon.colcon_core.package_identification:_identify(log) ignored
[0.255s] Level 1:colcon.colcon_core.package_identification:_identify(src) by extensions ['ignore', 'ignore_ament_install']
[0.255s] Level 1:colcon.colcon_core.package_identification:_identify(src) by extension 'ignore'
[0.255s] Level 1:colcon.colcon_core.package_identification:_identify(src) by extension 'ignore_ament_install'
[0.255s] Level 1:colcon.colcon_core.package_identification:_identify(src) by extensions ['colcon_pkg']
[0.255s] Level 1:colcon.colcon_core.package_identification:_identify(src) by extension 'colcon_pkg'
[0.255s] Level 1:colcon.colcon_core.package_identification:_identify(src) by extensions ['colcon_meta']
[0.255s] Level 1:colcon.colcon_core.package_identification:_identify(src) by extension 'colcon_meta'
[0.255s] Level 1:colcon.colcon_core.package_identification:_identify(src) by extensions ['ros']
[0.255s] Level 1:colcon.colcon_core.package_identification:_identify(src) by extension 'ros'
[0.255s] Level 1:colcon.colcon_core.package_identification:_identify(src) by extensions ['cmake', 'python']
[0.255s] Level 1:colcon.colcon_core.package_identification:_identify(src) by extension 'cmake'
[0.255s] Level 1:colcon.colcon_core.package_identification:_identify(src) by extension 'python'
[0.255s] Level 1:colcon.colcon_core.package_identification:_identify(src) by extensions ['python_setup_py']
[0.255s] Level 1:colcon.colcon_core.package_identification:_identify(src) by extension 'python_setup_py'
[0.255s] Level 1:colcon.colcon_core.package_identification:_identify(src/common) by extensions ['ignore', 'ignore_ament_install']
[0.255s] Level 1:colcon.colcon_core.package_identification:_identify(src/common) by extension 'ignore'
[0.256s] Level 1:colcon.colcon_core.package_identification:_identify(src/common) by extension 'ignore_ament_install'
[0.256s] Level 1:colcon.colcon_core.package_identification:_identify(src/common) by extensions ['colcon_pkg']
[0.256s] Level 1:colcon.colcon_core.package_identification:_identify(src/common) by extension 'colcon_pkg'
[0.256s] Level 1:colcon.colcon_core.package_identification:_identify(src/common) by extensions ['colcon_meta']
[0.256s] Level 1:colcon.colcon_core.package_identification:_identify(src/common) by extension 'colcon_meta'
[0.256s] Level 1:colcon.colcon_core.package_identification:_identify(src/common) by extensions ['ros']
[0.256s] Level 1:colcon.colcon_core.package_identification:_identify(src/common) by extension 'ros'
[0.256s] Level 1:colcon.colcon_core.package_identification:_identify(src/common) by extensions ['cmake', 'python']
[0.256s] Level 1:colcon.colcon_core.package_identification:_identify(src/common) by extension 'cmake'
[0.256s] Level 1:colcon.colcon_core.package_identification:_identify(src/common) by extension 'python'
[0.256s] Level 1:colcon.colcon_core.package_identification:_identify(src/common) by extensions ['python_setup_py']
[0.256s] Level 1:colcon.colcon_core.package_identification:_identify(src/common) by extension 'python_setup_py'
[0.256s] Level 1:colcon.colcon_core.package_identification:_identify(src/common/autoware_msgs) by extensions ['ignore', 'ignore_ament_install']
[0.256s] Level 1:colcon.colcon_core.package_identification:_identify(src/common/autoware_msgs) by extension 'ignore'
[0.256s] Level 1:colcon.colcon_core.package_identification:_identify(src/common/autoware_msgs) by extension 'ignore_ament_install'
[0.256s] Level 1:colcon.colcon_core.package_identification:_identify(src/common/autoware_msgs) by extensions ['colcon_pkg']
[0.256s] Level 1:colcon.colcon_core.package_identification:_identify(src/common/autoware_msgs) by extension 'colcon_pkg'
[0.256s] Level 1:colcon.colcon_core.package_identification:_identify(src/common/autoware_msgs) by extensions ['colcon_meta']
[0.256s] Level 1:colcon.colcon_core.package_identification:_identify(src/common/autoware_msgs) by extension 'colcon_meta'
[0.256s] Level 1:colcon.colcon_core.package_identification:_identify(src/common/autoware_msgs) by extensions ['ros']
[0.256s] Level 1:colcon.colcon_core.package_identification:_identify(src/common/autoware_msgs) by extension 'ros'
[0.258s] DEBUG:colcon.colcon_core.package_identification:Package 'src/common/autoware_msgs' with type 'ros.ament_cmake' and name 'autoware_msgs'
[0.258s] Level 1:colcon.colcon_core.package_identification:_identify(src/common/wuta_msgs) by extensions ['ignore', 'ignore_ament_install']
[0.258s] Level 1:colcon.colcon_core.package_identification:_identify(src/common/wuta_msgs) by extension 'ignore'
[0.259s] Level 1:colcon.colcon_core.package_identification:_identify(src/common/wuta_msgs) by extension 'ignore_ament_install'
[0.259s] Level 1:colcon.colcon_core.package_identification:_identify(src/common/wuta_msgs) by extensions ['colcon_pkg']
[0.259s] Level 1:colcon.colcon_core.package_identification:_identify(src/common/wuta_msgs) by extension 'colcon_pkg'
[0.259s] Level 1:colcon.colcon_core.package_identification:_identify(src/common/wuta_msgs) by extensions ['colcon_meta']
[0.259s] Level 1:colcon.colcon_core.package_identification:_identify(src/common/wuta_msgs) by extension 'colcon_meta'
[0.259s] Level 1:colcon.colcon_core.package_identification:_identify(src/common/wuta_msgs) by extensions ['ros']
[0.259s] Level 1:colcon.colcon_core.package_identification:_identify(src/common/wuta_msgs) by extension 'ros'
[0.259s] DEBUG:colcon.colcon_core.package_identification:Package 'src/common/wuta_msgs' with type 'ros.ament_cmake' and name 'wuta_msgs'
[0.259s] Level 1:colcon.colcon_core.package_identification:_identify(src/common/wuta_tools) by extensions ['ignore', 'ignore_ament_install']
[0.259s] Level 1:colcon.colcon_core.package_identification:_identify(src/common/wuta_tools) by extension 'ignore'
[0.259s] Level 1:colcon.colcon_core.package_identification:_identify(src/common/wuta_tools) by extension 'ignore_ament_install'
[0.259s] Level 1:colcon.colcon_core.package_identification:_identify(src/common/wuta_tools) by extensions ['colcon_pkg']
[0.260s] Level 1:colcon.colcon_core.package_identification:_identify(src/common/wuta_tools) by extension 'colcon_pkg'
[0.260s] Level 1:colcon.colcon_core.package_identification:_identify(src/common/wuta_tools) by extensions ['colcon_meta']
[0.260s] Level 1:colcon.colcon_core.package_identification:_identify(src/common/wuta_tools) by extension 'colcon_meta'
[0.260s] Level 1:colcon.colcon_core.package_identification:_identify(src/common/wuta_tools) by extensions ['ros']
[0.260s] Level 1:colcon.colcon_core.package_identification:_identify(src/common/wuta_tools) by extension 'ros'
[0.260s] DEBUG:colcon.colcon_core.package_identification:Package 'src/common/wuta_tools' with type 'ros.ament_cmake' and name 'wuta_tools'
[0.260s] Level 1:colcon.colcon_core.package_identification:_identify(src/control) by extensions ['ignore', 'ignore_ament_install']
[0.260s] Level 1:colcon.colcon_core.package_identification:_identify(src/control) by extension 'ignore'
[0.260s] Level 1:colcon.colcon_core.package_identification:_identify(src/control) by extension 'ignore_ament_install'
[0.260s] Level 1:colcon.colcon_core.package_identification:_identify(src/control) by extensions ['colcon_pkg']
[0.260s] Level 1:colcon.colcon_core.package_identification:_identify(src/control) by extension 'colcon_pkg'
[0.260s] Level 1:colcon.colcon_core.package_identification:_identify(src/control) by extensions ['colcon_meta']
[0.260s] Level 1:colcon.colcon_core.package_identification:_identify(src/control) by extension 'colcon_meta'
[0.260s] Level 1:colcon.colcon_core.package_identification:_identify(src/control) by extensions ['ros']
[0.261s] Level 1:colcon.colcon_core.package_identification:_identify(src/control) by extension 'ros'
[0.261s] Level 1:colcon.colcon_core.package_identification:_identify(src/control) by extensions ['cmake', 'python']
[0.261s] Level 1:colcon.colcon_core.package_identification:_identify(src/control) by extension 'cmake'
[0.261s] Level 1:colcon.colcon_core.package_identification:_identify(src/control) by extension 'python'
[0.261s] Level 1:colcon.colcon_core.package_identification:_identify(src/control) by extensions ['python_setup_py']
[0.261s] Level 1:colcon.colcon_core.package_identification:_identify(src/control) by extension 'python_setup_py'
[0.261s] Level 1:colcon.colcon_core.package_identification:_identify(src/control/controller) by extensions ['ignore', 'ignore_ament_install']
[0.261s] Level 1:colcon.colcon_core.package_identification:_identify(src/control/controller) by extension 'ignore'
[0.261s] Level 1:colcon.colcon_core.package_identification:_identify(src/control/controller) by extension 'ignore_ament_install'
[0.261s] Level 1:colcon.colcon_core.package_identification:_identify(src/control/controller) by extensions ['colcon_pkg']
[0.261s] Level 1:colcon.colcon_core.package_identification:_identify(src/control/controller) by extension 'colcon_pkg'
[0.261s] Level 1:colcon.colcon_core.package_identification:_identify(src/control/controller) by extensions ['colcon_meta']
[0.261s] Level 1:colcon.colcon_core.package_identification:_identify(src/control/controller) by extension 'colcon_meta'
[0.261s] Level 1:colcon.colcon_core.package_identification:_identify(src/control/controller) by extensions ['ros']
[0.261s] Level 1:colcon.colcon_core.package_identification:_identify(src/control/controller) by extension 'ros'
[0.262s] DEBUG:colcon.colcon_core.package_identification:Package 'src/control/controller' with type 'ros.ament_cmake' and name 'controller'
[0.262s] Level 1:colcon.colcon_core.package_identification:_identify(src/localization) by extensions ['ignore', 'ignore_ament_install']
[0.262s] Level 1:colcon.colcon_core.package_identification:_identify(src/localization) by extension 'ignore'
[0.262s] Level 1:colcon.colcon_core.package_identification:_identify(src/localization) by extension 'ignore_ament_install'
[0.262s] Level 1:colcon.colcon_core.package_identification:_identify(src/localization) by extensions ['colcon_pkg']
[0.262s] Level 1:colcon.colcon_core.package_identification:_identify(src/localization) by extension 'colcon_pkg'
[0.262s] Level 1:colcon.colcon_core.package_identification:_identify(src/localization) by extensions ['colcon_meta']
[0.262s] Level 1:colcon.colcon_core.package_identification:_identify(src/localization) by extension 'colcon_meta'
[0.262s] Level 1:colcon.colcon_core.package_identification:_identify(src/localization) by extensions ['ros']
[0.262s] Level 1:colcon.colcon_core.package_identification:_identify(src/localization) by extension 'ros'
[0.262s] Level 1:colcon.colcon_core.package_identification:_identify(src/localization) by extensions ['cmake', 'python']
[0.262s] Level 1:colcon.colcon_core.package_identification:_identify(src/localization) by extension 'cmake'
[0.262s] Level 1:colcon.colcon_core.package_identification:_identify(src/localization) by extension 'python'
[0.262s] Level 1:colcon.colcon_core.package_identification:_identify(src/localization) by extensions ['python_setup_py']
[0.262s] Level 1:colcon.colcon_core.package_identification:_identify(src/localization) by extension 'python_setup_py'
[0.262s] Level 1:colcon.colcon_core.package_identification:_identify(src/localization/kiss-icp) by extensions ['ignore', 'ignore_ament_install']
[0.262s] Level 1:colcon.colcon_core.package_identification:_identify(src/localization/kiss-icp) by extension 'ignore'
[0.263s] Level 1:colcon.colcon_core.package_identification:_identify(src/localization/kiss-icp) by extension 'ignore_ament_install'
[0.263s] Level 1:colcon.colcon_core.package_identification:_identify(src/localization/kiss-icp) by extensions ['colcon_pkg']
[0.263s] Level 1:colcon.colcon_core.package_identification:_identify(src/localization/kiss-icp) by extension 'colcon_pkg'
[0.263s] Level 1:colcon.colcon_core.package_identification:_identify(src/localization/kiss-icp) by extensions ['colcon_meta']
[0.263s] Level 1:colcon.colcon_core.package_identification:_identify(src/localization/kiss-icp) by extension 'colcon_meta'
[0.263s] Level 1:colcon.colcon_core.package_identification:_identify(src/localization/kiss-icp) by extensions ['ros']
[0.263s] Level 1:colcon.colcon_core.package_identification:_identify(src/localization/kiss-icp) by extension 'ros'
[0.263s] Level 1:colcon.colcon_core.package_identification:_identify(src/localization/kiss-icp) by extensions ['cmake', 'python']
[0.263s] Level 1:colcon.colcon_core.package_identification:_identify(src/localization/kiss-icp) by extension 'cmake'
[0.263s] Level 1:colcon.colcon_core.package_identification:_identify(src/localization/kiss-icp) by extension 'python'
[0.263s] Level 1:colcon.colcon_core.package_identification:_identify(src/localization/kiss-icp) by extensions ['python_setup_py']
[0.263s] Level 1:colcon.colcon_core.package_identification:_identify(src/localization/kiss-icp) by extension 'python_setup_py'
[0.263s] Level 1:colcon.colcon_core.package_identification:_identify(src/localization/kiss-icp/config) by extensions ['ignore', 'ignore_ament_install']
[0.263s] Level 1:colcon.colcon_core.package_identification:_identify(src/localization/kiss-icp/config) by extension 'ignore'
[0.263s] Level 1:colcon.colcon_core.package_identification:_identify(src/localization/kiss-icp/config) by extension 'ignore_ament_install'
[0.263s] Level 1:colcon.colcon_core.package_identification:_identify(src/localization/kiss-icp/config) by extensions ['colcon_pkg']
[0.263s] Level 1:colcon.colcon_core.package_identification:_identify(src/localization/kiss-icp/config) by extension 'colcon_pkg'
[0.263s] Level 1:colcon.colcon_core.package_identification:_identify(src/localization/kiss-icp/config) by extensions ['colcon_meta']
[0.263s] Level 1:colcon.colcon_core.package_identification:_identify(src/localization/kiss-icp/config) by extension 'colcon_meta'
[0.263s] Level 1:colcon.colcon_core.package_identification:_identify(src/localization/kiss-icp/config) by extensions ['ros']
[0.263s] Level 1:colcon.colcon_core.package_identification:_identify(src/localization/kiss-icp/config) by extension 'ros'
[0.263s] Level 1:colcon.colcon_core.package_identification:_identify(src/localization/kiss-icp/config) by extensions ['cmake', 'python']
[0.263s] Level 1:colcon.colcon_core.package_identification:_identify(src/localization/kiss-icp/config) by extension 'cmake'
[0.263s] Level 1:colcon.colcon_core.package_identification:_identify(src/localization/kiss-icp/config) by extension 'python'
[0.263s] Level 1:colcon.colcon_core.package_identification:_identify(src/localization/kiss-icp/config) by extensions ['python_setup_py']
[0.263s] Level 1:colcon.colcon_core.package_identification:_identify(src/localization/kiss-icp/config) by extension 'python_setup_py'
[0.264s] Level 1:colcon.colcon_core.package_identification:_identify(src/localization/kiss-icp/cpp) by extensions ['ignore', 'ignore_ament_install']
[0.264s] Level 1:colcon.colcon_core.package_identification:_identify(src/localization/kiss-icp/cpp) by extension 'ignore'
[0.264s] Level 1:colcon.colcon_core.package_identification:_identify(src/localization/kiss-icp/cpp) ignored
[0.264s] Level 1:colcon.colcon_core.package_identification:_identify(src/localization/kiss-icp/eval) by extensions ['ignore', 'ignore_ament_install']
[0.264s] Level 1:colcon.colcon_core.package_identification:_identify(src/localization/kiss-icp/eval) by extension 'ignore'
[0.264s] Level 1:colcon.colcon_core.package_identification:_identify(src/localization/kiss-icp/eval) by extension 'ignore_ament_install'
[0.264s] Level 1:colcon.colcon_core.package_identification:_identify(src/localization/kiss-icp/eval) by extensions ['colcon_pkg']
[0.264s] Level 1:colcon.colcon_core.package_identification:_identify(src/localization/kiss-icp/eval) by extension 'colcon_pkg'
[0.264s] Level 1:colcon.colcon_core.package_identification:_identify(src/localization/kiss-icp/eval) by extensions ['colcon_meta']
[0.264s] Level 1:colcon.colcon_core.package_identification:_identify(src/localization/kiss-icp/eval) by extension 'colcon_meta'
[0.264s] Level 1:colcon.colcon_core.package_identification:_identify(src/localization/kiss-icp/eval) by extensions ['ros']
[0.264s] Level 1:colcon.colcon_core.package_identification:_identify(src/localization/kiss-icp/eval) by extension 'ros'
[0.264s] Level 1:colcon.colcon_core.package_identification:_identify(src/localization/kiss-icp/eval) by extensions ['cmake', 'python']
[0.264s] Level 1:colcon.colcon_core.package_identification:_identify(src/localization/kiss-icp/eval) by extension 'cmake'
[0.264s] Level 1:colcon.colcon_core.package_identification:_identify(src/localization/kiss-icp/eval) by extension 'python'
[0.264s] Level 1:colcon.colcon_core.package_identification:_identify(src/localization/kiss-icp/eval) by extensions ['python_setup_py']
[0.264s] Level 1:colcon.colcon_core.package_identification:_identify(src/localization/kiss-icp/eval) by extension 'python_setup_py'
[0.264s] Level 1:colcon.colcon_core.package_identification:_identify(src/localization/kiss-icp/python) by extensions ['ignore', 'ignore_ament_install']
[0.264s] Level 1:colcon.colcon_core.package_identification:_identify(src/localization/kiss-icp/python) by extension 'ignore'
[0.264s] Level 1:colcon.colcon_core.package_identification:_identify(src/localization/kiss-icp/python) ignored
[0.264s] Level 1:colcon.colcon_core.package_identification:_identify(src/localization/kiss-icp/ros) by extensions ['ignore', 'ignore_ament_install']
[0.265s] Level 1:colcon.colcon_core.package_identification:_identify(src/localization/kiss-icp/ros) by extension 'ignore'
[0.265s] Level 1:colcon.colcon_core.package_identification:_identify(src/localization/kiss-icp/ros) by extension 'ignore_ament_install'
[0.265s] Level 1:colcon.colcon_core.package_identification:_identify(src/localization/kiss-icp/ros) by extensions ['colcon_pkg']
[0.265s] Level 1:colcon.colcon_core.package_identification:_identify(src/localization/kiss-icp/ros) by extension 'colcon_pkg'
[0.265s] Level 1:colcon.colcon_core.package_identification:_identify(src/localization/kiss-icp/ros) by extensions ['colcon_meta']
[0.265s] Level 1:colcon.colcon_core.package_identification:_identify(src/localization/kiss-icp/ros) by extension 'colcon_meta'
[0.265s] Level 1:colcon.colcon_core.package_identification:_identify(src/localization/kiss-icp/ros) by extensions ['ros']
[0.265s] Level 1:colcon.colcon_core.package_identification:_identify(src/localization/kiss-icp/ros) by extension 'ros'
[0.266s] DEBUG:colcon.colcon_core.package_identification:Package 'src/localization/kiss-icp/ros' with type 'ros.ament_cmake' and name 'kiss_icp'
[0.266s] Level 1:colcon.colcon_core.package_identification:_identify(src/localization/kiss_icp_wrapper) by extensions ['ignore', 'ignore_ament_install']
[0.266s] Level 1:colcon.colcon_core.package_identification:_identify(src/localization/kiss_icp_wrapper) by extension 'ignore'
[0.266s] Level 1:colcon.colcon_core.package_identification:_identify(src/localization/kiss_icp_wrapper) by extension 'ignore_ament_install'
[0.266s] Level 1:colcon.colcon_core.package_identification:_identify(src/localization/kiss_icp_wrapper) by extensions ['colcon_pkg']
[0.266s] Level 1:colcon.colcon_core.package_identification:_identify(src/localization/kiss_icp_wrapper) by extension 'colcon_pkg'
[0.266s] Level 1:colcon.colcon_core.package_identification:_identify(src/localization/kiss_icp_wrapper) by extensions ['colcon_meta']
[0.266s] Level 1:colcon.colcon_core.package_identification:_identify(src/localization/kiss_icp_wrapper) by extension 'colcon_meta'
[0.266s] Level 1:colcon.colcon_core.package_identification:_identify(src/localization/kiss_icp_wrapper) by extensions ['ros']
[0.266s] Level 1:colcon.colcon_core.package_identification:_identify(src/localization/kiss_icp_wrapper) by extension 'ros'
[0.267s] DEBUG:colcon.colcon_core.package_identification:Package 'src/localization/kiss_icp_wrapper' with type 'ros.ament_cmake' and name 'kiss_icp_wrapper'
[0.267s] Level 1:colcon.colcon_core.package_identification:_identify(src/localization/localization_manager) by extensions ['ignore', 'ignore_ament_install']
[0.267s] Level 1:colcon.colcon_core.package_identification:_identify(src/localization/localization_manager) by extension 'ignore'
[0.267s] Level 1:colcon.colcon_core.package_identification:_identify(src/localization/localization_manager) by extension 'ignore_ament_install'
[0.267s] Level 1:colcon.colcon_core.package_identification:_identify(src/localization/localization_manager) by extensions ['colcon_pkg']
[0.267s] Level 1:colcon.colcon_core.package_identification:_identify(src/localization/localization_manager) by extension 'colcon_pkg'
[0.267s] Level 1:colcon.colcon_core.package_identification:_identify(src/localization/localization_manager) by extensions ['colcon_meta']
[0.267s] Level 1:colcon.colcon_core.package_identification:_identify(src/localization/localization_manager) by extension 'colcon_meta'
[0.267s] Level 1:colcon.colcon_core.package_identification:_identify(src/localization/localization_manager) by extensions ['ros']
[0.267s] Level 1:colcon.colcon_core.package_identification:_identify(src/localization/localization_manager) by extension 'ros'
[0.268s] DEBUG:colcon.colcon_core.package_identification:Package 'src/localization/localization_manager' with type 'ros.ament_cmake' and name 'localization_manager'
[0.268s] Level 1:colcon.colcon_core.package_identification:_identify(src/localization/ndt_localization) by extensions ['ignore', 'ignore_ament_install']
[0.268s] Level 1:colcon.colcon_core.package_identification:_identify(src/localization/ndt_localization) by extension 'ignore'
[0.268s] Level 1:colcon.colcon_core.package_identification:_identify(src/localization/ndt_localization) by extension 'ignore_ament_install'
[0.268s] Level 1:colcon.colcon_core.package_identification:_identify(src/localization/ndt_localization) by extensions ['colcon_pkg']
[0.268s] Level 1:colcon.colcon_core.package_identification:_identify(src/localization/ndt_localization) by extension 'colcon_pkg'
[0.268s] Level 1:colcon.colcon_core.package_identification:_identify(src/localization/ndt_localization) by extensions ['colcon_meta']
[0.268s] Level 1:colcon.colcon_core.package_identification:_identify(src/localization/ndt_localization) by extension 'colcon_meta'
[0.268s] Level 1:colcon.colcon_core.package_identification:_identify(src/localization/ndt_localization) by extensions ['ros']
[0.268s] Level 1:colcon.colcon_core.package_identification:_identify(src/localization/ndt_localization) by extension 'ros'
[0.269s] DEBUG:colcon.colcon_core.package_identification:Package 'src/localization/ndt_localization' with type 'ros.ament_cmake' and name 'ndt_localization'
[0.269s] Level 1:colcon.colcon_core.package_identification:_identify(src/localization/robot_localization) by extensions ['ignore', 'ignore_ament_install']
[0.269s] Level 1:colcon.colcon_core.package_identification:_identify(src/localization/robot_localization) by extension 'ignore'
[0.269s] Level 1:colcon.colcon_core.package_identification:_identify(src/localization/robot_localization) by extension 'ignore_ament_install'
[0.269s] Level 1:colcon.colcon_core.package_identification:_identify(src/localization/robot_localization) by extensions ['colcon_pkg']
[0.269s] Level 1:colcon.colcon_core.package_identification:_identify(src/localization/robot_localization) by extension 'colcon_pkg'
[0.269s] Level 1:colcon.colcon_core.package_identification:_identify(src/localization/robot_localization) by extensions ['colcon_meta']
[0.269s] Level 1:colcon.colcon_core.package_identification:_identify(src/localization/robot_localization) by extension 'colcon_meta'
[0.270s] Level 1:colcon.colcon_core.package_identification:_identify(src/localization/robot_localization) by extensions ['ros']
[0.270s] Level 1:colcon.colcon_core.package_identification:_identify(src/localization/robot_localization) by extension 'ros'
[0.271s] DEBUG:colcon.colcon_core.package_identification:Package 'src/localization/robot_localization' with type 'ros.ament_cmake' and name 'robot_localization'
[0.271s] Level 1:colcon.colcon_core.package_identification:_identify(src/mapping) by extensions ['ignore', 'ignore_ament_install']
[0.271s] Level 1:colcon.colcon_core.package_identification:_identify(src/mapping) by extension 'ignore'
[0.271s] Level 1:colcon.colcon_core.package_identification:_identify(src/mapping) by extension 'ignore_ament_install'
[0.271s] Level 1:colcon.colcon_core.package_identification:_identify(src/mapping) by extensions ['colcon_pkg']
[0.271s] Level 1:colcon.colcon_core.package_identification:_identify(src/mapping) by extension 'colcon_pkg'
[0.271s] Level 1:colcon.colcon_core.package_identification:_identify(src/mapping) by extensions ['colcon_meta']
[0.271s] Level 1:colcon.colcon_core.package_identification:_identify(src/mapping) by extension 'colcon_meta'
[0.271s] Level 1:colcon.colcon_core.package_identification:_identify(src/mapping) by extensions ['ros']
[0.272s] Level 1:colcon.colcon_core.package_identification:_identify(src/mapping) by extension 'ros'
[0.272s] Level 1:colcon.colcon_core.package_identification:_identify(src/mapping) by extensions ['cmake', 'python']
[0.272s] Level 1:colcon.colcon_core.package_identification:_identify(src/mapping) by extension 'cmake'
[0.272s] Level 1:colcon.colcon_core.package_identification:_identify(src/mapping) by extension 'python'
[0.272s] Level 1:colcon.colcon_core.package_identification:_identify(src/mapping) by extensions ['python_setup_py']
[0.272s] Level 1:colcon.colcon_core.package_identification:_identify(src/mapping) by extension 'python_setup_py'
[0.272s] Level 1:colcon.colcon_core.package_identification:_identify(src/mapping/cone_map_builder) by extensions ['ignore', 'ignore_ament_install']
[0.272s] Level 1:colcon.colcon_core.package_identification:_identify(src/mapping/cone_map_builder) by extension 'ignore'
[0.272s] Level 1:colcon.colcon_core.package_identification:_identify(src/mapping/cone_map_builder) by extension 'ignore_ament_install'
[0.272s] Level 1:colcon.colcon_core.package_identification:_identify(src/mapping/cone_map_builder) by extensions ['colcon_pkg']
[0.272s] Level 1:colcon.colcon_core.package_identification:_identify(src/mapping/cone_map_builder) by extension 'colcon_pkg'
[0.272s] Level 1:colcon.colcon_core.package_identification:_identify(src/mapping/cone_map_builder) by extensions ['colcon_meta']
[0.272s] Level 1:colcon.colcon_core.package_identification:_identify(src/mapping/cone_map_builder) by extension 'colcon_meta'
[0.272s] Level 1:colcon.colcon_core.package_identification:_identify(src/mapping/cone_map_builder) by extensions ['ros']
[0.272s] Level 1:colcon.colcon_core.package_identification:_identify(src/mapping/cone_map_builder) by extension 'ros'
[0.273s] DEBUG:colcon.colcon_core.package_identification:Package 'src/mapping/cone_map_builder' with type 'ros.ament_cmake' and name 'cone_map_builder'
[0.273s] Level 1:colcon.colcon_core.package_identification:_identify(src/perception) by extensions ['ignore', 'ignore_ament_install']
[0.273s] Level 1:colcon.colcon_core.package_identification:_identify(src/perception) by extension 'ignore'
[0.273s] Level 1:colcon.colcon_core.package_identification:_identify(src/perception) by extension 'ignore_ament_install'
[0.273s] Level 1:colcon.colcon_core.package_identification:_identify(src/perception) by extensions ['colcon_pkg']
[0.273s] Level 1:colcon.colcon_core.package_identification:_identify(src/perception) by extension 'colcon_pkg'
[0.273s] Level 1:colcon.colcon_core.package_identification:_identify(src/perception) by extensions ['colcon_meta']
[0.273s] Level 1:colcon.colcon_core.package_identification:_identify(src/perception) by extension 'colcon_meta'
[0.273s] Level 1:colcon.colcon_core.package_identification:_identify(src/perception) by extensions ['ros']
[0.273s] Level 1:colcon.colcon_core.package_identification:_identify(src/perception) by extension 'ros'
[0.273s] Level 1:colcon.colcon_core.package_identification:_identify(src/perception) by extensions ['cmake', 'python']
[0.273s] Level 1:colcon.colcon_core.package_identification:_identify(src/perception) by extension 'cmake'
[0.273s] Level 1:colcon.colcon_core.package_identification:_identify(src/perception) by extension 'python'
[0.273s] Level 1:colcon.colcon_core.package_identification:_identify(src/perception) by extensions ['python_setup_py']
[0.273s] Level 1:colcon.colcon_core.package_identification:_identify(src/perception) by extension 'python_setup_py'
[0.274s] Level 1:colcon.colcon_core.package_identification:_identify(src/perception/camera_detection) by extensions ['ignore', 'ignore_ament_install']
[0.274s] Level 1:colcon.colcon_core.package_identification:_identify(src/perception/camera_detection) by extension 'ignore'
[0.274s] Level 1:colcon.colcon_core.package_identification:_identify(src/perception/camera_detection) by extension 'ignore_ament_install'
[0.274s] Level 1:colcon.colcon_core.package_identification:_identify(src/perception/camera_detection) by extensions ['colcon_pkg']
[0.274s] Level 1:colcon.colcon_core.package_identification:_identify(src/perception/camera_detection) by extension 'colcon_pkg'
[0.274s] Level 1:colcon.colcon_core.package_identification:_identify(src/perception/camera_detection) by extensions ['colcon_meta']
[0.274s] Level 1:colcon.colcon_core.package_identification:_identify(src/perception/camera_detection) by extension 'colcon_meta'
[0.274s] Level 1:colcon.colcon_core.package_identification:_identify(src/perception/camera_detection) by extensions ['ros']
[0.274s] Level 1:colcon.colcon_core.package_identification:_identify(src/perception/camera_detection) by extension 'ros'
[0.274s] DEBUG:colcon.colcon_core.package_identification:Package 'src/perception/camera_detection' with type 'ros.ament_cmake' and name 'camera_detection'
[0.274s] Level 1:colcon.colcon_core.package_identification:_identify(src/perception/detection_fusion) by extensions ['ignore', 'ignore_ament_install']
[0.274s] Level 1:colcon.colcon_core.package_identification:_identify(src/perception/detection_fusion) by extension 'ignore'
[0.274s] Level 1:colcon.colcon_core.package_identification:_identify(src/perception/detection_fusion) by extension 'ignore_ament_install'
[0.275s] Level 1:colcon.colcon_core.package_identification:_identify(src/perception/detection_fusion) by extensions ['colcon_pkg']
[0.275s] Level 1:colcon.colcon_core.package_identification:_identify(src/perception/detection_fusion) by extension 'colcon_pkg'
[0.275s] Level 1:colcon.colcon_core.package_identification:_identify(src/perception/detection_fusion) by extensions ['colcon_meta']
[0.275s] Level 1:colcon.colcon_core.package_identification:_identify(src/perception/detection_fusion) by extension 'colcon_meta'
[0.275s] Level 1:colcon.colcon_core.package_identification:_identify(src/perception/detection_fusion) by extensions ['ros']
[0.275s] Level 1:colcon.colcon_core.package_identification:_identify(src/perception/detection_fusion) by extension 'ros'
[0.275s] DEBUG:colcon.colcon_core.package_identification:Package 'src/perception/detection_fusion' with type 'ros.ament_cmake' and name 'detection_fusion'
[0.275s] Level 1:colcon.colcon_core.package_identification:_identify(src/perception/lidar_detection) by extensions ['ignore', 'ignore_ament_install']
[0.275s] Level 1:colcon.colcon_core.package_identification:_identify(src/perception/lidar_detection) by extension 'ignore'
[0.275s] Level 1:colcon.colcon_core.package_identification:_identify(src/perception/lidar_detection) by extension 'ignore_ament_install'
[0.275s] Level 1:colcon.colcon_core.package_identification:_identify(src/perception/lidar_detection) by extensions ['colcon_pkg']
[0.275s] Level 1:colcon.colcon_core.package_identification:_identify(src/perception/lidar_detection) by extension 'colcon_pkg'
[0.275s] Level 1:colcon.colcon_core.package_identification:_identify(src/perception/lidar_detection) by extensions ['colcon_meta']
[0.275s] Level 1:colcon.colcon_core.package_identification:_identify(src/perception/lidar_detection) by extension 'colcon_meta'
[0.275s] Level 1:colcon.colcon_core.package_identification:_identify(src/perception/lidar_detection) by extensions ['ros']
[0.276s] Level 1:colcon.colcon_core.package_identification:_identify(src/perception/lidar_detection) by extension 'ros'
[0.276s] DEBUG:colcon.colcon_core.package_identification:Package 'src/perception/lidar_detection' with type 'ros.ament_cmake' and name 'lidar_detection'
[0.276s] Level 1:colcon.colcon_core.package_identification:_identify(src/planning) by extensions ['ignore', 'ignore_ament_install']
[0.276s] Level 1:colcon.colcon_core.package_identification:_identify(src/planning) by extension 'ignore'
[0.276s] Level 1:colcon.colcon_core.package_identification:_identify(src/planning) by extension 'ignore_ament_install'
[0.276s] Level 1:colcon.colcon_core.package_identification:_identify(src/planning) by extensions ['colcon_pkg']
[0.276s] Level 1:colcon.colcon_core.package_identification:_identify(src/planning) by extension 'colcon_pkg'
[0.276s] Level 1:colcon.colcon_core.package_identification:_identify(src/planning) by extensions ['colcon_meta']
[0.277s] Level 1:colcon.colcon_core.package_identification:_identify(src/planning) by extension 'colcon_meta'
[0.277s] Level 1:colcon.colcon_core.package_identification:_identify(src/planning) by extensions ['ros']
[0.277s] Level 1:colcon.colcon_core.package_identification:_identify(src/planning) by extension 'ros'
[0.277s] Level 1:colcon.colcon_core.package_identification:_identify(src/planning) by extensions ['cmake', 'python']
[0.277s] Level 1:colcon.colcon_core.package_identification:_identify(src/planning) by extension 'cmake'
[0.277s] Level 1:colcon.colcon_core.package_identification:_identify(src/planning) by extension 'python'
[0.277s] Level 1:colcon.colcon_core.package_identification:_identify(src/planning) by extensions ['python_setup_py']
[0.277s] Level 1:colcon.colcon_core.package_identification:_identify(src/planning) by extension 'python_setup_py'
[0.277s] Level 1:colcon.colcon_core.package_identification:_identify(src/planning/boundary_detector) by extensions ['ignore', 'ignore_ament_install']
[0.277s] Level 1:colcon.colcon_core.package_identification:_identify(src/planning/boundary_detector) by extension 'ignore'
[0.277s] Level 1:colcon.colcon_core.package_identification:_identify(src/planning/boundary_detector) by extension 'ignore_ament_install'
[0.277s] Level 1:colcon.colcon_core.package_identification:_identify(src/planning/boundary_detector) by extensions ['colcon_pkg']
[0.277s] Level 1:colcon.colcon_core.package_identification:_identify(src/planning/boundary_detector) by extension 'colcon_pkg'
[0.277s] Level 1:colcon.colcon_core.package_identification:_identify(src/planning/boundary_detector) by extensions ['colcon_meta']
[0.277s] Level 1:colcon.colcon_core.package_identification:_identify(src/planning/boundary_detector) by extension 'colcon_meta'
[0.277s] Level 1:colcon.colcon_core.package_identification:_identify(src/planning/boundary_detector) by extensions ['ros']
[0.277s] Level 1:colcon.colcon_core.package_identification:_identify(src/planning/boundary_detector) by extension 'ros'
[0.278s] DEBUG:colcon.colcon_core.package_identification:Package 'src/planning/boundary_detector' with type 'ros.ament_cmake' and name 'boundary_detector'
[0.278s] Level 1:colcon.colcon_core.package_identification:_identify(src/planning/path_generator) by extensions ['ignore', 'ignore_ament_install']
[0.278s] Level 1:colcon.colcon_core.package_identification:_identify(src/planning/path_generator) by extension 'ignore'
[0.278s] Level 1:colcon.colcon_core.package_identification:_identify(src/planning/path_generator) by extension 'ignore_ament_install'
[0.278s] Level 1:colcon.colcon_core.package_identification:_identify(src/planning/path_generator) by extensions ['colcon_pkg']
[0.278s] Level 1:colcon.colcon_core.package_identification:_identify(src/planning/path_generator) by extension 'colcon_pkg'
[0.278s] Level 1:colcon.colcon_core.package_identification:_identify(src/planning/path_generator) by extensions ['colcon_meta']
[0.278s] Level 1:colcon.colcon_core.package_identification:_identify(src/planning/path_generator) by extension 'colcon_meta'
[0.278s] Level 1:colcon.colcon_core.package_identification:_identify(src/planning/path_generator) by extensions ['ros']
[0.278s] Level 1:colcon.colcon_core.package_identification:_identify(src/planning/path_generator) by extension 'ros'
[0.279s] DEBUG:colcon.colcon_core.package_identification:Package 'src/planning/path_generator' with type 'ros.ament_cmake' and name 'path_generator'
[0.279s] Level 1:colcon.colcon_core.package_identification:_identify(src/system) by extensions ['ignore', 'ignore_ament_install']
[0.279s] Level 1:colcon.colcon_core.package_identification:_identify(src/system) by extension 'ignore'
[0.279s] Level 1:colcon.colcon_core.package_identification:_identify(src/system) by extension 'ignore_ament_install'
[0.279s] Level 1:colcon.colcon_core.package_identification:_identify(src/system) by extensions ['colcon_pkg']
[0.279s] Level 1:colcon.colcon_core.package_identification:_identify(src/system) by extension 'colcon_pkg'
[0.279s] Level 1:colcon.colcon_core.package_identification:_identify(src/system) by extensions ['colcon_meta']
[0.279s] Level 1:colcon.colcon_core.package_identification:_identify(src/system) by extension 'colcon_meta'
[0.279s] Level 1:colcon.colcon_core.package_identification:_identify(src/system) by extensions ['ros']
[0.279s] Level 1:colcon.colcon_core.package_identification:_identify(src/system) by extension 'ros'
[0.279s] Level 1:colcon.colcon_core.package_identification:_identify(src/system) by extensions ['cmake', 'python']
[0.279s] Level 1:colcon.colcon_core.package_identification:_identify(src/system) by extension 'cmake'
[0.279s] Level 1:colcon.colcon_core.package_identification:_identify(src/system) by extension 'python'
[0.279s] Level 1:colcon.colcon_core.package_identification:_identify(src/system) by extensions ['python_setup_py']
[0.279s] Level 1:colcon.colcon_core.package_identification:_identify(src/system) by extension 'python_setup_py'
[0.279s] Level 1:colcon.colcon_core.package_identification:_identify(src/system/mission_manager) by extensions ['ignore', 'ignore_ament_install']
[0.279s] Level 1:colcon.colcon_core.package_identification:_identify(src/system/mission_manager) by extension 'ignore'
[0.279s] Level 1:colcon.colcon_core.package_identification:_identify(src/system/mission_manager) by extension 'ignore_ament_install'
[0.279s] Level 1:colcon.colcon_core.package_identification:_identify(src/system/mission_manager) by extensions ['colcon_pkg']
[0.279s] Level 1:colcon.colcon_core.package_identification:_identify(src/system/mission_manager) by extension 'colcon_pkg'
[0.280s] Level 1:colcon.colcon_core.package_identification:_identify(src/system/mission_manager) by extensions ['colcon_meta']
[0.280s] Level 1:colcon.colcon_core.package_identification:_identify(src/system/mission_manager) by extension 'colcon_meta'
[0.280s] Level 1:colcon.colcon_core.package_identification:_identify(src/system/mission_manager) by extensions ['ros']
[0.280s] Level 1:colcon.colcon_core.package_identification:_identify(src/system/mission_manager) by extension 'ros'
[0.280s] DEBUG:colcon.colcon_core.package_identification:Package 'src/system/mission_manager' with type 'ros.ament_cmake' and name 'mission_manager'
[0.280s] Level 1:colcon.colcon_core.package_discovery:discover_packages(recursive) using defaults
[0.280s] Level 1:colcon.colcon_core.package_discovery:discover_packages(ignore) discover
[0.280s] Level 1:colcon.colcon_core.package_discovery:discover_packages(ignore) using defaults
[0.280s] Level 1:colcon.colcon_core.package_discovery:discover_packages(path) discover
[0.280s] Level 1:colcon.colcon_core.package_discovery:discover_packages(path) using defaults
[0.307s] Level 1:colcon.colcon_core.package_discovery:discover_packages(prefix_path) check parameters
[0.307s] Level 1:colcon.colcon_core.package_discovery:discover_packages(prefix_path) discover
[0.309s] DEBUG:colcon.colcon_installed_package_information.package_discovery:Found 286 installed packages in /opt/ros/humble
[0.310s] Level 1:colcon.colcon_core.package_discovery:discover_packages(prefix_path) using defaults
[0.342s] Level 5:colcon.colcon_core.verb:set package 'autoware_msgs' build argument 'cmake_args' from command line to 'None'
[0.342s] Level 5:colcon.colcon_core.verb:set package 'autoware_msgs' build argument 'cmake_target' from command line to 'None'
[0.342s] Level 5:colcon.colcon_core.verb:set package 'autoware_msgs' build argument 'cmake_target_skip_unavailable' from command line to 'False'
[0.342s] Level 5:colcon.colcon_core.verb:set package 'autoware_msgs' build argument 'cmake_clean_cache' from command line to 'False'
[0.342s] Level 5:colcon.colcon_core.verb:set package 'autoware_msgs' build argument 'cmake_clean_first' from command line to 'False'
[0.342s] Level 5:colcon.colcon_core.verb:set package 'autoware_msgs' build argument 'cmake_force_configure' from command line to 'False'
[0.342s] Level 5:colcon.colcon_core.verb:set package 'autoware_msgs' build argument 'ament_cmake_args' from command line to 'None'
[0.342s] Level 5:colcon.colcon_core.verb:set package 'autoware_msgs' build argument 'catkin_cmake_args' from command line to 'None'
[0.342s] Level 5:colcon.colcon_core.verb:set package 'autoware_msgs' build argument 'catkin_skip_building_tests' from command line to 'False'
[0.342s] DEBUG:colcon.colcon_core.verb:Building package 'autoware_msgs' with the following arguments: {'ament_cmake_args': None, 'build_base': '/home/wuta/WUTA/WUTA-FSD/ros2_ws/build/autoware_msgs', 'catkin_cmake_args': None, 'catkin_skip_building_tests': False, 'cmake_args': None, 'cmake_clean_cache': False, 'cmake_clean_first': False, 'cmake_force_configure': False, 'cmake_target': None, 'cmake_target_skip_unavailable': False, 'install_base': '/home/wuta/WUTA/WUTA-FSD/ros2_ws/install/autoware_msgs', 'merge_install': False, 'path': '/home/wuta/WUTA/WUTA-FSD/ros2_ws/src/common/autoware_msgs', 'symlink_install': True, 'test_result_base': None}
[0.342s] Level 5:colcon.colcon_core.verb:set package 'kiss_icp' build argument 'cmake_args' from command line to 'None'
[0.342s] Level 5:colcon.colcon_core.verb:set package 'kiss_icp' build argument 'cmake_target' from command line to 'None'
[0.342s] Level 5:colcon.colcon_core.verb:set package 'kiss_icp' build argument 'cmake_target_skip_unavailable' from command line to 'False'
[0.342s] Level 5:colcon.colcon_core.verb:set package 'kiss_icp' build argument 'cmake_clean_cache' from command line to 'False'
[0.343s] Level 5:colcon.colcon_core.verb:set package 'kiss_icp' build argument 'cmake_clean_first' from command line to 'False'
[0.343s] Level 5:colcon.colcon_core.verb:set package 'kiss_icp' build argument 'cmake_force_configure' from command line to 'False'
[0.343s] Level 5:colcon.colcon_core.verb:set package 'kiss_icp' build argument 'ament_cmake_args' from command line to 'None'
[0.343s] Level 5:colcon.colcon_core.verb:set package 'kiss_icp' build argument 'catkin_cmake_args' from command line to 'None'
[0.343s] Level 5:colcon.colcon_core.verb:set package 'kiss_icp' build argument 'catkin_skip_building_tests' from command line to 'False'
[0.343s] DEBUG:colcon.colcon_core.verb:Building package 'kiss_icp' with the following arguments: {'ament_cmake_args': None, 'build_base': '/home/wuta/WUTA/WUTA-FSD/ros2_ws/build/kiss_icp', 'catkin_cmake_args': None, 'catkin_skip_building_tests': False, 'cmake_args': None, 'cmake_clean_cache': False, 'cmake_clean_first': False, 'cmake_force_configure': False, 'cmake_target': None, 'cmake_target_skip_unavailable': False, 'install_base': '/home/wuta/WUTA/WUTA-FSD/ros2_ws/install/kiss_icp', 'merge_install': False, 'path': '/home/wuta/WUTA/WUTA-FSD/ros2_ws/src/localization/kiss-icp/ros', 'symlink_install': True, 'test_result_base': None}
[0.343s] Level 5:colcon.colcon_core.verb:set package 'robot_localization' build argument 'cmake_args' from command line to 'None'
[0.343s] Level 5:colcon.colcon_core.verb:set package 'robot_localization' build argument 'cmake_target' from command line to 'None'
[0.343s] Level 5:colcon.colcon_core.verb:set package 'robot_localization' build argument 'cmake_target_skip_unavailable' from command line to 'False'
[0.343s] Level 5:colcon.colcon_core.verb:set package 'robot_localization' build argument 'cmake_clean_cache' from command line to 'False'
[0.343s] Level 5:colcon.colcon_core.verb:set package 'robot_localization' build argument 'cmake_clean_first' from command line to 'False'
[0.343s] Level 5:colcon.colcon_core.verb:set package 'robot_localization' build argument 'cmake_force_configure' from command line to 'False'
[0.343s] Level 5:colcon.colcon_core.verb:set package 'robot_localization' build argument 'ament_cmake_args' from command line to 'None'
[0.343s] Level 5:colcon.colcon_core.verb:set package 'robot_localization' build argument 'catkin_cmake_args' from command line to 'None'
[0.343s] Level 5:colcon.colcon_core.verb:set package 'robot_localization' build argument 'catkin_skip_building_tests' from command line to 'False'
[0.343s] DEBUG:colcon.colcon_core.verb:Building package 'robot_localization' with the following arguments: {'ament_cmake_args': None, 'build_base': '/home/wuta/WUTA/WUTA-FSD/ros2_ws/build/robot_localization', 'catkin_cmake_args': None, 'catkin_skip_building_tests': False, 'cmake_args': None, 'cmake_clean_cache': False, 'cmake_clean_first': False, 'cmake_force_configure': False, 'cmake_target': None, 'cmake_target_skip_unavailable': False, 'install_base': '/home/wuta/WUTA/WUTA-FSD/ros2_ws/install/robot_localization', 'merge_install': False, 'path': '/home/wuta/WUTA/WUTA-FSD/ros2_ws/src/localization/robot_localization', 'symlink_install': True, 'test_result_base': None}
[0.343s] Level 5:colcon.colcon_core.verb:set package 'wuta_msgs' build argument 'cmake_args' from command line to 'None'
[0.343s] Level 5:colcon.colcon_core.verb:set package 'wuta_msgs' build argument 'cmake_target' from command line to 'None'
[0.343s] Level 5:colcon.colcon_core.verb:set package 'wuta_msgs' build argument 'cmake_target_skip_unavailable' from command line to 'False'
[0.343s] Level 5:colcon.colcon_core.verb:set package 'wuta_msgs' build argument 'cmake_clean_cache' from command line to 'False'
[0.343s] Level 5:colcon.colcon_core.verb:set package 'wuta_msgs' build argument 'cmake_clean_first' from command line to 'False'
[0.343s] Level 5:colcon.colcon_core.verb:set package 'wuta_msgs' build argument 'cmake_force_configure' from command line to 'False'
[0.343s] Level 5:colcon.colcon_core.verb:set package 'wuta_msgs' build argument 'ament_cmake_args' from command line to 'None'
[0.343s] Level 5:colcon.colcon_core.verb:set package 'wuta_msgs' build argument 'catkin_cmake_args' from command line to 'None'
[0.344s] Level 5:colcon.colcon_core.verb:set package 'wuta_msgs' build argument 'catkin_skip_building_tests' from command line to 'False'
[0.344s] DEBUG:colcon.colcon_core.verb:Building package 'wuta_msgs' with the following arguments: {'ament_cmake_args': None, 'build_base': '/home/wuta/WUTA/WUTA-FSD/ros2_ws/build/wuta_msgs', 'catkin_cmake_args': None, 'catkin_skip_building_tests': False, 'cmake_args': None, 'cmake_clean_cache': False, 'cmake_clean_first': False, 'cmake_force_configure': False, 'cmake_target': None, 'cmake_target_skip_unavailable': False, 'install_base': '/home/wuta/WUTA/WUTA-FSD/ros2_ws/install/wuta_msgs', 'merge_install': False, 'path': '/home/wuta/WUTA/WUTA-FSD/ros2_ws/src/common/wuta_msgs', 'symlink_install': True, 'test_result_base': None}
[0.344s] Level 5:colcon.colcon_core.verb:set package 'boundary_detector' build argument 'cmake_args' from command line to 'None'
[0.344s] Level 5:colcon.colcon_core.verb:set package 'boundary_detector' build argument 'cmake_target' from command line to 'None'
[0.344s] Level 5:colcon.colcon_core.verb:set package 'boundary_detector' build argument 'cmake_target_skip_unavailable' from command line to 'False'
[0.344s] Level 5:colcon.colcon_core.verb:set package 'boundary_detector' build argument 'cmake_clean_cache' from command line to 'False'
[0.344s] Level 5:colcon.colcon_core.verb:set package 'boundary_detector' build argument 'cmake_clean_first' from command line to 'False'
[0.344s] Level 5:colcon.colcon_core.verb:set package 'boundary_detector' build argument 'cmake_force_configure' from command line to 'False'
[0.344s] Level 5:colcon.colcon_core.verb:set package 'boundary_detector' build argument 'ament_cmake_args' from command line to 'None'
[0.344s] Level 5:colcon.colcon_core.verb:set package 'boundary_detector' build argument 'catkin_cmake_args' from command line to 'None'
[0.344s] Level 5:colcon.colcon_core.verb:set package 'boundary_detector' build argument 'catkin_skip_building_tests' from command line to 'False'
[0.344s] DEBUG:colcon.colcon_core.verb:Building package 'boundary_detector' with the following arguments: {'ament_cmake_args': None, 'build_base': '/home/wuta/WUTA/WUTA-FSD/ros2_ws/build/boundary_detector', 'catkin_cmake_args': None, 'catkin_skip_building_tests': False, 'cmake_args': None, 'cmake_clean_cache': False, 'cmake_clean_first': False, 'cmake_force_configure': False, 'cmake_target': None, 'cmake_target_skip_unavailable': False, 'install_base': '/home/wuta/WUTA/WUTA-FSD/ros2_ws/install/boundary_detector', 'merge_install': False, 'path': '/home/wuta/WUTA/WUTA-FSD/ros2_ws/src/planning/boundary_detector', 'symlink_install': True, 'test_result_base': None}
[0.344s] Level 5:colcon.colcon_core.verb:set package 'camera_detection' build argument 'cmake_args' from command line to 'None'
[0.344s] Level 5:colcon.colcon_core.verb:set package 'camera_detection' build argument 'cmake_target' from command line to 'None'
[0.344s] Level 5:colcon.colcon_core.verb:set package 'camera_detection' build argument 'cmake_target_skip_unavailable' from command line to 'False'
[0.344s] Level 5:colcon.colcon_core.verb:set package 'camera_detection' build argument 'cmake_clean_cache' from command line to 'False'
[0.344s] Level 5:colcon.colcon_core.verb:set package 'camera_detection' build argument 'cmake_clean_first' from command line to 'False'
[0.344s] Level 5:colcon.colcon_core.verb:set package 'camera_detection' build argument 'cmake_force_configure' from command line to 'False'
[0.344s] Level 5:colcon.colcon_core.verb:set package 'camera_detection' build argument 'ament_cmake_args' from command line to 'None'
[0.344s] Level 5:colcon.colcon_core.verb:set package 'camera_detection' build argument 'catkin_cmake_args' from command line to 'None'
[0.344s] Level 5:colcon.colcon_core.verb:set package 'camera_detection' build argument 'catkin_skip_building_tests' from command line to 'False'
[0.344s] DEBUG:colcon.colcon_core.verb:Building package 'camera_detection' with the following arguments: {'ament_cmake_args': None, 'build_base': '/home/wuta/WUTA/WUTA-FSD/ros2_ws/build/camera_detection', 'catkin_cmake_args': None, 'catkin_skip_building_tests': False, 'cmake_args': None, 'cmake_clean_cache': False, 'cmake_clean_first': False, 'cmake_force_configure': False, 'cmake_target': None, 'cmake_target_skip_unavailable': False, 'install_base': '/home/wuta/WUTA/WUTA-FSD/ros2_ws/install/camera_detection', 'merge_install': False, 'path': '/home/wuta/WUTA/WUTA-FSD/ros2_ws/src/perception/camera_detection', 'symlink_install': True, 'test_result_base': None}
[0.345s] Level 5:colcon.colcon_core.verb:set package 'cone_map_builder' build argument 'cmake_args' from command line to 'None'
[0.345s] Level 5:colcon.colcon_core.verb:set package 'cone_map_builder' build argument 'cmake_target' from command line to 'None'
[0.345s] Level 5:colcon.colcon_core.verb:set package 'cone_map_builder' build argument 'cmake_target_skip_unavailable' from command line to 'False'
[0.345s] Level 5:colcon.colcon_core.verb:set package 'cone_map_builder' build argument 'cmake_clean_cache' from command line to 'False'
[0.345s] Level 5:colcon.colcon_core.verb:set package 'cone_map_builder' build argument 'cmake_clean_first' from command line to 'False'
[0.345s] Level 5:colcon.colcon_core.verb:set package 'cone_map_builder' build argument 'cmake_force_configure' from command line to 'False'
[0.345s] Level 5:colcon.colcon_core.verb:set package 'cone_map_builder' build argument 'ament_cmake_args' from command line to 'None'
[0.345s] Level 5:colcon.colcon_core.verb:set package 'cone_map_builder' build argument 'catkin_cmake_args' from command line to 'None'
[0.345s] Level 5:colcon.colcon_core.verb:set package 'cone_map_builder' build argument 'catkin_skip_building_tests' from command line to 'False'
[0.345s] DEBUG:colcon.colcon_core.verb:Building package 'cone_map_builder' with the following arguments: {'ament_cmake_args': None, 'build_base': '/home/wuta/WUTA/WUTA-FSD/ros2_ws/build/cone_map_builder', 'catkin_cmake_args': None, 'catkin_skip_building_tests': False, 'cmake_args': None, 'cmake_clean_cache': False, 'cmake_clean_first': False, 'cmake_force_configure': False, 'cmake_target': None, 'cmake_target_skip_unavailable': False, 'install_base': '/home/wuta/WUTA/WUTA-FSD/ros2_ws/install/cone_map_builder', 'merge_install': False, 'path': '/home/wuta/WUTA/WUTA-FSD/ros2_ws/src/mapping/cone_map_builder', 'symlink_install': True, 'test_result_base': None}
[0.345s] Level 5:colcon.colcon_core.verb:set package 'controller' build argument 'cmake_args' from command line to 'None'
[0.345s] Level 5:colcon.colcon_core.verb:set package 'controller' build argument 'cmake_target' from command line to 'None'
[0.345s] Level 5:colcon.colcon_core.verb:set package 'controller' build argument 'cmake_target_skip_unavailable' from command line to 'False'
[0.345s] Level 5:colcon.colcon_core.verb:set package 'controller' build argument 'cmake_clean_cache' from command line to 'False'
[0.345s] Level 5:colcon.colcon_core.verb:set package 'controller' build argument 'cmake_clean_first' from command line to 'False'
[0.345s] Level 5:colcon.colcon_core.verb:set package 'controller' build argument 'cmake_force_configure' from command line to 'False'
[0.345s] Level 5:colcon.colcon_core.verb:set package 'controller' build argument 'ament_cmake_args' from command line to 'None'
[0.345s] Level 5:colcon.colcon_core.verb:set package 'controller' build argument 'catkin_cmake_args' from command line to 'None'
[0.345s] Level 5:colcon.colcon_core.verb:set package 'controller' build argument 'catkin_skip_building_tests' from command line to 'False'
[0.345s] DEBUG:colcon.colcon_core.verb:Building package 'controller' with the following arguments: {'ament_cmake_args': None, 'build_base': '/home/wuta/WUTA/WUTA-FSD/ros2_ws/build/controller', 'catkin_cmake_args': None, 'catkin_skip_building_tests': False, 'cmake_args': None, 'cmake_clean_cache': False, 'cmake_clean_first': False, 'cmake_force_configure': False, 'cmake_target': None, 'cmake_target_skip_unavailable': False, 'install_base': '/home/wuta/WUTA/WUTA-FSD/ros2_ws/install/controller', 'merge_install': False, 'path': '/home/wuta/WUTA/WUTA-FSD/ros2_ws/src/control/controller', 'symlink_install': True, 'test_result_base': None}
[0.346s] Level 5:colcon.colcon_core.verb:set package 'detection_fusion' build argument 'cmake_args' from command line to 'None'
[0.346s] Level 5:colcon.colcon_core.verb:set package 'detection_fusion' build argument 'cmake_target' from command line to 'None'
[0.346s] Level 5:colcon.colcon_core.verb:set package 'detection_fusion' build argument 'cmake_target_skip_unavailable' from command line to 'False'
[0.346s] Level 5:colcon.colcon_core.verb:set package 'detection_fusion' build argument 'cmake_clean_cache' from command line to 'False'
[0.346s] Level 5:colcon.colcon_core.verb:set package 'detection_fusion' build argument 'cmake_clean_first' from command line to 'False'
[0.346s] Level 5:colcon.colcon_core.verb:set package 'detection_fusion' build argument 'cmake_force_configure' from command line to 'False'
[0.346s] Level 5:colcon.colcon_core.verb:set package 'detection_fusion' build argument 'ament_cmake_args' from command line to 'None'
[0.346s] Level 5:colcon.colcon_core.verb:set package 'detection_fusion' build argument 'catkin_cmake_args' from command line to 'None'
[0.346s] Level 5:colcon.colcon_core.verb:set package 'detection_fusion' build argument 'catkin_skip_building_tests' from command line to 'False'
[0.346s] DEBUG:colcon.colcon_core.verb:Building package 'detection_fusion' with the following arguments: {'ament_cmake_args': None, 'build_base': '/home/wuta/WUTA/WUTA-FSD/ros2_ws/build/detection_fusion', 'catkin_cmake_args': None, 'catkin_skip_building_tests': False, 'cmake_args': None, 'cmake_clean_cache': False, 'cmake_clean_first': False, 'cmake_force_configure': False, 'cmake_target': None, 'cmake_target_skip_unavailable': False, 'install_base': '/home/wuta/WUTA/WUTA-FSD/ros2_ws/install/detection_fusion', 'merge_install': False, 'path': '/home/wuta/WUTA/WUTA-FSD/ros2_ws/src/perception/detection_fusion', 'symlink_install': True, 'test_result_base': None}
[0.346s] Level 5:colcon.colcon_core.verb:set package 'kiss_icp_wrapper' build argument 'cmake_args' from command line to 'None'
[0.346s] Level 5:colcon.colcon_core.verb:set package 'kiss_icp_wrapper' build argument 'cmake_target' from command line to 'None'
[0.346s] Level 5:colcon.colcon_core.verb:set package 'kiss_icp_wrapper' build argument 'cmake_target_skip_unavailable' from command line to 'False'
[0.346s] Level 5:colcon.colcon_core.verb:set package 'kiss_icp_wrapper' build argument 'cmake_clean_cache' from command line to 'False'
[0.346s] Level 5:colcon.colcon_core.verb:set package 'kiss_icp_wrapper' build argument 'cmake_clean_first' from command line to 'False'
[0.346s] Level 5:colcon.colcon_core.verb:set package 'kiss_icp_wrapper' build argument 'cmake_force_configure' from command line to 'False'
[0.346s] Level 5:colcon.colcon_core.verb:set package 'kiss_icp_wrapper' build argument 'ament_cmake_args' from command line to 'None'
[0.346s] Level 5:colcon.colcon_core.verb:set package 'kiss_icp_wrapper' build argument 'catkin_cmake_args' from command line to 'None'
[0.346s] Level 5:colcon.colcon_core.verb:set package 'kiss_icp_wrapper' build argument 'catkin_skip_building_tests' from command line to 'False'
[0.346s] DEBUG:colcon.colcon_core.verb:Building package 'kiss_icp_wrapper' with the following arguments: {'ament_cmake_args': None, 'build_base': '/home/wuta/WUTA/WUTA-FSD/ros2_ws/build/kiss_icp_wrapper', 'catkin_cmake_args': None, 'catkin_skip_building_tests': False, 'cmake_args': None, 'cmake_clean_cache': False, 'cmake_clean_first': False, 'cmake_force_configure': False, 'cmake_target': None, 'cmake_target_skip_unavailable': False, 'install_base': '/home/wuta/WUTA/WUTA-FSD/ros2_ws/install/kiss_icp_wrapper', 'merge_install': False, 'path': '/home/wuta/WUTA/WUTA-FSD/ros2_ws/src/localization/kiss_icp_wrapper', 'symlink_install': True, 'test_result_base': None}
[0.347s] Level 5:colcon.colcon_core.verb:set package 'lidar_detection' build argument 'cmake_args' from command line to 'None'
[0.347s] Level 5:colcon.colcon_core.verb:set package 'lidar_detection' build argument 'cmake_target' from command line to 'None'
[0.347s] Level 5:colcon.colcon_core.verb:set package 'lidar_detection' build argument 'cmake_target_skip_unavailable' from command line to 'False'
[0.347s] Level 5:colcon.colcon_core.verb:set package 'lidar_detection' build argument 'cmake_clean_cache' from command line to 'False'
[0.347s] Level 5:colcon.colcon_core.verb:set package 'lidar_detection' build argument 'cmake_clean_first' from command line to 'False'
[0.347s] Level 5:colcon.colcon_core.verb:set package 'lidar_detection' build argument 'cmake_force_configure' from command line to 'False'
[0.347s] Level 5:colcon.colcon_core.verb:set package 'lidar_detection' build argument 'ament_cmake_args' from command line to 'None'
[0.347s] Level 5:colcon.colcon_core.verb:set package 'lidar_detection' build argument 'catkin_cmake_args' from command line to 'None'
[0.347s] Level 5:colcon.colcon_core.verb:set package 'lidar_detection' build argument 'catkin_skip_building_tests' from command line to 'False'
[0.347s] DEBUG:colcon.colcon_core.verb:Building package 'lidar_detection' with the following arguments: {'ament_cmake_args': None, 'build_base': '/home/wuta/WUTA/WUTA-FSD/ros2_ws/build/lidar_detection', 'catkin_cmake_args': None, 'catkin_skip_building_tests': False, 'cmake_args': None, 'cmake_clean_cache': False, 'cmake_clean_first': False, 'cmake_force_configure': False, 'cmake_target': None, 'cmake_target_skip_unavailable': False, 'install_base': '/home/wuta/WUTA/WUTA-FSD/ros2_ws/install/lidar_detection', 'merge_install': False, 'path': '/home/wuta/WUTA/WUTA-FSD/ros2_ws/src/perception/lidar_detection', 'symlink_install': True, 'test_result_base': None}
[0.347s] Level 5:colcon.colcon_core.verb:set package 'localization_manager' build argument 'cmake_args' from command line to 'None'
[0.347s] Level 5:colcon.colcon_core.verb:set package 'localization_manager' build argument 'cmake_target' from command line to 'None'
[0.347s] Level 5:colcon.colcon_core.verb:set package 'localization_manager' build argument 'cmake_target_skip_unavailable' from command line to 'False'
[0.347s] Level 5:colcon.colcon_core.verb:set package 'localization_manager' build argument 'cmake_clean_cache' from command line to 'False'
[0.347s] Level 5:colcon.colcon_core.verb:set package 'localization_manager' build argument 'cmake_clean_first' from command line to 'False'
[0.347s] Level 5:colcon.colcon_core.verb:set package 'localization_manager' build argument 'cmake_force_configure' from command line to 'False'
[0.347s] Level 5:colcon.colcon_core.verb:set package 'localization_manager' build argument 'ament_cmake_args' from command line to 'None'
[0.347s] Level 5:colcon.colcon_core.verb:set package 'localization_manager' build argument 'catkin_cmake_args' from command line to 'None'
[0.347s] Level 5:colcon.colcon_core.verb:set package 'localization_manager' build argument 'catkin_skip_building_tests' from command line to 'False'
[0.347s] DEBUG:colcon.colcon_core.verb:Building package 'localization_manager' with the following arguments: {'ament_cmake_args': None, 'build_base': '/home/wuta/WUTA/WUTA-FSD/ros2_ws/build/localization_manager', 'catkin_cmake_args': None, 'catkin_skip_building_tests': False, 'cmake_args': None, 'cmake_clean_cache': False, 'cmake_clean_first': False, 'cmake_force_configure': False, 'cmake_target': None, 'cmake_target_skip_unavailable': False, 'install_base': '/home/wuta/WUTA/WUTA-FSD/ros2_ws/install/localization_manager', 'merge_install': False, 'path': '/home/wuta/WUTA/WUTA-FSD/ros2_ws/src/localization/localization_manager', 'symlink_install': True, 'test_result_base': None}
[0.348s] Level 5:colcon.colcon_core.verb:set package 'mission_manager' build argument 'cmake_args' from command line to 'None'
[0.348s] Level 5:colcon.colcon_core.verb:set package 'mission_manager' build argument 'cmake_target' from command line to 'None'
[0.348s] Level 5:colcon.colcon_core.verb:set package 'mission_manager' build argument 'cmake_target_skip_unavailable' from command line to 'False'
[0.348s] Level 5:colcon.colcon_core.verb:set package 'mission_manager' build argument 'cmake_clean_cache' from command line to 'False'
[0.348s] Level 5:colcon.colcon_core.verb:set package 'mission_manager' build argument 'cmake_clean_first' from command line to 'False'
[0.348s] Level 5:colcon.colcon_core.verb:set package 'mission_manager' build argument 'cmake_force_configure' from command line to 'False'
[0.348s] Level 5:colcon.colcon_core.verb:set package 'mission_manager' build argument 'ament_cmake_args' from command line to 'None'
[0.348s] Level 5:colcon.colcon_core.verb:set package 'mission_manager' build argument 'catkin_cmake_args' from command line to 'None'
[0.348s] Level 5:colcon.colcon_core.verb:set package 'mission_manager' build argument 'catkin_skip_building_tests' from command line to 'False'
[0.348s] DEBUG:colcon.colcon_core.verb:Building package 'mission_manager' with the following arguments: {'ament_cmake_args': None, 'build_base': '/home/wuta/WUTA/WUTA-FSD/ros2_ws/build/mission_manager', 'catkin_cmake_args': None, 'catkin_skip_building_tests': False, 'cmake_args': None, 'cmake_clean_cache': False, 'cmake_clean_first': False, 'cmake_force_configure': False, 'cmake_target': None, 'cmake_target_skip_unavailable': False, 'install_base': '/home/wuta/WUTA/WUTA-FSD/ros2_ws/install/mission_manager', 'merge_install': False, 'path': '/home/wuta/WUTA/WUTA-FSD/ros2_ws/src/system/mission_manager', 'symlink_install': True, 'test_result_base': None}
[0.348s] Level 5:colcon.colcon_core.verb:set package 'ndt_localization' build argument 'cmake_args' from command line to 'None'
[0.348s] Level 5:colcon.colcon_core.verb:set package 'ndt_localization' build argument 'cmake_target' from command line to 'None'
[0.348s] Level 5:colcon.colcon_core.verb:set package 'ndt_localization' build argument 'cmake_target_skip_unavailable' from command line to 'False'
[0.348s] Level 5:colcon.colcon_core.verb:set package 'ndt_localization' build argument 'cmake_clean_cache' from command line to 'False'
[0.348s] Level 5:colcon.colcon_core.verb:set package 'ndt_localization' build argument 'cmake_clean_first' from command line to 'False'
[0.348s] Level 5:colcon.colcon_core.verb:set package 'ndt_localization' build argument 'cmake_force_configure' from command line to 'False'
[0.348s] Level 5:colcon.colcon_core.verb:set package 'ndt_localization' build argument 'ament_cmake_args' from command line to 'None'
[0.348s] Level 5:colcon.colcon_core.verb:set package 'ndt_localization' build argument 'catkin_cmake_args' from command line to 'None'
[0.348s] Level 5:colcon.colcon_core.verb:set package 'ndt_localization' build argument 'catkin_skip_building_tests' from command line to 'False'
[0.348s] DEBUG:colcon.colcon_core.verb:Building package 'ndt_localization' with the following arguments: {'ament_cmake_args': None, 'build_base': '/home/wuta/WUTA/WUTA-FSD/ros2_ws/build/ndt_localization', 'catkin_cmake_args': None, 'catkin_skip_building_tests': False, 'cmake_args': None, 'cmake_clean_cache': False, 'cmake_clean_first': False, 'cmake_force_configure': False, 'cmake_target': None, 'cmake_target_skip_unavailable': False, 'install_base': '/home/wuta/WUTA/WUTA-FSD/ros2_ws/install/ndt_localization', 'merge_install': False, 'path': '/home/wuta/WUTA/WUTA-FSD/ros2_ws/src/localization/ndt_localization', 'symlink_install': True, 'test_result_base': None}
[0.348s] Level 5:colcon.colcon_core.verb:set package 'path_generator' build argument 'cmake_args' from command line to 'None'
[0.348s] Level 5:colcon.colcon_core.verb:set package 'path_generator' build argument 'cmake_target' from command line to 'None'
[0.349s] Level 5:colcon.colcon_core.verb:set package 'path_generator' build argument 'cmake_target_skip_unavailable' from command line to 'False'
[0.349s] Level 5:colcon.colcon_core.verb:set package 'path_generator' build argument 'cmake_clean_cache' from command line to 'False'
[0.349s] Level 5:colcon.colcon_core.verb:set package 'path_generator' build argument 'cmake_clean_first' from command line to 'False'
[0.349s] Level 5:colcon.colcon_core.verb:set package 'path_generator' build argument 'cmake_force_configure' from command line to 'False'
[0.349s] Level 5:colcon.colcon_core.verb:set package 'path_generator' build argument 'ament_cmake_args' from command line to 'None'
[0.349s] Level 5:colcon.colcon_core.verb:set package 'path_generator' build argument 'catkin_cmake_args' from command line to 'None'
[0.349s] Level 5:colcon.colcon_core.verb:set package 'path_generator' build argument 'catkin_skip_building_tests' from command line to 'False'
[0.349s] DEBUG:colcon.colcon_core.verb:Building package 'path_generator' with the following arguments: {'ament_cmake_args': None, 'build_base': '/home/wuta/WUTA/WUTA-FSD/ros2_ws/build/path_generator', 'catkin_cmake_args': None, 'catkin_skip_building_tests': False, 'cmake_args': None, 'cmake_clean_cache': False, 'cmake_clean_first': False, 'cmake_force_configure': False, 'cmake_target': None, 'cmake_target_skip_unavailable': False, 'install_base': '/home/wuta/WUTA/WUTA-FSD/ros2_ws/install/path_generator', 'merge_install': False, 'path': '/home/wuta/WUTA/WUTA-FSD/ros2_ws/src/planning/path_generator', 'symlink_install': True, 'test_result_base': None}
[0.349s] Level 5:colcon.colcon_core.verb:set package 'wuta_tools' build argument 'cmake_args' from command line to 'None'
[0.349s] Level 5:colcon.colcon_core.verb:set package 'wuta_tools' build argument 'cmake_target' from command line to 'None'
[0.349s] Level 5:colcon.colcon_core.verb:set package 'wuta_tools' build argument 'cmake_target_skip_unavailable' from command line to 'False'
[0.349s] Level 5:colcon.colcon_core.verb:set package 'wuta_tools' build argument 'cmake_clean_cache' from command line to 'False'
[0.349s] Level 5:colcon.colcon_core.verb:set package 'wuta_tools' build argument 'cmake_clean_first' from command line to 'False'
[0.349s] Level 5:colcon.colcon_core.verb:set package 'wuta_tools' build argument 'cmake_force_configure' from command line to 'False'
[0.349s] Level 5:colcon.colcon_core.verb:set package 'wuta_tools' build argument 'ament_cmake_args' from command line to 'None'
[0.349s] Level 5:colcon.colcon_core.verb:set package 'wuta_tools' build argument 'catkin_cmake_args' from command line to 'None'
[0.349s] Level 5:colcon.colcon_core.verb:set package 'wuta_tools' build argument 'catkin_skip_building_tests' from command line to 'False'
[0.349s] DEBUG:colcon.colcon_core.verb:Building package 'wuta_tools' with the following arguments: {'ament_cmake_args': None, 'build_base': '/home/wuta/WUTA/WUTA-FSD/ros2_ws/build/wuta_tools', 'catkin_cmake_args': None, 'catkin_skip_building_tests': False, 'cmake_args': None, 'cmake_clean_cache': False, 'cmake_clean_first': False, 'cmake_force_configure': False, 'cmake_target': None, 'cmake_target_skip_unavailable': False, 'install_base': '/home/wuta/WUTA/WUTA-FSD/ros2_ws/install/wuta_tools', 'merge_install': False, 'path': '/home/wuta/WUTA/WUTA-FSD/ros2_ws/src/common/wuta_tools', 'symlink_install': True, 'test_result_base': None}
[0.349s] INFO:colcon.colcon_core.executor:Executing jobs using 'parallel' executor
[0.350s] DEBUG:colcon.colcon_parallel_executor.executor.parallel:run_until_complete
[0.350s] INFO:colcon.colcon_ros.task.ament_cmake.build:Building ROS package in '/home/wuta/WUTA/WUTA-FSD/ros2_ws/src/common/wuta_msgs' with build type 'ament_cmake'
[0.350s] INFO:colcon.colcon_cmake.task.cmake.build:Building CMake package in '/home/wuta/WUTA/WUTA-FSD/ros2_ws/src/common/wuta_msgs'
[0.352s] INFO:colcon.colcon_core.plugin_system:Skipping extension 'colcon_core.shell.bat': Not used on non-Windows systems
[0.352s] INFO:colcon.colcon_core.shell:Skip shell extension 'powershell' for command environment: Not usable outside of PowerShell
[0.352s] DEBUG:colcon.colcon_core.shell:Skip shell extension 'dsv' for command environment
[0.354s] INFO:colcon.colcon_ros.task.ament_cmake.build:Building ROS package in '/home/wuta/WUTA/WUTA-FSD/ros2_ws/src/common/autoware_msgs' with build type 'ament_cmake'
[0.355s] INFO:colcon.colcon_cmake.task.cmake.build:Building CMake package in '/home/wuta/WUTA/WUTA-FSD/ros2_ws/src/common/autoware_msgs'
[0.355s] INFO:colcon.colcon_core.shell:Skip shell extension 'powershell' for command environment: Not usable outside of PowerShell
[0.355s] DEBUG:colcon.colcon_core.shell:Skip shell extension 'dsv' for command environment
[0.357s] INFO:colcon.colcon_ros.task.ament_cmake.build:Building ROS package in '/home/wuta/WUTA/WUTA-FSD/ros2_ws/src/localization/kiss-icp/ros' with build type 'ament_cmake'
[0.357s] INFO:colcon.colcon_cmake.task.cmake.build:Building CMake package in '/home/wuta/WUTA/WUTA-FSD/ros2_ws/src/localization/kiss-icp/ros'
[0.357s] INFO:colcon.colcon_core.shell:Skip shell extension 'powershell' for command environment: Not usable outside of PowerShell
[0.357s] DEBUG:colcon.colcon_core.shell:Skip shell extension 'dsv' for command environment
[0.359s] INFO:colcon.colcon_ros.task.ament_cmake.build:Building ROS package in '/home/wuta/WUTA/WUTA-FSD/ros2_ws/src/localization/robot_localization' with build type 'ament_cmake'
[0.359s] INFO:colcon.colcon_cmake.task.cmake.build:Building CMake package in '/home/wuta/WUTA/WUTA-FSD/ros2_ws/src/localization/robot_localization'
[0.359s] INFO:colcon.colcon_core.shell:Skip shell extension 'powershell' for command environment: Not usable outside of PowerShell
[0.359s] DEBUG:colcon.colcon_core.shell:Skip shell extension 'dsv' for command environment
[0.364s] DEBUG:colcon.colcon_core.event_handler.log_command:Invoking command in '/home/wuta/WUTA/WUTA-FSD/ros2_ws/build/wuta_msgs': CMAKE_PREFIX_PATH=/opt/ros/humble /home/wuta/.local/bin/cmake --build /home/wuta/WUTA/WUTA-FSD/ros2_ws/build/wuta_msgs -- -j12 -l12
[0.366s] DEBUG:colcon.colcon_core.event_handler.log_command:Invoking command in '/home/wuta/WUTA/WUTA-FSD/ros2_ws/build/autoware_msgs': CMAKE_PREFIX_PATH=/opt/ros/humble /home/wuta/.local/bin/cmake --build /home/wuta/WUTA/WUTA-FSD/ros2_ws/build/autoware_msgs -- -j12 -l12
[0.369s] DEBUG:colcon.colcon_core.event_handler.log_command:Invoking command in '/home/wuta/WUTA/WUTA-FSD/ros2_ws/build/kiss_icp': CMAKE_PREFIX_PATH=/opt/ros/humble /home/wuta/.local/bin/cmake --build /home/wuta/WUTA/WUTA-FSD/ros2_ws/build/kiss_icp -- -j12 -l12
[0.372s] DEBUG:colcon.colcon_core.event_handler.log_command:Invoking command in '/home/wuta/WUTA/WUTA-FSD/ros2_ws/build/robot_localization': CMAKE_PREFIX_PATH=/opt/ros/humble /home/wuta/.local/bin/cmake --build /home/wuta/WUTA/WUTA-FSD/ros2_ws/build/robot_localization -- -j12 -l12
[0.578s] DEBUG:colcon.colcon_core.event_handler.log_command:Invoked command in '/home/wuta/WUTA/WUTA-FSD/ros2_ws/build/kiss_icp' returned '0': CMAKE_PREFIX_PATH=/opt/ros/humble /home/wuta/.local/bin/cmake --build /home/wuta/WUTA/WUTA-FSD/ros2_ws/build/kiss_icp -- -j12 -l12
[0.741s] DEBUG:colcon.colcon_core.event_handler.log_command:Invoking command in '/home/wuta/WUTA/WUTA-FSD/ros2_ws/build/kiss_icp': CMAKE_PREFIX_PATH=/opt/ros/humble /home/wuta/.local/bin/cmake --install /home/wuta/WUTA/WUTA-FSD/ros2_ws/build/kiss_icp
[0.839s] Level 1:colcon.colcon_core.environment:create_environment_scripts_only(kiss_icp)
[0.840s] DEBUG:colcon.colcon_core.event_handler.log_command:Invoked command in '/home/wuta/WUTA/WUTA-FSD/ros2_ws/build/kiss_icp' returned '0': CMAKE_PREFIX_PATH=/opt/ros/humble /home/wuta/.local/bin/cmake --install /home/wuta/WUTA/WUTA-FSD/ros2_ws/build/kiss_icp
[0.842s] Level 1:colcon.colcon_core.environment:checking '/home/wuta/WUTA/WUTA-FSD/ros2_ws/install/kiss_icp' for CMake module files
[0.842s] Level 1:colcon.colcon_core.environment:checking '/home/wuta/WUTA/WUTA-FSD/ros2_ws/install/kiss_icp' for CMake config files
[0.842s] Level 1:colcon.colcon_core.shell:create_environment_hook('kiss_icp', 'cmake_prefix_path')
[0.843s] INFO:colcon.colcon_core.shell:Creating environment hook '/home/wuta/WUTA/WUTA-FSD/ros2_ws/install/kiss_icp/share/kiss_icp/hook/cmake_prefix_path.ps1'
[0.843s] INFO:colcon.colcon_core.shell:Creating environment descriptor '/home/wuta/WUTA/WUTA-FSD/ros2_ws/install/kiss_icp/share/kiss_icp/hook/cmake_prefix_path.dsv'
[0.844s] INFO:colcon.colcon_core.shell:Creating environment hook '/home/wuta/WUTA/WUTA-FSD/ros2_ws/install/kiss_icp/share/kiss_icp/hook/cmake_prefix_path.sh'
[0.845s] Level 1:colcon.colcon_core.environment:checking '/home/wuta/WUTA/WUTA-FSD/ros2_ws/install/kiss_icp/lib'
[0.845s] Level 1:colcon.colcon_core.shell:create_environment_hook('kiss_icp', 'ld_library_path_lib')
[0.845s] INFO:colcon.colcon_core.shell:Creating environment hook '/home/wuta/WUTA/WUTA-FSD/ros2_ws/install/kiss_icp/share/kiss_icp/hook/ld_library_path_lib.ps1'
[0.846s] INFO:colcon.colcon_core.shell:Creating environment descriptor '/home/wuta/WUTA/WUTA-FSD/ros2_ws/install/kiss_icp/share/kiss_icp/hook/ld_library_path_lib.dsv'
[0.846s] INFO:colcon.colcon_core.shell:Creating environment hook '/home/wuta/WUTA/WUTA-FSD/ros2_ws/install/kiss_icp/share/kiss_icp/hook/ld_library_path_lib.sh'
[0.847s] Level 1:colcon.colcon_core.environment:checking '/home/wuta/WUTA/WUTA-FSD/ros2_ws/install/kiss_icp/bin'
[0.847s] Level 1:colcon.colcon_core.environment:checking '/home/wuta/WUTA/WUTA-FSD/ros2_ws/install/kiss_icp/lib/pkgconfig/kiss_icp.pc'
[0.847s] Level 1:colcon.colcon_core.environment:checking '/home/wuta/WUTA/WUTA-FSD/ros2_ws/install/kiss_icp/lib/python3.10/site-packages'
[0.847s] Level 1:colcon.colcon_core.environment:checking '/home/wuta/WUTA/WUTA-FSD/ros2_ws/install/kiss_icp/bin'
[0.848s] INFO:colcon.colcon_core.shell:Creating package script '/home/wuta/WUTA/WUTA-FSD/ros2_ws/install/kiss_icp/share/kiss_icp/package.ps1'
[0.849s] INFO:colcon.colcon_core.shell:Creating package descriptor '/home/wuta/WUTA/WUTA-FSD/ros2_ws/install/kiss_icp/share/kiss_icp/package.dsv'
[0.849s] INFO:colcon.colcon_core.shell:Creating package script '/home/wuta/WUTA/WUTA-FSD/ros2_ws/install/kiss_icp/share/kiss_icp/package.sh'
[0.850s] INFO:colcon.colcon_core.shell:Creating package script '/home/wuta/WUTA/WUTA-FSD/ros2_ws/install/kiss_icp/share/kiss_icp/package.bash'
[0.851s] INFO:colcon.colcon_core.shell:Creating package script '/home/wuta/WUTA/WUTA-FSD/ros2_ws/install/kiss_icp/share/kiss_icp/package.zsh'
[0.852s] Level 1:colcon.colcon_core.environment:create_file_with_runtime_dependencies(/home/wuta/WUTA/WUTA-FSD/ros2_ws/install/kiss_icp/share/colcon-core/packages/kiss_icp)
[0.853s] Level 1:colcon.colcon_core.environment:create_environment_scripts_only(kiss_icp)
[0.854s] Level 1:colcon.colcon_core.environment:checking '/home/wuta/WUTA/WUTA-FSD/ros2_ws/install/kiss_icp' for CMake module files
[0.854s] Level 1:colcon.colcon_core.environment:checking '/home/wuta/WUTA/WUTA-FSD/ros2_ws/install/kiss_icp' for CMake config files
[0.855s] Level 1:colcon.colcon_core.shell:create_environment_hook('kiss_icp', 'cmake_prefix_path')
[0.855s] INFO:colcon.colcon_core.shell:Creating environment hook '/home/wuta/WUTA/WUTA-FSD/ros2_ws/install/kiss_icp/share/kiss_icp/hook/cmake_prefix_path.ps1'
[0.855s] INFO:colcon.colcon_core.shell:Creating environment descriptor '/home/wuta/WUTA/WUTA-FSD/ros2_ws/install/kiss_icp/share/kiss_icp/hook/cmake_prefix_path.dsv'
[0.856s] INFO:colcon.colcon_core.shell:Creating environment hook '/home/wuta/WUTA/WUTA-FSD/ros2_ws/install/kiss_icp/share/kiss_icp/hook/cmake_prefix_path.sh'
[0.856s] Level 1:colcon.colcon_core.environment:checking '/home/wuta/WUTA/WUTA-FSD/ros2_ws/install/kiss_icp/lib'
[0.856s] Level 1:colcon.colcon_core.shell:create_environment_hook('kiss_icp', 'ld_library_path_lib')
[0.856s] INFO:colcon.colcon_core.shell:Creating environment hook '/home/wuta/WUTA/WUTA-FSD/ros2_ws/install/kiss_icp/share/kiss_icp/hook/ld_library_path_lib.ps1'
[0.857s] INFO:colcon.colcon_core.shell:Creating environment descriptor '/home/wuta/WUTA/WUTA-FSD/ros2_ws/install/kiss_icp/share/kiss_icp/hook/ld_library_path_lib.dsv'
[0.857s] INFO:colcon.colcon_core.shell:Creating environment hook '/home/wuta/WUTA/WUTA-FSD/ros2_ws/install/kiss_icp/share/kiss_icp/hook/ld_library_path_lib.sh'
[0.858s] Level 1:colcon.colcon_core.environment:checking '/home/wuta/WUTA/WUTA-FSD/ros2_ws/install/kiss_icp/bin'
[0.858s] Level 1:colcon.colcon_core.environment:checking '/home/wuta/WUTA/WUTA-FSD/ros2_ws/install/kiss_icp/lib/pkgconfig/kiss_icp.pc'
[0.858s] Level 1:colcon.colcon_core.environment:checking '/home/wuta/WUTA/WUTA-FSD/ros2_ws/install/kiss_icp/lib/python3.10/site-packages'
[0.858s] Level 1:colcon.colcon_core.environment:checking '/home/wuta/WUTA/WUTA-FSD/ros2_ws/install/kiss_icp/bin'
[0.859s] INFO:colcon.colcon_core.shell:Creating package script '/home/wuta/WUTA/WUTA-FSD/ros2_ws/install/kiss_icp/share/kiss_icp/package.ps1'
[0.859s] INFO:colcon.colcon_core.shell:Creating package descriptor '/home/wuta/WUTA/WUTA-FSD/ros2_ws/install/kiss_icp/share/kiss_icp/package.dsv'
[0.860s] INFO:colcon.colcon_core.shell:Creating package script '/home/wuta/WUTA/WUTA-FSD/ros2_ws/install/kiss_icp/share/kiss_icp/package.sh'
[0.860s] INFO:colcon.colcon_core.shell:Creating package script '/home/wuta/WUTA/WUTA-FSD/ros2_ws/install/kiss_icp/share/kiss_icp/package.bash'
[0.861s] INFO:colcon.colcon_core.shell:Creating package script '/home/wuta/WUTA/WUTA-FSD/ros2_ws/install/kiss_icp/share/kiss_icp/package.zsh'
[0.861s] Level 1:colcon.colcon_core.environment:create_file_with_runtime_dependencies(/home/wuta/WUTA/WUTA-FSD/ros2_ws/install/kiss_icp/share/colcon-core/packages/kiss_icp)
[0.908s] DEBUG:colcon.colcon_core.event_handler.log_command:Invoked command in '/home/wuta/WUTA/WUTA-FSD/ros2_ws/build/autoware_msgs' returned '0': CMAKE_PREFIX_PATH=/opt/ros/humble /home/wuta/.local/bin/cmake --build /home/wuta/WUTA/WUTA-FSD/ros2_ws/build/autoware_msgs -- -j12 -l12
[0.910s] DEBUG:colcon.colcon_core.event_handler.log_command:Invoking command in '/home/wuta/WUTA/WUTA-FSD/ros2_ws/build/autoware_msgs': CMAKE_PREFIX_PATH=/opt/ros/humble /home/wuta/.local/bin/cmake --install /home/wuta/WUTA/WUTA-FSD/ros2_ws/build/autoware_msgs
[0.929s] DEBUG:colcon.colcon_core.event_handler.log_command:Invoked command in '/home/wuta/WUTA/WUTA-FSD/ros2_ws/build/robot_localization' returned '0': CMAKE_PREFIX_PATH=/opt/ros/humble /home/wuta/.local/bin/cmake --build /home/wuta/WUTA/WUTA-FSD/ros2_ws/build/robot_localization -- -j12 -l12
[0.931s] DEBUG:colcon.colcon_core.event_handler.log_command:Invoking command in '/home/wuta/WUTA/WUTA-FSD/ros2_ws/build/robot_localization': CMAKE_PREFIX_PATH=/opt/ros/humble /home/wuta/.local/bin/cmake --install /home/wuta/WUTA/WUTA-FSD/ros2_ws/build/robot_localization
[0.932s] DEBUG:colcon.colcon_core.event_handler.log_command:Invoked command in '/home/wuta/WUTA/WUTA-FSD/ros2_ws/build/wuta_msgs' returned '0': CMAKE_PREFIX_PATH=/opt/ros/humble /home/wuta/.local/bin/cmake --build /home/wuta/WUTA/WUTA-FSD/ros2_ws/build/wuta_msgs -- -j12 -l12
[0.934s] DEBUG:colcon.colcon_core.event_handler.log_command:Invoking command in '/home/wuta/WUTA/WUTA-FSD/ros2_ws/build/wuta_msgs': CMAKE_PREFIX_PATH=/opt/ros/humble /home/wuta/.local/bin/cmake --install /home/wuta/WUTA/WUTA-FSD/ros2_ws/build/wuta_msgs
[1.063s] Level 1:colcon.colcon_core.environment:create_environment_scripts_only(autoware_msgs)
[1.063s] Level 1:colcon.colcon_core.environment:checking '/home/wuta/WUTA/WUTA-FSD/ros2_ws/install/autoware_msgs' for CMake module files
[1.064s] DEBUG:colcon.colcon_core.event_handler.log_command:Invoked command in '/home/wuta/WUTA/WUTA-FSD/ros2_ws/build/autoware_msgs' returned '0': CMAKE_PREFIX_PATH=/opt/ros/humble /home/wuta/.local/bin/cmake --install /home/wuta/WUTA/WUTA-FSD/ros2_ws/build/autoware_msgs
[1.064s] Level 1:colcon.colcon_core.environment:checking '/home/wuta/WUTA/WUTA-FSD/ros2_ws/install/autoware_msgs' for CMake config files
[1.065s] Level 1:colcon.colcon_core.shell:create_environment_hook('autoware_msgs', 'cmake_prefix_path')
[1.065s] INFO:colcon.colcon_core.shell:Creating environment hook '/home/wuta/WUTA/WUTA-FSD/ros2_ws/install/autoware_msgs/share/autoware_msgs/hook/cmake_prefix_path.ps1'
[1.066s] INFO:colcon.colcon_core.shell:Creating environment descriptor '/home/wuta/WUTA/WUTA-FSD/ros2_ws/install/autoware_msgs/share/autoware_msgs/hook/cmake_prefix_path.dsv'
[1.066s] INFO:colcon.colcon_core.shell:Creating environment hook '/home/wuta/WUTA/WUTA-FSD/ros2_ws/install/autoware_msgs/share/autoware_msgs/hook/cmake_prefix_path.sh'
[1.067s] Level 1:colcon.colcon_core.environment:checking '/home/wuta/WUTA/WUTA-FSD/ros2_ws/install/autoware_msgs/lib'
[1.067s] Level 1:colcon.colcon_core.shell:create_environment_hook('autoware_msgs', 'ld_library_path_lib')
[1.067s] INFO:colcon.colcon_core.shell:Creating environment hook '/home/wuta/WUTA/WUTA-FSD/ros2_ws/install/autoware_msgs/share/autoware_msgs/hook/ld_library_path_lib.ps1'
[1.067s] INFO:colcon.colcon_core.shell:Creating environment descriptor '/home/wuta/WUTA/WUTA-FSD/ros2_ws/install/autoware_msgs/share/autoware_msgs/hook/ld_library_path_lib.dsv'
[1.068s] INFO:colcon.colcon_core.shell:Creating environment hook '/home/wuta/WUTA/WUTA-FSD/ros2_ws/install/autoware_msgs/share/autoware_msgs/hook/ld_library_path_lib.sh'
[1.068s] Level 1:colcon.colcon_core.environment:checking '/home/wuta/WUTA/WUTA-FSD/ros2_ws/install/autoware_msgs/bin'
[1.068s] Level 1:colcon.colcon_core.environment:checking '/home/wuta/WUTA/WUTA-FSD/ros2_ws/install/autoware_msgs/lib/pkgconfig/autoware_msgs.pc'
[1.068s] Level 1:colcon.colcon_core.environment:checking '/home/wuta/WUTA/WUTA-FSD/ros2_ws/install/autoware_msgs/lib/python3.10/site-packages'
[1.069s] Level 1:colcon.colcon_core.environment:checking '/home/wuta/WUTA/WUTA-FSD/ros2_ws/install/autoware_msgs/bin'
[1.069s] INFO:colcon.colcon_core.shell:Creating package script '/home/wuta/WUTA/WUTA-FSD/ros2_ws/install/autoware_msgs/share/autoware_msgs/package.ps1'
[1.070s] INFO:colcon.colcon_core.shell:Creating package descriptor '/home/wuta/WUTA/WUTA-FSD/ros2_ws/install/autoware_msgs/share/autoware_msgs/package.dsv'
[1.070s] INFO:colcon.colcon_core.shell:Creating package script '/home/wuta/WUTA/WUTA-FSD/ros2_ws/install/autoware_msgs/share/autoware_msgs/package.sh'
[1.071s] INFO:colcon.colcon_core.shell:Creating package script '/home/wuta/WUTA/WUTA-FSD/ros2_ws/install/autoware_msgs/share/autoware_msgs/package.bash'
[1.071s] INFO:colcon.colcon_core.shell:Creating package script '/home/wuta/WUTA/WUTA-FSD/ros2_ws/install/autoware_msgs/share/autoware_msgs/package.zsh'
[1.071s] Level 1:colcon.colcon_core.environment:create_file_with_runtime_dependencies(/home/wuta/WUTA/WUTA-FSD/ros2_ws/install/autoware_msgs/share/colcon-core/packages/autoware_msgs)
[1.072s] Level 1:colcon.colcon_core.environment:create_environment_scripts_only(autoware_msgs)
[1.072s] Level 1:colcon.colcon_core.environment:checking '/home/wuta/WUTA/WUTA-FSD/ros2_ws/install/autoware_msgs' for CMake module files
[1.073s] Level 1:colcon.colcon_core.environment:checking '/home/wuta/WUTA/WUTA-FSD/ros2_ws/install/autoware_msgs' for CMake config files
[1.073s] Level 1:colcon.colcon_core.shell:create_environment_hook('autoware_msgs', 'cmake_prefix_path')
[1.074s] INFO:colcon.colcon_core.shell:Creating environment hook '/home/wuta/WUTA/WUTA-FSD/ros2_ws/install/autoware_msgs/share/autoware_msgs/hook/cmake_prefix_path.ps1'
[1.074s] INFO:colcon.colcon_core.shell:Creating environment descriptor '/home/wuta/WUTA/WUTA-FSD/ros2_ws/install/autoware_msgs/share/autoware_msgs/hook/cmake_prefix_path.dsv'
[1.074s] INFO:colcon.colcon_core.shell:Creating environment hook '/home/wuta/WUTA/WUTA-FSD/ros2_ws/install/autoware_msgs/share/autoware_msgs/hook/cmake_prefix_path.sh'
[1.075s] Level 1:colcon.colcon_core.environment:checking '/home/wuta/WUTA/WUTA-FSD/ros2_ws/install/autoware_msgs/lib'
[1.075s] Level 1:colcon.colcon_core.shell:create_environment_hook('autoware_msgs', 'ld_library_path_lib')
[1.075s] INFO:colcon.colcon_core.shell:Creating environment hook '/home/wuta/WUTA/WUTA-FSD/ros2_ws/install/autoware_msgs/share/autoware_msgs/hook/ld_library_path_lib.ps1'
[1.076s] INFO:colcon.colcon_core.shell:Creating environment descriptor '/home/wuta/WUTA/WUTA-FSD/ros2_ws/install/autoware_msgs/share/autoware_msgs/hook/ld_library_path_lib.dsv'
[1.076s] INFO:colcon.colcon_core.shell:Creating environment hook '/home/wuta/WUTA/WUTA-FSD/ros2_ws/install/autoware_msgs/share/autoware_msgs/hook/ld_library_path_lib.sh'
[1.076s] Level 1:colcon.colcon_core.environment:checking '/home/wuta/WUTA/WUTA-FSD/ros2_ws/install/autoware_msgs/bin'
[1.076s] Level 1:colcon.colcon_core.environment:checking '/home/wuta/WUTA/WUTA-FSD/ros2_ws/install/autoware_msgs/lib/pkgconfig/autoware_msgs.pc'
[1.076s] Level 1:colcon.colcon_core.environment:checking '/home/wuta/WUTA/WUTA-FSD/ros2_ws/install/autoware_msgs/lib/python3.10/site-packages'
[1.077s] Level 1:colcon.colcon_core.environment:checking '/home/wuta/WUTA/WUTA-FSD/ros2_ws/install/autoware_msgs/bin'
[1.077s] INFO:colcon.colcon_core.shell:Creating package script '/home/wuta/WUTA/WUTA-FSD/ros2_ws/install/autoware_msgs/share/autoware_msgs/package.ps1'
[1.078s] INFO:colcon.colcon_core.shell:Creating package descriptor '/home/wuta/WUTA/WUTA-FSD/ros2_ws/install/autoware_msgs/share/autoware_msgs/package.dsv'
[1.078s] INFO:colcon.colcon_core.shell:Creating package script '/home/wuta/WUTA/WUTA-FSD/ros2_ws/install/autoware_msgs/share/autoware_msgs/package.sh'
[1.079s] INFO:colcon.colcon_core.shell:Creating package script '/home/wuta/WUTA/WUTA-FSD/ros2_ws/install/autoware_msgs/share/autoware_msgs/package.bash'
[1.079s] INFO:colcon.colcon_core.shell:Creating package script '/home/wuta/WUTA/WUTA-FSD/ros2_ws/install/autoware_msgs/share/autoware_msgs/package.zsh'
[1.079s] Level 1:colcon.colcon_core.environment:create_file_with_runtime_dependencies(/home/wuta/WUTA/WUTA-FSD/ros2_ws/install/autoware_msgs/share/colcon-core/packages/autoware_msgs)
[1.083s] Level 1:colcon.colcon_core.environment:create_environment_scripts_only(wuta_msgs)
[1.083s] Level 1:colcon.colcon_core.environment:checking '/home/wuta/WUTA/WUTA-FSD/ros2_ws/install/wuta_msgs' for CMake module files
[1.084s] DEBUG:colcon.colcon_core.event_handler.log_command:Invoked command in '/home/wuta/WUTA/WUTA-FSD/ros2_ws/build/wuta_msgs' returned '0': CMAKE_PREFIX_PATH=/opt/ros/humble /home/wuta/.local/bin/cmake --install /home/wuta/WUTA/WUTA-FSD/ros2_ws/build/wuta_msgs
[1.084s] Level 1:colcon.colcon_core.environment:checking '/home/wuta/WUTA/WUTA-FSD/ros2_ws/install/wuta_msgs' for CMake config files
[1.085s] Level 1:colcon.colcon_core.shell:create_environment_hook('wuta_msgs', 'cmake_prefix_path')
[1.085s] INFO:colcon.colcon_core.shell:Creating environment hook '/home/wuta/WUTA/WUTA-FSD/ros2_ws/install/wuta_msgs/share/wuta_msgs/hook/cmake_prefix_path.ps1'
[1.085s] INFO:colcon.colcon_core.shell:Creating environment descriptor '/home/wuta/WUTA/WUTA-FSD/ros2_ws/install/wuta_msgs/share/wuta_msgs/hook/cmake_prefix_path.dsv'
[1.086s] INFO:colcon.colcon_core.shell:Creating environment hook '/home/wuta/WUTA/WUTA-FSD/ros2_ws/install/wuta_msgs/share/wuta_msgs/hook/cmake_prefix_path.sh'
[1.086s] Level 1:colcon.colcon_core.environment:checking '/home/wuta/WUTA/WUTA-FSD/ros2_ws/install/wuta_msgs/lib'
[1.086s] Level 1:colcon.colcon_core.shell:create_environment_hook('wuta_msgs', 'ld_library_path_lib')
[1.087s] INFO:colcon.colcon_core.shell:Creating environment hook '/home/wuta/WUTA/WUTA-FSD/ros2_ws/install/wuta_msgs/share/wuta_msgs/hook/ld_library_path_lib.ps1'
[1.087s] INFO:colcon.colcon_core.shell:Creating environment descriptor '/home/wuta/WUTA/WUTA-FSD/ros2_ws/install/wuta_msgs/share/wuta_msgs/hook/ld_library_path_lib.dsv'
[1.087s] INFO:colcon.colcon_core.shell:Creating environment hook '/home/wuta/WUTA/WUTA-FSD/ros2_ws/install/wuta_msgs/share/wuta_msgs/hook/ld_library_path_lib.sh'
[1.088s] Level 1:colcon.colcon_core.environment:checking '/home/wuta/WUTA/WUTA-FSD/ros2_ws/install/wuta_msgs/bin'
[1.088s] Level 1:colcon.colcon_core.environment:checking '/home/wuta/WUTA/WUTA-FSD/ros2_ws/install/wuta_msgs/lib/pkgconfig/wuta_msgs.pc'
[1.088s] Level 1:colcon.colcon_core.environment:checking '/home/wuta/WUTA/WUTA-FSD/ros2_ws/install/wuta_msgs/lib/python3.10/site-packages'
[1.088s] Level 1:colcon.colcon_core.environment:checking '/home/wuta/WUTA/WUTA-FSD/ros2_ws/install/wuta_msgs/bin'
[1.089s] INFO:colcon.colcon_core.shell:Creating package script '/home/wuta/WUTA/WUTA-FSD/ros2_ws/install/wuta_msgs/share/wuta_msgs/package.ps1'
[1.089s] INFO:colcon.colcon_core.shell:Creating package descriptor '/home/wuta/WUTA/WUTA-FSD/ros2_ws/install/wuta_msgs/share/wuta_msgs/package.dsv'
[1.090s] INFO:colcon.colcon_core.shell:Creating package script '/home/wuta/WUTA/WUTA-FSD/ros2_ws/install/wuta_msgs/share/wuta_msgs/package.sh'
[1.090s] INFO:colcon.colcon_core.shell:Creating package script '/home/wuta/WUTA/WUTA-FSD/ros2_ws/install/wuta_msgs/share/wuta_msgs/package.bash'
[1.090s] INFO:colcon.colcon_core.shell:Creating package script '/home/wuta/WUTA/WUTA-FSD/ros2_ws/install/wuta_msgs/share/wuta_msgs/package.zsh'
[1.091s] Level 1:colcon.colcon_core.environment:create_file_with_runtime_dependencies(/home/wuta/WUTA/WUTA-FSD/ros2_ws/install/wuta_msgs/share/colcon-core/packages/wuta_msgs)
[1.091s] Level 1:colcon.colcon_core.environment:create_environment_scripts_only(wuta_msgs)
[1.091s] Level 1:colcon.colcon_core.environment:checking '/home/wuta/WUTA/WUTA-FSD/ros2_ws/install/wuta_msgs' for CMake module files
[1.092s] Level 1:colcon.colcon_core.environment:checking '/home/wuta/WUTA/WUTA-FSD/ros2_ws/install/wuta_msgs' for CMake config files
[1.093s] Level 1:colcon.colcon_core.shell:create_environment_hook('wuta_msgs', 'cmake_prefix_path')
[1.093s] INFO:colcon.colcon_core.shell:Creating environment hook '/home/wuta/WUTA/WUTA-FSD/ros2_ws/install/wuta_msgs/share/wuta_msgs/hook/cmake_prefix_path.ps1'
[1.093s] INFO:colcon.colcon_core.shell:Creating environment descriptor '/home/wuta/WUTA/WUTA-FSD/ros2_ws/install/wuta_msgs/share/wuta_msgs/hook/cmake_prefix_path.dsv'
[1.094s] INFO:colcon.colcon_core.shell:Creating environment hook '/home/wuta/WUTA/WUTA-FSD/ros2_ws/install/wuta_msgs/share/wuta_msgs/hook/cmake_prefix_path.sh'
[1.094s] Level 1:colcon.colcon_core.environment:checking '/home/wuta/WUTA/WUTA-FSD/ros2_ws/install/wuta_msgs/lib'
[1.094s] Level 1:colcon.colcon_core.shell:create_environment_hook('wuta_msgs', 'ld_library_path_lib')
[1.094s] INFO:colcon.colcon_core.shell:Creating environment hook '/home/wuta/WUTA/WUTA-FSD/ros2_ws/install/wuta_msgs/share/wuta_msgs/hook/ld_library_path_lib.ps1'
[1.095s] INFO:colcon.colcon_core.shell:Creating environment descriptor '/home/wuta/WUTA/WUTA-FSD/ros2_ws/install/wuta_msgs/share/wuta_msgs/hook/ld_library_path_lib.dsv'
[1.095s] INFO:colcon.colcon_core.shell:Creating environment hook '/home/wuta/WUTA/WUTA-FSD/ros2_ws/install/wuta_msgs/share/wuta_msgs/hook/ld_library_path_lib.sh'
[1.095s] Level 1:colcon.colcon_core.environment:checking '/home/wuta/WUTA/WUTA-FSD/ros2_ws/install/wuta_msgs/bin'
[1.095s] Level 1:colcon.colcon_core.environment:checking '/home/wuta/WUTA/WUTA-FSD/ros2_ws/install/wuta_msgs/lib/pkgconfig/wuta_msgs.pc'
[1.096s] Level 1:colcon.colcon_core.environment:checking '/home/wuta/WUTA/WUTA-FSD/ros2_ws/install/wuta_msgs/lib/python3.10/site-packages'
[1.096s] Level 1:colcon.colcon_core.environment:checking '/home/wuta/WUTA/WUTA-FSD/ros2_ws/install/wuta_msgs/bin'
[1.096s] INFO:colcon.colcon_core.shell:Creating package script '/home/wuta/WUTA/WUTA-FSD/ros2_ws/install/wuta_msgs/share/wuta_msgs/package.ps1'
[1.097s] INFO:colcon.colcon_core.shell:Creating package descriptor '/home/wuta/WUTA/WUTA-FSD/ros2_ws/install/wuta_msgs/share/wuta_msgs/package.dsv'
[1.097s] INFO:colcon.colcon_core.shell:Creating package script '/home/wuta/WUTA/WUTA-FSD/ros2_ws/install/wuta_msgs/share/wuta_msgs/package.sh'
[1.098s] INFO:colcon.colcon_core.shell:Creating package script '/home/wuta/WUTA/WUTA-FSD/ros2_ws/install/wuta_msgs/share/wuta_msgs/package.bash'
[1.098s] INFO:colcon.colcon_core.shell:Creating package script '/home/wuta/WUTA/WUTA-FSD/ros2_ws/install/wuta_msgs/share/wuta_msgs/package.zsh'
[1.099s] Level 1:colcon.colcon_core.environment:create_file_with_runtime_dependencies(/home/wuta/WUTA/WUTA-FSD/ros2_ws/install/wuta_msgs/share/colcon-core/packages/wuta_msgs)
[1.099s] INFO:colcon.colcon_ros.task.ament_cmake.build:Building ROS package in '/home/wuta/WUTA/WUTA-FSD/ros2_ws/src/planning/boundary_detector' with build type 'ament_cmake'
[1.100s] INFO:colcon.colcon_cmake.task.cmake.build:Building CMake package in '/home/wuta/WUTA/WUTA-FSD/ros2_ws/src/planning/boundary_detector'
[1.100s] INFO:colcon.colcon_core.shell:Skip shell extension 'powershell' for command environment: Not usable outside of PowerShell
[1.100s] DEBUG:colcon.colcon_core.shell:Skip shell extension 'dsv' for command environment
[1.102s] INFO:colcon.colcon_ros.task.ament_cmake.build:Building ROS package in '/home/wuta/WUTA/WUTA-FSD/ros2_ws/src/perception/camera_detection' with build type 'ament_cmake'
[1.103s] INFO:colcon.colcon_cmake.task.cmake.build:Building CMake package in '/home/wuta/WUTA/WUTA-FSD/ros2_ws/src/perception/camera_detection'
[1.103s] INFO:colcon.colcon_core.shell:Skip shell extension 'powershell' for command environment: Not usable outside of PowerShell
[1.103s] DEBUG:colcon.colcon_core.shell:Skip shell extension 'dsv' for command environment
[1.105s] INFO:colcon.colcon_ros.task.ament_cmake.build:Building ROS package in '/home/wuta/WUTA/WUTA-FSD/ros2_ws/src/mapping/cone_map_builder' with build type 'ament_cmake'
[1.105s] INFO:colcon.colcon_cmake.task.cmake.build:Building CMake package in '/home/wuta/WUTA/WUTA-FSD/ros2_ws/src/mapping/cone_map_builder'
[1.105s] INFO:colcon.colcon_core.shell:Skip shell extension 'powershell' for command environment: Not usable outside of PowerShell
[1.106s] DEBUG:colcon.colcon_core.shell:Skip shell extension 'dsv' for command environment
[1.108s] INFO:colcon.colcon_ros.task.ament_cmake.build:Building ROS package in '/home/wuta/WUTA/WUTA-FSD/ros2_ws/src/control/controller' with build type 'ament_cmake'
[1.108s] INFO:colcon.colcon_cmake.task.cmake.build:Building CMake package in '/home/wuta/WUTA/WUTA-FSD/ros2_ws/src/control/controller'
[1.108s] INFO:colcon.colcon_core.shell:Skip shell extension 'powershell' for command environment: Not usable outside of PowerShell
[1.108s] DEBUG:colcon.colcon_core.shell:Skip shell extension 'dsv' for command environment
[1.111s] INFO:colcon.colcon_ros.task.ament_cmake.build:Building ROS package in '/home/wuta/WUTA/WUTA-FSD/ros2_ws/src/perception/detection_fusion' with build type 'ament_cmake'
[1.111s] INFO:colcon.colcon_cmake.task.cmake.build:Building CMake package in '/home/wuta/WUTA/WUTA-FSD/ros2_ws/src/perception/detection_fusion'
[1.111s] INFO:colcon.colcon_core.shell:Skip shell extension 'powershell' for command environment: Not usable outside of PowerShell
[1.111s] DEBUG:colcon.colcon_core.shell:Skip shell extension 'dsv' for command environment
[1.114s] INFO:colcon.colcon_ros.task.ament_cmake.build:Building ROS package in '/home/wuta/WUTA/WUTA-FSD/ros2_ws/src/localization/kiss_icp_wrapper' with build type 'ament_cmake'
[1.114s] INFO:colcon.colcon_cmake.task.cmake.build:Building CMake package in '/home/wuta/WUTA/WUTA-FSD/ros2_ws/src/localization/kiss_icp_wrapper'
[1.114s] INFO:colcon.colcon_core.shell:Skip shell extension 'powershell' for command environment: Not usable outside of PowerShell
[1.114s] DEBUG:colcon.colcon_core.shell:Skip shell extension 'dsv' for command environment
[1.117s] INFO:colcon.colcon_ros.task.ament_cmake.build:Building ROS package in '/home/wuta/WUTA/WUTA-FSD/ros2_ws/src/perception/lidar_detection' with build type 'ament_cmake'
[1.117s] INFO:colcon.colcon_cmake.task.cmake.build:Building CMake package in '/home/wuta/WUTA/WUTA-FSD/ros2_ws/src/perception/lidar_detection'
[1.117s] INFO:colcon.colcon_core.shell:Skip shell extension 'powershell' for command environment: Not usable outside of PowerShell
[1.117s] DEBUG:colcon.colcon_core.shell:Skip shell extension 'dsv' for command environment
[1.120s] INFO:colcon.colcon_ros.task.ament_cmake.build:Building ROS package in '/home/wuta/WUTA/WUTA-FSD/ros2_ws/src/system/mission_manager' with build type 'ament_cmake'
[1.120s] INFO:colcon.colcon_cmake.task.cmake.build:Building CMake package in '/home/wuta/WUTA/WUTA-FSD/ros2_ws/src/system/mission_manager'
[1.120s] INFO:colcon.colcon_core.shell:Skip shell extension 'powershell' for command environment: Not usable outside of PowerShell
[1.120s] DEBUG:colcon.colcon_core.shell:Skip shell extension 'dsv' for command environment
[1.122s] INFO:colcon.colcon_ros.task.ament_cmake.build:Building ROS package in '/home/wuta/WUTA/WUTA-FSD/ros2_ws/src/localization/ndt_localization' with build type 'ament_cmake'
[1.122s] INFO:colcon.colcon_cmake.task.cmake.build:Building CMake package in '/home/wuta/WUTA/WUTA-FSD/ros2_ws/src/localization/ndt_localization'
[1.123s] INFO:colcon.colcon_core.shell:Skip shell extension 'powershell' for command environment: Not usable outside of PowerShell
[1.123s] DEBUG:colcon.colcon_core.shell:Skip shell extension 'dsv' for command environment
[1.127s] INFO:colcon.colcon_ros.task.ament_cmake.build:Building ROS package in '/home/wuta/WUTA/WUTA-FSD/ros2_ws/src/planning/path_generator' with build type 'ament_cmake'
[1.127s] INFO:colcon.colcon_cmake.task.cmake.build:Building CMake package in '/home/wuta/WUTA/WUTA-FSD/ros2_ws/src/planning/path_generator'
[1.127s] INFO:colcon.colcon_core.shell:Skip shell extension 'powershell' for command environment: Not usable outside of PowerShell
[1.127s] DEBUG:colcon.colcon_core.shell:Skip shell extension 'dsv' for command environment
[1.130s] INFO:colcon.colcon_ros.task.ament_cmake.build:Building ROS package in '/home/wuta/WUTA/WUTA-FSD/ros2_ws/src/common/wuta_tools' with build type 'ament_cmake'
[1.130s] INFO:colcon.colcon_cmake.task.cmake.build:Building CMake package in '/home/wuta/WUTA/WUTA-FSD/ros2_ws/src/common/wuta_tools'
[1.130s] INFO:colcon.colcon_core.shell:Skip shell extension 'powershell' for command environment: Not usable outside of PowerShell
[1.130s] DEBUG:colcon.colcon_core.shell:Skip shell extension 'dsv' for command environment
[1.134s] Level 1:colcon.colcon_core.environment:create_environment_scripts_only(robot_localization)
[1.134s] Level 1:colcon.colcon_core.environment:checking '/home/wuta/WUTA/WUTA-FSD/ros2_ws/install/robot_localization' for CMake module files
[1.141s] DEBUG:colcon.colcon_core.event_handler.log_command:Invoked command in '/home/wuta/WUTA/WUTA-FSD/ros2_ws/build/robot_localization' returned '0': CMAKE_PREFIX_PATH=/opt/ros/humble /home/wuta/.local/bin/cmake --install /home/wuta/WUTA/WUTA-FSD/ros2_ws/build/robot_localization
[1.141s] Level 1:colcon.colcon_core.environment:checking '/home/wuta/WUTA/WUTA-FSD/ros2_ws/install/robot_localization' for CMake config files
[1.142s] Level 1:colcon.colcon_core.shell:create_environment_hook('robot_localization', 'cmake_prefix_path')
[1.143s] INFO:colcon.colcon_core.shell:Creating environment hook '/home/wuta/WUTA/WUTA-FSD/ros2_ws/install/robot_localization/share/robot_localization/hook/cmake_prefix_path.ps1'
[1.143s] INFO:colcon.colcon_core.shell:Creating environment descriptor '/home/wuta/WUTA/WUTA-FSD/ros2_ws/install/robot_localization/share/robot_localization/hook/cmake_prefix_path.dsv'
[1.143s] INFO:colcon.colcon_core.shell:Creating environment hook '/home/wuta/WUTA/WUTA-FSD/ros2_ws/install/robot_localization/share/robot_localization/hook/cmake_prefix_path.sh'
[1.144s] Level 1:colcon.colcon_core.environment:checking '/home/wuta/WUTA/WUTA-FSD/ros2_ws/install/robot_localization/lib'
[1.144s] Level 1:colcon.colcon_core.shell:create_environment_hook('robot_localization', 'ld_library_path_lib')
[1.144s] INFO:colcon.colcon_core.shell:Creating environment hook '/home/wuta/WUTA/WUTA-FSD/ros2_ws/install/robot_localization/share/robot_localization/hook/ld_library_path_lib.ps1'
[1.145s] INFO:colcon.colcon_core.shell:Creating environment descriptor '/home/wuta/WUTA/WUTA-FSD/ros2_ws/install/robot_localization/share/robot_localization/hook/ld_library_path_lib.dsv'
[1.145s] INFO:colcon.colcon_core.shell:Creating environment hook '/home/wuta/WUTA/WUTA-FSD/ros2_ws/install/robot_localization/share/robot_localization/hook/ld_library_path_lib.sh'
[1.145s] Level 1:colcon.colcon_core.environment:checking '/home/wuta/WUTA/WUTA-FSD/ros2_ws/install/robot_localization/bin'
[1.145s] Level 1:colcon.colcon_core.environment:checking '/home/wuta/WUTA/WUTA-FSD/ros2_ws/install/robot_localization/lib/pkgconfig/robot_localization.pc'
[1.146s] Level 1:colcon.colcon_core.environment:checking '/home/wuta/WUTA/WUTA-FSD/ros2_ws/install/robot_localization/lib/python3.10/site-packages'
[1.146s] Level 1:colcon.colcon_core.environment:checking '/home/wuta/WUTA/WUTA-FSD/ros2_ws/install/robot_localization/bin'
[1.146s] INFO:colcon.colcon_core.shell:Creating package script '/home/wuta/WUTA/WUTA-FSD/ros2_ws/install/robot_localization/share/robot_localization/package.ps1'
[1.147s] INFO:colcon.colcon_core.shell:Creating package descriptor '/home/wuta/WUTA/WUTA-FSD/ros2_ws/install/robot_localization/share/robot_localization/package.dsv'
[1.147s] INFO:colcon.colcon_core.shell:Creating package script '/home/wuta/WUTA/WUTA-FSD/ros2_ws/install/robot_localization/share/robot_localization/package.sh'
[1.148s] INFO:colcon.colcon_core.shell:Creating package script '/home/wuta/WUTA/WUTA-FSD/ros2_ws/install/robot_localization/share/robot_localization/package.bash'
[1.148s] INFO:colcon.colcon_core.shell:Creating package script '/home/wuta/WUTA/WUTA-FSD/ros2_ws/install/robot_localization/share/robot_localization/package.zsh'
[1.148s] Level 1:colcon.colcon_core.environment:create_file_with_runtime_dependencies(/home/wuta/WUTA/WUTA-FSD/ros2_ws/install/robot_localization/share/colcon-core/packages/robot_localization)
[1.150s] Level 1:colcon.colcon_core.environment:create_environment_scripts_only(robot_localization)
[1.150s] Level 1:colcon.colcon_core.environment:checking '/home/wuta/WUTA/WUTA-FSD/ros2_ws/install/robot_localization' for CMake module files
[1.151s] Level 1:colcon.colcon_core.environment:checking '/home/wuta/WUTA/WUTA-FSD/ros2_ws/install/robot_localization' for CMake config files
[1.151s] Level 1:colcon.colcon_core.shell:create_environment_hook('robot_localization', 'cmake_prefix_path')
[1.152s] INFO:colcon.colcon_core.shell:Creating environment hook '/home/wuta/WUTA/WUTA-FSD/ros2_ws/install/robot_localization/share/robot_localization/hook/cmake_prefix_path.ps1'
[1.152s] INFO:colcon.colcon_core.shell:Creating environment descriptor '/home/wuta/WUTA/WUTA-FSD/ros2_ws/install/robot_localization/share/robot_localization/hook/cmake_prefix_path.dsv'
[1.152s] INFO:colcon.colcon_core.shell:Creating environment hook '/home/wuta/WUTA/WUTA-FSD/ros2_ws/install/robot_localization/share/robot_localization/hook/cmake_prefix_path.sh'
[1.153s] Level 1:colcon.colcon_core.environment:checking '/home/wuta/WUTA/WUTA-FSD/ros2_ws/install/robot_localization/lib'
[1.153s] Level 1:colcon.colcon_core.shell:create_environment_hook('robot_localization', 'ld_library_path_lib')
[1.153s] INFO:colcon.colcon_core.shell:Creating environment hook '/home/wuta/WUTA/WUTA-FSD/ros2_ws/install/robot_localization/share/robot_localization/hook/ld_library_path_lib.ps1'
[1.154s] INFO:colcon.colcon_core.shell:Creating environment descriptor '/home/wuta/WUTA/WUTA-FSD/ros2_ws/install/robot_localization/share/robot_localization/hook/ld_library_path_lib.dsv'
[1.154s] INFO:colcon.colcon_core.shell:Creating environment hook '/home/wuta/WUTA/WUTA-FSD/ros2_ws/install/robot_localization/share/robot_localization/hook/ld_library_path_lib.sh'
[1.154s] Level 1:colcon.colcon_core.environment:checking '/home/wuta/WUTA/WUTA-FSD/ros2_ws/install/robot_localization/bin'
[1.154s] Level 1:colcon.colcon_core.environment:checking '/home/wuta/WUTA/WUTA-FSD/ros2_ws/install/robot_localization/lib/pkgconfig/robot_localization.pc'
[1.155s] Level 1:colcon.colcon_core.environment:checking '/home/wuta/WUTA/WUTA-FSD/ros2_ws/install/robot_localization/lib/python3.10/site-packages'
[1.155s] Level 1:colcon.colcon_core.environment:checking '/home/wuta/WUTA/WUTA-FSD/ros2_ws/install/robot_localization/bin'
[1.155s] INFO:colcon.colcon_core.shell:Creating package script '/home/wuta/WUTA/WUTA-FSD/ros2_ws/install/robot_localization/share/robot_localization/package.ps1'
[1.156s] INFO:colcon.colcon_core.shell:Creating package descriptor '/home/wuta/WUTA/WUTA-FSD/ros2_ws/install/robot_localization/share/robot_localization/package.dsv'
[1.156s] INFO:colcon.colcon_core.shell:Creating package script '/home/wuta/WUTA/WUTA-FSD/ros2_ws/install/robot_localization/share/robot_localization/package.sh'
[1.157s] INFO:colcon.colcon_core.shell:Creating package script '/home/wuta/WUTA/WUTA-FSD/ros2_ws/install/robot_localization/share/robot_localization/package.bash'
[1.157s] INFO:colcon.colcon_core.shell:Creating package script '/home/wuta/WUTA/WUTA-FSD/ros2_ws/install/robot_localization/share/robot_localization/package.zsh'
[1.157s] Level 1:colcon.colcon_core.environment:create_file_with_runtime_dependencies(/home/wuta/WUTA/WUTA-FSD/ros2_ws/install/robot_localization/share/colcon-core/packages/robot_localization)
[1.159s] INFO:colcon.colcon_ros.task.ament_cmake.build:Building ROS package in '/home/wuta/WUTA/WUTA-FSD/ros2_ws/src/localization/localization_manager' with build type 'ament_cmake'
[1.159s] INFO:colcon.colcon_cmake.task.cmake.build:Building CMake package in '/home/wuta/WUTA/WUTA-FSD/ros2_ws/src/localization/localization_manager'
[1.159s] INFO:colcon.colcon_core.shell:Skip shell extension 'powershell' for command environment: Not usable outside of PowerShell
[1.159s] DEBUG:colcon.colcon_core.shell:Skip shell extension 'dsv' for command environment
[1.165s] DEBUG:colcon.colcon_core.event_handler.log_command:Invoking command in '/home/wuta/WUTA/WUTA-FSD/ros2_ws/build/boundary_detector': AMENT_PREFIX_PATH=/home/wuta/WUTA/WUTA-FSD/ros2_ws/install/wuta_msgs:${AMENT_PREFIX_PATH} CMAKE_PREFIX_PATH=/home/wuta/WUTA/WUTA-FSD/ros2_ws/install/wuta_msgs:/opt/ros/humble LD_LIBRARY_PATH=/home/wuta/WUTA/WUTA-FSD/ros2_ws/install/wuta_msgs/lib:${LD_LIBRARY_PATH} PYTHONPATH=/home/wuta/WUTA/WUTA-FSD/ros2_ws/install/wuta_msgs/local/lib/python3.10/dist-packages:${PYTHONPATH} /home/wuta/.local/bin/cmake --build /home/wuta/WUTA/WUTA-FSD/ros2_ws/build/boundary_detector -- -j12 -l12
[1.167s] DEBUG:colcon.colcon_core.event_handler.log_command:Invoking command in '/home/wuta/WUTA/WUTA-FSD/ros2_ws/build/camera_detection': AMENT_PREFIX_PATH=/home/wuta/WUTA/WUTA-FSD/ros2_ws/install/wuta_msgs:${AMENT_PREFIX_PATH} CMAKE_PREFIX_PATH=/home/wuta/WUTA/WUTA-FSD/ros2_ws/install/wuta_msgs:/opt/ros/humble LD_LIBRARY_PATH=/home/wuta/WUTA/WUTA-FSD/ros2_ws/install/wuta_msgs/lib:${LD_LIBRARY_PATH} PYTHONPATH=/home/wuta/WUTA/WUTA-FSD/ros2_ws/install/wuta_msgs/local/lib/python3.10/dist-packages:${PYTHONPATH} /home/wuta/.local/bin/cmake --build /home/wuta/WUTA/WUTA-FSD/ros2_ws/build/camera_detection -- -j12 -l12
[1.169s] DEBUG:colcon.colcon_core.event_handler.log_command:Invoking command in '/home/wuta/WUTA/WUTA-FSD/ros2_ws/build/cone_map_builder': AMENT_PREFIX_PATH=/home/wuta/WUTA/WUTA-FSD/ros2_ws/install/wuta_msgs:${AMENT_PREFIX_PATH} CMAKE_PREFIX_PATH=/home/wuta/WUTA/WUTA-FSD/ros2_ws/install/wuta_msgs:/opt/ros/humble LD_LIBRARY_PATH=/home/wuta/WUTA/WUTA-FSD/ros2_ws/install/wuta_msgs/lib:${LD_LIBRARY_PATH} PYTHONPATH=/home/wuta/WUTA/WUTA-FSD/ros2_ws/install/wuta_msgs/local/lib/python3.10/dist-packages:${PYTHONPATH} /home/wuta/.local/bin/cmake --build /home/wuta/WUTA/WUTA-FSD/ros2_ws/build/cone_map_builder -- -j12 -l12
[1.172s] DEBUG:colcon.colcon_core.event_handler.log_command:Invoking command in '/home/wuta/WUTA/WUTA-FSD/ros2_ws/build/controller': AMENT_PREFIX_PATH=/home/wuta/WUTA/WUTA-FSD/ros2_ws/install/wuta_msgs:/home/wuta/WUTA/WUTA-FSD/ros2_ws/install/autoware_msgs:${AMENT_PREFIX_PATH} CMAKE_PREFIX_PATH=/home/wuta/WUTA/WUTA-FSD/ros2_ws/install/wuta_msgs:/home/wuta/WUTA/WUTA-FSD/ros2_ws/install/autoware_msgs:/opt/ros/humble LD_LIBRARY_PATH=/home/wuta/WUTA/WUTA-FSD/ros2_ws/install/wuta_msgs/lib:/home/wuta/WUTA/WUTA-FSD/ros2_ws/install/autoware_msgs/lib:${LD_LIBRARY_PATH} PYTHONPATH=/home/wuta/WUTA/WUTA-FSD/ros2_ws/install/wuta_msgs/local/lib/python3.10/dist-packages:/home/wuta/WUTA/WUTA-FSD/ros2_ws/install/autoware_msgs/local/lib/python3.10/dist-packages:${PYTHONPATH} /home/wuta/.local/bin/cmake --build /home/wuta/WUTA/WUTA-FSD/ros2_ws/build/controller -- -j12 -l12
[1.176s] DEBUG:colcon.colcon_core.event_handler.log_command:Invoking command in '/home/wuta/WUTA/WUTA-FSD/ros2_ws/build/detection_fusion': AMENT_PREFIX_PATH=/home/wuta/WUTA/WUTA-FSD/ros2_ws/install/wuta_msgs:${AMENT_PREFIX_PATH} CMAKE_PREFIX_PATH=/home/wuta/WUTA/WUTA-FSD/ros2_ws/install/wuta_msgs:/opt/ros/humble LD_LIBRARY_PATH=/home/wuta/WUTA/WUTA-FSD/ros2_ws/install/wuta_msgs/lib:${LD_LIBRARY_PATH} PYTHONPATH=/home/wuta/WUTA/WUTA-FSD/ros2_ws/install/wuta_msgs/local/lib/python3.10/dist-packages:${PYTHONPATH} /home/wuta/.local/bin/cmake --build /home/wuta/WUTA/WUTA-FSD/ros2_ws/build/detection_fusion -- -j12 -l12
[1.180s] DEBUG:colcon.colcon_core.event_handler.log_command:Invoking command in '/home/wuta/WUTA/WUTA-FSD/ros2_ws/build/kiss_icp_wrapper': AMENT_PREFIX_PATH=/home/wuta/WUTA/WUTA-FSD/ros2_ws/install/wuta_msgs:${AMENT_PREFIX_PATH} CMAKE_PREFIX_PATH=/home/wuta/WUTA/WUTA-FSD/ros2_ws/install/wuta_msgs:/opt/ros/humble LD_LIBRARY_PATH=/home/wuta/WUTA/WUTA-FSD/ros2_ws/install/wuta_msgs/lib:${LD_LIBRARY_PATH} PYTHONPATH=/home/wuta/WUTA/WUTA-FSD/ros2_ws/install/wuta_msgs/local/lib/python3.10/dist-packages:${PYTHONPATH} /home/wuta/.local/bin/cmake --build /home/wuta/WUTA/WUTA-FSD/ros2_ws/build/kiss_icp_wrapper -- -j12 -l12
[1.184s] DEBUG:colcon.colcon_core.event_handler.log_command:Invoking command in '/home/wuta/WUTA/WUTA-FSD/ros2_ws/build/lidar_detection': AMENT_PREFIX_PATH=/home/wuta/WUTA/WUTA-FSD/ros2_ws/install/wuta_msgs:${AMENT_PREFIX_PATH} CMAKE_PREFIX_PATH=/home/wuta/WUTA/WUTA-FSD/ros2_ws/install/wuta_msgs:/opt/ros/humble LD_LIBRARY_PATH=/home/wuta/WUTA/WUTA-FSD/ros2_ws/install/wuta_msgs/lib:${LD_LIBRARY_PATH} PYTHONPATH=/home/wuta/WUTA/WUTA-FSD/ros2_ws/install/wuta_msgs/local/lib/python3.10/dist-packages:${PYTHONPATH} /home/wuta/.local/bin/cmake --build /home/wuta/WUTA/WUTA-FSD/ros2_ws/build/lidar_detection -- -j12 -l12
[1.203s] DEBUG:colcon.colcon_core.event_handler.log_command:Invoking command in '/home/wuta/WUTA/WUTA-FSD/ros2_ws/build/mission_manager': AMENT_PREFIX_PATH=/home/wuta/WUTA/WUTA-FSD/ros2_ws/install/wuta_msgs:${AMENT_PREFIX_PATH} CMAKE_PREFIX_PATH=/home/wuta/WUTA/WUTA-FSD/ros2_ws/install/wuta_msgs:/opt/ros/humble LD_LIBRARY_PATH=/home/wuta/WUTA/WUTA-FSD/ros2_ws/install/wuta_msgs/lib:${LD_LIBRARY_PATH} PYTHONPATH=/home/wuta/WUTA/WUTA-FSD/ros2_ws/install/wuta_msgs/local/lib/python3.10/dist-packages:${PYTHONPATH} /home/wuta/.local/bin/cmake --build /home/wuta/WUTA/WUTA-FSD/ros2_ws/build/mission_manager -- -j12 -l12
[1.209s] DEBUG:colcon.colcon_core.event_handler.log_command:Invoking command in '/home/wuta/WUTA/WUTA-FSD/ros2_ws/build/ndt_localization': AMENT_PREFIX_PATH=/home/wuta/WUTA/WUTA-FSD/ros2_ws/install/wuta_msgs:${AMENT_PREFIX_PATH} CMAKE_PREFIX_PATH=/home/wuta/WUTA/WUTA-FSD/ros2_ws/install/wuta_msgs:/opt/ros/humble LD_LIBRARY_PATH=/home/wuta/WUTA/WUTA-FSD/ros2_ws/install/wuta_msgs/lib:${LD_LIBRARY_PATH} PYTHONPATH=/home/wuta/WUTA/WUTA-FSD/ros2_ws/install/wuta_msgs/local/lib/python3.10/dist-packages:${PYTHONPATH} /home/wuta/.local/bin/cmake --build /home/wuta/WUTA/WUTA-FSD/ros2_ws/build/ndt_localization -- -j12 -l12
[1.212s] DEBUG:colcon.colcon_core.event_handler.log_command:Invoking command in '/home/wuta/WUTA/WUTA-FSD/ros2_ws/build/path_generator': AMENT_PREFIX_PATH=/home/wuta/WUTA/WUTA-FSD/ros2_ws/install/wuta_msgs:${AMENT_PREFIX_PATH} CMAKE_PREFIX_PATH=/home/wuta/WUTA/WUTA-FSD/ros2_ws/install/wuta_msgs:/opt/ros/humble LD_LIBRARY_PATH=/home/wuta/WUTA/WUTA-FSD/ros2_ws/install/wuta_msgs/lib:${LD_LIBRARY_PATH} PYTHONPATH=/home/wuta/WUTA/WUTA-FSD/ros2_ws/install/wuta_msgs/local/lib/python3.10/dist-packages:${PYTHONPATH} /home/wuta/.local/bin/cmake --build /home/wuta/WUTA/WUTA-FSD/ros2_ws/build/path_generator -- -j12 -l12
[1.218s] DEBUG:colcon.colcon_core.event_handler.log_command:Invoking command in '/home/wuta/WUTA/WUTA-FSD/ros2_ws/build/wuta_tools': AMENT_PREFIX_PATH=/home/wuta/WUTA/WUTA-FSD/ros2_ws/install/wuta_msgs:${AMENT_PREFIX_PATH} CMAKE_PREFIX_PATH=/home/wuta/WUTA/WUTA-FSD/ros2_ws/install/wuta_msgs:/opt/ros/humble LD_LIBRARY_PATH=/home/wuta/WUTA/WUTA-FSD/ros2_ws/install/wuta_msgs/lib:${LD_LIBRARY_PATH} PYTHONPATH=/home/wuta/WUTA/WUTA-FSD/ros2_ws/install/wuta_msgs/local/lib/python3.10/dist-packages:${PYTHONPATH} /home/wuta/.local/bin/cmake --build /home/wuta/WUTA/WUTA-FSD/ros2_ws/build/wuta_tools -- -j12 -l12
[1.228s] DEBUG:colcon.colcon_core.event_handler.log_command:Invoking command in '/home/wuta/WUTA/WUTA-FSD/ros2_ws/build/localization_manager': AMENT_PREFIX_PATH=/home/wuta/WUTA/WUTA-FSD/ros2_ws/install/wuta_msgs:/home/wuta/WUTA/WUTA-FSD/ros2_ws/install/robot_localization:/home/wuta/WUTA/WUTA-FSD/ros2_ws/install/kiss_icp:${AMENT_PREFIX_PATH} CMAKE_PREFIX_PATH=/home/wuta/WUTA/WUTA-FSD/ros2_ws/install/wuta_msgs:/home/wuta/WUTA/WUTA-FSD/ros2_ws/install/robot_localization:/home/wuta/WUTA/WUTA-FSD/ros2_ws/install/kiss_icp:/opt/ros/humble LD_LIBRARY_PATH=/home/wuta/WUTA/WUTA-FSD/ros2_ws/install/wuta_msgs/lib:/home/wuta/WUTA/WUTA-FSD/ros2_ws/install/robot_localization/lib:/home/wuta/WUTA/WUTA-FSD/ros2_ws/install/kiss_icp/lib:${LD_LIBRARY_PATH} PYTHONPATH=/home/wuta/WUTA/WUTA-FSD/ros2_ws/install/wuta_msgs/local/lib/python3.10/dist-packages:/home/wuta/WUTA/WUTA-FSD/ros2_ws/install/robot_localization/local/lib/python3.10/dist-packages:${PYTHONPATH} /home/wuta/.local/bin/cmake --build /home/wuta/WUTA/WUTA-FSD/ros2_ws/build/localization_manager -- -j12 -l12
[1.350s] DEBUG:colcon.colcon_core.event_handler.log_command:Invoked command in '/home/wuta/WUTA/WUTA-FSD/ros2_ws/build/camera_detection' returned '0': AMENT_PREFIX_PATH=/home/wuta/WUTA/WUTA-FSD/ros2_ws/install/wuta_msgs:${AMENT_PREFIX_PATH} CMAKE_PREFIX_PATH=/home/wuta/WUTA/WUTA-FSD/ros2_ws/install/wuta_msgs:/opt/ros/humble LD_LIBRARY_PATH=/home/wuta/WUTA/WUTA-FSD/ros2_ws/install/wuta_msgs/lib:${LD_LIBRARY_PATH} PYTHONPATH=/home/wuta/WUTA/WUTA-FSD/ros2_ws/install/wuta_msgs/local/lib/python3.10/dist-packages:${PYTHONPATH} /home/wuta/.local/bin/cmake --build /home/wuta/WUTA/WUTA-FSD/ros2_ws/build/camera_detection -- -j12 -l12
[1.352s] DEBUG:colcon.colcon_core.event_handler.log_command:Invoking command in '/home/wuta/WUTA/WUTA-FSD/ros2_ws/build/camera_detection': AMENT_PREFIX_PATH=/home/wuta/WUTA/WUTA-FSD/ros2_ws/install/wuta_msgs:${AMENT_PREFIX_PATH} CMAKE_PREFIX_PATH=/home/wuta/WUTA/WUTA-FSD/ros2_ws/install/wuta_msgs:/opt/ros/humble LD_LIBRARY_PATH=/home/wuta/WUTA/WUTA-FSD/ros2_ws/install/wuta_msgs/lib:${LD_LIBRARY_PATH} PYTHONPATH=/home/wuta/WUTA/WUTA-FSD/ros2_ws/install/wuta_msgs/local/lib/python3.10/dist-packages:${PYTHONPATH} /home/wuta/.local/bin/cmake --install /home/wuta/WUTA/WUTA-FSD/ros2_ws/build/camera_detection
[1.373s] DEBUG:colcon.colcon_core.event_handler.log_command:Invoked command in '/home/wuta/WUTA/WUTA-FSD/ros2_ws/build/detection_fusion' returned '0': AMENT_PREFIX_PATH=/home/wuta/WUTA/WUTA-FSD/ros2_ws/install/wuta_msgs:${AMENT_PREFIX_PATH} CMAKE_PREFIX_PATH=/home/wuta/WUTA/WUTA-FSD/ros2_ws/install/wuta_msgs:/opt/ros/humble LD_LIBRARY_PATH=/home/wuta/WUTA/WUTA-FSD/ros2_ws/install/wuta_msgs/lib:${LD_LIBRARY_PATH} PYTHONPATH=/home/wuta/WUTA/WUTA-FSD/ros2_ws/install/wuta_msgs/local/lib/python3.10/dist-packages:${PYTHONPATH} /home/wuta/.local/bin/cmake --build /home/wuta/WUTA/WUTA-FSD/ros2_ws/build/detection_fusion -- -j12 -l12
[1.374s] DEBUG:colcon.colcon_core.event_handler.log_command:Invoking command in '/home/wuta/WUTA/WUTA-FSD/ros2_ws/build/detection_fusion': AMENT_PREFIX_PATH=/home/wuta/WUTA/WUTA-FSD/ros2_ws/install/wuta_msgs:${AMENT_PREFIX_PATH} CMAKE_PREFIX_PATH=/home/wuta/WUTA/WUTA-FSD/ros2_ws/install/wuta_msgs:/opt/ros/humble LD_LIBRARY_PATH=/home/wuta/WUTA/WUTA-FSD/ros2_ws/install/wuta_msgs/lib:${LD_LIBRARY_PATH} PYTHONPATH=/home/wuta/WUTA/WUTA-FSD/ros2_ws/install/wuta_msgs/local/lib/python3.10/dist-packages:${PYTHONPATH} /home/wuta/.local/bin/cmake --install /home/wuta/WUTA/WUTA-FSD/ros2_ws/build/detection_fusion
[1.375s] DEBUG:colcon.colcon_core.event_handler.log_command:Invoked command in '/home/wuta/WUTA/WUTA-FSD/ros2_ws/build/kiss_icp_wrapper' returned '0': AMENT_PREFIX_PATH=/home/wuta/WUTA/WUTA-FSD/ros2_ws/install/wuta_msgs:${AMENT_PREFIX_PATH} CMAKE_PREFIX_PATH=/home/wuta/WUTA/WUTA-FSD/ros2_ws/install/wuta_msgs:/opt/ros/humble LD_LIBRARY_PATH=/home/wuta/WUTA/WUTA-FSD/ros2_ws/install/wuta_msgs/lib:${LD_LIBRARY_PATH} PYTHONPATH=/home/wuta/WUTA/WUTA-FSD/ros2_ws/install/wuta_msgs/local/lib/python3.10/dist-packages:${PYTHONPATH} /home/wuta/.local/bin/cmake --build /home/wuta/WUTA/WUTA-FSD/ros2_ws/build/kiss_icp_wrapper -- -j12 -l12
[1.379s] DEBUG:colcon.colcon_core.event_handler.log_command:Invoking command in '/home/wuta/WUTA/WUTA-FSD/ros2_ws/build/kiss_icp_wrapper': AMENT_PREFIX_PATH=/home/wuta/WUTA/WUTA-FSD/ros2_ws/install/wuta_msgs:${AMENT_PREFIX_PATH} CMAKE_PREFIX_PATH=/home/wuta/WUTA/WUTA-FSD/ros2_ws/install/wuta_msgs:/opt/ros/humble LD_LIBRARY_PATH=/home/wuta/WUTA/WUTA-FSD/ros2_ws/install/wuta_msgs/lib:${LD_LIBRARY_PATH} PYTHONPATH=/home/wuta/WUTA/WUTA-FSD/ros2_ws/install/wuta_msgs/local/lib/python3.10/dist-packages:${PYTHONPATH} /home/wuta/.local/bin/cmake --install /home/wuta/WUTA/WUTA-FSD/ros2_ws/build/kiss_icp_wrapper
[1.391s] DEBUG:colcon.colcon_core.event_handler.log_command:Invoked command in '/home/wuta/WUTA/WUTA-FSD/ros2_ws/build/controller' returned '0': AMENT_PREFIX_PATH=/home/wuta/WUTA/WUTA-FSD/ros2_ws/install/wuta_msgs:/home/wuta/WUTA/WUTA-FSD/ros2_ws/install/autoware_msgs:${AMENT_PREFIX_PATH} CMAKE_PREFIX_PATH=/home/wuta/WUTA/WUTA-FSD/ros2_ws/install/wuta_msgs:/home/wuta/WUTA/WUTA-FSD/ros2_ws/install/autoware_msgs:/opt/ros/humble LD_LIBRARY_PATH=/home/wuta/WUTA/WUTA-FSD/ros2_ws/install/wuta_msgs/lib:/home/wuta/WUTA/WUTA-FSD/ros2_ws/install/autoware_msgs/lib:${LD_LIBRARY_PATH} PYTHONPATH=/home/wuta/WUTA/WUTA-FSD/ros2_ws/install/wuta_msgs/local/lib/python3.10/dist-packages:/home/wuta/WUTA/WUTA-FSD/ros2_ws/install/autoware_msgs/local/lib/python3.10/dist-packages:${PYTHONPATH} /home/wuta/.local/bin/cmake --build /home/wuta/WUTA/WUTA-FSD/ros2_ws/build/controller -- -j12 -l12
[1.392s] DEBUG:colcon.colcon_core.event_handler.log_command:Invoking command in '/home/wuta/WUTA/WUTA-FSD/ros2_ws/build/controller': AMENT_PREFIX_PATH=/home/wuta/WUTA/WUTA-FSD/ros2_ws/install/wuta_msgs:/home/wuta/WUTA/WUTA-FSD/ros2_ws/install/autoware_msgs:${AMENT_PREFIX_PATH} CMAKE_PREFIX_PATH=/home/wuta/WUTA/WUTA-FSD/ros2_ws/install/wuta_msgs:/home/wuta/WUTA/WUTA-FSD/ros2_ws/install/autoware_msgs:/opt/ros/humble LD_LIBRARY_PATH=/home/wuta/WUTA/WUTA-FSD/ros2_ws/install/wuta_msgs/lib:/home/wuta/WUTA/WUTA-FSD/ros2_ws/install/autoware_msgs/lib:${LD_LIBRARY_PATH} PYTHONPATH=/home/wuta/WUTA/WUTA-FSD/ros2_ws/install/wuta_msgs/local/lib/python3.10/dist-packages:/home/wuta/WUTA/WUTA-FSD/ros2_ws/install/autoware_msgs/local/lib/python3.10/dist-packages:${PYTHONPATH} /home/wuta/.local/bin/cmake --install /home/wuta/WUTA/WUTA-FSD/ros2_ws/build/controller
[1.405s] DEBUG:colcon.colcon_core.event_handler.log_command:Invoked command in '/home/wuta/WUTA/WUTA-FSD/ros2_ws/build/cone_map_builder' returned '0': AMENT_PREFIX_PATH=/home/wuta/WUTA/WUTA-FSD/ros2_ws/install/wuta_msgs:${AMENT_PREFIX_PATH} CMAKE_PREFIX_PATH=/home/wuta/WUTA/WUTA-FSD/ros2_ws/install/wuta_msgs:/opt/ros/humble LD_LIBRARY_PATH=/home/wuta/WUTA/WUTA-FSD/ros2_ws/install/wuta_msgs/lib:${LD_LIBRARY_PATH} PYTHONPATH=/home/wuta/WUTA/WUTA-FSD/ros2_ws/install/wuta_msgs/local/lib/python3.10/dist-packages:${PYTHONPATH} /home/wuta/.local/bin/cmake --build /home/wuta/WUTA/WUTA-FSD/ros2_ws/build/cone_map_builder -- -j12 -l12
[1.406s] DEBUG:colcon.colcon_core.event_handler.log_command:Invoking command in '/home/wuta/WUTA/WUTA-FSD/ros2_ws/build/cone_map_builder': AMENT_PREFIX_PATH=/home/wuta/WUTA/WUTA-FSD/ros2_ws/install/wuta_msgs:${AMENT_PREFIX_PATH} CMAKE_PREFIX_PATH=/home/wuta/WUTA/WUTA-FSD/ros2_ws/install/wuta_msgs:/opt/ros/humble LD_LIBRARY_PATH=/home/wuta/WUTA/WUTA-FSD/ros2_ws/install/wuta_msgs/lib:${LD_LIBRARY_PATH} PYTHONPATH=/home/wuta/WUTA/WUTA-FSD/ros2_ws/install/wuta_msgs/local/lib/python3.10/dist-packages:${PYTHONPATH} /home/wuta/.local/bin/cmake --install /home/wuta/WUTA/WUTA-FSD/ros2_ws/build/cone_map_builder
[1.459s] DEBUG:colcon.colcon_core.event_handler.log_command:Invoked command in '/home/wuta/WUTA/WUTA-FSD/ros2_ws/build/lidar_detection' returned '0': AMENT_PREFIX_PATH=/home/wuta/WUTA/WUTA-FSD/ros2_ws/install/wuta_msgs:${AMENT_PREFIX_PATH} CMAKE_PREFIX_PATH=/home/wuta/WUTA/WUTA-FSD/ros2_ws/install/wuta_msgs:/opt/ros/humble LD_LIBRARY_PATH=/home/wuta/WUTA/WUTA-FSD/ros2_ws/install/wuta_msgs/lib:${LD_LIBRARY_PATH} PYTHONPATH=/home/wuta/WUTA/WUTA-FSD/ros2_ws/install/wuta_msgs/local/lib/python3.10/dist-packages:${PYTHONPATH} /home/wuta/.local/bin/cmake --build /home/wuta/WUTA/WUTA-FSD/ros2_ws/build/lidar_detection -- -j12 -l12
[1.469s] DEBUG:colcon.colcon_core.event_handler.log_command:Invoking command in '/home/wuta/WUTA/WUTA-FSD/ros2_ws/build/lidar_detection': AMENT_PREFIX_PATH=/home/wuta/WUTA/WUTA-FSD/ros2_ws/install/wuta_msgs:${AMENT_PREFIX_PATH} CMAKE_PREFIX_PATH=/home/wuta/WUTA/WUTA-FSD/ros2_ws/install/wuta_msgs:/opt/ros/humble LD_LIBRARY_PATH=/home/wuta/WUTA/WUTA-FSD/ros2_ws/install/wuta_msgs/lib:${LD_LIBRARY_PATH} PYTHONPATH=/home/wuta/WUTA/WUTA-FSD/ros2_ws/install/wuta_msgs/local/lib/python3.10/dist-packages:${PYTHONPATH} /home/wuta/.local/bin/cmake --install /home/wuta/WUTA/WUTA-FSD/ros2_ws/build/lidar_detection
[1.471s] DEBUG:colcon.colcon_core.event_handler.log_command:Invoked command in '/home/wuta/WUTA/WUTA-FSD/ros2_ws/build/wuta_tools' returned '0': AMENT_PREFIX_PATH=/home/wuta/WUTA/WUTA-FSD/ros2_ws/install/wuta_msgs:${AMENT_PREFIX_PATH} CMAKE_PREFIX_PATH=/home/wuta/WUTA/WUTA-FSD/ros2_ws/install/wuta_msgs:/opt/ros/humble LD_LIBRARY_PATH=/home/wuta/WUTA/WUTA-FSD/ros2_ws/install/wuta_msgs/lib:${LD_LIBRARY_PATH} PYTHONPATH=/home/wuta/WUTA/WUTA-FSD/ros2_ws/install/wuta_msgs/local/lib/python3.10/dist-packages:${PYTHONPATH} /home/wuta/.local/bin/cmake --build /home/wuta/WUTA/WUTA-FSD/ros2_ws/build/wuta_tools -- -j12 -l12
[1.483s] DEBUG:colcon.colcon_core.event_handler.log_command:Invoking command in '/home/wuta/WUTA/WUTA-FSD/ros2_ws/build/wuta_tools': AMENT_PREFIX_PATH=/home/wuta/WUTA/WUTA-FSD/ros2_ws/install/wuta_msgs:${AMENT_PREFIX_PATH} CMAKE_PREFIX_PATH=/home/wuta/WUTA/WUTA-FSD/ros2_ws/install/wuta_msgs:/opt/ros/humble LD_LIBRARY_PATH=/home/wuta/WUTA/WUTA-FSD/ros2_ws/install/wuta_msgs/lib:${LD_LIBRARY_PATH} PYTHONPATH=/home/wuta/WUTA/WUTA-FSD/ros2_ws/install/wuta_msgs/local/lib/python3.10/dist-packages:${PYTHONPATH} /home/wuta/.local/bin/cmake --install /home/wuta/WUTA/WUTA-FSD/ros2_ws/build/wuta_tools
[1.496s] DEBUG:colcon.colcon_core.event_handler.log_command:Invoked command in '/home/wuta/WUTA/WUTA-FSD/ros2_ws/build/mission_manager' returned '0': AMENT_PREFIX_PATH=/home/wuta/WUTA/WUTA-FSD/ros2_ws/install/wuta_msgs:${AMENT_PREFIX_PATH} CMAKE_PREFIX_PATH=/home/wuta/WUTA/WUTA-FSD/ros2_ws/install/wuta_msgs:/opt/ros/humble LD_LIBRARY_PATH=/home/wuta/WUTA/WUTA-FSD/ros2_ws/install/wuta_msgs/lib:${LD_LIBRARY_PATH} PYTHONPATH=/home/wuta/WUTA/WUTA-FSD/ros2_ws/install/wuta_msgs/local/lib/python3.10/dist-packages:${PYTHONPATH} /home/wuta/.local/bin/cmake --build /home/wuta/WUTA/WUTA-FSD/ros2_ws/build/mission_manager -- -j12 -l12
[1.507s] DEBUG:colcon.colcon_core.event_handler.log_command:Invoking command in '/home/wuta/WUTA/WUTA-FSD/ros2_ws/build/mission_manager': AMENT_PREFIX_PATH=/home/wuta/WUTA/WUTA-FSD/ros2_ws/install/wuta_msgs:${AMENT_PREFIX_PATH} CMAKE_PREFIX_PATH=/home/wuta/WUTA/WUTA-FSD/ros2_ws/install/wuta_msgs:/opt/ros/humble LD_LIBRARY_PATH=/home/wuta/WUTA/WUTA-FSD/ros2_ws/install/wuta_msgs/lib:${LD_LIBRARY_PATH} PYTHONPATH=/home/wuta/WUTA/WUTA-FSD/ros2_ws/install/wuta_msgs/local/lib/python3.10/dist-packages:${PYTHONPATH} /home/wuta/.local/bin/cmake --install /home/wuta/WUTA/WUTA-FSD/ros2_ws/build/mission_manager
[1.537s] DEBUG:colcon.colcon_core.event_handler.log_command:Invoked command in '/home/wuta/WUTA/WUTA-FSD/ros2_ws/build/localization_manager' returned '0': AMENT_PREFIX_PATH=/home/wuta/WUTA/WUTA-FSD/ros2_ws/install/wuta_msgs:/home/wuta/WUTA/WUTA-FSD/ros2_ws/install/robot_localization:/home/wuta/WUTA/WUTA-FSD/ros2_ws/install/kiss_icp:${AMENT_PREFIX_PATH} CMAKE_PREFIX_PATH=/home/wuta/WUTA/WUTA-FSD/ros2_ws/install/wuta_msgs:/home/wuta/WUTA/WUTA-FSD/ros2_ws/install/robot_localization:/home/wuta/WUTA/WUTA-FSD/ros2_ws/install/kiss_icp:/opt/ros/humble LD_LIBRARY_PATH=/home/wuta/WUTA/WUTA-FSD/ros2_ws/install/wuta_msgs/lib:/home/wuta/WUTA/WUTA-FSD/ros2_ws/install/robot_localization/lib:/home/wuta/WUTA/WUTA-FSD/ros2_ws/install/kiss_icp/lib:${LD_LIBRARY_PATH} PYTHONPATH=/home/wuta/WUTA/WUTA-FSD/ros2_ws/install/wuta_msgs/local/lib/python3.10/dist-packages:/home/wuta/WUTA/WUTA-FSD/ros2_ws/install/robot_localization/local/lib/python3.10/dist-packages:${PYTHONPATH} /home/wuta/.local/bin/cmake --build /home/wuta/WUTA/WUTA-FSD/ros2_ws/build/localization_manager -- -j12 -l12
[1.541s] DEBUG:colcon.colcon_core.event_handler.log_command:Invoking command in '/home/wuta/WUTA/WUTA-FSD/ros2_ws/build/localization_manager': AMENT_PREFIX_PATH=/home/wuta/WUTA/WUTA-FSD/ros2_ws/install/wuta_msgs:/home/wuta/WUTA/WUTA-FSD/ros2_ws/install/robot_localization:/home/wuta/WUTA/WUTA-FSD/ros2_ws/install/kiss_icp:${AMENT_PREFIX_PATH} CMAKE_PREFIX_PATH=/home/wuta/WUTA/WUTA-FSD/ros2_ws/install/wuta_msgs:/home/wuta/WUTA/WUTA-FSD/ros2_ws/install/robot_localization:/home/wuta/WUTA/WUTA-FSD/ros2_ws/install/kiss_icp:/opt/ros/humble LD_LIBRARY_PATH=/home/wuta/WUTA/WUTA-FSD/ros2_ws/install/wuta_msgs/lib:/home/wuta/WUTA/WUTA-FSD/ros2_ws/install/robot_localization/lib:/home/wuta/WUTA/WUTA-FSD/ros2_ws/install/kiss_icp/lib:${LD_LIBRARY_PATH} PYTHONPATH=/home/wuta/WUTA/WUTA-FSD/ros2_ws/install/wuta_msgs/local/lib/python3.10/dist-packages:/home/wuta/WUTA/WUTA-FSD/ros2_ws/install/robot_localization/local/lib/python3.10/dist-packages:${PYTHONPATH} /home/wuta/.local/bin/cmake --install /home/wuta/WUTA/WUTA-FSD/ros2_ws/build/localization_manager
[1.555s] DEBUG:colcon.colcon_core.event_handler.log_command:Invoked command in '/home/wuta/WUTA/WUTA-FSD/ros2_ws/build/path_generator' returned '0': AMENT_PREFIX_PATH=/home/wuta/WUTA/WUTA-FSD/ros2_ws/install/wuta_msgs:${AMENT_PREFIX_PATH} CMAKE_PREFIX_PATH=/home/wuta/WUTA/WUTA-FSD/ros2_ws/install/wuta_msgs:/opt/ros/humble LD_LIBRARY_PATH=/home/wuta/WUTA/WUTA-FSD/ros2_ws/install/wuta_msgs/lib:${LD_LIBRARY_PATH} PYTHONPATH=/home/wuta/WUTA/WUTA-FSD/ros2_ws/install/wuta_msgs/local/lib/python3.10/dist-packages:${PYTHONPATH} /home/wuta/.local/bin/cmake --build /home/wuta/WUTA/WUTA-FSD/ros2_ws/build/path_generator -- -j12 -l12
[1.556s] DEBUG:colcon.colcon_core.event_handler.log_command:Invoking command in '/home/wuta/WUTA/WUTA-FSD/ros2_ws/build/path_generator': AMENT_PREFIX_PATH=/home/wuta/WUTA/WUTA-FSD/ros2_ws/install/wuta_msgs:${AMENT_PREFIX_PATH} CMAKE_PREFIX_PATH=/home/wuta/WUTA/WUTA-FSD/ros2_ws/install/wuta_msgs:/opt/ros/humble LD_LIBRARY_PATH=/home/wuta/WUTA/WUTA-FSD/ros2_ws/install/wuta_msgs/lib:${LD_LIBRARY_PATH} PYTHONPATH=/home/wuta/WUTA/WUTA-FSD/ros2_ws/install/wuta_msgs/local/lib/python3.10/dist-packages:${PYTHONPATH} /home/wuta/.local/bin/cmake --install /home/wuta/WUTA/WUTA-FSD/ros2_ws/build/path_generator
[1.566s] Level 1:colcon.colcon_core.environment:create_environment_scripts_only(camera_detection)
[1.567s] Level 1:colcon.colcon_core.environment:checking '/home/wuta/WUTA/WUTA-FSD/ros2_ws/install/camera_detection' for CMake module files
[1.568s] Level 1:colcon.colcon_core.environment:checking '/home/wuta/WUTA/WUTA-FSD/ros2_ws/install/camera_detection' for CMake config files
[1.568s] Level 1:colcon.colcon_core.shell:create_environment_hook('camera_detection', 'cmake_prefix_path')
[1.569s] INFO:colcon.colcon_core.shell:Creating environment hook '/home/wuta/WUTA/WUTA-FSD/ros2_ws/install/camera_detection/share/camera_detection/hook/cmake_prefix_path.ps1'
[1.572s] DEBUG:colcon.colcon_core.event_handler.log_command:Invoked command in '/home/wuta/WUTA/WUTA-FSD/ros2_ws/build/camera_detection' returned '0': AMENT_PREFIX_PATH=/home/wuta/WUTA/WUTA-FSD/ros2_ws/install/wuta_msgs:${AMENT_PREFIX_PATH} CMAKE_PREFIX_PATH=/home/wuta/WUTA/WUTA-FSD/ros2_ws/install/wuta_msgs:/opt/ros/humble LD_LIBRARY_PATH=/home/wuta/WUTA/WUTA-FSD/ros2_ws/install/wuta_msgs/lib:${LD_LIBRARY_PATH} PYTHONPATH=/home/wuta/WUTA/WUTA-FSD/ros2_ws/install/wuta_msgs/local/lib/python3.10/dist-packages:${PYTHONPATH} /home/wuta/.local/bin/cmake --install /home/wuta/WUTA/WUTA-FSD/ros2_ws/build/camera_detection
[1.573s] INFO:colcon.colcon_core.shell:Creating environment descriptor '/home/wuta/WUTA/WUTA-FSD/ros2_ws/install/camera_detection/share/camera_detection/hook/cmake_prefix_path.dsv'
[1.573s] INFO:colcon.colcon_core.shell:Creating environment hook '/home/wuta/WUTA/WUTA-FSD/ros2_ws/install/camera_detection/share/camera_detection/hook/cmake_prefix_path.sh'
[1.574s] Level 1:colcon.colcon_core.environment:checking '/home/wuta/WUTA/WUTA-FSD/ros2_ws/install/camera_detection/bin'
[1.575s] Level 1:colcon.colcon_core.environment:checking '/home/wuta/WUTA/WUTA-FSD/ros2_ws/install/camera_detection/lib/pkgconfig/camera_detection.pc'
[1.575s] Level 1:colcon.colcon_core.environment:checking '/home/wuta/WUTA/WUTA-FSD/ros2_ws/install/camera_detection/lib/python3.10/site-packages'
[1.580s] Level 1:colcon.colcon_core.environment:checking '/home/wuta/WUTA/WUTA-FSD/ros2_ws/install/camera_detection/bin'
[1.580s] INFO:colcon.colcon_core.shell:Creating package script '/home/wuta/WUTA/WUTA-FSD/ros2_ws/install/camera_detection/share/camera_detection/package.ps1'
[1.582s] INFO:colcon.colcon_core.shell:Creating package descriptor '/home/wuta/WUTA/WUTA-FSD/ros2_ws/install/camera_detection/share/camera_detection/package.dsv'
[1.582s] INFO:colcon.colcon_core.shell:Creating package script '/home/wuta/WUTA/WUTA-FSD/ros2_ws/install/camera_detection/share/camera_detection/package.sh'
[1.586s] INFO:colcon.colcon_core.shell:Creating package script '/home/wuta/WUTA/WUTA-FSD/ros2_ws/install/camera_detection/share/camera_detection/package.bash'
[1.587s] INFO:colcon.colcon_core.shell:Creating package script '/home/wuta/WUTA/WUTA-FSD/ros2_ws/install/camera_detection/share/camera_detection/package.zsh'
[1.588s] Level 1:colcon.colcon_core.environment:create_file_with_runtime_dependencies(/home/wuta/WUTA/WUTA-FSD/ros2_ws/install/camera_detection/share/colcon-core/packages/camera_detection)
[1.589s] Level 1:colcon.colcon_core.environment:create_environment_scripts_only(camera_detection)
[1.593s] Level 1:colcon.colcon_core.environment:checking '/home/wuta/WUTA/WUTA-FSD/ros2_ws/install/camera_detection' for CMake module files
[1.594s] Level 1:colcon.colcon_core.environment:checking '/home/wuta/WUTA/WUTA-FSD/ros2_ws/install/camera_detection' for CMake config files
[1.594s] Level 1:colcon.colcon_core.shell:create_environment_hook('camera_detection', 'cmake_prefix_path')
[1.595s] INFO:colcon.colcon_core.shell:Creating environment hook '/home/wuta/WUTA/WUTA-FSD/ros2_ws/install/camera_detection/share/camera_detection/hook/cmake_prefix_path.ps1'
[1.596s] INFO:colcon.colcon_core.shell:Creating environment descriptor '/home/wuta/WUTA/WUTA-FSD/ros2_ws/install/camera_detection/share/camera_detection/hook/cmake_prefix_path.dsv'
[1.599s] INFO:colcon.colcon_core.shell:Creating environment hook '/home/wuta/WUTA/WUTA-FSD/ros2_ws/install/camera_detection/share/camera_detection/hook/cmake_prefix_path.sh'
[1.604s] Level 1:colcon.colcon_core.environment:checking '/home/wuta/WUTA/WUTA-FSD/ros2_ws/install/camera_detection/bin'
[1.604s] Level 1:colcon.colcon_core.environment:checking '/home/wuta/WUTA/WUTA-FSD/ros2_ws/install/camera_detection/lib/pkgconfig/camera_detection.pc'
[1.605s] Level 1:colcon.colcon_core.environment:checking '/home/wuta/WUTA/WUTA-FSD/ros2_ws/install/camera_detection/lib/python3.10/site-packages'
[1.606s] Level 1:colcon.colcon_core.environment:checking '/home/wuta/WUTA/WUTA-FSD/ros2_ws/install/camera_detection/bin'
[1.606s] INFO:colcon.colcon_core.shell:Creating package script '/home/wuta/WUTA/WUTA-FSD/ros2_ws/install/camera_detection/share/camera_detection/package.ps1'
[1.607s] INFO:colcon.colcon_core.shell:Creating package descriptor '/home/wuta/WUTA/WUTA-FSD/ros2_ws/install/camera_detection/share/camera_detection/package.dsv'
[1.608s] INFO:colcon.colcon_core.shell:Creating package script '/home/wuta/WUTA/WUTA-FSD/ros2_ws/install/camera_detection/share/camera_detection/package.sh'
[1.609s] INFO:colcon.colcon_core.shell:Creating package script '/home/wuta/WUTA/WUTA-FSD/ros2_ws/install/camera_detection/share/camera_detection/package.bash'
[1.613s] INFO:colcon.colcon_core.shell:Creating package script '/home/wuta/WUTA/WUTA-FSD/ros2_ws/install/camera_detection/share/camera_detection/package.zsh'
[1.614s] Level 1:colcon.colcon_core.environment:create_file_with_runtime_dependencies(/home/wuta/WUTA/WUTA-FSD/ros2_ws/install/camera_detection/share/colcon-core/packages/camera_detection)
[1.641s] DEBUG:colcon.colcon_core.event_handler.log_command:Invoked command in '/home/wuta/WUTA/WUTA-FSD/ros2_ws/build/ndt_localization' returned '0': AMENT_PREFIX_PATH=/home/wuta/WUTA/WUTA-FSD/ros2_ws/install/wuta_msgs:${AMENT_PREFIX_PATH} CMAKE_PREFIX_PATH=/home/wuta/WUTA/WUTA-FSD/ros2_ws/install/wuta_msgs:/opt/ros/humble LD_LIBRARY_PATH=/home/wuta/WUTA/WUTA-FSD/ros2_ws/install/wuta_msgs/lib:${LD_LIBRARY_PATH} PYTHONPATH=/home/wuta/WUTA/WUTA-FSD/ros2_ws/install/wuta_msgs/local/lib/python3.10/dist-packages:${PYTHONPATH} /home/wuta/.local/bin/cmake --build /home/wuta/WUTA/WUTA-FSD/ros2_ws/build/ndt_localization -- -j12 -l12
[1.642s] Level 1:colcon.colcon_core.environment:create_environment_scripts_only(detection_fusion)
[1.643s] Level 1:colcon.colcon_core.environment:checking '/home/wuta/WUTA/WUTA-FSD/ros2_ws/install/detection_fusion' for CMake module files
[1.644s] Level 1:colcon.colcon_core.environment:checking '/home/wuta/WUTA/WUTA-FSD/ros2_ws/install/detection_fusion' for CMake config files
[1.644s] Level 1:colcon.colcon_core.shell:create_environment_hook('detection_fusion', 'cmake_prefix_path')
[1.645s] INFO:colcon.colcon_core.shell:Creating environment hook '/home/wuta/WUTA/WUTA-FSD/ros2_ws/install/detection_fusion/share/detection_fusion/hook/cmake_prefix_path.ps1'
[1.645s] INFO:colcon.colcon_core.shell:Creating environment descriptor '/home/wuta/WUTA/WUTA-FSD/ros2_ws/install/detection_fusion/share/detection_fusion/hook/cmake_prefix_path.dsv'
[1.647s] DEBUG:colcon.colcon_core.event_handler.log_command:Invoking command in '/home/wuta/WUTA/WUTA-FSD/ros2_ws/build/ndt_localization': AMENT_PREFIX_PATH=/home/wuta/WUTA/WUTA-FSD/ros2_ws/install/wuta_msgs:${AMENT_PREFIX_PATH} CMAKE_PREFIX_PATH=/home/wuta/WUTA/WUTA-FSD/ros2_ws/install/wuta_msgs:/opt/ros/humble LD_LIBRARY_PATH=/home/wuta/WUTA/WUTA-FSD/ros2_ws/install/wuta_msgs/lib:${LD_LIBRARY_PATH} PYTHONPATH=/home/wuta/WUTA/WUTA-FSD/ros2_ws/install/wuta_msgs/local/lib/python3.10/dist-packages:${PYTHONPATH} /home/wuta/.local/bin/cmake --install /home/wuta/WUTA/WUTA-FSD/ros2_ws/build/ndt_localization
[1.647s] DEBUG:colcon.colcon_core.event_handler.log_command:Invoked command in '/home/wuta/WUTA/WUTA-FSD/ros2_ws/build/detection_fusion' returned '0': AMENT_PREFIX_PATH=/home/wuta/WUTA/WUTA-FSD/ros2_ws/install/wuta_msgs:${AMENT_PREFIX_PATH} CMAKE_PREFIX_PATH=/home/wuta/WUTA/WUTA-FSD/ros2_ws/install/wuta_msgs:/opt/ros/humble LD_LIBRARY_PATH=/home/wuta/WUTA/WUTA-FSD/ros2_ws/install/wuta_msgs/lib:${LD_LIBRARY_PATH} PYTHONPATH=/home/wuta/WUTA/WUTA-FSD/ros2_ws/install/wuta_msgs/local/lib/python3.10/dist-packages:${PYTHONPATH} /home/wuta/.local/bin/cmake --install /home/wuta/WUTA/WUTA-FSD/ros2_ws/build/detection_fusion
[1.648s] INFO:colcon.colcon_core.shell:Creating environment hook '/home/wuta/WUTA/WUTA-FSD/ros2_ws/install/detection_fusion/share/detection_fusion/hook/cmake_prefix_path.sh'
[1.649s] Level 1:colcon.colcon_core.environment:checking '/home/wuta/WUTA/WUTA-FSD/ros2_ws/install/detection_fusion/bin'
[1.649s] Level 1:colcon.colcon_core.environment:checking '/home/wuta/WUTA/WUTA-FSD/ros2_ws/install/detection_fusion/lib/pkgconfig/detection_fusion.pc'
[1.649s] Level 1:colcon.colcon_core.environment:checking '/home/wuta/WUTA/WUTA-FSD/ros2_ws/install/detection_fusion/lib/python3.10/site-packages'
[1.650s] Level 1:colcon.colcon_core.environment:checking '/home/wuta/WUTA/WUTA-FSD/ros2_ws/install/detection_fusion/bin'
[1.651s] INFO:colcon.colcon_core.shell:Creating package script '/home/wuta/WUTA/WUTA-FSD/ros2_ws/install/detection_fusion/share/detection_fusion/package.ps1'
[1.652s] INFO:colcon.colcon_core.shell:Creating package descriptor '/home/wuta/WUTA/WUTA-FSD/ros2_ws/install/detection_fusion/share/detection_fusion/package.dsv'
[1.653s] INFO:colcon.colcon_core.shell:Creating package script '/home/wuta/WUTA/WUTA-FSD/ros2_ws/install/detection_fusion/share/detection_fusion/package.sh'
[1.653s] INFO:colcon.colcon_core.shell:Creating package script '/home/wuta/WUTA/WUTA-FSD/ros2_ws/install/detection_fusion/share/detection_fusion/package.bash'
[1.654s] INFO:colcon.colcon_core.shell:Creating package script '/home/wuta/WUTA/WUTA-FSD/ros2_ws/install/detection_fusion/share/detection_fusion/package.zsh'
[1.655s] Level 1:colcon.colcon_core.environment:create_file_with_runtime_dependencies(/home/wuta/WUTA/WUTA-FSD/ros2_ws/install/detection_fusion/share/colcon-core/packages/detection_fusion)
[1.656s] Level 1:colcon.colcon_core.environment:create_environment_scripts_only(detection_fusion)
[1.657s] Level 1:colcon.colcon_core.environment:checking '/home/wuta/WUTA/WUTA-FSD/ros2_ws/install/detection_fusion' for CMake module files
[1.657s] Level 1:colcon.colcon_core.environment:checking '/home/wuta/WUTA/WUTA-FSD/ros2_ws/install/detection_fusion' for CMake config files
[1.658s] Level 1:colcon.colcon_core.shell:create_environment_hook('detection_fusion', 'cmake_prefix_path')
[1.658s] INFO:colcon.colcon_core.shell:Creating environment hook '/home/wuta/WUTA/WUTA-FSD/ros2_ws/install/detection_fusion/share/detection_fusion/hook/cmake_prefix_path.ps1'
[1.659s] INFO:colcon.colcon_core.shell:Creating environment descriptor '/home/wuta/WUTA/WUTA-FSD/ros2_ws/install/detection_fusion/share/detection_fusion/hook/cmake_prefix_path.dsv'
[1.660s] INFO:colcon.colcon_core.shell:Creating environment hook '/home/wuta/WUTA/WUTA-FSD/ros2_ws/install/detection_fusion/share/detection_fusion/hook/cmake_prefix_path.sh'
[1.661s] Level 1:colcon.colcon_core.environment:checking '/home/wuta/WUTA/WUTA-FSD/ros2_ws/install/detection_fusion/bin'
[1.661s] Level 1:colcon.colcon_core.environment:checking '/home/wuta/WUTA/WUTA-FSD/ros2_ws/install/detection_fusion/lib/pkgconfig/detection_fusion.pc'
[1.661s] Level 1:colcon.colcon_core.environment:checking '/home/wuta/WUTA/WUTA-FSD/ros2_ws/install/detection_fusion/lib/python3.10/site-packages'
[1.662s] Level 1:colcon.colcon_core.environment:checking '/home/wuta/WUTA/WUTA-FSD/ros2_ws/install/detection_fusion/bin'
[1.663s] INFO:colcon.colcon_core.shell:Creating package script '/home/wuta/WUTA/WUTA-FSD/ros2_ws/install/detection_fusion/share/detection_fusion/package.ps1'
[1.664s] INFO:colcon.colcon_core.shell:Creating package descriptor '/home/wuta/WUTA/WUTA-FSD/ros2_ws/install/detection_fusion/share/detection_fusion/package.dsv'
[1.665s] INFO:colcon.colcon_core.shell:Creating package script '/home/wuta/WUTA/WUTA-FSD/ros2_ws/install/detection_fusion/share/detection_fusion/package.sh'
[1.666s] INFO:colcon.colcon_core.shell:Creating package script '/home/wuta/WUTA/WUTA-FSD/ros2_ws/install/detection_fusion/share/detection_fusion/package.bash'
[1.666s] INFO:colcon.colcon_core.shell:Creating package script '/home/wuta/WUTA/WUTA-FSD/ros2_ws/install/detection_fusion/share/detection_fusion/package.zsh'
[1.667s] Level 1:colcon.colcon_core.environment:create_file_with_runtime_dependencies(/home/wuta/WUTA/WUTA-FSD/ros2_ws/install/detection_fusion/share/colcon-core/packages/detection_fusion)
[1.668s] Level 1:colcon.colcon_core.environment:create_environment_scripts_only(kiss_icp_wrapper)
[1.669s] DEBUG:colcon.colcon_core.event_handler.log_command:Invoked command in '/home/wuta/WUTA/WUTA-FSD/ros2_ws/build/kiss_icp_wrapper' returned '0': AMENT_PREFIX_PATH=/home/wuta/WUTA/WUTA-FSD/ros2_ws/install/wuta_msgs:${AMENT_PREFIX_PATH} CMAKE_PREFIX_PATH=/home/wuta/WUTA/WUTA-FSD/ros2_ws/install/wuta_msgs:/opt/ros/humble LD_LIBRARY_PATH=/home/wuta/WUTA/WUTA-FSD/ros2_ws/install/wuta_msgs/lib:${LD_LIBRARY_PATH} PYTHONPATH=/home/wuta/WUTA/WUTA-FSD/ros2_ws/install/wuta_msgs/local/lib/python3.10/dist-packages:${PYTHONPATH} /home/wuta/.local/bin/cmake --install /home/wuta/WUTA/WUTA-FSD/ros2_ws/build/kiss_icp_wrapper
[1.669s] Level 1:colcon.colcon_core.environment:checking '/home/wuta/WUTA/WUTA-FSD/ros2_ws/install/kiss_icp_wrapper' for CMake module files
[1.670s] Level 1:colcon.colcon_core.environment:checking '/home/wuta/WUTA/WUTA-FSD/ros2_ws/install/kiss_icp_wrapper' for CMake config files
[1.671s] Level 1:colcon.colcon_core.shell:create_environment_hook('kiss_icp_wrapper', 'cmake_prefix_path')
[1.671s] INFO:colcon.colcon_core.shell:Creating environment hook '/home/wuta/WUTA/WUTA-FSD/ros2_ws/install/kiss_icp_wrapper/share/kiss_icp_wrapper/hook/cmake_prefix_path.ps1'
[1.672s] INFO:colcon.colcon_core.shell:Creating environment descriptor '/home/wuta/WUTA/WUTA-FSD/ros2_ws/install/kiss_icp_wrapper/share/kiss_icp_wrapper/hook/cmake_prefix_path.dsv'
[1.672s] INFO:colcon.colcon_core.shell:Creating environment hook '/home/wuta/WUTA/WUTA-FSD/ros2_ws/install/kiss_icp_wrapper/share/kiss_icp_wrapper/hook/cmake_prefix_path.sh'
[1.673s] Level 1:colcon.colcon_core.environment:checking '/home/wuta/WUTA/WUTA-FSD/ros2_ws/install/kiss_icp_wrapper/bin'
[1.673s] Level 1:colcon.colcon_core.environment:checking '/home/wuta/WUTA/WUTA-FSD/ros2_ws/install/kiss_icp_wrapper/lib/pkgconfig/kiss_icp_wrapper.pc'
[1.674s] Level 1:colcon.colcon_core.environment:checking '/home/wuta/WUTA/WUTA-FSD/ros2_ws/install/kiss_icp_wrapper/lib/python3.10/site-packages'
[1.675s] Level 1:colcon.colcon_core.environment:checking '/home/wuta/WUTA/WUTA-FSD/ros2_ws/install/kiss_icp_wrapper/bin'
[1.675s] INFO:colcon.colcon_core.shell:Creating package script '/home/wuta/WUTA/WUTA-FSD/ros2_ws/install/kiss_icp_wrapper/share/kiss_icp_wrapper/package.ps1'
[1.676s] INFO:colcon.colcon_core.shell:Creating package descriptor '/home/wuta/WUTA/WUTA-FSD/ros2_ws/install/kiss_icp_wrapper/share/kiss_icp_wrapper/package.dsv'
[1.677s] INFO:colcon.colcon_core.shell:Creating package script '/home/wuta/WUTA/WUTA-FSD/ros2_ws/install/kiss_icp_wrapper/share/kiss_icp_wrapper/package.sh'
[1.678s] INFO:colcon.colcon_core.shell:Creating package script '/home/wuta/WUTA/WUTA-FSD/ros2_ws/install/kiss_icp_wrapper/share/kiss_icp_wrapper/package.bash'
[1.678s] INFO:colcon.colcon_core.shell:Creating package script '/home/wuta/WUTA/WUTA-FSD/ros2_ws/install/kiss_icp_wrapper/share/kiss_icp_wrapper/package.zsh'
[1.679s] Level 1:colcon.colcon_core.environment:create_file_with_runtime_dependencies(/home/wuta/WUTA/WUTA-FSD/ros2_ws/install/kiss_icp_wrapper/share/colcon-core/packages/kiss_icp_wrapper)
[1.680s] Level 1:colcon.colcon_core.environment:create_environment_scripts_only(kiss_icp_wrapper)
[1.681s] Level 1:colcon.colcon_core.environment:checking '/home/wuta/WUTA/WUTA-FSD/ros2_ws/install/kiss_icp_wrapper' for CMake module files
[1.682s] Level 1:colcon.colcon_core.environment:checking '/home/wuta/WUTA/WUTA-FSD/ros2_ws/install/kiss_icp_wrapper' for CMake config files
[1.682s] Level 1:colcon.colcon_core.shell:create_environment_hook('kiss_icp_wrapper', 'cmake_prefix_path')
[1.683s] INFO:colcon.colcon_core.shell:Creating environment hook '/home/wuta/WUTA/WUTA-FSD/ros2_ws/install/kiss_icp_wrapper/share/kiss_icp_wrapper/hook/cmake_prefix_path.ps1'
[1.683s] INFO:colcon.colcon_core.shell:Creating environment descriptor '/home/wuta/WUTA/WUTA-FSD/ros2_ws/install/kiss_icp_wrapper/share/kiss_icp_wrapper/hook/cmake_prefix_path.dsv'
[1.684s] INFO:colcon.colcon_core.shell:Creating environment hook '/home/wuta/WUTA/WUTA-FSD/ros2_ws/install/kiss_icp_wrapper/share/kiss_icp_wrapper/hook/cmake_prefix_path.sh'
[1.685s] Level 1:colcon.colcon_core.environment:checking '/home/wuta/WUTA/WUTA-FSD/ros2_ws/install/kiss_icp_wrapper/bin'
[1.685s] Level 1:colcon.colcon_core.environment:checking '/home/wuta/WUTA/WUTA-FSD/ros2_ws/install/kiss_icp_wrapper/lib/pkgconfig/kiss_icp_wrapper.pc'
[1.686s] Level 1:colcon.colcon_core.environment:checking '/home/wuta/WUTA/WUTA-FSD/ros2_ws/install/kiss_icp_wrapper/lib/python3.10/site-packages'
[1.686s] Level 1:colcon.colcon_core.environment:checking '/home/wuta/WUTA/WUTA-FSD/ros2_ws/install/kiss_icp_wrapper/bin'
[1.687s] INFO:colcon.colcon_core.shell:Creating package script '/home/wuta/WUTA/WUTA-FSD/ros2_ws/install/kiss_icp_wrapper/share/kiss_icp_wrapper/package.ps1'
[1.688s] INFO:colcon.colcon_core.shell:Creating package descriptor '/home/wuta/WUTA/WUTA-FSD/ros2_ws/install/kiss_icp_wrapper/share/kiss_icp_wrapper/package.dsv'
[1.689s] INFO:colcon.colcon_core.shell:Creating package script '/home/wuta/WUTA/WUTA-FSD/ros2_ws/install/kiss_icp_wrapper/share/kiss_icp_wrapper/package.sh'
[1.690s] INFO:colcon.colcon_core.shell:Creating package script '/home/wuta/WUTA/WUTA-FSD/ros2_ws/install/kiss_icp_wrapper/share/kiss_icp_wrapper/package.bash'
[1.690s] INFO:colcon.colcon_core.shell:Creating package script '/home/wuta/WUTA/WUTA-FSD/ros2_ws/install/kiss_icp_wrapper/share/kiss_icp_wrapper/package.zsh'
[1.691s] Level 1:colcon.colcon_core.environment:create_file_with_runtime_dependencies(/home/wuta/WUTA/WUTA-FSD/ros2_ws/install/kiss_icp_wrapper/share/colcon-core/packages/kiss_icp_wrapper)
[1.693s] Level 1:colcon.colcon_core.environment:create_environment_scripts_only(controller)
[1.693s] Level 1:colcon.colcon_core.environment:checking '/home/wuta/WUTA/WUTA-FSD/ros2_ws/install/controller' for CMake module files
[1.694s] Level 1:colcon.colcon_core.environment:checking '/home/wuta/WUTA/WUTA-FSD/ros2_ws/install/controller' for CMake config files
[1.695s] Level 1:colcon.colcon_core.shell:create_environment_hook('controller', 'cmake_prefix_path')
[1.695s] INFO:colcon.colcon_core.shell:Creating environment hook '/home/wuta/WUTA/WUTA-FSD/ros2_ws/install/controller/share/controller/hook/cmake_prefix_path.ps1'
[1.699s] DEBUG:colcon.colcon_core.event_handler.log_command:Invoked command in '/home/wuta/WUTA/WUTA-FSD/ros2_ws/build/controller' returned '0': AMENT_PREFIX_PATH=/home/wuta/WUTA/WUTA-FSD/ros2_ws/install/wuta_msgs:/home/wuta/WUTA/WUTA-FSD/ros2_ws/install/autoware_msgs:${AMENT_PREFIX_PATH} CMAKE_PREFIX_PATH=/home/wuta/WUTA/WUTA-FSD/ros2_ws/install/wuta_msgs:/home/wuta/WUTA/WUTA-FSD/ros2_ws/install/autoware_msgs:/opt/ros/humble LD_LIBRARY_PATH=/home/wuta/WUTA/WUTA-FSD/ros2_ws/install/wuta_msgs/lib:/home/wuta/WUTA/WUTA-FSD/ros2_ws/install/autoware_msgs/lib:${LD_LIBRARY_PATH} PYTHONPATH=/home/wuta/WUTA/WUTA-FSD/ros2_ws/install/wuta_msgs/local/lib/python3.10/dist-packages:/home/wuta/WUTA/WUTA-FSD/ros2_ws/install/autoware_msgs/local/lib/python3.10/dist-packages:${PYTHONPATH} /home/wuta/.local/bin/cmake --install /home/wuta/WUTA/WUTA-FSD/ros2_ws/build/controller
[1.699s] INFO:colcon.colcon_core.shell:Creating environment descriptor '/home/wuta/WUTA/WUTA-FSD/ros2_ws/install/controller/share/controller/hook/cmake_prefix_path.dsv'
[1.700s] INFO:colcon.colcon_core.shell:Creating environment hook '/home/wuta/WUTA/WUTA-FSD/ros2_ws/install/controller/share/controller/hook/cmake_prefix_path.sh'
[1.701s] Level 1:colcon.colcon_core.environment:checking '/home/wuta/WUTA/WUTA-FSD/ros2_ws/install/controller/lib'
[1.701s] Level 1:colcon.colcon_core.environment:checking '/home/wuta/WUTA/WUTA-FSD/ros2_ws/install/controller/bin'
[1.701s] Level 1:colcon.colcon_core.environment:checking '/home/wuta/WUTA/WUTA-FSD/ros2_ws/install/controller/lib/pkgconfig/controller.pc'
[1.702s] Level 1:colcon.colcon_core.environment:checking '/home/wuta/WUTA/WUTA-FSD/ros2_ws/install/controller/lib/python3.10/site-packages'
[1.702s] Level 1:colcon.colcon_core.environment:checking '/home/wuta/WUTA/WUTA-FSD/ros2_ws/install/controller/bin'
[1.703s] INFO:colcon.colcon_core.shell:Creating package script '/home/wuta/WUTA/WUTA-FSD/ros2_ws/install/controller/share/controller/package.ps1'
[1.704s] INFO:colcon.colcon_core.shell:Creating package descriptor '/home/wuta/WUTA/WUTA-FSD/ros2_ws/install/controller/share/controller/package.dsv'
[1.708s] INFO:colcon.colcon_core.shell:Creating package script '/home/wuta/WUTA/WUTA-FSD/ros2_ws/install/controller/share/controller/package.sh'
[1.709s] INFO:colcon.colcon_core.shell:Creating package script '/home/wuta/WUTA/WUTA-FSD/ros2_ws/install/controller/share/controller/package.bash'
[1.709s] INFO:colcon.colcon_core.shell:Creating package script '/home/wuta/WUTA/WUTA-FSD/ros2_ws/install/controller/share/controller/package.zsh'
[1.710s] Level 1:colcon.colcon_core.environment:create_file_with_runtime_dependencies(/home/wuta/WUTA/WUTA-FSD/ros2_ws/install/controller/share/colcon-core/packages/controller)
[1.715s] Level 1:colcon.colcon_core.environment:create_environment_scripts_only(controller)
[1.715s] Level 1:colcon.colcon_core.environment:checking '/home/wuta/WUTA/WUTA-FSD/ros2_ws/install/controller' for CMake module files
[1.720s] Level 1:colcon.colcon_core.environment:checking '/home/wuta/WUTA/WUTA-FSD/ros2_ws/install/controller' for CMake config files
[1.720s] Level 1:colcon.colcon_core.shell:create_environment_hook('controller', 'cmake_prefix_path')
[1.721s] INFO:colcon.colcon_core.shell:Creating environment hook '/home/wuta/WUTA/WUTA-FSD/ros2_ws/install/controller/share/controller/hook/cmake_prefix_path.ps1'
[1.722s] INFO:colcon.colcon_core.shell:Creating environment descriptor '/home/wuta/WUTA/WUTA-FSD/ros2_ws/install/controller/share/controller/hook/cmake_prefix_path.dsv'
[1.722s] INFO:colcon.colcon_core.shell:Creating environment hook '/home/wuta/WUTA/WUTA-FSD/ros2_ws/install/controller/share/controller/hook/cmake_prefix_path.sh'
[1.723s] Level 1:colcon.colcon_core.environment:checking '/home/wuta/WUTA/WUTA-FSD/ros2_ws/install/controller/lib'
[1.724s] Level 1:colcon.colcon_core.environment:checking '/home/wuta/WUTA/WUTA-FSD/ros2_ws/install/controller/bin'
[1.724s] Level 1:colcon.colcon_core.environment:checking '/home/wuta/WUTA/WUTA-FSD/ros2_ws/install/controller/lib/pkgconfig/controller.pc'
[1.724s] Level 1:colcon.colcon_core.environment:checking '/home/wuta/WUTA/WUTA-FSD/ros2_ws/install/controller/lib/python3.10/site-packages'
[1.725s] Level 1:colcon.colcon_core.environment:checking '/home/wuta/WUTA/WUTA-FSD/ros2_ws/install/controller/bin'
[1.726s] INFO:colcon.colcon_core.shell:Creating package script '/home/wuta/WUTA/WUTA-FSD/ros2_ws/install/controller/share/controller/package.ps1'
[1.727s] INFO:colcon.colcon_core.shell:Creating package descriptor '/home/wuta/WUTA/WUTA-FSD/ros2_ws/install/controller/share/controller/package.dsv'
[1.728s] INFO:colcon.colcon_core.shell:Creating package script '/home/wuta/WUTA/WUTA-FSD/ros2_ws/install/controller/share/controller/package.sh'
[1.729s] INFO:colcon.colcon_core.shell:Creating package script '/home/wuta/WUTA/WUTA-FSD/ros2_ws/install/controller/share/controller/package.bash'
[1.730s] INFO:colcon.colcon_core.shell:Creating package script '/home/wuta/WUTA/WUTA-FSD/ros2_ws/install/controller/share/controller/package.zsh'
[1.731s] Level 1:colcon.colcon_core.environment:create_file_with_runtime_dependencies(/home/wuta/WUTA/WUTA-FSD/ros2_ws/install/controller/share/colcon-core/packages/controller)
[1.732s] Level 1:colcon.colcon_core.environment:create_environment_scripts_only(cone_map_builder)
[1.732s] Level 1:colcon.colcon_core.environment:checking '/home/wuta/WUTA/WUTA-FSD/ros2_ws/install/cone_map_builder' for CMake module files
[1.733s] Level 1:colcon.colcon_core.environment:checking '/home/wuta/WUTA/WUTA-FSD/ros2_ws/install/cone_map_builder' for CMake config files
[1.735s] DEBUG:colcon.colcon_core.event_handler.log_command:Invoked command in '/home/wuta/WUTA/WUTA-FSD/ros2_ws/build/cone_map_builder' returned '0': AMENT_PREFIX_PATH=/home/wuta/WUTA/WUTA-FSD/ros2_ws/install/wuta_msgs:${AMENT_PREFIX_PATH} CMAKE_PREFIX_PATH=/home/wuta/WUTA/WUTA-FSD/ros2_ws/install/wuta_msgs:/opt/ros/humble LD_LIBRARY_PATH=/home/wuta/WUTA/WUTA-FSD/ros2_ws/install/wuta_msgs/lib:${LD_LIBRARY_PATH} PYTHONPATH=/home/wuta/WUTA/WUTA-FSD/ros2_ws/install/wuta_msgs/local/lib/python3.10/dist-packages:${PYTHONPATH} /home/wuta/.local/bin/cmake --install /home/wuta/WUTA/WUTA-FSD/ros2_ws/build/cone_map_builder
[1.735s] Level 1:colcon.colcon_core.shell:create_environment_hook('cone_map_builder', 'cmake_prefix_path')
[1.736s] INFO:colcon.colcon_core.shell:Creating environment hook '/home/wuta/WUTA/WUTA-FSD/ros2_ws/install/cone_map_builder/share/cone_map_builder/hook/cmake_prefix_path.ps1'
[1.737s] INFO:colcon.colcon_core.shell:Creating environment descriptor '/home/wuta/WUTA/WUTA-FSD/ros2_ws/install/cone_map_builder/share/cone_map_builder/hook/cmake_prefix_path.dsv'
[1.737s] INFO:colcon.colcon_core.shell:Creating environment hook '/home/wuta/WUTA/WUTA-FSD/ros2_ws/install/cone_map_builder/share/cone_map_builder/hook/cmake_prefix_path.sh'
[1.738s] Level 1:colcon.colcon_core.environment:checking '/home/wuta/WUTA/WUTA-FSD/ros2_ws/install/cone_map_builder/lib'
[1.739s] Level 1:colcon.colcon_core.environment:checking '/home/wuta/WUTA/WUTA-FSD/ros2_ws/install/cone_map_builder/bin'
[1.739s] Level 1:colcon.colcon_core.environment:checking '/home/wuta/WUTA/WUTA-FSD/ros2_ws/install/cone_map_builder/lib/pkgconfig/cone_map_builder.pc'
[1.739s] Level 1:colcon.colcon_core.environment:checking '/home/wuta/WUTA/WUTA-FSD/ros2_ws/install/cone_map_builder/lib/python3.10/site-packages'
[1.740s] Level 1:colcon.colcon_core.environment:checking '/home/wuta/WUTA/WUTA-FSD/ros2_ws/install/cone_map_builder/bin'
[1.741s] INFO:colcon.colcon_core.shell:Creating package script '/home/wuta/WUTA/WUTA-FSD/ros2_ws/install/cone_map_builder/share/cone_map_builder/package.ps1'
[1.742s] INFO:colcon.colcon_core.shell:Creating package descriptor '/home/wuta/WUTA/WUTA-FSD/ros2_ws/install/cone_map_builder/share/cone_map_builder/package.dsv'
[1.742s] INFO:colcon.colcon_core.shell:Creating package script '/home/wuta/WUTA/WUTA-FSD/ros2_ws/install/cone_map_builder/share/cone_map_builder/package.sh'
[1.743s] INFO:colcon.colcon_core.shell:Creating package script '/home/wuta/WUTA/WUTA-FSD/ros2_ws/install/cone_map_builder/share/cone_map_builder/package.bash'
[1.743s] INFO:colcon.colcon_core.shell:Creating package script '/home/wuta/WUTA/WUTA-FSD/ros2_ws/install/cone_map_builder/share/cone_map_builder/package.zsh'
[1.744s] Level 1:colcon.colcon_core.environment:create_file_with_runtime_dependencies(/home/wuta/WUTA/WUTA-FSD/ros2_ws/install/cone_map_builder/share/colcon-core/packages/cone_map_builder)
[1.745s] Level 1:colcon.colcon_core.environment:create_environment_scripts_only(cone_map_builder)
[1.746s] Level 1:colcon.colcon_core.environment:checking '/home/wuta/WUTA/WUTA-FSD/ros2_ws/install/cone_map_builder' for CMake module files
[1.747s] Level 1:colcon.colcon_core.environment:checking '/home/wuta/WUTA/WUTA-FSD/ros2_ws/install/cone_map_builder' for CMake config files
[1.747s] Level 1:colcon.colcon_core.shell:create_environment_hook('cone_map_builder', 'cmake_prefix_path')
[1.747s] INFO:colcon.colcon_core.shell:Creating environment hook '/home/wuta/WUTA/WUTA-FSD/ros2_ws/install/cone_map_builder/share/cone_map_builder/hook/cmake_prefix_path.ps1'
[1.748s] INFO:colcon.colcon_core.shell:Creating environment descriptor '/home/wuta/WUTA/WUTA-FSD/ros2_ws/install/cone_map_builder/share/cone_map_builder/hook/cmake_prefix_path.dsv'
[1.748s] INFO:colcon.colcon_core.shell:Creating environment hook '/home/wuta/WUTA/WUTA-FSD/ros2_ws/install/cone_map_builder/share/cone_map_builder/hook/cmake_prefix_path.sh'
[1.749s] Level 1:colcon.colcon_core.environment:checking '/home/wuta/WUTA/WUTA-FSD/ros2_ws/install/cone_map_builder/lib'
[1.749s] Level 1:colcon.colcon_core.environment:checking '/home/wuta/WUTA/WUTA-FSD/ros2_ws/install/cone_map_builder/bin'
[1.749s] Level 1:colcon.colcon_core.environment:checking '/home/wuta/WUTA/WUTA-FSD/ros2_ws/install/cone_map_builder/lib/pkgconfig/cone_map_builder.pc'
[1.750s] Level 1:colcon.colcon_core.environment:checking '/home/wuta/WUTA/WUTA-FSD/ros2_ws/install/cone_map_builder/lib/python3.10/site-packages'
[1.750s] Level 1:colcon.colcon_core.environment:checking '/home/wuta/WUTA/WUTA-FSD/ros2_ws/install/cone_map_builder/bin'
[1.751s] INFO:colcon.colcon_core.shell:Creating package script '/home/wuta/WUTA/WUTA-FSD/ros2_ws/install/cone_map_builder/share/cone_map_builder/package.ps1'
[1.751s] INFO:colcon.colcon_core.shell:Creating package descriptor '/home/wuta/WUTA/WUTA-FSD/ros2_ws/install/cone_map_builder/share/cone_map_builder/package.dsv'
[1.752s] INFO:colcon.colcon_core.shell:Creating package script '/home/wuta/WUTA/WUTA-FSD/ros2_ws/install/cone_map_builder/share/cone_map_builder/package.sh'
[1.753s] INFO:colcon.colcon_core.shell:Creating package script '/home/wuta/WUTA/WUTA-FSD/ros2_ws/install/cone_map_builder/share/cone_map_builder/package.bash'
[1.753s] INFO:colcon.colcon_core.shell:Creating package script '/home/wuta/WUTA/WUTA-FSD/ros2_ws/install/cone_map_builder/share/cone_map_builder/package.zsh'
[1.754s] Level 1:colcon.colcon_core.environment:create_file_with_runtime_dependencies(/home/wuta/WUTA/WUTA-FSD/ros2_ws/install/cone_map_builder/share/colcon-core/packages/cone_map_builder)
[1.757s] Level 1:colcon.colcon_core.environment:create_environment_scripts_only(lidar_detection)
[1.757s] Level 1:colcon.colcon_core.environment:checking '/home/wuta/WUTA/WUTA-FSD/ros2_ws/install/lidar_detection' for CMake module files
[1.762s] Level 1:colcon.colcon_core.environment:checking '/home/wuta/WUTA/WUTA-FSD/ros2_ws/install/lidar_detection' for CMake config files
[1.764s] Level 1:colcon.colcon_core.shell:create_environment_hook('lidar_detection', 'cmake_prefix_path')
[1.764s] INFO:colcon.colcon_core.shell:Creating environment hook '/home/wuta/WUTA/WUTA-FSD/ros2_ws/install/lidar_detection/share/lidar_detection/hook/cmake_prefix_path.ps1'
[1.765s] INFO:colcon.colcon_core.shell:Creating environment descriptor '/home/wuta/WUTA/WUTA-FSD/ros2_ws/install/lidar_detection/share/lidar_detection/hook/cmake_prefix_path.dsv'
[1.766s] INFO:colcon.colcon_core.shell:Creating environment hook '/home/wuta/WUTA/WUTA-FSD/ros2_ws/install/lidar_detection/share/lidar_detection/hook/cmake_prefix_path.sh'
[1.767s] Level 1:colcon.colcon_core.environment:checking '/home/wuta/WUTA/WUTA-FSD/ros2_ws/install/lidar_detection/lib'
[1.768s] Level 1:colcon.colcon_core.environment:checking '/home/wuta/WUTA/WUTA-FSD/ros2_ws/install/lidar_detection/bin'
[1.768s] Level 1:colcon.colcon_core.environment:checking '/home/wuta/WUTA/WUTA-FSD/ros2_ws/install/lidar_detection/lib/pkgconfig/lidar_detection.pc'
[1.769s] Level 1:colcon.colcon_core.environment:checking '/home/wuta/WUTA/WUTA-FSD/ros2_ws/install/lidar_detection/lib/python3.10/site-packages'
[1.769s] Level 1:colcon.colcon_core.environment:checking '/home/wuta/WUTA/WUTA-FSD/ros2_ws/install/lidar_detection/bin'
[1.769s] INFO:colcon.colcon_core.shell:Creating package script '/home/wuta/WUTA/WUTA-FSD/ros2_ws/install/lidar_detection/share/lidar_detection/package.ps1'
[1.772s] INFO:colcon.colcon_core.shell:Creating package descriptor '/home/wuta/WUTA/WUTA-FSD/ros2_ws/install/lidar_detection/share/lidar_detection/package.dsv'
[1.773s] INFO:colcon.colcon_core.shell:Creating package script '/home/wuta/WUTA/WUTA-FSD/ros2_ws/install/lidar_detection/share/lidar_detection/package.sh'
[1.774s] INFO:colcon.colcon_core.shell:Creating package script '/home/wuta/WUTA/WUTA-FSD/ros2_ws/install/lidar_detection/share/lidar_detection/package.bash'
[1.775s] INFO:colcon.colcon_core.shell:Creating package script '/home/wuta/WUTA/WUTA-FSD/ros2_ws/install/lidar_detection/share/lidar_detection/package.zsh'
[1.776s] Level 1:colcon.colcon_core.environment:create_file_with_runtime_dependencies(/home/wuta/WUTA/WUTA-FSD/ros2_ws/install/lidar_detection/share/colcon-core/packages/lidar_detection)
[1.780s] Level 1:colcon.colcon_core.environment:create_environment_scripts_only(lidar_detection)
[1.781s] Level 1:colcon.colcon_core.environment:checking '/home/wuta/WUTA/WUTA-FSD/ros2_ws/install/lidar_detection' for CMake module files
[1.782s] Level 1:colcon.colcon_core.environment:checking '/home/wuta/WUTA/WUTA-FSD/ros2_ws/install/lidar_detection' for CMake config files
[1.783s] DEBUG:colcon.colcon_core.event_handler.log_command:Invoked command in '/home/wuta/WUTA/WUTA-FSD/ros2_ws/build/lidar_detection' returned '0': AMENT_PREFIX_PATH=/home/wuta/WUTA/WUTA-FSD/ros2_ws/install/wuta_msgs:${AMENT_PREFIX_PATH} CMAKE_PREFIX_PATH=/home/wuta/WUTA/WUTA-FSD/ros2_ws/install/wuta_msgs:/opt/ros/humble LD_LIBRARY_PATH=/home/wuta/WUTA/WUTA-FSD/ros2_ws/install/wuta_msgs/lib:${LD_LIBRARY_PATH} PYTHONPATH=/home/wuta/WUTA/WUTA-FSD/ros2_ws/install/wuta_msgs/local/lib/python3.10/dist-packages:${PYTHONPATH} /home/wuta/.local/bin/cmake --install /home/wuta/WUTA/WUTA-FSD/ros2_ws/build/lidar_detection
[1.784s] Level 1:colcon.colcon_core.shell:create_environment_hook('lidar_detection', 'cmake_prefix_path')
[1.784s] INFO:colcon.colcon_core.shell:Creating environment hook '/home/wuta/WUTA/WUTA-FSD/ros2_ws/install/lidar_detection/share/lidar_detection/hook/cmake_prefix_path.ps1'
[1.785s] INFO:colcon.colcon_core.shell:Creating environment descriptor '/home/wuta/WUTA/WUTA-FSD/ros2_ws/install/lidar_detection/share/lidar_detection/hook/cmake_prefix_path.dsv'
[1.785s] INFO:colcon.colcon_core.shell:Creating environment hook '/home/wuta/WUTA/WUTA-FSD/ros2_ws/install/lidar_detection/share/lidar_detection/hook/cmake_prefix_path.sh'
[1.786s] Level 1:colcon.colcon_core.environment:checking '/home/wuta/WUTA/WUTA-FSD/ros2_ws/install/lidar_detection/lib'
[1.786s] Level 1:colcon.colcon_core.environment:checking '/home/wuta/WUTA/WUTA-FSD/ros2_ws/install/lidar_detection/bin'
[1.786s] Level 1:colcon.colcon_core.environment:checking '/home/wuta/WUTA/WUTA-FSD/ros2_ws/install/lidar_detection/lib/pkgconfig/lidar_detection.pc'
[1.787s] Level 1:colcon.colcon_core.environment:checking '/home/wuta/WUTA/WUTA-FSD/ros2_ws/install/lidar_detection/lib/python3.10/site-packages'
[1.787s] Level 1:colcon.colcon_core.environment:checking '/home/wuta/WUTA/WUTA-FSD/ros2_ws/install/lidar_detection/bin'
[1.787s] INFO:colcon.colcon_core.shell:Creating package script '/home/wuta/WUTA/WUTA-FSD/ros2_ws/install/lidar_detection/share/lidar_detection/package.ps1'
[1.788s] INFO:colcon.colcon_core.shell:Creating package descriptor '/home/wuta/WUTA/WUTA-FSD/ros2_ws/install/lidar_detection/share/lidar_detection/package.dsv'
[1.789s] INFO:colcon.colcon_core.shell:Creating package script '/home/wuta/WUTA/WUTA-FSD/ros2_ws/install/lidar_detection/share/lidar_detection/package.sh'
[1.789s] INFO:colcon.colcon_core.shell:Creating package script '/home/wuta/WUTA/WUTA-FSD/ros2_ws/install/lidar_detection/share/lidar_detection/package.bash'
[1.789s] INFO:colcon.colcon_core.shell:Creating package script '/home/wuta/WUTA/WUTA-FSD/ros2_ws/install/lidar_detection/share/lidar_detection/package.zsh'
[1.790s] Level 1:colcon.colcon_core.environment:create_file_with_runtime_dependencies(/home/wuta/WUTA/WUTA-FSD/ros2_ws/install/lidar_detection/share/colcon-core/packages/lidar_detection)
[1.790s] Level 1:colcon.colcon_core.environment:create_environment_scripts_only(mission_manager)
[1.790s] Level 1:colcon.colcon_core.environment:checking '/home/wuta/WUTA/WUTA-FSD/ros2_ws/install/mission_manager' for CMake module files
[1.792s] DEBUG:colcon.colcon_core.event_handler.log_command:Invoked command in '/home/wuta/WUTA/WUTA-FSD/ros2_ws/build/mission_manager' returned '0': AMENT_PREFIX_PATH=/home/wuta/WUTA/WUTA-FSD/ros2_ws/install/wuta_msgs:${AMENT_PREFIX_PATH} CMAKE_PREFIX_PATH=/home/wuta/WUTA/WUTA-FSD/ros2_ws/install/wuta_msgs:/opt/ros/humble LD_LIBRARY_PATH=/home/wuta/WUTA/WUTA-FSD/ros2_ws/install/wuta_msgs/lib:${LD_LIBRARY_PATH} PYTHONPATH=/home/wuta/WUTA/WUTA-FSD/ros2_ws/install/wuta_msgs/local/lib/python3.10/dist-packages:${PYTHONPATH} /home/wuta/.local/bin/cmake --install /home/wuta/WUTA/WUTA-FSD/ros2_ws/build/mission_manager
[1.792s] Level 1:colcon.colcon_core.environment:checking '/home/wuta/WUTA/WUTA-FSD/ros2_ws/install/mission_manager' for CMake config files
[1.792s] Level 1:colcon.colcon_core.shell:create_environment_hook('mission_manager', 'cmake_prefix_path')
[1.793s] INFO:colcon.colcon_core.shell:Creating environment hook '/home/wuta/WUTA/WUTA-FSD/ros2_ws/install/mission_manager/share/mission_manager/hook/cmake_prefix_path.ps1'
[1.793s] INFO:colcon.colcon_core.shell:Creating environment descriptor '/home/wuta/WUTA/WUTA-FSD/ros2_ws/install/mission_manager/share/mission_manager/hook/cmake_prefix_path.dsv'
[1.793s] INFO:colcon.colcon_core.shell:Creating environment hook '/home/wuta/WUTA/WUTA-FSD/ros2_ws/install/mission_manager/share/mission_manager/hook/cmake_prefix_path.sh'
[1.794s] Level 1:colcon.colcon_core.environment:checking '/home/wuta/WUTA/WUTA-FSD/ros2_ws/install/mission_manager/lib'
[1.794s] Level 1:colcon.colcon_core.environment:checking '/home/wuta/WUTA/WUTA-FSD/ros2_ws/install/mission_manager/bin'
[1.794s] Level 1:colcon.colcon_core.environment:checking '/home/wuta/WUTA/WUTA-FSD/ros2_ws/install/mission_manager/lib/pkgconfig/mission_manager.pc'
[1.794s] Level 1:colcon.colcon_core.environment:checking '/home/wuta/WUTA/WUTA-FSD/ros2_ws/install/mission_manager/lib/python3.10/site-packages'
[1.795s] Level 1:colcon.colcon_core.environment:checking '/home/wuta/WUTA/WUTA-FSD/ros2_ws/install/mission_manager/bin'
[1.795s] INFO:colcon.colcon_core.shell:Creating package script '/home/wuta/WUTA/WUTA-FSD/ros2_ws/install/mission_manager/share/mission_manager/package.ps1'
[1.796s] INFO:colcon.colcon_core.shell:Creating package descriptor '/home/wuta/WUTA/WUTA-FSD/ros2_ws/install/mission_manager/share/mission_manager/package.dsv'
[1.796s] INFO:colcon.colcon_core.shell:Creating package script '/home/wuta/WUTA/WUTA-FSD/ros2_ws/install/mission_manager/share/mission_manager/package.sh'
[1.797s] INFO:colcon.colcon_core.shell:Creating package script '/home/wuta/WUTA/WUTA-FSD/ros2_ws/install/mission_manager/share/mission_manager/package.bash'
[1.797s] INFO:colcon.colcon_core.shell:Creating package script '/home/wuta/WUTA/WUTA-FSD/ros2_ws/install/mission_manager/share/mission_manager/package.zsh'
[1.797s] Level 1:colcon.colcon_core.environment:create_file_with_runtime_dependencies(/home/wuta/WUTA/WUTA-FSD/ros2_ws/install/mission_manager/share/colcon-core/packages/mission_manager)
[1.798s] Level 1:colcon.colcon_core.environment:create_environment_scripts_only(mission_manager)
[1.799s] Level 1:colcon.colcon_core.environment:checking '/home/wuta/WUTA/WUTA-FSD/ros2_ws/install/mission_manager' for CMake module files
[1.799s] Level 1:colcon.colcon_core.environment:checking '/home/wuta/WUTA/WUTA-FSD/ros2_ws/install/mission_manager' for CMake config files
[1.799s] Level 1:colcon.colcon_core.shell:create_environment_hook('mission_manager', 'cmake_prefix_path')
[1.800s] INFO:colcon.colcon_core.shell:Creating environment hook '/home/wuta/WUTA/WUTA-FSD/ros2_ws/install/mission_manager/share/mission_manager/hook/cmake_prefix_path.ps1'
[1.800s] INFO:colcon.colcon_core.shell:Creating environment descriptor '/home/wuta/WUTA/WUTA-FSD/ros2_ws/install/mission_manager/share/mission_manager/hook/cmake_prefix_path.dsv'
[1.800s] INFO:colcon.colcon_core.shell:Creating environment hook '/home/wuta/WUTA/WUTA-FSD/ros2_ws/install/mission_manager/share/mission_manager/hook/cmake_prefix_path.sh'
[1.801s] Level 1:colcon.colcon_core.environment:checking '/home/wuta/WUTA/WUTA-FSD/ros2_ws/install/mission_manager/lib'
[1.801s] Level 1:colcon.colcon_core.environment:checking '/home/wuta/WUTA/WUTA-FSD/ros2_ws/install/mission_manager/bin'
[1.801s] Level 1:colcon.colcon_core.environment:checking '/home/wuta/WUTA/WUTA-FSD/ros2_ws/install/mission_manager/lib/pkgconfig/mission_manager.pc'
[1.801s] Level 1:colcon.colcon_core.environment:checking '/home/wuta/WUTA/WUTA-FSD/ros2_ws/install/mission_manager/lib/python3.10/site-packages'
[1.802s] Level 1:colcon.colcon_core.environment:checking '/home/wuta/WUTA/WUTA-FSD/ros2_ws/install/mission_manager/bin'
[1.802s] INFO:colcon.colcon_core.shell:Creating package script '/home/wuta/WUTA/WUTA-FSD/ros2_ws/install/mission_manager/share/mission_manager/package.ps1'
[1.803s] INFO:colcon.colcon_core.shell:Creating package descriptor '/home/wuta/WUTA/WUTA-FSD/ros2_ws/install/mission_manager/share/mission_manager/package.dsv'
[1.803s] INFO:colcon.colcon_core.shell:Creating package script '/home/wuta/WUTA/WUTA-FSD/ros2_ws/install/mission_manager/share/mission_manager/package.sh'
[1.804s] INFO:colcon.colcon_core.shell:Creating package script '/home/wuta/WUTA/WUTA-FSD/ros2_ws/install/mission_manager/share/mission_manager/package.bash'
[1.805s] INFO:colcon.colcon_core.shell:Creating package script '/home/wuta/WUTA/WUTA-FSD/ros2_ws/install/mission_manager/share/mission_manager/package.zsh'
[1.805s] Level 1:colcon.colcon_core.environment:create_file_with_runtime_dependencies(/home/wuta/WUTA/WUTA-FSD/ros2_ws/install/mission_manager/share/colcon-core/packages/mission_manager)
[1.806s] Level 1:colcon.colcon_core.environment:create_environment_scripts_only(path_generator)
[1.806s] Level 1:colcon.colcon_core.environment:checking '/home/wuta/WUTA/WUTA-FSD/ros2_ws/install/path_generator' for CMake module files
[1.808s] DEBUG:colcon.colcon_core.event_handler.log_command:Invoked command in '/home/wuta/WUTA/WUTA-FSD/ros2_ws/build/path_generator' returned '0': AMENT_PREFIX_PATH=/home/wuta/WUTA/WUTA-FSD/ros2_ws/install/wuta_msgs:${AMENT_PREFIX_PATH} CMAKE_PREFIX_PATH=/home/wuta/WUTA/WUTA-FSD/ros2_ws/install/wuta_msgs:/opt/ros/humble LD_LIBRARY_PATH=/home/wuta/WUTA/WUTA-FSD/ros2_ws/install/wuta_msgs/lib:${LD_LIBRARY_PATH} PYTHONPATH=/home/wuta/WUTA/WUTA-FSD/ros2_ws/install/wuta_msgs/local/lib/python3.10/dist-packages:${PYTHONPATH} /home/wuta/.local/bin/cmake --install /home/wuta/WUTA/WUTA-FSD/ros2_ws/build/path_generator
[1.808s] Level 1:colcon.colcon_core.environment:checking '/home/wuta/WUTA/WUTA-FSD/ros2_ws/install/path_generator' for CMake config files
[1.808s] Level 1:colcon.colcon_core.shell:create_environment_hook('path_generator', 'cmake_prefix_path')
[1.809s] INFO:colcon.colcon_core.shell:Creating environment hook '/home/wuta/WUTA/WUTA-FSD/ros2_ws/install/path_generator/share/path_generator/hook/cmake_prefix_path.ps1'
[1.809s] INFO:colcon.colcon_core.shell:Creating environment descriptor '/home/wuta/WUTA/WUTA-FSD/ros2_ws/install/path_generator/share/path_generator/hook/cmake_prefix_path.dsv'
[1.810s] INFO:colcon.colcon_core.shell:Creating environment hook '/home/wuta/WUTA/WUTA-FSD/ros2_ws/install/path_generator/share/path_generator/hook/cmake_prefix_path.sh'
[1.810s] Level 1:colcon.colcon_core.environment:checking '/home/wuta/WUTA/WUTA-FSD/ros2_ws/install/path_generator/lib'
[1.810s] Level 1:colcon.colcon_core.environment:checking '/home/wuta/WUTA/WUTA-FSD/ros2_ws/install/path_generator/bin'
[1.810s] Level 1:colcon.colcon_core.environment:checking '/home/wuta/WUTA/WUTA-FSD/ros2_ws/install/path_generator/lib/pkgconfig/path_generator.pc'
[1.811s] Level 1:colcon.colcon_core.environment:checking '/home/wuta/WUTA/WUTA-FSD/ros2_ws/install/path_generator/lib/python3.10/site-packages'
[1.811s] Level 1:colcon.colcon_core.environment:checking '/home/wuta/WUTA/WUTA-FSD/ros2_ws/install/path_generator/bin'
[1.811s] INFO:colcon.colcon_core.shell:Creating package script '/home/wuta/WUTA/WUTA-FSD/ros2_ws/install/path_generator/share/path_generator/package.ps1'
[1.812s] INFO:colcon.colcon_core.shell:Creating package descriptor '/home/wuta/WUTA/WUTA-FSD/ros2_ws/install/path_generator/share/path_generator/package.dsv'
[1.812s] INFO:colcon.colcon_core.shell:Creating package script '/home/wuta/WUTA/WUTA-FSD/ros2_ws/install/path_generator/share/path_generator/package.sh'
[1.813s] INFO:colcon.colcon_core.shell:Creating package script '/home/wuta/WUTA/WUTA-FSD/ros2_ws/install/path_generator/share/path_generator/package.bash'
[1.813s] INFO:colcon.colcon_core.shell:Creating package script '/home/wuta/WUTA/WUTA-FSD/ros2_ws/install/path_generator/share/path_generator/package.zsh'
[1.813s] Level 1:colcon.colcon_core.environment:create_file_with_runtime_dependencies(/home/wuta/WUTA/WUTA-FSD/ros2_ws/install/path_generator/share/colcon-core/packages/path_generator)
[1.814s] Level 1:colcon.colcon_core.environment:create_environment_scripts_only(path_generator)
[1.815s] Level 1:colcon.colcon_core.environment:checking '/home/wuta/WUTA/WUTA-FSD/ros2_ws/install/path_generator' for CMake module files
[1.815s] Level 1:colcon.colcon_core.environment:checking '/home/wuta/WUTA/WUTA-FSD/ros2_ws/install/path_generator' for CMake config files
[1.815s] Level 1:colcon.colcon_core.shell:create_environment_hook('path_generator', 'cmake_prefix_path')
[1.816s] INFO:colcon.colcon_core.shell:Creating environment hook '/home/wuta/WUTA/WUTA-FSD/ros2_ws/install/path_generator/share/path_generator/hook/cmake_prefix_path.ps1'
[1.816s] INFO:colcon.colcon_core.shell:Creating environment descriptor '/home/wuta/WUTA/WUTA-FSD/ros2_ws/install/path_generator/share/path_generator/hook/cmake_prefix_path.dsv'
[1.816s] INFO:colcon.colcon_core.shell:Creating environment hook '/home/wuta/WUTA/WUTA-FSD/ros2_ws/install/path_generator/share/path_generator/hook/cmake_prefix_path.sh'
[1.817s] Level 1:colcon.colcon_core.environment:checking '/home/wuta/WUTA/WUTA-FSD/ros2_ws/install/path_generator/lib'
[1.817s] Level 1:colcon.colcon_core.environment:checking '/home/wuta/WUTA/WUTA-FSD/ros2_ws/install/path_generator/bin'
[1.817s] Level 1:colcon.colcon_core.environment:checking '/home/wuta/WUTA/WUTA-FSD/ros2_ws/install/path_generator/lib/pkgconfig/path_generator.pc'
[1.817s] Level 1:colcon.colcon_core.environment:checking '/home/wuta/WUTA/WUTA-FSD/ros2_ws/install/path_generator/lib/python3.10/site-packages'
[1.818s] Level 1:colcon.colcon_core.environment:checking '/home/wuta/WUTA/WUTA-FSD/ros2_ws/install/path_generator/bin'
[1.818s] INFO:colcon.colcon_core.shell:Creating package script '/home/wuta/WUTA/WUTA-FSD/ros2_ws/install/path_generator/share/path_generator/package.ps1'
[1.819s] INFO:colcon.colcon_core.shell:Creating package descriptor '/home/wuta/WUTA/WUTA-FSD/ros2_ws/install/path_generator/share/path_generator/package.dsv'
[1.820s] INFO:colcon.colcon_core.shell:Creating package script '/home/wuta/WUTA/WUTA-FSD/ros2_ws/install/path_generator/share/path_generator/package.sh'
[1.820s] INFO:colcon.colcon_core.shell:Creating package script '/home/wuta/WUTA/WUTA-FSD/ros2_ws/install/path_generator/share/path_generator/package.bash'
[1.820s] INFO:colcon.colcon_core.shell:Creating package script '/home/wuta/WUTA/WUTA-FSD/ros2_ws/install/path_generator/share/path_generator/package.zsh'
[1.821s] Level 1:colcon.colcon_core.environment:create_file_with_runtime_dependencies(/home/wuta/WUTA/WUTA-FSD/ros2_ws/install/path_generator/share/colcon-core/packages/path_generator)
[1.821s] Level 1:colcon.colcon_core.environment:create_environment_scripts_only(localization_manager)
[1.821s] Level 1:colcon.colcon_core.environment:checking '/home/wuta/WUTA/WUTA-FSD/ros2_ws/install/localization_manager' for CMake module files
[1.823s] DEBUG:colcon.colcon_core.event_handler.log_command:Invoked command in '/home/wuta/WUTA/WUTA-FSD/ros2_ws/build/localization_manager' returned '0': AMENT_PREFIX_PATH=/home/wuta/WUTA/WUTA-FSD/ros2_ws/install/wuta_msgs:/home/wuta/WUTA/WUTA-FSD/ros2_ws/install/robot_localization:/home/wuta/WUTA/WUTA-FSD/ros2_ws/install/kiss_icp:${AMENT_PREFIX_PATH} CMAKE_PREFIX_PATH=/home/wuta/WUTA/WUTA-FSD/ros2_ws/install/wuta_msgs:/home/wuta/WUTA/WUTA-FSD/ros2_ws/install/robot_localization:/home/wuta/WUTA/WUTA-FSD/ros2_ws/install/kiss_icp:/opt/ros/humble LD_LIBRARY_PATH=/home/wuta/WUTA/WUTA-FSD/ros2_ws/install/wuta_msgs/lib:/home/wuta/WUTA/WUTA-FSD/ros2_ws/install/robot_localization/lib:/home/wuta/WUTA/WUTA-FSD/ros2_ws/install/kiss_icp/lib:${LD_LIBRARY_PATH} PYTHONPATH=/home/wuta/WUTA/WUTA-FSD/ros2_ws/install/wuta_msgs/local/lib/python3.10/dist-packages:/home/wuta/WUTA/WUTA-FSD/ros2_ws/install/robot_localization/local/lib/python3.10/dist-packages:${PYTHONPATH} /home/wuta/.local/bin/cmake --install /home/wuta/WUTA/WUTA-FSD/ros2_ws/build/localization_manager
[1.823s] Level 1:colcon.colcon_core.environment:checking '/home/wuta/WUTA/WUTA-FSD/ros2_ws/install/localization_manager' for CMake config files
[1.823s] Level 1:colcon.colcon_core.shell:create_environment_hook('localization_manager', 'cmake_prefix_path')
[1.824s] INFO:colcon.colcon_core.shell:Creating environment hook '/home/wuta/WUTA/WUTA-FSD/ros2_ws/install/localization_manager/share/localization_manager/hook/cmake_prefix_path.ps1'
[1.824s] INFO:colcon.colcon_core.shell:Creating environment descriptor '/home/wuta/WUTA/WUTA-FSD/ros2_ws/install/localization_manager/share/localization_manager/hook/cmake_prefix_path.dsv'
[1.825s] INFO:colcon.colcon_core.shell:Creating environment hook '/home/wuta/WUTA/WUTA-FSD/ros2_ws/install/localization_manager/share/localization_manager/hook/cmake_prefix_path.sh'
[1.825s] Level 1:colcon.colcon_core.environment:checking '/home/wuta/WUTA/WUTA-FSD/ros2_ws/install/localization_manager/lib'
[1.825s] Level 1:colcon.colcon_core.environment:checking '/home/wuta/WUTA/WUTA-FSD/ros2_ws/install/localization_manager/bin'
[1.825s] Level 1:colcon.colcon_core.environment:checking '/home/wuta/WUTA/WUTA-FSD/ros2_ws/install/localization_manager/lib/pkgconfig/localization_manager.pc'
[1.826s] Level 1:colcon.colcon_core.environment:checking '/home/wuta/WUTA/WUTA-FSD/ros2_ws/install/localization_manager/lib/python3.10/site-packages'
[1.826s] Level 1:colcon.colcon_core.environment:checking '/home/wuta/WUTA/WUTA-FSD/ros2_ws/install/localization_manager/bin'
[1.826s] INFO:colcon.colcon_core.shell:Creating package script '/home/wuta/WUTA/WUTA-FSD/ros2_ws/install/localization_manager/share/localization_manager/package.ps1'
[1.827s] INFO:colcon.colcon_core.shell:Creating package descriptor '/home/wuta/WUTA/WUTA-FSD/ros2_ws/install/localization_manager/share/localization_manager/package.dsv'
[1.827s] INFO:colcon.colcon_core.shell:Creating package script '/home/wuta/WUTA/WUTA-FSD/ros2_ws/install/localization_manager/share/localization_manager/package.sh'
[1.828s] INFO:colcon.colcon_core.shell:Creating package script '/home/wuta/WUTA/WUTA-FSD/ros2_ws/install/localization_manager/share/localization_manager/package.bash'
[1.828s] INFO:colcon.colcon_core.shell:Creating package script '/home/wuta/WUTA/WUTA-FSD/ros2_ws/install/localization_manager/share/localization_manager/package.zsh'
[1.828s] Level 1:colcon.colcon_core.environment:create_file_with_runtime_dependencies(/home/wuta/WUTA/WUTA-FSD/ros2_ws/install/localization_manager/share/colcon-core/packages/localization_manager)
[1.830s] Level 1:colcon.colcon_core.environment:create_environment_scripts_only(localization_manager)
[1.830s] Level 1:colcon.colcon_core.environment:checking '/home/wuta/WUTA/WUTA-FSD/ros2_ws/install/localization_manager' for CMake module files
[1.830s] Level 1:colcon.colcon_core.environment:checking '/home/wuta/WUTA/WUTA-FSD/ros2_ws/install/localization_manager' for CMake config files
[1.831s] Level 1:colcon.colcon_core.shell:create_environment_hook('localization_manager', 'cmake_prefix_path')
[1.831s] INFO:colcon.colcon_core.shell:Creating environment hook '/home/wuta/WUTA/WUTA-FSD/ros2_ws/install/localization_manager/share/localization_manager/hook/cmake_prefix_path.ps1'
[1.831s] INFO:colcon.colcon_core.shell:Creating environment descriptor '/home/wuta/WUTA/WUTA-FSD/ros2_ws/install/localization_manager/share/localization_manager/hook/cmake_prefix_path.dsv'
[1.832s] INFO:colcon.colcon_core.shell:Creating environment hook '/home/wuta/WUTA/WUTA-FSD/ros2_ws/install/localization_manager/share/localization_manager/hook/cmake_prefix_path.sh'
[1.832s] Level 1:colcon.colcon_core.environment:checking '/home/wuta/WUTA/WUTA-FSD/ros2_ws/install/localization_manager/lib'
[1.832s] Level 1:colcon.colcon_core.environment:checking '/home/wuta/WUTA/WUTA-FSD/ros2_ws/install/localization_manager/bin'
[1.833s] Level 1:colcon.colcon_core.environment:checking '/home/wuta/WUTA/WUTA-FSD/ros2_ws/install/localization_manager/lib/pkgconfig/localization_manager.pc'
[1.833s] Level 1:colcon.colcon_core.environment:checking '/home/wuta/WUTA/WUTA-FSD/ros2_ws/install/localization_manager/lib/python3.10/site-packages'
[1.833s] Level 1:colcon.colcon_core.environment:checking '/home/wuta/WUTA/WUTA-FSD/ros2_ws/install/localization_manager/bin'
[1.834s] INFO:colcon.colcon_core.shell:Creating package script '/home/wuta/WUTA/WUTA-FSD/ros2_ws/install/localization_manager/share/localization_manager/package.ps1'
[1.834s] INFO:colcon.colcon_core.shell:Creating package descriptor '/home/wuta/WUTA/WUTA-FSD/ros2_ws/install/localization_manager/share/localization_manager/package.dsv'
[1.835s] INFO:colcon.colcon_core.shell:Creating package script '/home/wuta/WUTA/WUTA-FSD/ros2_ws/install/localization_manager/share/localization_manager/package.sh'
[1.835s] INFO:colcon.colcon_core.shell:Creating package script '/home/wuta/WUTA/WUTA-FSD/ros2_ws/install/localization_manager/share/localization_manager/package.bash'
[1.836s] INFO:colcon.colcon_core.shell:Creating package script '/home/wuta/WUTA/WUTA-FSD/ros2_ws/install/localization_manager/share/localization_manager/package.zsh'
[1.836s] Level 1:colcon.colcon_core.environment:create_file_with_runtime_dependencies(/home/wuta/WUTA/WUTA-FSD/ros2_ws/install/localization_manager/share/colcon-core/packages/localization_manager)
[1.838s] Level 1:colcon.colcon_core.environment:create_environment_scripts_only(wuta_tools)
[1.838s] Level 1:colcon.colcon_core.environment:checking '/home/wuta/WUTA/WUTA-FSD/ros2_ws/install/wuta_tools' for CMake module files
[1.842s] Level 1:colcon.colcon_core.environment:checking '/home/wuta/WUTA/WUTA-FSD/ros2_ws/install/wuta_tools' for CMake config files
[1.843s] DEBUG:colcon.colcon_core.event_handler.log_command:Invoked command in '/home/wuta/WUTA/WUTA-FSD/ros2_ws/build/wuta_tools' returned '0': AMENT_PREFIX_PATH=/home/wuta/WUTA/WUTA-FSD/ros2_ws/install/wuta_msgs:${AMENT_PREFIX_PATH} CMAKE_PREFIX_PATH=/home/wuta/WUTA/WUTA-FSD/ros2_ws/install/wuta_msgs:/opt/ros/humble LD_LIBRARY_PATH=/home/wuta/WUTA/WUTA-FSD/ros2_ws/install/wuta_msgs/lib:${LD_LIBRARY_PATH} PYTHONPATH=/home/wuta/WUTA/WUTA-FSD/ros2_ws/install/wuta_msgs/local/lib/python3.10/dist-packages:${PYTHONPATH} /home/wuta/.local/bin/cmake --install /home/wuta/WUTA/WUTA-FSD/ros2_ws/build/wuta_tools
[1.843s] Level 1:colcon.colcon_core.shell:create_environment_hook('wuta_tools', 'cmake_prefix_path')
[1.844s] INFO:colcon.colcon_core.shell:Creating environment hook '/home/wuta/WUTA/WUTA-FSD/ros2_ws/install/wuta_tools/share/wuta_tools/hook/cmake_prefix_path.ps1'
[1.844s] INFO:colcon.colcon_core.shell:Creating environment descriptor '/home/wuta/WUTA/WUTA-FSD/ros2_ws/install/wuta_tools/share/wuta_tools/hook/cmake_prefix_path.dsv'
[1.845s] INFO:colcon.colcon_core.shell:Creating environment hook '/home/wuta/WUTA/WUTA-FSD/ros2_ws/install/wuta_tools/share/wuta_tools/hook/cmake_prefix_path.sh'
[1.845s] Level 1:colcon.colcon_core.environment:checking '/home/wuta/WUTA/WUTA-FSD/ros2_ws/install/wuta_tools/bin'
[1.845s] Level 1:colcon.colcon_core.environment:checking '/home/wuta/WUTA/WUTA-FSD/ros2_ws/install/wuta_tools/lib/pkgconfig/wuta_tools.pc'
[1.845s] Level 1:colcon.colcon_core.environment:checking '/home/wuta/WUTA/WUTA-FSD/ros2_ws/install/wuta_tools/lib/python3.10/site-packages'
[1.846s] Level 1:colcon.colcon_core.environment:checking '/home/wuta/WUTA/WUTA-FSD/ros2_ws/install/wuta_tools/bin'
[1.846s] INFO:colcon.colcon_core.shell:Creating package script '/home/wuta/WUTA/WUTA-FSD/ros2_ws/install/wuta_tools/share/wuta_tools/package.ps1'
[1.847s] INFO:colcon.colcon_core.shell:Creating package descriptor '/home/wuta/WUTA/WUTA-FSD/ros2_ws/install/wuta_tools/share/wuta_tools/package.dsv'
[1.847s] INFO:colcon.colcon_core.shell:Creating package script '/home/wuta/WUTA/WUTA-FSD/ros2_ws/install/wuta_tools/share/wuta_tools/package.sh'
[1.848s] INFO:colcon.colcon_core.shell:Creating package script '/home/wuta/WUTA/WUTA-FSD/ros2_ws/install/wuta_tools/share/wuta_tools/package.bash'
[1.848s] INFO:colcon.colcon_core.shell:Creating package script '/home/wuta/WUTA/WUTA-FSD/ros2_ws/install/wuta_tools/share/wuta_tools/package.zsh'
[1.848s] Level 1:colcon.colcon_core.environment:create_file_with_runtime_dependencies(/home/wuta/WUTA/WUTA-FSD/ros2_ws/install/wuta_tools/share/colcon-core/packages/wuta_tools)
[1.849s] Level 1:colcon.colcon_core.environment:create_environment_scripts_only(wuta_tools)
[1.850s] Level 1:colcon.colcon_core.environment:checking '/home/wuta/WUTA/WUTA-FSD/ros2_ws/install/wuta_tools' for CMake module files
[1.850s] Level 1:colcon.colcon_core.environment:checking '/home/wuta/WUTA/WUTA-FSD/ros2_ws/install/wuta_tools' for CMake config files
[1.850s] Level 1:colcon.colcon_core.shell:create_environment_hook('wuta_tools', 'cmake_prefix_path')
[1.851s] INFO:colcon.colcon_core.shell:Creating environment hook '/home/wuta/WUTA/WUTA-FSD/ros2_ws/install/wuta_tools/share/wuta_tools/hook/cmake_prefix_path.ps1'
[1.851s] INFO:colcon.colcon_core.shell:Creating environment descriptor '/home/wuta/WUTA/WUTA-FSD/ros2_ws/install/wuta_tools/share/wuta_tools/hook/cmake_prefix_path.dsv'
[1.851s] INFO:colcon.colcon_core.shell:Creating environment hook '/home/wuta/WUTA/WUTA-FSD/ros2_ws/install/wuta_tools/share/wuta_tools/hook/cmake_prefix_path.sh'
[1.852s] Level 1:colcon.colcon_core.environment:checking '/home/wuta/WUTA/WUTA-FSD/ros2_ws/install/wuta_tools/bin'
[1.852s] Level 1:colcon.colcon_core.environment:checking '/home/wuta/WUTA/WUTA-FSD/ros2_ws/install/wuta_tools/lib/pkgconfig/wuta_tools.pc'
[1.852s] Level 1:colcon.colcon_core.environment:checking '/home/wuta/WUTA/WUTA-FSD/ros2_ws/install/wuta_tools/lib/python3.10/site-packages'
[1.853s] Level 1:colcon.colcon_core.environment:checking '/home/wuta/WUTA/WUTA-FSD/ros2_ws/install/wuta_tools/bin'
[1.853s] INFO:colcon.colcon_core.shell:Creating package script '/home/wuta/WUTA/WUTA-FSD/ros2_ws/install/wuta_tools/share/wuta_tools/package.ps1'
[1.854s] INFO:colcon.colcon_core.shell:Creating package descriptor '/home/wuta/WUTA/WUTA-FSD/ros2_ws/install/wuta_tools/share/wuta_tools/package.dsv'
[1.854s] INFO:colcon.colcon_core.shell:Creating package script '/home/wuta/WUTA/WUTA-FSD/ros2_ws/install/wuta_tools/share/wuta_tools/package.sh'
[1.855s] INFO:colcon.colcon_core.shell:Creating package script '/home/wuta/WUTA/WUTA-FSD/ros2_ws/install/wuta_tools/share/wuta_tools/package.bash'
[1.855s] INFO:colcon.colcon_core.shell:Creating package script '/home/wuta/WUTA/WUTA-FSD/ros2_ws/install/wuta_tools/share/wuta_tools/package.zsh'
[1.855s] Level 1:colcon.colcon_core.environment:create_file_with_runtime_dependencies(/home/wuta/WUTA/WUTA-FSD/ros2_ws/install/wuta_tools/share/colcon-core/packages/wuta_tools)
[1.857s] Level 1:colcon.colcon_core.environment:create_environment_scripts_only(ndt_localization)
[1.857s] Level 1:colcon.colcon_core.environment:checking '/home/wuta/WUTA/WUTA-FSD/ros2_ws/install/ndt_localization' for CMake module files
[1.858s] Level 1:colcon.colcon_core.environment:checking '/home/wuta/WUTA/WUTA-FSD/ros2_ws/install/ndt_localization' for CMake config files
[1.859s] DEBUG:colcon.colcon_core.event_handler.log_command:Invoked command in '/home/wuta/WUTA/WUTA-FSD/ros2_ws/build/ndt_localization' returned '0': AMENT_PREFIX_PATH=/home/wuta/WUTA/WUTA-FSD/ros2_ws/install/wuta_msgs:${AMENT_PREFIX_PATH} CMAKE_PREFIX_PATH=/home/wuta/WUTA/WUTA-FSD/ros2_ws/install/wuta_msgs:/opt/ros/humble LD_LIBRARY_PATH=/home/wuta/WUTA/WUTA-FSD/ros2_ws/install/wuta_msgs/lib:${LD_LIBRARY_PATH} PYTHONPATH=/home/wuta/WUTA/WUTA-FSD/ros2_ws/install/wuta_msgs/local/lib/python3.10/dist-packages:${PYTHONPATH} /home/wuta/.local/bin/cmake --install /home/wuta/WUTA/WUTA-FSD/ros2_ws/build/ndt_localization
[1.859s] Level 1:colcon.colcon_core.shell:create_environment_hook('ndt_localization', 'cmake_prefix_path')
[1.859s] INFO:colcon.colcon_core.shell:Creating environment hook '/home/wuta/WUTA/WUTA-FSD/ros2_ws/install/ndt_localization/share/ndt_localization/hook/cmake_prefix_path.ps1'
[1.860s] INFO:colcon.colcon_core.shell:Creating environment descriptor '/home/wuta/WUTA/WUTA-FSD/ros2_ws/install/ndt_localization/share/ndt_localization/hook/cmake_prefix_path.dsv'
[1.860s] INFO:colcon.colcon_core.shell:Creating environment hook '/home/wuta/WUTA/WUTA-FSD/ros2_ws/install/ndt_localization/share/ndt_localization/hook/cmake_prefix_path.sh'
[1.861s] Level 1:colcon.colcon_core.environment:checking '/home/wuta/WUTA/WUTA-FSD/ros2_ws/install/ndt_localization/lib'
[1.861s] Level 1:colcon.colcon_core.environment:checking '/home/wuta/WUTA/WUTA-FSD/ros2_ws/install/ndt_localization/bin'
[1.861s] Level 1:colcon.colcon_core.environment:checking '/home/wuta/WUTA/WUTA-FSD/ros2_ws/install/ndt_localization/lib/pkgconfig/ndt_localization.pc'
[1.861s] Level 1:colcon.colcon_core.environment:checking '/home/wuta/WUTA/WUTA-FSD/ros2_ws/install/ndt_localization/lib/python3.10/site-packages'
[1.862s] Level 1:colcon.colcon_core.environment:checking '/home/wuta/WUTA/WUTA-FSD/ros2_ws/install/ndt_localization/bin'
[1.862s] INFO:colcon.colcon_core.shell:Creating package script '/home/wuta/WUTA/WUTA-FSD/ros2_ws/install/ndt_localization/share/ndt_localization/package.ps1'
[1.863s] INFO:colcon.colcon_core.shell:Creating package descriptor '/home/wuta/WUTA/WUTA-FSD/ros2_ws/install/ndt_localization/share/ndt_localization/package.dsv'
[1.863s] INFO:colcon.colcon_core.shell:Creating package script '/home/wuta/WUTA/WUTA-FSD/ros2_ws/install/ndt_localization/share/ndt_localization/package.sh'
[1.863s] INFO:colcon.colcon_core.shell:Creating package script '/home/wuta/WUTA/WUTA-FSD/ros2_ws/install/ndt_localization/share/ndt_localization/package.bash'
[1.864s] INFO:colcon.colcon_core.shell:Creating package script '/home/wuta/WUTA/WUTA-FSD/ros2_ws/install/ndt_localization/share/ndt_localization/package.zsh'
[1.864s] Level 1:colcon.colcon_core.environment:create_file_with_runtime_dependencies(/home/wuta/WUTA/WUTA-FSD/ros2_ws/install/ndt_localization/share/colcon-core/packages/ndt_localization)
[1.866s] Level 1:colcon.colcon_core.environment:create_environment_scripts_only(ndt_localization)
[1.867s] Level 1:colcon.colcon_core.environment:checking '/home/wuta/WUTA/WUTA-FSD/ros2_ws/install/ndt_localization' for CMake module files
[1.867s] Level 1:colcon.colcon_core.environment:checking '/home/wuta/WUTA/WUTA-FSD/ros2_ws/install/ndt_localization' for CMake config files
[1.867s] Level 1:colcon.colcon_core.shell:create_environment_hook('ndt_localization', 'cmake_prefix_path')
[1.868s] INFO:colcon.colcon_core.shell:Creating environment hook '/home/wuta/WUTA/WUTA-FSD/ros2_ws/install/ndt_localization/share/ndt_localization/hook/cmake_prefix_path.ps1'
[1.868s] INFO:colcon.colcon_core.shell:Creating environment descriptor '/home/wuta/WUTA/WUTA-FSD/ros2_ws/install/ndt_localization/share/ndt_localization/hook/cmake_prefix_path.dsv'
[1.869s] INFO:colcon.colcon_core.shell:Creating environment hook '/home/wuta/WUTA/WUTA-FSD/ros2_ws/install/ndt_localization/share/ndt_localization/hook/cmake_prefix_path.sh'
[1.870s] Level 1:colcon.colcon_core.environment:checking '/home/wuta/WUTA/WUTA-FSD/ros2_ws/install/ndt_localization/lib'
[1.870s] Level 1:colcon.colcon_core.environment:checking '/home/wuta/WUTA/WUTA-FSD/ros2_ws/install/ndt_localization/bin'
[1.870s] Level 1:colcon.colcon_core.environment:checking '/home/wuta/WUTA/WUTA-FSD/ros2_ws/install/ndt_localization/lib/pkgconfig/ndt_localization.pc'
[1.870s] Level 1:colcon.colcon_core.environment:checking '/home/wuta/WUTA/WUTA-FSD/ros2_ws/install/ndt_localization/lib/python3.10/site-packages'
[1.871s] Level 1:colcon.colcon_core.environment:checking '/home/wuta/WUTA/WUTA-FSD/ros2_ws/install/ndt_localization/bin'
[1.871s] INFO:colcon.colcon_core.shell:Creating package script '/home/wuta/WUTA/WUTA-FSD/ros2_ws/install/ndt_localization/share/ndt_localization/package.ps1'
[1.872s] INFO:colcon.colcon_core.shell:Creating package descriptor '/home/wuta/WUTA/WUTA-FSD/ros2_ws/install/ndt_localization/share/ndt_localization/package.dsv'
[1.872s] INFO:colcon.colcon_core.shell:Creating package script '/home/wuta/WUTA/WUTA-FSD/ros2_ws/install/ndt_localization/share/ndt_localization/package.sh'
[1.872s] INFO:colcon.colcon_core.shell:Creating package script '/home/wuta/WUTA/WUTA-FSD/ros2_ws/install/ndt_localization/share/ndt_localization/package.bash'
[1.873s] INFO:colcon.colcon_core.shell:Creating package script '/home/wuta/WUTA/WUTA-FSD/ros2_ws/install/ndt_localization/share/ndt_localization/package.zsh'
[1.873s] Level 1:colcon.colcon_core.environment:create_file_with_runtime_dependencies(/home/wuta/WUTA/WUTA-FSD/ros2_ws/install/ndt_localization/share/colcon-core/packages/ndt_localization)
[16.121s] DEBUG:colcon.colcon_core.event_handler.log_command:Invoked command in '/home/wuta/WUTA/WUTA-FSD/ros2_ws/build/boundary_detector' returned '0': AMENT_PREFIX_PATH=/home/wuta/WUTA/WUTA-FSD/ros2_ws/install/wuta_msgs:${AMENT_PREFIX_PATH} CMAKE_PREFIX_PATH=/home/wuta/WUTA/WUTA-FSD/ros2_ws/install/wuta_msgs:/opt/ros/humble LD_LIBRARY_PATH=/home/wuta/WUTA/WUTA-FSD/ros2_ws/install/wuta_msgs/lib:${LD_LIBRARY_PATH} PYTHONPATH=/home/wuta/WUTA/WUTA-FSD/ros2_ws/install/wuta_msgs/local/lib/python3.10/dist-packages:${PYTHONPATH} /home/wuta/.local/bin/cmake --build /home/wuta/WUTA/WUTA-FSD/ros2_ws/build/boundary_detector -- -j12 -l12
[16.123s] DEBUG:colcon.colcon_core.event_handler.log_command:Invoking command in '/home/wuta/WUTA/WUTA-FSD/ros2_ws/build/boundary_detector': AMENT_PREFIX_PATH=/home/wuta/WUTA/WUTA-FSD/ros2_ws/install/wuta_msgs:${AMENT_PREFIX_PATH} CMAKE_PREFIX_PATH=/home/wuta/WUTA/WUTA-FSD/ros2_ws/install/wuta_msgs:/opt/ros/humble LD_LIBRARY_PATH=/home/wuta/WUTA/WUTA-FSD/ros2_ws/install/wuta_msgs/lib:${LD_LIBRARY_PATH} PYTHONPATH=/home/wuta/WUTA/WUTA-FSD/ros2_ws/install/wuta_msgs/local/lib/python3.10/dist-packages:${PYTHONPATH} /home/wuta/.local/bin/cmake --install /home/wuta/WUTA/WUTA-FSD/ros2_ws/build/boundary_detector
[16.240s] Level 1:colcon.colcon_core.environment:create_environment_scripts_only(boundary_detector)
[16.241s] Level 1:colcon.colcon_core.environment:checking '/home/wuta/WUTA/WUTA-FSD/ros2_ws/install/boundary_detector' for CMake module files
[16.241s] DEBUG:colcon.colcon_core.event_handler.log_command:Invoked command in '/home/wuta/WUTA/WUTA-FSD/ros2_ws/build/boundary_detector' returned '0': AMENT_PREFIX_PATH=/home/wuta/WUTA/WUTA-FSD/ros2_ws/install/wuta_msgs:${AMENT_PREFIX_PATH} CMAKE_PREFIX_PATH=/home/wuta/WUTA/WUTA-FSD/ros2_ws/install/wuta_msgs:/opt/ros/humble LD_LIBRARY_PATH=/home/wuta/WUTA/WUTA-FSD/ros2_ws/install/wuta_msgs/lib:${LD_LIBRARY_PATH} PYTHONPATH=/home/wuta/WUTA/WUTA-FSD/ros2_ws/install/wuta_msgs/local/lib/python3.10/dist-packages:${PYTHONPATH} /home/wuta/.local/bin/cmake --install /home/wuta/WUTA/WUTA-FSD/ros2_ws/build/boundary_detector
[16.242s] Level 1:colcon.colcon_core.environment:checking '/home/wuta/WUTA/WUTA-FSD/ros2_ws/install/boundary_detector' for CMake config files
[16.242s] Level 1:colcon.colcon_core.shell:create_environment_hook('boundary_detector', 'cmake_prefix_path')
[16.242s] INFO:colcon.colcon_core.shell:Creating environment hook '/home/wuta/WUTA/WUTA-FSD/ros2_ws/install/boundary_detector/share/boundary_detector/hook/cmake_prefix_path.ps1'
[16.242s] INFO:colcon.colcon_core.shell:Creating environment descriptor '/home/wuta/WUTA/WUTA-FSD/ros2_ws/install/boundary_detector/share/boundary_detector/hook/cmake_prefix_path.dsv'
[16.243s] INFO:colcon.colcon_core.shell:Creating environment hook '/home/wuta/WUTA/WUTA-FSD/ros2_ws/install/boundary_detector/share/boundary_detector/hook/cmake_prefix_path.sh'
[16.243s] Level 1:colcon.colcon_core.environment:checking '/home/wuta/WUTA/WUTA-FSD/ros2_ws/install/boundary_detector/lib'
[16.243s] Level 1:colcon.colcon_core.environment:checking '/home/wuta/WUTA/WUTA-FSD/ros2_ws/install/boundary_detector/bin'
[16.243s] Level 1:colcon.colcon_core.environment:checking '/home/wuta/WUTA/WUTA-FSD/ros2_ws/install/boundary_detector/lib/pkgconfig/boundary_detector.pc'
[16.243s] Level 1:colcon.colcon_core.environment:checking '/home/wuta/WUTA/WUTA-FSD/ros2_ws/install/boundary_detector/lib/python3.10/site-packages'
[16.244s] Level 1:colcon.colcon_core.environment:checking '/home/wuta/WUTA/WUTA-FSD/ros2_ws/install/boundary_detector/bin'
[16.244s] INFO:colcon.colcon_core.shell:Creating package script '/home/wuta/WUTA/WUTA-FSD/ros2_ws/install/boundary_detector/share/boundary_detector/package.ps1'
[16.244s] INFO:colcon.colcon_core.shell:Creating package descriptor '/home/wuta/WUTA/WUTA-FSD/ros2_ws/install/boundary_detector/share/boundary_detector/package.dsv'
[16.244s] INFO:colcon.colcon_core.shell:Creating package script '/home/wuta/WUTA/WUTA-FSD/ros2_ws/install/boundary_detector/share/boundary_detector/package.sh'
[16.245s] INFO:colcon.colcon_core.shell:Creating package script '/home/wuta/WUTA/WUTA-FSD/ros2_ws/install/boundary_detector/share/boundary_detector/package.bash'
[16.245s] INFO:colcon.colcon_core.shell:Creating package script '/home/wuta/WUTA/WUTA-FSD/ros2_ws/install/boundary_detector/share/boundary_detector/package.zsh'
[16.245s] Level 1:colcon.colcon_core.environment:create_file_with_runtime_dependencies(/home/wuta/WUTA/WUTA-FSD/ros2_ws/install/boundary_detector/share/colcon-core/packages/boundary_detector)
[16.246s] Level 1:colcon.colcon_core.environment:create_environment_scripts_only(boundary_detector)
[16.246s] Level 1:colcon.colcon_core.environment:checking '/home/wuta/WUTA/WUTA-FSD/ros2_ws/install/boundary_detector' for CMake module files
[16.246s] Level 1:colcon.colcon_core.environment:checking '/home/wuta/WUTA/WUTA-FSD/ros2_ws/install/boundary_detector' for CMake config files
[16.247s] Level 1:colcon.colcon_core.shell:create_environment_hook('boundary_detector', 'cmake_prefix_path')
[16.247s] INFO:colcon.colcon_core.shell:Creating environment hook '/home/wuta/WUTA/WUTA-FSD/ros2_ws/install/boundary_detector/share/boundary_detector/hook/cmake_prefix_path.ps1'
[16.247s] INFO:colcon.colcon_core.shell:Creating environment descriptor '/home/wuta/WUTA/WUTA-FSD/ros2_ws/install/boundary_detector/share/boundary_detector/hook/cmake_prefix_path.dsv'
[16.247s] INFO:colcon.colcon_core.shell:Creating environment hook '/home/wuta/WUTA/WUTA-FSD/ros2_ws/install/boundary_detector/share/boundary_detector/hook/cmake_prefix_path.sh'
[16.248s] Level 1:colcon.colcon_core.environment:checking '/home/wuta/WUTA/WUTA-FSD/ros2_ws/install/boundary_detector/lib'
[16.248s] Level 1:colcon.colcon_core.environment:checking '/home/wuta/WUTA/WUTA-FSD/ros2_ws/install/boundary_detector/bin'
[16.248s] Level 1:colcon.colcon_core.environment:checking '/home/wuta/WUTA/WUTA-FSD/ros2_ws/install/boundary_detector/lib/pkgconfig/boundary_detector.pc'
[16.248s] Level 1:colcon.colcon_core.environment:checking '/home/wuta/WUTA/WUTA-FSD/ros2_ws/install/boundary_detector/lib/python3.10/site-packages'
[16.248s] Level 1:colcon.colcon_core.environment:checking '/home/wuta/WUTA/WUTA-FSD/ros2_ws/install/boundary_detector/bin'
[16.248s] INFO:colcon.colcon_core.shell:Creating package script '/home/wuta/WUTA/WUTA-FSD/ros2_ws/install/boundary_detector/share/boundary_detector/package.ps1'
[16.249s] INFO:colcon.colcon_core.shell:Creating package descriptor '/home/wuta/WUTA/WUTA-FSD/ros2_ws/install/boundary_detector/share/boundary_detector/package.dsv'
[16.249s] INFO:colcon.colcon_core.shell:Creating package script '/home/wuta/WUTA/WUTA-FSD/ros2_ws/install/boundary_detector/share/boundary_detector/package.sh'
[16.250s] INFO:colcon.colcon_core.shell:Creating package script '/home/wuta/WUTA/WUTA-FSD/ros2_ws/install/boundary_detector/share/boundary_detector/package.bash'
[16.250s] INFO:colcon.colcon_core.shell:Creating package script '/home/wuta/WUTA/WUTA-FSD/ros2_ws/install/boundary_detector/share/boundary_detector/package.zsh'
[16.250s] Level 1:colcon.colcon_core.environment:create_file_with_runtime_dependencies(/home/wuta/WUTA/WUTA-FSD/ros2_ws/install/boundary_detector/share/colcon-core/packages/boundary_detector)
[16.250s] DEBUG:colcon.colcon_parallel_executor.executor.parallel:closing loop
[16.250s] DEBUG:colcon.colcon_parallel_executor.executor.parallel:loop closed
[16.250s] DEBUG:colcon.colcon_parallel_executor.executor.parallel:run_until_complete finished with '0'
[16.250s] DEBUG:colcon.colcon_core.event_reactor:joining thread
[16.255s] INFO:colcon.colcon_core.plugin_system:Skipping extension 'colcon_notification.desktop_notification.terminal_notifier': Not used on non-Darwin systems
[16.255s] INFO:colcon.colcon_core.plugin_system:Skipping extension 'colcon_notification.desktop_notification.win32': Not used on non-Windows systems
[16.255s] INFO:colcon.colcon_notification.desktop_notification:Sending desktop notification using 'notify2'
[16.264s] DEBUG:colcon.colcon_core.event_reactor:joined thread
[16.264s] INFO:colcon.colcon_core.shell:Creating prefix script '/home/wuta/WUTA/WUTA-FSD/ros2_ws/install/local_setup.ps1'
[16.265s] INFO:colcon.colcon_core.shell:Creating prefix util module '/home/wuta/WUTA/WUTA-FSD/ros2_ws/install/_local_setup_util_ps1.py'
[16.266s] INFO:colcon.colcon_core.shell:Creating prefix chain script '/home/wuta/WUTA/WUTA-FSD/ros2_ws/install/setup.ps1'
[16.267s] INFO:colcon.colcon_core.shell:Creating prefix script '/home/wuta/WUTA/WUTA-FSD/ros2_ws/install/local_setup.sh'
[16.268s] INFO:colcon.colcon_core.shell:Creating prefix util module '/home/wuta/WUTA/WUTA-FSD/ros2_ws/install/_local_setup_util_sh.py'
[16.268s] INFO:colcon.colcon_core.shell:Creating prefix chain script '/home/wuta/WUTA/WUTA-FSD/ros2_ws/install/setup.sh'
[16.269s] INFO:colcon.colcon_core.shell:Creating prefix script '/home/wuta/WUTA/WUTA-FSD/ros2_ws/install/local_setup.bash'
[16.269s] INFO:colcon.colcon_core.shell:Creating prefix chain script '/home/wuta/WUTA/WUTA-FSD/ros2_ws/install/setup.bash'
[16.270s] INFO:colcon.colcon_core.shell:Creating prefix script '/home/wuta/WUTA/WUTA-FSD/ros2_ws/install/local_setup.zsh'
[16.270s] INFO:colcon.colcon_core.shell:Creating prefix chain script '/home/wuta/WUTA/WUTA-FSD/ros2_ws/install/setup.zsh'
