[0.000000] (-) TimerEvent: {}
[0.000241] (autoware_msgs) JobQueued: {'identifier': 'autoware_msgs', 'dependencies': OrderedDict()}
[0.000268] (kiss_icp) JobQueued: {'identifier': 'kiss_icp', 'dependencies': OrderedDict()}
[0.000281] (robot_localization) JobQueued: {'identifier': 'robot_localization', 'dependencies': OrderedDict()}
[0.000288] (wuta_msgs) JobQueued: {'identifier': 'wuta_msgs', 'dependencies': OrderedDict()}
[0.000297] (boundary_detector) JobQueued: {'identifier': 'boundary_detector', 'dependencies': OrderedDict([('autoware_msgs', '/home/starry1n/WUTA/WUTA-FSD/ros2_ws/install/autoware_msgs'), ('wuta_msgs', '/home/starry1n/WUTA/WUTA-FSD/ros2_ws/install/wuta_msgs')])}
[0.000308] (camera_detection) JobQueued: {'identifier': 'camera_detection', 'dependencies': OrderedDict([('wuta_msgs', '/home/starry1n/WUTA/WUTA-FSD/ros2_ws/install/wuta_msgs')])}
[0.000319] (cone_map_builder) JobQueued: {'identifier': 'cone_map_builder', 'dependencies': OrderedDict([('wuta_msgs', '/home/starry1n/WUTA/WUTA-FSD/ros2_ws/install/wuta_msgs')])}
[0.000326] (controller) JobQueued: {'identifier': 'controller', 'dependencies': OrderedDict([('autoware_msgs', '/home/starry1n/WUTA/WUTA-FSD/ros2_ws/install/autoware_msgs'), ('wuta_msgs', '/home/starry1n/WUTA/WUTA-FSD/ros2_ws/install/wuta_msgs')])}
[0.000336] (detection_fusion) JobQueued: {'identifier': 'detection_fusion', 'dependencies': OrderedDict([('wuta_msgs', '/home/starry1n/WUTA/WUTA-FSD/ros2_ws/install/wuta_msgs')])}
[0.000509] (kiss_icp_wrapper) JobQueued: {'identifier': 'kiss_icp_wrapper', 'dependencies': OrderedDict([('wuta_msgs', '/home/starry1n/WUTA/WUTA-FSD/ros2_ws/install/wuta_msgs')])}
[0.000526] (lidar_detection) JobQueued: {'identifier': 'lidar_detection', 'dependencies': OrderedDict([('wuta_msgs', '/home/starry1n/WUTA/WUTA-FSD/ros2_ws/install/wuta_msgs')])}
[0.000533] (localization_manager) JobQueued: {'identifier': 'localization_manager', 'dependencies': OrderedDict([('kiss_icp', '/home/starry1n/WUTA/WUTA-FSD/ros2_ws/install/kiss_icp'), ('robot_localization', '/home/starry1n/WUTA/WUTA-FSD/ros2_ws/install/robot_localization'), ('wuta_msgs', '/home/starry1n/WUTA/WUTA-FSD/ros2_ws/install/wuta_msgs')])}
[0.000544] (mission_manager) JobQueued: {'identifier': 'mission_manager', 'dependencies': OrderedDict([('wuta_msgs', '/home/starry1n/WUTA/WUTA-FSD/ros2_ws/install/wuta_msgs')])}
[0.000552] (ndt_localization) JobQueued: {'identifier': 'ndt_localization', 'dependencies': OrderedDict([('wuta_msgs', '/home/starry1n/WUTA/WUTA-FSD/ros2_ws/install/wuta_msgs')])}
[0.000561] (path_generator) JobQueued: {'identifier': 'path_generator', 'dependencies': OrderedDict([('autoware_msgs', '/home/starry1n/WUTA/WUTA-FSD/ros2_ws/install/autoware_msgs'), ('wuta_msgs', '/home/starry1n/WUTA/WUTA-FSD/ros2_ws/install/wuta_msgs')])}
[0.000570] (wuta_tools) JobQueued: {'identifier': 'wuta_tools', 'dependencies': OrderedDict([('wuta_msgs', '/home/starry1n/WUTA/WUTA-FSD/ros2_ws/install/wuta_msgs')])}
[0.000580] (wuta_msgs) JobStarted: {'identifier': 'wuta_msgs'}
[0.003879] (autoware_msgs) JobStarted: {'identifier': 'autoware_msgs'}
[0.007658] (kiss_icp) JobStarted: {'identifier': 'kiss_icp'}
[0.011123] (robot_localization) JobStarted: {'identifier': 'robot_localization'}
[0.016529] (wuta_msgs) JobProgress: {'identifier': 'wuta_msgs', 'progress': 'cmake'}
[0.017252] (wuta_msgs) JobProgress: {'identifier': 'wuta_msgs', 'progress': 'build'}
[0.021006] (wuta_msgs) Command: {'cmd': ['/usr/bin/cmake', '--build', '/home/starry1n/WUTA/WUTA-FSD/ros2_ws/build/wuta_msgs', '--', '-j8', '-l8'], 'cwd': '/home/starry1n/WUTA/WUTA-FSD/ros2_ws/build/wuta_msgs', 'env': OrderedDict([('LESSOPEN', '| /usr/bin/lesspipe %s'), ('CODEX_CI', '1'), ('LANGUAGE', 'zh_CN:zh'), ('USER', 'starry1n'), ('XDG_SESSION_TYPE', 'wayland'), ('SHLVL', '2'), ('LD_LIBRARY_PATH', '/opt/ros/humble/opt/rviz_ogre_vendor/lib:/opt/ros/humble/lib/x86_64-linux-gnu:/opt/ros/humble/lib'), ('HOME', '/home/starry1n'), ('OLDPWD', '/home/starry1n/WUTA/WUTA-FSD'), ('DESKTOP_SESSION', 'ubuntu'), ('ROS_PYTHON_VERSION', '3'), ('GNOME_SHELL_SESSION_MODE', 'ubuntu'), ('GTK_MODULES', 'gail:atk-bridge'), ('PAGER', 'cat'), ('LC_CTYPE', 'C.UTF-8'), ('DBUS_STARTER_BUS_TYPE', 'session'), ('SYSTEMD_EXEC_PID', '2321'), ('IM_CONFIG_CHECK_ENV', '1'), ('NO_COLOR', '1'), ('DBUS_SESSION_BUS_ADDRESS', 'unix:path=/run/user/1000/bus,guid=c67e2489f73595b365ff0ae46a50c8ee'), ('COLORTERM', ''), ('IM_CONFIG_PHASE', '1'), ('WAYLAND_DISPLAY', 'wayland-0'), ('CODEX_PERMISSION_PROFILE', ':workspace'), ('ROS_DISTRO', 'humble'), ('LOGNAME', 'starry1n'), ('_', '/usr/bin/colcon'), ('ROS_VERSION', '2'), ('XDG_SESSION_CLASS', 'user'), ('USERNAME', 'starry1n'), ('TERM', 'dumb'), ('GNOME_DESKTOP_SESSION_ID', 'this-is-deprecated'), ('ROS_LOCALHOST_ONLY', '0'), ('PATH', '/home/starry1n/.local/bin:/home/starry1n/.codex/packages/standalone/releases/0.144.4-x86_64-unknown-linux-musl/codex-path:/home/starry1n/.codex/tmp/arg0/codex-arg05cnADw:/home/starry1n/.local/bin:/opt/ros/humble/bin:/home/starry1n/.local/bin:/usr/local/sbin:/usr/local/bin:/usr/sbin:/usr/bin:/sbin:/bin:/usr/games:/usr/local/games:/snap/bin:/snap/bin'), ('SESSION_MANAGER', 'local/starry1n-virtual-machine:@/tmp/.ICE-unix/2321,unix/starry1n-virtual-machine:/tmp/.ICE-unix/2321'), ('XDG_MENU_PREFIX', 'gnome-'), ('GNOME_TERMINAL_SCREEN', '/org/gnome/Terminal/screen/b41f3890_f157_4b82_b249_7c5cfcb9354a'), ('GNOME_SETUP_DISPLAY', ':1'), ('XDG_RUNTIME_DIR', '/run/user/1000'), ('DISPLAY', ':0'), ('CODEX_SANDBOX_NETWORK_DISABLED', '1'), ('LANG', 'C.UTF-8'), ('XDG_CURRENT_DESKTOP', 'ubuntu:GNOME'), ('XMODIFIERS', '@im=ibus'), ('GH_PAGER', 'cat'), ('XDG_SESSION_DESKTOP', 'ubuntu'), ('XAUTHORITY', '/run/user/1000/.mutter-Xwaylandauth.H6FRS3'), ('LS_COLORS', 'rs=0:di=01;34:ln=01;36:mh=00:pi=40;33:so=01;35:do=01;35:bd=40;33;01:cd=40;33;01:or=40;31;01:mi=00:su=37;41:sg=30;43:ca=30;41:tw=30;42:ow=34;42:st=37;44:ex=01;32:*.tar=01;31:*.tgz=01;31:*.arc=01;31:*.arj=01;31:*.taz=01;31:*.lha=01;31:*.lz4=01;31:*.lzh=01;31:*.lzma=01;31:*.tlz=01;31:*.txz=01;31:*.tzo=01;31:*.t7z=01;31:*.zip=01;31:*.z=01;31:*.dz=01;31:*.gz=01;31:*.lrz=01;31:*.lz=01;31:*.lzo=01;31:*.xz=01;31:*.zst=01;31:*.tzst=01;31:*.bz2=01;31:*.bz=01;31:*.tbz=01;31:*.tbz2=01;31:*.tz=01;31:*.deb=01;31:*.rpm=01;31:*.jar=01;31:*.war=01;31:*.ear=01;31:*.sar=01;31:*.rar=01;31:*.alz=01;31:*.ace=01;31:*.zoo=01;31:*.cpio=01;31:*.7z=01;31:*.rz=01;31:*.cab=01;31:*.wim=01;31:*.swm=01;31:*.dwm=01;31:*.esd=01;31:*.jpg=01;35:*.jpeg=01;35:*.mjpg=01;35:*.mjpeg=01;35:*.gif=01;35:*.bmp=01;35:*.pbm=01;35:*.pgm=01;35:*.ppm=01;35:*.tga=01;35:*.xbm=01;35:*.xpm=01;35:*.tif=01;35:*.tiff=01;35:*.png=01;35:*.svg=01;35:*.svgz=01;35:*.mng=01;35:*.pcx=01;35:*.mov=01;35:*.mpg=01;35:*.mpeg=01;35:*.m2v=01;35:*.mkv=01;35:*.webm=01;35:*.webp=01;35:*.ogm=01;35:*.mp4=01;35:*.m4v=01;35:*.mp4v=01;35:*.vob=01;35:*.qt=01;35:*.nuv=01;35:*.wmv=01;35:*.asf=01;35:*.rm=01;35:*.rmvb=01;35:*.flc=01;35:*.avi=01;35:*.fli=01;35:*.flv=01;35:*.gl=01;35:*.dl=01;35:*.xcf=01;35:*.xwd=01;35:*.yuv=01;35:*.cgm=01;35:*.emf=01;35:*.ogv=01;35:*.ogx=01;35:*.aac=00;36:*.au=00;36:*.flac=00;36:*.m4a=00;36:*.mid=00;36:*.midi=00;36:*.mka=00;36:*.mp3=00;36:*.mpc=00;36:*.ogg=00;36:*.ra=00;36:*.wav=00;36:*.oga=00;36:*.opus=00;36:*.spx=00;36:*.xspf=00;36:'), ('GNOME_TERMINAL_SERVICE', ':1.330'), ('SSH_AGENT_LAUNCHER', 'gnome-keyring'), ('SSH_AUTH_SOCK', '/run/user/1000/keyring/ssh'), ('AMENT_PREFIX_PATH', '/opt/ros/humble'), ('SHELL', '/bin/bash'), ('QT_ACCESSIBILITY', '1'), ('GDMSESSION', 'ubuntu'), ('LESSCLOSE', '/usr/bin/lesspipe %s %s'), ('CODEX_THREAD_ID', '019f5073-bc50-71a2-9549-8d1988512281'), ('GIT_PAGER', 'cat'), ('QT_IM_MODULE', 'ibus'), ('PWD', '/home/starry1n/WUTA/WUTA-FSD/ros2_ws/build/wuta_msgs'), ('LC_ALL', 'C.UTF-8'), ('XDG_CONFIG_DIRS', '/etc/xdg/xdg-ubuntu:/etc/xdg'), ('DBUS_STARTER_ADDRESS', 'unix:path=/run/user/1000/bus,guid=c67e2489f73595b365ff0ae46a50c8ee'), ('XDG_DATA_DIRS', '/usr/share/ubuntu:/usr/local/share/:/usr/share/:/var/lib/snapd/desktop'), ('PYTHONPATH', '/opt/ros/humble/lib/python3.10/site-packages:/opt/ros/humble/local/lib/python3.10/dist-packages'), ('COLCON', '1'), ('VTE_VERSION', '6800'), ('CMAKE_PREFIX_PATH', '/opt/ros/humble')]), 'shell': False}
[0.022585] (autoware_msgs) JobProgress: {'identifier': 'autoware_msgs', 'progress': 'cmake'}
[0.023395] (autoware_msgs) JobProgress: {'identifier': 'autoware_msgs', 'progress': 'build'}
[0.023441] (autoware_msgs) Command: {'cmd': ['/usr/bin/cmake', '--build', '/home/starry1n/WUTA/WUTA-FSD/ros2_ws/build/autoware_msgs', '--', '-j8', '-l8'], 'cwd': '/home/starry1n/WUTA/WUTA-FSD/ros2_ws/build/autoware_msgs', 'env': OrderedDict([('LESSOPEN', '| /usr/bin/lesspipe %s'), ('CODEX_CI', '1'), ('LANGUAGE', 'zh_CN:zh'), ('USER', 'starry1n'), ('XDG_SESSION_TYPE', 'wayland'), ('SHLVL', '2'), ('LD_LIBRARY_PATH', '/opt/ros/humble/opt/rviz_ogre_vendor/lib:/opt/ros/humble/lib/x86_64-linux-gnu:/opt/ros/humble/lib'), ('HOME', '/home/starry1n'), ('OLDPWD', '/home/starry1n/WUTA/WUTA-FSD'), ('DESKTOP_SESSION', 'ubuntu'), ('ROS_PYTHON_VERSION', '3'), ('GNOME_SHELL_SESSION_MODE', 'ubuntu'), ('GTK_MODULES', 'gail:atk-bridge'), ('PAGER', 'cat'), ('LC_CTYPE', 'C.UTF-8'), ('DBUS_STARTER_BUS_TYPE', 'session'), ('SYSTEMD_EXEC_PID', '2321'), ('IM_CONFIG_CHECK_ENV', '1'), ('NO_COLOR', '1'), ('DBUS_SESSION_BUS_ADDRESS', 'unix:path=/run/user/1000/bus,guid=c67e2489f73595b365ff0ae46a50c8ee'), ('COLORTERM', ''), ('IM_CONFIG_PHASE', '1'), ('WAYLAND_DISPLAY', 'wayland-0'), ('CODEX_PERMISSION_PROFILE', ':workspace'), ('ROS_DISTRO', 'humble'), ('LOGNAME', 'starry1n'), ('_', '/usr/bin/colcon'), ('ROS_VERSION', '2'), ('XDG_SESSION_CLASS', 'user'), ('USERNAME', 'starry1n'), ('TERM', 'dumb'), ('GNOME_DESKTOP_SESSION_ID', 'this-is-deprecated'), ('ROS_LOCALHOST_ONLY', '0'), ('PATH', '/home/starry1n/.local/bin:/home/starry1n/.codex/packages/standalone/releases/0.144.4-x86_64-unknown-linux-musl/codex-path:/home/starry1n/.codex/tmp/arg0/codex-arg05cnADw:/home/starry1n/.local/bin:/opt/ros/humble/bin:/home/starry1n/.local/bin:/usr/local/sbin:/usr/local/bin:/usr/sbin:/usr/bin:/sbin:/bin:/usr/games:/usr/local/games:/snap/bin:/snap/bin'), ('SESSION_MANAGER', 'local/starry1n-virtual-machine:@/tmp/.ICE-unix/2321,unix/starry1n-virtual-machine:/tmp/.ICE-unix/2321'), ('XDG_MENU_PREFIX', 'gnome-'), ('GNOME_TERMINAL_SCREEN', '/org/gnome/Terminal/screen/b41f3890_f157_4b82_b249_7c5cfcb9354a'), ('GNOME_SETUP_DISPLAY', ':1'), ('XDG_RUNTIME_DIR', '/run/user/1000'), ('DISPLAY', ':0'), ('CODEX_SANDBOX_NETWORK_DISABLED', '1'), ('LANG', 'C.UTF-8'), ('XDG_CURRENT_DESKTOP', 'ubuntu:GNOME'), ('XMODIFIERS', '@im=ibus'), ('GH_PAGER', 'cat'), ('XDG_SESSION_DESKTOP', 'ubuntu'), ('XAUTHORITY', '/run/user/1000/.mutter-Xwaylandauth.H6FRS3'), ('LS_COLORS', 'rs=0:di=01;34:ln=01;36:mh=00:pi=40;33:so=01;35:do=01;35:bd=40;33;01:cd=40;33;01:or=40;31;01:mi=00:su=37;41:sg=30;43:ca=30;41:tw=30;42:ow=34;42:st=37;44:ex=01;32:*.tar=01;31:*.tgz=01;31:*.arc=01;31:*.arj=01;31:*.taz=01;31:*.lha=01;31:*.lz4=01;31:*.lzh=01;31:*.lzma=01;31:*.tlz=01;31:*.txz=01;31:*.tzo=01;31:*.t7z=01;31:*.zip=01;31:*.z=01;31:*.dz=01;31:*.gz=01;31:*.lrz=01;31:*.lz=01;31:*.lzo=01;31:*.xz=01;31:*.zst=01;31:*.tzst=01;31:*.bz2=01;31:*.bz=01;31:*.tbz=01;31:*.tbz2=01;31:*.tz=01;31:*.deb=01;31:*.rpm=01;31:*.jar=01;31:*.war=01;31:*.ear=01;31:*.sar=01;31:*.rar=01;31:*.alz=01;31:*.ace=01;31:*.zoo=01;31:*.cpio=01;31:*.7z=01;31:*.rz=01;31:*.cab=01;31:*.wim=01;31:*.swm=01;31:*.dwm=01;31:*.esd=01;31:*.jpg=01;35:*.jpeg=01;35:*.mjpg=01;35:*.mjpeg=01;35:*.gif=01;35:*.bmp=01;35:*.pbm=01;35:*.pgm=01;35:*.ppm=01;35:*.tga=01;35:*.xbm=01;35:*.xpm=01;35:*.tif=01;35:*.tiff=01;35:*.png=01;35:*.svg=01;35:*.svgz=01;35:*.mng=01;35:*.pcx=01;35:*.mov=01;35:*.mpg=01;35:*.mpeg=01;35:*.m2v=01;35:*.mkv=01;35:*.webm=01;35:*.webp=01;35:*.ogm=01;35:*.mp4=01;35:*.m4v=01;35:*.mp4v=01;35:*.vob=01;35:*.qt=01;35:*.nuv=01;35:*.wmv=01;35:*.asf=01;35:*.rm=01;35:*.rmvb=01;35:*.flc=01;35:*.avi=01;35:*.fli=01;35:*.flv=01;35:*.gl=01;35:*.dl=01;35:*.xcf=01;35:*.xwd=01;35:*.yuv=01;35:*.cgm=01;35:*.emf=01;35:*.ogv=01;35:*.ogx=01;35:*.aac=00;36:*.au=00;36:*.flac=00;36:*.m4a=00;36:*.mid=00;36:*.midi=00;36:*.mka=00;36:*.mp3=00;36:*.mpc=00;36:*.ogg=00;36:*.ra=00;36:*.wav=00;36:*.oga=00;36:*.opus=00;36:*.spx=00;36:*.xspf=00;36:'), ('GNOME_TERMINAL_SERVICE', ':1.330'), ('SSH_AGENT_LAUNCHER', 'gnome-keyring'), ('SSH_AUTH_SOCK', '/run/user/1000/keyring/ssh'), ('AMENT_PREFIX_PATH', '/opt/ros/humble'), ('SHELL', '/bin/bash'), ('QT_ACCESSIBILITY', '1'), ('GDMSESSION', 'ubuntu'), ('LESSCLOSE', '/usr/bin/lesspipe %s %s'), ('CODEX_THREAD_ID', '019f5073-bc50-71a2-9549-8d1988512281'), ('GIT_PAGER', 'cat'), ('QT_IM_MODULE', 'ibus'), ('PWD', '/home/starry1n/WUTA/WUTA-FSD/ros2_ws/build/autoware_msgs'), ('LC_ALL', 'C.UTF-8'), ('XDG_CONFIG_DIRS', '/etc/xdg/xdg-ubuntu:/etc/xdg'), ('DBUS_STARTER_ADDRESS', 'unix:path=/run/user/1000/bus,guid=c67e2489f73595b365ff0ae46a50c8ee'), ('XDG_DATA_DIRS', '/usr/share/ubuntu:/usr/local/share/:/usr/share/:/var/lib/snapd/desktop'), ('PYTHONPATH', '/opt/ros/humble/lib/python3.10/site-packages:/opt/ros/humble/local/lib/python3.10/dist-packages'), ('COLCON', '1'), ('VTE_VERSION', '6800'), ('CMAKE_PREFIX_PATH', '/opt/ros/humble')]), 'shell': False}
[0.025089] (kiss_icp) JobProgress: {'identifier': 'kiss_icp', 'progress': 'cmake'}
[0.025835] (kiss_icp) JobProgress: {'identifier': 'kiss_icp', 'progress': 'build'}
[0.025871] (kiss_icp) Command: {'cmd': ['/usr/bin/cmake', '--build', '/home/starry1n/WUTA/WUTA-FSD/ros2_ws/build/kiss_icp', '--', '-j8', '-l8'], 'cwd': '/home/starry1n/WUTA/WUTA-FSD/ros2_ws/build/kiss_icp', 'env': OrderedDict([('LESSOPEN', '| /usr/bin/lesspipe %s'), ('CODEX_CI', '1'), ('LANGUAGE', 'zh_CN:zh'), ('USER', 'starry1n'), ('XDG_SESSION_TYPE', 'wayland'), ('SHLVL', '2'), ('LD_LIBRARY_PATH', '/opt/ros/humble/opt/rviz_ogre_vendor/lib:/opt/ros/humble/lib/x86_64-linux-gnu:/opt/ros/humble/lib'), ('HOME', '/home/starry1n'), ('OLDPWD', '/home/starry1n/WUTA/WUTA-FSD'), ('DESKTOP_SESSION', 'ubuntu'), ('ROS_PYTHON_VERSION', '3'), ('GNOME_SHELL_SESSION_MODE', 'ubuntu'), ('GTK_MODULES', 'gail:atk-bridge'), ('PAGER', 'cat'), ('LC_CTYPE', 'C.UTF-8'), ('DBUS_STARTER_BUS_TYPE', 'session'), ('SYSTEMD_EXEC_PID', '2321'), ('IM_CONFIG_CHECK_ENV', '1'), ('NO_COLOR', '1'), ('DBUS_SESSION_BUS_ADDRESS', 'unix:path=/run/user/1000/bus,guid=c67e2489f73595b365ff0ae46a50c8ee'), ('COLORTERM', ''), ('IM_CONFIG_PHASE', '1'), ('WAYLAND_DISPLAY', 'wayland-0'), ('CODEX_PERMISSION_PROFILE', ':workspace'), ('ROS_DISTRO', 'humble'), ('LOGNAME', 'starry1n'), ('_', '/usr/bin/colcon'), ('ROS_VERSION', '2'), ('XDG_SESSION_CLASS', 'user'), ('USERNAME', 'starry1n'), ('TERM', 'dumb'), ('GNOME_DESKTOP_SESSION_ID', 'this-is-deprecated'), ('ROS_LOCALHOST_ONLY', '0'), ('PATH', '/home/starry1n/.local/bin:/home/starry1n/.codex/packages/standalone/releases/0.144.4-x86_64-unknown-linux-musl/codex-path:/home/starry1n/.codex/tmp/arg0/codex-arg05cnADw:/home/starry1n/.local/bin:/opt/ros/humble/bin:/home/starry1n/.local/bin:/usr/local/sbin:/usr/local/bin:/usr/sbin:/usr/bin:/sbin:/bin:/usr/games:/usr/local/games:/snap/bin:/snap/bin'), ('SESSION_MANAGER', 'local/starry1n-virtual-machine:@/tmp/.ICE-unix/2321,unix/starry1n-virtual-machine:/tmp/.ICE-unix/2321'), ('XDG_MENU_PREFIX', 'gnome-'), ('GNOME_TERMINAL_SCREEN', '/org/gnome/Terminal/screen/b41f3890_f157_4b82_b249_7c5cfcb9354a'), ('GNOME_SETUP_DISPLAY', ':1'), ('XDG_RUNTIME_DIR', '/run/user/1000'), ('DISPLAY', ':0'), ('CODEX_SANDBOX_NETWORK_DISABLED', '1'), ('LANG', 'C.UTF-8'), ('XDG_CURRENT_DESKTOP', 'ubuntu:GNOME'), ('XMODIFIERS', '@im=ibus'), ('GH_PAGER', 'cat'), ('XDG_SESSION_DESKTOP', 'ubuntu'), ('XAUTHORITY', '/run/user/1000/.mutter-Xwaylandauth.H6FRS3'), ('LS_COLORS', 'rs=0:di=01;34:ln=01;36:mh=00:pi=40;33:so=01;35:do=01;35:bd=40;33;01:cd=40;33;01:or=40;31;01:mi=00:su=37;41:sg=30;43:ca=30;41:tw=30;42:ow=34;42:st=37;44:ex=01;32:*.tar=01;31:*.tgz=01;31:*.arc=01;31:*.arj=01;31:*.taz=01;31:*.lha=01;31:*.lz4=01;31:*.lzh=01;31:*.lzma=01;31:*.tlz=01;31:*.txz=01;31:*.tzo=01;31:*.t7z=01;31:*.zip=01;31:*.z=01;31:*.dz=01;31:*.gz=01;31:*.lrz=01;31:*.lz=01;31:*.lzo=01;31:*.xz=01;31:*.zst=01;31:*.tzst=01;31:*.bz2=01;31:*.bz=01;31:*.tbz=01;31:*.tbz2=01;31:*.tz=01;31:*.deb=01;31:*.rpm=01;31:*.jar=01;31:*.war=01;31:*.ear=01;31:*.sar=01;31:*.rar=01;31:*.alz=01;31:*.ace=01;31:*.zoo=01;31:*.cpio=01;31:*.7z=01;31:*.rz=01;31:*.cab=01;31:*.wim=01;31:*.swm=01;31:*.dwm=01;31:*.esd=01;31:*.jpg=01;35:*.jpeg=01;35:*.mjpg=01;35:*.mjpeg=01;35:*.gif=01;35:*.bmp=01;35:*.pbm=01;35:*.pgm=01;35:*.ppm=01;35:*.tga=01;35:*.xbm=01;35:*.xpm=01;35:*.tif=01;35:*.tiff=01;35:*.png=01;35:*.svg=01;35:*.svgz=01;35:*.mng=01;35:*.pcx=01;35:*.mov=01;35:*.mpg=01;35:*.mpeg=01;35:*.m2v=01;35:*.mkv=01;35:*.webm=01;35:*.webp=01;35:*.ogm=01;35:*.mp4=01;35:*.m4v=01;35:*.mp4v=01;35:*.vob=01;35:*.qt=01;35:*.nuv=01;35:*.wmv=01;35:*.asf=01;35:*.rm=01;35:*.rmvb=01;35:*.flc=01;35:*.avi=01;35:*.fli=01;35:*.flv=01;35:*.gl=01;35:*.dl=01;35:*.xcf=01;35:*.xwd=01;35:*.yuv=01;35:*.cgm=01;35:*.emf=01;35:*.ogv=01;35:*.ogx=01;35:*.aac=00;36:*.au=00;36:*.flac=00;36:*.m4a=00;36:*.mid=00;36:*.midi=00;36:*.mka=00;36:*.mp3=00;36:*.mpc=00;36:*.ogg=00;36:*.ra=00;36:*.wav=00;36:*.oga=00;36:*.opus=00;36:*.spx=00;36:*.xspf=00;36:'), ('GNOME_TERMINAL_SERVICE', ':1.330'), ('SSH_AGENT_LAUNCHER', 'gnome-keyring'), ('SSH_AUTH_SOCK', '/run/user/1000/keyring/ssh'), ('AMENT_PREFIX_PATH', '/opt/ros/humble'), ('SHELL', '/bin/bash'), ('QT_ACCESSIBILITY', '1'), ('GDMSESSION', 'ubuntu'), ('LESSCLOSE', '/usr/bin/lesspipe %s %s'), ('CODEX_THREAD_ID', '019f5073-bc50-71a2-9549-8d1988512281'), ('GIT_PAGER', 'cat'), ('QT_IM_MODULE', 'ibus'), ('PWD', '/home/starry1n/WUTA/WUTA-FSD/ros2_ws/build/kiss_icp'), ('LC_ALL', 'C.UTF-8'), ('XDG_CONFIG_DIRS', '/etc/xdg/xdg-ubuntu:/etc/xdg'), ('DBUS_STARTER_ADDRESS', 'unix:path=/run/user/1000/bus,guid=c67e2489f73595b365ff0ae46a50c8ee'), ('XDG_DATA_DIRS', '/usr/share/ubuntu:/usr/local/share/:/usr/share/:/var/lib/snapd/desktop'), ('PYTHONPATH', '/opt/ros/humble/lib/python3.10/site-packages:/opt/ros/humble/local/lib/python3.10/dist-packages'), ('COLCON', '1'), ('VTE_VERSION', '6800'), ('CMAKE_PREFIX_PATH', '/opt/ros/humble')]), 'shell': False}
[0.029234] (robot_localization) JobProgress: {'identifier': 'robot_localization', 'progress': 'cmake'}
[0.030996] (robot_localization) JobProgress: {'identifier': 'robot_localization', 'progress': 'build'}
[0.031098] (robot_localization) Command: {'cmd': ['/usr/bin/cmake', '--build', '/home/starry1n/WUTA/WUTA-FSD/ros2_ws/build/robot_localization', '--', '-j8', '-l8'], 'cwd': '/home/starry1n/WUTA/WUTA-FSD/ros2_ws/build/robot_localization', 'env': OrderedDict([('LESSOPEN', '| /usr/bin/lesspipe %s'), ('CODEX_CI', '1'), ('LANGUAGE', 'zh_CN:zh'), ('USER', 'starry1n'), ('XDG_SESSION_TYPE', 'wayland'), ('SHLVL', '2'), ('LD_LIBRARY_PATH', '/opt/ros/humble/opt/rviz_ogre_vendor/lib:/opt/ros/humble/lib/x86_64-linux-gnu:/opt/ros/humble/lib'), ('HOME', '/home/starry1n'), ('OLDPWD', '/home/starry1n/WUTA/WUTA-FSD'), ('DESKTOP_SESSION', 'ubuntu'), ('ROS_PYTHON_VERSION', '3'), ('GNOME_SHELL_SESSION_MODE', 'ubuntu'), ('GTK_MODULES', 'gail:atk-bridge'), ('PAGER', 'cat'), ('LC_CTYPE', 'C.UTF-8'), ('DBUS_STARTER_BUS_TYPE', 'session'), ('SYSTEMD_EXEC_PID', '2321'), ('IM_CONFIG_CHECK_ENV', '1'), ('NO_COLOR', '1'), ('DBUS_SESSION_BUS_ADDRESS', 'unix:path=/run/user/1000/bus,guid=c67e2489f73595b365ff0ae46a50c8ee'), ('COLORTERM', ''), ('IM_CONFIG_PHASE', '1'), ('WAYLAND_DISPLAY', 'wayland-0'), ('CODEX_PERMISSION_PROFILE', ':workspace'), ('ROS_DISTRO', 'humble'), ('LOGNAME', 'starry1n'), ('_', '/usr/bin/colcon'), ('ROS_VERSION', '2'), ('XDG_SESSION_CLASS', 'user'), ('USERNAME', 'starry1n'), ('TERM', 'dumb'), ('GNOME_DESKTOP_SESSION_ID', 'this-is-deprecated'), ('ROS_LOCALHOST_ONLY', '0'), ('PATH', '/home/starry1n/.local/bin:/home/starry1n/.codex/packages/standalone/releases/0.144.4-x86_64-unknown-linux-musl/codex-path:/home/starry1n/.codex/tmp/arg0/codex-arg05cnADw:/home/starry1n/.local/bin:/opt/ros/humble/bin:/home/starry1n/.local/bin:/usr/local/sbin:/usr/local/bin:/usr/sbin:/usr/bin:/sbin:/bin:/usr/games:/usr/local/games:/snap/bin:/snap/bin'), ('SESSION_MANAGER', 'local/starry1n-virtual-machine:@/tmp/.ICE-unix/2321,unix/starry1n-virtual-machine:/tmp/.ICE-unix/2321'), ('XDG_MENU_PREFIX', 'gnome-'), ('GNOME_TERMINAL_SCREEN', '/org/gnome/Terminal/screen/b41f3890_f157_4b82_b249_7c5cfcb9354a'), ('GNOME_SETUP_DISPLAY', ':1'), ('XDG_RUNTIME_DIR', '/run/user/1000'), ('DISPLAY', ':0'), ('CODEX_SANDBOX_NETWORK_DISABLED', '1'), ('LANG', 'C.UTF-8'), ('XDG_CURRENT_DESKTOP', 'ubuntu:GNOME'), ('XMODIFIERS', '@im=ibus'), ('GH_PAGER', 'cat'), ('XDG_SESSION_DESKTOP', 'ubuntu'), ('XAUTHORITY', '/run/user/1000/.mutter-Xwaylandauth.H6FRS3'), ('LS_COLORS', 'rs=0:di=01;34:ln=01;36:mh=00:pi=40;33:so=01;35:do=01;35:bd=40;33;01:cd=40;33;01:or=40;31;01:mi=00:su=37;41:sg=30;43:ca=30;41:tw=30;42:ow=34;42:st=37;44:ex=01;32:*.tar=01;31:*.tgz=01;31:*.arc=01;31:*.arj=01;31:*.taz=01;31:*.lha=01;31:*.lz4=01;31:*.lzh=01;31:*.lzma=01;31:*.tlz=01;31:*.txz=01;31:*.tzo=01;31:*.t7z=01;31:*.zip=01;31:*.z=01;31:*.dz=01;31:*.gz=01;31:*.lrz=01;31:*.lz=01;31:*.lzo=01;31:*.xz=01;31:*.zst=01;31:*.tzst=01;31:*.bz2=01;31:*.bz=01;31:*.tbz=01;31:*.tbz2=01;31:*.tz=01;31:*.deb=01;31:*.rpm=01;31:*.jar=01;31:*.war=01;31:*.ear=01;31:*.sar=01;31:*.rar=01;31:*.alz=01;31:*.ace=01;31:*.zoo=01;31:*.cpio=01;31:*.7z=01;31:*.rz=01;31:*.cab=01;31:*.wim=01;31:*.swm=01;31:*.dwm=01;31:*.esd=01;31:*.jpg=01;35:*.jpeg=01;35:*.mjpg=01;35:*.mjpeg=01;35:*.gif=01;35:*.bmp=01;35:*.pbm=01;35:*.pgm=01;35:*.ppm=01;35:*.tga=01;35:*.xbm=01;35:*.xpm=01;35:*.tif=01;35:*.tiff=01;35:*.png=01;35:*.svg=01;35:*.svgz=01;35:*.mng=01;35:*.pcx=01;35:*.mov=01;35:*.mpg=01;35:*.mpeg=01;35:*.m2v=01;35:*.mkv=01;35:*.webm=01;35:*.webp=01;35:*.ogm=01;35:*.mp4=01;35:*.m4v=01;35:*.mp4v=01;35:*.vob=01;35:*.qt=01;35:*.nuv=01;35:*.wmv=01;35:*.asf=01;35:*.rm=01;35:*.rmvb=01;35:*.flc=01;35:*.avi=01;35:*.fli=01;35:*.flv=01;35:*.gl=01;35:*.dl=01;35:*.xcf=01;35:*.xwd=01;35:*.yuv=01;35:*.cgm=01;35:*.emf=01;35:*.ogv=01;35:*.ogx=01;35:*.aac=00;36:*.au=00;36:*.flac=00;36:*.m4a=00;36:*.mid=00;36:*.midi=00;36:*.mka=00;36:*.mp3=00;36:*.mpc=00;36:*.ogg=00;36:*.ra=00;36:*.wav=00;36:*.oga=00;36:*.opus=00;36:*.spx=00;36:*.xspf=00;36:'), ('GNOME_TERMINAL_SERVICE', ':1.330'), ('SSH_AGENT_LAUNCHER', 'gnome-keyring'), ('SSH_AUTH_SOCK', '/run/user/1000/keyring/ssh'), ('AMENT_PREFIX_PATH', '/opt/ros/humble'), ('SHELL', '/bin/bash'), ('QT_ACCESSIBILITY', '1'), ('GDMSESSION', 'ubuntu'), ('LESSCLOSE', '/usr/bin/lesspipe %s %s'), ('CODEX_THREAD_ID', '019f5073-bc50-71a2-9549-8d1988512281'), ('GIT_PAGER', 'cat'), ('QT_IM_MODULE', 'ibus'), ('PWD', '/home/starry1n/WUTA/WUTA-FSD/ros2_ws/build/robot_localization'), ('LC_ALL', 'C.UTF-8'), ('XDG_CONFIG_DIRS', '/etc/xdg/xdg-ubuntu:/etc/xdg'), ('DBUS_STARTER_ADDRESS', 'unix:path=/run/user/1000/bus,guid=c67e2489f73595b365ff0ae46a50c8ee'), ('XDG_DATA_DIRS', '/usr/share/ubuntu:/usr/local/share/:/usr/share/:/var/lib/snapd/desktop'), ('PYTHONPATH', '/opt/ros/humble/lib/python3.10/site-packages:/opt/ros/humble/local/lib/python3.10/dist-packages'), ('COLCON', '1'), ('VTE_VERSION', '6800'), ('CMAKE_PREFIX_PATH', '/opt/ros/humble')]), 'shell': False}
[0.075603] (wuta_msgs) StdoutLine: {'line': b'[ 10%] Built target wuta_msgs__rosidl_generator_c\n'}
[0.077867] (wuta_msgs) StdoutLine: {'line': b'[ 12%] Built target wuta_msgs__rs\n'}
[0.087975] (autoware_msgs) StdoutLine: {'line': b'[  2%] Built target autoware_msgs__rs\n'}
[0.093520] (wuta_msgs) StdoutLine: {'line': b'[ 14%] Built target wuta_msgs__cpp\n'}
[0.098787] (autoware_msgs) StdoutLine: {'line': b'[  2%] Built target ament_cmake_python_symlink_autoware_msgs\n'}
[0.099414] (-) TimerEvent: {}
[0.107213] (wuta_msgs) StdoutLine: {'line': b'[ 14%] Built target ament_cmake_python_symlink_wuta_msgs\n'}
[0.111204] (kiss_icp) StdoutLine: {'line': b'[ 42%] Built target kiss_icp_core\n'}
[0.112037] (autoware_msgs) StdoutLine: {'line': b'[  4%] Built target autoware_msgs__cpp\n'}
[0.113655] (autoware_msgs) StdoutLine: {'line': b'[ 14%] Built target autoware_msgs__rosidl_generator_c\n'}
[0.121981] (kiss_icp) StdoutLine: {'line': b'[ 57%] Built target kiss_icp_metrics\n'}
[0.139260] (kiss_icp) StdoutLine: {'line': b'[ 71%] Built target kiss_icp_node\n'}
[0.149452] (robot_localization) StdoutLine: {'line': b'[  0%] Built target ament_cmake_python_symlink_robot_localization\n'}
[0.156099] (autoware_msgs) StdoutLine: {'line': b'[ 25%] Built target autoware_msgs__rosidl_typesupport_introspection_cpp\n'}
[0.156345] (robot_localization) StdoutLine: {'line': b'[  1%] Built target robot_localization__cpp\n'}
[0.160194] (wuta_msgs) StdoutLine: {'line': b'[ 25%] Built target wuta_msgs__rosidl_typesupport_fastrtps_c\n'}
[0.170232] (wuta_msgs) StdoutLine: {'line': b'[ 35%] Built target wuta_msgs__rosidl_typesupport_c\n'}
[0.172094] (kiss_icp) StdoutLine: {'line': b'[ 85%] Built target kiss_icp_pipeline\n'}
[0.176330] (robot_localization) StdoutLine: {'line': b'[  2%] Built target robot_localization__rs\n'}
[0.180803] (wuta_msgs) StdoutLine: {'line': b'[ 46%] Built target wuta_msgs__rosidl_typesupport_introspection_cpp\n'}
[0.180947] (wuta_msgs) StdoutLine: {'line': b'[ 57%] Built target wuta_msgs__rosidl_typesupport_cpp\n'}
[0.180983] (autoware_msgs) StdoutLine: {'line': b'[ 35%] Built target autoware_msgs__rosidl_typesupport_fastrtps_cpp\n'}
[0.186948] (robot_localization) StdoutLine: {'line': b'[  4%] Built target gtest\n'}
[0.190204] (robot_localization) StdoutLine: {'line': b'[  9%] Built target gtest_main\n'}
[0.190456] (robot_localization) StdoutLine: {'line': b'[ 13%] Built target robot_localization__rosidl_generator_c\n'}
[0.191307] (wuta_msgs) StdoutLine: {'line': b'[ 67%] Built target wuta_msgs__rosidl_typesupport_fastrtps_cpp\n'}
[0.195927] (wuta_msgs) StdoutLine: {'line': b'[ 78%] Built target wuta_msgs__rosidl_typesupport_introspection_c\n'}
[0.196248] (autoware_msgs) StdoutLine: {'line': b'[ 45%] Built target autoware_msgs__rosidl_typesupport_c\n'}
[0.199509] (-) TimerEvent: {}
[0.202488] (autoware_msgs) StdoutLine: {'line': b'[ 56%] Built target autoware_msgs__rosidl_typesupport_cpp\n'}
[0.209504] (autoware_msgs) StdoutLine: {'line': b'[ 66%] Built target autoware_msgs__rosidl_typesupport_fastrtps_c\n'}
[0.209872] (autoware_msgs) StdoutLine: {'line': b'[ 77%] Built target autoware_msgs__rosidl_typesupport_introspection_c\n'}
[0.211071] (robot_localization) StdoutLine: {'line': b'[ 20%] Built target robot_localization__rosidl_typesupport_fastrtps_cpp\n'}
[0.219660] (robot_localization) StdoutLine: {'line': b'[ 27%] Built target robot_localization__rosidl_typesupport_introspection_cpp\n'}
[0.229950] (robot_localization) StdoutLine: {'line': b'[ 34%] Built target robot_localization__rosidl_typesupport_cpp\n'}
[0.234272] (robot_localization) StdoutLine: {'line': b'[ 41%] Built target robot_localization__rosidl_typesupport_introspection_c\n'}
[0.235032] (kiss_icp) StdoutLine: {'line': b'[100%] Built target odometry_component\n'}
[0.244203] (wuta_msgs) StdoutLine: {'line': b'[ 78%] Built target wuta_msgs\n'}
[0.247380] (kiss_icp) CommandEnded: {'returncode': 0}
[0.252856] (kiss_icp) JobProgress: {'identifier': 'kiss_icp', 'progress': 'install'}
[0.257638] (kiss_icp) Command: {'cmd': ['/usr/bin/cmake', '--install', '/home/starry1n/WUTA/WUTA-FSD/ros2_ws/build/kiss_icp'], 'cwd': '/home/starry1n/WUTA/WUTA-FSD/ros2_ws/build/kiss_icp', 'env': OrderedDict([('LESSOPEN', '| /usr/bin/lesspipe %s'), ('CODEX_CI', '1'), ('LANGUAGE', 'zh_CN:zh'), ('USER', 'starry1n'), ('XDG_SESSION_TYPE', 'wayland'), ('SHLVL', '2'), ('LD_LIBRARY_PATH', '/opt/ros/humble/opt/rviz_ogre_vendor/lib:/opt/ros/humble/lib/x86_64-linux-gnu:/opt/ros/humble/lib'), ('HOME', '/home/starry1n'), ('OLDPWD', '/home/starry1n/WUTA/WUTA-FSD'), ('DESKTOP_SESSION', 'ubuntu'), ('ROS_PYTHON_VERSION', '3'), ('GNOME_SHELL_SESSION_MODE', 'ubuntu'), ('GTK_MODULES', 'gail:atk-bridge'), ('PAGER', 'cat'), ('LC_CTYPE', 'C.UTF-8'), ('DBUS_STARTER_BUS_TYPE', 'session'), ('SYSTEMD_EXEC_PID', '2321'), ('IM_CONFIG_CHECK_ENV', '1'), ('NO_COLOR', '1'), ('DBUS_SESSION_BUS_ADDRESS', 'unix:path=/run/user/1000/bus,guid=c67e2489f73595b365ff0ae46a50c8ee'), ('COLORTERM', ''), ('IM_CONFIG_PHASE', '1'), ('WAYLAND_DISPLAY', 'wayland-0'), ('CODEX_PERMISSION_PROFILE', ':workspace'), ('ROS_DISTRO', 'humble'), ('LOGNAME', 'starry1n'), ('_', '/usr/bin/colcon'), ('ROS_VERSION', '2'), ('XDG_SESSION_CLASS', 'user'), ('USERNAME', 'starry1n'), ('TERM', 'dumb'), ('GNOME_DESKTOP_SESSION_ID', 'this-is-deprecated'), ('ROS_LOCALHOST_ONLY', '0'), ('PATH', '/home/starry1n/.local/bin:/home/starry1n/.codex/packages/standalone/releases/0.144.4-x86_64-unknown-linux-musl/codex-path:/home/starry1n/.codex/tmp/arg0/codex-arg05cnADw:/home/starry1n/.local/bin:/opt/ros/humble/bin:/home/starry1n/.local/bin:/usr/local/sbin:/usr/local/bin:/usr/sbin:/usr/bin:/sbin:/bin:/usr/games:/usr/local/games:/snap/bin:/snap/bin'), ('SESSION_MANAGER', 'local/starry1n-virtual-machine:@/tmp/.ICE-unix/2321,unix/starry1n-virtual-machine:/tmp/.ICE-unix/2321'), ('XDG_MENU_PREFIX', 'gnome-'), ('GNOME_TERMINAL_SCREEN', '/org/gnome/Terminal/screen/b41f3890_f157_4b82_b249_7c5cfcb9354a'), ('GNOME_SETUP_DISPLAY', ':1'), ('XDG_RUNTIME_DIR', '/run/user/1000'), ('DISPLAY', ':0'), ('CODEX_SANDBOX_NETWORK_DISABLED', '1'), ('LANG', 'C.UTF-8'), ('XDG_CURRENT_DESKTOP', 'ubuntu:GNOME'), ('XMODIFIERS', '@im=ibus'), ('GH_PAGER', 'cat'), ('XDG_SESSION_DESKTOP', 'ubuntu'), ('XAUTHORITY', '/run/user/1000/.mutter-Xwaylandauth.H6FRS3'), ('LS_COLORS', 'rs=0:di=01;34:ln=01;36:mh=00:pi=40;33:so=01;35:do=01;35:bd=40;33;01:cd=40;33;01:or=40;31;01:mi=00:su=37;41:sg=30;43:ca=30;41:tw=30;42:ow=34;42:st=37;44:ex=01;32:*.tar=01;31:*.tgz=01;31:*.arc=01;31:*.arj=01;31:*.taz=01;31:*.lha=01;31:*.lz4=01;31:*.lzh=01;31:*.lzma=01;31:*.tlz=01;31:*.txz=01;31:*.tzo=01;31:*.t7z=01;31:*.zip=01;31:*.z=01;31:*.dz=01;31:*.gz=01;31:*.lrz=01;31:*.lz=01;31:*.lzo=01;31:*.xz=01;31:*.zst=01;31:*.tzst=01;31:*.bz2=01;31:*.bz=01;31:*.tbz=01;31:*.tbz2=01;31:*.tz=01;31:*.deb=01;31:*.rpm=01;31:*.jar=01;31:*.war=01;31:*.ear=01;31:*.sar=01;31:*.rar=01;31:*.alz=01;31:*.ace=01;31:*.zoo=01;31:*.cpio=01;31:*.7z=01;31:*.rz=01;31:*.cab=01;31:*.wim=01;31:*.swm=01;31:*.dwm=01;31:*.esd=01;31:*.jpg=01;35:*.jpeg=01;35:*.mjpg=01;35:*.mjpeg=01;35:*.gif=01;35:*.bmp=01;35:*.pbm=01;35:*.pgm=01;35:*.ppm=01;35:*.tga=01;35:*.xbm=01;35:*.xpm=01;35:*.tif=01;35:*.tiff=01;35:*.png=01;35:*.svg=01;35:*.svgz=01;35:*.mng=01;35:*.pcx=01;35:*.mov=01;35:*.mpg=01;35:*.mpeg=01;35:*.m2v=01;35:*.mkv=01;35:*.webm=01;35:*.webp=01;35:*.ogm=01;35:*.mp4=01;35:*.m4v=01;35:*.mp4v=01;35:*.vob=01;35:*.qt=01;35:*.nuv=01;35:*.wmv=01;35:*.asf=01;35:*.rm=01;35:*.rmvb=01;35:*.flc=01;35:*.avi=01;35:*.fli=01;35:*.flv=01;35:*.gl=01;35:*.dl=01;35:*.xcf=01;35:*.xwd=01;35:*.yuv=01;35:*.cgm=01;35:*.emf=01;35:*.ogv=01;35:*.ogx=01;35:*.aac=00;36:*.au=00;36:*.flac=00;36:*.m4a=00;36:*.mid=00;36:*.midi=00;36:*.mka=00;36:*.mp3=00;36:*.mpc=00;36:*.ogg=00;36:*.ra=00;36:*.wav=00;36:*.oga=00;36:*.opus=00;36:*.spx=00;36:*.xspf=00;36:'), ('GNOME_TERMINAL_SERVICE', ':1.330'), ('SSH_AGENT_LAUNCHER', 'gnome-keyring'), ('SSH_AUTH_SOCK', '/run/user/1000/keyring/ssh'), ('AMENT_PREFIX_PATH', '/opt/ros/humble'), ('SHELL', '/bin/bash'), ('QT_ACCESSIBILITY', '1'), ('GDMSESSION', 'ubuntu'), ('LESSCLOSE', '/usr/bin/lesspipe %s %s'), ('CODEX_THREAD_ID', '019f5073-bc50-71a2-9549-8d1988512281'), ('GIT_PAGER', 'cat'), ('QT_IM_MODULE', 'ibus'), ('PWD', '/home/starry1n/WUTA/WUTA-FSD/ros2_ws/build/kiss_icp'), ('LC_ALL', 'C.UTF-8'), ('XDG_CONFIG_DIRS', '/etc/xdg/xdg-ubuntu:/etc/xdg'), ('DBUS_STARTER_ADDRESS', 'unix:path=/run/user/1000/bus,guid=c67e2489f73595b365ff0ae46a50c8ee'), ('XDG_DATA_DIRS', '/usr/share/ubuntu:/usr/local/share/:/usr/share/:/var/lib/snapd/desktop'), ('PYTHONPATH', '/opt/ros/humble/lib/python3.10/site-packages:/opt/ros/humble/local/lib/python3.10/dist-packages'), ('COLCON', '1'), ('VTE_VERSION', '6800'), ('CMAKE_PREFIX_PATH', '/opt/ros/humble')]), 'shell': False}
[0.259801] (autoware_msgs) StdoutLine: {'line': b'[ 77%] Built target autoware_msgs\n'}
[0.260172] (robot_localization) StdoutLine: {'line': b'[ 52%] Built target robot_localization__rosidl_typesupport_c\n'}
[0.260306] (robot_localization) StdoutLine: {'line': b'[ 55%] Built target robot_localization__rosidl_typesupport_fastrtps_c\n'}
[0.277228] (kiss_icp) StdoutLine: {'line': b'-- Install configuration: "Release"\n'}
[0.277368] (kiss_icp) StdoutLine: {'line': b'-- Execute custom install script\n'}
[0.277405] (kiss_icp) StdoutLine: {'line': b'-- Up-to-date symlink: /home/starry1n/WUTA/WUTA-FSD/ros2_ws/install/kiss_icp/lib/kiss_icp/kiss_icp_node\n'}
[0.277435] (kiss_icp) StdoutLine: {'line': b'-- Up-to-date symlink: /home/starry1n/WUTA/WUTA-FSD/ros2_ws/install/kiss_icp/lib/libodometry_component.so\n'}
[0.277461] (kiss_icp) StdoutLine: {'line': b'-- Up-to-date symlink: /home/starry1n/WUTA/WUTA-FSD/ros2_ws/install/kiss_icp/share/kiss_icp//launch/odometry.launch.py\n'}
[0.277497] (kiss_icp) StdoutLine: {'line': b'-- Up-to-date symlink: /home/starry1n/WUTA/WUTA-FSD/ros2_ws/install/kiss_icp/share/kiss_icp//rviz/kiss_icp.rviz\n'}
[0.277521] (kiss_icp) StdoutLine: {'line': b'-- Up-to-date symlink: /home/starry1n/WUTA/WUTA-FSD/ros2_ws/install/kiss_icp/share/kiss_icp//config/config.yaml\n'}
[0.277734] (kiss_icp) StdoutLine: {'line': b'-- Up-to-date symlink: /home/starry1n/WUTA/WUTA-FSD/ros2_ws/install/kiss_icp/share/ament_index/resource_index/package_run_dependencies/kiss_icp\n'}
[0.277878] (kiss_icp) StdoutLine: {'line': b'-- Up-to-date symlink: /home/starry1n/WUTA/WUTA-FSD/ros2_ws/install/kiss_icp/share/ament_index/resource_index/parent_prefix_path/kiss_icp\n'}
[0.277925] (kiss_icp) StdoutLine: {'line': b'-- Up-to-date symlink: /home/starry1n/WUTA/WUTA-FSD/ros2_ws/install/kiss_icp/share/kiss_icp/environment/ament_prefix_path.sh\n'}
[0.277964] (kiss_icp) StdoutLine: {'line': b'-- Up-to-date symlink: /home/starry1n/WUTA/WUTA-FSD/ros2_ws/install/kiss_icp/share/kiss_icp/environment/ament_prefix_path.dsv\n'}
[0.277998] (kiss_icp) StdoutLine: {'line': b'-- Up-to-date symlink: /home/starry1n/WUTA/WUTA-FSD/ros2_ws/install/kiss_icp/share/kiss_icp/environment/path.sh\n'}
[0.278026] (kiss_icp) StdoutLine: {'line': b'-- Up-to-date symlink: /home/starry1n/WUTA/WUTA-FSD/ros2_ws/install/kiss_icp/share/kiss_icp/environment/path.dsv\n'}
[0.278052] (kiss_icp) StdoutLine: {'line': b'-- Up-to-date symlink: /home/starry1n/WUTA/WUTA-FSD/ros2_ws/install/kiss_icp/share/kiss_icp/local_setup.bash\n'}
[0.278079] (kiss_icp) StdoutLine: {'line': b'-- Up-to-date symlink: /home/starry1n/WUTA/WUTA-FSD/ros2_ws/install/kiss_icp/share/kiss_icp/local_setup.sh\n'}
[0.278104] (kiss_icp) StdoutLine: {'line': b'-- Up-to-date symlink: /home/starry1n/WUTA/WUTA-FSD/ros2_ws/install/kiss_icp/share/kiss_icp/local_setup.zsh\n'}
[0.278128] (kiss_icp) StdoutLine: {'line': b'-- Up-to-date symlink: /home/starry1n/WUTA/WUTA-FSD/ros2_ws/install/kiss_icp/share/kiss_icp/local_setup.dsv\n'}
[0.278154] (kiss_icp) StdoutLine: {'line': b'-- Symlinking: /home/starry1n/WUTA/WUTA-FSD/ros2_ws/install/kiss_icp/share/kiss_icp/package.dsv\n'}
[0.286263] (robot_localization) StdoutLine: {'line': b'[ 64%] Built target rl_lib\n'}
[0.291110] (wuta_msgs) StdoutLine: {'line': b'[ 80%] Built target wuta_msgs__py\n'}
[0.296890] (kiss_icp) StdoutLine: {'line': b'-- Up-to-date symlink: /home/starry1n/WUTA/WUTA-FSD/ros2_ws/install/kiss_icp/share/ament_index/resource_index/packages/kiss_icp\n'}
[0.296977] (kiss_icp) StdoutLine: {'line': b'-- Up-to-date symlink: /home/starry1n/WUTA/WUTA-FSD/ros2_ws/install/kiss_icp/share/ament_index/resource_index/rclcpp_components/kiss_icp\n'}
[0.297013] (kiss_icp) StdoutLine: {'line': b'-- Up-to-date symlink: /home/starry1n/WUTA/WUTA-FSD/ros2_ws/install/kiss_icp/share/kiss_icp/cmake/kiss_icpConfig.cmake\n'}
[0.297043] (kiss_icp) StdoutLine: {'line': b'-- Up-to-date symlink: /home/starry1n/WUTA/WUTA-FSD/ros2_ws/install/kiss_icp/share/kiss_icp/cmake/kiss_icpConfig-version.cmake\n'}
[0.297068] (kiss_icp) StdoutLine: {'line': b'-- Up-to-date symlink: /home/starry1n/WUTA/WUTA-FSD/ros2_ws/install/kiss_icp/share/kiss_icp/package.xml\n'}
[0.297092] (robot_localization) StdoutLine: {'line': b'[ 64%] Built target robot_localization\n'}
[0.297124] (kiss_icp) CommandEnded: {'returncode': 0}
[0.301082] (-) TimerEvent: {}
[0.336047] (kiss_icp) JobEnded: {'identifier': 'kiss_icp', 'rc': 0}
[0.337019] (autoware_msgs) StdoutLine: {'line': b'[ 79%] Built target autoware_msgs__py\n'}
[0.339382] (wuta_msgs) StdoutLine: {'line': b'[ 89%] Built target wuta_msgs__rosidl_generator_py\n'}
[0.346030] (autoware_msgs) StdoutLine: {'line': b'[ 87%] Built target autoware_msgs__rosidl_generator_py\n'}
[0.360622] (robot_localization) StdoutLine: {'line': b'[ 66%] Built target test_ekf\n'}
[0.361821] (robot_localization) StdoutLine: {'line': b'[ 68%] Built target ukf_node\n'}
[0.364384] (robot_localization) StdoutLine: {'line': b'[ 69%] Built target navsat_transform_node\n'}
[0.366996] (robot_localization) StdoutLine: {'line': b'[ 70%] Built target ekf_node\n'}
[0.368364] (robot_localization) StdoutLine: {'line': b'[ 72%] Built target robot_localization_listener_node\n'}
[0.383658] (robot_localization) StdoutLine: {'line': b'[ 74%] Built target filter_base-test\n'}
[0.385550] (wuta_msgs) StdoutLine: {'line': b'running egg_info\n'}
[0.386355] (wuta_msgs) StdoutLine: {'line': b'writing wuta_msgs.egg-info/PKG-INFO\n'}
[0.387907] (wuta_msgs) StdoutLine: {'line': b'writing dependency_links to wuta_msgs.egg-info/dependency_links.txt\n'}
[0.388019] (wuta_msgs) StdoutLine: {'line': b'writing top-level names to wuta_msgs.egg-info/top_level.txt\n'}
[0.388611] (wuta_msgs) StdoutLine: {'line': b'[ 92%] Built target wuta_msgs__rosidl_typesupport_fastrtps_c__pyext\n'}
[0.390069] (wuta_msgs) StdoutLine: {'line': b"reading manifest file 'wuta_msgs.egg-info/SOURCES.txt'\n"}
[0.390987] (wuta_msgs) StdoutLine: {'line': b"writing manifest file 'wuta_msgs.egg-info/SOURCES.txt'\n"}
[0.391054] (autoware_msgs) StdoutLine: {'line': b'[ 91%] Built target autoware_msgs__rosidl_typesupport_fastrtps_c__pyext\n'}
[0.392849] (wuta_msgs) StdoutLine: {'line': b'[ 96%] Built target wuta_msgs__rosidl_typesupport_introspection_c__pyext\n'}
[0.393115] (robot_localization) StdoutLine: {'line': b'[ 76%] Built target test_ukf\n'}
[0.401301] (-) TimerEvent: {}
[0.403947] (autoware_msgs) StdoutLine: {'line': b'[ 95%] Built target autoware_msgs__rosidl_typesupport_c__pyext\n'}
[0.406997] (wuta_msgs) StdoutLine: {'line': b'[100%] Built target wuta_msgs__rosidl_typesupport_c__pyext\n'}
[0.407142] (autoware_msgs) StdoutLine: {'line': b'[100%] Built target autoware_msgs__rosidl_typesupport_introspection_c__pyext\n'}
[0.415927] (robot_localization) StdoutLine: {'line': b'[ 78%] Built target test_navsat_conversions\n'}
[0.416072] (robot_localization) StdoutLine: {'line': b'[ 80%] Built target test_robot_localization_estimator\n'}
[0.416108] (wuta_msgs) StdoutLine: {'line': b'[100%] Built target ament_cmake_python_build_wuta_msgs_egg\n'}
[0.424367] (robot_localization) StdoutLine: {'line': b'[ 82%] Built target test_ros_robot_localization_listener_publisher\n'}
[0.428456] (wuta_msgs) CommandEnded: {'returncode': 0}
[0.429092] (wuta_msgs) JobProgress: {'identifier': 'wuta_msgs', 'progress': 'install'}
[0.429228] (wuta_msgs) Command: {'cmd': ['/usr/bin/cmake', '--install', '/home/starry1n/WUTA/WUTA-FSD/ros2_ws/build/wuta_msgs'], 'cwd': '/home/starry1n/WUTA/WUTA-FSD/ros2_ws/build/wuta_msgs', 'env': OrderedDict([('LESSOPEN', '| /usr/bin/lesspipe %s'), ('CODEX_CI', '1'), ('LANGUAGE', 'zh_CN:zh'), ('USER', 'starry1n'), ('XDG_SESSION_TYPE', 'wayland'), ('SHLVL', '2'), ('LD_LIBRARY_PATH', '/opt/ros/humble/opt/rviz_ogre_vendor/lib:/opt/ros/humble/lib/x86_64-linux-gnu:/opt/ros/humble/lib'), ('HOME', '/home/starry1n'), ('OLDPWD', '/home/starry1n/WUTA/WUTA-FSD'), ('DESKTOP_SESSION', 'ubuntu'), ('ROS_PYTHON_VERSION', '3'), ('GNOME_SHELL_SESSION_MODE', 'ubuntu'), ('GTK_MODULES', 'gail:atk-bridge'), ('PAGER', 'cat'), ('LC_CTYPE', 'C.UTF-8'), ('DBUS_STARTER_BUS_TYPE', 'session'), ('SYSTEMD_EXEC_PID', '2321'), ('IM_CONFIG_CHECK_ENV', '1'), ('NO_COLOR', '1'), ('DBUS_SESSION_BUS_ADDRESS', 'unix:path=/run/user/1000/bus,guid=c67e2489f73595b365ff0ae46a50c8ee'), ('COLORTERM', ''), ('IM_CONFIG_PHASE', '1'), ('WAYLAND_DISPLAY', 'wayland-0'), ('CODEX_PERMISSION_PROFILE', ':workspace'), ('ROS_DISTRO', 'humble'), ('LOGNAME', 'starry1n'), ('_', '/usr/bin/colcon'), ('ROS_VERSION', '2'), ('XDG_SESSION_CLASS', 'user'), ('USERNAME', 'starry1n'), ('TERM', 'dumb'), ('GNOME_DESKTOP_SESSION_ID', 'this-is-deprecated'), ('ROS_LOCALHOST_ONLY', '0'), ('PATH', '/home/starry1n/.local/bin:/home/starry1n/.codex/packages/standalone/releases/0.144.4-x86_64-unknown-linux-musl/codex-path:/home/starry1n/.codex/tmp/arg0/codex-arg05cnADw:/home/starry1n/.local/bin:/opt/ros/humble/bin:/home/starry1n/.local/bin:/usr/local/sbin:/usr/local/bin:/usr/sbin:/usr/bin:/sbin:/bin:/usr/games:/usr/local/games:/snap/bin:/snap/bin'), ('SESSION_MANAGER', 'local/starry1n-virtual-machine:@/tmp/.ICE-unix/2321,unix/starry1n-virtual-machine:/tmp/.ICE-unix/2321'), ('XDG_MENU_PREFIX', 'gnome-'), ('GNOME_TERMINAL_SCREEN', '/org/gnome/Terminal/screen/b41f3890_f157_4b82_b249_7c5cfcb9354a'), ('GNOME_SETUP_DISPLAY', ':1'), ('XDG_RUNTIME_DIR', '/run/user/1000'), ('DISPLAY', ':0'), ('CODEX_SANDBOX_NETWORK_DISABLED', '1'), ('LANG', 'C.UTF-8'), ('XDG_CURRENT_DESKTOP', 'ubuntu:GNOME'), ('XMODIFIERS', '@im=ibus'), ('GH_PAGER', 'cat'), ('XDG_SESSION_DESKTOP', 'ubuntu'), ('XAUTHORITY', '/run/user/1000/.mutter-Xwaylandauth.H6FRS3'), ('LS_COLORS', 'rs=0:di=01;34:ln=01;36:mh=00:pi=40;33:so=01;35:do=01;35:bd=40;33;01:cd=40;33;01:or=40;31;01:mi=00:su=37;41:sg=30;43:ca=30;41:tw=30;42:ow=34;42:st=37;44:ex=01;32:*.tar=01;31:*.tgz=01;31:*.arc=01;31:*.arj=01;31:*.taz=01;31:*.lha=01;31:*.lz4=01;31:*.lzh=01;31:*.lzma=01;31:*.tlz=01;31:*.txz=01;31:*.tzo=01;31:*.t7z=01;31:*.zip=01;31:*.z=01;31:*.dz=01;31:*.gz=01;31:*.lrz=01;31:*.lz=01;31:*.lzo=01;31:*.xz=01;31:*.zst=01;31:*.tzst=01;31:*.bz2=01;31:*.bz=01;31:*.tbz=01;31:*.tbz2=01;31:*.tz=01;31:*.deb=01;31:*.rpm=01;31:*.jar=01;31:*.war=01;31:*.ear=01;31:*.sar=01;31:*.rar=01;31:*.alz=01;31:*.ace=01;31:*.zoo=01;31:*.cpio=01;31:*.7z=01;31:*.rz=01;31:*.cab=01;31:*.wim=01;31:*.swm=01;31:*.dwm=01;31:*.esd=01;31:*.jpg=01;35:*.jpeg=01;35:*.mjpg=01;35:*.mjpeg=01;35:*.gif=01;35:*.bmp=01;35:*.pbm=01;35:*.pgm=01;35:*.ppm=01;35:*.tga=01;35:*.xbm=01;35:*.xpm=01;35:*.tif=01;35:*.tiff=01;35:*.png=01;35:*.svg=01;35:*.svgz=01;35:*.mng=01;35:*.pcx=01;35:*.mov=01;35:*.mpg=01;35:*.mpeg=01;35:*.m2v=01;35:*.mkv=01;35:*.webm=01;35:*.webp=01;35:*.ogm=01;35:*.mp4=01;35:*.m4v=01;35:*.mp4v=01;35:*.vob=01;35:*.qt=01;35:*.nuv=01;35:*.wmv=01;35:*.asf=01;35:*.rm=01;35:*.rmvb=01;35:*.flc=01;35:*.avi=01;35:*.fli=01;35:*.flv=01;35:*.gl=01;35:*.dl=01;35:*.xcf=01;35:*.xwd=01;35:*.yuv=01;35:*.cgm=01;35:*.emf=01;35:*.ogv=01;35:*.ogx=01;35:*.aac=00;36:*.au=00;36:*.flac=00;36:*.m4a=00;36:*.mid=00;36:*.midi=00;36:*.mka=00;36:*.mp3=00;36:*.mpc=00;36:*.ogg=00;36:*.ra=00;36:*.wav=00;36:*.oga=00;36:*.opus=00;36:*.spx=00;36:*.xspf=00;36:'), ('GNOME_TERMINAL_SERVICE', ':1.330'), ('SSH_AGENT_LAUNCHER', 'gnome-keyring'), ('SSH_AUTH_SOCK', '/run/user/1000/keyring/ssh'), ('AMENT_PREFIX_PATH', '/opt/ros/humble'), ('SHELL', '/bin/bash'), ('QT_ACCESSIBILITY', '1'), ('GDMSESSION', 'ubuntu'), ('LESSCLOSE', '/usr/bin/lesspipe %s %s'), ('CODEX_THREAD_ID', '019f5073-bc50-71a2-9549-8d1988512281'), ('GIT_PAGER', 'cat'), ('QT_IM_MODULE', 'ibus'), ('PWD', '/home/starry1n/WUTA/WUTA-FSD/ros2_ws/build/wuta_msgs'), ('LC_ALL', 'C.UTF-8'), ('XDG_CONFIG_DIRS', '/etc/xdg/xdg-ubuntu:/etc/xdg'), ('DBUS_STARTER_ADDRESS', 'unix:path=/run/user/1000/bus,guid=c67e2489f73595b365ff0ae46a50c8ee'), ('XDG_DATA_DIRS', '/usr/share/ubuntu:/usr/local/share/:/usr/share/:/var/lib/snapd/desktop'), ('PYTHONPATH', '/opt/ros/humble/lib/python3.10/site-packages:/opt/ros/humble/local/lib/python3.10/dist-packages'), ('COLCON', '1'), ('VTE_VERSION', '6800'), ('CMAKE_PREFIX_PATH', '/opt/ros/humble')]), 'shell': False}
[0.434172] (robot_localization) StdoutLine: {'line': b'[ 83%] Built target robot_localization__py\n'}
[0.436587] (robot_localization) StdoutLine: {'line': b'[ 84%] Built target test_ekf_localization_node_interfaces\n'}
[0.436715] (robot_localization) StdoutLine: {'line': b'[ 85%] Built target test_ros_robot_localization_listener\n'}
[0.438204] (wuta_msgs) StdoutLine: {'line': b'-- Install configuration: ""\n'}
[0.438832] (wuta_msgs) StdoutLine: {'line': b'-- Execute custom install script\n'}
[0.439314] (wuta_msgs) StdoutLine: {'line': b'-- Up-to-date symlink: /home/starry1n/WUTA/WUTA-FSD/ros2_ws/install/wuta_msgs/share/ament_index/resource_index/rosidl_interfaces/wuta_msgs\n'}
[0.439450] (wuta_msgs) StdoutLine: {'line': b'-- Up-to-date symlink: /home/starry1n/WUTA/WUTA-FSD/ros2_ws/install/wuta_msgs/include/wuta_msgs/wuta_msgs/msg/cone.h\n'}
[0.439919] (wuta_msgs) StdoutLine: {'line': b'-- Up-to-date symlink: /home/starry1n/WUTA/WUTA-FSD/ros2_ws/install/wuta_msgs/include/wuta_msgs/wuta_msgs/msg/cone_array.h\n'}
[0.440431] (wuta_msgs) StdoutLine: {'line': b'-- Up-to-date symlink: /home/starry1n/WUTA/WUTA-FSD/ros2_ws/install/wuta_msgs/include/wuta_msgs/wuta_msgs/msg/cone_map.h\n'}
[0.440533] (wuta_msgs) StdoutLine: {'line': b'-- Up-to-date symlink: /home/starry1n/WUTA/WUTA-FSD/ros2_ws/install/wuta_msgs/include/wuta_msgs/wuta_msgs/msg/detail/cone__functions.h\n'}
[0.440592] (wuta_msgs) StdoutLine: {'line': b'-- Up-to-date symlink: /home/starry1n/WUTA/WUTA-FSD/ros2_ws/install/wuta_msgs/include/wuta_msgs/wuta_msgs/msg/detail/cone__struct.h\n'}
[0.440637] (wuta_msgs) StdoutLine: {'line': b'-- Up-to-date symlink: /home/starry1n/WUTA/WUTA-FSD/ros2_ws/install/wuta_msgs/include/wuta_msgs/wuta_msgs/msg/detail/cone__type_support.h\n'}
[0.440724] (wuta_msgs) StdoutLine: {'line': b'-- Up-to-date symlink: /home/starry1n/WUTA/WUTA-FSD/ros2_ws/install/wuta_msgs/include/wuta_msgs/wuta_msgs/msg/detail/cone_array__functions.h\n'}
[0.440784] (wuta_msgs) StdoutLine: {'line': b'-- Up-to-date symlink: /home/starry1n/WUTA/WUTA-FSD/ros2_ws/install/wuta_msgs/include/wuta_msgs/wuta_msgs/msg/detail/cone_array__struct.h\n'}
[0.441897] (wuta_msgs) StdoutLine: {'line': b'-- Up-to-date symlink: /home/starry1n/WUTA/WUTA-FSD/ros2_ws/install/wuta_msgs/include/wuta_msgs/wuta_msgs/msg/detail/cone_array__type_support.h\n'}
[0.442104] (wuta_msgs) StdoutLine: {'line': b'-- Up-to-date symlink: /home/starry1n/WUTA/WUTA-FSD/ros2_ws/install/wuta_msgs/include/wuta_msgs/wuta_msgs/msg/detail/cone_map__functions.h\n'}
[0.442152] (wuta_msgs) StdoutLine: {'line': b'-- Up-to-date symlink: /home/starry1n/WUTA/WUTA-FSD/ros2_ws/install/wuta_msgs/include/wuta_msgs/wuta_msgs/msg/detail/cone_map__struct.h\n'}
[0.442325] (wuta_msgs) StdoutLine: {'line': b'-- Up-to-date symlink: /home/starry1n/WUTA/WUTA-FSD/ros2_ws/install/wuta_msgs/include/wuta_msgs/wuta_msgs/msg/detail/cone_map__type_support.h\n'}
[0.442465] (wuta_msgs) StdoutLine: {'line': b'-- Up-to-date symlink: /home/starry1n/WUTA/WUTA-FSD/ros2_ws/install/wuta_msgs/include/wuta_msgs/wuta_msgs/msg/detail/mission_state__functions.h\n'}
[0.442638] (wuta_msgs) StdoutLine: {'line': b'-- Up-to-date symlink: /home/starry1n/WUTA/WUTA-FSD/ros2_ws/install/wuta_msgs/include/wuta_msgs/wuta_msgs/msg/detail/mission_state__struct.h\n'}
[0.442843] (wuta_msgs) StdoutLine: {'line': b'-- Up-to-date symlink: /home/starry1n/WUTA/WUTA-FSD/ros2_ws/install/wuta_msgs/include/wuta_msgs/wuta_msgs/msg/detail/mission_state__type_support.h\n'}
[0.443528] (wuta_msgs) StdoutLine: {'line': b'-- Up-to-date symlink: /home/starry1n/WUTA/WUTA-FSD/ros2_ws/install/wuta_msgs/include/wuta_msgs/wuta_msgs/msg/mission_state.h\n'}
[0.443622] (wuta_msgs) StdoutLine: {'line': b'-- Up-to-date symlink: /home/starry1n/WUTA/WUTA-FSD/ros2_ws/install/wuta_msgs/include/wuta_msgs/wuta_msgs/msg/rosidl_generator_c__visibility_control.h\n'}
[0.443701] (wuta_msgs) StdoutLine: {'line': b'-- Up-to-date symlink: /home/starry1n/WUTA/WUTA-FSD/ros2_ws/install/wuta_msgs/share/wuta_msgs/environment/library_path.sh\n'}
[0.443779] (wuta_msgs) StdoutLine: {'line': b'-- Up-to-date symlink: /home/starry1n/WUTA/WUTA-FSD/ros2_ws/install/wuta_msgs/share/wuta_msgs/environment/library_path.dsv\n'}
[0.443809] (wuta_msgs) StdoutLine: {'line': b'-- Up-to-date symlink: /home/starry1n/WUTA/WUTA-FSD/ros2_ws/install/wuta_msgs/include/wuta_msgs/wuta_msgs/msg/detail/cone__rosidl_typesupport_fastrtps_c.h\n'}
[0.444010] (wuta_msgs) StdoutLine: {'line': b'-- Up-to-date symlink: /home/starry1n/WUTA/WUTA-FSD/ros2_ws/install/wuta_msgs/include/wuta_msgs/wuta_msgs/msg/detail/cone_array__rosidl_typesupport_fastrtps_c.h\n'}
[0.444049] (wuta_msgs) StdoutLine: {'line': b'-- Up-to-date symlink: /home/starry1n/WUTA/WUTA-FSD/ros2_ws/install/wuta_msgs/include/wuta_msgs/wuta_msgs/msg/detail/cone_map__rosidl_typesupport_fastrtps_c.h\n'}
[0.444121] (wuta_msgs) StdoutLine: {'line': b'-- Up-to-date symlink: /home/starry1n/WUTA/WUTA-FSD/ros2_ws/install/wuta_msgs/include/wuta_msgs/wuta_msgs/msg/detail/mission_state__rosidl_typesupport_fastrtps_c.h\n'}
[0.444179] (wuta_msgs) StdoutLine: {'line': b'-- Up-to-date symlink: /home/starry1n/WUTA/WUTA-FSD/ros2_ws/install/wuta_msgs/include/wuta_msgs/wuta_msgs/msg/rosidl_typesupport_fastrtps_c__visibility_control.h\n'}
[0.444320] (wuta_msgs) StdoutLine: {'line': b'-- Up-to-date symlink: /home/starry1n/WUTA/WUTA-FSD/ros2_ws/install/wuta_msgs/include/wuta_msgs/wuta_msgs/msg/detail/cone__rosidl_typesupport_introspection_c.h\n'}
[0.444349] (wuta_msgs) StdoutLine: {'line': b'-- Up-to-date symlink: /home/starry1n/WUTA/WUTA-FSD/ros2_ws/install/wuta_msgs/include/wuta_msgs/wuta_msgs/msg/detail/cone_array__rosidl_typesupport_introspection_c.h\n'}
[0.444420] (wuta_msgs) StdoutLine: {'line': b'-- Up-to-date symlink: /home/starry1n/WUTA/WUTA-FSD/ros2_ws/install/wuta_msgs/include/wuta_msgs/wuta_msgs/msg/detail/cone_map__rosidl_typesupport_introspection_c.h\n'}
[0.444477] (wuta_msgs) StdoutLine: {'line': b'-- Up-to-date symlink: /home/starry1n/WUTA/WUTA-FSD/ros2_ws/install/wuta_msgs/include/wuta_msgs/wuta_msgs/msg/detail/mission_state__rosidl_typesupport_introspection_c.h\n'}
[0.444506] (wuta_msgs) StdoutLine: {'line': b'-- Up-to-date symlink: /home/starry1n/WUTA/WUTA-FSD/ros2_ws/install/wuta_msgs/include/wuta_msgs/wuta_msgs/msg/rosidl_typesupport_introspection_c__visibility_control.h\n'}
[0.444530] (wuta_msgs) StdoutLine: {'line': b'-- Up-to-date symlink: /home/starry1n/WUTA/WUTA-FSD/ros2_ws/install/wuta_msgs/include/wuta_msgs/wuta_msgs/msg/cone.hpp\n'}
[0.444553] (wuta_msgs) StdoutLine: {'line': b'-- Up-to-date symlink: /home/starry1n/WUTA/WUTA-FSD/ros2_ws/install/wuta_msgs/include/wuta_msgs/wuta_msgs/msg/cone_array.hpp\n'}
[0.444576] (wuta_msgs) StdoutLine: {'line': b'-- Up-to-date symlink: /home/starry1n/WUTA/WUTA-FSD/ros2_ws/install/wuta_msgs/include/wuta_msgs/wuta_msgs/msg/cone_map.hpp\n'}
[0.444598] (wuta_msgs) StdoutLine: {'line': b'-- Up-to-date symlink: /home/starry1n/WUTA/WUTA-FSD/ros2_ws/install/wuta_msgs/include/wuta_msgs/wuta_msgs/msg/detail/cone__builder.hpp\n'}
[0.444620] (wuta_msgs) StdoutLine: {'line': b'-- Up-to-date symlink: /home/starry1n/WUTA/WUTA-FSD/ros2_ws/install/wuta_msgs/include/wuta_msgs/wuta_msgs/msg/detail/cone__struct.hpp\n'}
[0.444643] (wuta_msgs) StdoutLine: {'line': b'-- Up-to-date symlink: /home/starry1n/WUTA/WUTA-FSD/ros2_ws/install/wuta_msgs/include/wuta_msgs/wuta_msgs/msg/detail/cone__traits.hpp\n'}
[0.444666] (wuta_msgs) StdoutLine: {'line': b'-- Up-to-date symlink: /home/starry1n/WUTA/WUTA-FSD/ros2_ws/install/wuta_msgs/include/wuta_msgs/wuta_msgs/msg/detail/cone__type_support.hpp\n'}
[0.444700] (wuta_msgs) StdoutLine: {'line': b'-- Up-to-date symlink: /home/starry1n/WUTA/WUTA-FSD/ros2_ws/install/wuta_msgs/include/wuta_msgs/wuta_msgs/msg/detail/cone_array__builder.hpp\n'}
[0.444745] (wuta_msgs) StdoutLine: {'line': b'-- Up-to-date symlink: /home/starry1n/WUTA/WUTA-FSD/ros2_ws/install/wuta_msgs/include/wuta_msgs/wuta_msgs/msg/detail/cone_array__struct.hpp\n'}
[0.444788] (wuta_msgs) StdoutLine: {'line': b'-- Up-to-date symlink: /home/starry1n/WUTA/WUTA-FSD/ros2_ws/install/wuta_msgs/include/wuta_msgs/wuta_msgs/msg/detail/cone_array__traits.hpp\n'}
[0.444814] (wuta_msgs) StdoutLine: {'line': b'-- Up-to-date symlink: /home/starry1n/WUTA/WUTA-FSD/ros2_ws/install/wuta_msgs/include/wuta_msgs/wuta_msgs/msg/detail/cone_array__type_support.hpp\n'}
[0.444843] (wuta_msgs) StdoutLine: {'line': b'-- Up-to-date symlink: /home/starry1n/WUTA/WUTA-FSD/ros2_ws/install/wuta_msgs/include/wuta_msgs/wuta_msgs/msg/detail/cone_map__builder.hpp\n'}
[0.444868] (wuta_msgs) StdoutLine: {'line': b'-- Up-to-date symlink: /home/starry1n/WUTA/WUTA-FSD/ros2_ws/install/wuta_msgs/include/wuta_msgs/wuta_msgs/msg/detail/cone_map__struct.hpp\n'}
[0.444892] (wuta_msgs) StdoutLine: {'line': b'-- Up-to-date symlink: /home/starry1n/WUTA/WUTA-FSD/ros2_ws/install/wuta_msgs/include/wuta_msgs/wuta_msgs/msg/detail/cone_map__traits.hpp\n'}
[0.444915] (robot_localization) StdoutLine: {'line': b'[ 87%] Built target test_filter_base_diagnostics_timestamps\n'}
[0.444951] (wuta_msgs) StdoutLine: {'line': b'-- Up-to-date symlink: /home/starry1n/WUTA/WUTA-FSD/ros2_ws/install/wuta_msgs/include/wuta_msgs/wuta_msgs/msg/detail/cone_map__type_support.hpp\n'}
[0.444975] (wuta_msgs) StdoutLine: {'line': b'-- Up-to-date symlink: /home/starry1n/WUTA/WUTA-FSD/ros2_ws/install/wuta_msgs/include/wuta_msgs/wuta_msgs/msg/detail/mission_state__builder.hpp\n'}
[0.445004] (wuta_msgs) StdoutLine: {'line': b'-- Up-to-date symlink: /home/starry1n/WUTA/WUTA-FSD/ros2_ws/install/wuta_msgs/include/wuta_msgs/wuta_msgs/msg/detail/mission_state__struct.hpp\n'}
[0.445028] (wuta_msgs) StdoutLine: {'line': b'-- Up-to-date symlink: /home/starry1n/WUTA/WUTA-FSD/ros2_ws/install/wuta_msgs/include/wuta_msgs/wuta_msgs/msg/detail/mission_state__traits.hpp\n'}
[0.445051] (wuta_msgs) StdoutLine: {'line': b'-- Up-to-date symlink: /home/starry1n/WUTA/WUTA-FSD/ros2_ws/install/wuta_msgs/include/wuta_msgs/wuta_msgs/msg/detail/mission_state__type_support.hpp\n'}
[0.445080] (wuta_msgs) StdoutLine: {'line': b'-- Up-to-date symlink: /home/starry1n/WUTA/WUTA-FSD/ros2_ws/install/wuta_msgs/include/wuta_msgs/wuta_msgs/msg/mission_state.hpp\n'}
[0.445103] (wuta_msgs) StdoutLine: {'line': b'-- Up-to-date symlink: /home/starry1n/WUTA/WUTA-FSD/ros2_ws/install/wuta_msgs/include/wuta_msgs/wuta_msgs/msg/rosidl_generator_cpp__visibility_control.hpp\n'}
[0.445207] (wuta_msgs) StdoutLine: {'line': b'-- Up-to-date symlink: /home/starry1n/WUTA/WUTA-FSD/ros2_ws/install/wuta_msgs/include/wuta_msgs/wuta_msgs/msg/detail/cone__rosidl_typesupport_fastrtps_cpp.hpp\n'}
[0.445272] (wuta_msgs) StdoutLine: {'line': b'-- Up-to-date symlink: /home/starry1n/WUTA/WUTA-FSD/ros2_ws/install/wuta_msgs/include/wuta_msgs/wuta_msgs/msg/detail/cone_array__rosidl_typesupport_fastrtps_cpp.hpp\n'}
[0.445330] (wuta_msgs) StdoutLine: {'line': b'-- Up-to-date symlink: /home/starry1n/WUTA/WUTA-FSD/ros2_ws/install/wuta_msgs/include/wuta_msgs/wuta_msgs/msg/detail/cone_map__rosidl_typesupport_fastrtps_cpp.hpp\n'}
[0.445391] (wuta_msgs) StdoutLine: {'line': b'-- Up-to-date symlink: /home/starry1n/WUTA/WUTA-FSD/ros2_ws/install/wuta_msgs/include/wuta_msgs/wuta_msgs/msg/detail/mission_state__rosidl_typesupport_fastrtps_cpp.hpp\n'}
[0.445421] (wuta_msgs) StdoutLine: {'line': b'-- Up-to-date symlink: /home/starry1n/WUTA/WUTA-FSD/ros2_ws/install/wuta_msgs/include/wuta_msgs/wuta_msgs/msg/rosidl_typesupport_fastrtps_cpp__visibility_control.h\n'}
[0.445587] (wuta_msgs) StdoutLine: {'line': b'-- Up-to-date symlink: /home/starry1n/WUTA/WUTA-FSD/ros2_ws/install/wuta_msgs/include/wuta_msgs/wuta_msgs/msg/detail/cone__rosidl_typesupport_introspection_cpp.hpp\n'}
[0.445620] (wuta_msgs) StdoutLine: {'line': b'-- Up-to-date symlink: /home/starry1n/WUTA/WUTA-FSD/ros2_ws/install/wuta_msgs/include/wuta_msgs/wuta_msgs/msg/detail/cone_array__rosidl_typesupport_introspection_cpp.hpp\n'}
[0.445650] (wuta_msgs) StdoutLine: {'line': b'-- Up-to-date symlink: /home/starry1n/WUTA/WUTA-FSD/ros2_ws/install/wuta_msgs/include/wuta_msgs/wuta_msgs/msg/detail/cone_map__rosidl_typesupport_introspection_cpp.hpp\n'}
[0.445757] (wuta_msgs) StdoutLine: {'line': b'-- Up-to-date symlink: /home/starry1n/WUTA/WUTA-FSD/ros2_ws/install/wuta_msgs/include/wuta_msgs/wuta_msgs/msg/detail/mission_state__rosidl_typesupport_introspection_cpp.hpp\n'}
[0.445793] (wuta_msgs) StdoutLine: {'line': b'-- Up-to-date symlink: /home/starry1n/WUTA/WUTA-FSD/ros2_ws/install/wuta_msgs/share/wuta_msgs/environment/pythonpath.sh\n'}
[0.445822] (wuta_msgs) StdoutLine: {'line': b'-- Up-to-date symlink: /home/starry1n/WUTA/WUTA-FSD/ros2_ws/install/wuta_msgs/share/wuta_msgs/environment/pythonpath.dsv\n'}
[0.446259] (wuta_msgs) StdoutLine: {'line': b'-- Up-to-date symlink: /home/starry1n/WUTA/WUTA-FSD/ros2_ws/install/wuta_msgs/local/lib/python3.10/dist-packages/wuta_msgs-1.0.0-py3.10.egg-info/PKG-INFO\n'}
[0.446342] (wuta_msgs) StdoutLine: {'line': b'-- Up-to-date symlink: /home/starry1n/WUTA/WUTA-FSD/ros2_ws/install/wuta_msgs/local/lib/python3.10/dist-packages/wuta_msgs-1.0.0-py3.10.egg-info/SOURCES.txt\n'}
[0.448944] (wuta_msgs) StdoutLine: {'line': b'-- Up-to-date symlink: /home/starry1n/WUTA/WUTA-FSD/ros2_ws/install/wuta_msgs/local/lib/python3.10/dist-packages/wuta_msgs-1.0.0-py3.10.egg-info/dependency_links.txt\n'}
[0.449089] (wuta_msgs) StdoutLine: {'line': b'-- Up-to-date symlink: /home/starry1n/WUTA/WUTA-FSD/ros2_ws/install/wuta_msgs/local/lib/python3.10/dist-packages/wuta_msgs-1.0.0-py3.10.egg-info/top_level.txt\n'}
[0.449322] (wuta_msgs) StdoutLine: {'line': b'-- Up-to-date symlink: /home/starry1n/WUTA/WUTA-FSD/ros2_ws/install/wuta_msgs/local/lib/python3.10/dist-packages/wuta_msgs/__init__.py\n'}
[0.449556] (wuta_msgs) StdoutLine: {'line': b'-- Up-to-date symlink: /home/starry1n/WUTA/WUTA-FSD/ros2_ws/install/wuta_msgs/local/lib/python3.10/dist-packages/wuta_msgs/_wuta_msgs_s.ep.rosidl_typesupport_c.c\n'}
[0.449736] (wuta_msgs) StdoutLine: {'line': b'-- Up-to-date symlink: /home/starry1n/WUTA/WUTA-FSD/ros2_ws/install/wuta_msgs/local/lib/python3.10/dist-packages/wuta_msgs/_wuta_msgs_s.ep.rosidl_typesupport_fastrtps_c.c\n'}
[0.449844] (wuta_msgs) StdoutLine: {'line': b'-- Up-to-date symlink: /home/starry1n/WUTA/WUTA-FSD/ros2_ws/install/wuta_msgs/local/lib/python3.10/dist-packages/wuta_msgs/_wuta_msgs_s.ep.rosidl_typesupport_introspection_c.c\n'}
[0.449984] (wuta_msgs) StdoutLine: {'line': b'-- Up-to-date symlink: /home/starry1n/WUTA/WUTA-FSD/ros2_ws/install/wuta_msgs/local/lib/python3.10/dist-packages/wuta_msgs/libwuta_msgs__rosidl_generator_py.so\n'}
[0.450040] (wuta_msgs) StdoutLine: {'line': b'-- Up-to-date symlink: /home/starry1n/WUTA/WUTA-FSD/ros2_ws/install/wuta_msgs/local/lib/python3.10/dist-packages/wuta_msgs/msg/__init__.py\n'}
[0.450119] (wuta_msgs) StdoutLine: {'line': b'-- Up-to-date symlink: /home/starry1n/WUTA/WUTA-FSD/ros2_ws/install/wuta_msgs/local/lib/python3.10/dist-packages/wuta_msgs/msg/_cone.py\n'}
[0.450156] (wuta_msgs) StdoutLine: {'line': b'-- Up-to-date symlink: /home/starry1n/WUTA/WUTA-FSD/ros2_ws/install/wuta_msgs/local/lib/python3.10/dist-packages/wuta_msgs/msg/_cone_array.py\n'}
[0.450188] (wuta_msgs) StdoutLine: {'line': b'-- Up-to-date symlink: /home/starry1n/WUTA/WUTA-FSD/ros2_ws/install/wuta_msgs/local/lib/python3.10/dist-packages/wuta_msgs/msg/_cone_array_s.c\n'}
[0.450218] (wuta_msgs) StdoutLine: {'line': b'-- Up-to-date symlink: /home/starry1n/WUTA/WUTA-FSD/ros2_ws/install/wuta_msgs/local/lib/python3.10/dist-packages/wuta_msgs/msg/_cone_map.py\n'}
[0.450446] (wuta_msgs) StdoutLine: {'line': b'-- Up-to-date symlink: /home/starry1n/WUTA/WUTA-FSD/ros2_ws/install/wuta_msgs/local/lib/python3.10/dist-packages/wuta_msgs/msg/_cone_map_s.c\n'}
[0.450490] (wuta_msgs) StdoutLine: {'line': b'-- Up-to-date symlink: /home/starry1n/WUTA/WUTA-FSD/ros2_ws/install/wuta_msgs/local/lib/python3.10/dist-packages/wuta_msgs/msg/_cone_s.c\n'}
[0.450577] (wuta_msgs) StdoutLine: {'line': b'-- Up-to-date symlink: /home/starry1n/WUTA/WUTA-FSD/ros2_ws/install/wuta_msgs/local/lib/python3.10/dist-packages/wuta_msgs/msg/_mission_state.py\n'}
[0.450615] (wuta_msgs) StdoutLine: {'line': b'-- Up-to-date symlink: /home/starry1n/WUTA/WUTA-FSD/ros2_ws/install/wuta_msgs/local/lib/python3.10/dist-packages/wuta_msgs/msg/_mission_state_s.c\n'}
[0.450928] (wuta_msgs) StdoutLine: {'line': b'-- Up-to-date symlink: /home/starry1n/WUTA/WUTA-FSD/ros2_ws/install/wuta_msgs/local/lib/python3.10/dist-packages/wuta_msgs/wuta_msgs_s__rosidl_typesupport_c.cpython-310-x86_64-linux-gnu.so\n'}
[0.452125] (wuta_msgs) StdoutLine: {'line': b'-- Up-to-date symlink: /home/starry1n/WUTA/WUTA-FSD/ros2_ws/install/wuta_msgs/local/lib/python3.10/dist-packages/wuta_msgs/wuta_msgs_s__rosidl_typesupport_fastrtps_c.cpython-310-x86_64-linux-gnu.so\n'}
[0.452602] (wuta_msgs) StdoutLine: {'line': b'-- Up-to-date symlink: /home/starry1n/WUTA/WUTA-FSD/ros2_ws/install/wuta_msgs/local/lib/python3.10/dist-packages/wuta_msgs/wuta_msgs_s__rosidl_typesupport_introspection_c.cpython-310-x86_64-linux-gnu.so\n'}
[0.452971] (wuta_msgs) StdoutLine: {'line': b'-- Up-to-date symlink: /home/starry1n/WUTA/WUTA-FSD/ros2_ws/install/wuta_msgs/local/lib/python3.10/dist-packages/wuta_msgs/wuta_msgs_s__rosidl_typesupport_fastrtps_c.cpython-310-x86_64-linux-gnu.so\n'}
[0.454621] (wuta_msgs) StdoutLine: {'line': b'-- Up-to-date symlink: /home/starry1n/WUTA/WUTA-FSD/ros2_ws/install/wuta_msgs/local/lib/python3.10/dist-packages/wuta_msgs/wuta_msgs_s__rosidl_typesupport_introspection_c.cpython-310-x86_64-linux-gnu.so\n'}
[0.454805] (wuta_msgs) StdoutLine: {'line': b'-- Up-to-date symlink: /home/starry1n/WUTA/WUTA-FSD/ros2_ws/install/wuta_msgs/local/lib/python3.10/dist-packages/wuta_msgs/wuta_msgs_s__rosidl_typesupport_c.cpython-310-x86_64-linux-gnu.so\n'}
[0.454863] (wuta_msgs) StdoutLine: {'line': b'-- Up-to-date symlink: /home/starry1n/WUTA/WUTA-FSD/ros2_ws/install/wuta_msgs/share/ament_index/resource_index/rust_packages/wuta_msgs\n'}
[0.454974] (wuta_msgs) StdoutLine: {'line': b'-- Up-to-date symlink: /home/starry1n/WUTA/WUTA-FSD/ros2_ws/install/wuta_msgs/share/wuta_msgs/rust/Cargo.toml\n'}
[0.455111] (wuta_msgs) StdoutLine: {'line': b'-- Up-to-date symlink: /home/starry1n/WUTA/WUTA-FSD/ros2_ws/install/wuta_msgs/share/wuta_msgs/rust/build.rs\n'}
[0.455253] (wuta_msgs) StdoutLine: {'line': b'-- Up-to-date symlink: /home/starry1n/WUTA/WUTA-FSD/ros2_ws/install/wuta_msgs/share/wuta_msgs/rust/src/lib.rs\n'}
[0.455366] (wuta_msgs) StdoutLine: {'line': b'-- Up-to-date symlink: /home/starry1n/WUTA/WUTA-FSD/ros2_ws/install/wuta_msgs/share/wuta_msgs/rust/src/msg.rs\n'}
[0.455419] (wuta_msgs) StdoutLine: {'line': b'-- Up-to-date symlink: /home/starry1n/WUTA/WUTA-FSD/ros2_ws/install/wuta_msgs/share/wuta_msgs/rust/src/msg/rmw.rs\n'}
[0.455486] (wuta_msgs) StdoutLine: {'line': b'-- Up-to-date symlink: /home/starry1n/WUTA/WUTA-FSD/ros2_ws/install/wuta_msgs/share/wuta_msgs/msg/Cone.idl\n'}
[0.455795] (wuta_msgs) StdoutLine: {'line': b'-- Up-to-date symlink: /home/starry1n/WUTA/WUTA-FSD/ros2_ws/install/wuta_msgs/share/wuta_msgs/msg/ConeArray.idl\n'}
[0.455974] (wuta_msgs) StdoutLine: {'line': b'-- Up-to-date symlink: /home/starry1n/WUTA/WUTA-FSD/ros2_ws/install/wuta_msgs/share/wuta_msgs/msg/ConeMap.idl\n'}
[0.456029] (wuta_msgs) StdoutLine: {'line': b'-- Up-to-date symlink: /home/starry1n/WUTA/WUTA-FSD/ros2_ws/install/wuta_msgs/share/wuta_msgs/msg/MissionState.idl\n'}
[0.456083] (wuta_msgs) StdoutLine: {'line': b'-- Up-to-date symlink: /home/starry1n/WUTA/WUTA-FSD/ros2_ws/install/wuta_msgs/share/wuta_msgs/msg/Cone.msg\n'}
[0.456135] (wuta_msgs) StdoutLine: {'line': b'-- Up-to-date symlink: /home/starry1n/WUTA/WUTA-FSD/ros2_ws/install/wuta_msgs/share/wuta_msgs/msg/ConeArray.msg\n'}
[0.456183] (wuta_msgs) StdoutLine: {'line': b'-- Up-to-date symlink: /home/starry1n/WUTA/WUTA-FSD/ros2_ws/install/wuta_msgs/share/wuta_msgs/msg/ConeMap.msg\n'}
[0.456232] (wuta_msgs) StdoutLine: {'line': b'-- Up-to-date symlink: /home/starry1n/WUTA/WUTA-FSD/ros2_ws/install/wuta_msgs/share/wuta_msgs/msg/MissionState.msg\n'}
[0.456277] (wuta_msgs) StdoutLine: {'line': b'-- Up-to-date symlink: /home/starry1n/WUTA/WUTA-FSD/ros2_ws/install/wuta_msgs/share/ament_index/resource_index/package_run_dependencies/wuta_msgs\n'}
[0.456364] (wuta_msgs) StdoutLine: {'line': b'-- Up-to-date symlink: /home/starry1n/WUTA/WUTA-FSD/ros2_ws/install/wuta_msgs/share/ament_index/resource_index/parent_prefix_path/wuta_msgs\n'}
[0.456445] (wuta_msgs) StdoutLine: {'line': b'-- Up-to-date symlink: /home/starry1n/WUTA/WUTA-FSD/ros2_ws/install/wuta_msgs/share/wuta_msgs/environment/ament_prefix_path.sh\n'}
[0.456495] (wuta_msgs) StdoutLine: {'line': b'-- Up-to-date symlink: /home/starry1n/WUTA/WUTA-FSD/ros2_ws/install/wuta_msgs/share/wuta_msgs/environment/ament_prefix_path.dsv\n'}
[0.456864] (wuta_msgs) StdoutLine: {'line': b'-- Up-to-date symlink: /home/starry1n/WUTA/WUTA-FSD/ros2_ws/install/wuta_msgs/share/wuta_msgs/environment/path.sh\n'}
[0.456957] (wuta_msgs) StdoutLine: {'line': b'-- Up-to-date symlink: /home/starry1n/WUTA/WUTA-FSD/ros2_ws/install/wuta_msgs/share/wuta_msgs/environment/path.dsv\n'}
[0.457045] (wuta_msgs) StdoutLine: {'line': b'-- Up-to-date symlink: /home/starry1n/WUTA/WUTA-FSD/ros2_ws/install/wuta_msgs/share/wuta_msgs/local_setup.bash\n'}
[0.457097] (wuta_msgs) StdoutLine: {'line': b'-- Up-to-date symlink: /home/starry1n/WUTA/WUTA-FSD/ros2_ws/install/wuta_msgs/share/wuta_msgs/local_setup.sh\n'}
[0.457142] (wuta_msgs) StdoutLine: {'line': b'-- Up-to-date symlink: /home/starry1n/WUTA/WUTA-FSD/ros2_ws/install/wuta_msgs/share/wuta_msgs/local_setup.zsh\n'}
[0.457193] (wuta_msgs) StdoutLine: {'line': b'-- Up-to-date symlink: /home/starry1n/WUTA/WUTA-FSD/ros2_ws/install/wuta_msgs/share/wuta_msgs/local_setup.dsv\n'}
[0.457236] (wuta_msgs) StdoutLine: {'line': b'-- Symlinking: /home/starry1n/WUTA/WUTA-FSD/ros2_ws/install/wuta_msgs/share/wuta_msgs/package.dsv\n'}
[0.462000] (wuta_msgs) StdoutLine: {'line': b'-- Up-to-date symlink: /home/starry1n/WUTA/WUTA-FSD/ros2_ws/install/wuta_msgs/share/ament_index/resource_index/packages/wuta_msgs\n'}
[0.463032] (wuta_msgs) StdoutLine: {'line': b'-- Up-to-date symlink: /home/starry1n/WUTA/WUTA-FSD/ros2_ws/install/wuta_msgs/share/wuta_msgs/cmake/rosidl_cmake-extras.cmake\n'}
[0.463344] (wuta_msgs) StdoutLine: {'line': b'-- Up-to-date symlink: /home/starry1n/WUTA/WUTA-FSD/ros2_ws/install/wuta_msgs/share/wuta_msgs/cmake/ament_cmake_export_dependencies-extras.cmake\n'}
[0.463457] (wuta_msgs) StdoutLine: {'line': b'-- Up-to-date symlink: /home/starry1n/WUTA/WUTA-FSD/ros2_ws/install/wuta_msgs/share/wuta_msgs/cmake/ament_cmake_export_include_directories-extras.cmake\n'}
[0.463553] (wuta_msgs) StdoutLine: {'line': b'-- Up-to-date symlink: /home/starry1n/WUTA/WUTA-FSD/ros2_ws/install/wuta_msgs/share/wuta_msgs/cmake/ament_cmake_export_libraries-extras.cmake\n'}
[0.463646] (wuta_msgs) StdoutLine: {'line': b'-- Up-to-date symlink: /home/starry1n/WUTA/WUTA-FSD/ros2_ws/install/wuta_msgs/share/wuta_msgs/cmake/ament_cmake_export_targets-extras.cmake\n'}
[0.465110] (wuta_msgs) StdoutLine: {'line': b'-- Up-to-date symlink: /home/starry1n/WUTA/WUTA-FSD/ros2_ws/install/wuta_msgs/share/wuta_msgs/cmake/rosidl_cmake_export_typesupport_targets-extras.cmake\n'}
[0.465300] (wuta_msgs) StdoutLine: {'line': b'-- Up-to-date symlink: /home/starry1n/WUTA/WUTA-FSD/ros2_ws/install/wuta_msgs/share/wuta_msgs/cmake/rosidl_cmake_export_typesupport_libraries-extras.cmake\n'}
[0.465349] (wuta_msgs) StdoutLine: {'line': b'-- Up-to-date symlink: /home/starry1n/WUTA/WUTA-FSD/ros2_ws/install/wuta_msgs/share/wuta_msgs/cmake/rosidl_cmake_aggregate_target-extras.cmake\n'}
[0.465387] (wuta_msgs) StdoutLine: {'line': b'-- Up-to-date symlink: /home/starry1n/WUTA/WUTA-FSD/ros2_ws/install/wuta_msgs/share/wuta_msgs/cmake/wuta_msgsConfig.cmake\n'}
[0.465424] (wuta_msgs) StdoutLine: {'line': b'-- Up-to-date symlink: /home/starry1n/WUTA/WUTA-FSD/ros2_ws/install/wuta_msgs/share/wuta_msgs/cmake/wuta_msgsConfig-version.cmake\n'}
[0.465457] (wuta_msgs) StdoutLine: {'line': b'-- Up-to-date symlink: /home/starry1n/WUTA/WUTA-FSD/ros2_ws/install/wuta_msgs/share/wuta_msgs/package.xml\n'}
[0.465497] (wuta_msgs) StdoutLine: {'line': b'-- Up-to-date: /home/starry1n/WUTA/WUTA-FSD/ros2_ws/install/wuta_msgs/lib/libwuta_msgs__rosidl_generator_c.so\n'}
[0.465524] (wuta_msgs) StdoutLine: {'line': b'-- Up-to-date: /home/starry1n/WUTA/WUTA-FSD/ros2_ws/install/wuta_msgs/lib/libwuta_msgs__rosidl_typesupport_fastrtps_c.so\n'}
[0.465846] (wuta_msgs) StdoutLine: {'line': b'-- Up-to-date: /home/starry1n/WUTA/WUTA-FSD/ros2_ws/install/wuta_msgs/lib/libwuta_msgs__rosidl_typesupport_introspection_c.so\n'}
[0.466588] (wuta_msgs) StdoutLine: {'line': b'-- Up-to-date: /home/starry1n/WUTA/WUTA-FSD/ros2_ws/install/wuta_msgs/lib/libwuta_msgs__rosidl_typesupport_c.so\n'}
[0.468404] (autoware_msgs) StdoutLine: {'line': b'running egg_info\n'}
[0.468859] (autoware_msgs) StdoutLine: {'line': b'writing autoware_msgs.egg-info/PKG-INFO\n'}
[0.469107] (autoware_msgs) StdoutLine: {'line': b'writing dependency_links to autoware_msgs.egg-info/dependency_links.txt\n'}
[0.469321] (autoware_msgs) StdoutLine: {'line': b'writing top-level names to autoware_msgs.egg-info/top_level.txt\n'}
[0.470034] (wuta_msgs) StdoutLine: {'line': b'-- Up-to-date: /home/starry1n/WUTA/WUTA-FSD/ros2_ws/install/wuta_msgs/lib/libwuta_msgs__rosidl_typesupport_fastrtps_cpp.so\n'}
[0.470122] (wuta_msgs) StdoutLine: {'line': b'-- Up-to-date: /home/starry1n/WUTA/WUTA-FSD/ros2_ws/install/wuta_msgs/lib/libwuta_msgs__rosidl_typesupport_introspection_cpp.so\n'}
[0.470157] (wuta_msgs) StdoutLine: {'line': b'-- Up-to-date: /home/starry1n/WUTA/WUTA-FSD/ros2_ws/install/wuta_msgs/lib/libwuta_msgs__rosidl_typesupport_cpp.so\n'}
[0.470254] (robot_localization) StdoutLine: {'line': b'[ 93%] Built target robot_localization__rosidl_generator_py\n'}
[0.470296] (robot_localization) StdoutLine: {'line': b'[ 95%] Built target test_ukf_localization_node_interfaces\n'}
[0.470324] (autoware_msgs) StdoutLine: {'line': b"reading manifest file 'autoware_msgs.egg-info/SOURCES.txt'\n"}
[0.470352] (autoware_msgs) StdoutLine: {'line': b"writing manifest file 'autoware_msgs.egg-info/SOURCES.txt'\n"}
[0.474770] (robot_localization) StdoutLine: {'line': b'running egg_info\n'}
[0.475395] (robot_localization) StdoutLine: {'line': b'writing robot_localization.egg-info/PKG-INFO\n'}
[0.476343] (robot_localization) StdoutLine: {'line': b'writing dependency_links to robot_localization.egg-info/dependency_links.txt\n'}
[0.476698] (robot_localization) StdoutLine: {'line': b'writing top-level names to robot_localization.egg-info/top_level.txt\n'}
[0.478713] (robot_localization) StdoutLine: {'line': b"reading manifest file 'robot_localization.egg-info/SOURCES.txt'\n"}
[0.480991] (robot_localization) StdoutLine: {'line': b"writing manifest file 'robot_localization.egg-info/SOURCES.txt'\n"}
[0.497312] (robot_localization) StdoutLine: {'line': b'[ 97%] Built target robot_localization__rosidl_typesupport_fastrtps_c__pyext\n'}
[0.500024] (robot_localization) StdoutLine: {'line': b'[ 98%] Built target robot_localization__rosidl_typesupport_introspection_c__pyext\n'}
[0.500544] (autoware_msgs) StdoutLine: {'line': b'[100%] Built target ament_cmake_python_build_autoware_msgs_egg\n'}
[0.501394] (-) TimerEvent: {}
[0.504912] (robot_localization) StdoutLine: {'line': b'[ 98%] Built target ament_cmake_python_build_robot_localization_egg\n'}
[0.511797] (robot_localization) StdoutLine: {'line': b'[100%] Built target robot_localization__rosidl_typesupport_c__pyext\n'}
[0.519587] (wuta_msgs) StdoutLine: {'line': b"Listing '/home/starry1n/WUTA/WUTA-FSD/ros2_ws/install/wuta_msgs/local/lib/python3.10/dist-packages/wuta_msgs'...\n"}
[0.519790] (wuta_msgs) StdoutLine: {'line': b"Listing '/home/starry1n/WUTA/WUTA-FSD/ros2_ws/install/wuta_msgs/local/lib/python3.10/dist-packages/wuta_msgs/msg'...\n"}
[0.531770] (wuta_msgs) StdoutLine: {'line': b'-- Up-to-date: /home/starry1n/WUTA/WUTA-FSD/ros2_ws/install/wuta_msgs/lib/libwuta_msgs__rosidl_generator_py.so\n'}
[0.532025] (wuta_msgs) StdoutLine: {'line': b'-- Up-to-date: /home/starry1n/WUTA/WUTA-FSD/ros2_ws/install/wuta_msgs/share/wuta_msgs/cmake/export_wuta_msgs__rosidl_generator_cExport.cmake\n'}
[0.532066] (wuta_msgs) StdoutLine: {'line': b'-- Up-to-date: /home/starry1n/WUTA/WUTA-FSD/ros2_ws/install/wuta_msgs/share/wuta_msgs/cmake/export_wuta_msgs__rosidl_generator_cExport-noconfig.cmake\n'}
[0.532127] (wuta_msgs) StdoutLine: {'line': b'-- Up-to-date: /home/starry1n/WUTA/WUTA-FSD/ros2_ws/install/wuta_msgs/share/wuta_msgs/cmake/export_wuta_msgs__rosidl_typesupport_fastrtps_cExport.cmake\n'}
[0.532160] (wuta_msgs) StdoutLine: {'line': b'-- Up-to-date: /home/starry1n/WUTA/WUTA-FSD/ros2_ws/install/wuta_msgs/share/wuta_msgs/cmake/export_wuta_msgs__rosidl_typesupport_fastrtps_cExport-noconfig.cmake\n'}
[0.532191] (wuta_msgs) StdoutLine: {'line': b'-- Up-to-date: /home/starry1n/WUTA/WUTA-FSD/ros2_ws/install/wuta_msgs/share/wuta_msgs/cmake/wuta_msgs__rosidl_typesupport_introspection_cExport.cmake\n'}
[0.532231] (wuta_msgs) StdoutLine: {'line': b'-- Up-to-date: /home/starry1n/WUTA/WUTA-FSD/ros2_ws/install/wuta_msgs/share/wuta_msgs/cmake/wuta_msgs__rosidl_typesupport_introspection_cExport-noconfig.cmake\n'}
[0.532256] (wuta_msgs) StdoutLine: {'line': b'-- Up-to-date: /home/starry1n/WUTA/WUTA-FSD/ros2_ws/install/wuta_msgs/share/wuta_msgs/cmake/wuta_msgs__rosidl_typesupport_cExport.cmake\n'}
[0.532280] (wuta_msgs) StdoutLine: {'line': b'-- Up-to-date: /home/starry1n/WUTA/WUTA-FSD/ros2_ws/install/wuta_msgs/share/wuta_msgs/cmake/wuta_msgs__rosidl_typesupport_cExport-noconfig.cmake\n'}
[0.532303] (wuta_msgs) StdoutLine: {'line': b'-- Up-to-date: /home/starry1n/WUTA/WUTA-FSD/ros2_ws/install/wuta_msgs/share/wuta_msgs/cmake/export_wuta_msgs__rosidl_generator_cppExport.cmake\n'}
[0.532329] (wuta_msgs) StdoutLine: {'line': b'-- Up-to-date: /home/starry1n/WUTA/WUTA-FSD/ros2_ws/install/wuta_msgs/share/wuta_msgs/cmake/export_wuta_msgs__rosidl_typesupport_fastrtps_cppExport.cmake\n'}
[0.532350] (wuta_msgs) StdoutLine: {'line': b'-- Up-to-date: /home/starry1n/WUTA/WUTA-FSD/ros2_ws/install/wuta_msgs/share/wuta_msgs/cmake/export_wuta_msgs__rosidl_typesupport_fastrtps_cppExport-noconfig.cmake\n'}
[0.532373] (wuta_msgs) StdoutLine: {'line': b'-- Up-to-date: /home/starry1n/WUTA/WUTA-FSD/ros2_ws/install/wuta_msgs/share/wuta_msgs/cmake/wuta_msgs__rosidl_typesupport_introspection_cppExport.cmake\n'}
[0.532394] (wuta_msgs) StdoutLine: {'line': b'-- Up-to-date: /home/starry1n/WUTA/WUTA-FSD/ros2_ws/install/wuta_msgs/share/wuta_msgs/cmake/wuta_msgs__rosidl_typesupport_introspection_cppExport-noconfig.cmake\n'}
[0.532416] (wuta_msgs) StdoutLine: {'line': b'-- Up-to-date: /home/starry1n/WUTA/WUTA-FSD/ros2_ws/install/wuta_msgs/share/wuta_msgs/cmake/wuta_msgs__rosidl_typesupport_cppExport.cmake\n'}
[0.532439] (wuta_msgs) StdoutLine: {'line': b'-- Up-to-date: /home/starry1n/WUTA/WUTA-FSD/ros2_ws/install/wuta_msgs/share/wuta_msgs/cmake/wuta_msgs__rosidl_typesupport_cppExport-noconfig.cmake\n'}
[0.532460] (wuta_msgs) StdoutLine: {'line': b'-- Up-to-date: /home/starry1n/WUTA/WUTA-FSD/ros2_ws/install/wuta_msgs/share/wuta_msgs/cmake/export_wuta_msgs__rosidl_generator_pyExport.cmake\n'}
[0.532481] (wuta_msgs) StdoutLine: {'line': b'-- Up-to-date: /home/starry1n/WUTA/WUTA-FSD/ros2_ws/install/wuta_msgs/share/wuta_msgs/cmake/export_wuta_msgs__rosidl_generator_pyExport-noconfig.cmake\n'}
[0.532847] (wuta_msgs) CommandEnded: {'returncode': 0}
[0.559713] (wuta_msgs) JobEnded: {'identifier': 'wuta_msgs', 'rc': 0}
[0.560296] (camera_detection) JobStarted: {'identifier': 'camera_detection'}
[0.562569] (cone_map_builder) JobStarted: {'identifier': 'cone_map_builder'}
[0.566111] (detection_fusion) JobStarted: {'identifier': 'detection_fusion'}
[0.569091] (kiss_icp_wrapper) JobStarted: {'identifier': 'kiss_icp_wrapper'}
[0.574316] (lidar_detection) JobStarted: {'identifier': 'lidar_detection'}
[0.585866] (mission_manager) JobStarted: {'identifier': 'mission_manager'}
[0.588535] (autoware_msgs) CommandEnded: {'returncode': 0}
[0.589212] (autoware_msgs) JobProgress: {'identifier': 'autoware_msgs', 'progress': 'install'}
[0.589395] (autoware_msgs) Command: {'cmd': ['/usr/bin/cmake', '--install', '/home/starry1n/WUTA/WUTA-FSD/ros2_ws/build/autoware_msgs'], 'cwd': '/home/starry1n/WUTA/WUTA-FSD/ros2_ws/build/autoware_msgs', 'env': OrderedDict([('LESSOPEN', '| /usr/bin/lesspipe %s'), ('CODEX_CI', '1'), ('LANGUAGE', 'zh_CN:zh'), ('USER', 'starry1n'), ('XDG_SESSION_TYPE', 'wayland'), ('SHLVL', '2'), ('LD_LIBRARY_PATH', '/opt/ros/humble/opt/rviz_ogre_vendor/lib:/opt/ros/humble/lib/x86_64-linux-gnu:/opt/ros/humble/lib'), ('HOME', '/home/starry1n'), ('OLDPWD', '/home/starry1n/WUTA/WUTA-FSD'), ('DESKTOP_SESSION', 'ubuntu'), ('ROS_PYTHON_VERSION', '3'), ('GNOME_SHELL_SESSION_MODE', 'ubuntu'), ('GTK_MODULES', 'gail:atk-bridge'), ('PAGER', 'cat'), ('LC_CTYPE', 'C.UTF-8'), ('DBUS_STARTER_BUS_TYPE', 'session'), ('SYSTEMD_EXEC_PID', '2321'), ('IM_CONFIG_CHECK_ENV', '1'), ('NO_COLOR', '1'), ('DBUS_SESSION_BUS_ADDRESS', 'unix:path=/run/user/1000/bus,guid=c67e2489f73595b365ff0ae46a50c8ee'), ('COLORTERM', ''), ('IM_CONFIG_PHASE', '1'), ('WAYLAND_DISPLAY', 'wayland-0'), ('CODEX_PERMISSION_PROFILE', ':workspace'), ('ROS_DISTRO', 'humble'), ('LOGNAME', 'starry1n'), ('_', '/usr/bin/colcon'), ('ROS_VERSION', '2'), ('XDG_SESSION_CLASS', 'user'), ('USERNAME', 'starry1n'), ('TERM', 'dumb'), ('GNOME_DESKTOP_SESSION_ID', 'this-is-deprecated'), ('ROS_LOCALHOST_ONLY', '0'), ('PATH', '/home/starry1n/.local/bin:/home/starry1n/.codex/packages/standalone/releases/0.144.4-x86_64-unknown-linux-musl/codex-path:/home/starry1n/.codex/tmp/arg0/codex-arg05cnADw:/home/starry1n/.local/bin:/opt/ros/humble/bin:/home/starry1n/.local/bin:/usr/local/sbin:/usr/local/bin:/usr/sbin:/usr/bin:/sbin:/bin:/usr/games:/usr/local/games:/snap/bin:/snap/bin'), ('SESSION_MANAGER', 'local/starry1n-virtual-machine:@/tmp/.ICE-unix/2321,unix/starry1n-virtual-machine:/tmp/.ICE-unix/2321'), ('XDG_MENU_PREFIX', 'gnome-'), ('GNOME_TERMINAL_SCREEN', '/org/gnome/Terminal/screen/b41f3890_f157_4b82_b249_7c5cfcb9354a'), ('GNOME_SETUP_DISPLAY', ':1'), ('XDG_RUNTIME_DIR', '/run/user/1000'), ('DISPLAY', ':0'), ('CODEX_SANDBOX_NETWORK_DISABLED', '1'), ('LANG', 'C.UTF-8'), ('XDG_CURRENT_DESKTOP', 'ubuntu:GNOME'), ('XMODIFIERS', '@im=ibus'), ('GH_PAGER', 'cat'), ('XDG_SESSION_DESKTOP', 'ubuntu'), ('XAUTHORITY', '/run/user/1000/.mutter-Xwaylandauth.H6FRS3'), ('LS_COLORS', 'rs=0:di=01;34:ln=01;36:mh=00:pi=40;33:so=01;35:do=01;35:bd=40;33;01:cd=40;33;01:or=40;31;01:mi=00:su=37;41:sg=30;43:ca=30;41:tw=30;42:ow=34;42:st=37;44:ex=01;32:*.tar=01;31:*.tgz=01;31:*.arc=01;31:*.arj=01;31:*.taz=01;31:*.lha=01;31:*.lz4=01;31:*.lzh=01;31:*.lzma=01;31:*.tlz=01;31:*.txz=01;31:*.tzo=01;31:*.t7z=01;31:*.zip=01;31:*.z=01;31:*.dz=01;31:*.gz=01;31:*.lrz=01;31:*.lz=01;31:*.lzo=01;31:*.xz=01;31:*.zst=01;31:*.tzst=01;31:*.bz2=01;31:*.bz=01;31:*.tbz=01;31:*.tbz2=01;31:*.tz=01;31:*.deb=01;31:*.rpm=01;31:*.jar=01;31:*.war=01;31:*.ear=01;31:*.sar=01;31:*.rar=01;31:*.alz=01;31:*.ace=01;31:*.zoo=01;31:*.cpio=01;31:*.7z=01;31:*.rz=01;31:*.cab=01;31:*.wim=01;31:*.swm=01;31:*.dwm=01;31:*.esd=01;31:*.jpg=01;35:*.jpeg=01;35:*.mjpg=01;35:*.mjpeg=01;35:*.gif=01;35:*.bmp=01;35:*.pbm=01;35:*.pgm=01;35:*.ppm=01;35:*.tga=01;35:*.xbm=01;35:*.xpm=01;35:*.tif=01;35:*.tiff=01;35:*.png=01;35:*.svg=01;35:*.svgz=01;35:*.mng=01;35:*.pcx=01;35:*.mov=01;35:*.mpg=01;35:*.mpeg=01;35:*.m2v=01;35:*.mkv=01;35:*.webm=01;35:*.webp=01;35:*.ogm=01;35:*.mp4=01;35:*.m4v=01;35:*.mp4v=01;35:*.vob=01;35:*.qt=01;35:*.nuv=01;35:*.wmv=01;35:*.asf=01;35:*.rm=01;35:*.rmvb=01;35:*.flc=01;35:*.avi=01;35:*.fli=01;35:*.flv=01;35:*.gl=01;35:*.dl=01;35:*.xcf=01;35:*.xwd=01;35:*.yuv=01;35:*.cgm=01;35:*.emf=01;35:*.ogv=01;35:*.ogx=01;35:*.aac=00;36:*.au=00;36:*.flac=00;36:*.m4a=00;36:*.mid=00;36:*.midi=00;36:*.mka=00;36:*.mp3=00;36:*.mpc=00;36:*.ogg=00;36:*.ra=00;36:*.wav=00;36:*.oga=00;36:*.opus=00;36:*.spx=00;36:*.xspf=00;36:'), ('GNOME_TERMINAL_SERVICE', ':1.330'), ('SSH_AGENT_LAUNCHER', 'gnome-keyring'), ('SSH_AUTH_SOCK', '/run/user/1000/keyring/ssh'), ('AMENT_PREFIX_PATH', '/opt/ros/humble'), ('SHELL', '/bin/bash'), ('QT_ACCESSIBILITY', '1'), ('GDMSESSION', 'ubuntu'), ('LESSCLOSE', '/usr/bin/lesspipe %s %s'), ('CODEX_THREAD_ID', '019f5073-bc50-71a2-9549-8d1988512281'), ('GIT_PAGER', 'cat'), ('QT_IM_MODULE', 'ibus'), ('PWD', '/home/starry1n/WUTA/WUTA-FSD/ros2_ws/build/autoware_msgs'), ('LC_ALL', 'C.UTF-8'), ('XDG_CONFIG_DIRS', '/etc/xdg/xdg-ubuntu:/etc/xdg'), ('DBUS_STARTER_ADDRESS', 'unix:path=/run/user/1000/bus,guid=c67e2489f73595b365ff0ae46a50c8ee'), ('XDG_DATA_DIRS', '/usr/share/ubuntu:/usr/local/share/:/usr/share/:/var/lib/snapd/desktop'), ('PYTHONPATH', '/opt/ros/humble/lib/python3.10/site-packages:/opt/ros/humble/local/lib/python3.10/dist-packages'), ('COLCON', '1'), ('VTE_VERSION', '6800'), ('CMAKE_PREFIX_PATH', '/opt/ros/humble')]), 'shell': False}
[0.591871] (robot_localization) CommandEnded: {'returncode': 0}
[0.593853] (robot_localization) JobProgress: {'identifier': 'robot_localization', 'progress': 'install'}
[0.593891] (robot_localization) Command: {'cmd': ['/usr/bin/cmake', '--install', '/home/starry1n/WUTA/WUTA-FSD/ros2_ws/build/robot_localization'], 'cwd': '/home/starry1n/WUTA/WUTA-FSD/ros2_ws/build/robot_localization', 'env': OrderedDict([('LESSOPEN', '| /usr/bin/lesspipe %s'), ('CODEX_CI', '1'), ('LANGUAGE', 'zh_CN:zh'), ('USER', 'starry1n'), ('XDG_SESSION_TYPE', 'wayland'), ('SHLVL', '2'), ('LD_LIBRARY_PATH', '/opt/ros/humble/opt/rviz_ogre_vendor/lib:/opt/ros/humble/lib/x86_64-linux-gnu:/opt/ros/humble/lib'), ('HOME', '/home/starry1n'), ('OLDPWD', '/home/starry1n/WUTA/WUTA-FSD'), ('DESKTOP_SESSION', 'ubuntu'), ('ROS_PYTHON_VERSION', '3'), ('GNOME_SHELL_SESSION_MODE', 'ubuntu'), ('GTK_MODULES', 'gail:atk-bridge'), ('PAGER', 'cat'), ('LC_CTYPE', 'C.UTF-8'), ('DBUS_STARTER_BUS_TYPE', 'session'), ('SYSTEMD_EXEC_PID', '2321'), ('IM_CONFIG_CHECK_ENV', '1'), ('NO_COLOR', '1'), ('DBUS_SESSION_BUS_ADDRESS', 'unix:path=/run/user/1000/bus,guid=c67e2489f73595b365ff0ae46a50c8ee'), ('COLORTERM', ''), ('IM_CONFIG_PHASE', '1'), ('WAYLAND_DISPLAY', 'wayland-0'), ('CODEX_PERMISSION_PROFILE', ':workspace'), ('ROS_DISTRO', 'humble'), ('LOGNAME', 'starry1n'), ('_', '/usr/bin/colcon'), ('ROS_VERSION', '2'), ('XDG_SESSION_CLASS', 'user'), ('USERNAME', 'starry1n'), ('TERM', 'dumb'), ('GNOME_DESKTOP_SESSION_ID', 'this-is-deprecated'), ('ROS_LOCALHOST_ONLY', '0'), ('PATH', '/home/starry1n/.local/bin:/home/starry1n/.codex/packages/standalone/releases/0.144.4-x86_64-unknown-linux-musl/codex-path:/home/starry1n/.codex/tmp/arg0/codex-arg05cnADw:/home/starry1n/.local/bin:/opt/ros/humble/bin:/home/starry1n/.local/bin:/usr/local/sbin:/usr/local/bin:/usr/sbin:/usr/bin:/sbin:/bin:/usr/games:/usr/local/games:/snap/bin:/snap/bin'), ('SESSION_MANAGER', 'local/starry1n-virtual-machine:@/tmp/.ICE-unix/2321,unix/starry1n-virtual-machine:/tmp/.ICE-unix/2321'), ('XDG_MENU_PREFIX', 'gnome-'), ('GNOME_TERMINAL_SCREEN', '/org/gnome/Terminal/screen/b41f3890_f157_4b82_b249_7c5cfcb9354a'), ('GNOME_SETUP_DISPLAY', ':1'), ('XDG_RUNTIME_DIR', '/run/user/1000'), ('DISPLAY', ':0'), ('CODEX_SANDBOX_NETWORK_DISABLED', '1'), ('LANG', 'C.UTF-8'), ('XDG_CURRENT_DESKTOP', 'ubuntu:GNOME'), ('XMODIFIERS', '@im=ibus'), ('GH_PAGER', 'cat'), ('XDG_SESSION_DESKTOP', 'ubuntu'), ('XAUTHORITY', '/run/user/1000/.mutter-Xwaylandauth.H6FRS3'), ('LS_COLORS', 'rs=0:di=01;34:ln=01;36:mh=00:pi=40;33:so=01;35:do=01;35:bd=40;33;01:cd=40;33;01:or=40;31;01:mi=00:su=37;41:sg=30;43:ca=30;41:tw=30;42:ow=34;42:st=37;44:ex=01;32:*.tar=01;31:*.tgz=01;31:*.arc=01;31:*.arj=01;31:*.taz=01;31:*.lha=01;31:*.lz4=01;31:*.lzh=01;31:*.lzma=01;31:*.tlz=01;31:*.txz=01;31:*.tzo=01;31:*.t7z=01;31:*.zip=01;31:*.z=01;31:*.dz=01;31:*.gz=01;31:*.lrz=01;31:*.lz=01;31:*.lzo=01;31:*.xz=01;31:*.zst=01;31:*.tzst=01;31:*.bz2=01;31:*.bz=01;31:*.tbz=01;31:*.tbz2=01;31:*.tz=01;31:*.deb=01;31:*.rpm=01;31:*.jar=01;31:*.war=01;31:*.ear=01;31:*.sar=01;31:*.rar=01;31:*.alz=01;31:*.ace=01;31:*.zoo=01;31:*.cpio=01;31:*.7z=01;31:*.rz=01;31:*.cab=01;31:*.wim=01;31:*.swm=01;31:*.dwm=01;31:*.esd=01;31:*.jpg=01;35:*.jpeg=01;35:*.mjpg=01;35:*.mjpeg=01;35:*.gif=01;35:*.bmp=01;35:*.pbm=01;35:*.pgm=01;35:*.ppm=01;35:*.tga=01;35:*.xbm=01;35:*.xpm=01;35:*.tif=01;35:*.tiff=01;35:*.png=01;35:*.svg=01;35:*.svgz=01;35:*.mng=01;35:*.pcx=01;35:*.mov=01;35:*.mpg=01;35:*.mpeg=01;35:*.m2v=01;35:*.mkv=01;35:*.webm=01;35:*.webp=01;35:*.ogm=01;35:*.mp4=01;35:*.m4v=01;35:*.mp4v=01;35:*.vob=01;35:*.qt=01;35:*.nuv=01;35:*.wmv=01;35:*.asf=01;35:*.rm=01;35:*.rmvb=01;35:*.flc=01;35:*.avi=01;35:*.fli=01;35:*.flv=01;35:*.gl=01;35:*.dl=01;35:*.xcf=01;35:*.xwd=01;35:*.yuv=01;35:*.cgm=01;35:*.emf=01;35:*.ogv=01;35:*.ogx=01;35:*.aac=00;36:*.au=00;36:*.flac=00;36:*.m4a=00;36:*.mid=00;36:*.midi=00;36:*.mka=00;36:*.mp3=00;36:*.mpc=00;36:*.ogg=00;36:*.ra=00;36:*.wav=00;36:*.oga=00;36:*.opus=00;36:*.spx=00;36:*.xspf=00;36:'), ('GNOME_TERMINAL_SERVICE', ':1.330'), ('SSH_AGENT_LAUNCHER', 'gnome-keyring'), ('SSH_AUTH_SOCK', '/run/user/1000/keyring/ssh'), ('AMENT_PREFIX_PATH', '/opt/ros/humble'), ('SHELL', '/bin/bash'), ('QT_ACCESSIBILITY', '1'), ('GDMSESSION', 'ubuntu'), ('LESSCLOSE', '/usr/bin/lesspipe %s %s'), ('CODEX_THREAD_ID', '019f5073-bc50-71a2-9549-8d1988512281'), ('GIT_PAGER', 'cat'), ('QT_IM_MODULE', 'ibus'), ('PWD', '/home/starry1n/WUTA/WUTA-FSD/ros2_ws/build/robot_localization'), ('LC_ALL', 'C.UTF-8'), ('XDG_CONFIG_DIRS', '/etc/xdg/xdg-ubuntu:/etc/xdg'), ('DBUS_STARTER_ADDRESS', 'unix:path=/run/user/1000/bus,guid=c67e2489f73595b365ff0ae46a50c8ee'), ('XDG_DATA_DIRS', '/usr/share/ubuntu:/usr/local/share/:/usr/share/:/var/lib/snapd/desktop'), ('PYTHONPATH', '/opt/ros/humble/lib/python3.10/site-packages:/opt/ros/humble/local/lib/python3.10/dist-packages'), ('COLCON', '1'), ('VTE_VERSION', '6800'), ('CMAKE_PREFIX_PATH', '/opt/ros/humble')]), 'shell': False}
[0.596565] (camera_detection) JobProgress: {'identifier': 'camera_detection', 'progress': 'cmake'}
[0.597546] (camera_detection) JobProgress: {'identifier': 'camera_detection', 'progress': 'build'}
[0.598190] (camera_detection) Command: {'cmd': ['/usr/bin/cmake', '--build', '/home/starry1n/WUTA/WUTA-FSD/ros2_ws/build/camera_detection', '--', '-j8', '-l8'], 'cwd': '/home/starry1n/WUTA/WUTA-FSD/ros2_ws/build/camera_detection', 'env': OrderedDict([('LESSOPEN', '| /usr/bin/lesspipe %s'), ('CODEX_CI', '1'), ('LANGUAGE', 'zh_CN:zh'), ('USER', 'starry1n'), ('XDG_SESSION_TYPE', 'wayland'), ('SHLVL', '2'), ('LD_LIBRARY_PATH', '/home/starry1n/WUTA/WUTA-FSD/ros2_ws/install/wuta_msgs/lib:/opt/ros/humble/opt/rviz_ogre_vendor/lib:/opt/ros/humble/lib/x86_64-linux-gnu:/opt/ros/humble/lib'), ('HOME', '/home/starry1n'), ('OLDPWD', '/home/starry1n/WUTA/WUTA-FSD'), ('DESKTOP_SESSION', 'ubuntu'), ('ROS_PYTHON_VERSION', '3'), ('GNOME_SHELL_SESSION_MODE', 'ubuntu'), ('GTK_MODULES', 'gail:atk-bridge'), ('PAGER', 'cat'), ('LC_CTYPE', 'C.UTF-8'), ('DBUS_STARTER_BUS_TYPE', 'session'), ('SYSTEMD_EXEC_PID', '2321'), ('IM_CONFIG_CHECK_ENV', '1'), ('NO_COLOR', '1'), ('DBUS_SESSION_BUS_ADDRESS', 'unix:path=/run/user/1000/bus,guid=c67e2489f73595b365ff0ae46a50c8ee'), ('COLORTERM', ''), ('IM_CONFIG_PHASE', '1'), ('WAYLAND_DISPLAY', 'wayland-0'), ('CODEX_PERMISSION_PROFILE', ':workspace'), ('ROS_DISTRO', 'humble'), ('LOGNAME', 'starry1n'), ('_', '/usr/bin/colcon'), ('ROS_VERSION', '2'), ('XDG_SESSION_CLASS', 'user'), ('USERNAME', 'starry1n'), ('TERM', 'dumb'), ('GNOME_DESKTOP_SESSION_ID', 'this-is-deprecated'), ('ROS_LOCALHOST_ONLY', '0'), ('PATH', '/home/starry1n/.local/bin:/home/starry1n/.codex/packages/standalone/releases/0.144.4-x86_64-unknown-linux-musl/codex-path:/home/starry1n/.codex/tmp/arg0/codex-arg05cnADw:/home/starry1n/.local/bin:/opt/ros/humble/bin:/home/starry1n/.local/bin:/usr/local/sbin:/usr/local/bin:/usr/sbin:/usr/bin:/sbin:/bin:/usr/games:/usr/local/games:/snap/bin:/snap/bin'), ('SESSION_MANAGER', 'local/starry1n-virtual-machine:@/tmp/.ICE-unix/2321,unix/starry1n-virtual-machine:/tmp/.ICE-unix/2321'), ('XDG_MENU_PREFIX', 'gnome-'), ('GNOME_TERMINAL_SCREEN', '/org/gnome/Terminal/screen/b41f3890_f157_4b82_b249_7c5cfcb9354a'), ('GNOME_SETUP_DISPLAY', ':1'), ('XDG_RUNTIME_DIR', '/run/user/1000'), ('DISPLAY', ':0'), ('CODEX_SANDBOX_NETWORK_DISABLED', '1'), ('LANG', 'C.UTF-8'), ('XDG_CURRENT_DESKTOP', 'ubuntu:GNOME'), ('XMODIFIERS', '@im=ibus'), ('GH_PAGER', 'cat'), ('XDG_SESSION_DESKTOP', 'ubuntu'), ('XAUTHORITY', '/run/user/1000/.mutter-Xwaylandauth.H6FRS3'), ('LS_COLORS', 'rs=0:di=01;34:ln=01;36:mh=00:pi=40;33:so=01;35:do=01;35:bd=40;33;01:cd=40;33;01:or=40;31;01:mi=00:su=37;41:sg=30;43:ca=30;41:tw=30;42:ow=34;42:st=37;44:ex=01;32:*.tar=01;31:*.tgz=01;31:*.arc=01;31:*.arj=01;31:*.taz=01;31:*.lha=01;31:*.lz4=01;31:*.lzh=01;31:*.lzma=01;31:*.tlz=01;31:*.txz=01;31:*.tzo=01;31:*.t7z=01;31:*.zip=01;31:*.z=01;31:*.dz=01;31:*.gz=01;31:*.lrz=01;31:*.lz=01;31:*.lzo=01;31:*.xz=01;31:*.zst=01;31:*.tzst=01;31:*.bz2=01;31:*.bz=01;31:*.tbz=01;31:*.tbz2=01;31:*.tz=01;31:*.deb=01;31:*.rpm=01;31:*.jar=01;31:*.war=01;31:*.ear=01;31:*.sar=01;31:*.rar=01;31:*.alz=01;31:*.ace=01;31:*.zoo=01;31:*.cpio=01;31:*.7z=01;31:*.rz=01;31:*.cab=01;31:*.wim=01;31:*.swm=01;31:*.dwm=01;31:*.esd=01;31:*.jpg=01;35:*.jpeg=01;35:*.mjpg=01;35:*.mjpeg=01;35:*.gif=01;35:*.bmp=01;35:*.pbm=01;35:*.pgm=01;35:*.ppm=01;35:*.tga=01;35:*.xbm=01;35:*.xpm=01;35:*.tif=01;35:*.tiff=01;35:*.png=01;35:*.svg=01;35:*.svgz=01;35:*.mng=01;35:*.pcx=01;35:*.mov=01;35:*.mpg=01;35:*.mpeg=01;35:*.m2v=01;35:*.mkv=01;35:*.webm=01;35:*.webp=01;35:*.ogm=01;35:*.mp4=01;35:*.m4v=01;35:*.mp4v=01;35:*.vob=01;35:*.qt=01;35:*.nuv=01;35:*.wmv=01;35:*.asf=01;35:*.rm=01;35:*.rmvb=01;35:*.flc=01;35:*.avi=01;35:*.fli=01;35:*.flv=01;35:*.gl=01;35:*.dl=01;35:*.xcf=01;35:*.xwd=01;35:*.yuv=01;35:*.cgm=01;35:*.emf=01;35:*.ogv=01;35:*.ogx=01;35:*.aac=00;36:*.au=00;36:*.flac=00;36:*.m4a=00;36:*.mid=00;36:*.midi=00;36:*.mka=00;36:*.mp3=00;36:*.mpc=00;36:*.ogg=00;36:*.ra=00;36:*.wav=00;36:*.oga=00;36:*.opus=00;36:*.spx=00;36:*.xspf=00;36:'), ('GNOME_TERMINAL_SERVICE', ':1.330'), ('SSH_AGENT_LAUNCHER', 'gnome-keyring'), ('SSH_AUTH_SOCK', '/run/user/1000/keyring/ssh'), ('AMENT_PREFIX_PATH', '/home/starry1n/WUTA/WUTA-FSD/ros2_ws/install/wuta_msgs:/opt/ros/humble'), ('SHELL', '/bin/bash'), ('QT_ACCESSIBILITY', '1'), ('GDMSESSION', 'ubuntu'), ('LESSCLOSE', '/usr/bin/lesspipe %s %s'), ('CODEX_THREAD_ID', '019f5073-bc50-71a2-9549-8d1988512281'), ('GIT_PAGER', 'cat'), ('QT_IM_MODULE', 'ibus'), ('PWD', '/home/starry1n/WUTA/WUTA-FSD/ros2_ws/build/camera_detection'), ('LC_ALL', 'C.UTF-8'), ('XDG_CONFIG_DIRS', '/etc/xdg/xdg-ubuntu:/etc/xdg'), ('DBUS_STARTER_ADDRESS', 'unix:path=/run/user/1000/bus,guid=c67e2489f73595b365ff0ae46a50c8ee'), ('XDG_DATA_DIRS', '/usr/share/ubuntu:/usr/local/share/:/usr/share/:/var/lib/snapd/desktop'), ('PYTHONPATH', '/home/starry1n/WUTA/WUTA-FSD/ros2_ws/install/wuta_msgs/local/lib/python3.10/dist-packages:/opt/ros/humble/lib/python3.10/site-packages:/opt/ros/humble/local/lib/python3.10/dist-packages'), ('COLCON', '1'), ('VTE_VERSION', '6800'), ('CMAKE_PREFIX_PATH', '/home/starry1n/WUTA/WUTA-FSD/ros2_ws/install/wuta_msgs:/opt/ros/humble')]), 'shell': False}
[0.601047] (cone_map_builder) JobProgress: {'identifier': 'cone_map_builder', 'progress': 'cmake'}
[0.601939] (-) TimerEvent: {}
[0.603297] (cone_map_builder) JobProgress: {'identifier': 'cone_map_builder', 'progress': 'build'}
[0.606021] (cone_map_builder) Command: {'cmd': ['/usr/bin/cmake', '--build', '/home/starry1n/WUTA/WUTA-FSD/ros2_ws/build/cone_map_builder', '--', '-j8', '-l8'], 'cwd': '/home/starry1n/WUTA/WUTA-FSD/ros2_ws/build/cone_map_builder', 'env': OrderedDict([('LESSOPEN', '| /usr/bin/lesspipe %s'), ('CODEX_CI', '1'), ('LANGUAGE', 'zh_CN:zh'), ('USER', 'starry1n'), ('XDG_SESSION_TYPE', 'wayland'), ('SHLVL', '2'), ('LD_LIBRARY_PATH', '/home/starry1n/WUTA/WUTA-FSD/ros2_ws/install/wuta_msgs/lib:/opt/ros/humble/opt/rviz_ogre_vendor/lib:/opt/ros/humble/lib/x86_64-linux-gnu:/opt/ros/humble/lib'), ('HOME', '/home/starry1n'), ('OLDPWD', '/home/starry1n/WUTA/WUTA-FSD'), ('DESKTOP_SESSION', 'ubuntu'), ('ROS_PYTHON_VERSION', '3'), ('GNOME_SHELL_SESSION_MODE', 'ubuntu'), ('GTK_MODULES', 'gail:atk-bridge'), ('PAGER', 'cat'), ('LC_CTYPE', 'C.UTF-8'), ('DBUS_STARTER_BUS_TYPE', 'session'), ('SYSTEMD_EXEC_PID', '2321'), ('IM_CONFIG_CHECK_ENV', '1'), ('NO_COLOR', '1'), ('DBUS_SESSION_BUS_ADDRESS', 'unix:path=/run/user/1000/bus,guid=c67e2489f73595b365ff0ae46a50c8ee'), ('COLORTERM', ''), ('IM_CONFIG_PHASE', '1'), ('WAYLAND_DISPLAY', 'wayland-0'), ('CODEX_PERMISSION_PROFILE', ':workspace'), ('ROS_DISTRO', 'humble'), ('LOGNAME', 'starry1n'), ('_', '/usr/bin/colcon'), ('ROS_VERSION', '2'), ('XDG_SESSION_CLASS', 'user'), ('USERNAME', 'starry1n'), ('TERM', 'dumb'), ('GNOME_DESKTOP_SESSION_ID', 'this-is-deprecated'), ('ROS_LOCALHOST_ONLY', '0'), ('PATH', '/home/starry1n/.local/bin:/home/starry1n/.codex/packages/standalone/releases/0.144.4-x86_64-unknown-linux-musl/codex-path:/home/starry1n/.codex/tmp/arg0/codex-arg05cnADw:/home/starry1n/.local/bin:/opt/ros/humble/bin:/home/starry1n/.local/bin:/usr/local/sbin:/usr/local/bin:/usr/sbin:/usr/bin:/sbin:/bin:/usr/games:/usr/local/games:/snap/bin:/snap/bin'), ('SESSION_MANAGER', 'local/starry1n-virtual-machine:@/tmp/.ICE-unix/2321,unix/starry1n-virtual-machine:/tmp/.ICE-unix/2321'), ('XDG_MENU_PREFIX', 'gnome-'), ('GNOME_TERMINAL_SCREEN', '/org/gnome/Terminal/screen/b41f3890_f157_4b82_b249_7c5cfcb9354a'), ('GNOME_SETUP_DISPLAY', ':1'), ('XDG_RUNTIME_DIR', '/run/user/1000'), ('DISPLAY', ':0'), ('CODEX_SANDBOX_NETWORK_DISABLED', '1'), ('LANG', 'C.UTF-8'), ('XDG_CURRENT_DESKTOP', 'ubuntu:GNOME'), ('XMODIFIERS', '@im=ibus'), ('GH_PAGER', 'cat'), ('XDG_SESSION_DESKTOP', 'ubuntu'), ('XAUTHORITY', '/run/user/1000/.mutter-Xwaylandauth.H6FRS3'), ('LS_COLORS', 'rs=0:di=01;34:ln=01;36:mh=00:pi=40;33:so=01;35:do=01;35:bd=40;33;01:cd=40;33;01:or=40;31;01:mi=00:su=37;41:sg=30;43:ca=30;41:tw=30;42:ow=34;42:st=37;44:ex=01;32:*.tar=01;31:*.tgz=01;31:*.arc=01;31:*.arj=01;31:*.taz=01;31:*.lha=01;31:*.lz4=01;31:*.lzh=01;31:*.lzma=01;31:*.tlz=01;31:*.txz=01;31:*.tzo=01;31:*.t7z=01;31:*.zip=01;31:*.z=01;31:*.dz=01;31:*.gz=01;31:*.lrz=01;31:*.lz=01;31:*.lzo=01;31:*.xz=01;31:*.zst=01;31:*.tzst=01;31:*.bz2=01;31:*.bz=01;31:*.tbz=01;31:*.tbz2=01;31:*.tz=01;31:*.deb=01;31:*.rpm=01;31:*.jar=01;31:*.war=01;31:*.ear=01;31:*.sar=01;31:*.rar=01;31:*.alz=01;31:*.ace=01;31:*.zoo=01;31:*.cpio=01;31:*.7z=01;31:*.rz=01;31:*.cab=01;31:*.wim=01;31:*.swm=01;31:*.dwm=01;31:*.esd=01;31:*.jpg=01;35:*.jpeg=01;35:*.mjpg=01;35:*.mjpeg=01;35:*.gif=01;35:*.bmp=01;35:*.pbm=01;35:*.pgm=01;35:*.ppm=01;35:*.tga=01;35:*.xbm=01;35:*.xpm=01;35:*.tif=01;35:*.tiff=01;35:*.png=01;35:*.svg=01;35:*.svgz=01;35:*.mng=01;35:*.pcx=01;35:*.mov=01;35:*.mpg=01;35:*.mpeg=01;35:*.m2v=01;35:*.mkv=01;35:*.webm=01;35:*.webp=01;35:*.ogm=01;35:*.mp4=01;35:*.m4v=01;35:*.mp4v=01;35:*.vob=01;35:*.qt=01;35:*.nuv=01;35:*.wmv=01;35:*.asf=01;35:*.rm=01;35:*.rmvb=01;35:*.flc=01;35:*.avi=01;35:*.fli=01;35:*.flv=01;35:*.gl=01;35:*.dl=01;35:*.xcf=01;35:*.xwd=01;35:*.yuv=01;35:*.cgm=01;35:*.emf=01;35:*.ogv=01;35:*.ogx=01;35:*.aac=00;36:*.au=00;36:*.flac=00;36:*.m4a=00;36:*.mid=00;36:*.midi=00;36:*.mka=00;36:*.mp3=00;36:*.mpc=00;36:*.ogg=00;36:*.ra=00;36:*.wav=00;36:*.oga=00;36:*.opus=00;36:*.spx=00;36:*.xspf=00;36:'), ('GNOME_TERMINAL_SERVICE', ':1.330'), ('SSH_AGENT_LAUNCHER', 'gnome-keyring'), ('SSH_AUTH_SOCK', '/run/user/1000/keyring/ssh'), ('AMENT_PREFIX_PATH', '/home/starry1n/WUTA/WUTA-FSD/ros2_ws/install/wuta_msgs:/opt/ros/humble'), ('SHELL', '/bin/bash'), ('QT_ACCESSIBILITY', '1'), ('GDMSESSION', 'ubuntu'), ('LESSCLOSE', '/usr/bin/lesspipe %s %s'), ('CODEX_THREAD_ID', '019f5073-bc50-71a2-9549-8d1988512281'), ('GIT_PAGER', 'cat'), ('QT_IM_MODULE', 'ibus'), ('PWD', '/home/starry1n/WUTA/WUTA-FSD/ros2_ws/build/cone_map_builder'), ('LC_ALL', 'C.UTF-8'), ('XDG_CONFIG_DIRS', '/etc/xdg/xdg-ubuntu:/etc/xdg'), ('DBUS_STARTER_ADDRESS', 'unix:path=/run/user/1000/bus,guid=c67e2489f73595b365ff0ae46a50c8ee'), ('XDG_DATA_DIRS', '/usr/share/ubuntu:/usr/local/share/:/usr/share/:/var/lib/snapd/desktop'), ('PYTHONPATH', '/home/starry1n/WUTA/WUTA-FSD/ros2_ws/install/wuta_msgs/local/lib/python3.10/dist-packages:/opt/ros/humble/lib/python3.10/site-packages:/opt/ros/humble/local/lib/python3.10/dist-packages'), ('COLCON', '1'), ('VTE_VERSION', '6800'), ('CMAKE_PREFIX_PATH', '/home/starry1n/WUTA/WUTA-FSD/ros2_ws/install/wuta_msgs:/opt/ros/humble')]), 'shell': False}
[0.607080] (detection_fusion) JobProgress: {'identifier': 'detection_fusion', 'progress': 'cmake'}
[0.607320] (detection_fusion) JobProgress: {'identifier': 'detection_fusion', 'progress': 'build'}
[0.607604] (detection_fusion) Command: {'cmd': ['/usr/bin/cmake', '--build', '/home/starry1n/WUTA/WUTA-FSD/ros2_ws/build/detection_fusion', '--', '-j8', '-l8'], 'cwd': '/home/starry1n/WUTA/WUTA-FSD/ros2_ws/build/detection_fusion', 'env': OrderedDict([('LESSOPEN', '| /usr/bin/lesspipe %s'), ('CODEX_CI', '1'), ('LANGUAGE', 'zh_CN:zh'), ('USER', 'starry1n'), ('XDG_SESSION_TYPE', 'wayland'), ('SHLVL', '2'), ('LD_LIBRARY_PATH', '/home/starry1n/WUTA/WUTA-FSD/ros2_ws/install/wuta_msgs/lib:/opt/ros/humble/opt/rviz_ogre_vendor/lib:/opt/ros/humble/lib/x86_64-linux-gnu:/opt/ros/humble/lib'), ('HOME', '/home/starry1n'), ('OLDPWD', '/home/starry1n/WUTA/WUTA-FSD'), ('DESKTOP_SESSION', 'ubuntu'), ('ROS_PYTHON_VERSION', '3'), ('GNOME_SHELL_SESSION_MODE', 'ubuntu'), ('GTK_MODULES', 'gail:atk-bridge'), ('PAGER', 'cat'), ('LC_CTYPE', 'C.UTF-8'), ('DBUS_STARTER_BUS_TYPE', 'session'), ('SYSTEMD_EXEC_PID', '2321'), ('IM_CONFIG_CHECK_ENV', '1'), ('NO_COLOR', '1'), ('DBUS_SESSION_BUS_ADDRESS', 'unix:path=/run/user/1000/bus,guid=c67e2489f73595b365ff0ae46a50c8ee'), ('COLORTERM', ''), ('IM_CONFIG_PHASE', '1'), ('WAYLAND_DISPLAY', 'wayland-0'), ('CODEX_PERMISSION_PROFILE', ':workspace'), ('ROS_DISTRO', 'humble'), ('LOGNAME', 'starry1n'), ('_', '/usr/bin/colcon'), ('ROS_VERSION', '2'), ('XDG_SESSION_CLASS', 'user'), ('USERNAME', 'starry1n'), ('TERM', 'dumb'), ('GNOME_DESKTOP_SESSION_ID', 'this-is-deprecated'), ('ROS_LOCALHOST_ONLY', '0'), ('PATH', '/home/starry1n/.local/bin:/home/starry1n/.codex/packages/standalone/releases/0.144.4-x86_64-unknown-linux-musl/codex-path:/home/starry1n/.codex/tmp/arg0/codex-arg05cnADw:/home/starry1n/.local/bin:/opt/ros/humble/bin:/home/starry1n/.local/bin:/usr/local/sbin:/usr/local/bin:/usr/sbin:/usr/bin:/sbin:/bin:/usr/games:/usr/local/games:/snap/bin:/snap/bin'), ('SESSION_MANAGER', 'local/starry1n-virtual-machine:@/tmp/.ICE-unix/2321,unix/starry1n-virtual-machine:/tmp/.ICE-unix/2321'), ('XDG_MENU_PREFIX', 'gnome-'), ('GNOME_TERMINAL_SCREEN', '/org/gnome/Terminal/screen/b41f3890_f157_4b82_b249_7c5cfcb9354a'), ('GNOME_SETUP_DISPLAY', ':1'), ('XDG_RUNTIME_DIR', '/run/user/1000'), ('DISPLAY', ':0'), ('CODEX_SANDBOX_NETWORK_DISABLED', '1'), ('LANG', 'C.UTF-8'), ('XDG_CURRENT_DESKTOP', 'ubuntu:GNOME'), ('XMODIFIERS', '@im=ibus'), ('GH_PAGER', 'cat'), ('XDG_SESSION_DESKTOP', 'ubuntu'), ('XAUTHORITY', '/run/user/1000/.mutter-Xwaylandauth.H6FRS3'), ('LS_COLORS', 'rs=0:di=01;34:ln=01;36:mh=00:pi=40;33:so=01;35:do=01;35:bd=40;33;01:cd=40;33;01:or=40;31;01:mi=00:su=37;41:sg=30;43:ca=30;41:tw=30;42:ow=34;42:st=37;44:ex=01;32:*.tar=01;31:*.tgz=01;31:*.arc=01;31:*.arj=01;31:*.taz=01;31:*.lha=01;31:*.lz4=01;31:*.lzh=01;31:*.lzma=01;31:*.tlz=01;31:*.txz=01;31:*.tzo=01;31:*.t7z=01;31:*.zip=01;31:*.z=01;31:*.dz=01;31:*.gz=01;31:*.lrz=01;31:*.lz=01;31:*.lzo=01;31:*.xz=01;31:*.zst=01;31:*.tzst=01;31:*.bz2=01;31:*.bz=01;31:*.tbz=01;31:*.tbz2=01;31:*.tz=01;31:*.deb=01;31:*.rpm=01;31:*.jar=01;31:*.war=01;31:*.ear=01;31:*.sar=01;31:*.rar=01;31:*.alz=01;31:*.ace=01;31:*.zoo=01;31:*.cpio=01;31:*.7z=01;31:*.rz=01;31:*.cab=01;31:*.wim=01;31:*.swm=01;31:*.dwm=01;31:*.esd=01;31:*.jpg=01;35:*.jpeg=01;35:*.mjpg=01;35:*.mjpeg=01;35:*.gif=01;35:*.bmp=01;35:*.pbm=01;35:*.pgm=01;35:*.ppm=01;35:*.tga=01;35:*.xbm=01;35:*.xpm=01;35:*.tif=01;35:*.tiff=01;35:*.png=01;35:*.svg=01;35:*.svgz=01;35:*.mng=01;35:*.pcx=01;35:*.mov=01;35:*.mpg=01;35:*.mpeg=01;35:*.m2v=01;35:*.mkv=01;35:*.webm=01;35:*.webp=01;35:*.ogm=01;35:*.mp4=01;35:*.m4v=01;35:*.mp4v=01;35:*.vob=01;35:*.qt=01;35:*.nuv=01;35:*.wmv=01;35:*.asf=01;35:*.rm=01;35:*.rmvb=01;35:*.flc=01;35:*.avi=01;35:*.fli=01;35:*.flv=01;35:*.gl=01;35:*.dl=01;35:*.xcf=01;35:*.xwd=01;35:*.yuv=01;35:*.cgm=01;35:*.emf=01;35:*.ogv=01;35:*.ogx=01;35:*.aac=00;36:*.au=00;36:*.flac=00;36:*.m4a=00;36:*.mid=00;36:*.midi=00;36:*.mka=00;36:*.mp3=00;36:*.mpc=00;36:*.ogg=00;36:*.ra=00;36:*.wav=00;36:*.oga=00;36:*.opus=00;36:*.spx=00;36:*.xspf=00;36:'), ('GNOME_TERMINAL_SERVICE', ':1.330'), ('SSH_AGENT_LAUNCHER', 'gnome-keyring'), ('SSH_AUTH_SOCK', '/run/user/1000/keyring/ssh'), ('AMENT_PREFIX_PATH', '/home/starry1n/WUTA/WUTA-FSD/ros2_ws/install/wuta_msgs:/opt/ros/humble'), ('SHELL', '/bin/bash'), ('QT_ACCESSIBILITY', '1'), ('GDMSESSION', 'ubuntu'), ('LESSCLOSE', '/usr/bin/lesspipe %s %s'), ('CODEX_THREAD_ID', '019f5073-bc50-71a2-9549-8d1988512281'), ('GIT_PAGER', 'cat'), ('QT_IM_MODULE', 'ibus'), ('PWD', '/home/starry1n/WUTA/WUTA-FSD/ros2_ws/build/detection_fusion'), ('LC_ALL', 'C.UTF-8'), ('XDG_CONFIG_DIRS', '/etc/xdg/xdg-ubuntu:/etc/xdg'), ('DBUS_STARTER_ADDRESS', 'unix:path=/run/user/1000/bus,guid=c67e2489f73595b365ff0ae46a50c8ee'), ('XDG_DATA_DIRS', '/usr/share/ubuntu:/usr/local/share/:/usr/share/:/var/lib/snapd/desktop'), ('PYTHONPATH', '/home/starry1n/WUTA/WUTA-FSD/ros2_ws/install/wuta_msgs/local/lib/python3.10/dist-packages:/opt/ros/humble/lib/python3.10/site-packages:/opt/ros/humble/local/lib/python3.10/dist-packages'), ('COLCON', '1'), ('VTE_VERSION', '6800'), ('CMAKE_PREFIX_PATH', '/home/starry1n/WUTA/WUTA-FSD/ros2_ws/install/wuta_msgs:/opt/ros/humble')]), 'shell': False}
[0.615766] (kiss_icp_wrapper) JobProgress: {'identifier': 'kiss_icp_wrapper', 'progress': 'cmake'}
[0.615792] (kiss_icp_wrapper) JobProgress: {'identifier': 'kiss_icp_wrapper', 'progress': 'build'}
[0.615804] (kiss_icp_wrapper) Command: {'cmd': ['/usr/bin/cmake', '--build', '/home/starry1n/WUTA/WUTA-FSD/ros2_ws/build/kiss_icp_wrapper', '--', '-j8', '-l8'], 'cwd': '/home/starry1n/WUTA/WUTA-FSD/ros2_ws/build/kiss_icp_wrapper', 'env': OrderedDict([('LESSOPEN', '| /usr/bin/lesspipe %s'), ('CODEX_CI', '1'), ('LANGUAGE', 'zh_CN:zh'), ('USER', 'starry1n'), ('XDG_SESSION_TYPE', 'wayland'), ('SHLVL', '2'), ('LD_LIBRARY_PATH', '/home/starry1n/WUTA/WUTA-FSD/ros2_ws/install/wuta_msgs/lib:/opt/ros/humble/opt/rviz_ogre_vendor/lib:/opt/ros/humble/lib/x86_64-linux-gnu:/opt/ros/humble/lib'), ('HOME', '/home/starry1n'), ('OLDPWD', '/home/starry1n/WUTA/WUTA-FSD'), ('DESKTOP_SESSION', 'ubuntu'), ('ROS_PYTHON_VERSION', '3'), ('GNOME_SHELL_SESSION_MODE', 'ubuntu'), ('GTK_MODULES', 'gail:atk-bridge'), ('PAGER', 'cat'), ('LC_CTYPE', 'C.UTF-8'), ('DBUS_STARTER_BUS_TYPE', 'session'), ('SYSTEMD_EXEC_PID', '2321'), ('IM_CONFIG_CHECK_ENV', '1'), ('NO_COLOR', '1'), ('DBUS_SESSION_BUS_ADDRESS', 'unix:path=/run/user/1000/bus,guid=c67e2489f73595b365ff0ae46a50c8ee'), ('COLORTERM', ''), ('IM_CONFIG_PHASE', '1'), ('WAYLAND_DISPLAY', 'wayland-0'), ('CODEX_PERMISSION_PROFILE', ':workspace'), ('ROS_DISTRO', 'humble'), ('LOGNAME', 'starry1n'), ('_', '/usr/bin/colcon'), ('ROS_VERSION', '2'), ('XDG_SESSION_CLASS', 'user'), ('USERNAME', 'starry1n'), ('TERM', 'dumb'), ('GNOME_DESKTOP_SESSION_ID', 'this-is-deprecated'), ('ROS_LOCALHOST_ONLY', '0'), ('PATH', '/home/starry1n/.local/bin:/home/starry1n/.codex/packages/standalone/releases/0.144.4-x86_64-unknown-linux-musl/codex-path:/home/starry1n/.codex/tmp/arg0/codex-arg05cnADw:/home/starry1n/.local/bin:/opt/ros/humble/bin:/home/starry1n/.local/bin:/usr/local/sbin:/usr/local/bin:/usr/sbin:/usr/bin:/sbin:/bin:/usr/games:/usr/local/games:/snap/bin:/snap/bin'), ('SESSION_MANAGER', 'local/starry1n-virtual-machine:@/tmp/.ICE-unix/2321,unix/starry1n-virtual-machine:/tmp/.ICE-unix/2321'), ('XDG_MENU_PREFIX', 'gnome-'), ('GNOME_TERMINAL_SCREEN', '/org/gnome/Terminal/screen/b41f3890_f157_4b82_b249_7c5cfcb9354a'), ('GNOME_SETUP_DISPLAY', ':1'), ('XDG_RUNTIME_DIR', '/run/user/1000'), ('DISPLAY', ':0'), ('CODEX_SANDBOX_NETWORK_DISABLED', '1'), ('LANG', 'C.UTF-8'), ('XDG_CURRENT_DESKTOP', 'ubuntu:GNOME'), ('XMODIFIERS', '@im=ibus'), ('GH_PAGER', 'cat'), ('XDG_SESSION_DESKTOP', 'ubuntu'), ('XAUTHORITY', '/run/user/1000/.mutter-Xwaylandauth.H6FRS3'), ('LS_COLORS', 'rs=0:di=01;34:ln=01;36:mh=00:pi=40;33:so=01;35:do=01;35:bd=40;33;01:cd=40;33;01:or=40;31;01:mi=00:su=37;41:sg=30;43:ca=30;41:tw=30;42:ow=34;42:st=37;44:ex=01;32:*.tar=01;31:*.tgz=01;31:*.arc=01;31:*.arj=01;31:*.taz=01;31:*.lha=01;31:*.lz4=01;31:*.lzh=01;31:*.lzma=01;31:*.tlz=01;31:*.txz=01;31:*.tzo=01;31:*.t7z=01;31:*.zip=01;31:*.z=01;31:*.dz=01;31:*.gz=01;31:*.lrz=01;31:*.lz=01;31:*.lzo=01;31:*.xz=01;31:*.zst=01;31:*.tzst=01;31:*.bz2=01;31:*.bz=01;31:*.tbz=01;31:*.tbz2=01;31:*.tz=01;31:*.deb=01;31:*.rpm=01;31:*.jar=01;31:*.war=01;31:*.ear=01;31:*.sar=01;31:*.rar=01;31:*.alz=01;31:*.ace=01;31:*.zoo=01;31:*.cpio=01;31:*.7z=01;31:*.rz=01;31:*.cab=01;31:*.wim=01;31:*.swm=01;31:*.dwm=01;31:*.esd=01;31:*.jpg=01;35:*.jpeg=01;35:*.mjpg=01;35:*.mjpeg=01;35:*.gif=01;35:*.bmp=01;35:*.pbm=01;35:*.pgm=01;35:*.ppm=01;35:*.tga=01;35:*.xbm=01;35:*.xpm=01;35:*.tif=01;35:*.tiff=01;35:*.png=01;35:*.svg=01;35:*.svgz=01;35:*.mng=01;35:*.pcx=01;35:*.mov=01;35:*.mpg=01;35:*.mpeg=01;35:*.m2v=01;35:*.mkv=01;35:*.webm=01;35:*.webp=01;35:*.ogm=01;35:*.mp4=01;35:*.m4v=01;35:*.mp4v=01;35:*.vob=01;35:*.qt=01;35:*.nuv=01;35:*.wmv=01;35:*.asf=01;35:*.rm=01;35:*.rmvb=01;35:*.flc=01;35:*.avi=01;35:*.fli=01;35:*.flv=01;35:*.gl=01;35:*.dl=01;35:*.xcf=01;35:*.xwd=01;35:*.yuv=01;35:*.cgm=01;35:*.emf=01;35:*.ogv=01;35:*.ogx=01;35:*.aac=00;36:*.au=00;36:*.flac=00;36:*.m4a=00;36:*.mid=00;36:*.midi=00;36:*.mka=00;36:*.mp3=00;36:*.mpc=00;36:*.ogg=00;36:*.ra=00;36:*.wav=00;36:*.oga=00;36:*.opus=00;36:*.spx=00;36:*.xspf=00;36:'), ('GNOME_TERMINAL_SERVICE', ':1.330'), ('SSH_AGENT_LAUNCHER', 'gnome-keyring'), ('SSH_AUTH_SOCK', '/run/user/1000/keyring/ssh'), ('AMENT_PREFIX_PATH', '/home/starry1n/WUTA/WUTA-FSD/ros2_ws/install/wuta_msgs:/opt/ros/humble'), ('SHELL', '/bin/bash'), ('QT_ACCESSIBILITY', '1'), ('GDMSESSION', 'ubuntu'), ('LESSCLOSE', '/usr/bin/lesspipe %s %s'), ('CODEX_THREAD_ID', '019f5073-bc50-71a2-9549-8d1988512281'), ('GIT_PAGER', 'cat'), ('QT_IM_MODULE', 'ibus'), ('PWD', '/home/starry1n/WUTA/WUTA-FSD/ros2_ws/build/kiss_icp_wrapper'), ('LC_ALL', 'C.UTF-8'), ('XDG_CONFIG_DIRS', '/etc/xdg/xdg-ubuntu:/etc/xdg'), ('DBUS_STARTER_ADDRESS', 'unix:path=/run/user/1000/bus,guid=c67e2489f73595b365ff0ae46a50c8ee'), ('XDG_DATA_DIRS', '/usr/share/ubuntu:/usr/local/share/:/usr/share/:/var/lib/snapd/desktop'), ('PYTHONPATH', '/home/starry1n/WUTA/WUTA-FSD/ros2_ws/install/wuta_msgs/local/lib/python3.10/dist-packages:/opt/ros/humble/lib/python3.10/site-packages:/opt/ros/humble/local/lib/python3.10/dist-packages'), ('COLCON', '1'), ('VTE_VERSION', '6800'), ('CMAKE_PREFIX_PATH', '/home/starry1n/WUTA/WUTA-FSD/ros2_ws/install/wuta_msgs:/opt/ros/humble')]), 'shell': False}
[0.619862] (autoware_msgs) StdoutLine: {'line': b'-- Install configuration: ""\n'}
[0.625029] (autoware_msgs) StdoutLine: {'line': b'-- Execute custom install script\n'}
[0.625171] (autoware_msgs) StdoutLine: {'line': b'-- Up-to-date symlink: /home/starry1n/WUTA/WUTA-FSD/ros2_ws/install/autoware_msgs/share/ament_index/resource_index/rosidl_interfaces/autoware_msgs\n'}
[0.625820] (autoware_msgs) StdoutLine: {'line': b'-- Up-to-date symlink: /home/starry1n/WUTA/WUTA-FSD/ros2_ws/install/autoware_msgs/include/autoware_msgs/autoware_msgs/msg/command.h\n'}
[0.625860] (autoware_msgs) StdoutLine: {'line': b'-- Up-to-date symlink: /home/starry1n/WUTA/WUTA-FSD/ros2_ws/install/autoware_msgs/include/autoware_msgs/autoware_msgs/msg/detail/command__functions.h\n'}
[0.625891] (autoware_msgs) StdoutLine: {'line': b'-- Up-to-date symlink: /home/starry1n/WUTA/WUTA-FSD/ros2_ws/install/autoware_msgs/include/autoware_msgs/autoware_msgs/msg/detail/command__struct.h\n'}
[0.625922] (autoware_msgs) StdoutLine: {'line': b'-- Up-to-date symlink: /home/starry1n/WUTA/WUTA-FSD/ros2_ws/install/autoware_msgs/include/autoware_msgs/autoware_msgs/msg/detail/command__type_support.h\n'}
[0.625948] (autoware_msgs) StdoutLine: {'line': b'-- Up-to-date symlink: /home/starry1n/WUTA/WUTA-FSD/ros2_ws/install/autoware_msgs/include/autoware_msgs/autoware_msgs/msg/detail/lane__functions.h\n'}
[0.626000] (autoware_msgs) StdoutLine: {'line': b'-- Up-to-date symlink: /home/starry1n/WUTA/WUTA-FSD/ros2_ws/install/autoware_msgs/include/autoware_msgs/autoware_msgs/msg/detail/lane__struct.h\n'}
[0.626032] (autoware_msgs) StdoutLine: {'line': b'-- Up-to-date symlink: /home/starry1n/WUTA/WUTA-FSD/ros2_ws/install/autoware_msgs/include/autoware_msgs/autoware_msgs/msg/detail/lane__type_support.h\n'}
[0.626059] (autoware_msgs) StdoutLine: {'line': b'-- Up-to-date symlink: /home/starry1n/WUTA/WUTA-FSD/ros2_ws/install/autoware_msgs/include/autoware_msgs/autoware_msgs/msg/detail/waypoint__functions.h\n'}
[0.626084] (autoware_msgs) StdoutLine: {'line': b'-- Up-to-date symlink: /home/starry1n/WUTA/WUTA-FSD/ros2_ws/install/autoware_msgs/include/autoware_msgs/autoware_msgs/msg/detail/waypoint__struct.h\n'}
[0.626109] (autoware_msgs) StdoutLine: {'line': b'-- Up-to-date symlink: /home/starry1n/WUTA/WUTA-FSD/ros2_ws/install/autoware_msgs/include/autoware_msgs/autoware_msgs/msg/detail/waypoint__type_support.h\n'}
[0.626133] (autoware_msgs) StdoutLine: {'line': b'-- Up-to-date symlink: /home/starry1n/WUTA/WUTA-FSD/ros2_ws/install/autoware_msgs/include/autoware_msgs/autoware_msgs/msg/lane.h\n'}
[0.626158] (autoware_msgs) StdoutLine: {'line': b'-- Up-to-date symlink: /home/starry1n/WUTA/WUTA-FSD/ros2_ws/install/autoware_msgs/include/autoware_msgs/autoware_msgs/msg/rosidl_generator_c__visibility_control.h\n'}
[0.626191] (autoware_msgs) StdoutLine: {'line': b'-- Up-to-date symlink: /home/starry1n/WUTA/WUTA-FSD/ros2_ws/install/autoware_msgs/include/autoware_msgs/autoware_msgs/msg/waypoint.h\n'}
[0.626217] (autoware_msgs) StdoutLine: {'line': b'-- Up-to-date symlink: /home/starry1n/WUTA/WUTA-FSD/ros2_ws/install/autoware_msgs/share/autoware_msgs/environment/library_path.sh\n'}
[0.626242] (autoware_msgs) StdoutLine: {'line': b'-- Up-to-date symlink: /home/starry1n/WUTA/WUTA-FSD/ros2_ws/install/autoware_msgs/share/autoware_msgs/environment/library_path.dsv\n'}
[0.626266] (autoware_msgs) StdoutLine: {'line': b'-- Up-to-date symlink: /home/starry1n/WUTA/WUTA-FSD/ros2_ws/install/autoware_msgs/include/autoware_msgs/autoware_msgs/msg/detail/command__rosidl_typesupport_fastrtps_c.h\n'}
[0.626291] (autoware_msgs) StdoutLine: {'line': b'-- Up-to-date symlink: /home/starry1n/WUTA/WUTA-FSD/ros2_ws/install/autoware_msgs/include/autoware_msgs/autoware_msgs/msg/detail/lane__rosidl_typesupport_fastrtps_c.h\n'}
[0.626319] (autoware_msgs) StdoutLine: {'line': b'-- Up-to-date symlink: /home/starry1n/WUTA/WUTA-FSD/ros2_ws/install/autoware_msgs/include/autoware_msgs/autoware_msgs/msg/detail/waypoint__rosidl_typesupport_fastrtps_c.h\n'}
[0.626350] (autoware_msgs) StdoutLine: {'line': b'-- Up-to-date symlink: /home/starry1n/WUTA/WUTA-FSD/ros2_ws/install/autoware_msgs/include/autoware_msgs/autoware_msgs/msg/rosidl_typesupport_fastrtps_c__visibility_control.h\n'}
[0.626373] (autoware_msgs) StdoutLine: {'line': b'-- Up-to-date symlink: /home/starry1n/WUTA/WUTA-FSD/ros2_ws/install/autoware_msgs/include/autoware_msgs/autoware_msgs/msg/detail/command__rosidl_typesupport_introspection_c.h\n'}
[0.626396] (autoware_msgs) StdoutLine: {'line': b'-- Up-to-date symlink: /home/starry1n/WUTA/WUTA-FSD/ros2_ws/install/autoware_msgs/include/autoware_msgs/autoware_msgs/msg/detail/lane__rosidl_typesupport_introspection_c.h\n'}
[0.626420] (autoware_msgs) StdoutLine: {'line': b'-- Up-to-date symlink: /home/starry1n/WUTA/WUTA-FSD/ros2_ws/install/autoware_msgs/include/autoware_msgs/autoware_msgs/msg/detail/waypoint__rosidl_typesupport_introspection_c.h\n'}
[0.626443] (autoware_msgs) StdoutLine: {'line': b'-- Up-to-date symlink: /home/starry1n/WUTA/WUTA-FSD/ros2_ws/install/autoware_msgs/include/autoware_msgs/autoware_msgs/msg/rosidl_typesupport_introspection_c__visibility_control.h\n'}
[0.626565] (autoware_msgs) StdoutLine: {'line': b'-- Up-to-date symlink: /home/starry1n/WUTA/WUTA-FSD/ros2_ws/install/autoware_msgs/include/autoware_msgs/autoware_msgs/msg/command.hpp\n'}
[0.626622] (autoware_msgs) StdoutLine: {'line': b'-- Up-to-date symlink: /home/starry1n/WUTA/WUTA-FSD/ros2_ws/install/autoware_msgs/include/autoware_msgs/autoware_msgs/msg/detail/command__builder.hpp\n'}
[0.626654] (autoware_msgs) StdoutLine: {'line': b'-- Up-to-date symlink: /home/starry1n/WUTA/WUTA-FSD/ros2_ws/install/autoware_msgs/include/autoware_msgs/autoware_msgs/msg/detail/command__struct.hpp\n'}
[0.626692] (autoware_msgs) StdoutLine: {'line': b'-- Up-to-date symlink: /home/starry1n/WUTA/WUTA-FSD/ros2_ws/install/autoware_msgs/include/autoware_msgs/autoware_msgs/msg/detail/command__traits.hpp\n'}
[0.626724] (autoware_msgs) StdoutLine: {'line': b'-- Up-to-date symlink: /home/starry1n/WUTA/WUTA-FSD/ros2_ws/install/autoware_msgs/include/autoware_msgs/autoware_msgs/msg/detail/command__type_support.hpp\n'}
[0.626750] (autoware_msgs) StdoutLine: {'line': b'-- Up-to-date symlink: /home/starry1n/WUTA/WUTA-FSD/ros2_ws/install/autoware_msgs/include/autoware_msgs/autoware_msgs/msg/detail/lane__builder.hpp\n'}
[0.626775] (autoware_msgs) StdoutLine: {'line': b'-- Up-to-date symlink: /home/starry1n/WUTA/WUTA-FSD/ros2_ws/install/autoware_msgs/include/autoware_msgs/autoware_msgs/msg/detail/lane__struct.hpp\n'}
[0.626798] (autoware_msgs) StdoutLine: {'line': b'-- Up-to-date symlink: /home/starry1n/WUTA/WUTA-FSD/ros2_ws/install/autoware_msgs/include/autoware_msgs/autoware_msgs/msg/detail/lane__traits.hpp\n'}
[0.626821] (autoware_msgs) StdoutLine: {'line': b'-- Up-to-date symlink: /home/starry1n/WUTA/WUTA-FSD/ros2_ws/install/autoware_msgs/include/autoware_msgs/autoware_msgs/msg/detail/lane__type_support.hpp\n'}
[0.626845] (autoware_msgs) StdoutLine: {'line': b'-- Up-to-date symlink: /home/starry1n/WUTA/WUTA-FSD/ros2_ws/install/autoware_msgs/include/autoware_msgs/autoware_msgs/msg/detail/waypoint__builder.hpp\n'}
[0.626869] (autoware_msgs) StdoutLine: {'line': b'-- Up-to-date symlink: /home/starry1n/WUTA/WUTA-FSD/ros2_ws/install/autoware_msgs/include/autoware_msgs/autoware_msgs/msg/detail/waypoint__struct.hpp\n'}
[0.626892] (autoware_msgs) StdoutLine: {'line': b'-- Up-to-date symlink: /home/starry1n/WUTA/WUTA-FSD/ros2_ws/install/autoware_msgs/include/autoware_msgs/autoware_msgs/msg/detail/waypoint__traits.hpp\n'}
[0.626917] (autoware_msgs) StdoutLine: {'line': b'-- Up-to-date symlink: /home/starry1n/WUTA/WUTA-FSD/ros2_ws/install/autoware_msgs/include/autoware_msgs/autoware_msgs/msg/detail/waypoint__type_support.hpp\n'}
[0.626948] (autoware_msgs) StdoutLine: {'line': b'-- Up-to-date symlink: /home/starry1n/WUTA/WUTA-FSD/ros2_ws/install/autoware_msgs/include/autoware_msgs/autoware_msgs/msg/lane.hpp\n'}
[0.626974] (autoware_msgs) StdoutLine: {'line': b'-- Up-to-date symlink: /home/starry1n/WUTA/WUTA-FSD/ros2_ws/install/autoware_msgs/include/autoware_msgs/autoware_msgs/msg/rosidl_generator_cpp__visibility_control.hpp\n'}
[0.626998] (autoware_msgs) StdoutLine: {'line': b'-- Up-to-date symlink: /home/starry1n/WUTA/WUTA-FSD/ros2_ws/install/autoware_msgs/include/autoware_msgs/autoware_msgs/msg/waypoint.hpp\n'}
[0.627022] (autoware_msgs) StdoutLine: {'line': b'-- Up-to-date symlink: /home/starry1n/WUTA/WUTA-FSD/ros2_ws/install/autoware_msgs/include/autoware_msgs/autoware_msgs/msg/detail/command__rosidl_typesupport_fastrtps_cpp.hpp\n'}
[0.627045] (autoware_msgs) StdoutLine: {'line': b'-- Up-to-date symlink: /home/starry1n/WUTA/WUTA-FSD/ros2_ws/install/autoware_msgs/include/autoware_msgs/autoware_msgs/msg/detail/lane__rosidl_typesupport_fastrtps_cpp.hpp\n'}
[0.627070] (autoware_msgs) StdoutLine: {'line': b'-- Up-to-date symlink: /home/starry1n/WUTA/WUTA-FSD/ros2_ws/install/autoware_msgs/include/autoware_msgs/autoware_msgs/msg/detail/waypoint__rosidl_typesupport_fastrtps_cpp.hpp\n'}
[0.627093] (autoware_msgs) StdoutLine: {'line': b'-- Up-to-date symlink: /home/starry1n/WUTA/WUTA-FSD/ros2_ws/install/autoware_msgs/include/autoware_msgs/autoware_msgs/msg/rosidl_typesupport_fastrtps_cpp__visibility_control.h\n'}
[0.627115] (autoware_msgs) StdoutLine: {'line': b'-- Up-to-date symlink: /home/starry1n/WUTA/WUTA-FSD/ros2_ws/install/autoware_msgs/include/autoware_msgs/autoware_msgs/msg/detail/command__rosidl_typesupport_introspection_cpp.hpp\n'}
[0.627142] (autoware_msgs) StdoutLine: {'line': b'-- Up-to-date symlink: /home/starry1n/WUTA/WUTA-FSD/ros2_ws/install/autoware_msgs/include/autoware_msgs/autoware_msgs/msg/detail/lane__rosidl_typesupport_introspection_cpp.hpp\n'}
[0.627164] (autoware_msgs) StdoutLine: {'line': b'-- Up-to-date symlink: /home/starry1n/WUTA/WUTA-FSD/ros2_ws/install/autoware_msgs/include/autoware_msgs/autoware_msgs/msg/detail/waypoint__rosidl_typesupport_introspection_cpp.hpp\n'}
[0.627186] (autoware_msgs) StdoutLine: {'line': b'-- Up-to-date symlink: /home/starry1n/WUTA/WUTA-FSD/ros2_ws/install/autoware_msgs/share/autoware_msgs/environment/pythonpath.sh\n'}
[0.627209] (autoware_msgs) StdoutLine: {'line': b'-- Up-to-date symlink: /home/starry1n/WUTA/WUTA-FSD/ros2_ws/install/autoware_msgs/share/autoware_msgs/environment/pythonpath.dsv\n'}
[0.627232] (autoware_msgs) StdoutLine: {'line': b'-- Up-to-date symlink: /home/starry1n/WUTA/WUTA-FSD/ros2_ws/install/autoware_msgs/local/lib/python3.10/dist-packages/autoware_msgs-0.1.0-py3.10.egg-info/PKG-INFO\n'}
[0.627255] (autoware_msgs) StdoutLine: {'line': b'-- Up-to-date symlink: /home/starry1n/WUTA/WUTA-FSD/ros2_ws/install/autoware_msgs/local/lib/python3.10/dist-packages/autoware_msgs-0.1.0-py3.10.egg-info/SOURCES.txt\n'}
[0.627278] (autoware_msgs) StdoutLine: {'line': b'-- Up-to-date symlink: /home/starry1n/WUTA/WUTA-FSD/ros2_ws/install/autoware_msgs/local/lib/python3.10/dist-packages/autoware_msgs-0.1.0-py3.10.egg-info/dependency_links.txt\n'}
[0.627301] (autoware_msgs) StdoutLine: {'line': b'-- Up-to-date symlink: /home/starry1n/WUTA/WUTA-FSD/ros2_ws/install/autoware_msgs/local/lib/python3.10/dist-packages/autoware_msgs-0.1.0-py3.10.egg-info/top_level.txt\n'}
[0.627323] (autoware_msgs) StdoutLine: {'line': b'-- Up-to-date symlink: /home/starry1n/WUTA/WUTA-FSD/ros2_ws/install/autoware_msgs/local/lib/python3.10/dist-packages/autoware_msgs/__init__.py\n'}
[0.627345] (autoware_msgs) StdoutLine: {'line': b'-- Up-to-date symlink: /home/starry1n/WUTA/WUTA-FSD/ros2_ws/install/autoware_msgs/local/lib/python3.10/dist-packages/autoware_msgs/_autoware_msgs_s.ep.rosidl_typesupport_c.c\n'}
[0.627367] (autoware_msgs) StdoutLine: {'line': b'-- Up-to-date symlink: /home/starry1n/WUTA/WUTA-FSD/ros2_ws/install/autoware_msgs/local/lib/python3.10/dist-packages/autoware_msgs/_autoware_msgs_s.ep.rosidl_typesupport_fastrtps_c.c\n'}
[0.627394] (autoware_msgs) StdoutLine: {'line': b'-- Up-to-date symlink: /home/starry1n/WUTA/WUTA-FSD/ros2_ws/install/autoware_msgs/local/lib/python3.10/dist-packages/autoware_msgs/_autoware_msgs_s.ep.rosidl_typesupport_introspection_c.c\n'}
[0.627418] (autoware_msgs) StdoutLine: {'line': b'-- Up-to-date symlink: /home/starry1n/WUTA/WUTA-FSD/ros2_ws/install/autoware_msgs/local/lib/python3.10/dist-packages/autoware_msgs/autoware_msgs_s__rosidl_typesupport_c.cpython-310-x86_64-linux-gnu.so\n'}
[0.627441] (autoware_msgs) StdoutLine: {'line': b'-- Up-to-date symlink: /home/starry1n/WUTA/WUTA-FSD/ros2_ws/install/autoware_msgs/local/lib/python3.10/dist-packages/autoware_msgs/autoware_msgs_s__rosidl_typesupport_fastrtps_c.cpython-310-x86_64-linux-gnu.so\n'}
[0.627468] (autoware_msgs) StdoutLine: {'line': b'-- Up-to-date symlink: /home/starry1n/WUTA/WUTA-FSD/ros2_ws/install/autoware_msgs/local/lib/python3.10/dist-packages/autoware_msgs/autoware_msgs_s__rosidl_typesupport_introspection_c.cpython-310-x86_64-linux-gnu.so\n'}
[0.627495] (autoware_msgs) StdoutLine: {'line': b'-- Up-to-date symlink: /home/starry1n/WUTA/WUTA-FSD/ros2_ws/install/autoware_msgs/local/lib/python3.10/dist-packages/autoware_msgs/libautoware_msgs__rosidl_generator_py.so\n'}
[0.627518] (autoware_msgs) StdoutLine: {'line': b'-- Up-to-date symlink: /home/starry1n/WUTA/WUTA-FSD/ros2_ws/install/autoware_msgs/local/lib/python3.10/dist-packages/autoware_msgs/msg/__init__.py\n'}
[0.627540] (autoware_msgs) StdoutLine: {'line': b'-- Up-to-date symlink: /home/starry1n/WUTA/WUTA-FSD/ros2_ws/install/autoware_msgs/local/lib/python3.10/dist-packages/autoware_msgs/msg/_command.py\n'}
[0.627563] (autoware_msgs) StdoutLine: {'line': b'-- Up-to-date symlink: /home/starry1n/WUTA/WUTA-FSD/ros2_ws/install/autoware_msgs/local/lib/python3.10/dist-packages/autoware_msgs/msg/_command_s.c\n'}
[0.627584] (autoware_msgs) StdoutLine: {'line': b'-- Up-to-date symlink: /home/starry1n/WUTA/WUTA-FSD/ros2_ws/install/autoware_msgs/local/lib/python3.10/dist-packages/autoware_msgs/msg/_lane.py\n'}
[0.627606] (autoware_msgs) StdoutLine: {'line': b'-- Up-to-date symlink: /home/starry1n/WUTA/WUTA-FSD/ros2_ws/install/autoware_msgs/local/lib/python3.10/dist-packages/autoware_msgs/msg/_lane_s.c\n'}
[0.627627] (autoware_msgs) StdoutLine: {'line': b'-- Up-to-date symlink: /home/starry1n/WUTA/WUTA-FSD/ros2_ws/install/autoware_msgs/local/lib/python3.10/dist-packages/autoware_msgs/msg/_waypoint.py\n'}
[0.627648] (autoware_msgs) StdoutLine: {'line': b'-- Up-to-date symlink: /home/starry1n/WUTA/WUTA-FSD/ros2_ws/install/autoware_msgs/local/lib/python3.10/dist-packages/autoware_msgs/msg/_waypoint_s.c\n'}
[0.627670] (autoware_msgs) StdoutLine: {'line': b'-- Up-to-date symlink: /home/starry1n/WUTA/WUTA-FSD/ros2_ws/install/autoware_msgs/local/lib/python3.10/dist-packages/autoware_msgs/autoware_msgs_s__rosidl_typesupport_fastrtps_c.cpython-310-x86_64-linux-gnu.so\n'}
[0.629653] (autoware_msgs) StdoutLine: {'line': b'-- Up-to-date symlink: /home/starry1n/WUTA/WUTA-FSD/ros2_ws/install/autoware_msgs/local/lib/python3.10/dist-packages/autoware_msgs/autoware_msgs_s__rosidl_typesupport_introspection_c.cpython-310-x86_64-linux-gnu.so\n'}
[0.629857] (autoware_msgs) StdoutLine: {'line': b'-- Up-to-date symlink: /home/starry1n/WUTA/WUTA-FSD/ros2_ws/install/autoware_msgs/local/lib/python3.10/dist-packages/autoware_msgs/autoware_msgs_s__rosidl_typesupport_c.cpython-310-x86_64-linux-gnu.so\n'}
[0.630820] (autoware_msgs) StdoutLine: {'line': b'-- Up-to-date symlink: /home/starry1n/WUTA/WUTA-FSD/ros2_ws/install/autoware_msgs/share/ament_index/resource_index/rust_packages/autoware_msgs\n'}
[0.630866] (autoware_msgs) StdoutLine: {'line': b'-- Up-to-date symlink: /home/starry1n/WUTA/WUTA-FSD/ros2_ws/install/autoware_msgs/share/autoware_msgs/rust/Cargo.toml\n'}
[0.630965] (autoware_msgs) StdoutLine: {'line': b'-- Up-to-date symlink: /home/starry1n/WUTA/WUTA-FSD/ros2_ws/install/autoware_msgs/share/autoware_msgs/rust/build.rs\n'}
[0.631133] (autoware_msgs) StdoutLine: {'line': b'-- Up-to-date symlink: /home/starry1n/WUTA/WUTA-FSD/ros2_ws/install/autoware_msgs/share/autoware_msgs/rust/src/lib.rs\n'}
[0.631232] (autoware_msgs) StdoutLine: {'line': b'-- Up-to-date symlink: /home/starry1n/WUTA/WUTA-FSD/ros2_ws/install/autoware_msgs/share/autoware_msgs/rust/src/msg.rs\n'}
[0.631268] (autoware_msgs) StdoutLine: {'line': b'-- Up-to-date symlink: /home/starry1n/WUTA/WUTA-FSD/ros2_ws/install/autoware_msgs/share/autoware_msgs/rust/src/msg/rmw.rs\n'}
[0.631295] (autoware_msgs) StdoutLine: {'line': b'-- Up-to-date symlink: /home/starry1n/WUTA/WUTA-FSD/ros2_ws/install/autoware_msgs/share/autoware_msgs/msg/Waypoint.idl\n'}
[0.631322] (autoware_msgs) StdoutLine: {'line': b'-- Up-to-date symlink: /home/starry1n/WUTA/WUTA-FSD/ros2_ws/install/autoware_msgs/share/autoware_msgs/msg/Lane.idl\n'}
[0.631349] (autoware_msgs) StdoutLine: {'line': b'-- Up-to-date symlink: /home/starry1n/WUTA/WUTA-FSD/ros2_ws/install/autoware_msgs/share/autoware_msgs/msg/Command.idl\n'}
[0.631466] (autoware_msgs) StdoutLine: {'line': b'-- Up-to-date symlink: /home/starry1n/WUTA/WUTA-FSD/ros2_ws/install/autoware_msgs/share/autoware_msgs/msg/Waypoint.msg\n'}
[0.632448] (autoware_msgs) StdoutLine: {'line': b'-- Up-to-date symlink: /home/starry1n/WUTA/WUTA-FSD/ros2_ws/install/autoware_msgs/share/autoware_msgs/msg/Lane.msg\n'}
[0.632500] (autoware_msgs) StdoutLine: {'line': b'-- Up-to-date symlink: /home/starry1n/WUTA/WUTA-FSD/ros2_ws/install/autoware_msgs/share/autoware_msgs/msg/Command.msg\n'}
[0.632532] (autoware_msgs) StdoutLine: {'line': b'-- Up-to-date symlink: /home/starry1n/WUTA/WUTA-FSD/ros2_ws/install/autoware_msgs/share/ament_index/resource_index/package_run_dependencies/autoware_msgs\n'}
[0.632560] (autoware_msgs) StdoutLine: {'line': b'-- Up-to-date symlink: /home/starry1n/WUTA/WUTA-FSD/ros2_ws/install/autoware_msgs/share/ament_index/resource_index/parent_prefix_path/autoware_msgs\n'}
[0.632587] (autoware_msgs) StdoutLine: {'line': b'-- Up-to-date symlink: /home/starry1n/WUTA/WUTA-FSD/ros2_ws/install/autoware_msgs/share/autoware_msgs/environment/ament_prefix_path.sh\n'}
[0.632613] (autoware_msgs) StdoutLine: {'line': b'-- Up-to-date symlink: /home/starry1n/WUTA/WUTA-FSD/ros2_ws/install/autoware_msgs/share/autoware_msgs/environment/ament_prefix_path.dsv\n'}
[0.632638] (autoware_msgs) StdoutLine: {'line': b'-- Up-to-date symlink: /home/starry1n/WUTA/WUTA-FSD/ros2_ws/install/autoware_msgs/share/autoware_msgs/environment/path.sh\n'}
[0.632670] (autoware_msgs) StdoutLine: {'line': b'-- Up-to-date symlink: /home/starry1n/WUTA/WUTA-FSD/ros2_ws/install/autoware_msgs/share/autoware_msgs/environment/path.dsv\n'}
[0.632740] (autoware_msgs) StdoutLine: {'line': b'-- Up-to-date symlink: /home/starry1n/WUTA/WUTA-FSD/ros2_ws/install/autoware_msgs/share/autoware_msgs/local_setup.bash\n'}
[0.632835] (autoware_msgs) StdoutLine: {'line': b'-- Up-to-date symlink: /home/starry1n/WUTA/WUTA-FSD/ros2_ws/install/autoware_msgs/share/autoware_msgs/local_setup.sh\n'}
[0.632866] (autoware_msgs) StdoutLine: {'line': b'-- Up-to-date symlink: /home/starry1n/WUTA/WUTA-FSD/ros2_ws/install/autoware_msgs/share/autoware_msgs/local_setup.zsh\n'}
[0.632892] (autoware_msgs) StdoutLine: {'line': b'-- Up-to-date symlink: /home/starry1n/WUTA/WUTA-FSD/ros2_ws/install/autoware_msgs/share/autoware_msgs/local_setup.dsv\n'}
[0.632917] (autoware_msgs) StdoutLine: {'line': b'-- Symlinking: /home/starry1n/WUTA/WUTA-FSD/ros2_ws/install/autoware_msgs/share/autoware_msgs/package.dsv\n'}
[0.632943] (robot_localization) StdoutLine: {'line': b'-- Install configuration: "RelWithDebInfo"\n'}
[0.632975] (robot_localization) StdoutLine: {'line': b'-- Execute custom install script\n'}
[0.633003] (robot_localization) StdoutLine: {'line': b'-- Up-to-date symlink: /home/starry1n/WUTA/WUTA-FSD/ros2_ws/install/robot_localization/share/ament_index/resource_index/rosidl_interfaces/robot_localization\n'}
[0.633028] (robot_localization) StdoutLine: {'line': b'-- Up-to-date symlink: /home/starry1n/WUTA/WUTA-FSD/ros2_ws/install/robot_localization/include/robot_localization/robot_localization/msg/rosidl_generator_c__visibility_control.h\n'}
[0.633060] (robot_localization) StdoutLine: {'line': b'-- Up-to-date symlink: /home/starry1n/WUTA/WUTA-FSD/ros2_ws/install/robot_localization/include/robot_localization/robot_localization/srv/detail/from_ll__functions.h\n'}
[0.633085] (robot_localization) StdoutLine: {'line': b'-- Up-to-date symlink: /home/starry1n/WUTA/WUTA-FSD/ros2_ws/install/robot_localization/include/robot_localization/robot_localization/srv/detail/from_ll__struct.h\n'}
[0.633110] (robot_localization) StdoutLine: {'line': b'-- Up-to-date symlink: /home/starry1n/WUTA/WUTA-FSD/ros2_ws/install/robot_localization/include/robot_localization/robot_localization/srv/detail/from_ll__type_support.h\n'}
[0.633142] (robot_localization) StdoutLine: {'line': b'-- Up-to-date symlink: /home/starry1n/WUTA/WUTA-FSD/ros2_ws/install/robot_localization/include/robot_localization/robot_localization/srv/detail/get_state__functions.h\n'}
[0.633168] (robot_localization) StdoutLine: {'line': b'-- Up-to-date symlink: /home/starry1n/WUTA/WUTA-FSD/ros2_ws/install/robot_localization/include/robot_localization/robot_localization/srv/detail/get_state__struct.h\n'}
[0.633193] (robot_localization) StdoutLine: {'line': b'-- Up-to-date symlink: /home/starry1n/WUTA/WUTA-FSD/ros2_ws/install/robot_localization/include/robot_localization/robot_localization/srv/detail/get_state__type_support.h\n'}
[0.633216] (robot_localization) StdoutLine: {'line': b'-- Up-to-date symlink: /home/starry1n/WUTA/WUTA-FSD/ros2_ws/install/robot_localization/include/robot_localization/robot_localization/srv/detail/set_datum__functions.h\n'}
[0.633240] (robot_localization) StdoutLine: {'line': b'-- Up-to-date symlink: /home/starry1n/WUTA/WUTA-FSD/ros2_ws/install/robot_localization/include/robot_localization/robot_localization/srv/detail/set_datum__struct.h\n'}
[0.633264] (robot_localization) StdoutLine: {'line': b'-- Up-to-date symlink: /home/starry1n/WUTA/WUTA-FSD/ros2_ws/install/robot_localization/include/robot_localization/robot_localization/srv/detail/set_datum__type_support.h\n'}
[0.633287] (robot_localization) StdoutLine: {'line': b'-- Up-to-date symlink: /home/starry1n/WUTA/WUTA-FSD/ros2_ws/install/robot_localization/include/robot_localization/robot_localization/srv/detail/set_pose__functions.h\n'}
[0.633320] (robot_localization) StdoutLine: {'line': b'-- Up-to-date symlink: /home/starry1n/WUTA/WUTA-FSD/ros2_ws/install/robot_localization/include/robot_localization/robot_localization/srv/detail/set_pose__struct.h\n'}
[0.633343] (robot_localization) StdoutLine: {'line': b'-- Up-to-date symlink: /home/starry1n/WUTA/WUTA-FSD/ros2_ws/install/robot_localization/include/robot_localization/robot_localization/srv/detail/set_pose__type_support.h\n'}
[0.633366] (robot_localization) StdoutLine: {'line': b'-- Up-to-date symlink: /home/starry1n/WUTA/WUTA-FSD/ros2_ws/install/robot_localization/include/robot_localization/robot_localization/srv/detail/to_ll__functions.h\n'}
[0.633389] (robot_localization) StdoutLine: {'line': b'-- Up-to-date symlink: /home/starry1n/WUTA/WUTA-FSD/ros2_ws/install/robot_localization/include/robot_localization/robot_localization/srv/detail/to_ll__struct.h\n'}
[0.633413] (robot_localization) StdoutLine: {'line': b'-- Up-to-date symlink: /home/starry1n/WUTA/WUTA-FSD/ros2_ws/install/robot_localization/include/robot_localization/robot_localization/srv/detail/to_ll__type_support.h\n'}
[0.633436] (robot_localization) StdoutLine: {'line': b'-- Up-to-date symlink: /home/starry1n/WUTA/WUTA-FSD/ros2_ws/install/robot_localization/include/robot_localization/robot_localization/srv/detail/toggle_filter_processing__functions.h\n'}
[0.633458] (robot_localization) StdoutLine: {'line': b'-- Up-to-date symlink: /home/starry1n/WUTA/WUTA-FSD/ros2_ws/install/robot_localization/include/robot_localization/robot_localization/srv/detail/toggle_filter_processing__struct.h\n'}
[0.633480] (robot_localization) StdoutLine: {'line': b'-- Up-to-date symlink: /home/starry1n/WUTA/WUTA-FSD/ros2_ws/install/robot_localization/include/robot_localization/robot_localization/srv/detail/toggle_filter_processing__type_support.h\n'}
[0.633507] (robot_localization) StdoutLine: {'line': b'-- Up-to-date symlink: /home/starry1n/WUTA/WUTA-FSD/ros2_ws/install/robot_localization/include/robot_localization/robot_localization/srv/from_ll.h\n'}
[0.633530] (robot_localization) StdoutLine: {'line': b'-- Up-to-date symlink: /home/starry1n/WUTA/WUTA-FSD/ros2_ws/install/robot_localization/include/robot_localization/robot_localization/srv/get_state.h\n'}
[0.633553] (robot_localization) StdoutLine: {'line': b'-- Up-to-date symlink: /home/starry1n/WUTA/WUTA-FSD/ros2_ws/install/robot_localization/include/robot_localization/robot_localization/srv/set_datum.h\n'}
[0.633575] (robot_localization) StdoutLine: {'line': b'-- Up-to-date symlink: /home/starry1n/WUTA/WUTA-FSD/ros2_ws/install/robot_localization/include/robot_localization/robot_localization/srv/set_pose.h\n'}
[0.633598] (robot_localization) StdoutLine: {'line': b'-- Up-to-date symlink: /home/starry1n/WUTA/WUTA-FSD/ros2_ws/install/robot_localization/include/robot_localization/robot_localization/srv/to_ll.h\n'}
[0.633620] (robot_localization) StdoutLine: {'line': b'-- Up-to-date symlink: /home/starry1n/WUTA/WUTA-FSD/ros2_ws/install/robot_localization/include/robot_localization/robot_localization/srv/toggle_filter_processing.h\n'}
[0.633642] (robot_localization) StdoutLine: {'line': b'-- Up-to-date symlink: /home/starry1n/WUTA/WUTA-FSD/ros2_ws/install/robot_localization/share/robot_localization/environment/library_path.sh\n'}
[0.633666] (robot_localization) StdoutLine: {'line': b'-- Up-to-date symlink: /home/starry1n/WUTA/WUTA-FSD/ros2_ws/install/robot_localization/share/robot_localization/environment/library_path.dsv\n'}
[0.633700] (robot_localization) StdoutLine: {'line': b'-- Up-to-date symlink: /home/starry1n/WUTA/WUTA-FSD/ros2_ws/install/robot_localization/include/robot_localization/robot_localization/msg/rosidl_typesupport_fastrtps_c__visibility_control.h\n'}
[0.633730] (robot_localization) StdoutLine: {'line': b'-- Up-to-date symlink: /home/starry1n/WUTA/WUTA-FSD/ros2_ws/install/robot_localization/include/robot_localization/robot_localization/srv/detail/from_ll__rosidl_typesupport_fastrtps_c.h\n'}
[0.633754] (robot_localization) StdoutLine: {'line': b'-- Up-to-date symlink: /home/starry1n/WUTA/WUTA-FSD/ros2_ws/install/robot_localization/include/robot_localization/robot_localization/srv/detail/get_state__rosidl_typesupport_fastrtps_c.h\n'}
[0.633776] (robot_localization) StdoutLine: {'line': b'-- Up-to-date symlink: /home/starry1n/WUTA/WUTA-FSD/ros2_ws/install/robot_localization/include/robot_localization/robot_localization/srv/detail/set_datum__rosidl_typesupport_fastrtps_c.h\n'}
[0.633799] (robot_localization) StdoutLine: {'line': b'-- Up-to-date symlink: /home/starry1n/WUTA/WUTA-FSD/ros2_ws/install/robot_localization/include/robot_localization/robot_localization/srv/detail/set_pose__rosidl_typesupport_fastrtps_c.h\n'}
[0.633821] (robot_localization) StdoutLine: {'line': b'-- Up-to-date symlink: /home/starry1n/WUTA/WUTA-FSD/ros2_ws/install/robot_localization/include/robot_localization/robot_localization/srv/detail/to_ll__rosidl_typesupport_fastrtps_c.h\n'}
[0.633843] (robot_localization) StdoutLine: {'line': b'-- Up-to-date symlink: /home/starry1n/WUTA/WUTA-FSD/ros2_ws/install/robot_localization/include/robot_localization/robot_localization/srv/detail/toggle_filter_processing__rosidl_typesupport_fastrtps_c.h\n'}
[0.633866] (robot_localization) StdoutLine: {'line': b'-- Up-to-date symlink: /home/starry1n/WUTA/WUTA-FSD/ros2_ws/install/robot_localization/include/robot_localization/robot_localization/msg/rosidl_generator_cpp__visibility_control.hpp\n'}
[0.633894] (robot_localization) StdoutLine: {'line': b'-- Up-to-date symlink: /home/starry1n/WUTA/WUTA-FSD/ros2_ws/install/robot_localization/include/robot_localization/robot_localization/srv/detail/from_ll__builder.hpp\n'}
[0.633918] (robot_localization) StdoutLine: {'line': b'-- Up-to-date symlink: /home/starry1n/WUTA/WUTA-FSD/ros2_ws/install/robot_localization/include/robot_localization/robot_localization/srv/detail/from_ll__struct.hpp\n'}
[0.633943] (robot_localization) StdoutLine: {'line': b'-- Up-to-date symlink: /home/starry1n/WUTA/WUTA-FSD/ros2_ws/install/robot_localization/include/robot_localization/robot_localization/srv/detail/from_ll__traits.hpp\n'}
[0.633966] (robot_localization) StdoutLine: {'line': b'-- Up-to-date symlink: /home/starry1n/WUTA/WUTA-FSD/ros2_ws/install/robot_localization/include/robot_localization/robot_localization/srv/detail/from_ll__type_support.hpp\n'}
[0.633988] (robot_localization) StdoutLine: {'line': b'-- Up-to-date symlink: /home/starry1n/WUTA/WUTA-FSD/ros2_ws/install/robot_localization/include/robot_localization/robot_localization/srv/detail/get_state__builder.hpp\n'}
[0.634008] (robot_localization) StdoutLine: {'line': b'-- Up-to-date symlink: /home/starry1n/WUTA/WUTA-FSD/ros2_ws/install/robot_localization/include/robot_localization/robot_localization/srv/detail/get_state__struct.hpp\n'}
[0.634030] (robot_localization) StdoutLine: {'line': b'-- Up-to-date symlink: /home/starry1n/WUTA/WUTA-FSD/ros2_ws/install/robot_localization/include/robot_localization/robot_localization/srv/detail/get_state__traits.hpp\n'}
[0.634052] (robot_localization) StdoutLine: {'line': b'-- Up-to-date symlink: /home/starry1n/WUTA/WUTA-FSD/ros2_ws/install/robot_localization/include/robot_localization/robot_localization/srv/detail/get_state__type_support.hpp\n'}
[0.634074] (robot_localization) StdoutLine: {'line': b'-- Up-to-date symlink: /home/starry1n/WUTA/WUTA-FSD/ros2_ws/install/robot_localization/include/robot_localization/robot_localization/srv/detail/set_datum__builder.hpp\n'}
[0.634096] (robot_localization) StdoutLine: {'line': b'-- Up-to-date symlink: /home/starry1n/WUTA/WUTA-FSD/ros2_ws/install/robot_localization/include/robot_localization/robot_localization/srv/detail/set_datum__struct.hpp\n'}
[0.635816] (robot_localization) StdoutLine: {'line': b'-- Up-to-date symlink: /home/starry1n/WUTA/WUTA-FSD/ros2_ws/install/robot_localization/include/robot_localization/robot_localization/srv/detail/set_datum__traits.hpp\n'}
[0.636658] (robot_localization) StdoutLine: {'line': b'-- Up-to-date symlink: /home/starry1n/WUTA/WUTA-FSD/ros2_ws/install/robot_localization/include/robot_localization/robot_localization/srv/detail/set_datum__type_support.hpp\n'}
[0.636954] (robot_localization) StdoutLine: {'line': b'-- Up-to-date symlink: /home/starry1n/WUTA/WUTA-FSD/ros2_ws/install/robot_localization/include/robot_localization/robot_localization/srv/detail/set_pose__builder.hpp\n'}
[0.637012] (robot_localization) StdoutLine: {'line': b'-- Up-to-date symlink: /home/starry1n/WUTA/WUTA-FSD/ros2_ws/install/robot_localization/include/robot_localization/robot_localization/srv/detail/set_pose__struct.hpp\n'}
[0.637054] (robot_localization) StdoutLine: {'line': b'-- Up-to-date symlink: /home/starry1n/WUTA/WUTA-FSD/ros2_ws/install/robot_localization/include/robot_localization/robot_localization/srv/detail/set_pose__traits.hpp\n'}
[0.637093] (robot_localization) StdoutLine: {'line': b'-- Up-to-date symlink: /home/starry1n/WUTA/WUTA-FSD/ros2_ws/install/robot_localization/include/robot_localization/robot_localization/srv/detail/set_pose__type_support.hpp\n'}
[0.637151] (robot_localization) StdoutLine: {'line': b'-- Up-to-date symlink: /home/starry1n/WUTA/WUTA-FSD/ros2_ws/install/robot_localization/include/robot_localization/robot_localization/srv/detail/to_ll__builder.hpp\n'}
[0.637192] (robot_localization) StdoutLine: {'line': b'-- Up-to-date symlink: /home/starry1n/WUTA/WUTA-FSD/ros2_ws/install/robot_localization/include/robot_localization/robot_localization/srv/detail/to_ll__struct.hpp\n'}
[0.637231] (robot_localization) StdoutLine: {'line': b'-- Up-to-date symlink: /home/starry1n/WUTA/WUTA-FSD/ros2_ws/install/robot_localization/include/robot_localization/robot_localization/srv/detail/to_ll__traits.hpp\n'}
[0.637270] (robot_localization) StdoutLine: {'line': b'-- Up-to-date symlink: /home/starry1n/WUTA/WUTA-FSD/ros2_ws/install/robot_localization/include/robot_localization/robot_localization/srv/detail/to_ll__type_support.hpp\n'}
[0.637313] (robot_localization) StdoutLine: {'line': b'-- Up-to-date symlink: /home/starry1n/WUTA/WUTA-FSD/ros2_ws/install/robot_localization/include/robot_localization/robot_localization/srv/detail/toggle_filter_processing__builder.hpp\n'}
[0.637351] (robot_localization) StdoutLine: {'line': b'-- Up-to-date symlink: /home/starry1n/WUTA/WUTA-FSD/ros2_ws/install/robot_localization/include/robot_localization/robot_localization/srv/detail/toggle_filter_processing__struct.hpp\n'}
[0.637387] (robot_localization) StdoutLine: {'line': b'-- Up-to-date symlink: /home/starry1n/WUTA/WUTA-FSD/ros2_ws/install/robot_localization/include/robot_localization/robot_localization/srv/detail/toggle_filter_processing__traits.hpp\n'}
[0.637426] (robot_localization) StdoutLine: {'line': b'-- Up-to-date symlink: /home/starry1n/WUTA/WUTA-FSD/ros2_ws/install/robot_localization/include/robot_localization/robot_localization/srv/detail/toggle_filter_processing__type_support.hpp\n'}
[0.637481] (robot_localization) StdoutLine: {'line': b'-- Up-to-date symlink: /home/starry1n/WUTA/WUTA-FSD/ros2_ws/install/robot_localization/include/robot_localization/robot_localization/srv/from_ll.hpp\n'}
[0.637528] (robot_localization) StdoutLine: {'line': b'-- Up-to-date symlink: /home/starry1n/WUTA/WUTA-FSD/ros2_ws/install/robot_localization/include/robot_localization/robot_localization/srv/get_state.hpp\n'}
[0.637591] (robot_localization) StdoutLine: {'line': b'-- Up-to-date symlink: /home/starry1n/WUTA/WUTA-FSD/ros2_ws/install/robot_localization/include/robot_localization/robot_localization/srv/set_datum.hpp\n'}
[0.637641] (robot_localization) StdoutLine: {'line': b'-- Up-to-date symlink: /home/starry1n/WUTA/WUTA-FSD/ros2_ws/install/robot_localization/include/robot_localization/robot_localization/srv/set_pose.hpp\n'}
[0.637712] (robot_localization) StdoutLine: {'line': b'-- Up-to-date symlink: /home/starry1n/WUTA/WUTA-FSD/ros2_ws/install/robot_localization/include/robot_localization/robot_localization/srv/to_ll.hpp\n'}
[0.637767] (robot_localization) StdoutLine: {'line': b'-- Up-to-date symlink: /home/starry1n/WUTA/WUTA-FSD/ros2_ws/install/robot_localization/include/robot_localization/robot_localization/srv/toggle_filter_processing.hpp\n'}
[0.637810] (robot_localization) StdoutLine: {'line': b'-- Up-to-date symlink: /home/starry1n/WUTA/WUTA-FSD/ros2_ws/install/robot_localization/include/robot_localization/robot_localization/msg/rosidl_typesupport_fastrtps_cpp__visibility_control.h\n'}
[0.637856] (robot_localization) StdoutLine: {'line': b'-- Up-to-date symlink: /home/starry1n/WUTA/WUTA-FSD/ros2_ws/install/robot_localization/include/robot_localization/robot_localization/srv/detail/from_ll__rosidl_typesupport_fastrtps_cpp.hpp\n'}
[0.637899] (robot_localization) StdoutLine: {'line': b'-- Up-to-date symlink: /home/starry1n/WUTA/WUTA-FSD/ros2_ws/install/robot_localization/include/robot_localization/robot_localization/srv/detail/get_state__rosidl_typesupport_fastrtps_cpp.hpp\n'}
[0.637945] (robot_localization) StdoutLine: {'line': b'-- Up-to-date symlink: /home/starry1n/WUTA/WUTA-FSD/ros2_ws/install/robot_localization/include/robot_localization/robot_localization/srv/detail/set_datum__rosidl_typesupport_fastrtps_cpp.hpp\n'}
[0.637992] (robot_localization) StdoutLine: {'line': b'-- Up-to-date symlink: /home/starry1n/WUTA/WUTA-FSD/ros2_ws/install/robot_localization/include/robot_localization/robot_localization/srv/detail/set_pose__rosidl_typesupport_fastrtps_cpp.hpp\n'}
[0.638042] (robot_localization) StdoutLine: {'line': b'-- Up-to-date symlink: /home/starry1n/WUTA/WUTA-FSD/ros2_ws/install/robot_localization/include/robot_localization/robot_localization/srv/detail/to_ll__rosidl_typesupport_fastrtps_cpp.hpp\n'}
[0.638089] (robot_localization) StdoutLine: {'line': b'-- Up-to-date symlink: /home/starry1n/WUTA/WUTA-FSD/ros2_ws/install/robot_localization/include/robot_localization/robot_localization/srv/detail/toggle_filter_processing__rosidl_typesupport_fastrtps_cpp.hpp\n'}
[0.638137] (robot_localization) StdoutLine: {'line': b'-- Up-to-date symlink: /home/starry1n/WUTA/WUTA-FSD/ros2_ws/install/robot_localization/include/robot_localization/robot_localization/msg/rosidl_typesupport_introspection_c__visibility_control.h\n'}
[0.638203] (robot_localization) StdoutLine: {'line': b'-- Up-to-date symlink: /home/starry1n/WUTA/WUTA-FSD/ros2_ws/install/robot_localization/include/robot_localization/robot_localization/srv/detail/from_ll__rosidl_typesupport_introspection_c.h\n'}
[0.638249] (robot_localization) StdoutLine: {'line': b'-- Up-to-date symlink: /home/starry1n/WUTA/WUTA-FSD/ros2_ws/install/robot_localization/include/robot_localization/robot_localization/srv/detail/get_state__rosidl_typesupport_introspection_c.h\n'}
[0.638295] (robot_localization) StdoutLine: {'line': b'-- Up-to-date symlink: /home/starry1n/WUTA/WUTA-FSD/ros2_ws/install/robot_localization/include/robot_localization/robot_localization/srv/detail/set_datum__rosidl_typesupport_introspection_c.h\n'}
[0.638337] (robot_localization) StdoutLine: {'line': b'-- Up-to-date symlink: /home/starry1n/WUTA/WUTA-FSD/ros2_ws/install/robot_localization/include/robot_localization/robot_localization/srv/detail/set_pose__rosidl_typesupport_introspection_c.h\n'}
[0.638383] (robot_localization) StdoutLine: {'line': b'-- Up-to-date symlink: /home/starry1n/WUTA/WUTA-FSD/ros2_ws/install/robot_localization/include/robot_localization/robot_localization/srv/detail/to_ll__rosidl_typesupport_introspection_c.h\n'}
[0.638429] (robot_localization) StdoutLine: {'line': b'-- Up-to-date symlink: /home/starry1n/WUTA/WUTA-FSD/ros2_ws/install/robot_localization/include/robot_localization/robot_localization/srv/detail/toggle_filter_processing__rosidl_typesupport_introspection_c.h\n'}
[0.638472] (robot_localization) StdoutLine: {'line': b'-- Up-to-date symlink: /home/starry1n/WUTA/WUTA-FSD/ros2_ws/install/robot_localization/include/robot_localization/robot_localization/srv/detail/from_ll__rosidl_typesupport_introspection_cpp.hpp\n'}
[0.638511] (robot_localization) StdoutLine: {'line': b'-- Up-to-date symlink: /home/starry1n/WUTA/WUTA-FSD/ros2_ws/install/robot_localization/include/robot_localization/robot_localization/srv/detail/get_state__rosidl_typesupport_introspection_cpp.hpp\n'}
[0.638550] (robot_localization) StdoutLine: {'line': b'-- Up-to-date symlink: /home/starry1n/WUTA/WUTA-FSD/ros2_ws/install/robot_localization/include/robot_localization/robot_localization/srv/detail/set_datum__rosidl_typesupport_introspection_cpp.hpp\n'}
[0.638602] (robot_localization) StdoutLine: {'line': b'-- Up-to-date symlink: /home/starry1n/WUTA/WUTA-FSD/ros2_ws/install/robot_localization/include/robot_localization/robot_localization/srv/detail/set_pose__rosidl_typesupport_introspection_cpp.hpp\n'}
[0.638643] (robot_localization) StdoutLine: {'line': b'-- Up-to-date symlink: /home/starry1n/WUTA/WUTA-FSD/ros2_ws/install/robot_localization/include/robot_localization/robot_localization/srv/detail/to_ll__rosidl_typesupport_introspection_cpp.hpp\n'}
[0.638769] (robot_localization) StdoutLine: {'line': b'-- Up-to-date symlink: /home/starry1n/WUTA/WUTA-FSD/ros2_ws/install/robot_localization/include/robot_localization/robot_localization/srv/detail/toggle_filter_processing__rosidl_typesupport_introspection_cpp.hpp\n'}
[0.638898] (robot_localization) StdoutLine: {'line': b'-- Up-to-date symlink: /home/starry1n/WUTA/WUTA-FSD/ros2_ws/install/robot_localization/share/robot_localization/environment/pythonpath.sh\n'}
[0.638956] (robot_localization) StdoutLine: {'line': b'-- Up-to-date symlink: /home/starry1n/WUTA/WUTA-FSD/ros2_ws/install/robot_localization/share/robot_localization/environment/pythonpath.dsv\n'}
[0.641129] (robot_localization) StdoutLine: {'line': b'-- Up-to-date symlink: /home/starry1n/WUTA/WUTA-FSD/ros2_ws/install/robot_localization/local/lib/python3.10/dist-packages/robot_localization-3.5.4-py3.10.egg-info/PKG-INFO\n'}
[0.641893] (robot_localization) StdoutLine: {'line': b'-- Up-to-date symlink: /home/starry1n/WUTA/WUTA-FSD/ros2_ws/install/robot_localization/local/lib/python3.10/dist-packages/robot_localization-3.5.4-py3.10.egg-info/SOURCES.txt\n'}
[0.642037] (robot_localization) StdoutLine: {'line': b'-- Up-to-date symlink: /home/starry1n/WUTA/WUTA-FSD/ros2_ws/install/robot_localization/local/lib/python3.10/dist-packages/robot_localization-3.5.4-py3.10.egg-info/dependency_links.txt\n'}
[0.642081] (robot_localization) StdoutLine: {'line': b'-- Up-to-date symlink: /home/starry1n/WUTA/WUTA-FSD/ros2_ws/install/robot_localization/local/lib/python3.10/dist-packages/robot_localization-3.5.4-py3.10.egg-info/top_level.txt\n'}
[0.642122] (robot_localization) StdoutLine: {'line': b'-- Up-to-date symlink: /home/starry1n/WUTA/WUTA-FSD/ros2_ws/install/robot_localization/local/lib/python3.10/dist-packages/robot_localization/__init__.py\n'}
[0.642161] (robot_localization) StdoutLine: {'line': b'-- Up-to-date symlink: /home/starry1n/WUTA/WUTA-FSD/ros2_ws/install/robot_localization/local/lib/python3.10/dist-packages/robot_localization/_robot_localization_s.ep.rosidl_typesupport_c.c\n'}
[0.642200] (robot_localization) StdoutLine: {'line': b'-- Up-to-date symlink: /home/starry1n/WUTA/WUTA-FSD/ros2_ws/install/robot_localization/local/lib/python3.10/dist-packages/robot_localization/_robot_localization_s.ep.rosidl_typesupport_fastrtps_c.c\n'}
[0.642248] (robot_localization) StdoutLine: {'line': b'-- Up-to-date symlink: /home/starry1n/WUTA/WUTA-FSD/ros2_ws/install/robot_localization/local/lib/python3.10/dist-packages/robot_localization/_robot_localization_s.ep.rosidl_typesupport_introspection_c.c\n'}
[0.642290] (robot_localization) StdoutLine: {'line': b'-- Up-to-date symlink: /home/starry1n/WUTA/WUTA-FSD/ros2_ws/install/robot_localization/local/lib/python3.10/dist-packages/robot_localization/librobot_localization__rosidl_generator_py.so\n'}
[0.642330] (robot_localization) StdoutLine: {'line': b'-- Up-to-date symlink: /home/starry1n/WUTA/WUTA-FSD/ros2_ws/install/robot_localization/local/lib/python3.10/dist-packages/robot_localization/robot_localization_s__rosidl_typesupport_c.cpython-310-x86_64-linux-gnu.so\n'}
[0.642372] (robot_localization) StdoutLine: {'line': b'-- Up-to-date symlink: /home/starry1n/WUTA/WUTA-FSD/ros2_ws/install/robot_localization/local/lib/python3.10/dist-packages/robot_localization/robot_localization_s__rosidl_typesupport_fastrtps_c.cpython-310-x86_64-linux-gnu.so\n'}
[0.642416] (robot_localization) StdoutLine: {'line': b'-- Up-to-date symlink: /home/starry1n/WUTA/WUTA-FSD/ros2_ws/install/robot_localization/local/lib/python3.10/dist-packages/robot_localization/robot_localization_s__rosidl_typesupport_introspection_c.cpython-310-x86_64-linux-gnu.so\n'}
[0.642459] (robot_localization) StdoutLine: {'line': b'-- Up-to-date symlink: /home/starry1n/WUTA/WUTA-FSD/ros2_ws/install/robot_localization/local/lib/python3.10/dist-packages/robot_localization/srv/__init__.py\n'}
[0.642503] (robot_localization) StdoutLine: {'line': b'-- Up-to-date symlink: /home/starry1n/WUTA/WUTA-FSD/ros2_ws/install/robot_localization/local/lib/python3.10/dist-packages/robot_localization/srv/_from_ll.py\n'}
[0.642545] (robot_localization) StdoutLine: {'line': b'-- Up-to-date symlink: /home/starry1n/WUTA/WUTA-FSD/ros2_ws/install/robot_localization/local/lib/python3.10/dist-packages/robot_localization/srv/_from_ll_s.c\n'}
[0.642592] (robot_localization) StdoutLine: {'line': b'-- Up-to-date symlink: /home/starry1n/WUTA/WUTA-FSD/ros2_ws/install/robot_localization/local/lib/python3.10/dist-packages/robot_localization/srv/_get_state.py\n'}
[0.642639] (robot_localization) StdoutLine: {'line': b'-- Up-to-date symlink: /home/starry1n/WUTA/WUTA-FSD/ros2_ws/install/robot_localization/local/lib/python3.10/dist-packages/robot_localization/srv/_get_state_s.c\n'}
[0.642720] (robot_localization) StdoutLine: {'line': b'-- Up-to-date symlink: /home/starry1n/WUTA/WUTA-FSD/ros2_ws/install/robot_localization/local/lib/python3.10/dist-packages/robot_localization/srv/_set_datum.py\n'}
[0.642858] (robot_localization) StdoutLine: {'line': b'-- Up-to-date symlink: /home/starry1n/WUTA/WUTA-FSD/ros2_ws/install/robot_localization/local/lib/python3.10/dist-packages/robot_localization/srv/_set_datum_s.c\n'}
[0.642922] (robot_localization) StdoutLine: {'line': b'-- Up-to-date symlink: /home/starry1n/WUTA/WUTA-FSD/ros2_ws/install/robot_localization/local/lib/python3.10/dist-packages/robot_localization/srv/_set_pose.py\n'}
[0.642982] (robot_localization) StdoutLine: {'line': b'-- Up-to-date symlink: /home/starry1n/WUTA/WUTA-FSD/ros2_ws/install/robot_localization/local/lib/python3.10/dist-packages/robot_localization/srv/_set_pose_s.c\n'}
[0.643028] (robot_localization) StdoutLine: {'line': b'-- Up-to-date symlink: /home/starry1n/WUTA/WUTA-FSD/ros2_ws/install/robot_localization/local/lib/python3.10/dist-packages/robot_localization/srv/_to_ll.py\n'}
[0.643070] (robot_localization) StdoutLine: {'line': b'-- Up-to-date symlink: /home/starry1n/WUTA/WUTA-FSD/ros2_ws/install/robot_localization/local/lib/python3.10/dist-packages/robot_localization/srv/_to_ll_s.c\n'}
[0.643112] (robot_localization) StdoutLine: {'line': b'-- Up-to-date symlink: /home/starry1n/WUTA/WUTA-FSD/ros2_ws/install/robot_localization/local/lib/python3.10/dist-packages/robot_localization/srv/_toggle_filter_processing.py\n'}
[0.643157] (robot_localization) StdoutLine: {'line': b'-- Up-to-date symlink: /home/starry1n/WUTA/WUTA-FSD/ros2_ws/install/robot_localization/local/lib/python3.10/dist-packages/robot_localization/srv/_toggle_filter_processing_s.c\n'}
[0.643203] (robot_localization) StdoutLine: {'line': b'-- Up-to-date symlink: /home/starry1n/WUTA/WUTA-FSD/ros2_ws/install/robot_localization/local/lib/python3.10/dist-packages/robot_localization/robot_localization_s__rosidl_typesupport_fastrtps_c.cpython-310-x86_64-linux-gnu.so\n'}
[0.643251] (robot_localization) StdoutLine: {'line': b'-- Up-to-date symlink: /home/starry1n/WUTA/WUTA-FSD/ros2_ws/install/robot_localization/local/lib/python3.10/dist-packages/robot_localization/robot_localization_s__rosidl_typesupport_introspection_c.cpython-310-x86_64-linux-gnu.so\n'}
[0.643299] (robot_localization) StdoutLine: {'line': b'-- Up-to-date symlink: /home/starry1n/WUTA/WUTA-FSD/ros2_ws/install/robot_localization/local/lib/python3.10/dist-packages/robot_localization/robot_localization_s__rosidl_typesupport_c.cpython-310-x86_64-linux-gnu.so\n'}
[0.643350] (robot_localization) StdoutLine: {'line': b'-- Up-to-date symlink: /home/starry1n/WUTA/WUTA-FSD/ros2_ws/install/robot_localization/share/ament_index/resource_index/rust_packages/robot_localization\n'}
[0.643420] (lidar_detection) JobProgress: {'identifier': 'lidar_detection', 'progress': 'cmake'}
[0.643438] (lidar_detection) JobProgress: {'identifier': 'lidar_detection', 'progress': 'build'}
[0.643458] (lidar_detection) Command: {'cmd': ['/usr/bin/cmake', '--build', '/home/starry1n/WUTA/WUTA-FSD/ros2_ws/build/lidar_detection', '--', '-j8', '-l8'], 'cwd': '/home/starry1n/WUTA/WUTA-FSD/ros2_ws/build/lidar_detection', 'env': OrderedDict([('LESSOPEN', '| /usr/bin/lesspipe %s'), ('CODEX_CI', '1'), ('LANGUAGE', 'zh_CN:zh'), ('USER', 'starry1n'), ('XDG_SESSION_TYPE', 'wayland'), ('SHLVL', '2'), ('LD_LIBRARY_PATH', '/home/starry1n/WUTA/WUTA-FSD/ros2_ws/install/wuta_msgs/lib:/opt/ros/humble/opt/rviz_ogre_vendor/lib:/opt/ros/humble/lib/x86_64-linux-gnu:/opt/ros/humble/lib'), ('HOME', '/home/starry1n'), ('OLDPWD', '/home/starry1n/WUTA/WUTA-FSD'), ('DESKTOP_SESSION', 'ubuntu'), ('ROS_PYTHON_VERSION', '3'), ('GNOME_SHELL_SESSION_MODE', 'ubuntu'), ('GTK_MODULES', 'gail:atk-bridge'), ('PAGER', 'cat'), ('LC_CTYPE', 'C.UTF-8'), ('DBUS_STARTER_BUS_TYPE', 'session'), ('SYSTEMD_EXEC_PID', '2321'), ('IM_CONFIG_CHECK_ENV', '1'), ('NO_COLOR', '1'), ('DBUS_SESSION_BUS_ADDRESS', 'unix:path=/run/user/1000/bus,guid=c67e2489f73595b365ff0ae46a50c8ee'), ('COLORTERM', ''), ('IM_CONFIG_PHASE', '1'), ('WAYLAND_DISPLAY', 'wayland-0'), ('CODEX_PERMISSION_PROFILE', ':workspace'), ('ROS_DISTRO', 'humble'), ('LOGNAME', 'starry1n'), ('_', '/usr/bin/colcon'), ('ROS_VERSION', '2'), ('XDG_SESSION_CLASS', 'user'), ('USERNAME', 'starry1n'), ('TERM', 'dumb'), ('GNOME_DESKTOP_SESSION_ID', 'this-is-deprecated'), ('ROS_LOCALHOST_ONLY', '0'), ('PATH', '/home/starry1n/.local/bin:/home/starry1n/.codex/packages/standalone/releases/0.144.4-x86_64-unknown-linux-musl/codex-path:/home/starry1n/.codex/tmp/arg0/codex-arg05cnADw:/home/starry1n/.local/bin:/opt/ros/humble/bin:/home/starry1n/.local/bin:/usr/local/sbin:/usr/local/bin:/usr/sbin:/usr/bin:/sbin:/bin:/usr/games:/usr/local/games:/snap/bin:/snap/bin'), ('SESSION_MANAGER', 'local/starry1n-virtual-machine:@/tmp/.ICE-unix/2321,unix/starry1n-virtual-machine:/tmp/.ICE-unix/2321'), ('XDG_MENU_PREFIX', 'gnome-'), ('GNOME_TERMINAL_SCREEN', '/org/gnome/Terminal/screen/b41f3890_f157_4b82_b249_7c5cfcb9354a'), ('GNOME_SETUP_DISPLAY', ':1'), ('XDG_RUNTIME_DIR', '/run/user/1000'), ('DISPLAY', ':0'), ('CODEX_SANDBOX_NETWORK_DISABLED', '1'), ('LANG', 'C.UTF-8'), ('XDG_CURRENT_DESKTOP', 'ubuntu:GNOME'), ('XMODIFIERS', '@im=ibus'), ('GH_PAGER', 'cat'), ('XDG_SESSION_DESKTOP', 'ubuntu'), ('XAUTHORITY', '/run/user/1000/.mutter-Xwaylandauth.H6FRS3'), ('LS_COLORS', 'rs=0:di=01;34:ln=01;36:mh=00:pi=40;33:so=01;35:do=01;35:bd=40;33;01:cd=40;33;01:or=40;31;01:mi=00:su=37;41:sg=30;43:ca=30;41:tw=30;42:ow=34;42:st=37;44:ex=01;32:*.tar=01;31:*.tgz=01;31:*.arc=01;31:*.arj=01;31:*.taz=01;31:*.lha=01;31:*.lz4=01;31:*.lzh=01;31:*.lzma=01;31:*.tlz=01;31:*.txz=01;31:*.tzo=01;31:*.t7z=01;31:*.zip=01;31:*.z=01;31:*.dz=01;31:*.gz=01;31:*.lrz=01;31:*.lz=01;31:*.lzo=01;31:*.xz=01;31:*.zst=01;31:*.tzst=01;31:*.bz2=01;31:*.bz=01;31:*.tbz=01;31:*.tbz2=01;31:*.tz=01;31:*.deb=01;31:*.rpm=01;31:*.jar=01;31:*.war=01;31:*.ear=01;31:*.sar=01;31:*.rar=01;31:*.alz=01;31:*.ace=01;31:*.zoo=01;31:*.cpio=01;31:*.7z=01;31:*.rz=01;31:*.cab=01;31:*.wim=01;31:*.swm=01;31:*.dwm=01;31:*.esd=01;31:*.jpg=01;35:*.jpeg=01;35:*.mjpg=01;35:*.mjpeg=01;35:*.gif=01;35:*.bmp=01;35:*.pbm=01;35:*.pgm=01;35:*.ppm=01;35:*.tga=01;35:*.xbm=01;35:*.xpm=01;35:*.tif=01;35:*.tiff=01;35:*.png=01;35:*.svg=01;35:*.svgz=01;35:*.mng=01;35:*.pcx=01;35:*.mov=01;35:*.mpg=01;35:*.mpeg=01;35:*.m2v=01;35:*.mkv=01;35:*.webm=01;35:*.webp=01;35:*.ogm=01;35:*.mp4=01;35:*.m4v=01;35:*.mp4v=01;35:*.vob=01;35:*.qt=01;35:*.nuv=01;35:*.wmv=01;35:*.asf=01;35:*.rm=01;35:*.rmvb=01;35:*.flc=01;35:*.avi=01;35:*.fli=01;35:*.flv=01;35:*.gl=01;35:*.dl=01;35:*.xcf=01;35:*.xwd=01;35:*.yuv=01;35:*.cgm=01;35:*.emf=01;35:*.ogv=01;35:*.ogx=01;35:*.aac=00;36:*.au=00;36:*.flac=00;36:*.m4a=00;36:*.mid=00;36:*.midi=00;36:*.mka=00;36:*.mp3=00;36:*.mpc=00;36:*.ogg=00;36:*.ra=00;36:*.wav=00;36:*.oga=00;36:*.opus=00;36:*.spx=00;36:*.xspf=00;36:'), ('GNOME_TERMINAL_SERVICE', ':1.330'), ('SSH_AGENT_LAUNCHER', 'gnome-keyring'), ('SSH_AUTH_SOCK', '/run/user/1000/keyring/ssh'), ('AMENT_PREFIX_PATH', '/home/starry1n/WUTA/WUTA-FSD/ros2_ws/install/wuta_msgs:/opt/ros/humble'), ('SHELL', '/bin/bash'), ('QT_ACCESSIBILITY', '1'), ('GDMSESSION', 'ubuntu'), ('LESSCLOSE', '/usr/bin/lesspipe %s %s'), ('CODEX_THREAD_ID', '019f5073-bc50-71a2-9549-8d1988512281'), ('GIT_PAGER', 'cat'), ('QT_IM_MODULE', 'ibus'), ('PWD', '/home/starry1n/WUTA/WUTA-FSD/ros2_ws/build/lidar_detection'), ('LC_ALL', 'C.UTF-8'), ('XDG_CONFIG_DIRS', '/etc/xdg/xdg-ubuntu:/etc/xdg'), ('DBUS_STARTER_ADDRESS', 'unix:path=/run/user/1000/bus,guid=c67e2489f73595b365ff0ae46a50c8ee'), ('XDG_DATA_DIRS', '/usr/share/ubuntu:/usr/local/share/:/usr/share/:/var/lib/snapd/desktop'), ('PYTHONPATH', '/home/starry1n/WUTA/WUTA-FSD/ros2_ws/install/wuta_msgs/local/lib/python3.10/dist-packages:/opt/ros/humble/lib/python3.10/site-packages:/opt/ros/humble/local/lib/python3.10/dist-packages'), ('COLCON', '1'), ('VTE_VERSION', '6800'), ('CMAKE_PREFIX_PATH', '/home/starry1n/WUTA/WUTA-FSD/ros2_ws/install/wuta_msgs:/opt/ros/humble')]), 'shell': False}
[0.644393] (mission_manager) JobProgress: {'identifier': 'mission_manager', 'progress': 'cmake'}
[0.644425] (mission_manager) JobProgress: {'identifier': 'mission_manager', 'progress': 'build'}
[0.644440] (mission_manager) Command: {'cmd': ['/usr/bin/cmake', '--build', '/home/starry1n/WUTA/WUTA-FSD/ros2_ws/build/mission_manager', '--', '-j8', '-l8'], 'cwd': '/home/starry1n/WUTA/WUTA-FSD/ros2_ws/build/mission_manager', 'env': OrderedDict([('LESSOPEN', '| /usr/bin/lesspipe %s'), ('CODEX_CI', '1'), ('LANGUAGE', 'zh_CN:zh'), ('USER', 'starry1n'), ('XDG_SESSION_TYPE', 'wayland'), ('SHLVL', '2'), ('LD_LIBRARY_PATH', '/home/starry1n/WUTA/WUTA-FSD/ros2_ws/install/wuta_msgs/lib:/opt/ros/humble/opt/rviz_ogre_vendor/lib:/opt/ros/humble/lib/x86_64-linux-gnu:/opt/ros/humble/lib'), ('HOME', '/home/starry1n'), ('OLDPWD', '/home/starry1n/WUTA/WUTA-FSD'), ('DESKTOP_SESSION', 'ubuntu'), ('ROS_PYTHON_VERSION', '3'), ('GNOME_SHELL_SESSION_MODE', 'ubuntu'), ('GTK_MODULES', 'gail:atk-bridge'), ('PAGER', 'cat'), ('LC_CTYPE', 'C.UTF-8'), ('DBUS_STARTER_BUS_TYPE', 'session'), ('SYSTEMD_EXEC_PID', '2321'), ('IM_CONFIG_CHECK_ENV', '1'), ('NO_COLOR', '1'), ('DBUS_SESSION_BUS_ADDRESS', 'unix:path=/run/user/1000/bus,guid=c67e2489f73595b365ff0ae46a50c8ee'), ('COLORTERM', ''), ('IM_CONFIG_PHASE', '1'), ('WAYLAND_DISPLAY', 'wayland-0'), ('CODEX_PERMISSION_PROFILE', ':workspace'), ('ROS_DISTRO', 'humble'), ('LOGNAME', 'starry1n'), ('_', '/usr/bin/colcon'), ('ROS_VERSION', '2'), ('XDG_SESSION_CLASS', 'user'), ('USERNAME', 'starry1n'), ('TERM', 'dumb'), ('GNOME_DESKTOP_SESSION_ID', 'this-is-deprecated'), ('ROS_LOCALHOST_ONLY', '0'), ('PATH', '/home/starry1n/.local/bin:/home/starry1n/.codex/packages/standalone/releases/0.144.4-x86_64-unknown-linux-musl/codex-path:/home/starry1n/.codex/tmp/arg0/codex-arg05cnADw:/home/starry1n/.local/bin:/opt/ros/humble/bin:/home/starry1n/.local/bin:/usr/local/sbin:/usr/local/bin:/usr/sbin:/usr/bin:/sbin:/bin:/usr/games:/usr/local/games:/snap/bin:/snap/bin'), ('SESSION_MANAGER', 'local/starry1n-virtual-machine:@/tmp/.ICE-unix/2321,unix/starry1n-virtual-machine:/tmp/.ICE-unix/2321'), ('XDG_MENU_PREFIX', 'gnome-'), ('GNOME_TERMINAL_SCREEN', '/org/gnome/Terminal/screen/b41f3890_f157_4b82_b249_7c5cfcb9354a'), ('GNOME_SETUP_DISPLAY', ':1'), ('XDG_RUNTIME_DIR', '/run/user/1000'), ('DISPLAY', ':0'), ('CODEX_SANDBOX_NETWORK_DISABLED', '1'), ('LANG', 'C.UTF-8'), ('XDG_CURRENT_DESKTOP', 'ubuntu:GNOME'), ('XMODIFIERS', '@im=ibus'), ('GH_PAGER', 'cat'), ('XDG_SESSION_DESKTOP', 'ubuntu'), ('XAUTHORITY', '/run/user/1000/.mutter-Xwaylandauth.H6FRS3'), ('LS_COLORS', 'rs=0:di=01;34:ln=01;36:mh=00:pi=40;33:so=01;35:do=01;35:bd=40;33;01:cd=40;33;01:or=40;31;01:mi=00:su=37;41:sg=30;43:ca=30;41:tw=30;42:ow=34;42:st=37;44:ex=01;32:*.tar=01;31:*.tgz=01;31:*.arc=01;31:*.arj=01;31:*.taz=01;31:*.lha=01;31:*.lz4=01;31:*.lzh=01;31:*.lzma=01;31:*.tlz=01;31:*.txz=01;31:*.tzo=01;31:*.t7z=01;31:*.zip=01;31:*.z=01;31:*.dz=01;31:*.gz=01;31:*.lrz=01;31:*.lz=01;31:*.lzo=01;31:*.xz=01;31:*.zst=01;31:*.tzst=01;31:*.bz2=01;31:*.bz=01;31:*.tbz=01;31:*.tbz2=01;31:*.tz=01;31:*.deb=01;31:*.rpm=01;31:*.jar=01;31:*.war=01;31:*.ear=01;31:*.sar=01;31:*.rar=01;31:*.alz=01;31:*.ace=01;31:*.zoo=01;31:*.cpio=01;31:*.7z=01;31:*.rz=01;31:*.cab=01;31:*.wim=01;31:*.swm=01;31:*.dwm=01;31:*.esd=01;31:*.jpg=01;35:*.jpeg=01;35:*.mjpg=01;35:*.mjpeg=01;35:*.gif=01;35:*.bmp=01;35:*.pbm=01;35:*.pgm=01;35:*.ppm=01;35:*.tga=01;35:*.xbm=01;35:*.xpm=01;35:*.tif=01;35:*.tiff=01;35:*.png=01;35:*.svg=01;35:*.svgz=01;35:*.mng=01;35:*.pcx=01;35:*.mov=01;35:*.mpg=01;35:*.mpeg=01;35:*.m2v=01;35:*.mkv=01;35:*.webm=01;35:*.webp=01;35:*.ogm=01;35:*.mp4=01;35:*.m4v=01;35:*.mp4v=01;35:*.vob=01;35:*.qt=01;35:*.nuv=01;35:*.wmv=01;35:*.asf=01;35:*.rm=01;35:*.rmvb=01;35:*.flc=01;35:*.avi=01;35:*.fli=01;35:*.flv=01;35:*.gl=01;35:*.dl=01;35:*.xcf=01;35:*.xwd=01;35:*.yuv=01;35:*.cgm=01;35:*.emf=01;35:*.ogv=01;35:*.ogx=01;35:*.aac=00;36:*.au=00;36:*.flac=00;36:*.m4a=00;36:*.mid=00;36:*.midi=00;36:*.mka=00;36:*.mp3=00;36:*.mpc=00;36:*.ogg=00;36:*.ra=00;36:*.wav=00;36:*.oga=00;36:*.opus=00;36:*.spx=00;36:*.xspf=00;36:'), ('GNOME_TERMINAL_SERVICE', ':1.330'), ('SSH_AGENT_LAUNCHER', 'gnome-keyring'), ('SSH_AUTH_SOCK', '/run/user/1000/keyring/ssh'), ('AMENT_PREFIX_PATH', '/home/starry1n/WUTA/WUTA-FSD/ros2_ws/install/wuta_msgs:/opt/ros/humble'), ('SHELL', '/bin/bash'), ('QT_ACCESSIBILITY', '1'), ('GDMSESSION', 'ubuntu'), ('LESSCLOSE', '/usr/bin/lesspipe %s %s'), ('CODEX_THREAD_ID', '019f5073-bc50-71a2-9549-8d1988512281'), ('GIT_PAGER', 'cat'), ('QT_IM_MODULE', 'ibus'), ('PWD', '/home/starry1n/WUTA/WUTA-FSD/ros2_ws/build/mission_manager'), ('LC_ALL', 'C.UTF-8'), ('XDG_CONFIG_DIRS', '/etc/xdg/xdg-ubuntu:/etc/xdg'), ('DBUS_STARTER_ADDRESS', 'unix:path=/run/user/1000/bus,guid=c67e2489f73595b365ff0ae46a50c8ee'), ('XDG_DATA_DIRS', '/usr/share/ubuntu:/usr/local/share/:/usr/share/:/var/lib/snapd/desktop'), ('PYTHONPATH', '/home/starry1n/WUTA/WUTA-FSD/ros2_ws/install/wuta_msgs/local/lib/python3.10/dist-packages:/opt/ros/humble/lib/python3.10/site-packages:/opt/ros/humble/local/lib/python3.10/dist-packages'), ('COLCON', '1'), ('VTE_VERSION', '6800'), ('CMAKE_PREFIX_PATH', '/home/starry1n/WUTA/WUTA-FSD/ros2_ws/install/wuta_msgs:/opt/ros/humble')]), 'shell': False}
[0.645898] (robot_localization) StdoutLine: {'line': b'-- Up-to-date symlink: /home/starry1n/WUTA/WUTA-FSD/ros2_ws/install/robot_localization/share/robot_localization/rust/Cargo.toml\n'}
[0.645999] (robot_localization) StdoutLine: {'line': b'-- Up-to-date symlink: /home/starry1n/WUTA/WUTA-FSD/ros2_ws/install/robot_localization/share/robot_localization/rust/build.rs\n'}
[0.646049] (robot_localization) StdoutLine: {'line': b'-- Up-to-date symlink: /home/starry1n/WUTA/WUTA-FSD/ros2_ws/install/robot_localization/share/robot_localization/rust/src/lib.rs\n'}
[0.646094] (robot_localization) StdoutLine: {'line': b'-- Up-to-date symlink: /home/starry1n/WUTA/WUTA-FSD/ros2_ws/install/robot_localization/share/robot_localization/rust/src/srv.rs\n'}
[0.646140] (robot_localization) StdoutLine: {'line': b'-- Up-to-date symlink: /home/starry1n/WUTA/WUTA-FSD/ros2_ws/install/robot_localization/share/robot_localization/rust/src/srv/rmw.rs\n'}
[0.646182] (robot_localization) StdoutLine: {'line': b'-- Up-to-date symlink: /home/starry1n/WUTA/WUTA-FSD/ros2_ws/install/robot_localization/share/robot_localization/srv/FromLL.idl\n'}
[0.646221] (robot_localization) StdoutLine: {'line': b'-- Up-to-date symlink: /home/starry1n/WUTA/WUTA-FSD/ros2_ws/install/robot_localization/share/robot_localization/srv/GetState.idl\n'}
[0.646260] (robot_localization) StdoutLine: {'line': b'-- Up-to-date symlink: /home/starry1n/WUTA/WUTA-FSD/ros2_ws/install/robot_localization/share/robot_localization/srv/SetDatum.idl\n'}
[0.646301] (robot_localization) StdoutLine: {'line': b'-- Up-to-date symlink: /home/starry1n/WUTA/WUTA-FSD/ros2_ws/install/robot_localization/share/robot_localization/srv/SetPose.idl\n'}
[0.646346] (robot_localization) StdoutLine: {'line': b'-- Up-to-date symlink: /home/starry1n/WUTA/WUTA-FSD/ros2_ws/install/robot_localization/share/robot_localization/srv/ToggleFilterProcessing.idl\n'}
[0.646391] (robot_localization) StdoutLine: {'line': b'-- Up-to-date symlink: /home/starry1n/WUTA/WUTA-FSD/ros2_ws/install/robot_localization/share/robot_localization/srv/ToLL.idl\n'}
[0.646433] (robot_localization) StdoutLine: {'line': b'-- Up-to-date symlink: /home/starry1n/WUTA/WUTA-FSD/ros2_ws/install/robot_localization/share/robot_localization/srv/FromLL.srv\n'}
[0.646478] (robot_localization) StdoutLine: {'line': b'-- Up-to-date symlink: /home/starry1n/WUTA/WUTA-FSD/ros2_ws/install/robot_localization/share/robot_localization/srv/FromLL_Request.msg\n'}
[0.646520] (robot_localization) StdoutLine: {'line': b'-- Up-to-date symlink: /home/starry1n/WUTA/WUTA-FSD/ros2_ws/install/robot_localization/share/robot_localization/srv/FromLL_Response.msg\n'}
[0.646563] (robot_localization) StdoutLine: {'line': b'-- Up-to-date symlink: /home/starry1n/WUTA/WUTA-FSD/ros2_ws/install/robot_localization/share/robot_localization/srv/GetState.srv\n'}
[0.646604] (robot_localization) StdoutLine: {'line': b'-- Up-to-date symlink: /home/starry1n/WUTA/WUTA-FSD/ros2_ws/install/robot_localization/share/robot_localization/srv/GetState_Request.msg\n'}
[0.646674] (robot_localization) StdoutLine: {'line': b'-- Up-to-date symlink: /home/starry1n/WUTA/WUTA-FSD/ros2_ws/install/robot_localization/share/robot_localization/srv/GetState_Response.msg\n'}
[0.646761] (robot_localization) StdoutLine: {'line': b'-- Up-to-date symlink: /home/starry1n/WUTA/WUTA-FSD/ros2_ws/install/robot_localization/share/robot_localization/srv/SetDatum.srv\n'}
[0.646906] (robot_localization) StdoutLine: {'line': b'-- Up-to-date symlink: /home/starry1n/WUTA/WUTA-FSD/ros2_ws/install/robot_localization/share/robot_localization/srv/SetDatum_Request.msg\n'}
[0.646994] (robot_localization) StdoutLine: {'line': b'-- Up-to-date symlink: /home/starry1n/WUTA/WUTA-FSD/ros2_ws/install/robot_localization/share/robot_localization/srv/SetDatum_Response.msg\n'}
[0.647050] (robot_localization) StdoutLine: {'line': b'-- Up-to-date symlink: /home/starry1n/WUTA/WUTA-FSD/ros2_ws/install/robot_localization/share/robot_localization/srv/SetPose.srv\n'}
[0.647103] (robot_localization) StdoutLine: {'line': b'-- Up-to-date symlink: /home/starry1n/WUTA/WUTA-FSD/ros2_ws/install/robot_localization/share/robot_localization/srv/SetPose_Request.msg\n'}
[0.647147] (robot_localization) StdoutLine: {'line': b'-- Up-to-date symlink: /home/starry1n/WUTA/WUTA-FSD/ros2_ws/install/robot_localization/share/robot_localization/srv/SetPose_Response.msg\n'}
[0.647190] (robot_localization) StdoutLine: {'line': b'-- Up-to-date symlink: /home/starry1n/WUTA/WUTA-FSD/ros2_ws/install/robot_localization/share/robot_localization/srv/ToggleFilterProcessing.srv\n'}
[0.647235] (robot_localization) StdoutLine: {'line': b'-- Up-to-date symlink: /home/starry1n/WUTA/WUTA-FSD/ros2_ws/install/robot_localization/share/robot_localization/srv/ToggleFilterProcessing_Request.msg\n'}
[0.647279] (robot_localization) StdoutLine: {'line': b'-- Up-to-date symlink: /home/starry1n/WUTA/WUTA-FSD/ros2_ws/install/robot_localization/share/robot_localization/srv/ToggleFilterProcessing_Response.msg\n'}
[0.647319] (robot_localization) StdoutLine: {'line': b'-- Up-to-date symlink: /home/starry1n/WUTA/WUTA-FSD/ros2_ws/install/robot_localization/share/robot_localization/srv/ToLL.srv\n'}
[0.647363] (robot_localization) StdoutLine: {'line': b'-- Up-to-date symlink: /home/starry1n/WUTA/WUTA-FSD/ros2_ws/install/robot_localization/share/robot_localization/srv/ToLL_Request.msg\n'}
[0.647419] (robot_localization) StdoutLine: {'line': b'-- Up-to-date symlink: /home/starry1n/WUTA/WUTA-FSD/ros2_ws/install/robot_localization/share/robot_localization/srv/ToLL_Response.msg\n'}
[0.647473] (robot_localization) StdoutLine: {'line': b'-- Up-to-date symlink: /home/starry1n/WUTA/WUTA-FSD/ros2_ws/install/robot_localization/lib/robot_localization/filter_base-test\n'}
[0.647518] (robot_localization) StdoutLine: {'line': b'-- Up-to-date symlink: /home/starry1n/WUTA/WUTA-FSD/ros2_ws/install/robot_localization/lib/robot_localization/test_filter_base_diagnostics_timestamps\n'}
[0.647557] (robot_localization) StdoutLine: {'line': b'-- Up-to-date symlink: /home/starry1n/WUTA/WUTA-FSD/ros2_ws/install/robot_localization/lib/robot_localization/test_ekf\n'}
[0.647598] (robot_localization) StdoutLine: {'line': b'-- Up-to-date symlink: /home/starry1n/WUTA/WUTA-FSD/ros2_ws/install/robot_localization/lib/robot_localization/test_ekf_localization_node_interfaces\n'}
[0.647639] (robot_localization) StdoutLine: {'line': b'-- Up-to-date symlink: /home/starry1n/WUTA/WUTA-FSD/ros2_ws/install/robot_localization/lib/robot_localization/test_ukf\n'}
[0.647703] (robot_localization) StdoutLine: {'line': b'-- Up-to-date symlink: /home/starry1n/WUTA/WUTA-FSD/ros2_ws/install/robot_localization/lib/robot_localization/test_ukf_localization_node_interfaces\n'}
[0.647783] (robot_localization) StdoutLine: {'line': b'-- Up-to-date symlink: /home/starry1n/WUTA/WUTA-FSD/ros2_ws/install/robot_localization/lib/robot_localization/test_robot_localization_estimator\n'}
[0.647839] (robot_localization) StdoutLine: {'line': b'-- Up-to-date symlink: /home/starry1n/WUTA/WUTA-FSD/ros2_ws/install/robot_localization/lib/robot_localization/test_navsat_conversions\n'}
[0.647887] (robot_localization) StdoutLine: {'line': b'-- Up-to-date symlink: /home/starry1n/WUTA/WUTA-FSD/ros2_ws/install/robot_localization/lib/robot_localization/test_ros_robot_localization_listener\n'}
[0.647936] (robot_localization) StdoutLine: {'line': b'-- Up-to-date symlink: /home/starry1n/WUTA/WUTA-FSD/ros2_ws/install/robot_localization/lib/robot_localization/test_ros_robot_localization_listener_publisher\n'}
[0.647982] (robot_localization) StdoutLine: {'line': b'-- Up-to-date symlink: /home/starry1n/WUTA/WUTA-FSD/ros2_ws/install/robot_localization/lib/robot_localization/navsat_transform_node\n'}
[0.648048] (robot_localization) StdoutLine: {'line': b'-- Up-to-date symlink: /home/starry1n/WUTA/WUTA-FSD/ros2_ws/install/robot_localization/lib/robot_localization/ekf_node\n'}
[0.648092] (robot_localization) StdoutLine: {'line': b'-- Up-to-date symlink: /home/starry1n/WUTA/WUTA-FSD/ros2_ws/install/robot_localization/lib/robot_localization/ukf_node\n'}
[0.648135] (robot_localization) StdoutLine: {'line': b'-- Up-to-date symlink: /home/starry1n/WUTA/WUTA-FSD/ros2_ws/install/robot_localization/lib/robot_localization/robot_localization_listener_node\n'}
[0.648182] (robot_localization) StdoutLine: {'line': b'-- Up-to-date symlink: /home/starry1n/WUTA/WUTA-FSD/ros2_ws/install/robot_localization/lib/librl_lib.so\n'}
[0.648232] (autoware_msgs) StdoutLine: {'line': b'-- Up-to-date symlink: /home/starry1n/WUTA/WUTA-FSD/ros2_ws/install/autoware_msgs/share/ament_index/resource_index/packages/autoware_msgs\n'}
[0.648308] (autoware_msgs) StdoutLine: {'line': b'-- Up-to-date symlink: /home/starry1n/WUTA/WUTA-FSD/ros2_ws/install/autoware_msgs/share/autoware_msgs/cmake/rosidl_cmake-extras.cmake\n'}
[0.648353] (autoware_msgs) StdoutLine: {'line': b'-- Up-to-date symlink: /home/starry1n/WUTA/WUTA-FSD/ros2_ws/install/autoware_msgs/share/autoware_msgs/cmake/ament_cmake_export_dependencies-extras.cmake\n'}
[0.648390] (autoware_msgs) StdoutLine: {'line': b'-- Up-to-date symlink: /home/starry1n/WUTA/WUTA-FSD/ros2_ws/install/autoware_msgs/share/autoware_msgs/cmake/ament_cmake_export_include_directories-extras.cmake\n'}
[0.648433] (autoware_msgs) StdoutLine: {'line': b'-- Up-to-date symlink: /home/starry1n/WUTA/WUTA-FSD/ros2_ws/install/autoware_msgs/share/autoware_msgs/cmake/ament_cmake_export_libraries-extras.cmake\n'}
[0.648478] (autoware_msgs) StdoutLine: {'line': b'-- Up-to-date symlink: /home/starry1n/WUTA/WUTA-FSD/ros2_ws/install/autoware_msgs/share/autoware_msgs/cmake/ament_cmake_export_targets-extras.cmake\n'}
[0.648539] (autoware_msgs) StdoutLine: {'line': b'-- Up-to-date symlink: /home/starry1n/WUTA/WUTA-FSD/ros2_ws/install/autoware_msgs/share/autoware_msgs/cmake/rosidl_cmake_export_typesupport_targets-extras.cmake\n'}
[0.648581] (autoware_msgs) StdoutLine: {'line': b'-- Up-to-date symlink: /home/starry1n/WUTA/WUTA-FSD/ros2_ws/install/autoware_msgs/share/autoware_msgs/cmake/rosidl_cmake_export_typesupport_libraries-extras.cmake\n'}
[0.648624] (autoware_msgs) StdoutLine: {'line': b'-- Up-to-date symlink: /home/starry1n/WUTA/WUTA-FSD/ros2_ws/install/autoware_msgs/share/autoware_msgs/cmake/rosidl_cmake_aggregate_target-extras.cmake\n'}
[0.648666] (autoware_msgs) StdoutLine: {'line': b'-- Up-to-date symlink: /home/starry1n/WUTA/WUTA-FSD/ros2_ws/install/autoware_msgs/share/autoware_msgs/cmake/autoware_msgsConfig.cmake\n'}
[0.649304] (autoware_msgs) StdoutLine: {'line': b'-- Up-to-date symlink: /home/starry1n/WUTA/WUTA-FSD/ros2_ws/install/autoware_msgs/share/autoware_msgs/cmake/autoware_msgsConfig-version.cmake\n'}
[0.649403] (autoware_msgs) StdoutLine: {'line': b'-- Up-to-date symlink: /home/starry1n/WUTA/WUTA-FSD/ros2_ws/install/autoware_msgs/share/autoware_msgs/package.xml\n'}
[0.649450] (autoware_msgs) StdoutLine: {'line': b'-- Up-to-date: /home/starry1n/WUTA/WUTA-FSD/ros2_ws/install/autoware_msgs/lib/libautoware_msgs__rosidl_generator_c.so\n'}
[0.649492] (autoware_msgs) StdoutLine: {'line': b'-- Up-to-date: /home/starry1n/WUTA/WUTA-FSD/ros2_ws/install/autoware_msgs/lib/libautoware_msgs__rosidl_typesupport_fastrtps_c.so\n'}
[0.649533] (robot_localization) StdoutLine: {'line': b'-- Up-to-date symlink: /home/starry1n/WUTA/WUTA-FSD/ros2_ws/install/robot_localization/share/ament_index/resource_index/package_run_dependencies/robot_localization\n'}
[0.649588] (autoware_msgs) StdoutLine: {'line': b'-- Up-to-date: /home/starry1n/WUTA/WUTA-FSD/ros2_ws/install/autoware_msgs/lib/libautoware_msgs__rosidl_typesupport_introspection_c.so\n'}
[0.649823] (robot_localization) StdoutLine: {'line': b'-- Up-to-date symlink: /home/starry1n/WUTA/WUTA-FSD/ros2_ws/install/robot_localization/share/ament_index/resource_index/parent_prefix_path/robot_localization\n'}
[0.649931] (robot_localization) StdoutLine: {'line': b'-- Up-to-date symlink: /home/starry1n/WUTA/WUTA-FSD/ros2_ws/install/robot_localization/share/robot_localization/environment/ament_prefix_path.sh\n'}
[0.649980] (autoware_msgs) StdoutLine: {'line': b'-- Up-to-date: /home/starry1n/WUTA/WUTA-FSD/ros2_ws/install/autoware_msgs/lib/libautoware_msgs__rosidl_typesupport_c.so\n'}
[0.650027] (robot_localization) StdoutLine: {'line': b'-- Up-to-date symlink: /home/starry1n/WUTA/WUTA-FSD/ros2_ws/install/robot_localization/share/robot_localization/environment/ament_prefix_path.dsv\n'}
[0.650067] (robot_localization) StdoutLine: {'line': b'-- Up-to-date symlink: /home/starry1n/WUTA/WUTA-FSD/ros2_ws/install/robot_localization/share/robot_localization/environment/path.sh\n'}
[0.650106] (robot_localization) StdoutLine: {'line': b'-- Up-to-date symlink: /home/starry1n/WUTA/WUTA-FSD/ros2_ws/install/robot_localization/share/robot_localization/environment/path.dsv\n'}
[0.650147] (robot_localization) StdoutLine: {'line': b'-- Up-to-date symlink: /home/starry1n/WUTA/WUTA-FSD/ros2_ws/install/robot_localization/share/robot_localization/local_setup.bash\n'}
[0.650188] (robot_localization) StdoutLine: {'line': b'-- Up-to-date symlink: /home/starry1n/WUTA/WUTA-FSD/ros2_ws/install/robot_localization/share/robot_localization/local_setup.sh\n'}
[0.650227] (robot_localization) StdoutLine: {'line': b'-- Up-to-date symlink: /home/starry1n/WUTA/WUTA-FSD/ros2_ws/install/robot_localization/share/robot_localization/local_setup.zsh\n'}
[0.650268] (robot_localization) StdoutLine: {'line': b'-- Up-to-date symlink: /home/starry1n/WUTA/WUTA-FSD/ros2_ws/install/robot_localization/share/robot_localization/local_setup.dsv\n'}
[0.650310] (robot_localization) StdoutLine: {'line': b'-- Symlinking: /home/starry1n/WUTA/WUTA-FSD/ros2_ws/install/robot_localization/share/robot_localization/package.dsv\n'}
[0.650353] (autoware_msgs) StdoutLine: {'line': b'-- Up-to-date: /home/starry1n/WUTA/WUTA-FSD/ros2_ws/install/autoware_msgs/lib/libautoware_msgs__rosidl_typesupport_fastrtps_cpp.so\n'}
[0.650394] (autoware_msgs) StdoutLine: {'line': b'-- Up-to-date: /home/starry1n/WUTA/WUTA-FSD/ros2_ws/install/autoware_msgs/lib/libautoware_msgs__rosidl_typesupport_introspection_cpp.so\n'}
[0.650434] (autoware_msgs) StdoutLine: {'line': b'-- Up-to-date: /home/starry1n/WUTA/WUTA-FSD/ros2_ws/install/autoware_msgs/lib/libautoware_msgs__rosidl_typesupport_cpp.so\n'}
[0.650473] (robot_localization) StdoutLine: {'line': b'-- Up-to-date symlink: /home/starry1n/WUTA/WUTA-FSD/ros2_ws/install/robot_localization/share/ament_index/resource_index/packages/robot_localization\n'}
[0.650514] (robot_localization) StdoutLine: {'line': b'-- Up-to-date symlink: /home/starry1n/WUTA/WUTA-FSD/ros2_ws/install/robot_localization/share/robot_localization/cmake/rosidl_cmake-extras.cmake\n'}
[0.650566] (robot_localization) StdoutLine: {'line': b'-- Up-to-date symlink: /home/starry1n/WUTA/WUTA-FSD/ros2_ws/install/robot_localization/share/robot_localization/cmake/ament_cmake_export_dependencies-extras.cmake\n'}
[0.650605] (robot_localization) StdoutLine: {'line': b'-- Up-to-date symlink: /home/starry1n/WUTA/WUTA-FSD/ros2_ws/install/robot_localization/share/robot_localization/cmake/ament_cmake_export_include_directories-extras.cmake\n'}
[0.650642] (robot_localization) StdoutLine: {'line': b'-- Up-to-date symlink: /home/starry1n/WUTA/WUTA-FSD/ros2_ws/install/robot_localization/share/robot_localization/cmake/ament_cmake_export_libraries-extras.cmake\n'}
[0.650679] (robot_localization) StdoutLine: {'line': b'-- Up-to-date symlink: /home/starry1n/WUTA/WUTA-FSD/ros2_ws/install/robot_localization/share/robot_localization/cmake/ament_cmake_export_targets-extras.cmake\n'}
[0.651472] (robot_localization) StdoutLine: {'line': b'-- Up-to-date symlink: /home/starry1n/WUTA/WUTA-FSD/ros2_ws/install/robot_localization/share/robot_localization/cmake/rosidl_cmake_export_typesupport_targets-extras.cmake\n'}
[0.652461] (robot_localization) StdoutLine: {'line': b'-- Up-to-date symlink: /home/starry1n/WUTA/WUTA-FSD/ros2_ws/install/robot_localization/share/robot_localization/cmake/rosidl_cmake_export_typesupport_libraries-extras.cmake\n'}
[0.652569] (robot_localization) StdoutLine: {'line': b'-- Up-to-date symlink: /home/starry1n/WUTA/WUTA-FSD/ros2_ws/install/robot_localization/share/robot_localization/cmake/rosidl_cmake_aggregate_target-extras.cmake\n'}
[0.652614] (robot_localization) StdoutLine: {'line': b'-- Up-to-date symlink: /home/starry1n/WUTA/WUTA-FSD/ros2_ws/install/robot_localization/share/robot_localization/cmake/robot_localizationConfig.cmake\n'}
[0.652643] (robot_localization) StdoutLine: {'line': b'-- Up-to-date symlink: /home/starry1n/WUTA/WUTA-FSD/ros2_ws/install/robot_localization/share/robot_localization/cmake/robot_localizationConfig-version.cmake\n'}
[0.652670] (robot_localization) StdoutLine: {'line': b'-- Up-to-date symlink: /home/starry1n/WUTA/WUTA-FSD/ros2_ws/install/robot_localization/share/robot_localization/package.xml\n'}
[0.652706] (robot_localization) StdoutLine: {'line': b'-- Up-to-date: /home/starry1n/WUTA/WUTA-FSD/ros2_ws/install/robot_localization/lib/librobot_localization__rosidl_generator_c.so\n'}
[0.652750] (robot_localization) StdoutLine: {'line': b'-- Up-to-date: /home/starry1n/WUTA/WUTA-FSD/ros2_ws/install/robot_localization/lib/librobot_localization__rosidl_typesupport_fastrtps_c.so\n'}
[0.652778] (robot_localization) StdoutLine: {'line': b'-- Up-to-date: /home/starry1n/WUTA/WUTA-FSD/ros2_ws/install/robot_localization/lib/librobot_localization__rosidl_typesupport_fastrtps_cpp.so\n'}
[0.652806] (robot_localization) StdoutLine: {'line': b'-- Up-to-date: /home/starry1n/WUTA/WUTA-FSD/ros2_ws/install/robot_localization/lib/librobot_localization__rosidl_typesupport_introspection_c.so\n'}
[0.652829] (robot_localization) StdoutLine: {'line': b'-- Up-to-date: /home/starry1n/WUTA/WUTA-FSD/ros2_ws/install/robot_localization/lib/librobot_localization__rosidl_typesupport_c.so\n'}
[0.652855] (detection_fusion) CommandEnded: {'returncode': 0}
[0.655069] (detection_fusion) JobProgress: {'identifier': 'detection_fusion', 'progress': 'install'}
[0.655455] (detection_fusion) Command: {'cmd': ['/usr/bin/cmake', '--install', '/home/starry1n/WUTA/WUTA-FSD/ros2_ws/build/detection_fusion'], 'cwd': '/home/starry1n/WUTA/WUTA-FSD/ros2_ws/build/detection_fusion', 'env': OrderedDict([('LESSOPEN', '| /usr/bin/lesspipe %s'), ('CODEX_CI', '1'), ('LANGUAGE', 'zh_CN:zh'), ('USER', 'starry1n'), ('XDG_SESSION_TYPE', 'wayland'), ('SHLVL', '2'), ('LD_LIBRARY_PATH', '/home/starry1n/WUTA/WUTA-FSD/ros2_ws/install/wuta_msgs/lib:/opt/ros/humble/opt/rviz_ogre_vendor/lib:/opt/ros/humble/lib/x86_64-linux-gnu:/opt/ros/humble/lib'), ('HOME', '/home/starry1n'), ('OLDPWD', '/home/starry1n/WUTA/WUTA-FSD'), ('DESKTOP_SESSION', 'ubuntu'), ('ROS_PYTHON_VERSION', '3'), ('GNOME_SHELL_SESSION_MODE', 'ubuntu'), ('GTK_MODULES', 'gail:atk-bridge'), ('PAGER', 'cat'), ('LC_CTYPE', 'C.UTF-8'), ('DBUS_STARTER_BUS_TYPE', 'session'), ('SYSTEMD_EXEC_PID', '2321'), ('IM_CONFIG_CHECK_ENV', '1'), ('NO_COLOR', '1'), ('DBUS_SESSION_BUS_ADDRESS', 'unix:path=/run/user/1000/bus,guid=c67e2489f73595b365ff0ae46a50c8ee'), ('COLORTERM', ''), ('IM_CONFIG_PHASE', '1'), ('WAYLAND_DISPLAY', 'wayland-0'), ('CODEX_PERMISSION_PROFILE', ':workspace'), ('ROS_DISTRO', 'humble'), ('LOGNAME', 'starry1n'), ('_', '/usr/bin/colcon'), ('ROS_VERSION', '2'), ('XDG_SESSION_CLASS', 'user'), ('USERNAME', 'starry1n'), ('TERM', 'dumb'), ('GNOME_DESKTOP_SESSION_ID', 'this-is-deprecated'), ('ROS_LOCALHOST_ONLY', '0'), ('PATH', '/home/starry1n/.local/bin:/home/starry1n/.codex/packages/standalone/releases/0.144.4-x86_64-unknown-linux-musl/codex-path:/home/starry1n/.codex/tmp/arg0/codex-arg05cnADw:/home/starry1n/.local/bin:/opt/ros/humble/bin:/home/starry1n/.local/bin:/usr/local/sbin:/usr/local/bin:/usr/sbin:/usr/bin:/sbin:/bin:/usr/games:/usr/local/games:/snap/bin:/snap/bin'), ('SESSION_MANAGER', 'local/starry1n-virtual-machine:@/tmp/.ICE-unix/2321,unix/starry1n-virtual-machine:/tmp/.ICE-unix/2321'), ('XDG_MENU_PREFIX', 'gnome-'), ('GNOME_TERMINAL_SCREEN', '/org/gnome/Terminal/screen/b41f3890_f157_4b82_b249_7c5cfcb9354a'), ('GNOME_SETUP_DISPLAY', ':1'), ('XDG_RUNTIME_DIR', '/run/user/1000'), ('DISPLAY', ':0'), ('CODEX_SANDBOX_NETWORK_DISABLED', '1'), ('LANG', 'C.UTF-8'), ('XDG_CURRENT_DESKTOP', 'ubuntu:GNOME'), ('XMODIFIERS', '@im=ibus'), ('GH_PAGER', 'cat'), ('XDG_SESSION_DESKTOP', 'ubuntu'), ('XAUTHORITY', '/run/user/1000/.mutter-Xwaylandauth.H6FRS3'), ('LS_COLORS', 'rs=0:di=01;34:ln=01;36:mh=00:pi=40;33:so=01;35:do=01;35:bd=40;33;01:cd=40;33;01:or=40;31;01:mi=00:su=37;41:sg=30;43:ca=30;41:tw=30;42:ow=34;42:st=37;44:ex=01;32:*.tar=01;31:*.tgz=01;31:*.arc=01;31:*.arj=01;31:*.taz=01;31:*.lha=01;31:*.lz4=01;31:*.lzh=01;31:*.lzma=01;31:*.tlz=01;31:*.txz=01;31:*.tzo=01;31:*.t7z=01;31:*.zip=01;31:*.z=01;31:*.dz=01;31:*.gz=01;31:*.lrz=01;31:*.lz=01;31:*.lzo=01;31:*.xz=01;31:*.zst=01;31:*.tzst=01;31:*.bz2=01;31:*.bz=01;31:*.tbz=01;31:*.tbz2=01;31:*.tz=01;31:*.deb=01;31:*.rpm=01;31:*.jar=01;31:*.war=01;31:*.ear=01;31:*.sar=01;31:*.rar=01;31:*.alz=01;31:*.ace=01;31:*.zoo=01;31:*.cpio=01;31:*.7z=01;31:*.rz=01;31:*.cab=01;31:*.wim=01;31:*.swm=01;31:*.dwm=01;31:*.esd=01;31:*.jpg=01;35:*.jpeg=01;35:*.mjpg=01;35:*.mjpeg=01;35:*.gif=01;35:*.bmp=01;35:*.pbm=01;35:*.pgm=01;35:*.ppm=01;35:*.tga=01;35:*.xbm=01;35:*.xpm=01;35:*.tif=01;35:*.tiff=01;35:*.png=01;35:*.svg=01;35:*.svgz=01;35:*.mng=01;35:*.pcx=01;35:*.mov=01;35:*.mpg=01;35:*.mpeg=01;35:*.m2v=01;35:*.mkv=01;35:*.webm=01;35:*.webp=01;35:*.ogm=01;35:*.mp4=01;35:*.m4v=01;35:*.mp4v=01;35:*.vob=01;35:*.qt=01;35:*.nuv=01;35:*.wmv=01;35:*.asf=01;35:*.rm=01;35:*.rmvb=01;35:*.flc=01;35:*.avi=01;35:*.fli=01;35:*.flv=01;35:*.gl=01;35:*.dl=01;35:*.xcf=01;35:*.xwd=01;35:*.yuv=01;35:*.cgm=01;35:*.emf=01;35:*.ogv=01;35:*.ogx=01;35:*.aac=00;36:*.au=00;36:*.flac=00;36:*.m4a=00;36:*.mid=00;36:*.midi=00;36:*.mka=00;36:*.mp3=00;36:*.mpc=00;36:*.ogg=00;36:*.ra=00;36:*.wav=00;36:*.oga=00;36:*.opus=00;36:*.spx=00;36:*.xspf=00;36:'), ('GNOME_TERMINAL_SERVICE', ':1.330'), ('SSH_AGENT_LAUNCHER', 'gnome-keyring'), ('SSH_AUTH_SOCK', '/run/user/1000/keyring/ssh'), ('AMENT_PREFIX_PATH', '/home/starry1n/WUTA/WUTA-FSD/ros2_ws/install/wuta_msgs:/opt/ros/humble'), ('SHELL', '/bin/bash'), ('QT_ACCESSIBILITY', '1'), ('GDMSESSION', 'ubuntu'), ('LESSCLOSE', '/usr/bin/lesspipe %s %s'), ('CODEX_THREAD_ID', '019f5073-bc50-71a2-9549-8d1988512281'), ('GIT_PAGER', 'cat'), ('QT_IM_MODULE', 'ibus'), ('PWD', '/home/starry1n/WUTA/WUTA-FSD/ros2_ws/build/detection_fusion'), ('LC_ALL', 'C.UTF-8'), ('XDG_CONFIG_DIRS', '/etc/xdg/xdg-ubuntu:/etc/xdg'), ('DBUS_STARTER_ADDRESS', 'unix:path=/run/user/1000/bus,guid=c67e2489f73595b365ff0ae46a50c8ee'), ('XDG_DATA_DIRS', '/usr/share/ubuntu:/usr/local/share/:/usr/share/:/var/lib/snapd/desktop'), ('PYTHONPATH', '/home/starry1n/WUTA/WUTA-FSD/ros2_ws/install/wuta_msgs/local/lib/python3.10/dist-packages:/opt/ros/humble/lib/python3.10/site-packages:/opt/ros/humble/local/lib/python3.10/dist-packages'), ('COLCON', '1'), ('VTE_VERSION', '6800'), ('CMAKE_PREFIX_PATH', '/home/starry1n/WUTA/WUTA-FSD/ros2_ws/install/wuta_msgs:/opt/ros/humble')]), 'shell': False}
[0.663653] (robot_localization) StdoutLine: {'line': b'-- Up-to-date: /home/starry1n/WUTA/WUTA-FSD/ros2_ws/install/robot_localization/lib/librobot_localization__rosidl_typesupport_introspection_cpp.so\n'}
[0.663959] (robot_localization) StdoutLine: {'line': b'-- Up-to-date: /home/starry1n/WUTA/WUTA-FSD/ros2_ws/install/robot_localization/lib/librobot_localization__rosidl_typesupport_cpp.so\n'}
[0.664092] (autoware_msgs) StdoutLine: {'line': b"Listing '/home/starry1n/WUTA/WUTA-FSD/ros2_ws/install/autoware_msgs/local/lib/python3.10/dist-packages/autoware_msgs'...\n"}
[0.664233] (autoware_msgs) StdoutLine: {'line': b"Listing '/home/starry1n/WUTA/WUTA-FSD/ros2_ws/install/autoware_msgs/local/lib/python3.10/dist-packages/autoware_msgs/msg'...\n"}
[0.664319] (autoware_msgs) StdoutLine: {'line': b'-- Up-to-date: /home/starry1n/WUTA/WUTA-FSD/ros2_ws/install/autoware_msgs/lib/libautoware_msgs__rosidl_generator_py.so\n'}
[0.664355] (autoware_msgs) StdoutLine: {'line': b'-- Up-to-date: /home/starry1n/WUTA/WUTA-FSD/ros2_ws/install/autoware_msgs/share/autoware_msgs/cmake/export_autoware_msgs__rosidl_generator_cExport.cmake\n'}
[0.664385] (autoware_msgs) StdoutLine: {'line': b'-- Up-to-date: /home/starry1n/WUTA/WUTA-FSD/ros2_ws/install/autoware_msgs/share/autoware_msgs/cmake/export_autoware_msgs__rosidl_generator_cExport-noconfig.cmake\n'}
[0.664411] (autoware_msgs) StdoutLine: {'line': b'-- Up-to-date: /home/starry1n/WUTA/WUTA-FSD/ros2_ws/install/autoware_msgs/share/autoware_msgs/cmake/export_autoware_msgs__rosidl_typesupport_fastrtps_cExport.cmake\n'}
[0.664434] (autoware_msgs) StdoutLine: {'line': b'-- Up-to-date: /home/starry1n/WUTA/WUTA-FSD/ros2_ws/install/autoware_msgs/share/autoware_msgs/cmake/export_autoware_msgs__rosidl_typesupport_fastrtps_cExport-noconfig.cmake\n'}
[0.664459] (autoware_msgs) StdoutLine: {'line': b'-- Up-to-date: /home/starry1n/WUTA/WUTA-FSD/ros2_ws/install/autoware_msgs/share/autoware_msgs/cmake/autoware_msgs__rosidl_typesupport_introspection_cExport.cmake\n'}
[0.664482] (autoware_msgs) StdoutLine: {'line': b'-- Up-to-date: /home/starry1n/WUTA/WUTA-FSD/ros2_ws/install/autoware_msgs/share/autoware_msgs/cmake/autoware_msgs__rosidl_typesupport_introspection_cExport-noconfig.cmake\n'}
[0.664506] (autoware_msgs) StdoutLine: {'line': b'-- Up-to-date: /home/starry1n/WUTA/WUTA-FSD/ros2_ws/install/autoware_msgs/share/autoware_msgs/cmake/autoware_msgs__rosidl_typesupport_cExport.cmake\n'}
[0.664529] (autoware_msgs) StdoutLine: {'line': b'-- Up-to-date: /home/starry1n/WUTA/WUTA-FSD/ros2_ws/install/autoware_msgs/share/autoware_msgs/cmake/autoware_msgs__rosidl_typesupport_cExport-noconfig.cmake\n'}
[0.664552] (autoware_msgs) StdoutLine: {'line': b'-- Up-to-date: /home/starry1n/WUTA/WUTA-FSD/ros2_ws/install/autoware_msgs/share/autoware_msgs/cmake/export_autoware_msgs__rosidl_generator_cppExport.cmake\n'}
[0.664574] (autoware_msgs) StdoutLine: {'line': b'-- Up-to-date: /home/starry1n/WUTA/WUTA-FSD/ros2_ws/install/autoware_msgs/share/autoware_msgs/cmake/export_autoware_msgs__rosidl_typesupport_fastrtps_cppExport.cmake\n'}
[0.664595] (autoware_msgs) StdoutLine: {'line': b'-- Up-to-date: /home/starry1n/WUTA/WUTA-FSD/ros2_ws/install/autoware_msgs/share/autoware_msgs/cmake/export_autoware_msgs__rosidl_typesupport_fastrtps_cppExport-noconfig.cmake\n'}
[0.664616] (autoware_msgs) StdoutLine: {'line': b'-- Up-to-date: /home/starry1n/WUTA/WUTA-FSD/ros2_ws/install/autoware_msgs/share/autoware_msgs/cmake/autoware_msgs__rosidl_typesupport_introspection_cppExport.cmake\n'}
[0.664644] (autoware_msgs) StdoutLine: {'line': b'-- Up-to-date: /home/starry1n/WUTA/WUTA-FSD/ros2_ws/install/autoware_msgs/share/autoware_msgs/cmake/autoware_msgs__rosidl_typesupport_introspection_cppExport-noconfig.cmake\n'}
[0.664667] (autoware_msgs) StdoutLine: {'line': b'-- Up-to-date: /home/starry1n/WUTA/WUTA-FSD/ros2_ws/install/autoware_msgs/share/autoware_msgs/cmake/autoware_msgs__rosidl_typesupport_cppExport.cmake\n'}
[0.664720] (autoware_msgs) StdoutLine: {'line': b'-- Up-to-date: /home/starry1n/WUTA/WUTA-FSD/ros2_ws/install/autoware_msgs/share/autoware_msgs/cmake/autoware_msgs__rosidl_typesupport_cppExport-noconfig.cmake\n'}
[0.664746] (autoware_msgs) StdoutLine: {'line': b'-- Up-to-date: /home/starry1n/WUTA/WUTA-FSD/ros2_ws/install/autoware_msgs/share/autoware_msgs/cmake/export_autoware_msgs__rosidl_generator_pyExport.cmake\n'}
[0.664769] (autoware_msgs) StdoutLine: {'line': b'-- Up-to-date: /home/starry1n/WUTA/WUTA-FSD/ros2_ws/install/autoware_msgs/share/autoware_msgs/cmake/export_autoware_msgs__rosidl_generator_pyExport-noconfig.cmake\n'}
[0.664794] (autoware_msgs) CommandEnded: {'returncode': 0}
[0.699374] (autoware_msgs) JobEnded: {'identifier': 'autoware_msgs', 'rc': 0}
[0.703075] (-) TimerEvent: {}
[0.703297] (boundary_detector) JobStarted: {'identifier': 'boundary_detector'}
[0.708386] (robot_localization) StdoutLine: {'line': b"Listing '/home/starry1n/WUTA/WUTA-FSD/ros2_ws/install/robot_localization/local/lib/python3.10/dist-packages/robot_localization'...\n"}
[0.711607] (robot_localization) StdoutLine: {'line': b"Listing '/home/starry1n/WUTA/WUTA-FSD/ros2_ws/install/robot_localization/local/lib/python3.10/dist-packages/robot_localization/srv'...\n"}
[0.711679] (robot_localization) StdoutLine: {'line': b'-- Up-to-date: /home/starry1n/WUTA/WUTA-FSD/ros2_ws/install/robot_localization/lib/librobot_localization__rosidl_generator_py.so\n'}
[0.711739] (robot_localization) StdoutLine: {'line': b'-- Up-to-date: /home/starry1n/WUTA/WUTA-FSD/ros2_ws/install/robot_localization/share/robot_localization/test\n'}
[0.711771] (robot_localization) StdoutLine: {'line': b'-- Up-to-date: /home/starry1n/WUTA/WUTA-FSD/ros2_ws/install/robot_localization/share/robot_localization/test/test_ekf_localization_node_bag3.launch.py\n'}
[0.711798] (robot_localization) StdoutLine: {'line': b'-- Up-to-date: /home/starry1n/WUTA/WUTA-FSD/ros2_ws/install/robot_localization/share/robot_localization/test/test_ekf_localization_node_bag2.sh\n'}
[0.711823] (robot_localization) StdoutLine: {'line': b'-- Up-to-date: /home/starry1n/WUTA/WUTA-FSD/ros2_ws/install/robot_localization/share/robot_localization/test/test3.bag\n'}
[0.711845] (robot_localization) StdoutLine: {'line': b'-- Up-to-date: /home/starry1n/WUTA/WUTA-FSD/ros2_ws/install/robot_localization/share/robot_localization/test/test_ukf_localization_node_bag2.launch.py\n'}
[0.711868] (robot_localization) StdoutLine: {'line': b'-- Up-to-date: /home/starry1n/WUTA/WUTA-FSD/ros2_ws/install/robot_localization/share/robot_localization/test/test_ros_robot_localization_listener.cpp\n'}
[0.711901] (robot_localization) StdoutLine: {'line': b'-- Up-to-date: /home/starry1n/WUTA/WUTA-FSD/ros2_ws/install/robot_localization/share/robot_localization/test/test_ekf_localization_node_bag1.sh\n'}
[0.711923] (robot_localization) StdoutLine: {'line': b'-- Up-to-date: /home/starry1n/WUTA/WUTA-FSD/ros2_ws/install/robot_localization/share/robot_localization/test/test_ukf_localization_node_bag3.yaml\n'}
[0.711945] (robot_localization) StdoutLine: {'line': b'-- Up-to-date: /home/starry1n/WUTA/WUTA-FSD/ros2_ws/install/robot_localization/share/robot_localization/test/test_ekf_localization_node_interfaces.cpp\n'}
[0.711971] (robot_localization) StdoutLine: {'line': b'-- Up-to-date: /home/starry1n/WUTA/WUTA-FSD/ros2_ws/install/robot_localization/share/robot_localization/test/test_ros_robot_localization_listener_publisher.cpp\n'}
[0.711993] (robot_localization) StdoutLine: {'line': b'-- Up-to-date: /home/starry1n/WUTA/WUTA-FSD/ros2_ws/install/robot_localization/share/robot_localization/test/test_localization_node_bag_pose_tester.cpp\n'}
[0.712015] (robot_localization) StdoutLine: {'line': b'-- Up-to-date: /home/starry1n/WUTA/WUTA-FSD/ros2_ws/install/robot_localization/share/robot_localization/test/test_filter_base.cpp\n'}
[0.712038] (robot_localization) StdoutLine: {'line': b'-- Up-to-date: /home/starry1n/WUTA/WUTA-FSD/ros2_ws/install/robot_localization/share/robot_localization/test/test_ekf_localization_node_bag1.launch.py\n'}
[0.712060] (robot_localization) StdoutLine: {'line': b'-- Up-to-date: /home/starry1n/WUTA/WUTA-FSD/ros2_ws/install/robot_localization/share/robot_localization/test/test1.bag\n'}
[0.712090] (robot_localization) StdoutLine: {'line': b'-- Up-to-date: /home/starry1n/WUTA/WUTA-FSD/ros2_ws/install/robot_localization/share/robot_localization/test/test_ros_robot_localization_listener.yaml\n'}
[0.712111] (robot_localization) StdoutLine: {'line': b'-- Up-to-date: /home/starry1n/WUTA/WUTA-FSD/ros2_ws/install/robot_localization/share/robot_localization/test/test_ros_robot_localization_listener.launch.py\n'}
[0.712133] (robot_localization) StdoutLine: {'line': b'-- Up-to-date: /home/starry1n/WUTA/WUTA-FSD/ros2_ws/install/robot_localization/share/robot_localization/test/test_robot_localization_estimator.launch.py\n'}
[0.712155] (robot_localization) StdoutLine: {'line': b'-- Up-to-date: /home/starry1n/WUTA/WUTA-FSD/ros2_ws/install/robot_localization/share/robot_localization/test/test_ukf_localization_node_bag2.sh\n'}
[0.712266] (robot_localization) StdoutLine: {'line': b'-- Up-to-date: /home/starry1n/WUTA/WUTA-FSD/ros2_ws/install/robot_localization/share/robot_localization/test/test_ukf_localization_node_bag1.launch.py\n'}
[0.712297] (robot_localization) StdoutLine: {'line': b'-- Up-to-date: /home/starry1n/WUTA/WUTA-FSD/ros2_ws/install/robot_localization/share/robot_localization/test/test_filter_base_diagnostics_timestamps.yaml\n'}
[0.712319] (robot_localization) StdoutLine: {'line': b'-- Up-to-date: /home/starry1n/WUTA/WUTA-FSD/ros2_ws/install/robot_localization/share/robot_localization/test/test_ukf_localization_node_bag3.sh\n'}
[0.712342] (robot_localization) StdoutLine: {'line': b'-- Up-to-date: /home/starry1n/WUTA/WUTA-FSD/ros2_ws/install/robot_localization/share/robot_localization/test/test_ekf.cpp\n'}
[0.712364] (robot_localization) StdoutLine: {'line': b'-- Up-to-date: /home/starry1n/WUTA/WUTA-FSD/ros2_ws/install/robot_localization/share/robot_localization/test/test_ekf_localization_node_bag2.yaml\n'}
[0.712385] (robot_localization) StdoutLine: {'line': b'-- Up-to-date: /home/starry1n/WUTA/WUTA-FSD/ros2_ws/install/robot_localization/share/robot_localization/test/test_ekf_localization_node_bag3.yaml\n'}
[0.712407] (robot_localization) StdoutLine: {'line': b'-- Up-to-date: /home/starry1n/WUTA/WUTA-FSD/ros2_ws/install/robot_localization/share/robot_localization/test/test_ekf_localization_node_interfaces.yaml\n'}
[0.712429] (robot_localization) StdoutLine: {'line': b'-- Up-to-date: /home/starry1n/WUTA/WUTA-FSD/ros2_ws/install/robot_localization/share/robot_localization/test/test_ukf_localization_node_bag2.yaml\n'}
[0.712457] (robot_localization) StdoutLine: {'line': b'-- Up-to-date: /home/starry1n/WUTA/WUTA-FSD/ros2_ws/install/robot_localization/share/robot_localization/test/test_ukf_localization_node_bag1.sh\n'}
[0.712479] (robot_localization) StdoutLine: {'line': b'-- Up-to-date: /home/starry1n/WUTA/WUTA-FSD/ros2_ws/install/robot_localization/share/robot_localization/test/test_ekf_localization_node_interfaces.launch.py\n'}
[0.712501] (robot_localization) StdoutLine: {'line': b'-- Up-to-date: /home/starry1n/WUTA/WUTA-FSD/ros2_ws/install/robot_localization/share/robot_localization/test/test_ukf_localization_node_interfaces.yaml\n'}
[0.712523] (robot_localization) StdoutLine: {'line': b'-- Up-to-date: /home/starry1n/WUTA/WUTA-FSD/ros2_ws/install/robot_localization/share/robot_localization/test/test_ukf_localization_node_interfaces.launch.py\n'}
[0.712544] (robot_localization) StdoutLine: {'line': b'-- Up-to-date: /home/starry1n/WUTA/WUTA-FSD/ros2_ws/install/robot_localization/share/robot_localization/test/test_filter_base_diagnostics_timestamps.cpp\n'}
[0.712567] (robot_localization) StdoutLine: {'line': b'-- Up-to-date: /home/starry1n/WUTA/WUTA-FSD/ros2_ws/install/robot_localization/share/robot_localization/test/test_ukf_localization_node_bag1.yaml\n'}
[0.712593] (robot_localization) StdoutLine: {'line': b'-- Up-to-date: /home/starry1n/WUTA/WUTA-FSD/ros2_ws/install/robot_localization/share/robot_localization/test/test2.bag\n'}
[0.712616] (robot_localization) StdoutLine: {'line': b'-- Up-to-date: /home/starry1n/WUTA/WUTA-FSD/ros2_ws/install/robot_localization/share/robot_localization/test/test_navsat_conversions.cpp\n'}
[0.712636] (robot_localization) StdoutLine: {'line': b'-- Up-to-date: /home/starry1n/WUTA/WUTA-FSD/ros2_ws/install/robot_localization/share/robot_localization/test/test_ekf_localization_node_bag3.sh\n'}
[0.712657] (robot_localization) StdoutLine: {'line': b'-- Up-to-date: /home/starry1n/WUTA/WUTA-FSD/ros2_ws/install/robot_localization/share/robot_localization/test/test_ekf_localization_node_bag2.launch.py\n'}
[0.712677] (robot_localization) StdoutLine: {'line': b'-- Up-to-date: /home/starry1n/WUTA/WUTA-FSD/ros2_ws/install/robot_localization/share/robot_localization/test/test_ukf.cpp\n'}
[0.712709] (robot_localization) StdoutLine: {'line': b'-- Up-to-date: /home/starry1n/WUTA/WUTA-FSD/ros2_ws/install/robot_localization/share/robot_localization/test/test_filter_base_diagnostics_timestamps.launch.py\n'}
[0.712731] (robot_localization) StdoutLine: {'line': b'-- Up-to-date: /home/starry1n/WUTA/WUTA-FSD/ros2_ws/install/robot_localization/share/robot_localization/test/test_ukf_localization_node_interfaces.cpp\n'}
[0.712756] (robot_localization) StdoutLine: {'line': b'-- Up-to-date: /home/starry1n/WUTA/WUTA-FSD/ros2_ws/install/robot_localization/share/robot_localization/test/test_ekf_localization_node_bag1.yaml\n'}
[0.712777] (robot_localization) StdoutLine: {'line': b'-- Up-to-date: /home/starry1n/WUTA/WUTA-FSD/ros2_ws/install/robot_localization/share/robot_localization/test/test_robot_localization_estimator.cpp\n'}
[0.712798] (robot_localization) StdoutLine: {'line': b'-- Up-to-date: /home/starry1n/WUTA/WUTA-FSD/ros2_ws/install/robot_localization/share/robot_localization/test/test_ukf_localization_node_bag3.launch.py\n'}
[0.712819] (robot_localization) StdoutLine: {'line': b'-- Up-to-date: /home/starry1n/WUTA/WUTA-FSD/ros2_ws/install/robot_localization/include/robot_localization\n'}
[0.712874] (robot_localization) StdoutLine: {'line': b'-- Up-to-date: /home/starry1n/WUTA/WUTA-FSD/ros2_ws/install/robot_localization/include/robot_localization/robot_localization\n'}
[0.712900] (robot_localization) StdoutLine: {'line': b'-- Up-to-date: /home/starry1n/WUTA/WUTA-FSD/ros2_ws/install/robot_localization/include/robot_localization/robot_localization/filter_base.hpp\n'}
[0.712924] (robot_localization) StdoutLine: {'line': b'-- Up-to-date: /home/starry1n/WUTA/WUTA-FSD/ros2_ws/install/robot_localization/include/robot_localization/robot_localization/ukf.hpp\n'}
[0.712947] (robot_localization) StdoutLine: {'line': b'-- Up-to-date: /home/starry1n/WUTA/WUTA-FSD/ros2_ws/install/robot_localization/include/robot_localization/robot_localization/ros_filter_utilities.hpp\n'}
[0.712970] (robot_localization) StdoutLine: {'line': b'-- Up-to-date: /home/starry1n/WUTA/WUTA-FSD/ros2_ws/install/robot_localization/include/robot_localization/robot_localization/filter_common.hpp\n'}
[0.712994] (robot_localization) StdoutLine: {'line': b'-- Up-to-date: /home/starry1n/WUTA/WUTA-FSD/ros2_ws/install/robot_localization/include/robot_localization/robot_localization/measurement.hpp\n'}
[0.713017] (robot_localization) StdoutLine: {'line': b'-- Up-to-date: /home/starry1n/WUTA/WUTA-FSD/ros2_ws/install/robot_localization/include/robot_localization/robot_localization/ekf.hpp\n'}
[0.713039] (robot_localization) StdoutLine: {'line': b'-- Up-to-date: /home/starry1n/WUTA/WUTA-FSD/ros2_ws/install/robot_localization/include/robot_localization/robot_localization/navsat_transform.hpp\n'}
[0.713061] (robot_localization) StdoutLine: {'line': b'-- Up-to-date: /home/starry1n/WUTA/WUTA-FSD/ros2_ws/install/robot_localization/include/robot_localization/robot_localization/ros_filter.hpp\n'}
[0.713084] (robot_localization) StdoutLine: {'line': b'-- Up-to-date: /home/starry1n/WUTA/WUTA-FSD/ros2_ws/install/robot_localization/include/robot_localization/robot_localization/ros_filter_types.hpp\n'}
[0.713107] (robot_localization) StdoutLine: {'line': b'-- Up-to-date: /home/starry1n/WUTA/WUTA-FSD/ros2_ws/install/robot_localization/include/robot_localization/robot_localization/ros_robot_localization_listener.hpp\n'}
[0.713134] (robot_localization) StdoutLine: {'line': b'-- Up-to-date: /home/starry1n/WUTA/WUTA-FSD/ros2_ws/install/robot_localization/include/robot_localization/robot_localization/navsat_conversions.hpp\n'}
[0.713156] (robot_localization) StdoutLine: {'line': b'-- Up-to-date: /home/starry1n/WUTA/WUTA-FSD/ros2_ws/install/robot_localization/include/robot_localization/robot_localization/filter_state.hpp\n'}
[0.713178] (robot_localization) StdoutLine: {'line': b'-- Up-to-date: /home/starry1n/WUTA/WUTA-FSD/ros2_ws/install/robot_localization/include/robot_localization/robot_localization/filter_utilities.hpp\n'}
[0.713199] (robot_localization) StdoutLine: {'line': b'-- Up-to-date: /home/starry1n/WUTA/WUTA-FSD/ros2_ws/install/robot_localization/include/robot_localization/robot_localization/robot_localization_estimator.hpp\n'}
[0.713222] (robot_localization) StdoutLine: {'line': b'-- Up-to-date: /home/starry1n/WUTA/WUTA-FSD/ros2_ws/install/robot_localization/share/robot_localization/params\n'}
[0.713246] (robot_localization) StdoutLine: {'line': b'-- Up-to-date: /home/starry1n/WUTA/WUTA-FSD/ros2_ws/install/robot_localization/share/robot_localization/params/ukf.yaml\n'}
[0.713270] (robot_localization) StdoutLine: {'line': b'-- Up-to-date: /home/starry1n/WUTA/WUTA-FSD/ros2_ws/install/robot_localization/share/robot_localization/params/dual_ekf_navsat_example.yaml\n'}
[0.713291] (robot_localization) StdoutLine: {'line': b'-- Up-to-date: /home/starry1n/WUTA/WUTA-FSD/ros2_ws/install/robot_localization/share/robot_localization/params/ekf.yaml\n'}
[0.713312] (robot_localization) StdoutLine: {'line': b'-- Up-to-date: /home/starry1n/WUTA/WUTA-FSD/ros2_ws/install/robot_localization/share/robot_localization/params/navsat_transform.yaml\n'}
[0.713332] (robot_localization) StdoutLine: {'line': b'-- Up-to-date: /home/starry1n/WUTA/WUTA-FSD/ros2_ws/install/robot_localization/share/robot_localization/launch\n'}
[0.713352] (robot_localization) StdoutLine: {'line': b'-- Up-to-date: /home/starry1n/WUTA/WUTA-FSD/ros2_ws/install/robot_localization/share/robot_localization/launch/ekf.launch.py\n'}
[0.713372] (robot_localization) StdoutLine: {'line': b'-- Up-to-date: /home/starry1n/WUTA/WUTA-FSD/ros2_ws/install/robot_localization/share/robot_localization/launch/ukf.launch.py\n'}
[0.713394] (robot_localization) StdoutLine: {'line': b'-- Up-to-date: /home/starry1n/WUTA/WUTA-FSD/ros2_ws/install/robot_localization/share/robot_localization/launch/dual_ekf_navsat_example.launch.py\n'}
[0.713414] (robot_localization) StdoutLine: {'line': b'-- Up-to-date: /home/starry1n/WUTA/WUTA-FSD/ros2_ws/install/robot_localization/share/robot_localization/launch/navsat_transform.launch.py\n'}
[0.713435] (robot_localization) StdoutLine: {'line': b'-- Up-to-date: /home/starry1n/WUTA/WUTA-FSD/ros2_ws/install/robot_localization/share/robot_localization/cmake/export_robot_localization__rosidl_generator_cExport.cmake\n'}
[0.713456] (robot_localization) StdoutLine: {'line': b'-- Up-to-date: /home/starry1n/WUTA/WUTA-FSD/ros2_ws/install/robot_localization/share/robot_localization/cmake/export_robot_localization__rosidl_generator_cExport-relwithdebinfo.cmake\n'}
[0.713478] (robot_localization) StdoutLine: {'line': b'-- Up-to-date: /home/starry1n/WUTA/WUTA-FSD/ros2_ws/install/robot_localization/share/robot_localization/cmake/export_robot_localization__rosidl_typesupport_fastrtps_cExport.cmake\n'}
[0.713499] (robot_localization) StdoutLine: {'line': b'-- Up-to-date: /home/starry1n/WUTA/WUTA-FSD/ros2_ws/install/robot_localization/share/robot_localization/cmake/export_robot_localization__rosidl_typesupport_fastrtps_cExport-relwithdebinfo.cmake\n'}
[0.713521] (robot_localization) StdoutLine: {'line': b'-- Up-to-date: /home/starry1n/WUTA/WUTA-FSD/ros2_ws/install/robot_localization/share/robot_localization/cmake/export_robot_localization__rosidl_generator_cppExport.cmake\n'}
[0.713543] (robot_localization) StdoutLine: {'line': b'-- Up-to-date: /home/starry1n/WUTA/WUTA-FSD/ros2_ws/install/robot_localization/share/robot_localization/cmake/export_robot_localization__rosidl_typesupport_fastrtps_cppExport.cmake\n'}
[0.713563] (robot_localization) StdoutLine: {'line': b'-- Up-to-date: /home/starry1n/WUTA/WUTA-FSD/ros2_ws/install/robot_localization/share/robot_localization/cmake/export_robot_localization__rosidl_typesupport_fastrtps_cppExport-relwithdebinfo.cmake\n'}
[0.713585] (robot_localization) StdoutLine: {'line': b'-- Up-to-date: /home/starry1n/WUTA/WUTA-FSD/ros2_ws/install/robot_localization/share/robot_localization/cmake/robot_localization__rosidl_typesupport_introspection_cExport.cmake\n'}
[0.713609] (robot_localization) StdoutLine: {'line': b'-- Up-to-date: /home/starry1n/WUTA/WUTA-FSD/ros2_ws/install/robot_localization/share/robot_localization/cmake/robot_localization__rosidl_typesupport_introspection_cExport-relwithdebinfo.cmake\n'}
[0.713629] (robot_localization) StdoutLine: {'line': b'-- Up-to-date: /home/starry1n/WUTA/WUTA-FSD/ros2_ws/install/robot_localization/share/robot_localization/cmake/robot_localization__rosidl_typesupport_cExport.cmake\n'}
[0.713735] (robot_localization) StdoutLine: {'line': b'-- Up-to-date: /home/starry1n/WUTA/WUTA-FSD/ros2_ws/install/robot_localization/share/robot_localization/cmake/robot_localization__rosidl_typesupport_cExport-relwithdebinfo.cmake\n'}
[0.713834] (robot_localization) StdoutLine: {'line': b'-- Up-to-date: /home/starry1n/WUTA/WUTA-FSD/ros2_ws/install/robot_localization/share/robot_localization/cmake/robot_localization__rosidl_typesupport_introspection_cppExport.cmake\n'}
[0.713946] (robot_localization) StdoutLine: {'line': b'-- Up-to-date: /home/starry1n/WUTA/WUTA-FSD/ros2_ws/install/robot_localization/share/robot_localization/cmake/robot_localization__rosidl_typesupport_introspection_cppExport-relwithdebinfo.cmake\n'}
[0.714000] (robot_localization) StdoutLine: {'line': b'-- Up-to-date: /home/starry1n/WUTA/WUTA-FSD/ros2_ws/install/robot_localization/share/robot_localization/cmake/robot_localization__rosidl_typesupport_cppExport.cmake\n'}
[0.714029] (robot_localization) StdoutLine: {'line': b'-- Up-to-date: /home/starry1n/WUTA/WUTA-FSD/ros2_ws/install/robot_localization/share/robot_localization/cmake/robot_localization__rosidl_typesupport_cppExport-relwithdebinfo.cmake\n'}
[0.714057] (robot_localization) StdoutLine: {'line': b'-- Up-to-date: /home/starry1n/WUTA/WUTA-FSD/ros2_ws/install/robot_localization/share/robot_localization/cmake/export_robot_localization__rosidl_generator_pyExport.cmake\n'}
[0.714086] (robot_localization) StdoutLine: {'line': b'-- Up-to-date: /home/starry1n/WUTA/WUTA-FSD/ros2_ws/install/robot_localization/share/robot_localization/cmake/export_robot_localization__rosidl_generator_pyExport-relwithdebinfo.cmake\n'}
[0.714112] (detection_fusion) StdoutLine: {'line': b'-- Install configuration: ""\n'}
[0.714157] (detection_fusion) StdoutLine: {'line': b'-- Execute custom install script\n'}
[0.714182] (detection_fusion) StdoutLine: {'line': b'-- Up-to-date symlink: /home/starry1n/WUTA/WUTA-FSD/ros2_ws/install/detection_fusion/share/ament_index/resource_index/package_run_dependencies/detection_fusion\n'}
[0.714205] (detection_fusion) StdoutLine: {'line': b'-- Up-to-date symlink: /home/starry1n/WUTA/WUTA-FSD/ros2_ws/install/detection_fusion/share/ament_index/resource_index/parent_prefix_path/detection_fusion\n'}
[0.714227] (detection_fusion) StdoutLine: {'line': b'-- Up-to-date symlink: /home/starry1n/WUTA/WUTA-FSD/ros2_ws/install/detection_fusion/share/detection_fusion/environment/ament_prefix_path.sh\n'}
[0.714252] (detection_fusion) StdoutLine: {'line': b'-- Up-to-date symlink: /home/starry1n/WUTA/WUTA-FSD/ros2_ws/install/detection_fusion/share/detection_fusion/environment/ament_prefix_path.dsv\n'}
[0.714276] (detection_fusion) StdoutLine: {'line': b'-- Up-to-date symlink: /home/starry1n/WUTA/WUTA-FSD/ros2_ws/install/detection_fusion/share/detection_fusion/environment/path.sh\n'}
[0.714299] (detection_fusion) StdoutLine: {'line': b'-- Up-to-date symlink: /home/starry1n/WUTA/WUTA-FSD/ros2_ws/install/detection_fusion/share/detection_fusion/environment/path.dsv\n'}
[0.714324] (detection_fusion) StdoutLine: {'line': b'-- Up-to-date symlink: /home/starry1n/WUTA/WUTA-FSD/ros2_ws/install/detection_fusion/share/detection_fusion/local_setup.bash\n'}
[0.714347] (detection_fusion) StdoutLine: {'line': b'-- Up-to-date symlink: /home/starry1n/WUTA/WUTA-FSD/ros2_ws/install/detection_fusion/share/detection_fusion/local_setup.sh\n'}
[0.714372] (detection_fusion) StdoutLine: {'line': b'-- Up-to-date symlink: /home/starry1n/WUTA/WUTA-FSD/ros2_ws/install/detection_fusion/share/detection_fusion/local_setup.zsh\n'}
[0.723845] (detection_fusion) StdoutLine: {'line': b'-- Up-to-date symlink: /home/starry1n/WUTA/WUTA-FSD/ros2_ws/install/detection_fusion/share/detection_fusion/local_setup.dsv\n'}
[0.724004] (detection_fusion) StdoutLine: {'line': b'-- Symlinking: /home/starry1n/WUTA/WUTA-FSD/ros2_ws/install/detection_fusion/share/detection_fusion/package.dsv\n'}
[0.724052] (detection_fusion) StdoutLine: {'line': b'-- Up-to-date symlink: /home/starry1n/WUTA/WUTA-FSD/ros2_ws/install/detection_fusion/share/ament_index/resource_index/packages/detection_fusion\n'}
[0.724122] (detection_fusion) StdoutLine: {'line': b'-- Up-to-date symlink: /home/starry1n/WUTA/WUTA-FSD/ros2_ws/install/detection_fusion/share/detection_fusion/cmake/detection_fusionConfig.cmake\n'}
[0.724160] (detection_fusion) StdoutLine: {'line': b'-- Up-to-date symlink: /home/starry1n/WUTA/WUTA-FSD/ros2_ws/install/detection_fusion/share/detection_fusion/cmake/detection_fusionConfig-version.cmake\n'}
[0.724198] (detection_fusion) StdoutLine: {'line': b'-- Up-to-date symlink: /home/starry1n/WUTA/WUTA-FSD/ros2_ws/install/detection_fusion/share/detection_fusion/package.xml\n'}
[0.724237] (camera_detection) CommandEnded: {'returncode': 0}
[0.724813] (camera_detection) JobProgress: {'identifier': 'camera_detection', 'progress': 'install'}
[0.725646] (camera_detection) Command: {'cmd': ['/usr/bin/cmake', '--install', '/home/starry1n/WUTA/WUTA-FSD/ros2_ws/build/camera_detection'], 'cwd': '/home/starry1n/WUTA/WUTA-FSD/ros2_ws/build/camera_detection', 'env': OrderedDict([('LESSOPEN', '| /usr/bin/lesspipe %s'), ('CODEX_CI', '1'), ('LANGUAGE', 'zh_CN:zh'), ('USER', 'starry1n'), ('XDG_SESSION_TYPE', 'wayland'), ('SHLVL', '2'), ('LD_LIBRARY_PATH', '/home/starry1n/WUTA/WUTA-FSD/ros2_ws/install/wuta_msgs/lib:/opt/ros/humble/opt/rviz_ogre_vendor/lib:/opt/ros/humble/lib/x86_64-linux-gnu:/opt/ros/humble/lib'), ('HOME', '/home/starry1n'), ('OLDPWD', '/home/starry1n/WUTA/WUTA-FSD'), ('DESKTOP_SESSION', 'ubuntu'), ('ROS_PYTHON_VERSION', '3'), ('GNOME_SHELL_SESSION_MODE', 'ubuntu'), ('GTK_MODULES', 'gail:atk-bridge'), ('PAGER', 'cat'), ('LC_CTYPE', 'C.UTF-8'), ('DBUS_STARTER_BUS_TYPE', 'session'), ('SYSTEMD_EXEC_PID', '2321'), ('IM_CONFIG_CHECK_ENV', '1'), ('NO_COLOR', '1'), ('DBUS_SESSION_BUS_ADDRESS', 'unix:path=/run/user/1000/bus,guid=c67e2489f73595b365ff0ae46a50c8ee'), ('COLORTERM', ''), ('IM_CONFIG_PHASE', '1'), ('WAYLAND_DISPLAY', 'wayland-0'), ('CODEX_PERMISSION_PROFILE', ':workspace'), ('ROS_DISTRO', 'humble'), ('LOGNAME', 'starry1n'), ('_', '/usr/bin/colcon'), ('ROS_VERSION', '2'), ('XDG_SESSION_CLASS', 'user'), ('USERNAME', 'starry1n'), ('TERM', 'dumb'), ('GNOME_DESKTOP_SESSION_ID', 'this-is-deprecated'), ('ROS_LOCALHOST_ONLY', '0'), ('PATH', '/home/starry1n/.local/bin:/home/starry1n/.codex/packages/standalone/releases/0.144.4-x86_64-unknown-linux-musl/codex-path:/home/starry1n/.codex/tmp/arg0/codex-arg05cnADw:/home/starry1n/.local/bin:/opt/ros/humble/bin:/home/starry1n/.local/bin:/usr/local/sbin:/usr/local/bin:/usr/sbin:/usr/bin:/sbin:/bin:/usr/games:/usr/local/games:/snap/bin:/snap/bin'), ('SESSION_MANAGER', 'local/starry1n-virtual-machine:@/tmp/.ICE-unix/2321,unix/starry1n-virtual-machine:/tmp/.ICE-unix/2321'), ('XDG_MENU_PREFIX', 'gnome-'), ('GNOME_TERMINAL_SCREEN', '/org/gnome/Terminal/screen/b41f3890_f157_4b82_b249_7c5cfcb9354a'), ('GNOME_SETUP_DISPLAY', ':1'), ('XDG_RUNTIME_DIR', '/run/user/1000'), ('DISPLAY', ':0'), ('CODEX_SANDBOX_NETWORK_DISABLED', '1'), ('LANG', 'C.UTF-8'), ('XDG_CURRENT_DESKTOP', 'ubuntu:GNOME'), ('XMODIFIERS', '@im=ibus'), ('GH_PAGER', 'cat'), ('XDG_SESSION_DESKTOP', 'ubuntu'), ('XAUTHORITY', '/run/user/1000/.mutter-Xwaylandauth.H6FRS3'), ('LS_COLORS', 'rs=0:di=01;34:ln=01;36:mh=00:pi=40;33:so=01;35:do=01;35:bd=40;33;01:cd=40;33;01:or=40;31;01:mi=00:su=37;41:sg=30;43:ca=30;41:tw=30;42:ow=34;42:st=37;44:ex=01;32:*.tar=01;31:*.tgz=01;31:*.arc=01;31:*.arj=01;31:*.taz=01;31:*.lha=01;31:*.lz4=01;31:*.lzh=01;31:*.lzma=01;31:*.tlz=01;31:*.txz=01;31:*.tzo=01;31:*.t7z=01;31:*.zip=01;31:*.z=01;31:*.dz=01;31:*.gz=01;31:*.lrz=01;31:*.lz=01;31:*.lzo=01;31:*.xz=01;31:*.zst=01;31:*.tzst=01;31:*.bz2=01;31:*.bz=01;31:*.tbz=01;31:*.tbz2=01;31:*.tz=01;31:*.deb=01;31:*.rpm=01;31:*.jar=01;31:*.war=01;31:*.ear=01;31:*.sar=01;31:*.rar=01;31:*.alz=01;31:*.ace=01;31:*.zoo=01;31:*.cpio=01;31:*.7z=01;31:*.rz=01;31:*.cab=01;31:*.wim=01;31:*.swm=01;31:*.dwm=01;31:*.esd=01;31:*.jpg=01;35:*.jpeg=01;35:*.mjpg=01;35:*.mjpeg=01;35:*.gif=01;35:*.bmp=01;35:*.pbm=01;35:*.pgm=01;35:*.ppm=01;35:*.tga=01;35:*.xbm=01;35:*.xpm=01;35:*.tif=01;35:*.tiff=01;35:*.png=01;35:*.svg=01;35:*.svgz=01;35:*.mng=01;35:*.pcx=01;35:*.mov=01;35:*.mpg=01;35:*.mpeg=01;35:*.m2v=01;35:*.mkv=01;35:*.webm=01;35:*.webp=01;35:*.ogm=01;35:*.mp4=01;35:*.m4v=01;35:*.mp4v=01;35:*.vob=01;35:*.qt=01;35:*.nuv=01;35:*.wmv=01;35:*.asf=01;35:*.rm=01;35:*.rmvb=01;35:*.flc=01;35:*.avi=01;35:*.fli=01;35:*.flv=01;35:*.gl=01;35:*.dl=01;35:*.xcf=01;35:*.xwd=01;35:*.yuv=01;35:*.cgm=01;35:*.emf=01;35:*.ogv=01;35:*.ogx=01;35:*.aac=00;36:*.au=00;36:*.flac=00;36:*.m4a=00;36:*.mid=00;36:*.midi=00;36:*.mka=00;36:*.mp3=00;36:*.mpc=00;36:*.ogg=00;36:*.ra=00;36:*.wav=00;36:*.oga=00;36:*.opus=00;36:*.spx=00;36:*.xspf=00;36:'), ('GNOME_TERMINAL_SERVICE', ':1.330'), ('SSH_AGENT_LAUNCHER', 'gnome-keyring'), ('SSH_AUTH_SOCK', '/run/user/1000/keyring/ssh'), ('AMENT_PREFIX_PATH', '/home/starry1n/WUTA/WUTA-FSD/ros2_ws/install/wuta_msgs:/opt/ros/humble'), ('SHELL', '/bin/bash'), ('QT_ACCESSIBILITY', '1'), ('GDMSESSION', 'ubuntu'), ('LESSCLOSE', '/usr/bin/lesspipe %s %s'), ('CODEX_THREAD_ID', '019f5073-bc50-71a2-9549-8d1988512281'), ('GIT_PAGER', 'cat'), ('QT_IM_MODULE', 'ibus'), ('PWD', '/home/starry1n/WUTA/WUTA-FSD/ros2_ws/build/camera_detection'), ('LC_ALL', 'C.UTF-8'), ('XDG_CONFIG_DIRS', '/etc/xdg/xdg-ubuntu:/etc/xdg'), ('DBUS_STARTER_ADDRESS', 'unix:path=/run/user/1000/bus,guid=c67e2489f73595b365ff0ae46a50c8ee'), ('XDG_DATA_DIRS', '/usr/share/ubuntu:/usr/local/share/:/usr/share/:/var/lib/snapd/desktop'), ('PYTHONPATH', '/home/starry1n/WUTA/WUTA-FSD/ros2_ws/install/wuta_msgs/local/lib/python3.10/dist-packages:/opt/ros/humble/lib/python3.10/site-packages:/opt/ros/humble/local/lib/python3.10/dist-packages'), ('COLCON', '1'), ('VTE_VERSION', '6800'), ('CMAKE_PREFIX_PATH', '/home/starry1n/WUTA/WUTA-FSD/ros2_ws/install/wuta_msgs:/opt/ros/humble')]), 'shell': False}
[0.727911] (kiss_icp_wrapper) CommandEnded: {'returncode': 0}
[0.729185] (kiss_icp_wrapper) JobProgress: {'identifier': 'kiss_icp_wrapper', 'progress': 'install'}
[0.729227] (kiss_icp_wrapper) Command: {'cmd': ['/usr/bin/cmake', '--install', '/home/starry1n/WUTA/WUTA-FSD/ros2_ws/build/kiss_icp_wrapper'], 'cwd': '/home/starry1n/WUTA/WUTA-FSD/ros2_ws/build/kiss_icp_wrapper', 'env': OrderedDict([('LESSOPEN', '| /usr/bin/lesspipe %s'), ('CODEX_CI', '1'), ('LANGUAGE', 'zh_CN:zh'), ('USER', 'starry1n'), ('XDG_SESSION_TYPE', 'wayland'), ('SHLVL', '2'), ('LD_LIBRARY_PATH', '/home/starry1n/WUTA/WUTA-FSD/ros2_ws/install/wuta_msgs/lib:/opt/ros/humble/opt/rviz_ogre_vendor/lib:/opt/ros/humble/lib/x86_64-linux-gnu:/opt/ros/humble/lib'), ('HOME', '/home/starry1n'), ('OLDPWD', '/home/starry1n/WUTA/WUTA-FSD'), ('DESKTOP_SESSION', 'ubuntu'), ('ROS_PYTHON_VERSION', '3'), ('GNOME_SHELL_SESSION_MODE', 'ubuntu'), ('GTK_MODULES', 'gail:atk-bridge'), ('PAGER', 'cat'), ('LC_CTYPE', 'C.UTF-8'), ('DBUS_STARTER_BUS_TYPE', 'session'), ('SYSTEMD_EXEC_PID', '2321'), ('IM_CONFIG_CHECK_ENV', '1'), ('NO_COLOR', '1'), ('DBUS_SESSION_BUS_ADDRESS', 'unix:path=/run/user/1000/bus,guid=c67e2489f73595b365ff0ae46a50c8ee'), ('COLORTERM', ''), ('IM_CONFIG_PHASE', '1'), ('WAYLAND_DISPLAY', 'wayland-0'), ('CODEX_PERMISSION_PROFILE', ':workspace'), ('ROS_DISTRO', 'humble'), ('LOGNAME', 'starry1n'), ('_', '/usr/bin/colcon'), ('ROS_VERSION', '2'), ('XDG_SESSION_CLASS', 'user'), ('USERNAME', 'starry1n'), ('TERM', 'dumb'), ('GNOME_DESKTOP_SESSION_ID', 'this-is-deprecated'), ('ROS_LOCALHOST_ONLY', '0'), ('PATH', '/home/starry1n/.local/bin:/home/starry1n/.codex/packages/standalone/releases/0.144.4-x86_64-unknown-linux-musl/codex-path:/home/starry1n/.codex/tmp/arg0/codex-arg05cnADw:/home/starry1n/.local/bin:/opt/ros/humble/bin:/home/starry1n/.local/bin:/usr/local/sbin:/usr/local/bin:/usr/sbin:/usr/bin:/sbin:/bin:/usr/games:/usr/local/games:/snap/bin:/snap/bin'), ('SESSION_MANAGER', 'local/starry1n-virtual-machine:@/tmp/.ICE-unix/2321,unix/starry1n-virtual-machine:/tmp/.ICE-unix/2321'), ('XDG_MENU_PREFIX', 'gnome-'), ('GNOME_TERMINAL_SCREEN', '/org/gnome/Terminal/screen/b41f3890_f157_4b82_b249_7c5cfcb9354a'), ('GNOME_SETUP_DISPLAY', ':1'), ('XDG_RUNTIME_DIR', '/run/user/1000'), ('DISPLAY', ':0'), ('CODEX_SANDBOX_NETWORK_DISABLED', '1'), ('LANG', 'C.UTF-8'), ('XDG_CURRENT_DESKTOP', 'ubuntu:GNOME'), ('XMODIFIERS', '@im=ibus'), ('GH_PAGER', 'cat'), ('XDG_SESSION_DESKTOP', 'ubuntu'), ('XAUTHORITY', '/run/user/1000/.mutter-Xwaylandauth.H6FRS3'), ('LS_COLORS', 'rs=0:di=01;34:ln=01;36:mh=00:pi=40;33:so=01;35:do=01;35:bd=40;33;01:cd=40;33;01:or=40;31;01:mi=00:su=37;41:sg=30;43:ca=30;41:tw=30;42:ow=34;42:st=37;44:ex=01;32:*.tar=01;31:*.tgz=01;31:*.arc=01;31:*.arj=01;31:*.taz=01;31:*.lha=01;31:*.lz4=01;31:*.lzh=01;31:*.lzma=01;31:*.tlz=01;31:*.txz=01;31:*.tzo=01;31:*.t7z=01;31:*.zip=01;31:*.z=01;31:*.dz=01;31:*.gz=01;31:*.lrz=01;31:*.lz=01;31:*.lzo=01;31:*.xz=01;31:*.zst=01;31:*.tzst=01;31:*.bz2=01;31:*.bz=01;31:*.tbz=01;31:*.tbz2=01;31:*.tz=01;31:*.deb=01;31:*.rpm=01;31:*.jar=01;31:*.war=01;31:*.ear=01;31:*.sar=01;31:*.rar=01;31:*.alz=01;31:*.ace=01;31:*.zoo=01;31:*.cpio=01;31:*.7z=01;31:*.rz=01;31:*.cab=01;31:*.wim=01;31:*.swm=01;31:*.dwm=01;31:*.esd=01;31:*.jpg=01;35:*.jpeg=01;35:*.mjpg=01;35:*.mjpeg=01;35:*.gif=01;35:*.bmp=01;35:*.pbm=01;35:*.pgm=01;35:*.ppm=01;35:*.tga=01;35:*.xbm=01;35:*.xpm=01;35:*.tif=01;35:*.tiff=01;35:*.png=01;35:*.svg=01;35:*.svgz=01;35:*.mng=01;35:*.pcx=01;35:*.mov=01;35:*.mpg=01;35:*.mpeg=01;35:*.m2v=01;35:*.mkv=01;35:*.webm=01;35:*.webp=01;35:*.ogm=01;35:*.mp4=01;35:*.m4v=01;35:*.mp4v=01;35:*.vob=01;35:*.qt=01;35:*.nuv=01;35:*.wmv=01;35:*.asf=01;35:*.rm=01;35:*.rmvb=01;35:*.flc=01;35:*.avi=01;35:*.fli=01;35:*.flv=01;35:*.gl=01;35:*.dl=01;35:*.xcf=01;35:*.xwd=01;35:*.yuv=01;35:*.cgm=01;35:*.emf=01;35:*.ogv=01;35:*.ogx=01;35:*.aac=00;36:*.au=00;36:*.flac=00;36:*.m4a=00;36:*.mid=00;36:*.midi=00;36:*.mka=00;36:*.mp3=00;36:*.mpc=00;36:*.ogg=00;36:*.ra=00;36:*.wav=00;36:*.oga=00;36:*.opus=00;36:*.spx=00;36:*.xspf=00;36:'), ('GNOME_TERMINAL_SERVICE', ':1.330'), ('SSH_AGENT_LAUNCHER', 'gnome-keyring'), ('SSH_AUTH_SOCK', '/run/user/1000/keyring/ssh'), ('AMENT_PREFIX_PATH', '/home/starry1n/WUTA/WUTA-FSD/ros2_ws/install/wuta_msgs:/opt/ros/humble'), ('SHELL', '/bin/bash'), ('QT_ACCESSIBILITY', '1'), ('GDMSESSION', 'ubuntu'), ('LESSCLOSE', '/usr/bin/lesspipe %s %s'), ('CODEX_THREAD_ID', '019f5073-bc50-71a2-9549-8d1988512281'), ('GIT_PAGER', 'cat'), ('QT_IM_MODULE', 'ibus'), ('PWD', '/home/starry1n/WUTA/WUTA-FSD/ros2_ws/build/kiss_icp_wrapper'), ('LC_ALL', 'C.UTF-8'), ('XDG_CONFIG_DIRS', '/etc/xdg/xdg-ubuntu:/etc/xdg'), ('DBUS_STARTER_ADDRESS', 'unix:path=/run/user/1000/bus,guid=c67e2489f73595b365ff0ae46a50c8ee'), ('XDG_DATA_DIRS', '/usr/share/ubuntu:/usr/local/share/:/usr/share/:/var/lib/snapd/desktop'), ('PYTHONPATH', '/home/starry1n/WUTA/WUTA-FSD/ros2_ws/install/wuta_msgs/local/lib/python3.10/dist-packages:/opt/ros/humble/lib/python3.10/site-packages:/opt/ros/humble/local/lib/python3.10/dist-packages'), ('COLCON', '1'), ('VTE_VERSION', '6800'), ('CMAKE_PREFIX_PATH', '/home/starry1n/WUTA/WUTA-FSD/ros2_ws/install/wuta_msgs:/opt/ros/humble')]), 'shell': False}
[0.729897] (cone_map_builder) StdoutLine: {'line': b'[ 50%] Building CXX object CMakeFiles/cone_map_builder_node.dir/src/cone_map_builder.cpp.o\n'}
[0.730981] (robot_localization) CommandEnded: {'returncode': 0}
[0.745559] (robot_localization) JobEnded: {'identifier': 'robot_localization', 'rc': 0}
[0.746677] (detection_fusion) CommandEnded: {'returncode': 0}
[0.759473] (detection_fusion) JobEnded: {'identifier': 'detection_fusion', 'rc': 0}
[0.761027] (mission_manager) StdoutLine: {'line': b'[100%] Built target mission_manager_node\n'}
[0.761162] (controller) JobStarted: {'identifier': 'controller'}
[0.763894] (localization_manager) JobStarted: {'identifier': 'localization_manager'}
[0.768283] (lidar_detection) StdoutLine: {'line': b'[100%] Built target lidar_detection_node\n'}
[0.768416] (camera_detection) StdoutLine: {'line': b'-- Install configuration: ""\n'}
[0.768531] (camera_detection) StdoutLine: {'line': b'-- Execute custom install script\n'}
[0.768570] (camera_detection) StdoutLine: {'line': b'-- Up-to-date symlink: /home/starry1n/WUTA/WUTA-FSD/ros2_ws/install/camera_detection/share/ament_index/resource_index/package_run_dependencies/camera_detection\n'}
[0.768626] (camera_detection) StdoutLine: {'line': b'-- Up-to-date symlink: /home/starry1n/WUTA/WUTA-FSD/ros2_ws/install/camera_detection/share/ament_index/resource_index/parent_prefix_path/camera_detection\n'}
[0.768666] (camera_detection) StdoutLine: {'line': b'-- Up-to-date symlink: /home/starry1n/WUTA/WUTA-FSD/ros2_ws/install/camera_detection/share/camera_detection/environment/ament_prefix_path.sh\n'}
[0.768707] (camera_detection) StdoutLine: {'line': b'-- Up-to-date symlink: /home/starry1n/WUTA/WUTA-FSD/ros2_ws/install/camera_detection/share/camera_detection/environment/ament_prefix_path.dsv\n'}
[0.768735] (camera_detection) StdoutLine: {'line': b'-- Up-to-date symlink: /home/starry1n/WUTA/WUTA-FSD/ros2_ws/install/camera_detection/share/camera_detection/environment/path.sh\n'}
[0.768760] (camera_detection) StdoutLine: {'line': b'-- Up-to-date symlink: /home/starry1n/WUTA/WUTA-FSD/ros2_ws/install/camera_detection/share/camera_detection/environment/path.dsv\n'}
[0.768884] (camera_detection) StdoutLine: {'line': b'-- Up-to-date symlink: /home/starry1n/WUTA/WUTA-FSD/ros2_ws/install/camera_detection/share/camera_detection/local_setup.bash\n'}
[0.768924] (camera_detection) StdoutLine: {'line': b'-- Up-to-date symlink: /home/starry1n/WUTA/WUTA-FSD/ros2_ws/install/camera_detection/share/camera_detection/local_setup.sh\n'}
[0.769075] (camera_detection) StdoutLine: {'line': b'-- Up-to-date symlink: /home/starry1n/WUTA/WUTA-FSD/ros2_ws/install/camera_detection/share/camera_detection/local_setup.zsh\n'}
[0.769138] (camera_detection) StdoutLine: {'line': b'-- Up-to-date symlink: /home/starry1n/WUTA/WUTA-FSD/ros2_ws/install/camera_detection/share/camera_detection/local_setup.dsv\n'}
[0.769181] (camera_detection) StdoutLine: {'line': b'-- Symlinking: /home/starry1n/WUTA/WUTA-FSD/ros2_ws/install/camera_detection/share/camera_detection/package.dsv\n'}
[0.769813] (camera_detection) StdoutLine: {'line': b'-- Up-to-date symlink: /home/starry1n/WUTA/WUTA-FSD/ros2_ws/install/camera_detection/share/ament_index/resource_index/packages/camera_detection\n'}
[0.769884] (camera_detection) StdoutLine: {'line': b'-- Up-to-date symlink: /home/starry1n/WUTA/WUTA-FSD/ros2_ws/install/camera_detection/share/camera_detection/cmake/camera_detectionConfig.cmake\n'}
[0.769920] (camera_detection) StdoutLine: {'line': b'-- Up-to-date symlink: /home/starry1n/WUTA/WUTA-FSD/ros2_ws/install/camera_detection/share/camera_detection/cmake/camera_detectionConfig-version.cmake\n'}
[0.769951] (camera_detection) StdoutLine: {'line': b'-- Up-to-date symlink: /home/starry1n/WUTA/WUTA-FSD/ros2_ws/install/camera_detection/share/camera_detection/package.xml\n'}
[0.769982] (kiss_icp_wrapper) StdoutLine: {'line': b'-- Install configuration: ""\n'}
[0.770036] (kiss_icp_wrapper) StdoutLine: {'line': b'-- Execute custom install script\n'}
[0.770295] (kiss_icp_wrapper) StdoutLine: {'line': b'-- Up-to-date symlink: /home/starry1n/WUTA/WUTA-FSD/ros2_ws/install/kiss_icp_wrapper/share/kiss_icp_wrapper/config/kiss_icp_hesai128.yaml\n'}
[0.770334] (kiss_icp_wrapper) StdoutLine: {'line': b'-- Up-to-date symlink: /home/starry1n/WUTA/WUTA-FSD/ros2_ws/install/kiss_icp_wrapper/share/ament_index/resource_index/package_run_dependencies/kiss_icp_wrapper\n'}
[0.770939] (kiss_icp_wrapper) StdoutLine: {'line': b'-- Up-to-date symlink: /home/starry1n/WUTA/WUTA-FSD/ros2_ws/install/kiss_icp_wrapper/share/ament_index/resource_index/parent_prefix_path/kiss_icp_wrapper\n'}
[0.771054] (kiss_icp_wrapper) StdoutLine: {'line': b'-- Up-to-date symlink: /home/starry1n/WUTA/WUTA-FSD/ros2_ws/install/kiss_icp_wrapper/share/kiss_icp_wrapper/environment/ament_prefix_path.sh\n'}
[0.771107] (kiss_icp_wrapper) StdoutLine: {'line': b'-- Up-to-date symlink: /home/starry1n/WUTA/WUTA-FSD/ros2_ws/install/kiss_icp_wrapper/share/kiss_icp_wrapper/environment/ament_prefix_path.dsv\n'}
[0.771153] (kiss_icp_wrapper) StdoutLine: {'line': b'-- Up-to-date symlink: /home/starry1n/WUTA/WUTA-FSD/ros2_ws/install/kiss_icp_wrapper/share/kiss_icp_wrapper/environment/path.sh\n'}
[0.771205] (kiss_icp_wrapper) StdoutLine: {'line': b'-- Up-to-date symlink: /home/starry1n/WUTA/WUTA-FSD/ros2_ws/install/kiss_icp_wrapper/share/kiss_icp_wrapper/environment/path.dsv\n'}
[0.771275] (kiss_icp_wrapper) StdoutLine: {'line': b'-- Up-to-date symlink: /home/starry1n/WUTA/WUTA-FSD/ros2_ws/install/kiss_icp_wrapper/share/kiss_icp_wrapper/local_setup.bash\n'}
[0.771317] (kiss_icp_wrapper) StdoutLine: {'line': b'-- Up-to-date symlink: /home/starry1n/WUTA/WUTA-FSD/ros2_ws/install/kiss_icp_wrapper/share/kiss_icp_wrapper/local_setup.sh\n'}
[0.771471] (kiss_icp_wrapper) StdoutLine: {'line': b'-- Up-to-date symlink: /home/starry1n/WUTA/WUTA-FSD/ros2_ws/install/kiss_icp_wrapper/share/kiss_icp_wrapper/local_setup.zsh\n'}
[0.771512] (kiss_icp_wrapper) StdoutLine: {'line': b'-- Up-to-date symlink: /home/starry1n/WUTA/WUTA-FSD/ros2_ws/install/kiss_icp_wrapper/share/kiss_icp_wrapper/local_setup.dsv\n'}
[0.771542] (kiss_icp_wrapper) StdoutLine: {'line': b'-- Symlinking: /home/starry1n/WUTA/WUTA-FSD/ros2_ws/install/kiss_icp_wrapper/share/kiss_icp_wrapper/package.dsv\n'}
[0.771571] (kiss_icp_wrapper) StdoutLine: {'line': b'-- Up-to-date symlink: /home/starry1n/WUTA/WUTA-FSD/ros2_ws/install/kiss_icp_wrapper/share/ament_index/resource_index/packages/kiss_icp_wrapper\n'}
[0.771597] (kiss_icp_wrapper) StdoutLine: {'line': b'-- Up-to-date symlink: /home/starry1n/WUTA/WUTA-FSD/ros2_ws/install/kiss_icp_wrapper/share/kiss_icp_wrapper/cmake/kiss_icp_wrapperConfig.cmake\n'}
[0.771623] (kiss_icp_wrapper) StdoutLine: {'line': b'-- Up-to-date symlink: /home/starry1n/WUTA/WUTA-FSD/ros2_ws/install/kiss_icp_wrapper/share/kiss_icp_wrapper/cmake/kiss_icp_wrapperConfig-version.cmake\n'}
[0.771647] (kiss_icp_wrapper) StdoutLine: {'line': b'-- Up-to-date symlink: /home/starry1n/WUTA/WUTA-FSD/ros2_ws/install/kiss_icp_wrapper/share/kiss_icp_wrapper/package.xml\n'}
[0.771694] (mission_manager) CommandEnded: {'returncode': 0}
[0.772435] (mission_manager) JobProgress: {'identifier': 'mission_manager', 'progress': 'install'}
[0.772452] (mission_manager) Command: {'cmd': ['/usr/bin/cmake', '--install', '/home/starry1n/WUTA/WUTA-FSD/ros2_ws/build/mission_manager'], 'cwd': '/home/starry1n/WUTA/WUTA-FSD/ros2_ws/build/mission_manager', 'env': OrderedDict([('LESSOPEN', '| /usr/bin/lesspipe %s'), ('CODEX_CI', '1'), ('LANGUAGE', 'zh_CN:zh'), ('USER', 'starry1n'), ('XDG_SESSION_TYPE', 'wayland'), ('SHLVL', '2'), ('LD_LIBRARY_PATH', '/home/starry1n/WUTA/WUTA-FSD/ros2_ws/install/wuta_msgs/lib:/opt/ros/humble/opt/rviz_ogre_vendor/lib:/opt/ros/humble/lib/x86_64-linux-gnu:/opt/ros/humble/lib'), ('HOME', '/home/starry1n'), ('OLDPWD', '/home/starry1n/WUTA/WUTA-FSD'), ('DESKTOP_SESSION', 'ubuntu'), ('ROS_PYTHON_VERSION', '3'), ('GNOME_SHELL_SESSION_MODE', 'ubuntu'), ('GTK_MODULES', 'gail:atk-bridge'), ('PAGER', 'cat'), ('LC_CTYPE', 'C.UTF-8'), ('DBUS_STARTER_BUS_TYPE', 'session'), ('SYSTEMD_EXEC_PID', '2321'), ('IM_CONFIG_CHECK_ENV', '1'), ('NO_COLOR', '1'), ('DBUS_SESSION_BUS_ADDRESS', 'unix:path=/run/user/1000/bus,guid=c67e2489f73595b365ff0ae46a50c8ee'), ('COLORTERM', ''), ('IM_CONFIG_PHASE', '1'), ('WAYLAND_DISPLAY', 'wayland-0'), ('CODEX_PERMISSION_PROFILE', ':workspace'), ('ROS_DISTRO', 'humble'), ('LOGNAME', 'starry1n'), ('_', '/usr/bin/colcon'), ('ROS_VERSION', '2'), ('XDG_SESSION_CLASS', 'user'), ('USERNAME', 'starry1n'), ('TERM', 'dumb'), ('GNOME_DESKTOP_SESSION_ID', 'this-is-deprecated'), ('ROS_LOCALHOST_ONLY', '0'), ('PATH', '/home/starry1n/.local/bin:/home/starry1n/.codex/packages/standalone/releases/0.144.4-x86_64-unknown-linux-musl/codex-path:/home/starry1n/.codex/tmp/arg0/codex-arg05cnADw:/home/starry1n/.local/bin:/opt/ros/humble/bin:/home/starry1n/.local/bin:/usr/local/sbin:/usr/local/bin:/usr/sbin:/usr/bin:/sbin:/bin:/usr/games:/usr/local/games:/snap/bin:/snap/bin'), ('SESSION_MANAGER', 'local/starry1n-virtual-machine:@/tmp/.ICE-unix/2321,unix/starry1n-virtual-machine:/tmp/.ICE-unix/2321'), ('XDG_MENU_PREFIX', 'gnome-'), ('GNOME_TERMINAL_SCREEN', '/org/gnome/Terminal/screen/b41f3890_f157_4b82_b249_7c5cfcb9354a'), ('GNOME_SETUP_DISPLAY', ':1'), ('XDG_RUNTIME_DIR', '/run/user/1000'), ('DISPLAY', ':0'), ('CODEX_SANDBOX_NETWORK_DISABLED', '1'), ('LANG', 'C.UTF-8'), ('XDG_CURRENT_DESKTOP', 'ubuntu:GNOME'), ('XMODIFIERS', '@im=ibus'), ('GH_PAGER', 'cat'), ('XDG_SESSION_DESKTOP', 'ubuntu'), ('XAUTHORITY', '/run/user/1000/.mutter-Xwaylandauth.H6FRS3'), ('LS_COLORS', 'rs=0:di=01;34:ln=01;36:mh=00:pi=40;33:so=01;35:do=01;35:bd=40;33;01:cd=40;33;01:or=40;31;01:mi=00:su=37;41:sg=30;43:ca=30;41:tw=30;42:ow=34;42:st=37;44:ex=01;32:*.tar=01;31:*.tgz=01;31:*.arc=01;31:*.arj=01;31:*.taz=01;31:*.lha=01;31:*.lz4=01;31:*.lzh=01;31:*.lzma=01;31:*.tlz=01;31:*.txz=01;31:*.tzo=01;31:*.t7z=01;31:*.zip=01;31:*.z=01;31:*.dz=01;31:*.gz=01;31:*.lrz=01;31:*.lz=01;31:*.lzo=01;31:*.xz=01;31:*.zst=01;31:*.tzst=01;31:*.bz2=01;31:*.bz=01;31:*.tbz=01;31:*.tbz2=01;31:*.tz=01;31:*.deb=01;31:*.rpm=01;31:*.jar=01;31:*.war=01;31:*.ear=01;31:*.sar=01;31:*.rar=01;31:*.alz=01;31:*.ace=01;31:*.zoo=01;31:*.cpio=01;31:*.7z=01;31:*.rz=01;31:*.cab=01;31:*.wim=01;31:*.swm=01;31:*.dwm=01;31:*.esd=01;31:*.jpg=01;35:*.jpeg=01;35:*.mjpg=01;35:*.mjpeg=01;35:*.gif=01;35:*.bmp=01;35:*.pbm=01;35:*.pgm=01;35:*.ppm=01;35:*.tga=01;35:*.xbm=01;35:*.xpm=01;35:*.tif=01;35:*.tiff=01;35:*.png=01;35:*.svg=01;35:*.svgz=01;35:*.mng=01;35:*.pcx=01;35:*.mov=01;35:*.mpg=01;35:*.mpeg=01;35:*.m2v=01;35:*.mkv=01;35:*.webm=01;35:*.webp=01;35:*.ogm=01;35:*.mp4=01;35:*.m4v=01;35:*.mp4v=01;35:*.vob=01;35:*.qt=01;35:*.nuv=01;35:*.wmv=01;35:*.asf=01;35:*.rm=01;35:*.rmvb=01;35:*.flc=01;35:*.avi=01;35:*.fli=01;35:*.flv=01;35:*.gl=01;35:*.dl=01;35:*.xcf=01;35:*.xwd=01;35:*.yuv=01;35:*.cgm=01;35:*.emf=01;35:*.ogv=01;35:*.ogx=01;35:*.aac=00;36:*.au=00;36:*.flac=00;36:*.m4a=00;36:*.mid=00;36:*.midi=00;36:*.mka=00;36:*.mp3=00;36:*.mpc=00;36:*.ogg=00;36:*.ra=00;36:*.wav=00;36:*.oga=00;36:*.opus=00;36:*.spx=00;36:*.xspf=00;36:'), ('GNOME_TERMINAL_SERVICE', ':1.330'), ('SSH_AGENT_LAUNCHER', 'gnome-keyring'), ('SSH_AUTH_SOCK', '/run/user/1000/keyring/ssh'), ('AMENT_PREFIX_PATH', '/home/starry1n/WUTA/WUTA-FSD/ros2_ws/install/wuta_msgs:/opt/ros/humble'), ('SHELL', '/bin/bash'), ('QT_ACCESSIBILITY', '1'), ('GDMSESSION', 'ubuntu'), ('LESSCLOSE', '/usr/bin/lesspipe %s %s'), ('CODEX_THREAD_ID', '019f5073-bc50-71a2-9549-8d1988512281'), ('GIT_PAGER', 'cat'), ('QT_IM_MODULE', 'ibus'), ('PWD', '/home/starry1n/WUTA/WUTA-FSD/ros2_ws/build/mission_manager'), ('LC_ALL', 'C.UTF-8'), ('XDG_CONFIG_DIRS', '/etc/xdg/xdg-ubuntu:/etc/xdg'), ('DBUS_STARTER_ADDRESS', 'unix:path=/run/user/1000/bus,guid=c67e2489f73595b365ff0ae46a50c8ee'), ('XDG_DATA_DIRS', '/usr/share/ubuntu:/usr/local/share/:/usr/share/:/var/lib/snapd/desktop'), ('PYTHONPATH', '/home/starry1n/WUTA/WUTA-FSD/ros2_ws/install/wuta_msgs/local/lib/python3.10/dist-packages:/opt/ros/humble/lib/python3.10/site-packages:/opt/ros/humble/local/lib/python3.10/dist-packages'), ('COLCON', '1'), ('VTE_VERSION', '6800'), ('CMAKE_PREFIX_PATH', '/home/starry1n/WUTA/WUTA-FSD/ros2_ws/install/wuta_msgs:/opt/ros/humble')]), 'shell': False}
[0.774306] (lidar_detection) CommandEnded: {'returncode': 0}
[0.776887] (lidar_detection) JobProgress: {'identifier': 'lidar_detection', 'progress': 'install'}
[0.776952] (lidar_detection) Command: {'cmd': ['/usr/bin/cmake', '--install', '/home/starry1n/WUTA/WUTA-FSD/ros2_ws/build/lidar_detection'], 'cwd': '/home/starry1n/WUTA/WUTA-FSD/ros2_ws/build/lidar_detection', 'env': OrderedDict([('LESSOPEN', '| /usr/bin/lesspipe %s'), ('CODEX_CI', '1'), ('LANGUAGE', 'zh_CN:zh'), ('USER', 'starry1n'), ('XDG_SESSION_TYPE', 'wayland'), ('SHLVL', '2'), ('LD_LIBRARY_PATH', '/home/starry1n/WUTA/WUTA-FSD/ros2_ws/install/wuta_msgs/lib:/opt/ros/humble/opt/rviz_ogre_vendor/lib:/opt/ros/humble/lib/x86_64-linux-gnu:/opt/ros/humble/lib'), ('HOME', '/home/starry1n'), ('OLDPWD', '/home/starry1n/WUTA/WUTA-FSD'), ('DESKTOP_SESSION', 'ubuntu'), ('ROS_PYTHON_VERSION', '3'), ('GNOME_SHELL_SESSION_MODE', 'ubuntu'), ('GTK_MODULES', 'gail:atk-bridge'), ('PAGER', 'cat'), ('LC_CTYPE', 'C.UTF-8'), ('DBUS_STARTER_BUS_TYPE', 'session'), ('SYSTEMD_EXEC_PID', '2321'), ('IM_CONFIG_CHECK_ENV', '1'), ('NO_COLOR', '1'), ('DBUS_SESSION_BUS_ADDRESS', 'unix:path=/run/user/1000/bus,guid=c67e2489f73595b365ff0ae46a50c8ee'), ('COLORTERM', ''), ('IM_CONFIG_PHASE', '1'), ('WAYLAND_DISPLAY', 'wayland-0'), ('CODEX_PERMISSION_PROFILE', ':workspace'), ('ROS_DISTRO', 'humble'), ('LOGNAME', 'starry1n'), ('_', '/usr/bin/colcon'), ('ROS_VERSION', '2'), ('XDG_SESSION_CLASS', 'user'), ('USERNAME', 'starry1n'), ('TERM', 'dumb'), ('GNOME_DESKTOP_SESSION_ID', 'this-is-deprecated'), ('ROS_LOCALHOST_ONLY', '0'), ('PATH', '/home/starry1n/.local/bin:/home/starry1n/.codex/packages/standalone/releases/0.144.4-x86_64-unknown-linux-musl/codex-path:/home/starry1n/.codex/tmp/arg0/codex-arg05cnADw:/home/starry1n/.local/bin:/opt/ros/humble/bin:/home/starry1n/.local/bin:/usr/local/sbin:/usr/local/bin:/usr/sbin:/usr/bin:/sbin:/bin:/usr/games:/usr/local/games:/snap/bin:/snap/bin'), ('SESSION_MANAGER', 'local/starry1n-virtual-machine:@/tmp/.ICE-unix/2321,unix/starry1n-virtual-machine:/tmp/.ICE-unix/2321'), ('XDG_MENU_PREFIX', 'gnome-'), ('GNOME_TERMINAL_SCREEN', '/org/gnome/Terminal/screen/b41f3890_f157_4b82_b249_7c5cfcb9354a'), ('GNOME_SETUP_DISPLAY', ':1'), ('XDG_RUNTIME_DIR', '/run/user/1000'), ('DISPLAY', ':0'), ('CODEX_SANDBOX_NETWORK_DISABLED', '1'), ('LANG', 'C.UTF-8'), ('XDG_CURRENT_DESKTOP', 'ubuntu:GNOME'), ('XMODIFIERS', '@im=ibus'), ('GH_PAGER', 'cat'), ('XDG_SESSION_DESKTOP', 'ubuntu'), ('XAUTHORITY', '/run/user/1000/.mutter-Xwaylandauth.H6FRS3'), ('LS_COLORS', 'rs=0:di=01;34:ln=01;36:mh=00:pi=40;33:so=01;35:do=01;35:bd=40;33;01:cd=40;33;01:or=40;31;01:mi=00:su=37;41:sg=30;43:ca=30;41:tw=30;42:ow=34;42:st=37;44:ex=01;32:*.tar=01;31:*.tgz=01;31:*.arc=01;31:*.arj=01;31:*.taz=01;31:*.lha=01;31:*.lz4=01;31:*.lzh=01;31:*.lzma=01;31:*.tlz=01;31:*.txz=01;31:*.tzo=01;31:*.t7z=01;31:*.zip=01;31:*.z=01;31:*.dz=01;31:*.gz=01;31:*.lrz=01;31:*.lz=01;31:*.lzo=01;31:*.xz=01;31:*.zst=01;31:*.tzst=01;31:*.bz2=01;31:*.bz=01;31:*.tbz=01;31:*.tbz2=01;31:*.tz=01;31:*.deb=01;31:*.rpm=01;31:*.jar=01;31:*.war=01;31:*.ear=01;31:*.sar=01;31:*.rar=01;31:*.alz=01;31:*.ace=01;31:*.zoo=01;31:*.cpio=01;31:*.7z=01;31:*.rz=01;31:*.cab=01;31:*.wim=01;31:*.swm=01;31:*.dwm=01;31:*.esd=01;31:*.jpg=01;35:*.jpeg=01;35:*.mjpg=01;35:*.mjpeg=01;35:*.gif=01;35:*.bmp=01;35:*.pbm=01;35:*.pgm=01;35:*.ppm=01;35:*.tga=01;35:*.xbm=01;35:*.xpm=01;35:*.tif=01;35:*.tiff=01;35:*.png=01;35:*.svg=01;35:*.svgz=01;35:*.mng=01;35:*.pcx=01;35:*.mov=01;35:*.mpg=01;35:*.mpeg=01;35:*.m2v=01;35:*.mkv=01;35:*.webm=01;35:*.webp=01;35:*.ogm=01;35:*.mp4=01;35:*.m4v=01;35:*.mp4v=01;35:*.vob=01;35:*.qt=01;35:*.nuv=01;35:*.wmv=01;35:*.asf=01;35:*.rm=01;35:*.rmvb=01;35:*.flc=01;35:*.avi=01;35:*.fli=01;35:*.flv=01;35:*.gl=01;35:*.dl=01;35:*.xcf=01;35:*.xwd=01;35:*.yuv=01;35:*.cgm=01;35:*.emf=01;35:*.ogv=01;35:*.ogx=01;35:*.aac=00;36:*.au=00;36:*.flac=00;36:*.m4a=00;36:*.mid=00;36:*.midi=00;36:*.mka=00;36:*.mp3=00;36:*.mpc=00;36:*.ogg=00;36:*.ra=00;36:*.wav=00;36:*.oga=00;36:*.opus=00;36:*.spx=00;36:*.xspf=00;36:'), ('GNOME_TERMINAL_SERVICE', ':1.330'), ('SSH_AGENT_LAUNCHER', 'gnome-keyring'), ('SSH_AUTH_SOCK', '/run/user/1000/keyring/ssh'), ('AMENT_PREFIX_PATH', '/home/starry1n/WUTA/WUTA-FSD/ros2_ws/install/wuta_msgs:/opt/ros/humble'), ('SHELL', '/bin/bash'), ('QT_ACCESSIBILITY', '1'), ('GDMSESSION', 'ubuntu'), ('LESSCLOSE', '/usr/bin/lesspipe %s %s'), ('CODEX_THREAD_ID', '019f5073-bc50-71a2-9549-8d1988512281'), ('GIT_PAGER', 'cat'), ('QT_IM_MODULE', 'ibus'), ('PWD', '/home/starry1n/WUTA/WUTA-FSD/ros2_ws/build/lidar_detection'), ('LC_ALL', 'C.UTF-8'), ('XDG_CONFIG_DIRS', '/etc/xdg/xdg-ubuntu:/etc/xdg'), ('DBUS_STARTER_ADDRESS', 'unix:path=/run/user/1000/bus,guid=c67e2489f73595b365ff0ae46a50c8ee'), ('XDG_DATA_DIRS', '/usr/share/ubuntu:/usr/local/share/:/usr/share/:/var/lib/snapd/desktop'), ('PYTHONPATH', '/home/starry1n/WUTA/WUTA-FSD/ros2_ws/install/wuta_msgs/local/lib/python3.10/dist-packages:/opt/ros/humble/lib/python3.10/site-packages:/opt/ros/humble/local/lib/python3.10/dist-packages'), ('COLCON', '1'), ('VTE_VERSION', '6800'), ('CMAKE_PREFIX_PATH', '/home/starry1n/WUTA/WUTA-FSD/ros2_ws/install/wuta_msgs:/opt/ros/humble')]), 'shell': False}
[0.778489] (boundary_detector) JobProgress: {'identifier': 'boundary_detector', 'progress': 'cmake'}
[0.779215] (boundary_detector) JobProgress: {'identifier': 'boundary_detector', 'progress': 'build'}
[0.779678] (boundary_detector) Command: {'cmd': ['/usr/bin/cmake', '--build', '/home/starry1n/WUTA/WUTA-FSD/ros2_ws/build/boundary_detector', '--', '-j8', '-l8'], 'cwd': '/home/starry1n/WUTA/WUTA-FSD/ros2_ws/build/boundary_detector', 'env': OrderedDict([('LESSOPEN', '| /usr/bin/lesspipe %s'), ('CODEX_CI', '1'), ('LANGUAGE', 'zh_CN:zh'), ('USER', 'starry1n'), ('XDG_SESSION_TYPE', 'wayland'), ('SHLVL', '2'), ('LD_LIBRARY_PATH', '/home/starry1n/WUTA/WUTA-FSD/ros2_ws/install/wuta_msgs/lib:/home/starry1n/WUTA/WUTA-FSD/ros2_ws/install/autoware_msgs/lib:/opt/ros/humble/opt/rviz_ogre_vendor/lib:/opt/ros/humble/lib/x86_64-linux-gnu:/opt/ros/humble/lib'), ('HOME', '/home/starry1n'), ('OLDPWD', '/home/starry1n/WUTA/WUTA-FSD'), ('DESKTOP_SESSION', 'ubuntu'), ('ROS_PYTHON_VERSION', '3'), ('GNOME_SHELL_SESSION_MODE', 'ubuntu'), ('GTK_MODULES', 'gail:atk-bridge'), ('PAGER', 'cat'), ('LC_CTYPE', 'C.UTF-8'), ('DBUS_STARTER_BUS_TYPE', 'session'), ('SYSTEMD_EXEC_PID', '2321'), ('IM_CONFIG_CHECK_ENV', '1'), ('NO_COLOR', '1'), ('DBUS_SESSION_BUS_ADDRESS', 'unix:path=/run/user/1000/bus,guid=c67e2489f73595b365ff0ae46a50c8ee'), ('COLORTERM', ''), ('IM_CONFIG_PHASE', '1'), ('WAYLAND_DISPLAY', 'wayland-0'), ('CODEX_PERMISSION_PROFILE', ':workspace'), ('ROS_DISTRO', 'humble'), ('LOGNAME', 'starry1n'), ('_', '/usr/bin/colcon'), ('ROS_VERSION', '2'), ('XDG_SESSION_CLASS', 'user'), ('USERNAME', 'starry1n'), ('TERM', 'dumb'), ('GNOME_DESKTOP_SESSION_ID', 'this-is-deprecated'), ('ROS_LOCALHOST_ONLY', '0'), ('PATH', '/home/starry1n/.local/bin:/home/starry1n/.codex/packages/standalone/releases/0.144.4-x86_64-unknown-linux-musl/codex-path:/home/starry1n/.codex/tmp/arg0/codex-arg05cnADw:/home/starry1n/.local/bin:/opt/ros/humble/bin:/home/starry1n/.local/bin:/usr/local/sbin:/usr/local/bin:/usr/sbin:/usr/bin:/sbin:/bin:/usr/games:/usr/local/games:/snap/bin:/snap/bin'), ('SESSION_MANAGER', 'local/starry1n-virtual-machine:@/tmp/.ICE-unix/2321,unix/starry1n-virtual-machine:/tmp/.ICE-unix/2321'), ('XDG_MENU_PREFIX', 'gnome-'), ('GNOME_TERMINAL_SCREEN', '/org/gnome/Terminal/screen/b41f3890_f157_4b82_b249_7c5cfcb9354a'), ('GNOME_SETUP_DISPLAY', ':1'), ('XDG_RUNTIME_DIR', '/run/user/1000'), ('DISPLAY', ':0'), ('CODEX_SANDBOX_NETWORK_DISABLED', '1'), ('LANG', 'C.UTF-8'), ('XDG_CURRENT_DESKTOP', 'ubuntu:GNOME'), ('XMODIFIERS', '@im=ibus'), ('GH_PAGER', 'cat'), ('XDG_SESSION_DESKTOP', 'ubuntu'), ('XAUTHORITY', '/run/user/1000/.mutter-Xwaylandauth.H6FRS3'), ('LS_COLORS', 'rs=0:di=01;34:ln=01;36:mh=00:pi=40;33:so=01;35:do=01;35:bd=40;33;01:cd=40;33;01:or=40;31;01:mi=00:su=37;41:sg=30;43:ca=30;41:tw=30;42:ow=34;42:st=37;44:ex=01;32:*.tar=01;31:*.tgz=01;31:*.arc=01;31:*.arj=01;31:*.taz=01;31:*.lha=01;31:*.lz4=01;31:*.lzh=01;31:*.lzma=01;31:*.tlz=01;31:*.txz=01;31:*.tzo=01;31:*.t7z=01;31:*.zip=01;31:*.z=01;31:*.dz=01;31:*.gz=01;31:*.lrz=01;31:*.lz=01;31:*.lzo=01;31:*.xz=01;31:*.zst=01;31:*.tzst=01;31:*.bz2=01;31:*.bz=01;31:*.tbz=01;31:*.tbz2=01;31:*.tz=01;31:*.deb=01;31:*.rpm=01;31:*.jar=01;31:*.war=01;31:*.ear=01;31:*.sar=01;31:*.rar=01;31:*.alz=01;31:*.ace=01;31:*.zoo=01;31:*.cpio=01;31:*.7z=01;31:*.rz=01;31:*.cab=01;31:*.wim=01;31:*.swm=01;31:*.dwm=01;31:*.esd=01;31:*.jpg=01;35:*.jpeg=01;35:*.mjpg=01;35:*.mjpeg=01;35:*.gif=01;35:*.bmp=01;35:*.pbm=01;35:*.pgm=01;35:*.ppm=01;35:*.tga=01;35:*.xbm=01;35:*.xpm=01;35:*.tif=01;35:*.tiff=01;35:*.png=01;35:*.svg=01;35:*.svgz=01;35:*.mng=01;35:*.pcx=01;35:*.mov=01;35:*.mpg=01;35:*.mpeg=01;35:*.m2v=01;35:*.mkv=01;35:*.webm=01;35:*.webp=01;35:*.ogm=01;35:*.mp4=01;35:*.m4v=01;35:*.mp4v=01;35:*.vob=01;35:*.qt=01;35:*.nuv=01;35:*.wmv=01;35:*.asf=01;35:*.rm=01;35:*.rmvb=01;35:*.flc=01;35:*.avi=01;35:*.fli=01;35:*.flv=01;35:*.gl=01;35:*.dl=01;35:*.xcf=01;35:*.xwd=01;35:*.yuv=01;35:*.cgm=01;35:*.emf=01;35:*.ogv=01;35:*.ogx=01;35:*.aac=00;36:*.au=00;36:*.flac=00;36:*.m4a=00;36:*.mid=00;36:*.midi=00;36:*.mka=00;36:*.mp3=00;36:*.mpc=00;36:*.ogg=00;36:*.ra=00;36:*.wav=00;36:*.oga=00;36:*.opus=00;36:*.spx=00;36:*.xspf=00;36:'), ('GNOME_TERMINAL_SERVICE', ':1.330'), ('SSH_AGENT_LAUNCHER', 'gnome-keyring'), ('SSH_AUTH_SOCK', '/run/user/1000/keyring/ssh'), ('AMENT_PREFIX_PATH', '/home/starry1n/WUTA/WUTA-FSD/ros2_ws/install/wuta_msgs:/home/starry1n/WUTA/WUTA-FSD/ros2_ws/install/autoware_msgs:/opt/ros/humble'), ('SHELL', '/bin/bash'), ('QT_ACCESSIBILITY', '1'), ('GDMSESSION', 'ubuntu'), ('LESSCLOSE', '/usr/bin/lesspipe %s %s'), ('CODEX_THREAD_ID', '019f5073-bc50-71a2-9549-8d1988512281'), ('GIT_PAGER', 'cat'), ('QT_IM_MODULE', 'ibus'), ('PWD', '/home/starry1n/WUTA/WUTA-FSD/ros2_ws/build/boundary_detector'), ('LC_ALL', 'C.UTF-8'), ('XDG_CONFIG_DIRS', '/etc/xdg/xdg-ubuntu:/etc/xdg'), ('DBUS_STARTER_ADDRESS', 'unix:path=/run/user/1000/bus,guid=c67e2489f73595b365ff0ae46a50c8ee'), ('XDG_DATA_DIRS', '/usr/share/ubuntu:/usr/local/share/:/usr/share/:/var/lib/snapd/desktop'), ('PYTHONPATH', '/home/starry1n/WUTA/WUTA-FSD/ros2_ws/install/wuta_msgs/local/lib/python3.10/dist-packages:/home/starry1n/WUTA/WUTA-FSD/ros2_ws/install/autoware_msgs/local/lib/python3.10/dist-packages:/opt/ros/humble/lib/python3.10/site-packages:/opt/ros/humble/local/lib/python3.10/dist-packages'), ('COLCON', '1'), ('VTE_VERSION', '6800'), ('CMAKE_PREFIX_PATH', '/home/starry1n/WUTA/WUTA-FSD/ros2_ws/install/wuta_msgs:/home/starry1n/WUTA/WUTA-FSD/ros2_ws/install/autoware_msgs:/opt/ros/humble')]), 'shell': False}
[0.783569] (camera_detection) CommandEnded: {'returncode': 0}
[0.801454] (camera_detection) JobEnded: {'identifier': 'camera_detection', 'rc': 0}
[0.802566] (kiss_icp_wrapper) CommandEnded: {'returncode': 0}
[0.803136] (-) TimerEvent: {}
[0.825014] (kiss_icp_wrapper) JobEnded: {'identifier': 'kiss_icp_wrapper', 'rc': 0}
[0.827822] (ndt_localization) JobStarted: {'identifier': 'ndt_localization'}
[0.830214] (path_generator) JobStarted: {'identifier': 'path_generator'}
[0.836097] (mission_manager) StdoutLine: {'line': b'-- Install configuration: ""\n'}
[0.836288] (mission_manager) StdoutLine: {'line': b'-- Execute custom install script\n'}
[0.836341] (mission_manager) StdoutLine: {'line': b'-- Up-to-date symlink: /home/starry1n/WUTA/WUTA-FSD/ros2_ws/install/mission_manager/lib/mission_manager/mission_manager_node\n'}
[0.836403] (mission_manager) StdoutLine: {'line': b'-- Up-to-date symlink: /home/starry1n/WUTA/WUTA-FSD/ros2_ws/install/mission_manager/share/mission_manager/config/.gitkeep\n'}
[0.836488] (mission_manager) StdoutLine: {'line': b'-- Up-to-date symlink: /home/starry1n/WUTA/WUTA-FSD/ros2_ws/install/mission_manager/share/ament_index/resource_index/package_run_dependencies/mission_manager\n'}
[0.836527] (mission_manager) StdoutLine: {'line': b'-- Up-to-date symlink: /home/starry1n/WUTA/WUTA-FSD/ros2_ws/install/mission_manager/share/ament_index/resource_index/parent_prefix_path/mission_manager\n'}
[0.836562] (mission_manager) StdoutLine: {'line': b'-- Up-to-date symlink: /home/starry1n/WUTA/WUTA-FSD/ros2_ws/install/mission_manager/share/mission_manager/environment/ament_prefix_path.sh\n'}
[0.836593] (mission_manager) StdoutLine: {'line': b'-- Up-to-date symlink: /home/starry1n/WUTA/WUTA-FSD/ros2_ws/install/mission_manager/share/mission_manager/environment/ament_prefix_path.dsv\n'}
[0.836945] (mission_manager) StdoutLine: {'line': b'-- Up-to-date symlink: /home/starry1n/WUTA/WUTA-FSD/ros2_ws/install/mission_manager/share/mission_manager/environment/path.sh\n'}
[0.837392] (mission_manager) StdoutLine: {'line': b'-- Up-to-date symlink: /home/starry1n/WUTA/WUTA-FSD/ros2_ws/install/mission_manager/share/mission_manager/environment/path.dsv\n'}
[0.839769] (mission_manager) StdoutLine: {'line': b'-- Up-to-date symlink: /home/starry1n/WUTA/WUTA-FSD/ros2_ws/install/mission_manager/share/mission_manager/local_setup.bash\n'}
[0.839880] (mission_manager) StdoutLine: {'line': b'-- Up-to-date symlink: /home/starry1n/WUTA/WUTA-FSD/ros2_ws/install/mission_manager/share/mission_manager/local_setup.sh\n'}
[0.839915] (mission_manager) StdoutLine: {'line': b'-- Up-to-date symlink: /home/starry1n/WUTA/WUTA-FSD/ros2_ws/install/mission_manager/share/mission_manager/local_setup.zsh\n'}
[0.839943] (mission_manager) StdoutLine: {'line': b'-- Up-to-date symlink: /home/starry1n/WUTA/WUTA-FSD/ros2_ws/install/mission_manager/share/mission_manager/local_setup.dsv\n'}
[0.840002] (mission_manager) StdoutLine: {'line': b'-- Symlinking: /home/starry1n/WUTA/WUTA-FSD/ros2_ws/install/mission_manager/share/mission_manager/package.dsv\n'}
[0.840029] (mission_manager) StdoutLine: {'line': b'-- Up-to-date symlink: /home/starry1n/WUTA/WUTA-FSD/ros2_ws/install/mission_manager/share/ament_index/resource_index/packages/mission_manager\n'}
[0.840053] (mission_manager) StdoutLine: {'line': b'-- Up-to-date symlink: /home/starry1n/WUTA/WUTA-FSD/ros2_ws/install/mission_manager/share/mission_manager/cmake/mission_managerConfig.cmake\n'}
[0.840077] (mission_manager) StdoutLine: {'line': b'-- Up-to-date symlink: /home/starry1n/WUTA/WUTA-FSD/ros2_ws/install/mission_manager/share/mission_manager/cmake/mission_managerConfig-version.cmake\n'}
[0.840105] (mission_manager) StdoutLine: {'line': b'-- Up-to-date symlink: /home/starry1n/WUTA/WUTA-FSD/ros2_ws/install/mission_manager/share/mission_manager/package.xml\n'}
[0.840131] (lidar_detection) StdoutLine: {'line': b'-- Install configuration: ""\n'}
[0.840166] (lidar_detection) StdoutLine: {'line': b'-- Execute custom install script\n'}
[0.840194] (lidar_detection) StdoutLine: {'line': b'-- Up-to-date symlink: /home/starry1n/WUTA/WUTA-FSD/ros2_ws/install/lidar_detection/lib/lidar_detection/lidar_detection_node\n'}
[0.840221] (lidar_detection) StdoutLine: {'line': b'-- Up-to-date symlink: /home/starry1n/WUTA/WUTA-FSD/ros2_ws/install/lidar_detection/share/lidar_detection/config/lidar_detection.yaml\n'}
[0.840247] (lidar_detection) StdoutLine: {'line': b'-- Up-to-date symlink: /home/starry1n/WUTA/WUTA-FSD/ros2_ws/install/lidar_detection/share/ament_index/resource_index/package_run_dependencies/lidar_detection\n'}
[0.840305] (lidar_detection) StdoutLine: {'line': b'-- Up-to-date symlink: /home/starry1n/WUTA/WUTA-FSD/ros2_ws/install/lidar_detection/share/ament_index/resource_index/parent_prefix_path/lidar_detection\n'}
[0.840373] (lidar_detection) StdoutLine: {'line': b'-- Up-to-date symlink: /home/starry1n/WUTA/WUTA-FSD/ros2_ws/install/lidar_detection/share/lidar_detection/environment/ament_prefix_path.sh\n'}
[0.840405] (lidar_detection) StdoutLine: {'line': b'-- Up-to-date symlink: /home/starry1n/WUTA/WUTA-FSD/ros2_ws/install/lidar_detection/share/lidar_detection/environment/ament_prefix_path.dsv\n'}
[0.840433] (lidar_detection) StdoutLine: {'line': b'-- Up-to-date symlink: /home/starry1n/WUTA/WUTA-FSD/ros2_ws/install/lidar_detection/share/lidar_detection/environment/path.sh\n'}
[0.840460] (lidar_detection) StdoutLine: {'line': b'-- Up-to-date symlink: /home/starry1n/WUTA/WUTA-FSD/ros2_ws/install/lidar_detection/share/lidar_detection/environment/path.dsv\n'}
[0.840486] (lidar_detection) StdoutLine: {'line': b'-- Up-to-date symlink: /home/starry1n/WUTA/WUTA-FSD/ros2_ws/install/lidar_detection/share/lidar_detection/local_setup.bash\n'}
[0.840510] (lidar_detection) StdoutLine: {'line': b'-- Up-to-date symlink: /home/starry1n/WUTA/WUTA-FSD/ros2_ws/install/lidar_detection/share/lidar_detection/local_setup.sh\n'}
[0.840533] (lidar_detection) StdoutLine: {'line': b'-- Up-to-date symlink: /home/starry1n/WUTA/WUTA-FSD/ros2_ws/install/lidar_detection/share/lidar_detection/local_setup.zsh\n'}
[0.840556] (lidar_detection) StdoutLine: {'line': b'-- Up-to-date symlink: /home/starry1n/WUTA/WUTA-FSD/ros2_ws/install/lidar_detection/share/lidar_detection/local_setup.dsv\n'}
[0.840578] (lidar_detection) StdoutLine: {'line': b'-- Symlinking: /home/starry1n/WUTA/WUTA-FSD/ros2_ws/install/lidar_detection/share/lidar_detection/package.dsv\n'}
[0.840600] (lidar_detection) StdoutLine: {'line': b'-- Up-to-date symlink: /home/starry1n/WUTA/WUTA-FSD/ros2_ws/install/lidar_detection/share/ament_index/resource_index/packages/lidar_detection\n'}
[0.840623] (lidar_detection) StdoutLine: {'line': b'-- Up-to-date symlink: /home/starry1n/WUTA/WUTA-FSD/ros2_ws/install/lidar_detection/share/lidar_detection/cmake/lidar_detectionConfig.cmake\n'}
[0.840647] (lidar_detection) StdoutLine: {'line': b'-- Up-to-date symlink: /home/starry1n/WUTA/WUTA-FSD/ros2_ws/install/lidar_detection/share/lidar_detection/cmake/lidar_detectionConfig-version.cmake\n'}
[0.840679] (lidar_detection) StdoutLine: {'line': b'-- Up-to-date symlink: /home/starry1n/WUTA/WUTA-FSD/ros2_ws/install/lidar_detection/share/lidar_detection/package.xml\n'}
[0.840716] (controller) JobProgress: {'identifier': 'controller', 'progress': 'cmake'}
[0.840726] (controller) JobProgress: {'identifier': 'controller', 'progress': 'build'}
[0.840734] (controller) Command: {'cmd': ['/usr/bin/cmake', '--build', '/home/starry1n/WUTA/WUTA-FSD/ros2_ws/build/controller', '--', '-j8', '-l8'], 'cwd': '/home/starry1n/WUTA/WUTA-FSD/ros2_ws/build/controller', 'env': OrderedDict([('LESSOPEN', '| /usr/bin/lesspipe %s'), ('CODEX_CI', '1'), ('LANGUAGE', 'zh_CN:zh'), ('USER', 'starry1n'), ('XDG_SESSION_TYPE', 'wayland'), ('SHLVL', '2'), ('LD_LIBRARY_PATH', '/home/starry1n/WUTA/WUTA-FSD/ros2_ws/install/wuta_msgs/lib:/home/starry1n/WUTA/WUTA-FSD/ros2_ws/install/autoware_msgs/lib:/opt/ros/humble/opt/rviz_ogre_vendor/lib:/opt/ros/humble/lib/x86_64-linux-gnu:/opt/ros/humble/lib'), ('HOME', '/home/starry1n'), ('OLDPWD', '/home/starry1n/WUTA/WUTA-FSD'), ('DESKTOP_SESSION', 'ubuntu'), ('ROS_PYTHON_VERSION', '3'), ('GNOME_SHELL_SESSION_MODE', 'ubuntu'), ('GTK_MODULES', 'gail:atk-bridge'), ('PAGER', 'cat'), ('LC_CTYPE', 'C.UTF-8'), ('DBUS_STARTER_BUS_TYPE', 'session'), ('SYSTEMD_EXEC_PID', '2321'), ('IM_CONFIG_CHECK_ENV', '1'), ('NO_COLOR', '1'), ('DBUS_SESSION_BUS_ADDRESS', 'unix:path=/run/user/1000/bus,guid=c67e2489f73595b365ff0ae46a50c8ee'), ('COLORTERM', ''), ('IM_CONFIG_PHASE', '1'), ('WAYLAND_DISPLAY', 'wayland-0'), ('CODEX_PERMISSION_PROFILE', ':workspace'), ('ROS_DISTRO', 'humble'), ('LOGNAME', 'starry1n'), ('_', '/usr/bin/colcon'), ('ROS_VERSION', '2'), ('XDG_SESSION_CLASS', 'user'), ('USERNAME', 'starry1n'), ('TERM', 'dumb'), ('GNOME_DESKTOP_SESSION_ID', 'this-is-deprecated'), ('ROS_LOCALHOST_ONLY', '0'), ('PATH', '/home/starry1n/.local/bin:/home/starry1n/.codex/packages/standalone/releases/0.144.4-x86_64-unknown-linux-musl/codex-path:/home/starry1n/.codex/tmp/arg0/codex-arg05cnADw:/home/starry1n/.local/bin:/opt/ros/humble/bin:/home/starry1n/.local/bin:/usr/local/sbin:/usr/local/bin:/usr/sbin:/usr/bin:/sbin:/bin:/usr/games:/usr/local/games:/snap/bin:/snap/bin'), ('SESSION_MANAGER', 'local/starry1n-virtual-machine:@/tmp/.ICE-unix/2321,unix/starry1n-virtual-machine:/tmp/.ICE-unix/2321'), ('XDG_MENU_PREFIX', 'gnome-'), ('GNOME_TERMINAL_SCREEN', '/org/gnome/Terminal/screen/b41f3890_f157_4b82_b249_7c5cfcb9354a'), ('GNOME_SETUP_DISPLAY', ':1'), ('XDG_RUNTIME_DIR', '/run/user/1000'), ('DISPLAY', ':0'), ('CODEX_SANDBOX_NETWORK_DISABLED', '1'), ('LANG', 'C.UTF-8'), ('XDG_CURRENT_DESKTOP', 'ubuntu:GNOME'), ('XMODIFIERS', '@im=ibus'), ('GH_PAGER', 'cat'), ('XDG_SESSION_DESKTOP', 'ubuntu'), ('XAUTHORITY', '/run/user/1000/.mutter-Xwaylandauth.H6FRS3'), ('LS_COLORS', 'rs=0:di=01;34:ln=01;36:mh=00:pi=40;33:so=01;35:do=01;35:bd=40;33;01:cd=40;33;01:or=40;31;01:mi=00:su=37;41:sg=30;43:ca=30;41:tw=30;42:ow=34;42:st=37;44:ex=01;32:*.tar=01;31:*.tgz=01;31:*.arc=01;31:*.arj=01;31:*.taz=01;31:*.lha=01;31:*.lz4=01;31:*.lzh=01;31:*.lzma=01;31:*.tlz=01;31:*.txz=01;31:*.tzo=01;31:*.t7z=01;31:*.zip=01;31:*.z=01;31:*.dz=01;31:*.gz=01;31:*.lrz=01;31:*.lz=01;31:*.lzo=01;31:*.xz=01;31:*.zst=01;31:*.tzst=01;31:*.bz2=01;31:*.bz=01;31:*.tbz=01;31:*.tbz2=01;31:*.tz=01;31:*.deb=01;31:*.rpm=01;31:*.jar=01;31:*.war=01;31:*.ear=01;31:*.sar=01;31:*.rar=01;31:*.alz=01;31:*.ace=01;31:*.zoo=01;31:*.cpio=01;31:*.7z=01;31:*.rz=01;31:*.cab=01;31:*.wim=01;31:*.swm=01;31:*.dwm=01;31:*.esd=01;31:*.jpg=01;35:*.jpeg=01;35:*.mjpg=01;35:*.mjpeg=01;35:*.gif=01;35:*.bmp=01;35:*.pbm=01;35:*.pgm=01;35:*.ppm=01;35:*.tga=01;35:*.xbm=01;35:*.xpm=01;35:*.tif=01;35:*.tiff=01;35:*.png=01;35:*.svg=01;35:*.svgz=01;35:*.mng=01;35:*.pcx=01;35:*.mov=01;35:*.mpg=01;35:*.mpeg=01;35:*.m2v=01;35:*.mkv=01;35:*.webm=01;35:*.webp=01;35:*.ogm=01;35:*.mp4=01;35:*.m4v=01;35:*.mp4v=01;35:*.vob=01;35:*.qt=01;35:*.nuv=01;35:*.wmv=01;35:*.asf=01;35:*.rm=01;35:*.rmvb=01;35:*.flc=01;35:*.avi=01;35:*.fli=01;35:*.flv=01;35:*.gl=01;35:*.dl=01;35:*.xcf=01;35:*.xwd=01;35:*.yuv=01;35:*.cgm=01;35:*.emf=01;35:*.ogv=01;35:*.ogx=01;35:*.aac=00;36:*.au=00;36:*.flac=00;36:*.m4a=00;36:*.mid=00;36:*.midi=00;36:*.mka=00;36:*.mp3=00;36:*.mpc=00;36:*.ogg=00;36:*.ra=00;36:*.wav=00;36:*.oga=00;36:*.opus=00;36:*.spx=00;36:*.xspf=00;36:'), ('GNOME_TERMINAL_SERVICE', ':1.330'), ('SSH_AGENT_LAUNCHER', 'gnome-keyring'), ('SSH_AUTH_SOCK', '/run/user/1000/keyring/ssh'), ('AMENT_PREFIX_PATH', '/home/starry1n/WUTA/WUTA-FSD/ros2_ws/install/wuta_msgs:/home/starry1n/WUTA/WUTA-FSD/ros2_ws/install/autoware_msgs:/opt/ros/humble'), ('SHELL', '/bin/bash'), ('QT_ACCESSIBILITY', '1'), ('GDMSESSION', 'ubuntu'), ('LESSCLOSE', '/usr/bin/lesspipe %s %s'), ('CODEX_THREAD_ID', '019f5073-bc50-71a2-9549-8d1988512281'), ('GIT_PAGER', 'cat'), ('QT_IM_MODULE', 'ibus'), ('PWD', '/home/starry1n/WUTA/WUTA-FSD/ros2_ws/build/controller'), ('LC_ALL', 'C.UTF-8'), ('XDG_CONFIG_DIRS', '/etc/xdg/xdg-ubuntu:/etc/xdg'), ('DBUS_STARTER_ADDRESS', 'unix:path=/run/user/1000/bus,guid=c67e2489f73595b365ff0ae46a50c8ee'), ('XDG_DATA_DIRS', '/usr/share/ubuntu:/usr/local/share/:/usr/share/:/var/lib/snapd/desktop'), ('PYTHONPATH', '/home/starry1n/WUTA/WUTA-FSD/ros2_ws/install/wuta_msgs/local/lib/python3.10/dist-packages:/home/starry1n/WUTA/WUTA-FSD/ros2_ws/install/autoware_msgs/local/lib/python3.10/dist-packages:/opt/ros/humble/lib/python3.10/site-packages:/opt/ros/humble/local/lib/python3.10/dist-packages'), ('COLCON', '1'), ('VTE_VERSION', '6800'), ('CMAKE_PREFIX_PATH', '/home/starry1n/WUTA/WUTA-FSD/ros2_ws/install/wuta_msgs:/home/starry1n/WUTA/WUTA-FSD/ros2_ws/install/autoware_msgs:/opt/ros/humble')]), 'shell': False}
[0.843426] (mission_manager) CommandEnded: {'returncode': 0}
[0.861477] (mission_manager) JobEnded: {'identifier': 'mission_manager', 'rc': 0}
[0.862441] (localization_manager) JobProgress: {'identifier': 'localization_manager', 'progress': 'cmake'}
[0.863606] (localization_manager) JobProgress: {'identifier': 'localization_manager', 'progress': 'build'}
[0.863978] (localization_manager) Command: {'cmd': ['/usr/bin/cmake', '--build', '/home/starry1n/WUTA/WUTA-FSD/ros2_ws/build/localization_manager', '--', '-j8', '-l8'], 'cwd': '/home/starry1n/WUTA/WUTA-FSD/ros2_ws/build/localization_manager', 'env': OrderedDict([('LESSOPEN', '| /usr/bin/lesspipe %s'), ('CODEX_CI', '1'), ('LANGUAGE', 'zh_CN:zh'), ('USER', 'starry1n'), ('XDG_SESSION_TYPE', 'wayland'), ('SHLVL', '2'), ('LD_LIBRARY_PATH', '/home/starry1n/WUTA/WUTA-FSD/ros2_ws/install/wuta_msgs/lib:/home/starry1n/WUTA/WUTA-FSD/ros2_ws/install/robot_localization/lib:/home/starry1n/WUTA/WUTA-FSD/ros2_ws/install/kiss_icp/lib:/opt/ros/humble/opt/rviz_ogre_vendor/lib:/opt/ros/humble/lib/x86_64-linux-gnu:/opt/ros/humble/lib'), ('HOME', '/home/starry1n'), ('OLDPWD', '/home/starry1n/WUTA/WUTA-FSD'), ('DESKTOP_SESSION', 'ubuntu'), ('ROS_PYTHON_VERSION', '3'), ('GNOME_SHELL_SESSION_MODE', 'ubuntu'), ('GTK_MODULES', 'gail:atk-bridge'), ('PAGER', 'cat'), ('LC_CTYPE', 'C.UTF-8'), ('DBUS_STARTER_BUS_TYPE', 'session'), ('SYSTEMD_EXEC_PID', '2321'), ('IM_CONFIG_CHECK_ENV', '1'), ('NO_COLOR', '1'), ('DBUS_SESSION_BUS_ADDRESS', 'unix:path=/run/user/1000/bus,guid=c67e2489f73595b365ff0ae46a50c8ee'), ('COLORTERM', ''), ('IM_CONFIG_PHASE', '1'), ('WAYLAND_DISPLAY', 'wayland-0'), ('CODEX_PERMISSION_PROFILE', ':workspace'), ('ROS_DISTRO', 'humble'), ('LOGNAME', 'starry1n'), ('_', '/usr/bin/colcon'), ('ROS_VERSION', '2'), ('XDG_SESSION_CLASS', 'user'), ('USERNAME', 'starry1n'), ('TERM', 'dumb'), ('GNOME_DESKTOP_SESSION_ID', 'this-is-deprecated'), ('ROS_LOCALHOST_ONLY', '0'), ('PATH', '/home/starry1n/.local/bin:/home/starry1n/.codex/packages/standalone/releases/0.144.4-x86_64-unknown-linux-musl/codex-path:/home/starry1n/.codex/tmp/arg0/codex-arg05cnADw:/home/starry1n/.local/bin:/opt/ros/humble/bin:/home/starry1n/.local/bin:/usr/local/sbin:/usr/local/bin:/usr/sbin:/usr/bin:/sbin:/bin:/usr/games:/usr/local/games:/snap/bin:/snap/bin'), ('SESSION_MANAGER', 'local/starry1n-virtual-machine:@/tmp/.ICE-unix/2321,unix/starry1n-virtual-machine:/tmp/.ICE-unix/2321'), ('XDG_MENU_PREFIX', 'gnome-'), ('GNOME_TERMINAL_SCREEN', '/org/gnome/Terminal/screen/b41f3890_f157_4b82_b249_7c5cfcb9354a'), ('GNOME_SETUP_DISPLAY', ':1'), ('XDG_RUNTIME_DIR', '/run/user/1000'), ('DISPLAY', ':0'), ('CODEX_SANDBOX_NETWORK_DISABLED', '1'), ('LANG', 'C.UTF-8'), ('XDG_CURRENT_DESKTOP', 'ubuntu:GNOME'), ('XMODIFIERS', '@im=ibus'), ('GH_PAGER', 'cat'), ('XDG_SESSION_DESKTOP', 'ubuntu'), ('XAUTHORITY', '/run/user/1000/.mutter-Xwaylandauth.H6FRS3'), ('LS_COLORS', 'rs=0:di=01;34:ln=01;36:mh=00:pi=40;33:so=01;35:do=01;35:bd=40;33;01:cd=40;33;01:or=40;31;01:mi=00:su=37;41:sg=30;43:ca=30;41:tw=30;42:ow=34;42:st=37;44:ex=01;32:*.tar=01;31:*.tgz=01;31:*.arc=01;31:*.arj=01;31:*.taz=01;31:*.lha=01;31:*.lz4=01;31:*.lzh=01;31:*.lzma=01;31:*.tlz=01;31:*.txz=01;31:*.tzo=01;31:*.t7z=01;31:*.zip=01;31:*.z=01;31:*.dz=01;31:*.gz=01;31:*.lrz=01;31:*.lz=01;31:*.lzo=01;31:*.xz=01;31:*.zst=01;31:*.tzst=01;31:*.bz2=01;31:*.bz=01;31:*.tbz=01;31:*.tbz2=01;31:*.tz=01;31:*.deb=01;31:*.rpm=01;31:*.jar=01;31:*.war=01;31:*.ear=01;31:*.sar=01;31:*.rar=01;31:*.alz=01;31:*.ace=01;31:*.zoo=01;31:*.cpio=01;31:*.7z=01;31:*.rz=01;31:*.cab=01;31:*.wim=01;31:*.swm=01;31:*.dwm=01;31:*.esd=01;31:*.jpg=01;35:*.jpeg=01;35:*.mjpg=01;35:*.mjpeg=01;35:*.gif=01;35:*.bmp=01;35:*.pbm=01;35:*.pgm=01;35:*.ppm=01;35:*.tga=01;35:*.xbm=01;35:*.xpm=01;35:*.tif=01;35:*.tiff=01;35:*.png=01;35:*.svg=01;35:*.svgz=01;35:*.mng=01;35:*.pcx=01;35:*.mov=01;35:*.mpg=01;35:*.mpeg=01;35:*.m2v=01;35:*.mkv=01;35:*.webm=01;35:*.webp=01;35:*.ogm=01;35:*.mp4=01;35:*.m4v=01;35:*.mp4v=01;35:*.vob=01;35:*.qt=01;35:*.nuv=01;35:*.wmv=01;35:*.asf=01;35:*.rm=01;35:*.rmvb=01;35:*.flc=01;35:*.avi=01;35:*.fli=01;35:*.flv=01;35:*.gl=01;35:*.dl=01;35:*.xcf=01;35:*.xwd=01;35:*.yuv=01;35:*.cgm=01;35:*.emf=01;35:*.ogv=01;35:*.ogx=01;35:*.aac=00;36:*.au=00;36:*.flac=00;36:*.m4a=00;36:*.mid=00;36:*.midi=00;36:*.mka=00;36:*.mp3=00;36:*.mpc=00;36:*.ogg=00;36:*.ra=00;36:*.wav=00;36:*.oga=00;36:*.opus=00;36:*.spx=00;36:*.xspf=00;36:'), ('GNOME_TERMINAL_SERVICE', ':1.330'), ('SSH_AGENT_LAUNCHER', 'gnome-keyring'), ('SSH_AUTH_SOCK', '/run/user/1000/keyring/ssh'), ('AMENT_PREFIX_PATH', '/home/starry1n/WUTA/WUTA-FSD/ros2_ws/install/wuta_msgs:/home/starry1n/WUTA/WUTA-FSD/ros2_ws/install/robot_localization:/home/starry1n/WUTA/WUTA-FSD/ros2_ws/install/kiss_icp:/opt/ros/humble'), ('SHELL', '/bin/bash'), ('QT_ACCESSIBILITY', '1'), ('GDMSESSION', 'ubuntu'), ('LESSCLOSE', '/usr/bin/lesspipe %s %s'), ('CODEX_THREAD_ID', '019f5073-bc50-71a2-9549-8d1988512281'), ('GIT_PAGER', 'cat'), ('QT_IM_MODULE', 'ibus'), ('PWD', '/home/starry1n/WUTA/WUTA-FSD/ros2_ws/build/localization_manager'), ('LC_ALL', 'C.UTF-8'), ('XDG_CONFIG_DIRS', '/etc/xdg/xdg-ubuntu:/etc/xdg'), ('DBUS_STARTER_ADDRESS', 'unix:path=/run/user/1000/bus,guid=c67e2489f73595b365ff0ae46a50c8ee'), ('XDG_DATA_DIRS', '/usr/share/ubuntu:/usr/local/share/:/usr/share/:/var/lib/snapd/desktop'), ('PYTHONPATH', '/home/starry1n/WUTA/WUTA-FSD/ros2_ws/install/wuta_msgs/local/lib/python3.10/dist-packages:/home/starry1n/WUTA/WUTA-FSD/ros2_ws/install/robot_localization/local/lib/python3.10/dist-packages:/opt/ros/humble/lib/python3.10/site-packages:/opt/ros/humble/local/lib/python3.10/dist-packages'), ('COLCON', '1'), ('VTE_VERSION', '6800'), ('CMAKE_PREFIX_PATH', '/home/starry1n/WUTA/WUTA-FSD/ros2_ws/install/wuta_msgs:/home/starry1n/WUTA/WUTA-FSD/ros2_ws/install/robot_localization:/home/starry1n/WUTA/WUTA-FSD/ros2_ws/install/kiss_icp:/opt/ros/humble')]), 'shell': False}
[0.868007] (lidar_detection) CommandEnded: {'returncode': 0}
[0.890343] (lidar_detection) JobEnded: {'identifier': 'lidar_detection', 'rc': 0}
[0.893961] (wuta_tools) JobStarted: {'identifier': 'wuta_tools'}
[0.896478] (boundary_detector) StdoutLine: {'line': b'[ 87%] Built target pathplanning\n'}
[0.897190] (boundary_detector) StdoutLine: {'line': b'[100%] Built target boundary_detector_node\n'}
[0.898770] (ndt_localization) JobProgress: {'identifier': 'ndt_localization', 'progress': 'cmake'}
[0.900252] (ndt_localization) JobProgress: {'identifier': 'ndt_localization', 'progress': 'build'}
[0.901183] (ndt_localization) Command: {'cmd': ['/usr/bin/cmake', '--build', '/home/starry1n/WUTA/WUTA-FSD/ros2_ws/build/ndt_localization', '--', '-j8', '-l8'], 'cwd': '/home/starry1n/WUTA/WUTA-FSD/ros2_ws/build/ndt_localization', 'env': OrderedDict([('LESSOPEN', '| /usr/bin/lesspipe %s'), ('CODEX_CI', '1'), ('LANGUAGE', 'zh_CN:zh'), ('USER', 'starry1n'), ('XDG_SESSION_TYPE', 'wayland'), ('SHLVL', '2'), ('LD_LIBRARY_PATH', '/home/starry1n/WUTA/WUTA-FSD/ros2_ws/install/wuta_msgs/lib:/opt/ros/humble/opt/rviz_ogre_vendor/lib:/opt/ros/humble/lib/x86_64-linux-gnu:/opt/ros/humble/lib'), ('HOME', '/home/starry1n'), ('OLDPWD', '/home/starry1n/WUTA/WUTA-FSD'), ('DESKTOP_SESSION', 'ubuntu'), ('ROS_PYTHON_VERSION', '3'), ('GNOME_SHELL_SESSION_MODE', 'ubuntu'), ('GTK_MODULES', 'gail:atk-bridge'), ('PAGER', 'cat'), ('LC_CTYPE', 'C.UTF-8'), ('DBUS_STARTER_BUS_TYPE', 'session'), ('SYSTEMD_EXEC_PID', '2321'), ('IM_CONFIG_CHECK_ENV', '1'), ('NO_COLOR', '1'), ('DBUS_SESSION_BUS_ADDRESS', 'unix:path=/run/user/1000/bus,guid=c67e2489f73595b365ff0ae46a50c8ee'), ('COLORTERM', ''), ('IM_CONFIG_PHASE', '1'), ('WAYLAND_DISPLAY', 'wayland-0'), ('CODEX_PERMISSION_PROFILE', ':workspace'), ('ROS_DISTRO', 'humble'), ('LOGNAME', 'starry1n'), ('_', '/usr/bin/colcon'), ('ROS_VERSION', '2'), ('XDG_SESSION_CLASS', 'user'), ('USERNAME', 'starry1n'), ('TERM', 'dumb'), ('GNOME_DESKTOP_SESSION_ID', 'this-is-deprecated'), ('ROS_LOCALHOST_ONLY', '0'), ('PATH', '/home/starry1n/.local/bin:/home/starry1n/.codex/packages/standalone/releases/0.144.4-x86_64-unknown-linux-musl/codex-path:/home/starry1n/.codex/tmp/arg0/codex-arg05cnADw:/home/starry1n/.local/bin:/opt/ros/humble/bin:/home/starry1n/.local/bin:/usr/local/sbin:/usr/local/bin:/usr/sbin:/usr/bin:/sbin:/bin:/usr/games:/usr/local/games:/snap/bin:/snap/bin'), ('SESSION_MANAGER', 'local/starry1n-virtual-machine:@/tmp/.ICE-unix/2321,unix/starry1n-virtual-machine:/tmp/.ICE-unix/2321'), ('XDG_MENU_PREFIX', 'gnome-'), ('GNOME_TERMINAL_SCREEN', '/org/gnome/Terminal/screen/b41f3890_f157_4b82_b249_7c5cfcb9354a'), ('GNOME_SETUP_DISPLAY', ':1'), ('XDG_RUNTIME_DIR', '/run/user/1000'), ('DISPLAY', ':0'), ('CODEX_SANDBOX_NETWORK_DISABLED', '1'), ('LANG', 'C.UTF-8'), ('XDG_CURRENT_DESKTOP', 'ubuntu:GNOME'), ('XMODIFIERS', '@im=ibus'), ('GH_PAGER', 'cat'), ('XDG_SESSION_DESKTOP', 'ubuntu'), ('XAUTHORITY', '/run/user/1000/.mutter-Xwaylandauth.H6FRS3'), ('LS_COLORS', 'rs=0:di=01;34:ln=01;36:mh=00:pi=40;33:so=01;35:do=01;35:bd=40;33;01:cd=40;33;01:or=40;31;01:mi=00:su=37;41:sg=30;43:ca=30;41:tw=30;42:ow=34;42:st=37;44:ex=01;32:*.tar=01;31:*.tgz=01;31:*.arc=01;31:*.arj=01;31:*.taz=01;31:*.lha=01;31:*.lz4=01;31:*.lzh=01;31:*.lzma=01;31:*.tlz=01;31:*.txz=01;31:*.tzo=01;31:*.t7z=01;31:*.zip=01;31:*.z=01;31:*.dz=01;31:*.gz=01;31:*.lrz=01;31:*.lz=01;31:*.lzo=01;31:*.xz=01;31:*.zst=01;31:*.tzst=01;31:*.bz2=01;31:*.bz=01;31:*.tbz=01;31:*.tbz2=01;31:*.tz=01;31:*.deb=01;31:*.rpm=01;31:*.jar=01;31:*.war=01;31:*.ear=01;31:*.sar=01;31:*.rar=01;31:*.alz=01;31:*.ace=01;31:*.zoo=01;31:*.cpio=01;31:*.7z=01;31:*.rz=01;31:*.cab=01;31:*.wim=01;31:*.swm=01;31:*.dwm=01;31:*.esd=01;31:*.jpg=01;35:*.jpeg=01;35:*.mjpg=01;35:*.mjpeg=01;35:*.gif=01;35:*.bmp=01;35:*.pbm=01;35:*.pgm=01;35:*.ppm=01;35:*.tga=01;35:*.xbm=01;35:*.xpm=01;35:*.tif=01;35:*.tiff=01;35:*.png=01;35:*.svg=01;35:*.svgz=01;35:*.mng=01;35:*.pcx=01;35:*.mov=01;35:*.mpg=01;35:*.mpeg=01;35:*.m2v=01;35:*.mkv=01;35:*.webm=01;35:*.webp=01;35:*.ogm=01;35:*.mp4=01;35:*.m4v=01;35:*.mp4v=01;35:*.vob=01;35:*.qt=01;35:*.nuv=01;35:*.wmv=01;35:*.asf=01;35:*.rm=01;35:*.rmvb=01;35:*.flc=01;35:*.avi=01;35:*.fli=01;35:*.flv=01;35:*.gl=01;35:*.dl=01;35:*.xcf=01;35:*.xwd=01;35:*.yuv=01;35:*.cgm=01;35:*.emf=01;35:*.ogv=01;35:*.ogx=01;35:*.aac=00;36:*.au=00;36:*.flac=00;36:*.m4a=00;36:*.mid=00;36:*.midi=00;36:*.mka=00;36:*.mp3=00;36:*.mpc=00;36:*.ogg=00;36:*.ra=00;36:*.wav=00;36:*.oga=00;36:*.opus=00;36:*.spx=00;36:*.xspf=00;36:'), ('GNOME_TERMINAL_SERVICE', ':1.330'), ('SSH_AGENT_LAUNCHER', 'gnome-keyring'), ('SSH_AUTH_SOCK', '/run/user/1000/keyring/ssh'), ('AMENT_PREFIX_PATH', '/home/starry1n/WUTA/WUTA-FSD/ros2_ws/install/wuta_msgs:/opt/ros/humble'), ('SHELL', '/bin/bash'), ('QT_ACCESSIBILITY', '1'), ('GDMSESSION', 'ubuntu'), ('LESSCLOSE', '/usr/bin/lesspipe %s %s'), ('CODEX_THREAD_ID', '019f5073-bc50-71a2-9549-8d1988512281'), ('GIT_PAGER', 'cat'), ('QT_IM_MODULE', 'ibus'), ('PWD', '/home/starry1n/WUTA/WUTA-FSD/ros2_ws/build/ndt_localization'), ('LC_ALL', 'C.UTF-8'), ('XDG_CONFIG_DIRS', '/etc/xdg/xdg-ubuntu:/etc/xdg'), ('DBUS_STARTER_ADDRESS', 'unix:path=/run/user/1000/bus,guid=c67e2489f73595b365ff0ae46a50c8ee'), ('XDG_DATA_DIRS', '/usr/share/ubuntu:/usr/local/share/:/usr/share/:/var/lib/snapd/desktop'), ('PYTHONPATH', '/home/starry1n/WUTA/WUTA-FSD/ros2_ws/install/wuta_msgs/local/lib/python3.10/dist-packages:/opt/ros/humble/lib/python3.10/site-packages:/opt/ros/humble/local/lib/python3.10/dist-packages'), ('COLCON', '1'), ('VTE_VERSION', '6800'), ('CMAKE_PREFIX_PATH', '/home/starry1n/WUTA/WUTA-FSD/ros2_ws/install/wuta_msgs:/opt/ros/humble')]), 'shell': False}
[0.906124] (-) TimerEvent: {}
[0.906220] (path_generator) JobProgress: {'identifier': 'path_generator', 'progress': 'cmake'}
[0.906249] (path_generator) JobProgress: {'identifier': 'path_generator', 'progress': 'build'}
[0.906269] (path_generator) Command: {'cmd': ['/usr/bin/cmake', '--build', '/home/starry1n/WUTA/WUTA-FSD/ros2_ws/build/path_generator', '--', '-j8', '-l8'], 'cwd': '/home/starry1n/WUTA/WUTA-FSD/ros2_ws/build/path_generator', 'env': OrderedDict([('LESSOPEN', '| /usr/bin/lesspipe %s'), ('CODEX_CI', '1'), ('LANGUAGE', 'zh_CN:zh'), ('USER', 'starry1n'), ('XDG_SESSION_TYPE', 'wayland'), ('SHLVL', '2'), ('LD_LIBRARY_PATH', '/home/starry1n/WUTA/WUTA-FSD/ros2_ws/install/wuta_msgs/lib:/home/starry1n/WUTA/WUTA-FSD/ros2_ws/install/autoware_msgs/lib:/opt/ros/humble/opt/rviz_ogre_vendor/lib:/opt/ros/humble/lib/x86_64-linux-gnu:/opt/ros/humble/lib'), ('HOME', '/home/starry1n'), ('OLDPWD', '/home/starry1n/WUTA/WUTA-FSD'), ('DESKTOP_SESSION', 'ubuntu'), ('ROS_PYTHON_VERSION', '3'), ('GNOME_SHELL_SESSION_MODE', 'ubuntu'), ('GTK_MODULES', 'gail:atk-bridge'), ('PAGER', 'cat'), ('LC_CTYPE', 'C.UTF-8'), ('DBUS_STARTER_BUS_TYPE', 'session'), ('SYSTEMD_EXEC_PID', '2321'), ('IM_CONFIG_CHECK_ENV', '1'), ('NO_COLOR', '1'), ('DBUS_SESSION_BUS_ADDRESS', 'unix:path=/run/user/1000/bus,guid=c67e2489f73595b365ff0ae46a50c8ee'), ('COLORTERM', ''), ('IM_CONFIG_PHASE', '1'), ('WAYLAND_DISPLAY', 'wayland-0'), ('CODEX_PERMISSION_PROFILE', ':workspace'), ('ROS_DISTRO', 'humble'), ('LOGNAME', 'starry1n'), ('_', '/usr/bin/colcon'), ('ROS_VERSION', '2'), ('XDG_SESSION_CLASS', 'user'), ('USERNAME', 'starry1n'), ('TERM', 'dumb'), ('GNOME_DESKTOP_SESSION_ID', 'this-is-deprecated'), ('ROS_LOCALHOST_ONLY', '0'), ('PATH', '/home/starry1n/.local/bin:/home/starry1n/.codex/packages/standalone/releases/0.144.4-x86_64-unknown-linux-musl/codex-path:/home/starry1n/.codex/tmp/arg0/codex-arg05cnADw:/home/starry1n/.local/bin:/opt/ros/humble/bin:/home/starry1n/.local/bin:/usr/local/sbin:/usr/local/bin:/usr/sbin:/usr/bin:/sbin:/bin:/usr/games:/usr/local/games:/snap/bin:/snap/bin'), ('SESSION_MANAGER', 'local/starry1n-virtual-machine:@/tmp/.ICE-unix/2321,unix/starry1n-virtual-machine:/tmp/.ICE-unix/2321'), ('XDG_MENU_PREFIX', 'gnome-'), ('GNOME_TERMINAL_SCREEN', '/org/gnome/Terminal/screen/b41f3890_f157_4b82_b249_7c5cfcb9354a'), ('GNOME_SETUP_DISPLAY', ':1'), ('XDG_RUNTIME_DIR', '/run/user/1000'), ('DISPLAY', ':0'), ('CODEX_SANDBOX_NETWORK_DISABLED', '1'), ('LANG', 'C.UTF-8'), ('XDG_CURRENT_DESKTOP', 'ubuntu:GNOME'), ('XMODIFIERS', '@im=ibus'), ('GH_PAGER', 'cat'), ('XDG_SESSION_DESKTOP', 'ubuntu'), ('XAUTHORITY', '/run/user/1000/.mutter-Xwaylandauth.H6FRS3'), ('LS_COLORS', 'rs=0:di=01;34:ln=01;36:mh=00:pi=40;33:so=01;35:do=01;35:bd=40;33;01:cd=40;33;01:or=40;31;01:mi=00:su=37;41:sg=30;43:ca=30;41:tw=30;42:ow=34;42:st=37;44:ex=01;32:*.tar=01;31:*.tgz=01;31:*.arc=01;31:*.arj=01;31:*.taz=01;31:*.lha=01;31:*.lz4=01;31:*.lzh=01;31:*.lzma=01;31:*.tlz=01;31:*.txz=01;31:*.tzo=01;31:*.t7z=01;31:*.zip=01;31:*.z=01;31:*.dz=01;31:*.gz=01;31:*.lrz=01;31:*.lz=01;31:*.lzo=01;31:*.xz=01;31:*.zst=01;31:*.tzst=01;31:*.bz2=01;31:*.bz=01;31:*.tbz=01;31:*.tbz2=01;31:*.tz=01;31:*.deb=01;31:*.rpm=01;31:*.jar=01;31:*.war=01;31:*.ear=01;31:*.sar=01;31:*.rar=01;31:*.alz=01;31:*.ace=01;31:*.zoo=01;31:*.cpio=01;31:*.7z=01;31:*.rz=01;31:*.cab=01;31:*.wim=01;31:*.swm=01;31:*.dwm=01;31:*.esd=01;31:*.jpg=01;35:*.jpeg=01;35:*.mjpg=01;35:*.mjpeg=01;35:*.gif=01;35:*.bmp=01;35:*.pbm=01;35:*.pgm=01;35:*.ppm=01;35:*.tga=01;35:*.xbm=01;35:*.xpm=01;35:*.tif=01;35:*.tiff=01;35:*.png=01;35:*.svg=01;35:*.svgz=01;35:*.mng=01;35:*.pcx=01;35:*.mov=01;35:*.mpg=01;35:*.mpeg=01;35:*.m2v=01;35:*.mkv=01;35:*.webm=01;35:*.webp=01;35:*.ogm=01;35:*.mp4=01;35:*.m4v=01;35:*.mp4v=01;35:*.vob=01;35:*.qt=01;35:*.nuv=01;35:*.wmv=01;35:*.asf=01;35:*.rm=01;35:*.rmvb=01;35:*.flc=01;35:*.avi=01;35:*.fli=01;35:*.flv=01;35:*.gl=01;35:*.dl=01;35:*.xcf=01;35:*.xwd=01;35:*.yuv=01;35:*.cgm=01;35:*.emf=01;35:*.ogv=01;35:*.ogx=01;35:*.aac=00;36:*.au=00;36:*.flac=00;36:*.m4a=00;36:*.mid=00;36:*.midi=00;36:*.mka=00;36:*.mp3=00;36:*.mpc=00;36:*.ogg=00;36:*.ra=00;36:*.wav=00;36:*.oga=00;36:*.opus=00;36:*.spx=00;36:*.xspf=00;36:'), ('GNOME_TERMINAL_SERVICE', ':1.330'), ('SSH_AGENT_LAUNCHER', 'gnome-keyring'), ('SSH_AUTH_SOCK', '/run/user/1000/keyring/ssh'), ('AMENT_PREFIX_PATH', '/home/starry1n/WUTA/WUTA-FSD/ros2_ws/install/wuta_msgs:/home/starry1n/WUTA/WUTA-FSD/ros2_ws/install/autoware_msgs:/opt/ros/humble'), ('SHELL', '/bin/bash'), ('QT_ACCESSIBILITY', '1'), ('GDMSESSION', 'ubuntu'), ('LESSCLOSE', '/usr/bin/lesspipe %s %s'), ('CODEX_THREAD_ID', '019f5073-bc50-71a2-9549-8d1988512281'), ('GIT_PAGER', 'cat'), ('QT_IM_MODULE', 'ibus'), ('PWD', '/home/starry1n/WUTA/WUTA-FSD/ros2_ws/build/path_generator'), ('LC_ALL', 'C.UTF-8'), ('XDG_CONFIG_DIRS', '/etc/xdg/xdg-ubuntu:/etc/xdg'), ('DBUS_STARTER_ADDRESS', 'unix:path=/run/user/1000/bus,guid=c67e2489f73595b365ff0ae46a50c8ee'), ('XDG_DATA_DIRS', '/usr/share/ubuntu:/usr/local/share/:/usr/share/:/var/lib/snapd/desktop'), ('PYTHONPATH', '/home/starry1n/WUTA/WUTA-FSD/ros2_ws/install/wuta_msgs/local/lib/python3.10/dist-packages:/home/starry1n/WUTA/WUTA-FSD/ros2_ws/install/autoware_msgs/local/lib/python3.10/dist-packages:/opt/ros/humble/lib/python3.10/site-packages:/opt/ros/humble/local/lib/python3.10/dist-packages'), ('COLCON', '1'), ('VTE_VERSION', '6800'), ('CMAKE_PREFIX_PATH', '/home/starry1n/WUTA/WUTA-FSD/ros2_ws/install/wuta_msgs:/home/starry1n/WUTA/WUTA-FSD/ros2_ws/install/autoware_msgs:/opt/ros/humble')]), 'shell': False}
[0.909775] (boundary_detector) CommandEnded: {'returncode': 0}
[0.909980] (boundary_detector) JobProgress: {'identifier': 'boundary_detector', 'progress': 'install'}
[0.909998] (boundary_detector) Command: {'cmd': ['/usr/bin/cmake', '--install', '/home/starry1n/WUTA/WUTA-FSD/ros2_ws/build/boundary_detector'], 'cwd': '/home/starry1n/WUTA/WUTA-FSD/ros2_ws/build/boundary_detector', 'env': OrderedDict([('LESSOPEN', '| /usr/bin/lesspipe %s'), ('CODEX_CI', '1'), ('LANGUAGE', 'zh_CN:zh'), ('USER', 'starry1n'), ('XDG_SESSION_TYPE', 'wayland'), ('SHLVL', '2'), ('LD_LIBRARY_PATH', '/home/starry1n/WUTA/WUTA-FSD/ros2_ws/install/wuta_msgs/lib:/home/starry1n/WUTA/WUTA-FSD/ros2_ws/install/autoware_msgs/lib:/opt/ros/humble/opt/rviz_ogre_vendor/lib:/opt/ros/humble/lib/x86_64-linux-gnu:/opt/ros/humble/lib'), ('HOME', '/home/starry1n'), ('OLDPWD', '/home/starry1n/WUTA/WUTA-FSD'), ('DESKTOP_SESSION', 'ubuntu'), ('ROS_PYTHON_VERSION', '3'), ('GNOME_SHELL_SESSION_MODE', 'ubuntu'), ('GTK_MODULES', 'gail:atk-bridge'), ('PAGER', 'cat'), ('LC_CTYPE', 'C.UTF-8'), ('DBUS_STARTER_BUS_TYPE', 'session'), ('SYSTEMD_EXEC_PID', '2321'), ('IM_CONFIG_CHECK_ENV', '1'), ('NO_COLOR', '1'), ('DBUS_SESSION_BUS_ADDRESS', 'unix:path=/run/user/1000/bus,guid=c67e2489f73595b365ff0ae46a50c8ee'), ('COLORTERM', ''), ('IM_CONFIG_PHASE', '1'), ('WAYLAND_DISPLAY', 'wayland-0'), ('CODEX_PERMISSION_PROFILE', ':workspace'), ('ROS_DISTRO', 'humble'), ('LOGNAME', 'starry1n'), ('_', '/usr/bin/colcon'), ('ROS_VERSION', '2'), ('XDG_SESSION_CLASS', 'user'), ('USERNAME', 'starry1n'), ('TERM', 'dumb'), ('GNOME_DESKTOP_SESSION_ID', 'this-is-deprecated'), ('ROS_LOCALHOST_ONLY', '0'), ('PATH', '/home/starry1n/.local/bin:/home/starry1n/.codex/packages/standalone/releases/0.144.4-x86_64-unknown-linux-musl/codex-path:/home/starry1n/.codex/tmp/arg0/codex-arg05cnADw:/home/starry1n/.local/bin:/opt/ros/humble/bin:/home/starry1n/.local/bin:/usr/local/sbin:/usr/local/bin:/usr/sbin:/usr/bin:/sbin:/bin:/usr/games:/usr/local/games:/snap/bin:/snap/bin'), ('SESSION_MANAGER', 'local/starry1n-virtual-machine:@/tmp/.ICE-unix/2321,unix/starry1n-virtual-machine:/tmp/.ICE-unix/2321'), ('XDG_MENU_PREFIX', 'gnome-'), ('GNOME_TERMINAL_SCREEN', '/org/gnome/Terminal/screen/b41f3890_f157_4b82_b249_7c5cfcb9354a'), ('GNOME_SETUP_DISPLAY', ':1'), ('XDG_RUNTIME_DIR', '/run/user/1000'), ('DISPLAY', ':0'), ('CODEX_SANDBOX_NETWORK_DISABLED', '1'), ('LANG', 'C.UTF-8'), ('XDG_CURRENT_DESKTOP', 'ubuntu:GNOME'), ('XMODIFIERS', '@im=ibus'), ('GH_PAGER', 'cat'), ('XDG_SESSION_DESKTOP', 'ubuntu'), ('XAUTHORITY', '/run/user/1000/.mutter-Xwaylandauth.H6FRS3'), ('LS_COLORS', 'rs=0:di=01;34:ln=01;36:mh=00:pi=40;33:so=01;35:do=01;35:bd=40;33;01:cd=40;33;01:or=40;31;01:mi=00:su=37;41:sg=30;43:ca=30;41:tw=30;42:ow=34;42:st=37;44:ex=01;32:*.tar=01;31:*.tgz=01;31:*.arc=01;31:*.arj=01;31:*.taz=01;31:*.lha=01;31:*.lz4=01;31:*.lzh=01;31:*.lzma=01;31:*.tlz=01;31:*.txz=01;31:*.tzo=01;31:*.t7z=01;31:*.zip=01;31:*.z=01;31:*.dz=01;31:*.gz=01;31:*.lrz=01;31:*.lz=01;31:*.lzo=01;31:*.xz=01;31:*.zst=01;31:*.tzst=01;31:*.bz2=01;31:*.bz=01;31:*.tbz=01;31:*.tbz2=01;31:*.tz=01;31:*.deb=01;31:*.rpm=01;31:*.jar=01;31:*.war=01;31:*.ear=01;31:*.sar=01;31:*.rar=01;31:*.alz=01;31:*.ace=01;31:*.zoo=01;31:*.cpio=01;31:*.7z=01;31:*.rz=01;31:*.cab=01;31:*.wim=01;31:*.swm=01;31:*.dwm=01;31:*.esd=01;31:*.jpg=01;35:*.jpeg=01;35:*.mjpg=01;35:*.mjpeg=01;35:*.gif=01;35:*.bmp=01;35:*.pbm=01;35:*.pgm=01;35:*.ppm=01;35:*.tga=01;35:*.xbm=01;35:*.xpm=01;35:*.tif=01;35:*.tiff=01;35:*.png=01;35:*.svg=01;35:*.svgz=01;35:*.mng=01;35:*.pcx=01;35:*.mov=01;35:*.mpg=01;35:*.mpeg=01;35:*.m2v=01;35:*.mkv=01;35:*.webm=01;35:*.webp=01;35:*.ogm=01;35:*.mp4=01;35:*.m4v=01;35:*.mp4v=01;35:*.vob=01;35:*.qt=01;35:*.nuv=01;35:*.wmv=01;35:*.asf=01;35:*.rm=01;35:*.rmvb=01;35:*.flc=01;35:*.avi=01;35:*.fli=01;35:*.flv=01;35:*.gl=01;35:*.dl=01;35:*.xcf=01;35:*.xwd=01;35:*.yuv=01;35:*.cgm=01;35:*.emf=01;35:*.ogv=01;35:*.ogx=01;35:*.aac=00;36:*.au=00;36:*.flac=00;36:*.m4a=00;36:*.mid=00;36:*.midi=00;36:*.mka=00;36:*.mp3=00;36:*.mpc=00;36:*.ogg=00;36:*.ra=00;36:*.wav=00;36:*.oga=00;36:*.opus=00;36:*.spx=00;36:*.xspf=00;36:'), ('GNOME_TERMINAL_SERVICE', ':1.330'), ('SSH_AGENT_LAUNCHER', 'gnome-keyring'), ('SSH_AUTH_SOCK', '/run/user/1000/keyring/ssh'), ('AMENT_PREFIX_PATH', '/home/starry1n/WUTA/WUTA-FSD/ros2_ws/install/wuta_msgs:/home/starry1n/WUTA/WUTA-FSD/ros2_ws/install/autoware_msgs:/opt/ros/humble'), ('SHELL', '/bin/bash'), ('QT_ACCESSIBILITY', '1'), ('GDMSESSION', 'ubuntu'), ('LESSCLOSE', '/usr/bin/lesspipe %s %s'), ('CODEX_THREAD_ID', '019f5073-bc50-71a2-9549-8d1988512281'), ('GIT_PAGER', 'cat'), ('QT_IM_MODULE', 'ibus'), ('PWD', '/home/starry1n/WUTA/WUTA-FSD/ros2_ws/build/boundary_detector'), ('LC_ALL', 'C.UTF-8'), ('XDG_CONFIG_DIRS', '/etc/xdg/xdg-ubuntu:/etc/xdg'), ('DBUS_STARTER_ADDRESS', 'unix:path=/run/user/1000/bus,guid=c67e2489f73595b365ff0ae46a50c8ee'), ('XDG_DATA_DIRS', '/usr/share/ubuntu:/usr/local/share/:/usr/share/:/var/lib/snapd/desktop'), ('PYTHONPATH', '/home/starry1n/WUTA/WUTA-FSD/ros2_ws/install/wuta_msgs/local/lib/python3.10/dist-packages:/home/starry1n/WUTA/WUTA-FSD/ros2_ws/install/autoware_msgs/local/lib/python3.10/dist-packages:/opt/ros/humble/lib/python3.10/site-packages:/opt/ros/humble/local/lib/python3.10/dist-packages'), ('COLCON', '1'), ('VTE_VERSION', '6800'), ('CMAKE_PREFIX_PATH', '/home/starry1n/WUTA/WUTA-FSD/ros2_ws/install/wuta_msgs:/home/starry1n/WUTA/WUTA-FSD/ros2_ws/install/autoware_msgs:/opt/ros/humble')]), 'shell': False}
[0.910660] (controller) StdoutLine: {'line': b'[100%] Built target controller_node\n'}
[0.913117] (wuta_tools) JobProgress: {'identifier': 'wuta_tools', 'progress': 'cmake'}
[0.913170] (wuta_tools) JobProgress: {'identifier': 'wuta_tools', 'progress': 'build'}
[0.913189] (wuta_tools) Command: {'cmd': ['/usr/bin/cmake', '--build', '/home/starry1n/WUTA/WUTA-FSD/ros2_ws/build/wuta_tools', '--', '-j8', '-l8'], 'cwd': '/home/starry1n/WUTA/WUTA-FSD/ros2_ws/build/wuta_tools', 'env': OrderedDict([('LESSOPEN', '| /usr/bin/lesspipe %s'), ('CODEX_CI', '1'), ('LANGUAGE', 'zh_CN:zh'), ('USER', 'starry1n'), ('XDG_SESSION_TYPE', 'wayland'), ('SHLVL', '2'), ('LD_LIBRARY_PATH', '/home/starry1n/WUTA/WUTA-FSD/ros2_ws/install/wuta_msgs/lib:/opt/ros/humble/opt/rviz_ogre_vendor/lib:/opt/ros/humble/lib/x86_64-linux-gnu:/opt/ros/humble/lib'), ('HOME', '/home/starry1n'), ('OLDPWD', '/home/starry1n/WUTA/WUTA-FSD'), ('DESKTOP_SESSION', 'ubuntu'), ('ROS_PYTHON_VERSION', '3'), ('GNOME_SHELL_SESSION_MODE', 'ubuntu'), ('GTK_MODULES', 'gail:atk-bridge'), ('PAGER', 'cat'), ('LC_CTYPE', 'C.UTF-8'), ('DBUS_STARTER_BUS_TYPE', 'session'), ('SYSTEMD_EXEC_PID', '2321'), ('IM_CONFIG_CHECK_ENV', '1'), ('NO_COLOR', '1'), ('DBUS_SESSION_BUS_ADDRESS', 'unix:path=/run/user/1000/bus,guid=c67e2489f73595b365ff0ae46a50c8ee'), ('COLORTERM', ''), ('IM_CONFIG_PHASE', '1'), ('WAYLAND_DISPLAY', 'wayland-0'), ('CODEX_PERMISSION_PROFILE', ':workspace'), ('ROS_DISTRO', 'humble'), ('LOGNAME', 'starry1n'), ('_', '/usr/bin/colcon'), ('ROS_VERSION', '2'), ('XDG_SESSION_CLASS', 'user'), ('USERNAME', 'starry1n'), ('TERM', 'dumb'), ('GNOME_DESKTOP_SESSION_ID', 'this-is-deprecated'), ('ROS_LOCALHOST_ONLY', '0'), ('PATH', '/home/starry1n/.local/bin:/home/starry1n/.codex/packages/standalone/releases/0.144.4-x86_64-unknown-linux-musl/codex-path:/home/starry1n/.codex/tmp/arg0/codex-arg05cnADw:/home/starry1n/.local/bin:/opt/ros/humble/bin:/home/starry1n/.local/bin:/usr/local/sbin:/usr/local/bin:/usr/sbin:/usr/bin:/sbin:/bin:/usr/games:/usr/local/games:/snap/bin:/snap/bin'), ('SESSION_MANAGER', 'local/starry1n-virtual-machine:@/tmp/.ICE-unix/2321,unix/starry1n-virtual-machine:/tmp/.ICE-unix/2321'), ('XDG_MENU_PREFIX', 'gnome-'), ('GNOME_TERMINAL_SCREEN', '/org/gnome/Terminal/screen/b41f3890_f157_4b82_b249_7c5cfcb9354a'), ('GNOME_SETUP_DISPLAY', ':1'), ('XDG_RUNTIME_DIR', '/run/user/1000'), ('DISPLAY', ':0'), ('CODEX_SANDBOX_NETWORK_DISABLED', '1'), ('LANG', 'C.UTF-8'), ('XDG_CURRENT_DESKTOP', 'ubuntu:GNOME'), ('XMODIFIERS', '@im=ibus'), ('GH_PAGER', 'cat'), ('XDG_SESSION_DESKTOP', 'ubuntu'), ('XAUTHORITY', '/run/user/1000/.mutter-Xwaylandauth.H6FRS3'), ('LS_COLORS', 'rs=0:di=01;34:ln=01;36:mh=00:pi=40;33:so=01;35:do=01;35:bd=40;33;01:cd=40;33;01:or=40;31;01:mi=00:su=37;41:sg=30;43:ca=30;41:tw=30;42:ow=34;42:st=37;44:ex=01;32:*.tar=01;31:*.tgz=01;31:*.arc=01;31:*.arj=01;31:*.taz=01;31:*.lha=01;31:*.lz4=01;31:*.lzh=01;31:*.lzma=01;31:*.tlz=01;31:*.txz=01;31:*.tzo=01;31:*.t7z=01;31:*.zip=01;31:*.z=01;31:*.dz=01;31:*.gz=01;31:*.lrz=01;31:*.lz=01;31:*.lzo=01;31:*.xz=01;31:*.zst=01;31:*.tzst=01;31:*.bz2=01;31:*.bz=01;31:*.tbz=01;31:*.tbz2=01;31:*.tz=01;31:*.deb=01;31:*.rpm=01;31:*.jar=01;31:*.war=01;31:*.ear=01;31:*.sar=01;31:*.rar=01;31:*.alz=01;31:*.ace=01;31:*.zoo=01;31:*.cpio=01;31:*.7z=01;31:*.rz=01;31:*.cab=01;31:*.wim=01;31:*.swm=01;31:*.dwm=01;31:*.esd=01;31:*.jpg=01;35:*.jpeg=01;35:*.mjpg=01;35:*.mjpeg=01;35:*.gif=01;35:*.bmp=01;35:*.pbm=01;35:*.pgm=01;35:*.ppm=01;35:*.tga=01;35:*.xbm=01;35:*.xpm=01;35:*.tif=01;35:*.tiff=01;35:*.png=01;35:*.svg=01;35:*.svgz=01;35:*.mng=01;35:*.pcx=01;35:*.mov=01;35:*.mpg=01;35:*.mpeg=01;35:*.m2v=01;35:*.mkv=01;35:*.webm=01;35:*.webp=01;35:*.ogm=01;35:*.mp4=01;35:*.m4v=01;35:*.mp4v=01;35:*.vob=01;35:*.qt=01;35:*.nuv=01;35:*.wmv=01;35:*.asf=01;35:*.rm=01;35:*.rmvb=01;35:*.flc=01;35:*.avi=01;35:*.fli=01;35:*.flv=01;35:*.gl=01;35:*.dl=01;35:*.xcf=01;35:*.xwd=01;35:*.yuv=01;35:*.cgm=01;35:*.emf=01;35:*.ogv=01;35:*.ogx=01;35:*.aac=00;36:*.au=00;36:*.flac=00;36:*.m4a=00;36:*.mid=00;36:*.midi=00;36:*.mka=00;36:*.mp3=00;36:*.mpc=00;36:*.ogg=00;36:*.ra=00;36:*.wav=00;36:*.oga=00;36:*.opus=00;36:*.spx=00;36:*.xspf=00;36:'), ('GNOME_TERMINAL_SERVICE', ':1.330'), ('SSH_AGENT_LAUNCHER', 'gnome-keyring'), ('SSH_AUTH_SOCK', '/run/user/1000/keyring/ssh'), ('AMENT_PREFIX_PATH', '/home/starry1n/WUTA/WUTA-FSD/ros2_ws/install/wuta_msgs:/opt/ros/humble'), ('SHELL', '/bin/bash'), ('QT_ACCESSIBILITY', '1'), ('GDMSESSION', 'ubuntu'), ('LESSCLOSE', '/usr/bin/lesspipe %s %s'), ('CODEX_THREAD_ID', '019f5073-bc50-71a2-9549-8d1988512281'), ('GIT_PAGER', 'cat'), ('QT_IM_MODULE', 'ibus'), ('PWD', '/home/starry1n/WUTA/WUTA-FSD/ros2_ws/build/wuta_tools'), ('LC_ALL', 'C.UTF-8'), ('XDG_CONFIG_DIRS', '/etc/xdg/xdg-ubuntu:/etc/xdg'), ('DBUS_STARTER_ADDRESS', 'unix:path=/run/user/1000/bus,guid=c67e2489f73595b365ff0ae46a50c8ee'), ('XDG_DATA_DIRS', '/usr/share/ubuntu:/usr/local/share/:/usr/share/:/var/lib/snapd/desktop'), ('PYTHONPATH', '/home/starry1n/WUTA/WUTA-FSD/ros2_ws/install/wuta_msgs/local/lib/python3.10/dist-packages:/opt/ros/humble/lib/python3.10/site-packages:/opt/ros/humble/local/lib/python3.10/dist-packages'), ('COLCON', '1'), ('VTE_VERSION', '6800'), ('CMAKE_PREFIX_PATH', '/home/starry1n/WUTA/WUTA-FSD/ros2_ws/install/wuta_msgs:/opt/ros/humble')]), 'shell': False}
[0.917377] (boundary_detector) StdoutLine: {'line': b'-- Install configuration: ""\n'}
[0.917676] (boundary_detector) StdoutLine: {'line': b'-- Execute custom install script\n'}
[0.918220] (boundary_detector) StdoutLine: {'line': b'-- Up-to-date symlink: /home/starry1n/WUTA/WUTA-FSD/ros2_ws/install/boundary_detector/lib/boundary_detector/boundary_detector_node\n'}
[0.918404] (boundary_detector) StdoutLine: {'line': b'-- Up-to-date symlink: /home/starry1n/WUTA/WUTA-FSD/ros2_ws/install/boundary_detector/share/boundary_detector/config/boundary_detector.yaml\n'}
[0.918564] (boundary_detector) StdoutLine: {'line': b'-- Up-to-date symlink: /home/starry1n/WUTA/WUTA-FSD/ros2_ws/install/boundary_detector/share/ament_index/resource_index/package_run_dependencies/boundary_detector\n'}
[0.918628] (boundary_detector) StdoutLine: {'line': b'-- Up-to-date symlink: /home/starry1n/WUTA/WUTA-FSD/ros2_ws/install/boundary_detector/share/ament_index/resource_index/parent_prefix_path/boundary_detector\n'}
[0.918839] (boundary_detector) StdoutLine: {'line': b'-- Up-to-date symlink: /home/starry1n/WUTA/WUTA-FSD/ros2_ws/install/boundary_detector/share/boundary_detector/environment/ament_prefix_path.sh\n'}
[0.918981] (boundary_detector) StdoutLine: {'line': b'-- Up-to-date symlink: /home/starry1n/WUTA/WUTA-FSD/ros2_ws/install/boundary_detector/share/boundary_detector/environment/ament_prefix_path.dsv\n'}
[0.919021] (boundary_detector) StdoutLine: {'line': b'-- Up-to-date symlink: /home/starry1n/WUTA/WUTA-FSD/ros2_ws/install/boundary_detector/share/boundary_detector/environment/path.sh\n'}
[0.919050] (boundary_detector) StdoutLine: {'line': b'-- Up-to-date symlink: /home/starry1n/WUTA/WUTA-FSD/ros2_ws/install/boundary_detector/share/boundary_detector/environment/path.dsv\n'}
[0.919162] (boundary_detector) StdoutLine: {'line': b'-- Up-to-date symlink: /home/starry1n/WUTA/WUTA-FSD/ros2_ws/install/boundary_detector/share/boundary_detector/local_setup.bash\n'}
[0.919251] (boundary_detector) StdoutLine: {'line': b'-- Up-to-date symlink: /home/starry1n/WUTA/WUTA-FSD/ros2_ws/install/boundary_detector/share/boundary_detector/local_setup.sh\n'}
[0.919416] (boundary_detector) StdoutLine: {'line': b'-- Up-to-date symlink: /home/starry1n/WUTA/WUTA-FSD/ros2_ws/install/boundary_detector/share/boundary_detector/local_setup.zsh\n'}
[0.919452] (boundary_detector) StdoutLine: {'line': b'-- Up-to-date symlink: /home/starry1n/WUTA/WUTA-FSD/ros2_ws/install/boundary_detector/share/boundary_detector/local_setup.dsv\n'}
[0.919480] (boundary_detector) StdoutLine: {'line': b'-- Symlinking: /home/starry1n/WUTA/WUTA-FSD/ros2_ws/install/boundary_detector/share/boundary_detector/package.dsv\n'}
[0.935612] (controller) CommandEnded: {'returncode': 0}
[0.940179] (controller) JobProgress: {'identifier': 'controller', 'progress': 'install'}
[0.945805] (controller) Command: {'cmd': ['/usr/bin/cmake', '--install', '/home/starry1n/WUTA/WUTA-FSD/ros2_ws/build/controller'], 'cwd': '/home/starry1n/WUTA/WUTA-FSD/ros2_ws/build/controller', 'env': OrderedDict([('LESSOPEN', '| /usr/bin/lesspipe %s'), ('CODEX_CI', '1'), ('LANGUAGE', 'zh_CN:zh'), ('USER', 'starry1n'), ('XDG_SESSION_TYPE', 'wayland'), ('SHLVL', '2'), ('LD_LIBRARY_PATH', '/home/starry1n/WUTA/WUTA-FSD/ros2_ws/install/wuta_msgs/lib:/home/starry1n/WUTA/WUTA-FSD/ros2_ws/install/autoware_msgs/lib:/opt/ros/humble/opt/rviz_ogre_vendor/lib:/opt/ros/humble/lib/x86_64-linux-gnu:/opt/ros/humble/lib'), ('HOME', '/home/starry1n'), ('OLDPWD', '/home/starry1n/WUTA/WUTA-FSD'), ('DESKTOP_SESSION', 'ubuntu'), ('ROS_PYTHON_VERSION', '3'), ('GNOME_SHELL_SESSION_MODE', 'ubuntu'), ('GTK_MODULES', 'gail:atk-bridge'), ('PAGER', 'cat'), ('LC_CTYPE', 'C.UTF-8'), ('DBUS_STARTER_BUS_TYPE', 'session'), ('SYSTEMD_EXEC_PID', '2321'), ('IM_CONFIG_CHECK_ENV', '1'), ('NO_COLOR', '1'), ('DBUS_SESSION_BUS_ADDRESS', 'unix:path=/run/user/1000/bus,guid=c67e2489f73595b365ff0ae46a50c8ee'), ('COLORTERM', ''), ('IM_CONFIG_PHASE', '1'), ('WAYLAND_DISPLAY', 'wayland-0'), ('CODEX_PERMISSION_PROFILE', ':workspace'), ('ROS_DISTRO', 'humble'), ('LOGNAME', 'starry1n'), ('_', '/usr/bin/colcon'), ('ROS_VERSION', '2'), ('XDG_SESSION_CLASS', 'user'), ('USERNAME', 'starry1n'), ('TERM', 'dumb'), ('GNOME_DESKTOP_SESSION_ID', 'this-is-deprecated'), ('ROS_LOCALHOST_ONLY', '0'), ('PATH', '/home/starry1n/.local/bin:/home/starry1n/.codex/packages/standalone/releases/0.144.4-x86_64-unknown-linux-musl/codex-path:/home/starry1n/.codex/tmp/arg0/codex-arg05cnADw:/home/starry1n/.local/bin:/opt/ros/humble/bin:/home/starry1n/.local/bin:/usr/local/sbin:/usr/local/bin:/usr/sbin:/usr/bin:/sbin:/bin:/usr/games:/usr/local/games:/snap/bin:/snap/bin'), ('SESSION_MANAGER', 'local/starry1n-virtual-machine:@/tmp/.ICE-unix/2321,unix/starry1n-virtual-machine:/tmp/.ICE-unix/2321'), ('XDG_MENU_PREFIX', 'gnome-'), ('GNOME_TERMINAL_SCREEN', '/org/gnome/Terminal/screen/b41f3890_f157_4b82_b249_7c5cfcb9354a'), ('GNOME_SETUP_DISPLAY', ':1'), ('XDG_RUNTIME_DIR', '/run/user/1000'), ('DISPLAY', ':0'), ('CODEX_SANDBOX_NETWORK_DISABLED', '1'), ('LANG', 'C.UTF-8'), ('XDG_CURRENT_DESKTOP', 'ubuntu:GNOME'), ('XMODIFIERS', '@im=ibus'), ('GH_PAGER', 'cat'), ('XDG_SESSION_DESKTOP', 'ubuntu'), ('XAUTHORITY', '/run/user/1000/.mutter-Xwaylandauth.H6FRS3'), ('LS_COLORS', 'rs=0:di=01;34:ln=01;36:mh=00:pi=40;33:so=01;35:do=01;35:bd=40;33;01:cd=40;33;01:or=40;31;01:mi=00:su=37;41:sg=30;43:ca=30;41:tw=30;42:ow=34;42:st=37;44:ex=01;32:*.tar=01;31:*.tgz=01;31:*.arc=01;31:*.arj=01;31:*.taz=01;31:*.lha=01;31:*.lz4=01;31:*.lzh=01;31:*.lzma=01;31:*.tlz=01;31:*.txz=01;31:*.tzo=01;31:*.t7z=01;31:*.zip=01;31:*.z=01;31:*.dz=01;31:*.gz=01;31:*.lrz=01;31:*.lz=01;31:*.lzo=01;31:*.xz=01;31:*.zst=01;31:*.tzst=01;31:*.bz2=01;31:*.bz=01;31:*.tbz=01;31:*.tbz2=01;31:*.tz=01;31:*.deb=01;31:*.rpm=01;31:*.jar=01;31:*.war=01;31:*.ear=01;31:*.sar=01;31:*.rar=01;31:*.alz=01;31:*.ace=01;31:*.zoo=01;31:*.cpio=01;31:*.7z=01;31:*.rz=01;31:*.cab=01;31:*.wim=01;31:*.swm=01;31:*.dwm=01;31:*.esd=01;31:*.jpg=01;35:*.jpeg=01;35:*.mjpg=01;35:*.mjpeg=01;35:*.gif=01;35:*.bmp=01;35:*.pbm=01;35:*.pgm=01;35:*.ppm=01;35:*.tga=01;35:*.xbm=01;35:*.xpm=01;35:*.tif=01;35:*.tiff=01;35:*.png=01;35:*.svg=01;35:*.svgz=01;35:*.mng=01;35:*.pcx=01;35:*.mov=01;35:*.mpg=01;35:*.mpeg=01;35:*.m2v=01;35:*.mkv=01;35:*.webm=01;35:*.webp=01;35:*.ogm=01;35:*.mp4=01;35:*.m4v=01;35:*.mp4v=01;35:*.vob=01;35:*.qt=01;35:*.nuv=01;35:*.wmv=01;35:*.asf=01;35:*.rm=01;35:*.rmvb=01;35:*.flc=01;35:*.avi=01;35:*.fli=01;35:*.flv=01;35:*.gl=01;35:*.dl=01;35:*.xcf=01;35:*.xwd=01;35:*.yuv=01;35:*.cgm=01;35:*.emf=01;35:*.ogv=01;35:*.ogx=01;35:*.aac=00;36:*.au=00;36:*.flac=00;36:*.m4a=00;36:*.mid=00;36:*.midi=00;36:*.mka=00;36:*.mp3=00;36:*.mpc=00;36:*.ogg=00;36:*.ra=00;36:*.wav=00;36:*.oga=00;36:*.opus=00;36:*.spx=00;36:*.xspf=00;36:'), ('GNOME_TERMINAL_SERVICE', ':1.330'), ('SSH_AGENT_LAUNCHER', 'gnome-keyring'), ('SSH_AUTH_SOCK', '/run/user/1000/keyring/ssh'), ('AMENT_PREFIX_PATH', '/home/starry1n/WUTA/WUTA-FSD/ros2_ws/install/wuta_msgs:/home/starry1n/WUTA/WUTA-FSD/ros2_ws/install/autoware_msgs:/opt/ros/humble'), ('SHELL', '/bin/bash'), ('QT_ACCESSIBILITY', '1'), ('GDMSESSION', 'ubuntu'), ('LESSCLOSE', '/usr/bin/lesspipe %s %s'), ('CODEX_THREAD_ID', '019f5073-bc50-71a2-9549-8d1988512281'), ('GIT_PAGER', 'cat'), ('QT_IM_MODULE', 'ibus'), ('PWD', '/home/starry1n/WUTA/WUTA-FSD/ros2_ws/build/controller'), ('LC_ALL', 'C.UTF-8'), ('XDG_CONFIG_DIRS', '/etc/xdg/xdg-ubuntu:/etc/xdg'), ('DBUS_STARTER_ADDRESS', 'unix:path=/run/user/1000/bus,guid=c67e2489f73595b365ff0ae46a50c8ee'), ('XDG_DATA_DIRS', '/usr/share/ubuntu:/usr/local/share/:/usr/share/:/var/lib/snapd/desktop'), ('PYTHONPATH', '/home/starry1n/WUTA/WUTA-FSD/ros2_ws/install/wuta_msgs/local/lib/python3.10/dist-packages:/home/starry1n/WUTA/WUTA-FSD/ros2_ws/install/autoware_msgs/local/lib/python3.10/dist-packages:/opt/ros/humble/lib/python3.10/site-packages:/opt/ros/humble/local/lib/python3.10/dist-packages'), ('COLCON', '1'), ('VTE_VERSION', '6800'), ('CMAKE_PREFIX_PATH', '/home/starry1n/WUTA/WUTA-FSD/ros2_ws/install/wuta_msgs:/home/starry1n/WUTA/WUTA-FSD/ros2_ws/install/autoware_msgs:/opt/ros/humble')]), 'shell': False}
[0.946388] (boundary_detector) StdoutLine: {'line': b'-- Up-to-date symlink: /home/starry1n/WUTA/WUTA-FSD/ros2_ws/install/boundary_detector/share/ament_index/resource_index/packages/boundary_detector\n'}
[0.946461] (boundary_detector) StdoutLine: {'line': b'-- Up-to-date symlink: /home/starry1n/WUTA/WUTA-FSD/ros2_ws/install/boundary_detector/share/boundary_detector/cmake/boundary_detectorConfig.cmake\n'}
[0.946553] (boundary_detector) StdoutLine: {'line': b'-- Up-to-date symlink: /home/starry1n/WUTA/WUTA-FSD/ros2_ws/install/boundary_detector/share/boundary_detector/cmake/boundary_detectorConfig-version.cmake\n'}
[0.946592] (boundary_detector) StdoutLine: {'line': b'-- Up-to-date symlink: /home/starry1n/WUTA/WUTA-FSD/ros2_ws/install/boundary_detector/share/boundary_detector/package.xml\n'}
[0.946630] (boundary_detector) CommandEnded: {'returncode': 0}
[0.962746] (boundary_detector) JobEnded: {'identifier': 'boundary_detector', 'rc': 0}
[0.965885] (controller) StdoutLine: {'line': b'-- Install configuration: ""\n'}
[0.966341] (controller) StdoutLine: {'line': b'-- Execute custom install script\n'}
[0.966389] (controller) StdoutLine: {'line': b'-- Up-to-date symlink: /home/starry1n/WUTA/WUTA-FSD/ros2_ws/install/controller/lib/controller/controller_node\n'}
[0.966423] (controller) StdoutLine: {'line': b'-- Up-to-date symlink: /home/starry1n/WUTA/WUTA-FSD/ros2_ws/install/controller/share/controller/controller.yaml\n'}
[0.966453] (controller) StdoutLine: {'line': b'-- Up-to-date symlink: /home/starry1n/WUTA/WUTA-FSD/ros2_ws/install/controller/share/ament_index/resource_index/package_run_dependencies/controller\n'}
[0.966576] (controller) StdoutLine: {'line': b'-- Up-to-date symlink: /home/starry1n/WUTA/WUTA-FSD/ros2_ws/install/controller/share/ament_index/resource_index/parent_prefix_path/controller\n'}
[0.967111] (controller) StdoutLine: {'line': b'-- Up-to-date symlink: /home/starry1n/WUTA/WUTA-FSD/ros2_ws/install/controller/share/controller/environment/ament_prefix_path.sh\n'}
[0.967963] (controller) StdoutLine: {'line': b'-- Up-to-date symlink: /home/starry1n/WUTA/WUTA-FSD/ros2_ws/install/controller/share/controller/environment/ament_prefix_path.dsv\n'}
[0.971001] (controller) StdoutLine: {'line': b'-- Up-to-date symlink: /home/starry1n/WUTA/WUTA-FSD/ros2_ws/install/controller/share/controller/environment/path.sh\n'}
[0.971138] (controller) StdoutLine: {'line': b'-- Up-to-date symlink: /home/starry1n/WUTA/WUTA-FSD/ros2_ws/install/controller/share/controller/environment/path.dsv\n'}
[0.971204] (controller) StdoutLine: {'line': b'-- Up-to-date symlink: /home/starry1n/WUTA/WUTA-FSD/ros2_ws/install/controller/share/controller/local_setup.bash\n'}
[0.971288] (controller) StdoutLine: {'line': b'-- Up-to-date symlink: /home/starry1n/WUTA/WUTA-FSD/ros2_ws/install/controller/share/controller/local_setup.sh\n'}
[0.971344] (controller) StdoutLine: {'line': b'-- Up-to-date symlink: /home/starry1n/WUTA/WUTA-FSD/ros2_ws/install/controller/share/controller/local_setup.zsh\n'}
[0.971377] (controller) StdoutLine: {'line': b'-- Up-to-date symlink: /home/starry1n/WUTA/WUTA-FSD/ros2_ws/install/controller/share/controller/local_setup.dsv\n'}
[0.971671] (controller) StdoutLine: {'line': b'-- Symlinking: /home/starry1n/WUTA/WUTA-FSD/ros2_ws/install/controller/share/controller/package.dsv\n'}
[0.971785] (controller) StdoutLine: {'line': b'-- Up-to-date symlink: /home/starry1n/WUTA/WUTA-FSD/ros2_ws/install/controller/share/ament_index/resource_index/packages/controller\n'}
[0.972331] (controller) StdoutLine: {'line': b'-- Up-to-date symlink: /home/starry1n/WUTA/WUTA-FSD/ros2_ws/install/controller/share/controller/cmake/controllerConfig.cmake\n'}
[0.972609] (controller) StdoutLine: {'line': b'-- Up-to-date symlink: /home/starry1n/WUTA/WUTA-FSD/ros2_ws/install/controller/share/controller/cmake/controllerConfig-version.cmake\n'}
[0.973051] (controller) StdoutLine: {'line': b'-- Up-to-date symlink: /home/starry1n/WUTA/WUTA-FSD/ros2_ws/install/controller/share/controller/package.xml\n'}
[0.973830] (localization_manager) StdoutLine: {'line': b'[100%] Built target localization_manager_node\n'}
[0.973999] (wuta_tools) CommandEnded: {'returncode': 0}
[0.974260] (wuta_tools) JobProgress: {'identifier': 'wuta_tools', 'progress': 'install'}
[0.974277] (wuta_tools) Command: {'cmd': ['/usr/bin/cmake', '--install', '/home/starry1n/WUTA/WUTA-FSD/ros2_ws/build/wuta_tools'], 'cwd': '/home/starry1n/WUTA/WUTA-FSD/ros2_ws/build/wuta_tools', 'env': OrderedDict([('LESSOPEN', '| /usr/bin/lesspipe %s'), ('CODEX_CI', '1'), ('LANGUAGE', 'zh_CN:zh'), ('USER', 'starry1n'), ('XDG_SESSION_TYPE', 'wayland'), ('SHLVL', '2'), ('LD_LIBRARY_PATH', '/home/starry1n/WUTA/WUTA-FSD/ros2_ws/install/wuta_msgs/lib:/opt/ros/humble/opt/rviz_ogre_vendor/lib:/opt/ros/humble/lib/x86_64-linux-gnu:/opt/ros/humble/lib'), ('HOME', '/home/starry1n'), ('OLDPWD', '/home/starry1n/WUTA/WUTA-FSD'), ('DESKTOP_SESSION', 'ubuntu'), ('ROS_PYTHON_VERSION', '3'), ('GNOME_SHELL_SESSION_MODE', 'ubuntu'), ('GTK_MODULES', 'gail:atk-bridge'), ('PAGER', 'cat'), ('LC_CTYPE', 'C.UTF-8'), ('DBUS_STARTER_BUS_TYPE', 'session'), ('SYSTEMD_EXEC_PID', '2321'), ('IM_CONFIG_CHECK_ENV', '1'), ('NO_COLOR', '1'), ('DBUS_SESSION_BUS_ADDRESS', 'unix:path=/run/user/1000/bus,guid=c67e2489f73595b365ff0ae46a50c8ee'), ('COLORTERM', ''), ('IM_CONFIG_PHASE', '1'), ('WAYLAND_DISPLAY', 'wayland-0'), ('CODEX_PERMISSION_PROFILE', ':workspace'), ('ROS_DISTRO', 'humble'), ('LOGNAME', 'starry1n'), ('_', '/usr/bin/colcon'), ('ROS_VERSION', '2'), ('XDG_SESSION_CLASS', 'user'), ('USERNAME', 'starry1n'), ('TERM', 'dumb'), ('GNOME_DESKTOP_SESSION_ID', 'this-is-deprecated'), ('ROS_LOCALHOST_ONLY', '0'), ('PATH', '/home/starry1n/.local/bin:/home/starry1n/.codex/packages/standalone/releases/0.144.4-x86_64-unknown-linux-musl/codex-path:/home/starry1n/.codex/tmp/arg0/codex-arg05cnADw:/home/starry1n/.local/bin:/opt/ros/humble/bin:/home/starry1n/.local/bin:/usr/local/sbin:/usr/local/bin:/usr/sbin:/usr/bin:/sbin:/bin:/usr/games:/usr/local/games:/snap/bin:/snap/bin'), ('SESSION_MANAGER', 'local/starry1n-virtual-machine:@/tmp/.ICE-unix/2321,unix/starry1n-virtual-machine:/tmp/.ICE-unix/2321'), ('XDG_MENU_PREFIX', 'gnome-'), ('GNOME_TERMINAL_SCREEN', '/org/gnome/Terminal/screen/b41f3890_f157_4b82_b249_7c5cfcb9354a'), ('GNOME_SETUP_DISPLAY', ':1'), ('XDG_RUNTIME_DIR', '/run/user/1000'), ('DISPLAY', ':0'), ('CODEX_SANDBOX_NETWORK_DISABLED', '1'), ('LANG', 'C.UTF-8'), ('XDG_CURRENT_DESKTOP', 'ubuntu:GNOME'), ('XMODIFIERS', '@im=ibus'), ('GH_PAGER', 'cat'), ('XDG_SESSION_DESKTOP', 'ubuntu'), ('XAUTHORITY', '/run/user/1000/.mutter-Xwaylandauth.H6FRS3'), ('LS_COLORS', 'rs=0:di=01;34:ln=01;36:mh=00:pi=40;33:so=01;35:do=01;35:bd=40;33;01:cd=40;33;01:or=40;31;01:mi=00:su=37;41:sg=30;43:ca=30;41:tw=30;42:ow=34;42:st=37;44:ex=01;32:*.tar=01;31:*.tgz=01;31:*.arc=01;31:*.arj=01;31:*.taz=01;31:*.lha=01;31:*.lz4=01;31:*.lzh=01;31:*.lzma=01;31:*.tlz=01;31:*.txz=01;31:*.tzo=01;31:*.t7z=01;31:*.zip=01;31:*.z=01;31:*.dz=01;31:*.gz=01;31:*.lrz=01;31:*.lz=01;31:*.lzo=01;31:*.xz=01;31:*.zst=01;31:*.tzst=01;31:*.bz2=01;31:*.bz=01;31:*.tbz=01;31:*.tbz2=01;31:*.tz=01;31:*.deb=01;31:*.rpm=01;31:*.jar=01;31:*.war=01;31:*.ear=01;31:*.sar=01;31:*.rar=01;31:*.alz=01;31:*.ace=01;31:*.zoo=01;31:*.cpio=01;31:*.7z=01;31:*.rz=01;31:*.cab=01;31:*.wim=01;31:*.swm=01;31:*.dwm=01;31:*.esd=01;31:*.jpg=01;35:*.jpeg=01;35:*.mjpg=01;35:*.mjpeg=01;35:*.gif=01;35:*.bmp=01;35:*.pbm=01;35:*.pgm=01;35:*.ppm=01;35:*.tga=01;35:*.xbm=01;35:*.xpm=01;35:*.tif=01;35:*.tiff=01;35:*.png=01;35:*.svg=01;35:*.svgz=01;35:*.mng=01;35:*.pcx=01;35:*.mov=01;35:*.mpg=01;35:*.mpeg=01;35:*.m2v=01;35:*.mkv=01;35:*.webm=01;35:*.webp=01;35:*.ogm=01;35:*.mp4=01;35:*.m4v=01;35:*.mp4v=01;35:*.vob=01;35:*.qt=01;35:*.nuv=01;35:*.wmv=01;35:*.asf=01;35:*.rm=01;35:*.rmvb=01;35:*.flc=01;35:*.avi=01;35:*.fli=01;35:*.flv=01;35:*.gl=01;35:*.dl=01;35:*.xcf=01;35:*.xwd=01;35:*.yuv=01;35:*.cgm=01;35:*.emf=01;35:*.ogv=01;35:*.ogx=01;35:*.aac=00;36:*.au=00;36:*.flac=00;36:*.m4a=00;36:*.mid=00;36:*.midi=00;36:*.mka=00;36:*.mp3=00;36:*.mpc=00;36:*.ogg=00;36:*.ra=00;36:*.wav=00;36:*.oga=00;36:*.opus=00;36:*.spx=00;36:*.xspf=00;36:'), ('GNOME_TERMINAL_SERVICE', ':1.330'), ('SSH_AGENT_LAUNCHER', 'gnome-keyring'), ('SSH_AUTH_SOCK', '/run/user/1000/keyring/ssh'), ('AMENT_PREFIX_PATH', '/home/starry1n/WUTA/WUTA-FSD/ros2_ws/install/wuta_msgs:/opt/ros/humble'), ('SHELL', '/bin/bash'), ('QT_ACCESSIBILITY', '1'), ('GDMSESSION', 'ubuntu'), ('LESSCLOSE', '/usr/bin/lesspipe %s %s'), ('CODEX_THREAD_ID', '019f5073-bc50-71a2-9549-8d1988512281'), ('GIT_PAGER', 'cat'), ('QT_IM_MODULE', 'ibus'), ('PWD', '/home/starry1n/WUTA/WUTA-FSD/ros2_ws/build/wuta_tools'), ('LC_ALL', 'C.UTF-8'), ('XDG_CONFIG_DIRS', '/etc/xdg/xdg-ubuntu:/etc/xdg'), ('DBUS_STARTER_ADDRESS', 'unix:path=/run/user/1000/bus,guid=c67e2489f73595b365ff0ae46a50c8ee'), ('XDG_DATA_DIRS', '/usr/share/ubuntu:/usr/local/share/:/usr/share/:/var/lib/snapd/desktop'), ('PYTHONPATH', '/home/starry1n/WUTA/WUTA-FSD/ros2_ws/install/wuta_msgs/local/lib/python3.10/dist-packages:/opt/ros/humble/lib/python3.10/site-packages:/opt/ros/humble/local/lib/python3.10/dist-packages'), ('COLCON', '1'), ('VTE_VERSION', '6800'), ('CMAKE_PREFIX_PATH', '/home/starry1n/WUTA/WUTA-FSD/ros2_ws/install/wuta_msgs:/opt/ros/humble')]), 'shell': False}
[0.974472] (controller) CommandEnded: {'returncode': 0}
[0.988718] (controller) JobEnded: {'identifier': 'controller', 'rc': 0}
[0.988963] (localization_manager) CommandEnded: {'returncode': 0}
[0.989834] (localization_manager) JobProgress: {'identifier': 'localization_manager', 'progress': 'install'}
[0.989852] (localization_manager) Command: {'cmd': ['/usr/bin/cmake', '--install', '/home/starry1n/WUTA/WUTA-FSD/ros2_ws/build/localization_manager'], 'cwd': '/home/starry1n/WUTA/WUTA-FSD/ros2_ws/build/localization_manager', 'env': OrderedDict([('LESSOPEN', '| /usr/bin/lesspipe %s'), ('CODEX_CI', '1'), ('LANGUAGE', 'zh_CN:zh'), ('USER', 'starry1n'), ('XDG_SESSION_TYPE', 'wayland'), ('SHLVL', '2'), ('LD_LIBRARY_PATH', '/home/starry1n/WUTA/WUTA-FSD/ros2_ws/install/wuta_msgs/lib:/home/starry1n/WUTA/WUTA-FSD/ros2_ws/install/robot_localization/lib:/home/starry1n/WUTA/WUTA-FSD/ros2_ws/install/kiss_icp/lib:/opt/ros/humble/opt/rviz_ogre_vendor/lib:/opt/ros/humble/lib/x86_64-linux-gnu:/opt/ros/humble/lib'), ('HOME', '/home/starry1n'), ('OLDPWD', '/home/starry1n/WUTA/WUTA-FSD'), ('DESKTOP_SESSION', 'ubuntu'), ('ROS_PYTHON_VERSION', '3'), ('GNOME_SHELL_SESSION_MODE', 'ubuntu'), ('GTK_MODULES', 'gail:atk-bridge'), ('PAGER', 'cat'), ('LC_CTYPE', 'C.UTF-8'), ('DBUS_STARTER_BUS_TYPE', 'session'), ('SYSTEMD_EXEC_PID', '2321'), ('IM_CONFIG_CHECK_ENV', '1'), ('NO_COLOR', '1'), ('DBUS_SESSION_BUS_ADDRESS', 'unix:path=/run/user/1000/bus,guid=c67e2489f73595b365ff0ae46a50c8ee'), ('COLORTERM', ''), ('IM_CONFIG_PHASE', '1'), ('WAYLAND_DISPLAY', 'wayland-0'), ('CODEX_PERMISSION_PROFILE', ':workspace'), ('ROS_DISTRO', 'humble'), ('LOGNAME', 'starry1n'), ('_', '/usr/bin/colcon'), ('ROS_VERSION', '2'), ('XDG_SESSION_CLASS', 'user'), ('USERNAME', 'starry1n'), ('TERM', 'dumb'), ('GNOME_DESKTOP_SESSION_ID', 'this-is-deprecated'), ('ROS_LOCALHOST_ONLY', '0'), ('PATH', '/home/starry1n/.local/bin:/home/starry1n/.codex/packages/standalone/releases/0.144.4-x86_64-unknown-linux-musl/codex-path:/home/starry1n/.codex/tmp/arg0/codex-arg05cnADw:/home/starry1n/.local/bin:/opt/ros/humble/bin:/home/starry1n/.local/bin:/usr/local/sbin:/usr/local/bin:/usr/sbin:/usr/bin:/sbin:/bin:/usr/games:/usr/local/games:/snap/bin:/snap/bin'), ('SESSION_MANAGER', 'local/starry1n-virtual-machine:@/tmp/.ICE-unix/2321,unix/starry1n-virtual-machine:/tmp/.ICE-unix/2321'), ('XDG_MENU_PREFIX', 'gnome-'), ('GNOME_TERMINAL_SCREEN', '/org/gnome/Terminal/screen/b41f3890_f157_4b82_b249_7c5cfcb9354a'), ('GNOME_SETUP_DISPLAY', ':1'), ('XDG_RUNTIME_DIR', '/run/user/1000'), ('DISPLAY', ':0'), ('CODEX_SANDBOX_NETWORK_DISABLED', '1'), ('LANG', 'C.UTF-8'), ('XDG_CURRENT_DESKTOP', 'ubuntu:GNOME'), ('XMODIFIERS', '@im=ibus'), ('GH_PAGER', 'cat'), ('XDG_SESSION_DESKTOP', 'ubuntu'), ('XAUTHORITY', '/run/user/1000/.mutter-Xwaylandauth.H6FRS3'), ('LS_COLORS', 'rs=0:di=01;34:ln=01;36:mh=00:pi=40;33:so=01;35:do=01;35:bd=40;33;01:cd=40;33;01:or=40;31;01:mi=00:su=37;41:sg=30;43:ca=30;41:tw=30;42:ow=34;42:st=37;44:ex=01;32:*.tar=01;31:*.tgz=01;31:*.arc=01;31:*.arj=01;31:*.taz=01;31:*.lha=01;31:*.lz4=01;31:*.lzh=01;31:*.lzma=01;31:*.tlz=01;31:*.txz=01;31:*.tzo=01;31:*.t7z=01;31:*.zip=01;31:*.z=01;31:*.dz=01;31:*.gz=01;31:*.lrz=01;31:*.lz=01;31:*.lzo=01;31:*.xz=01;31:*.zst=01;31:*.tzst=01;31:*.bz2=01;31:*.bz=01;31:*.tbz=01;31:*.tbz2=01;31:*.tz=01;31:*.deb=01;31:*.rpm=01;31:*.jar=01;31:*.war=01;31:*.ear=01;31:*.sar=01;31:*.rar=01;31:*.alz=01;31:*.ace=01;31:*.zoo=01;31:*.cpio=01;31:*.7z=01;31:*.rz=01;31:*.cab=01;31:*.wim=01;31:*.swm=01;31:*.dwm=01;31:*.esd=01;31:*.jpg=01;35:*.jpeg=01;35:*.mjpg=01;35:*.mjpeg=01;35:*.gif=01;35:*.bmp=01;35:*.pbm=01;35:*.pgm=01;35:*.ppm=01;35:*.tga=01;35:*.xbm=01;35:*.xpm=01;35:*.tif=01;35:*.tiff=01;35:*.png=01;35:*.svg=01;35:*.svgz=01;35:*.mng=01;35:*.pcx=01;35:*.mov=01;35:*.mpg=01;35:*.mpeg=01;35:*.m2v=01;35:*.mkv=01;35:*.webm=01;35:*.webp=01;35:*.ogm=01;35:*.mp4=01;35:*.m4v=01;35:*.mp4v=01;35:*.vob=01;35:*.qt=01;35:*.nuv=01;35:*.wmv=01;35:*.asf=01;35:*.rm=01;35:*.rmvb=01;35:*.flc=01;35:*.avi=01;35:*.fli=01;35:*.flv=01;35:*.gl=01;35:*.dl=01;35:*.xcf=01;35:*.xwd=01;35:*.yuv=01;35:*.cgm=01;35:*.emf=01;35:*.ogv=01;35:*.ogx=01;35:*.aac=00;36:*.au=00;36:*.flac=00;36:*.m4a=00;36:*.mid=00;36:*.midi=00;36:*.mka=00;36:*.mp3=00;36:*.mpc=00;36:*.ogg=00;36:*.ra=00;36:*.wav=00;36:*.oga=00;36:*.opus=00;36:*.spx=00;36:*.xspf=00;36:'), ('GNOME_TERMINAL_SERVICE', ':1.330'), ('SSH_AGENT_LAUNCHER', 'gnome-keyring'), ('SSH_AUTH_SOCK', '/run/user/1000/keyring/ssh'), ('AMENT_PREFIX_PATH', '/home/starry1n/WUTA/WUTA-FSD/ros2_ws/install/wuta_msgs:/home/starry1n/WUTA/WUTA-FSD/ros2_ws/install/robot_localization:/home/starry1n/WUTA/WUTA-FSD/ros2_ws/install/kiss_icp:/opt/ros/humble'), ('SHELL', '/bin/bash'), ('QT_ACCESSIBILITY', '1'), ('GDMSESSION', 'ubuntu'), ('LESSCLOSE', '/usr/bin/lesspipe %s %s'), ('CODEX_THREAD_ID', '019f5073-bc50-71a2-9549-8d1988512281'), ('GIT_PAGER', 'cat'), ('QT_IM_MODULE', 'ibus'), ('PWD', '/home/starry1n/WUTA/WUTA-FSD/ros2_ws/build/localization_manager'), ('LC_ALL', 'C.UTF-8'), ('XDG_CONFIG_DIRS', '/etc/xdg/xdg-ubuntu:/etc/xdg'), ('DBUS_STARTER_ADDRESS', 'unix:path=/run/user/1000/bus,guid=c67e2489f73595b365ff0ae46a50c8ee'), ('XDG_DATA_DIRS', '/usr/share/ubuntu:/usr/local/share/:/usr/share/:/var/lib/snapd/desktop'), ('PYTHONPATH', '/home/starry1n/WUTA/WUTA-FSD/ros2_ws/install/wuta_msgs/local/lib/python3.10/dist-packages:/home/starry1n/WUTA/WUTA-FSD/ros2_ws/install/robot_localization/local/lib/python3.10/dist-packages:/opt/ros/humble/lib/python3.10/site-packages:/opt/ros/humble/local/lib/python3.10/dist-packages'), ('COLCON', '1'), ('VTE_VERSION', '6800'), ('CMAKE_PREFIX_PATH', '/home/starry1n/WUTA/WUTA-FSD/ros2_ws/install/wuta_msgs:/home/starry1n/WUTA/WUTA-FSD/ros2_ws/install/robot_localization:/home/starry1n/WUTA/WUTA-FSD/ros2_ws/install/kiss_icp:/opt/ros/humble')]), 'shell': False}
[0.993189] (wuta_tools) StdoutLine: {'line': b'-- Install configuration: ""\n'}
[0.993416] (wuta_tools) StdoutLine: {'line': b'-- Execute custom install script\n'}
[0.993523] (wuta_tools) StdoutLine: {'line': b'-- Up-to-date symlink: /home/starry1n/WUTA/WUTA-FSD/ros2_ws/install/wuta_tools/share/ament_index/resource_index/package_run_dependencies/wuta_tools\n'}
[0.993609] (wuta_tools) StdoutLine: {'line': b'-- Up-to-date symlink: /home/starry1n/WUTA/WUTA-FSD/ros2_ws/install/wuta_tools/share/ament_index/resource_index/parent_prefix_path/wuta_tools\n'}
[0.993639] (wuta_tools) StdoutLine: {'line': b'-- Up-to-date symlink: /home/starry1n/WUTA/WUTA-FSD/ros2_ws/install/wuta_tools/share/wuta_tools/environment/ament_prefix_path.sh\n'}
[0.993664] (wuta_tools) StdoutLine: {'line': b'-- Up-to-date symlink: /home/starry1n/WUTA/WUTA-FSD/ros2_ws/install/wuta_tools/share/wuta_tools/environment/ament_prefix_path.dsv\n'}
[0.993702] (wuta_tools) StdoutLine: {'line': b'-- Up-to-date symlink: /home/starry1n/WUTA/WUTA-FSD/ros2_ws/install/wuta_tools/share/wuta_tools/environment/path.sh\n'}
[0.993731] (wuta_tools) StdoutLine: {'line': b'-- Up-to-date symlink: /home/starry1n/WUTA/WUTA-FSD/ros2_ws/install/wuta_tools/share/wuta_tools/environment/path.dsv\n'}
[0.993755] (wuta_tools) StdoutLine: {'line': b'-- Up-to-date symlink: /home/starry1n/WUTA/WUTA-FSD/ros2_ws/install/wuta_tools/share/wuta_tools/local_setup.bash\n'}
[0.993778] (wuta_tools) StdoutLine: {'line': b'-- Up-to-date symlink: /home/starry1n/WUTA/WUTA-FSD/ros2_ws/install/wuta_tools/share/wuta_tools/local_setup.sh\n'}
[0.993801] (wuta_tools) StdoutLine: {'line': b'-- Up-to-date symlink: /home/starry1n/WUTA/WUTA-FSD/ros2_ws/install/wuta_tools/share/wuta_tools/local_setup.zsh\n'}
[0.993823] (wuta_tools) StdoutLine: {'line': b'-- Up-to-date symlink: /home/starry1n/WUTA/WUTA-FSD/ros2_ws/install/wuta_tools/share/wuta_tools/local_setup.dsv\n'}
[0.993845] (wuta_tools) StdoutLine: {'line': b'-- Symlinking: /home/starry1n/WUTA/WUTA-FSD/ros2_ws/install/wuta_tools/share/wuta_tools/package.dsv\n'}
[0.993867] (ndt_localization) StdoutLine: {'line': b'[ 75%] Built target ndt_localization_node\n'}
[0.993914] (ndt_localization) StdoutLine: {'line': b'[100%] Built target map_saver_node\n'}
[0.997908] (wuta_tools) StdoutLine: {'line': b'-- Up-to-date symlink: /home/starry1n/WUTA/WUTA-FSD/ros2_ws/install/wuta_tools/share/ament_index/resource_index/packages/wuta_tools\n'}
[0.999092] (wuta_tools) StdoutLine: {'line': b'-- Up-to-date symlink: /home/starry1n/WUTA/WUTA-FSD/ros2_ws/install/wuta_tools/share/wuta_tools/cmake/wuta_toolsConfig.cmake\n'}
[0.999528] (wuta_tools) StdoutLine: {'line': b'-- Up-to-date symlink: /home/starry1n/WUTA/WUTA-FSD/ros2_ws/install/wuta_tools/share/wuta_tools/cmake/wuta_toolsConfig-version.cmake\n'}
[0.999816] (wuta_tools) StdoutLine: {'line': b'-- Up-to-date symlink: /home/starry1n/WUTA/WUTA-FSD/ros2_ws/install/wuta_tools/share/wuta_tools/package.xml\n'}
[1.000463] (localization_manager) StdoutLine: {'line': b'-- Install configuration: ""\n'}
[1.000562] (localization_manager) StdoutLine: {'line': b'-- Execute custom install script\n'}
[1.003237] (localization_manager) StdoutLine: {'line': b'-- Up-to-date symlink: /home/starry1n/WUTA/WUTA-FSD/ros2_ws/install/localization_manager/lib/localization_manager/localization_manager_node\n'}
[1.004369] (localization_manager) StdoutLine: {'line': b'-- Up-to-date symlink: /home/starry1n/WUTA/WUTA-FSD/ros2_ws/install/localization_manager/share/localization_manager/config/ekf.yaml\n'}
[1.004808] (localization_manager) StdoutLine: {'line': b'-- Up-to-date symlink: /home/starry1n/WUTA/WUTA-FSD/ros2_ws/install/localization_manager/share/localization_manager/launch/localization.launch.py\n'}
[1.005525] (localization_manager) StdoutLine: {'line': b'-- Up-to-date symlink: /home/starry1n/WUTA/WUTA-FSD/ros2_ws/install/localization_manager/share/ament_index/resource_index/package_run_dependencies/localization_manager\n'}
[1.006019] (localization_manager) StdoutLine: {'line': b'-- Up-to-date symlink: /home/starry1n/WUTA/WUTA-FSD/ros2_ws/install/localization_manager/share/ament_index/resource_index/parent_prefix_path/localization_manager\n'}
[1.006133] (-) TimerEvent: {}
[1.006150] (localization_manager) StdoutLine: {'line': b'-- Up-to-date symlink: /home/starry1n/WUTA/WUTA-FSD/ros2_ws/install/localization_manager/share/localization_manager/environment/ament_prefix_path.sh\n'}
[1.006354] (path_generator) StdoutLine: {'line': b'[100%] Built target path_generator_node\n'}
[1.007030] (localization_manager) StdoutLine: {'line': b'-- Up-to-date symlink: /home/starry1n/WUTA/WUTA-FSD/ros2_ws/install/localization_manager/share/localization_manager/environment/ament_prefix_path.dsv\n'}
[1.007154] (localization_manager) StdoutLine: {'line': b'-- Up-to-date symlink: /home/starry1n/WUTA/WUTA-FSD/ros2_ws/install/localization_manager/share/localization_manager/environment/path.sh\n'}
[1.007408] (localization_manager) StdoutLine: {'line': b'-- Up-to-date symlink: /home/starry1n/WUTA/WUTA-FSD/ros2_ws/install/localization_manager/share/localization_manager/environment/path.dsv\n'}
[1.007509] (localization_manager) StdoutLine: {'line': b'-- Up-to-date symlink: /home/starry1n/WUTA/WUTA-FSD/ros2_ws/install/localization_manager/share/localization_manager/local_setup.bash\n'}
[1.008033] (localization_manager) StdoutLine: {'line': b'-- Up-to-date symlink: /home/starry1n/WUTA/WUTA-FSD/ros2_ws/install/localization_manager/share/localization_manager/local_setup.sh\n'}
[1.008125] (localization_manager) StdoutLine: {'line': b'-- Up-to-date symlink: /home/starry1n/WUTA/WUTA-FSD/ros2_ws/install/localization_manager/share/localization_manager/local_setup.zsh\n'}
[1.008194] (localization_manager) StdoutLine: {'line': b'-- Up-to-date symlink: /home/starry1n/WUTA/WUTA-FSD/ros2_ws/install/localization_manager/share/localization_manager/local_setup.dsv\n'}
[1.008251] (localization_manager) StdoutLine: {'line': b'-- Symlinking: /home/starry1n/WUTA/WUTA-FSD/ros2_ws/install/localization_manager/share/localization_manager/package.dsv\n'}
[1.008288] (wuta_tools) CommandEnded: {'returncode': 0}
[1.024583] (wuta_tools) JobEnded: {'identifier': 'wuta_tools', 'rc': 0}
[1.025645] (localization_manager) StdoutLine: {'line': b'-- Up-to-date symlink: /home/starry1n/WUTA/WUTA-FSD/ros2_ws/install/localization_manager/share/ament_index/resource_index/packages/localization_manager\n'}
[1.025828] (localization_manager) StdoutLine: {'line': b'-- Up-to-date symlink: /home/starry1n/WUTA/WUTA-FSD/ros2_ws/install/localization_manager/share/localization_manager/cmake/localization_managerConfig.cmake\n'}
[1.025888] (localization_manager) StdoutLine: {'line': b'-- Up-to-date symlink: /home/starry1n/WUTA/WUTA-FSD/ros2_ws/install/localization_manager/share/localization_manager/cmake/localization_managerConfig-version.cmake\n'}
[1.025928] (localization_manager) StdoutLine: {'line': b'-- Up-to-date symlink: /home/starry1n/WUTA/WUTA-FSD/ros2_ws/install/localization_manager/share/localization_manager/package.xml\n'}
[1.025966] (ndt_localization) CommandEnded: {'returncode': 0}
[1.027232] (ndt_localization) JobProgress: {'identifier': 'ndt_localization', 'progress': 'install'}
[1.027589] (ndt_localization) Command: {'cmd': ['/usr/bin/cmake', '--install', '/home/starry1n/WUTA/WUTA-FSD/ros2_ws/build/ndt_localization'], 'cwd': '/home/starry1n/WUTA/WUTA-FSD/ros2_ws/build/ndt_localization', 'env': OrderedDict([('LESSOPEN', '| /usr/bin/lesspipe %s'), ('CODEX_CI', '1'), ('LANGUAGE', 'zh_CN:zh'), ('USER', 'starry1n'), ('XDG_SESSION_TYPE', 'wayland'), ('SHLVL', '2'), ('LD_LIBRARY_PATH', '/home/starry1n/WUTA/WUTA-FSD/ros2_ws/install/wuta_msgs/lib:/opt/ros/humble/opt/rviz_ogre_vendor/lib:/opt/ros/humble/lib/x86_64-linux-gnu:/opt/ros/humble/lib'), ('HOME', '/home/starry1n'), ('OLDPWD', '/home/starry1n/WUTA/WUTA-FSD'), ('DESKTOP_SESSION', 'ubuntu'), ('ROS_PYTHON_VERSION', '3'), ('GNOME_SHELL_SESSION_MODE', 'ubuntu'), ('GTK_MODULES', 'gail:atk-bridge'), ('PAGER', 'cat'), ('LC_CTYPE', 'C.UTF-8'), ('DBUS_STARTER_BUS_TYPE', 'session'), ('SYSTEMD_EXEC_PID', '2321'), ('IM_CONFIG_CHECK_ENV', '1'), ('NO_COLOR', '1'), ('DBUS_SESSION_BUS_ADDRESS', 'unix:path=/run/user/1000/bus,guid=c67e2489f73595b365ff0ae46a50c8ee'), ('COLORTERM', ''), ('IM_CONFIG_PHASE', '1'), ('WAYLAND_DISPLAY', 'wayland-0'), ('CODEX_PERMISSION_PROFILE', ':workspace'), ('ROS_DISTRO', 'humble'), ('LOGNAME', 'starry1n'), ('_', '/usr/bin/colcon'), ('ROS_VERSION', '2'), ('XDG_SESSION_CLASS', 'user'), ('USERNAME', 'starry1n'), ('TERM', 'dumb'), ('GNOME_DESKTOP_SESSION_ID', 'this-is-deprecated'), ('ROS_LOCALHOST_ONLY', '0'), ('PATH', '/home/starry1n/.local/bin:/home/starry1n/.codex/packages/standalone/releases/0.144.4-x86_64-unknown-linux-musl/codex-path:/home/starry1n/.codex/tmp/arg0/codex-arg05cnADw:/home/starry1n/.local/bin:/opt/ros/humble/bin:/home/starry1n/.local/bin:/usr/local/sbin:/usr/local/bin:/usr/sbin:/usr/bin:/sbin:/bin:/usr/games:/usr/local/games:/snap/bin:/snap/bin'), ('SESSION_MANAGER', 'local/starry1n-virtual-machine:@/tmp/.ICE-unix/2321,unix/starry1n-virtual-machine:/tmp/.ICE-unix/2321'), ('XDG_MENU_PREFIX', 'gnome-'), ('GNOME_TERMINAL_SCREEN', '/org/gnome/Terminal/screen/b41f3890_f157_4b82_b249_7c5cfcb9354a'), ('GNOME_SETUP_DISPLAY', ':1'), ('XDG_RUNTIME_DIR', '/run/user/1000'), ('DISPLAY', ':0'), ('CODEX_SANDBOX_NETWORK_DISABLED', '1'), ('LANG', 'C.UTF-8'), ('XDG_CURRENT_DESKTOP', 'ubuntu:GNOME'), ('XMODIFIERS', '@im=ibus'), ('GH_PAGER', 'cat'), ('XDG_SESSION_DESKTOP', 'ubuntu'), ('XAUTHORITY', '/run/user/1000/.mutter-Xwaylandauth.H6FRS3'), ('LS_COLORS', 'rs=0:di=01;34:ln=01;36:mh=00:pi=40;33:so=01;35:do=01;35:bd=40;33;01:cd=40;33;01:or=40;31;01:mi=00:su=37;41:sg=30;43:ca=30;41:tw=30;42:ow=34;42:st=37;44:ex=01;32:*.tar=01;31:*.tgz=01;31:*.arc=01;31:*.arj=01;31:*.taz=01;31:*.lha=01;31:*.lz4=01;31:*.lzh=01;31:*.lzma=01;31:*.tlz=01;31:*.txz=01;31:*.tzo=01;31:*.t7z=01;31:*.zip=01;31:*.z=01;31:*.dz=01;31:*.gz=01;31:*.lrz=01;31:*.lz=01;31:*.lzo=01;31:*.xz=01;31:*.zst=01;31:*.tzst=01;31:*.bz2=01;31:*.bz=01;31:*.tbz=01;31:*.tbz2=01;31:*.tz=01;31:*.deb=01;31:*.rpm=01;31:*.jar=01;31:*.war=01;31:*.ear=01;31:*.sar=01;31:*.rar=01;31:*.alz=01;31:*.ace=01;31:*.zoo=01;31:*.cpio=01;31:*.7z=01;31:*.rz=01;31:*.cab=01;31:*.wim=01;31:*.swm=01;31:*.dwm=01;31:*.esd=01;31:*.jpg=01;35:*.jpeg=01;35:*.mjpg=01;35:*.mjpeg=01;35:*.gif=01;35:*.bmp=01;35:*.pbm=01;35:*.pgm=01;35:*.ppm=01;35:*.tga=01;35:*.xbm=01;35:*.xpm=01;35:*.tif=01;35:*.tiff=01;35:*.png=01;35:*.svg=01;35:*.svgz=01;35:*.mng=01;35:*.pcx=01;35:*.mov=01;35:*.mpg=01;35:*.mpeg=01;35:*.m2v=01;35:*.mkv=01;35:*.webm=01;35:*.webp=01;35:*.ogm=01;35:*.mp4=01;35:*.m4v=01;35:*.mp4v=01;35:*.vob=01;35:*.qt=01;35:*.nuv=01;35:*.wmv=01;35:*.asf=01;35:*.rm=01;35:*.rmvb=01;35:*.flc=01;35:*.avi=01;35:*.fli=01;35:*.flv=01;35:*.gl=01;35:*.dl=01;35:*.xcf=01;35:*.xwd=01;35:*.yuv=01;35:*.cgm=01;35:*.emf=01;35:*.ogv=01;35:*.ogx=01;35:*.aac=00;36:*.au=00;36:*.flac=00;36:*.m4a=00;36:*.mid=00;36:*.midi=00;36:*.mka=00;36:*.mp3=00;36:*.mpc=00;36:*.ogg=00;36:*.ra=00;36:*.wav=00;36:*.oga=00;36:*.opus=00;36:*.spx=00;36:*.xspf=00;36:'), ('GNOME_TERMINAL_SERVICE', ':1.330'), ('SSH_AGENT_LAUNCHER', 'gnome-keyring'), ('SSH_AUTH_SOCK', '/run/user/1000/keyring/ssh'), ('AMENT_PREFIX_PATH', '/home/starry1n/WUTA/WUTA-FSD/ros2_ws/install/wuta_msgs:/opt/ros/humble'), ('SHELL', '/bin/bash'), ('QT_ACCESSIBILITY', '1'), ('GDMSESSION', 'ubuntu'), ('LESSCLOSE', '/usr/bin/lesspipe %s %s'), ('CODEX_THREAD_ID', '019f5073-bc50-71a2-9549-8d1988512281'), ('GIT_PAGER', 'cat'), ('QT_IM_MODULE', 'ibus'), ('PWD', '/home/starry1n/WUTA/WUTA-FSD/ros2_ws/build/ndt_localization'), ('LC_ALL', 'C.UTF-8'), ('XDG_CONFIG_DIRS', '/etc/xdg/xdg-ubuntu:/etc/xdg'), ('DBUS_STARTER_ADDRESS', 'unix:path=/run/user/1000/bus,guid=c67e2489f73595b365ff0ae46a50c8ee'), ('XDG_DATA_DIRS', '/usr/share/ubuntu:/usr/local/share/:/usr/share/:/var/lib/snapd/desktop'), ('PYTHONPATH', '/home/starry1n/WUTA/WUTA-FSD/ros2_ws/install/wuta_msgs/local/lib/python3.10/dist-packages:/opt/ros/humble/lib/python3.10/site-packages:/opt/ros/humble/local/lib/python3.10/dist-packages'), ('COLCON', '1'), ('VTE_VERSION', '6800'), ('CMAKE_PREFIX_PATH', '/home/starry1n/WUTA/WUTA-FSD/ros2_ws/install/wuta_msgs:/opt/ros/humble')]), 'shell': False}
[1.028721] (path_generator) CommandEnded: {'returncode': 0}
[1.029668] (path_generator) JobProgress: {'identifier': 'path_generator', 'progress': 'install'}
[1.029984] (path_generator) Command: {'cmd': ['/usr/bin/cmake', '--install', '/home/starry1n/WUTA/WUTA-FSD/ros2_ws/build/path_generator'], 'cwd': '/home/starry1n/WUTA/WUTA-FSD/ros2_ws/build/path_generator', 'env': OrderedDict([('LESSOPEN', '| /usr/bin/lesspipe %s'), ('CODEX_CI', '1'), ('LANGUAGE', 'zh_CN:zh'), ('USER', 'starry1n'), ('XDG_SESSION_TYPE', 'wayland'), ('SHLVL', '2'), ('LD_LIBRARY_PATH', '/home/starry1n/WUTA/WUTA-FSD/ros2_ws/install/wuta_msgs/lib:/home/starry1n/WUTA/WUTA-FSD/ros2_ws/install/autoware_msgs/lib:/opt/ros/humble/opt/rviz_ogre_vendor/lib:/opt/ros/humble/lib/x86_64-linux-gnu:/opt/ros/humble/lib'), ('HOME', '/home/starry1n'), ('OLDPWD', '/home/starry1n/WUTA/WUTA-FSD'), ('DESKTOP_SESSION', 'ubuntu'), ('ROS_PYTHON_VERSION', '3'), ('GNOME_SHELL_SESSION_MODE', 'ubuntu'), ('GTK_MODULES', 'gail:atk-bridge'), ('PAGER', 'cat'), ('LC_CTYPE', 'C.UTF-8'), ('DBUS_STARTER_BUS_TYPE', 'session'), ('SYSTEMD_EXEC_PID', '2321'), ('IM_CONFIG_CHECK_ENV', '1'), ('NO_COLOR', '1'), ('DBUS_SESSION_BUS_ADDRESS', 'unix:path=/run/user/1000/bus,guid=c67e2489f73595b365ff0ae46a50c8ee'), ('COLORTERM', ''), ('IM_CONFIG_PHASE', '1'), ('WAYLAND_DISPLAY', 'wayland-0'), ('CODEX_PERMISSION_PROFILE', ':workspace'), ('ROS_DISTRO', 'humble'), ('LOGNAME', 'starry1n'), ('_', '/usr/bin/colcon'), ('ROS_VERSION', '2'), ('XDG_SESSION_CLASS', 'user'), ('USERNAME', 'starry1n'), ('TERM', 'dumb'), ('GNOME_DESKTOP_SESSION_ID', 'this-is-deprecated'), ('ROS_LOCALHOST_ONLY', '0'), ('PATH', '/home/starry1n/.local/bin:/home/starry1n/.codex/packages/standalone/releases/0.144.4-x86_64-unknown-linux-musl/codex-path:/home/starry1n/.codex/tmp/arg0/codex-arg05cnADw:/home/starry1n/.local/bin:/opt/ros/humble/bin:/home/starry1n/.local/bin:/usr/local/sbin:/usr/local/bin:/usr/sbin:/usr/bin:/sbin:/bin:/usr/games:/usr/local/games:/snap/bin:/snap/bin'), ('SESSION_MANAGER', 'local/starry1n-virtual-machine:@/tmp/.ICE-unix/2321,unix/starry1n-virtual-machine:/tmp/.ICE-unix/2321'), ('XDG_MENU_PREFIX', 'gnome-'), ('GNOME_TERMINAL_SCREEN', '/org/gnome/Terminal/screen/b41f3890_f157_4b82_b249_7c5cfcb9354a'), ('GNOME_SETUP_DISPLAY', ':1'), ('XDG_RUNTIME_DIR', '/run/user/1000'), ('DISPLAY', ':0'), ('CODEX_SANDBOX_NETWORK_DISABLED', '1'), ('LANG', 'C.UTF-8'), ('XDG_CURRENT_DESKTOP', 'ubuntu:GNOME'), ('XMODIFIERS', '@im=ibus'), ('GH_PAGER', 'cat'), ('XDG_SESSION_DESKTOP', 'ubuntu'), ('XAUTHORITY', '/run/user/1000/.mutter-Xwaylandauth.H6FRS3'), ('LS_COLORS', 'rs=0:di=01;34:ln=01;36:mh=00:pi=40;33:so=01;35:do=01;35:bd=40;33;01:cd=40;33;01:or=40;31;01:mi=00:su=37;41:sg=30;43:ca=30;41:tw=30;42:ow=34;42:st=37;44:ex=01;32:*.tar=01;31:*.tgz=01;31:*.arc=01;31:*.arj=01;31:*.taz=01;31:*.lha=01;31:*.lz4=01;31:*.lzh=01;31:*.lzma=01;31:*.tlz=01;31:*.txz=01;31:*.tzo=01;31:*.t7z=01;31:*.zip=01;31:*.z=01;31:*.dz=01;31:*.gz=01;31:*.lrz=01;31:*.lz=01;31:*.lzo=01;31:*.xz=01;31:*.zst=01;31:*.tzst=01;31:*.bz2=01;31:*.bz=01;31:*.tbz=01;31:*.tbz2=01;31:*.tz=01;31:*.deb=01;31:*.rpm=01;31:*.jar=01;31:*.war=01;31:*.ear=01;31:*.sar=01;31:*.rar=01;31:*.alz=01;31:*.ace=01;31:*.zoo=01;31:*.cpio=01;31:*.7z=01;31:*.rz=01;31:*.cab=01;31:*.wim=01;31:*.swm=01;31:*.dwm=01;31:*.esd=01;31:*.jpg=01;35:*.jpeg=01;35:*.mjpg=01;35:*.mjpeg=01;35:*.gif=01;35:*.bmp=01;35:*.pbm=01;35:*.pgm=01;35:*.ppm=01;35:*.tga=01;35:*.xbm=01;35:*.xpm=01;35:*.tif=01;35:*.tiff=01;35:*.png=01;35:*.svg=01;35:*.svgz=01;35:*.mng=01;35:*.pcx=01;35:*.mov=01;35:*.mpg=01;35:*.mpeg=01;35:*.m2v=01;35:*.mkv=01;35:*.webm=01;35:*.webp=01;35:*.ogm=01;35:*.mp4=01;35:*.m4v=01;35:*.mp4v=01;35:*.vob=01;35:*.qt=01;35:*.nuv=01;35:*.wmv=01;35:*.asf=01;35:*.rm=01;35:*.rmvb=01;35:*.flc=01;35:*.avi=01;35:*.fli=01;35:*.flv=01;35:*.gl=01;35:*.dl=01;35:*.xcf=01;35:*.xwd=01;35:*.yuv=01;35:*.cgm=01;35:*.emf=01;35:*.ogv=01;35:*.ogx=01;35:*.aac=00;36:*.au=00;36:*.flac=00;36:*.m4a=00;36:*.mid=00;36:*.midi=00;36:*.mka=00;36:*.mp3=00;36:*.mpc=00;36:*.ogg=00;36:*.ra=00;36:*.wav=00;36:*.oga=00;36:*.opus=00;36:*.spx=00;36:*.xspf=00;36:'), ('GNOME_TERMINAL_SERVICE', ':1.330'), ('SSH_AGENT_LAUNCHER', 'gnome-keyring'), ('SSH_AUTH_SOCK', '/run/user/1000/keyring/ssh'), ('AMENT_PREFIX_PATH', '/home/starry1n/WUTA/WUTA-FSD/ros2_ws/install/wuta_msgs:/home/starry1n/WUTA/WUTA-FSD/ros2_ws/install/autoware_msgs:/opt/ros/humble'), ('SHELL', '/bin/bash'), ('QT_ACCESSIBILITY', '1'), ('GDMSESSION', 'ubuntu'), ('LESSCLOSE', '/usr/bin/lesspipe %s %s'), ('CODEX_THREAD_ID', '019f5073-bc50-71a2-9549-8d1988512281'), ('GIT_PAGER', 'cat'), ('QT_IM_MODULE', 'ibus'), ('PWD', '/home/starry1n/WUTA/WUTA-FSD/ros2_ws/build/path_generator'), ('LC_ALL', 'C.UTF-8'), ('XDG_CONFIG_DIRS', '/etc/xdg/xdg-ubuntu:/etc/xdg'), ('DBUS_STARTER_ADDRESS', 'unix:path=/run/user/1000/bus,guid=c67e2489f73595b365ff0ae46a50c8ee'), ('XDG_DATA_DIRS', '/usr/share/ubuntu:/usr/local/share/:/usr/share/:/var/lib/snapd/desktop'), ('PYTHONPATH', '/home/starry1n/WUTA/WUTA-FSD/ros2_ws/install/wuta_msgs/local/lib/python3.10/dist-packages:/home/starry1n/WUTA/WUTA-FSD/ros2_ws/install/autoware_msgs/local/lib/python3.10/dist-packages:/opt/ros/humble/lib/python3.10/site-packages:/opt/ros/humble/local/lib/python3.10/dist-packages'), ('COLCON', '1'), ('VTE_VERSION', '6800'), ('CMAKE_PREFIX_PATH', '/home/starry1n/WUTA/WUTA-FSD/ros2_ws/install/wuta_msgs:/home/starry1n/WUTA/WUTA-FSD/ros2_ws/install/autoware_msgs:/opt/ros/humble')]), 'shell': False}
[1.031034] (localization_manager) CommandEnded: {'returncode': 0}
[1.054243] (localization_manager) JobEnded: {'identifier': 'localization_manager', 'rc': 0}
[1.055783] (ndt_localization) StdoutLine: {'line': b'-- Install configuration: ""\n'}
[1.056004] (ndt_localization) StdoutLine: {'line': b'-- Execute custom install script\n'}
[1.056079] (ndt_localization) StdoutLine: {'line': b'-- Up-to-date symlink: /home/starry1n/WUTA/WUTA-FSD/ros2_ws/install/ndt_localization/lib/ndt_localization/ndt_localization_node\n'}
[1.056155] (ndt_localization) StdoutLine: {'line': b'-- Up-to-date symlink: /home/starry1n/WUTA/WUTA-FSD/ros2_ws/install/ndt_localization/lib/ndt_localization/map_saver_node\n'}
[1.056911] (ndt_localization) StdoutLine: {'line': b'-- Up-to-date symlink: /home/starry1n/WUTA/WUTA-FSD/ros2_ws/install/ndt_localization/share/ndt_localization/ndt_localization.yaml\n'}
[1.057170] (ndt_localization) StdoutLine: {'line': b'-- Up-to-date symlink: /home/starry1n/WUTA/WUTA-FSD/ros2_ws/install/ndt_localization/share/ament_index/resource_index/package_run_dependencies/ndt_localization\n'}
[1.057279] (ndt_localization) StdoutLine: {'line': b'-- Up-to-date symlink: /home/starry1n/WUTA/WUTA-FSD/ros2_ws/install/ndt_localization/share/ament_index/resource_index/parent_prefix_path/ndt_localization\n'}
[1.057317] (ndt_localization) StdoutLine: {'line': b'-- Up-to-date symlink: /home/starry1n/WUTA/WUTA-FSD/ros2_ws/install/ndt_localization/share/ndt_localization/environment/ament_prefix_path.sh\n'}
[1.057348] (ndt_localization) StdoutLine: {'line': b'-- Up-to-date symlink: /home/starry1n/WUTA/WUTA-FSD/ros2_ws/install/ndt_localization/share/ndt_localization/environment/ament_prefix_path.dsv\n'}
[1.057675] (ndt_localization) StdoutLine: {'line': b'-- Up-to-date symlink: /home/starry1n/WUTA/WUTA-FSD/ros2_ws/install/ndt_localization/share/ndt_localization/environment/path.sh\n'}
[1.058286] (ndt_localization) StdoutLine: {'line': b'-- Up-to-date symlink: /home/starry1n/WUTA/WUTA-FSD/ros2_ws/install/ndt_localization/share/ndt_localization/environment/path.dsv\n'}
[1.058342] (ndt_localization) StdoutLine: {'line': b'-- Up-to-date symlink: /home/starry1n/WUTA/WUTA-FSD/ros2_ws/install/ndt_localization/share/ndt_localization/local_setup.bash\n'}
[1.058626] (ndt_localization) StdoutLine: {'line': b'-- Up-to-date symlink: /home/starry1n/WUTA/WUTA-FSD/ros2_ws/install/ndt_localization/share/ndt_localization/local_setup.sh\n'}
[1.058706] (ndt_localization) StdoutLine: {'line': b'-- Up-to-date symlink: /home/starry1n/WUTA/WUTA-FSD/ros2_ws/install/ndt_localization/share/ndt_localization/local_setup.zsh\n'}
[1.058768] (ndt_localization) StdoutLine: {'line': b'-- Up-to-date symlink: /home/starry1n/WUTA/WUTA-FSD/ros2_ws/install/ndt_localization/share/ndt_localization/local_setup.dsv\n'}
[1.059058] (ndt_localization) StdoutLine: {'line': b'-- Symlinking: /home/starry1n/WUTA/WUTA-FSD/ros2_ws/install/ndt_localization/share/ndt_localization/package.dsv\n'}
[1.059106] (ndt_localization) StdoutLine: {'line': b'-- Up-to-date symlink: /home/starry1n/WUTA/WUTA-FSD/ros2_ws/install/ndt_localization/share/ament_index/resource_index/packages/ndt_localization\n'}
[1.059190] (ndt_localization) StdoutLine: {'line': b'-- Up-to-date symlink: /home/starry1n/WUTA/WUTA-FSD/ros2_ws/install/ndt_localization/share/ndt_localization/cmake/ndt_localizationConfig.cmake\n'}
[1.059437] (ndt_localization) StdoutLine: {'line': b'-- Up-to-date symlink: /home/starry1n/WUTA/WUTA-FSD/ros2_ws/install/ndt_localization/share/ndt_localization/cmake/ndt_localizationConfig-version.cmake\n'}
[1.059478] (ndt_localization) StdoutLine: {'line': b'-- Up-to-date symlink: /home/starry1n/WUTA/WUTA-FSD/ros2_ws/install/ndt_localization/share/ndt_localization/package.xml\n'}
[1.059512] (path_generator) StdoutLine: {'line': b'-- Install configuration: ""\n'}
[1.059555] (path_generator) StdoutLine: {'line': b'-- Execute custom install script\n'}
[1.059585] (path_generator) StdoutLine: {'line': b'-- Up-to-date symlink: /home/starry1n/WUTA/WUTA-FSD/ros2_ws/install/path_generator/lib/path_generator/path_generator_node\n'}
[1.059616] (path_generator) StdoutLine: {'line': b'-- Up-to-date symlink: /home/starry1n/WUTA/WUTA-FSD/ros2_ws/install/path_generator/share/path_generator/config/path_generator.yaml\n'}
[1.059643] (path_generator) StdoutLine: {'line': b'-- Up-to-date symlink: /home/starry1n/WUTA/WUTA-FSD/ros2_ws/install/path_generator/share/ament_index/resource_index/package_run_dependencies/path_generator\n'}
[1.059669] (path_generator) StdoutLine: {'line': b'-- Up-to-date symlink: /home/starry1n/WUTA/WUTA-FSD/ros2_ws/install/path_generator/share/ament_index/resource_index/parent_prefix_path/path_generator\n'}
[1.059704] (path_generator) StdoutLine: {'line': b'-- Up-to-date symlink: /home/starry1n/WUTA/WUTA-FSD/ros2_ws/install/path_generator/share/path_generator/environment/ament_prefix_path.sh\n'}
[1.059756] (path_generator) StdoutLine: {'line': b'-- Up-to-date symlink: /home/starry1n/WUTA/WUTA-FSD/ros2_ws/install/path_generator/share/path_generator/environment/ament_prefix_path.dsv\n'}
[1.059788] (path_generator) StdoutLine: {'line': b'-- Up-to-date symlink: /home/starry1n/WUTA/WUTA-FSD/ros2_ws/install/path_generator/share/path_generator/environment/path.sh\n'}
[1.059817] (path_generator) StdoutLine: {'line': b'-- Up-to-date symlink: /home/starry1n/WUTA/WUTA-FSD/ros2_ws/install/path_generator/share/path_generator/environment/path.dsv\n'}
[1.059902] (path_generator) StdoutLine: {'line': b'-- Up-to-date symlink: /home/starry1n/WUTA/WUTA-FSD/ros2_ws/install/path_generator/share/path_generator/local_setup.bash\n'}
[1.060382] (path_generator) StdoutLine: {'line': b'-- Up-to-date symlink: /home/starry1n/WUTA/WUTA-FSD/ros2_ws/install/path_generator/share/path_generator/local_setup.sh\n'}
[1.060931] (path_generator) StdoutLine: {'line': b'-- Up-to-date symlink: /home/starry1n/WUTA/WUTA-FSD/ros2_ws/install/path_generator/share/path_generator/local_setup.zsh\n'}
[1.061084] (path_generator) StdoutLine: {'line': b'-- Up-to-date symlink: /home/starry1n/WUTA/WUTA-FSD/ros2_ws/install/path_generator/share/path_generator/local_setup.dsv\n'}
[1.061123] (path_generator) StdoutLine: {'line': b'-- Symlinking: /home/starry1n/WUTA/WUTA-FSD/ros2_ws/install/path_generator/share/path_generator/package.dsv\n'}
[1.061702] (path_generator) StdoutLine: {'line': b'-- Up-to-date symlink: /home/starry1n/WUTA/WUTA-FSD/ros2_ws/install/path_generator/share/ament_index/resource_index/packages/path_generator\n'}
[1.061818] (path_generator) StdoutLine: {'line': b'-- Up-to-date symlink: /home/starry1n/WUTA/WUTA-FSD/ros2_ws/install/path_generator/share/path_generator/cmake/path_generatorConfig.cmake\n'}
[1.061908] (path_generator) StdoutLine: {'line': b'-- Up-to-date symlink: /home/starry1n/WUTA/WUTA-FSD/ros2_ws/install/path_generator/share/path_generator/cmake/path_generatorConfig-version.cmake\n'}
[1.061996] (path_generator) StdoutLine: {'line': b'-- Up-to-date symlink: /home/starry1n/WUTA/WUTA-FSD/ros2_ws/install/path_generator/share/path_generator/package.xml\n'}
[1.062086] (ndt_localization) CommandEnded: {'returncode': 0}
[1.090704] (ndt_localization) JobEnded: {'identifier': 'ndt_localization', 'rc': 0}
[1.092746] (path_generator) CommandEnded: {'returncode': 0}
[1.103618] (path_generator) JobEnded: {'identifier': 'path_generator', 'rc': 0}
[1.106254] (-) TimerEvent: {}
[1.206451] (-) TimerEvent: {}
[1.306678] (-) TimerEvent: {}
[1.406980] (-) TimerEvent: {}
[1.507238] (-) TimerEvent: {}
[1.607841] (-) TimerEvent: {}
[1.708165] (-) TimerEvent: {}
[1.808447] (-) TimerEvent: {}
[1.908873] (-) TimerEvent: {}
[2.009305] (-) TimerEvent: {}
[2.109671] (-) TimerEvent: {}
[2.211804] (-) TimerEvent: {}
[2.312066] (-) TimerEvent: {}
[2.412329] (-) TimerEvent: {}
[2.512569] (-) TimerEvent: {}
[2.613080] (-) TimerEvent: {}
[2.713329] (-) TimerEvent: {}
[2.813566] (-) TimerEvent: {}
[2.914974] (-) TimerEvent: {}
[3.015299] (-) TimerEvent: {}
[3.115566] (-) TimerEvent: {}
[3.215864] (-) TimerEvent: {}
[3.316101] (-) TimerEvent: {}
[3.416848] (-) TimerEvent: {}
[3.517083] (-) TimerEvent: {}
[3.617320] (-) TimerEvent: {}
[3.717554] (-) TimerEvent: {}
[3.817792] (-) TimerEvent: {}
[3.918022] (-) TimerEvent: {}
[4.018197] (-) TimerEvent: {}
[4.118496] (-) TimerEvent: {}
[4.218808] (-) TimerEvent: {}
[4.319047] (-) TimerEvent: {}
[4.419357] (-) TimerEvent: {}
[4.519621] (-) TimerEvent: {}
[4.619877] (-) TimerEvent: {}
[4.720099] (-) TimerEvent: {}
[4.820381] (-) TimerEvent: {}
[4.920670] (-) TimerEvent: {}
[5.020927] (-) TimerEvent: {}
[5.121209] (-) TimerEvent: {}
[5.221433] (-) TimerEvent: {}
[5.321899] (-) TimerEvent: {}
[5.422122] (-) TimerEvent: {}
[5.522429] (-) TimerEvent: {}
[5.622899] (-) TimerEvent: {}
[5.723195] (-) TimerEvent: {}
[5.823456] (-) TimerEvent: {}
[5.923729] (-) TimerEvent: {}
[6.024005] (-) TimerEvent: {}
[6.124254] (-) TimerEvent: {}
[6.224479] (-) TimerEvent: {}
[6.324791] (-) TimerEvent: {}
[6.425136] (-) TimerEvent: {}
[6.525419] (-) TimerEvent: {}
[6.625685] (-) TimerEvent: {}
[6.725993] (-) TimerEvent: {}
[6.826246] (-) TimerEvent: {}
[6.926482] (-) TimerEvent: {}
[7.026728] (-) TimerEvent: {}
[7.127009] (-) TimerEvent: {}
[7.227220] (-) TimerEvent: {}
[7.327511] (-) TimerEvent: {}
[7.427853] (-) TimerEvent: {}
[7.528090] (-) TimerEvent: {}
[7.628358] (-) TimerEvent: {}
[7.728581] (-) TimerEvent: {}
[7.828851] (-) TimerEvent: {}
[7.929146] (-) TimerEvent: {}
[8.029385] (-) TimerEvent: {}
[8.129608] (-) TimerEvent: {}
[8.229858] (-) TimerEvent: {}
[8.330102] (-) TimerEvent: {}
[8.430354] (-) TimerEvent: {}
[8.530636] (-) TimerEvent: {}
[8.630879] (-) TimerEvent: {}
[8.731196] (-) TimerEvent: {}
[8.831513] (-) TimerEvent: {}
[8.931805] (-) TimerEvent: {}
[9.032034] (-) TimerEvent: {}
[9.132250] (-) TimerEvent: {}
[9.232468] (-) TimerEvent: {}
[9.332687] (-) TimerEvent: {}
[9.432927] (-) TimerEvent: {}
[9.533269] (-) TimerEvent: {}
[9.633503] (-) TimerEvent: {}
[9.733708] (-) TimerEvent: {}
[9.833962] (-) TimerEvent: {}
[9.934174] (-) TimerEvent: {}
[9.972649] (cone_map_builder) StdoutLine: {'line': b'[100%] Linking CXX executable cone_map_builder_node\n'}
[10.034319] (-) TimerEvent: {}
[10.134522] (-) TimerEvent: {}
[10.234755] (-) TimerEvent: {}
[10.335022] (-) TimerEvent: {}
[10.435249] (-) TimerEvent: {}
[10.479902] (cone_map_builder) StdoutLine: {'line': b'[100%] Built target cone_map_builder_node\n'}
[10.489098] (cone_map_builder) CommandEnded: {'returncode': 0}
[10.489934] (cone_map_builder) JobProgress: {'identifier': 'cone_map_builder', 'progress': 'install'}
[10.490499] (cone_map_builder) Command: {'cmd': ['/usr/bin/cmake', '--install', '/home/starry1n/WUTA/WUTA-FSD/ros2_ws/build/cone_map_builder'], 'cwd': '/home/starry1n/WUTA/WUTA-FSD/ros2_ws/build/cone_map_builder', 'env': OrderedDict([('LESSOPEN', '| /usr/bin/lesspipe %s'), ('CODEX_CI', '1'), ('LANGUAGE', 'zh_CN:zh'), ('USER', 'starry1n'), ('XDG_SESSION_TYPE', 'wayland'), ('SHLVL', '2'), ('LD_LIBRARY_PATH', '/home/starry1n/WUTA/WUTA-FSD/ros2_ws/install/wuta_msgs/lib:/opt/ros/humble/opt/rviz_ogre_vendor/lib:/opt/ros/humble/lib/x86_64-linux-gnu:/opt/ros/humble/lib'), ('HOME', '/home/starry1n'), ('OLDPWD', '/home/starry1n/WUTA/WUTA-FSD'), ('DESKTOP_SESSION', 'ubuntu'), ('ROS_PYTHON_VERSION', '3'), ('GNOME_SHELL_SESSION_MODE', 'ubuntu'), ('GTK_MODULES', 'gail:atk-bridge'), ('PAGER', 'cat'), ('LC_CTYPE', 'C.UTF-8'), ('DBUS_STARTER_BUS_TYPE', 'session'), ('SYSTEMD_EXEC_PID', '2321'), ('IM_CONFIG_CHECK_ENV', '1'), ('NO_COLOR', '1'), ('DBUS_SESSION_BUS_ADDRESS', 'unix:path=/run/user/1000/bus,guid=c67e2489f73595b365ff0ae46a50c8ee'), ('COLORTERM', ''), ('IM_CONFIG_PHASE', '1'), ('WAYLAND_DISPLAY', 'wayland-0'), ('CODEX_PERMISSION_PROFILE', ':workspace'), ('ROS_DISTRO', 'humble'), ('LOGNAME', 'starry1n'), ('_', '/usr/bin/colcon'), ('ROS_VERSION', '2'), ('XDG_SESSION_CLASS', 'user'), ('USERNAME', 'starry1n'), ('TERM', 'dumb'), ('GNOME_DESKTOP_SESSION_ID', 'this-is-deprecated'), ('ROS_LOCALHOST_ONLY', '0'), ('PATH', '/home/starry1n/.local/bin:/home/starry1n/.codex/packages/standalone/releases/0.144.4-x86_64-unknown-linux-musl/codex-path:/home/starry1n/.codex/tmp/arg0/codex-arg05cnADw:/home/starry1n/.local/bin:/opt/ros/humble/bin:/home/starry1n/.local/bin:/usr/local/sbin:/usr/local/bin:/usr/sbin:/usr/bin:/sbin:/bin:/usr/games:/usr/local/games:/snap/bin:/snap/bin'), ('SESSION_MANAGER', 'local/starry1n-virtual-machine:@/tmp/.ICE-unix/2321,unix/starry1n-virtual-machine:/tmp/.ICE-unix/2321'), ('XDG_MENU_PREFIX', 'gnome-'), ('GNOME_TERMINAL_SCREEN', '/org/gnome/Terminal/screen/b41f3890_f157_4b82_b249_7c5cfcb9354a'), ('GNOME_SETUP_DISPLAY', ':1'), ('XDG_RUNTIME_DIR', '/run/user/1000'), ('DISPLAY', ':0'), ('CODEX_SANDBOX_NETWORK_DISABLED', '1'), ('LANG', 'C.UTF-8'), ('XDG_CURRENT_DESKTOP', 'ubuntu:GNOME'), ('XMODIFIERS', '@im=ibus'), ('GH_PAGER', 'cat'), ('XDG_SESSION_DESKTOP', 'ubuntu'), ('XAUTHORITY', '/run/user/1000/.mutter-Xwaylandauth.H6FRS3'), ('LS_COLORS', 'rs=0:di=01;34:ln=01;36:mh=00:pi=40;33:so=01;35:do=01;35:bd=40;33;01:cd=40;33;01:or=40;31;01:mi=00:su=37;41:sg=30;43:ca=30;41:tw=30;42:ow=34;42:st=37;44:ex=01;32:*.tar=01;31:*.tgz=01;31:*.arc=01;31:*.arj=01;31:*.taz=01;31:*.lha=01;31:*.lz4=01;31:*.lzh=01;31:*.lzma=01;31:*.tlz=01;31:*.txz=01;31:*.tzo=01;31:*.t7z=01;31:*.zip=01;31:*.z=01;31:*.dz=01;31:*.gz=01;31:*.lrz=01;31:*.lz=01;31:*.lzo=01;31:*.xz=01;31:*.zst=01;31:*.tzst=01;31:*.bz2=01;31:*.bz=01;31:*.tbz=01;31:*.tbz2=01;31:*.tz=01;31:*.deb=01;31:*.rpm=01;31:*.jar=01;31:*.war=01;31:*.ear=01;31:*.sar=01;31:*.rar=01;31:*.alz=01;31:*.ace=01;31:*.zoo=01;31:*.cpio=01;31:*.7z=01;31:*.rz=01;31:*.cab=01;31:*.wim=01;31:*.swm=01;31:*.dwm=01;31:*.esd=01;31:*.jpg=01;35:*.jpeg=01;35:*.mjpg=01;35:*.mjpeg=01;35:*.gif=01;35:*.bmp=01;35:*.pbm=01;35:*.pgm=01;35:*.ppm=01;35:*.tga=01;35:*.xbm=01;35:*.xpm=01;35:*.tif=01;35:*.tiff=01;35:*.png=01;35:*.svg=01;35:*.svgz=01;35:*.mng=01;35:*.pcx=01;35:*.mov=01;35:*.mpg=01;35:*.mpeg=01;35:*.m2v=01;35:*.mkv=01;35:*.webm=01;35:*.webp=01;35:*.ogm=01;35:*.mp4=01;35:*.m4v=01;35:*.mp4v=01;35:*.vob=01;35:*.qt=01;35:*.nuv=01;35:*.wmv=01;35:*.asf=01;35:*.rm=01;35:*.rmvb=01;35:*.flc=01;35:*.avi=01;35:*.fli=01;35:*.flv=01;35:*.gl=01;35:*.dl=01;35:*.xcf=01;35:*.xwd=01;35:*.yuv=01;35:*.cgm=01;35:*.emf=01;35:*.ogv=01;35:*.ogx=01;35:*.aac=00;36:*.au=00;36:*.flac=00;36:*.m4a=00;36:*.mid=00;36:*.midi=00;36:*.mka=00;36:*.mp3=00;36:*.mpc=00;36:*.ogg=00;36:*.ra=00;36:*.wav=00;36:*.oga=00;36:*.opus=00;36:*.spx=00;36:*.xspf=00;36:'), ('GNOME_TERMINAL_SERVICE', ':1.330'), ('SSH_AGENT_LAUNCHER', 'gnome-keyring'), ('SSH_AUTH_SOCK', '/run/user/1000/keyring/ssh'), ('AMENT_PREFIX_PATH', '/home/starry1n/WUTA/WUTA-FSD/ros2_ws/install/wuta_msgs:/opt/ros/humble'), ('SHELL', '/bin/bash'), ('QT_ACCESSIBILITY', '1'), ('GDMSESSION', 'ubuntu'), ('LESSCLOSE', '/usr/bin/lesspipe %s %s'), ('CODEX_THREAD_ID', '019f5073-bc50-71a2-9549-8d1988512281'), ('GIT_PAGER', 'cat'), ('QT_IM_MODULE', 'ibus'), ('PWD', '/home/starry1n/WUTA/WUTA-FSD/ros2_ws/build/cone_map_builder'), ('LC_ALL', 'C.UTF-8'), ('XDG_CONFIG_DIRS', '/etc/xdg/xdg-ubuntu:/etc/xdg'), ('DBUS_STARTER_ADDRESS', 'unix:path=/run/user/1000/bus,guid=c67e2489f73595b365ff0ae46a50c8ee'), ('XDG_DATA_DIRS', '/usr/share/ubuntu:/usr/local/share/:/usr/share/:/var/lib/snapd/desktop'), ('PYTHONPATH', '/home/starry1n/WUTA/WUTA-FSD/ros2_ws/install/wuta_msgs/local/lib/python3.10/dist-packages:/opt/ros/humble/lib/python3.10/site-packages:/opt/ros/humble/local/lib/python3.10/dist-packages'), ('COLCON', '1'), ('VTE_VERSION', '6800'), ('CMAKE_PREFIX_PATH', '/home/starry1n/WUTA/WUTA-FSD/ros2_ws/install/wuta_msgs:/opt/ros/humble')]), 'shell': False}
[10.496660] (cone_map_builder) StdoutLine: {'line': b'-- Install configuration: ""\n'}
[10.496930] (cone_map_builder) StdoutLine: {'line': b'-- Execute custom install script\n'}
[10.497122] (cone_map_builder) StdoutLine: {'line': b'-- Up-to-date symlink: /home/starry1n/WUTA/WUTA-FSD/ros2_ws/install/cone_map_builder/lib/cone_map_builder/cone_map_builder_node\n'}
[10.497302] (cone_map_builder) StdoutLine: {'line': b'-- Up-to-date symlink: /home/starry1n/WUTA/WUTA-FSD/ros2_ws/install/cone_map_builder/share/cone_map_builder/config/cone_map_builder.yaml\n'}
[10.497420] (cone_map_builder) StdoutLine: {'line': b'-- Up-to-date symlink: /home/starry1n/WUTA/WUTA-FSD/ros2_ws/install/cone_map_builder/share/ament_index/resource_index/package_run_dependencies/cone_map_builder\n'}
[10.497564] (cone_map_builder) StdoutLine: {'line': b'-- Up-to-date symlink: /home/starry1n/WUTA/WUTA-FSD/ros2_ws/install/cone_map_builder/share/ament_index/resource_index/parent_prefix_path/cone_map_builder\n'}
[10.497618] (cone_map_builder) StdoutLine: {'line': b'-- Up-to-date symlink: /home/starry1n/WUTA/WUTA-FSD/ros2_ws/install/cone_map_builder/share/cone_map_builder/environment/ament_prefix_path.sh\n'}
[10.497774] (cone_map_builder) StdoutLine: {'line': b'-- Up-to-date symlink: /home/starry1n/WUTA/WUTA-FSD/ros2_ws/install/cone_map_builder/share/cone_map_builder/environment/ament_prefix_path.dsv\n'}
[10.497835] (cone_map_builder) StdoutLine: {'line': b'-- Up-to-date symlink: /home/starry1n/WUTA/WUTA-FSD/ros2_ws/install/cone_map_builder/share/cone_map_builder/environment/path.sh\n'}
[10.497872] (cone_map_builder) StdoutLine: {'line': b'-- Up-to-date symlink: /home/starry1n/WUTA/WUTA-FSD/ros2_ws/install/cone_map_builder/share/cone_map_builder/environment/path.dsv\n'}
[10.498093] (cone_map_builder) StdoutLine: {'line': b'-- Up-to-date symlink: /home/starry1n/WUTA/WUTA-FSD/ros2_ws/install/cone_map_builder/share/cone_map_builder/local_setup.bash\n'}
[10.498211] (cone_map_builder) StdoutLine: {'line': b'-- Up-to-date symlink: /home/starry1n/WUTA/WUTA-FSD/ros2_ws/install/cone_map_builder/share/cone_map_builder/local_setup.sh\n'}
[10.498273] (cone_map_builder) StdoutLine: {'line': b'-- Up-to-date symlink: /home/starry1n/WUTA/WUTA-FSD/ros2_ws/install/cone_map_builder/share/cone_map_builder/local_setup.zsh\n'}
[10.498400] (cone_map_builder) StdoutLine: {'line': b'-- Up-to-date symlink: /home/starry1n/WUTA/WUTA-FSD/ros2_ws/install/cone_map_builder/share/cone_map_builder/local_setup.dsv\n'}
[10.498450] (cone_map_builder) StdoutLine: {'line': b'-- Symlinking: /home/starry1n/WUTA/WUTA-FSD/ros2_ws/install/cone_map_builder/share/cone_map_builder/package.dsv\n'}
[10.505183] (cone_map_builder) StdoutLine: {'line': b'-- Up-to-date symlink: /home/starry1n/WUTA/WUTA-FSD/ros2_ws/install/cone_map_builder/share/ament_index/resource_index/packages/cone_map_builder\n'}
[10.505682] (cone_map_builder) StdoutLine: {'line': b'-- Up-to-date symlink: /home/starry1n/WUTA/WUTA-FSD/ros2_ws/install/cone_map_builder/share/cone_map_builder/cmake/cone_map_builderConfig.cmake\n'}
[10.506193] (cone_map_builder) StdoutLine: {'line': b'-- Up-to-date symlink: /home/starry1n/WUTA/WUTA-FSD/ros2_ws/install/cone_map_builder/share/cone_map_builder/cmake/cone_map_builderConfig-version.cmake\n'}
[10.506488] (cone_map_builder) StdoutLine: {'line': b'-- Up-to-date symlink: /home/starry1n/WUTA/WUTA-FSD/ros2_ws/install/cone_map_builder/share/cone_map_builder/package.xml\n'}
[10.507952] (cone_map_builder) CommandEnded: {'returncode': 0}
[10.519882] (cone_map_builder) JobEnded: {'identifier': 'cone_map_builder', 'rc': 0}
[10.520383] (-) EventReactorShutdown: {}
