[0.066s] DEBUG:colcon:Command line arguments: ['/usr/bin/colcon', 'build', '--symlink-install', '--cmake-args', '-DCMAKE_MODULE_PATH=/home/starry1n/WUTA/WUTA-FSD/ros2_ws/cmake']
[0.066s] DEBUG:colcon:Parsed command line arguments: Namespace(log_base=None, log_level=None, verb_name='build', build_base='build', install_base='install', merge_install=False, symlink_install=True, test_result_base=None, continue_on_error=False, executor='parallel', parallel_workers=8, event_handlers=None, ignore_user_meta=False, metas=['./colcon.meta'], base_paths=['.'], packages_ignore=None, packages_ignore_regex=None, paths=None, packages_up_to=None, packages_up_to_regex=None, packages_above=None, packages_above_and_dependencies=None, packages_above_depth=None, packages_select_by_dep=None, packages_skip_by_dep=None, packages_skip_up_to=None, packages_select_build_failed=False, packages_skip_build_finished=False, packages_select_test_failures=False, packages_skip_test_passed=False, packages_select=None, packages_skip=None, packages_select_regex=None, packages_skip_regex=None, packages_start=None, packages_end=None, allow_overriding=[], cmake_args=['-DCMAKE_MODULE_PATH=/home/starry1n/WUTA/WUTA-FSD/ros2_ws/cmake'], cmake_target=None, cmake_target_skip_unavailable=False, cmake_clean_cache=False, cmake_clean_first=False, cmake_force_configure=False, ament_cmake_args=None, catkin_cmake_args=None, catkin_skip_building_tests=False, verb_parser=<colcon_defaults.argument_parser.defaults.DefaultArgumentsDecorator object at 0x79d0f9e1ef80>, verb_extension=<colcon_core.verb.build.BuildVerb object at 0x79d0f9f97580>, main=<bound method BuildVerb.main of <colcon_core.verb.build.BuildVerb object at 0x79d0f9f97580>>)
[0.157s] Level 1:colcon.colcon_core.package_discovery:discover_packages(colcon_meta) check parameters
[0.158s] Level 1:colcon.colcon_core.package_discovery:discover_packages(recursive) check parameters
[0.158s] Level 1:colcon.colcon_core.package_discovery:discover_packages(ignore) check parameters
[0.158s] Level 1:colcon.colcon_core.package_discovery:discover_packages(path) check parameters
[0.158s] Level 1:colcon.colcon_core.package_discovery:discover_packages(colcon_meta) discover
[0.158s] Level 1:colcon.colcon_core.package_discovery:discover_packages(recursive) discover
[0.158s] INFO:colcon.colcon_core.package_discovery:Crawling recursively for packages in '/home/starry1n/WUTA/WUTA-FSD/ros2_ws'
[0.158s] Level 1:colcon.colcon_core.package_identification:_identify(.) by extensions ['ignore', 'ignore_ament_install']
[0.158s] Level 1:colcon.colcon_core.package_identification:_identify(.) by extension 'ignore'
[0.158s] Level 1:colcon.colcon_core.package_identification:_identify(.) by extension 'ignore_ament_install'
[0.158s] Level 1:colcon.colcon_core.package_identification:_identify(.) by extensions ['colcon_pkg']
[0.158s] Level 1:colcon.colcon_core.package_identification:_identify(.) by extension 'colcon_pkg'
[0.158s] Level 1:colcon.colcon_core.package_identification:_identify(.) by extensions ['colcon_meta']
[0.158s] Level 1:colcon.colcon_core.package_identification:_identify(.) by extension 'colcon_meta'
[0.158s] Level 1:colcon.colcon_core.package_identification:_identify(.) by extensions ['ros']
[0.158s] Level 1:colcon.colcon_core.package_identification:_identify(.) by extension 'ros'
[0.165s] Level 1:colcon.colcon_core.package_identification:_identify(.) by extensions ['cmake', 'python']
[0.165s] Level 1:colcon.colcon_core.package_identification:_identify(.) by extension 'cmake'
[0.165s] Level 1:colcon.colcon_core.package_identification:_identify(.) by extension 'python'
[0.165s] Level 1:colcon.colcon_core.package_identification:_identify(.) by extensions ['python_setup_py']
[0.165s] Level 1:colcon.colcon_core.package_identification:_identify(.) by extension 'python_setup_py'
[0.165s] Level 1:colcon.colcon_core.package_identification:_identify(build) by extensions ['ignore', 'ignore_ament_install']
[0.165s] Level 1:colcon.colcon_core.package_identification:_identify(build) by extension 'ignore'
[0.165s] Level 1:colcon.colcon_core.package_identification:_identify(build) ignored
[0.165s] Level 1:colcon.colcon_core.package_identification:_identify(cmake) by extensions ['ignore', 'ignore_ament_install']
[0.165s] Level 1:colcon.colcon_core.package_identification:_identify(cmake) by extension 'ignore'
[0.165s] Level 1:colcon.colcon_core.package_identification:_identify(cmake) by extension 'ignore_ament_install'
[0.165s] Level 1:colcon.colcon_core.package_identification:_identify(cmake) by extensions ['colcon_pkg']
[0.165s] Level 1:colcon.colcon_core.package_identification:_identify(cmake) by extension 'colcon_pkg'
[0.165s] Level 1:colcon.colcon_core.package_identification:_identify(cmake) by extensions ['colcon_meta']
[0.165s] Level 1:colcon.colcon_core.package_identification:_identify(cmake) by extension 'colcon_meta'
[0.165s] Level 1:colcon.colcon_core.package_identification:_identify(cmake) by extensions ['ros']
[0.165s] Level 1:colcon.colcon_core.package_identification:_identify(cmake) by extension 'ros'
[0.165s] Level 1:colcon.colcon_core.package_identification:_identify(cmake) by extensions ['cmake', 'python']
[0.165s] Level 1:colcon.colcon_core.package_identification:_identify(cmake) by extension 'cmake'
[0.165s] Level 1:colcon.colcon_core.package_identification:_identify(cmake) by extension 'python'
[0.165s] Level 1:colcon.colcon_core.package_identification:_identify(cmake) by extensions ['python_setup_py']
[0.165s] Level 1:colcon.colcon_core.package_identification:_identify(cmake) by extension 'python_setup_py'
[0.165s] Level 1:colcon.colcon_core.package_identification:_identify(install) by extensions ['ignore', 'ignore_ament_install']
[0.166s] Level 1:colcon.colcon_core.package_identification:_identify(install) by extension 'ignore'
[0.166s] Level 1:colcon.colcon_core.package_identification:_identify(install) ignored
[0.166s] Level 1:colcon.colcon_core.package_identification:_identify(log) by extensions ['ignore', 'ignore_ament_install']
[0.166s] Level 1:colcon.colcon_core.package_identification:_identify(log) by extension 'ignore'
[0.166s] Level 1:colcon.colcon_core.package_identification:_identify(log) ignored
[0.166s] Level 1:colcon.colcon_core.package_identification:_identify(src) by extensions ['ignore', 'ignore_ament_install']
[0.166s] Level 1:colcon.colcon_core.package_identification:_identify(src) by extension 'ignore'
[0.166s] Level 1:colcon.colcon_core.package_identification:_identify(src) by extension 'ignore_ament_install'
[0.166s] Level 1:colcon.colcon_core.package_identification:_identify(src) by extensions ['colcon_pkg']
[0.166s] Level 1:colcon.colcon_core.package_identification:_identify(src) by extension 'colcon_pkg'
[0.166s] Level 1:colcon.colcon_core.package_identification:_identify(src) by extensions ['colcon_meta']
[0.166s] Level 1:colcon.colcon_core.package_identification:_identify(src) by extension 'colcon_meta'
[0.166s] Level 1:colcon.colcon_core.package_identification:_identify(src) by extensions ['ros']
[0.166s] Level 1:colcon.colcon_core.package_identification:_identify(src) by extension 'ros'
[0.166s] Level 1:colcon.colcon_core.package_identification:_identify(src) by extensions ['cmake', 'python']
[0.166s] Level 1:colcon.colcon_core.package_identification:_identify(src) by extension 'cmake'
[0.166s] Level 1:colcon.colcon_core.package_identification:_identify(src) by extension 'python'
[0.166s] Level 1:colcon.colcon_core.package_identification:_identify(src) by extensions ['python_setup_py']
[0.166s] Level 1:colcon.colcon_core.package_identification:_identify(src) by extension 'python_setup_py'
[0.166s] Level 1:colcon.colcon_core.package_identification:_identify(src/common) by extensions ['ignore', 'ignore_ament_install']
[0.166s] Level 1:colcon.colcon_core.package_identification:_identify(src/common) by extension 'ignore'
[0.166s] Level 1:colcon.colcon_core.package_identification:_identify(src/common) by extension 'ignore_ament_install'
[0.166s] Level 1:colcon.colcon_core.package_identification:_identify(src/common) by extensions ['colcon_pkg']
[0.166s] Level 1:colcon.colcon_core.package_identification:_identify(src/common) by extension 'colcon_pkg'
[0.166s] Level 1:colcon.colcon_core.package_identification:_identify(src/common) by extensions ['colcon_meta']
[0.166s] Level 1:colcon.colcon_core.package_identification:_identify(src/common) by extension 'colcon_meta'
[0.166s] Level 1:colcon.colcon_core.package_identification:_identify(src/common) by extensions ['ros']
[0.166s] Level 1:colcon.colcon_core.package_identification:_identify(src/common) by extension 'ros'
[0.166s] Level 1:colcon.colcon_core.package_identification:_identify(src/common) by extensions ['cmake', 'python']
[0.166s] Level 1:colcon.colcon_core.package_identification:_identify(src/common) by extension 'cmake'
[0.166s] Level 1:colcon.colcon_core.package_identification:_identify(src/common) by extension 'python'
[0.166s] Level 1:colcon.colcon_core.package_identification:_identify(src/common) by extensions ['python_setup_py']
[0.166s] Level 1:colcon.colcon_core.package_identification:_identify(src/common) by extension 'python_setup_py'
[0.166s] Level 1:colcon.colcon_core.package_identification:_identify(src/common/autoware_msgs) by extensions ['ignore', 'ignore_ament_install']
[0.166s] Level 1:colcon.colcon_core.package_identification:_identify(src/common/autoware_msgs) by extension 'ignore'
[0.166s] Level 1:colcon.colcon_core.package_identification:_identify(src/common/autoware_msgs) by extension 'ignore_ament_install'
[0.166s] Level 1:colcon.colcon_core.package_identification:_identify(src/common/autoware_msgs) by extensions ['colcon_pkg']
[0.167s] Level 1:colcon.colcon_core.package_identification:_identify(src/common/autoware_msgs) by extension 'colcon_pkg'
[0.167s] Level 1:colcon.colcon_core.package_identification:_identify(src/common/autoware_msgs) by extensions ['colcon_meta']
[0.167s] Level 1:colcon.colcon_core.package_identification:_identify(src/common/autoware_msgs) by extension 'colcon_meta'
[0.167s] Level 1:colcon.colcon_core.package_identification:_identify(src/common/autoware_msgs) by extensions ['ros']
[0.167s] Level 1:colcon.colcon_core.package_identification:_identify(src/common/autoware_msgs) by extension 'ros'
[0.168s] DEBUG:colcon.colcon_core.package_identification:Package 'src/common/autoware_msgs' with type 'ros.ament_cmake' and name 'autoware_msgs'
[0.168s] Level 1:colcon.colcon_core.package_identification:_identify(src/common/wuta_msgs) by extensions ['ignore', 'ignore_ament_install']
[0.168s] Level 1:colcon.colcon_core.package_identification:_identify(src/common/wuta_msgs) by extension 'ignore'
[0.168s] Level 1:colcon.colcon_core.package_identification:_identify(src/common/wuta_msgs) by extension 'ignore_ament_install'
[0.168s] Level 1:colcon.colcon_core.package_identification:_identify(src/common/wuta_msgs) by extensions ['colcon_pkg']
[0.168s] Level 1:colcon.colcon_core.package_identification:_identify(src/common/wuta_msgs) by extension 'colcon_pkg'
[0.168s] Level 1:colcon.colcon_core.package_identification:_identify(src/common/wuta_msgs) by extensions ['colcon_meta']
[0.168s] Level 1:colcon.colcon_core.package_identification:_identify(src/common/wuta_msgs) by extension 'colcon_meta'
[0.169s] Level 1:colcon.colcon_core.package_identification:_identify(src/common/wuta_msgs) by extensions ['ros']
[0.169s] Level 1:colcon.colcon_core.package_identification:_identify(src/common/wuta_msgs) by extension 'ros'
[0.169s] DEBUG:colcon.colcon_core.package_identification:Package 'src/common/wuta_msgs' with type 'ros.ament_cmake' and name 'wuta_msgs'
[0.169s] Level 1:colcon.colcon_core.package_identification:_identify(src/common/wuta_tools) by extensions ['ignore', 'ignore_ament_install']
[0.169s] Level 1:colcon.colcon_core.package_identification:_identify(src/common/wuta_tools) by extension 'ignore'
[0.169s] Level 1:colcon.colcon_core.package_identification:_identify(src/common/wuta_tools) by extension 'ignore_ament_install'
[0.169s] Level 1:colcon.colcon_core.package_identification:_identify(src/common/wuta_tools) by extensions ['colcon_pkg']
[0.169s] Level 1:colcon.colcon_core.package_identification:_identify(src/common/wuta_tools) by extension 'colcon_pkg'
[0.169s] Level 1:colcon.colcon_core.package_identification:_identify(src/common/wuta_tools) by extensions ['colcon_meta']
[0.169s] Level 1:colcon.colcon_core.package_identification:_identify(src/common/wuta_tools) by extension 'colcon_meta'
[0.169s] Level 1:colcon.colcon_core.package_identification:_identify(src/common/wuta_tools) by extensions ['ros']
[0.169s] Level 1:colcon.colcon_core.package_identification:_identify(src/common/wuta_tools) by extension 'ros'
[0.170s] DEBUG:colcon.colcon_core.package_identification:Package 'src/common/wuta_tools' with type 'ros.ament_cmake' and name 'wuta_tools'
[0.170s] Level 1:colcon.colcon_core.package_identification:_identify(src/control) by extensions ['ignore', 'ignore_ament_install']
[0.170s] Level 1:colcon.colcon_core.package_identification:_identify(src/control) by extension 'ignore'
[0.170s] Level 1:colcon.colcon_core.package_identification:_identify(src/control) by extension 'ignore_ament_install'
[0.170s] Level 1:colcon.colcon_core.package_identification:_identify(src/control) by extensions ['colcon_pkg']
[0.170s] Level 1:colcon.colcon_core.package_identification:_identify(src/control) by extension 'colcon_pkg'
[0.170s] Level 1:colcon.colcon_core.package_identification:_identify(src/control) by extensions ['colcon_meta']
[0.170s] Level 1:colcon.colcon_core.package_identification:_identify(src/control) by extension 'colcon_meta'
[0.170s] Level 1:colcon.colcon_core.package_identification:_identify(src/control) by extensions ['ros']
[0.170s] Level 1:colcon.colcon_core.package_identification:_identify(src/control) by extension 'ros'
[0.170s] Level 1:colcon.colcon_core.package_identification:_identify(src/control) by extensions ['cmake', 'python']
[0.170s] Level 1:colcon.colcon_core.package_identification:_identify(src/control) by extension 'cmake'
[0.170s] Level 1:colcon.colcon_core.package_identification:_identify(src/control) by extension 'python'
[0.170s] Level 1:colcon.colcon_core.package_identification:_identify(src/control) by extensions ['python_setup_py']
[0.170s] Level 1:colcon.colcon_core.package_identification:_identify(src/control) by extension 'python_setup_py'
[0.170s] Level 1:colcon.colcon_core.package_identification:_identify(src/control/controller) by extensions ['ignore', 'ignore_ament_install']
[0.170s] Level 1:colcon.colcon_core.package_identification:_identify(src/control/controller) by extension 'ignore'
[0.170s] Level 1:colcon.colcon_core.package_identification:_identify(src/control/controller) by extension 'ignore_ament_install'
[0.170s] Level 1:colcon.colcon_core.package_identification:_identify(src/control/controller) by extensions ['colcon_pkg']
[0.170s] Level 1:colcon.colcon_core.package_identification:_identify(src/control/controller) by extension 'colcon_pkg'
[0.170s] Level 1:colcon.colcon_core.package_identification:_identify(src/control/controller) by extensions ['colcon_meta']
[0.170s] Level 1:colcon.colcon_core.package_identification:_identify(src/control/controller) by extension 'colcon_meta'
[0.170s] Level 1:colcon.colcon_core.package_identification:_identify(src/control/controller) by extensions ['ros']
[0.170s] Level 1:colcon.colcon_core.package_identification:_identify(src/control/controller) by extension 'ros'
[0.171s] DEBUG:colcon.colcon_core.package_identification:Package 'src/control/controller' with type 'ros.ament_cmake' and name 'controller'
[0.171s] Level 1:colcon.colcon_core.package_identification:_identify(src/localization) by extensions ['ignore', 'ignore_ament_install']
[0.171s] Level 1:colcon.colcon_core.package_identification:_identify(src/localization) by extension 'ignore'
[0.171s] Level 1:colcon.colcon_core.package_identification:_identify(src/localization) by extension 'ignore_ament_install'
[0.171s] Level 1:colcon.colcon_core.package_identification:_identify(src/localization) by extensions ['colcon_pkg']
[0.171s] Level 1:colcon.colcon_core.package_identification:_identify(src/localization) by extension 'colcon_pkg'
[0.171s] Level 1:colcon.colcon_core.package_identification:_identify(src/localization) by extensions ['colcon_meta']
[0.171s] Level 1:colcon.colcon_core.package_identification:_identify(src/localization) by extension 'colcon_meta'
[0.171s] Level 1:colcon.colcon_core.package_identification:_identify(src/localization) by extensions ['ros']
[0.171s] Level 1:colcon.colcon_core.package_identification:_identify(src/localization) by extension 'ros'
[0.171s] Level 1:colcon.colcon_core.package_identification:_identify(src/localization) by extensions ['cmake', 'python']
[0.171s] Level 1:colcon.colcon_core.package_identification:_identify(src/localization) by extension 'cmake'
[0.171s] Level 1:colcon.colcon_core.package_identification:_identify(src/localization) by extension 'python'
[0.171s] Level 1:colcon.colcon_core.package_identification:_identify(src/localization) by extensions ['python_setup_py']
[0.171s] Level 1:colcon.colcon_core.package_identification:_identify(src/localization) by extension 'python_setup_py'
[0.171s] Level 1:colcon.colcon_core.package_identification:_identify(src/localization/kiss-icp) by extensions ['ignore', 'ignore_ament_install']
[0.172s] Level 1:colcon.colcon_core.package_identification:_identify(src/localization/kiss-icp) by extension 'ignore'
[0.172s] Level 1:colcon.colcon_core.package_identification:_identify(src/localization/kiss-icp) by extension 'ignore_ament_install'
[0.172s] Level 1:colcon.colcon_core.package_identification:_identify(src/localization/kiss-icp) by extensions ['colcon_pkg']
[0.172s] Level 1:colcon.colcon_core.package_identification:_identify(src/localization/kiss-icp) by extension 'colcon_pkg'
[0.172s] Level 1:colcon.colcon_core.package_identification:_identify(src/localization/kiss-icp) by extensions ['colcon_meta']
[0.172s] Level 1:colcon.colcon_core.package_identification:_identify(src/localization/kiss-icp) by extension 'colcon_meta'
[0.172s] Level 1:colcon.colcon_core.package_identification:_identify(src/localization/kiss-icp) by extensions ['ros']
[0.172s] Level 1:colcon.colcon_core.package_identification:_identify(src/localization/kiss-icp) by extension 'ros'
[0.172s] Level 1:colcon.colcon_core.package_identification:_identify(src/localization/kiss-icp) by extensions ['cmake', 'python']
[0.172s] Level 1:colcon.colcon_core.package_identification:_identify(src/localization/kiss-icp) by extension 'cmake'
[0.172s] Level 1:colcon.colcon_core.package_identification:_identify(src/localization/kiss-icp) by extension 'python'
[0.172s] Level 1:colcon.colcon_core.package_identification:_identify(src/localization/kiss-icp) by extensions ['python_setup_py']
[0.172s] Level 1:colcon.colcon_core.package_identification:_identify(src/localization/kiss-icp) by extension 'python_setup_py'
[0.172s] Level 1:colcon.colcon_core.package_identification:_identify(src/localization/kiss-icp/config) by extensions ['ignore', 'ignore_ament_install']
[0.172s] Level 1:colcon.colcon_core.package_identification:_identify(src/localization/kiss-icp/config) by extension 'ignore'
[0.172s] Level 1:colcon.colcon_core.package_identification:_identify(src/localization/kiss-icp/config) by extension 'ignore_ament_install'
[0.172s] Level 1:colcon.colcon_core.package_identification:_identify(src/localization/kiss-icp/config) by extensions ['colcon_pkg']
[0.172s] Level 1:colcon.colcon_core.package_identification:_identify(src/localization/kiss-icp/config) by extension 'colcon_pkg'
[0.172s] Level 1:colcon.colcon_core.package_identification:_identify(src/localization/kiss-icp/config) by extensions ['colcon_meta']
[0.172s] Level 1:colcon.colcon_core.package_identification:_identify(src/localization/kiss-icp/config) by extension 'colcon_meta'
[0.172s] Level 1:colcon.colcon_core.package_identification:_identify(src/localization/kiss-icp/config) by extensions ['ros']
[0.172s] Level 1:colcon.colcon_core.package_identification:_identify(src/localization/kiss-icp/config) by extension 'ros'
[0.172s] Level 1:colcon.colcon_core.package_identification:_identify(src/localization/kiss-icp/config) by extensions ['cmake', 'python']
[0.172s] Level 1:colcon.colcon_core.package_identification:_identify(src/localization/kiss-icp/config) by extension 'cmake'
[0.172s] Level 1:colcon.colcon_core.package_identification:_identify(src/localization/kiss-icp/config) by extension 'python'
[0.172s] Level 1:colcon.colcon_core.package_identification:_identify(src/localization/kiss-icp/config) by extensions ['python_setup_py']
[0.172s] Level 1:colcon.colcon_core.package_identification:_identify(src/localization/kiss-icp/config) by extension 'python_setup_py'
[0.172s] Level 1:colcon.colcon_core.package_identification:_identify(src/localization/kiss-icp/cpp) by extensions ['ignore', 'ignore_ament_install']
[0.172s] Level 1:colcon.colcon_core.package_identification:_identify(src/localization/kiss-icp/cpp) by extension 'ignore'
[0.172s] Level 1:colcon.colcon_core.package_identification:_identify(src/localization/kiss-icp/cpp) ignored
[0.172s] Level 1:colcon.colcon_core.package_identification:_identify(src/localization/kiss-icp/eval) by extensions ['ignore', 'ignore_ament_install']
[0.172s] Level 1:colcon.colcon_core.package_identification:_identify(src/localization/kiss-icp/eval) by extension 'ignore'
[0.172s] Level 1:colcon.colcon_core.package_identification:_identify(src/localization/kiss-icp/eval) by extension 'ignore_ament_install'
[0.172s] Level 1:colcon.colcon_core.package_identification:_identify(src/localization/kiss-icp/eval) by extensions ['colcon_pkg']
[0.172s] Level 1:colcon.colcon_core.package_identification:_identify(src/localization/kiss-icp/eval) by extension 'colcon_pkg'
[0.173s] Level 1:colcon.colcon_core.package_identification:_identify(src/localization/kiss-icp/eval) by extensions ['colcon_meta']
[0.173s] Level 1:colcon.colcon_core.package_identification:_identify(src/localization/kiss-icp/eval) by extension 'colcon_meta'
[0.173s] Level 1:colcon.colcon_core.package_identification:_identify(src/localization/kiss-icp/eval) by extensions ['ros']
[0.173s] Level 1:colcon.colcon_core.package_identification:_identify(src/localization/kiss-icp/eval) by extension 'ros'
[0.173s] Level 1:colcon.colcon_core.package_identification:_identify(src/localization/kiss-icp/eval) by extensions ['cmake', 'python']
[0.173s] Level 1:colcon.colcon_core.package_identification:_identify(src/localization/kiss-icp/eval) by extension 'cmake'
[0.173s] Level 1:colcon.colcon_core.package_identification:_identify(src/localization/kiss-icp/eval) by extension 'python'
[0.173s] Level 1:colcon.colcon_core.package_identification:_identify(src/localization/kiss-icp/eval) by extensions ['python_setup_py']
[0.173s] Level 1:colcon.colcon_core.package_identification:_identify(src/localization/kiss-icp/eval) by extension 'python_setup_py'
[0.173s] Level 1:colcon.colcon_core.package_identification:_identify(src/localization/kiss-icp/python) by extensions ['ignore', 'ignore_ament_install']
[0.173s] Level 1:colcon.colcon_core.package_identification:_identify(src/localization/kiss-icp/python) by extension 'ignore'
[0.173s] Level 1:colcon.colcon_core.package_identification:_identify(src/localization/kiss-icp/python) ignored
[0.173s] Level 1:colcon.colcon_core.package_identification:_identify(src/localization/kiss-icp/ros) by extensions ['ignore', 'ignore_ament_install']
[0.173s] Level 1:colcon.colcon_core.package_identification:_identify(src/localization/kiss-icp/ros) by extension 'ignore'
[0.173s] Level 1:colcon.colcon_core.package_identification:_identify(src/localization/kiss-icp/ros) by extension 'ignore_ament_install'
[0.173s] Level 1:colcon.colcon_core.package_identification:_identify(src/localization/kiss-icp/ros) by extensions ['colcon_pkg']
[0.173s] Level 1:colcon.colcon_core.package_identification:_identify(src/localization/kiss-icp/ros) by extension 'colcon_pkg'
[0.173s] Level 1:colcon.colcon_core.package_identification:_identify(src/localization/kiss-icp/ros) by extensions ['colcon_meta']
[0.173s] Level 1:colcon.colcon_core.package_identification:_identify(src/localization/kiss-icp/ros) by extension 'colcon_meta'
[0.173s] Level 1:colcon.colcon_core.package_identification:_identify(src/localization/kiss-icp/ros) by extensions ['ros']
[0.173s] Level 1:colcon.colcon_core.package_identification:_identify(src/localization/kiss-icp/ros) by extension 'ros'
[0.174s] DEBUG:colcon.colcon_core.package_identification:Package 'src/localization/kiss-icp/ros' with type 'ros.ament_cmake' and name 'kiss_icp'
[0.174s] Level 1:colcon.colcon_core.package_identification:_identify(src/localization/kiss_icp_wrapper) by extensions ['ignore', 'ignore_ament_install']
[0.174s] Level 1:colcon.colcon_core.package_identification:_identify(src/localization/kiss_icp_wrapper) by extension 'ignore'
[0.174s] Level 1:colcon.colcon_core.package_identification:_identify(src/localization/kiss_icp_wrapper) by extension 'ignore_ament_install'
[0.174s] Level 1:colcon.colcon_core.package_identification:_identify(src/localization/kiss_icp_wrapper) by extensions ['colcon_pkg']
[0.174s] Level 1:colcon.colcon_core.package_identification:_identify(src/localization/kiss_icp_wrapper) by extension 'colcon_pkg'
[0.174s] Level 1:colcon.colcon_core.package_identification:_identify(src/localization/kiss_icp_wrapper) by extensions ['colcon_meta']
[0.174s] Level 1:colcon.colcon_core.package_identification:_identify(src/localization/kiss_icp_wrapper) by extension 'colcon_meta'
[0.174s] Level 1:colcon.colcon_core.package_identification:_identify(src/localization/kiss_icp_wrapper) by extensions ['ros']
[0.174s] Level 1:colcon.colcon_core.package_identification:_identify(src/localization/kiss_icp_wrapper) by extension 'ros'
[0.174s] DEBUG:colcon.colcon_core.package_identification:Package 'src/localization/kiss_icp_wrapper' with type 'ros.ament_cmake' and name 'kiss_icp_wrapper'
[0.174s] Level 1:colcon.colcon_core.package_identification:_identify(src/localization/localization_manager) by extensions ['ignore', 'ignore_ament_install']
[0.175s] Level 1:colcon.colcon_core.package_identification:_identify(src/localization/localization_manager) by extension 'ignore'
[0.175s] Level 1:colcon.colcon_core.package_identification:_identify(src/localization/localization_manager) by extension 'ignore_ament_install'
[0.175s] Level 1:colcon.colcon_core.package_identification:_identify(src/localization/localization_manager) by extensions ['colcon_pkg']
[0.175s] Level 1:colcon.colcon_core.package_identification:_identify(src/localization/localization_manager) by extension 'colcon_pkg'
[0.175s] Level 1:colcon.colcon_core.package_identification:_identify(src/localization/localization_manager) by extensions ['colcon_meta']
[0.175s] Level 1:colcon.colcon_core.package_identification:_identify(src/localization/localization_manager) by extension 'colcon_meta'
[0.175s] Level 1:colcon.colcon_core.package_identification:_identify(src/localization/localization_manager) by extensions ['ros']
[0.175s] Level 1:colcon.colcon_core.package_identification:_identify(src/localization/localization_manager) by extension 'ros'
[0.175s] DEBUG:colcon.colcon_core.package_identification:Package 'src/localization/localization_manager' with type 'ros.ament_cmake' and name 'localization_manager'
[0.175s] Level 1:colcon.colcon_core.package_identification:_identify(src/localization/ndt_localization) by extensions ['ignore', 'ignore_ament_install']
[0.175s] Level 1:colcon.colcon_core.package_identification:_identify(src/localization/ndt_localization) by extension 'ignore'
[0.175s] Level 1:colcon.colcon_core.package_identification:_identify(src/localization/ndt_localization) by extension 'ignore_ament_install'
[0.175s] Level 1:colcon.colcon_core.package_identification:_identify(src/localization/ndt_localization) by extensions ['colcon_pkg']
[0.175s] Level 1:colcon.colcon_core.package_identification:_identify(src/localization/ndt_localization) by extension 'colcon_pkg'
[0.175s] Level 1:colcon.colcon_core.package_identification:_identify(src/localization/ndt_localization) by extensions ['colcon_meta']
[0.175s] Level 1:colcon.colcon_core.package_identification:_identify(src/localization/ndt_localization) by extension 'colcon_meta'
[0.175s] Level 1:colcon.colcon_core.package_identification:_identify(src/localization/ndt_localization) by extensions ['ros']
[0.175s] Level 1:colcon.colcon_core.package_identification:_identify(src/localization/ndt_localization) by extension 'ros'
[0.176s] DEBUG:colcon.colcon_core.package_identification:Package 'src/localization/ndt_localization' with type 'ros.ament_cmake' and name 'ndt_localization'
[0.176s] Level 1:colcon.colcon_core.package_identification:_identify(src/localization/robot_localization) by extensions ['ignore', 'ignore_ament_install']
[0.176s] Level 1:colcon.colcon_core.package_identification:_identify(src/localization/robot_localization) by extension 'ignore'
[0.176s] Level 1:colcon.colcon_core.package_identification:_identify(src/localization/robot_localization) by extension 'ignore_ament_install'
[0.176s] Level 1:colcon.colcon_core.package_identification:_identify(src/localization/robot_localization) by extensions ['colcon_pkg']
[0.176s] Level 1:colcon.colcon_core.package_identification:_identify(src/localization/robot_localization) by extension 'colcon_pkg'
[0.176s] Level 1:colcon.colcon_core.package_identification:_identify(src/localization/robot_localization) by extensions ['colcon_meta']
[0.176s] Level 1:colcon.colcon_core.package_identification:_identify(src/localization/robot_localization) by extension 'colcon_meta'
[0.176s] Level 1:colcon.colcon_core.package_identification:_identify(src/localization/robot_localization) by extensions ['ros']
[0.176s] Level 1:colcon.colcon_core.package_identification:_identify(src/localization/robot_localization) by extension 'ros'
[0.178s] DEBUG:colcon.colcon_core.package_identification:Package 'src/localization/robot_localization' with type 'ros.ament_cmake' and name 'robot_localization'
[0.178s] Level 1:colcon.colcon_core.package_identification:_identify(src/mapping) by extensions ['ignore', 'ignore_ament_install']
[0.178s] Level 1:colcon.colcon_core.package_identification:_identify(src/mapping) by extension 'ignore'
[0.178s] Level 1:colcon.colcon_core.package_identification:_identify(src/mapping) by extension 'ignore_ament_install'
[0.178s] Level 1:colcon.colcon_core.package_identification:_identify(src/mapping) by extensions ['colcon_pkg']
[0.178s] Level 1:colcon.colcon_core.package_identification:_identify(src/mapping) by extension 'colcon_pkg'
[0.178s] Level 1:colcon.colcon_core.package_identification:_identify(src/mapping) by extensions ['colcon_meta']
[0.178s] Level 1:colcon.colcon_core.package_identification:_identify(src/mapping) by extension 'colcon_meta'
[0.178s] Level 1:colcon.colcon_core.package_identification:_identify(src/mapping) by extensions ['ros']
[0.178s] Level 1:colcon.colcon_core.package_identification:_identify(src/mapping) by extension 'ros'
[0.178s] Level 1:colcon.colcon_core.package_identification:_identify(src/mapping) by extensions ['cmake', 'python']
[0.178s] Level 1:colcon.colcon_core.package_identification:_identify(src/mapping) by extension 'cmake'
[0.178s] Level 1:colcon.colcon_core.package_identification:_identify(src/mapping) by extension 'python'
[0.178s] Level 1:colcon.colcon_core.package_identification:_identify(src/mapping) by extensions ['python_setup_py']
[0.178s] Level 1:colcon.colcon_core.package_identification:_identify(src/mapping) by extension 'python_setup_py'
[0.178s] Level 1:colcon.colcon_core.package_identification:_identify(src/mapping/cone_map_builder) by extensions ['ignore', 'ignore_ament_install']
[0.178s] Level 1:colcon.colcon_core.package_identification:_identify(src/mapping/cone_map_builder) by extension 'ignore'
[0.178s] Level 1:colcon.colcon_core.package_identification:_identify(src/mapping/cone_map_builder) by extension 'ignore_ament_install'
[0.178s] Level 1:colcon.colcon_core.package_identification:_identify(src/mapping/cone_map_builder) by extensions ['colcon_pkg']
[0.178s] Level 1:colcon.colcon_core.package_identification:_identify(src/mapping/cone_map_builder) by extension 'colcon_pkg'
[0.178s] Level 1:colcon.colcon_core.package_identification:_identify(src/mapping/cone_map_builder) by extensions ['colcon_meta']
[0.178s] Level 1:colcon.colcon_core.package_identification:_identify(src/mapping/cone_map_builder) by extension 'colcon_meta'
[0.178s] Level 1:colcon.colcon_core.package_identification:_identify(src/mapping/cone_map_builder) by extensions ['ros']
[0.178s] Level 1:colcon.colcon_core.package_identification:_identify(src/mapping/cone_map_builder) by extension 'ros'
[0.179s] DEBUG:colcon.colcon_core.package_identification:Package 'src/mapping/cone_map_builder' with type 'ros.ament_cmake' and name 'cone_map_builder'
[0.179s] Level 1:colcon.colcon_core.package_identification:_identify(src/perception) by extensions ['ignore', 'ignore_ament_install']
[0.179s] Level 1:colcon.colcon_core.package_identification:_identify(src/perception) by extension 'ignore'
[0.179s] Level 1:colcon.colcon_core.package_identification:_identify(src/perception) by extension 'ignore_ament_install'
[0.179s] Level 1:colcon.colcon_core.package_identification:_identify(src/perception) by extensions ['colcon_pkg']
[0.179s] Level 1:colcon.colcon_core.package_identification:_identify(src/perception) by extension 'colcon_pkg'
[0.179s] Level 1:colcon.colcon_core.package_identification:_identify(src/perception) by extensions ['colcon_meta']
[0.179s] Level 1:colcon.colcon_core.package_identification:_identify(src/perception) by extension 'colcon_meta'
[0.179s] Level 1:colcon.colcon_core.package_identification:_identify(src/perception) by extensions ['ros']
[0.179s] Level 1:colcon.colcon_core.package_identification:_identify(src/perception) by extension 'ros'
[0.179s] Level 1:colcon.colcon_core.package_identification:_identify(src/perception) by extensions ['cmake', 'python']
[0.179s] Level 1:colcon.colcon_core.package_identification:_identify(src/perception) by extension 'cmake'
[0.179s] Level 1:colcon.colcon_core.package_identification:_identify(src/perception) by extension 'python'
[0.179s] Level 1:colcon.colcon_core.package_identification:_identify(src/perception) by extensions ['python_setup_py']
[0.179s] Level 1:colcon.colcon_core.package_identification:_identify(src/perception) by extension 'python_setup_py'
[0.179s] Level 1:colcon.colcon_core.package_identification:_identify(src/perception/camera_detection) by extensions ['ignore', 'ignore_ament_install']
[0.179s] Level 1:colcon.colcon_core.package_identification:_identify(src/perception/camera_detection) by extension 'ignore'
[0.179s] Level 1:colcon.colcon_core.package_identification:_identify(src/perception/camera_detection) by extension 'ignore_ament_install'
[0.179s] Level 1:colcon.colcon_core.package_identification:_identify(src/perception/camera_detection) by extensions ['colcon_pkg']
[0.179s] Level 1:colcon.colcon_core.package_identification:_identify(src/perception/camera_detection) by extension 'colcon_pkg'
[0.179s] Level 1:colcon.colcon_core.package_identification:_identify(src/perception/camera_detection) by extensions ['colcon_meta']
[0.179s] Level 1:colcon.colcon_core.package_identification:_identify(src/perception/camera_detection) by extension 'colcon_meta'
[0.180s] Level 1:colcon.colcon_core.package_identification:_identify(src/perception/camera_detection) by extensions ['ros']
[0.180s] Level 1:colcon.colcon_core.package_identification:_identify(src/perception/camera_detection) by extension 'ros'
[0.180s] DEBUG:colcon.colcon_core.package_identification:Package 'src/perception/camera_detection' with type 'ros.ament_cmake' and name 'camera_detection'
[0.180s] Level 1:colcon.colcon_core.package_identification:_identify(src/perception/detection_fusion) by extensions ['ignore', 'ignore_ament_install']
[0.180s] Level 1:colcon.colcon_core.package_identification:_identify(src/perception/detection_fusion) by extension 'ignore'
[0.180s] Level 1:colcon.colcon_core.package_identification:_identify(src/perception/detection_fusion) by extension 'ignore_ament_install'
[0.180s] Level 1:colcon.colcon_core.package_identification:_identify(src/perception/detection_fusion) by extensions ['colcon_pkg']
[0.180s] Level 1:colcon.colcon_core.package_identification:_identify(src/perception/detection_fusion) by extension 'colcon_pkg'
[0.180s] Level 1:colcon.colcon_core.package_identification:_identify(src/perception/detection_fusion) by extensions ['colcon_meta']
[0.180s] Level 1:colcon.colcon_core.package_identification:_identify(src/perception/detection_fusion) by extension 'colcon_meta'
[0.180s] Level 1:colcon.colcon_core.package_identification:_identify(src/perception/detection_fusion) by extensions ['ros']
[0.180s] Level 1:colcon.colcon_core.package_identification:_identify(src/perception/detection_fusion) by extension 'ros'
[0.180s] DEBUG:colcon.colcon_core.package_identification:Package 'src/perception/detection_fusion' with type 'ros.ament_cmake' and name 'detection_fusion'
[0.180s] Level 1:colcon.colcon_core.package_identification:_identify(src/perception/lidar_detection) by extensions ['ignore', 'ignore_ament_install']
[0.180s] Level 1:colcon.colcon_core.package_identification:_identify(src/perception/lidar_detection) by extension 'ignore'
[0.180s] Level 1:colcon.colcon_core.package_identification:_identify(src/perception/lidar_detection) by extension 'ignore_ament_install'
[0.181s] Level 1:colcon.colcon_core.package_identification:_identify(src/perception/lidar_detection) by extensions ['colcon_pkg']
[0.181s] Level 1:colcon.colcon_core.package_identification:_identify(src/perception/lidar_detection) by extension 'colcon_pkg'
[0.181s] Level 1:colcon.colcon_core.package_identification:_identify(src/perception/lidar_detection) by extensions ['colcon_meta']
[0.181s] Level 1:colcon.colcon_core.package_identification:_identify(src/perception/lidar_detection) by extension 'colcon_meta'
[0.181s] Level 1:colcon.colcon_core.package_identification:_identify(src/perception/lidar_detection) by extensions ['ros']
[0.181s] Level 1:colcon.colcon_core.package_identification:_identify(src/perception/lidar_detection) by extension 'ros'
[0.181s] DEBUG:colcon.colcon_core.package_identification:Package 'src/perception/lidar_detection' with type 'ros.ament_cmake' and name 'lidar_detection'
[0.181s] Level 1:colcon.colcon_core.package_identification:_identify(src/planning) by extensions ['ignore', 'ignore_ament_install']
[0.181s] Level 1:colcon.colcon_core.package_identification:_identify(src/planning) by extension 'ignore'
[0.181s] Level 1:colcon.colcon_core.package_identification:_identify(src/planning) by extension 'ignore_ament_install'
[0.181s] Level 1:colcon.colcon_core.package_identification:_identify(src/planning) by extensions ['colcon_pkg']
[0.181s] Level 1:colcon.colcon_core.package_identification:_identify(src/planning) by extension 'colcon_pkg'
[0.181s] Level 1:colcon.colcon_core.package_identification:_identify(src/planning) by extensions ['colcon_meta']
[0.181s] Level 1:colcon.colcon_core.package_identification:_identify(src/planning) by extension 'colcon_meta'
[0.181s] Level 1:colcon.colcon_core.package_identification:_identify(src/planning) by extensions ['ros']
[0.181s] Level 1:colcon.colcon_core.package_identification:_identify(src/planning) by extension 'ros'
[0.181s] Level 1:colcon.colcon_core.package_identification:_identify(src/planning) by extensions ['cmake', 'python']
[0.181s] Level 1:colcon.colcon_core.package_identification:_identify(src/planning) by extension 'cmake'
[0.181s] Level 1:colcon.colcon_core.package_identification:_identify(src/planning) by extension 'python'
[0.181s] Level 1:colcon.colcon_core.package_identification:_identify(src/planning) by extensions ['python_setup_py']
[0.181s] Level 1:colcon.colcon_core.package_identification:_identify(src/planning) by extension 'python_setup_py'
[0.182s] Level 1:colcon.colcon_core.package_identification:_identify(src/planning/boundary_detector) by extensions ['ignore', 'ignore_ament_install']
[0.182s] Level 1:colcon.colcon_core.package_identification:_identify(src/planning/boundary_detector) by extension 'ignore'
[0.182s] Level 1:colcon.colcon_core.package_identification:_identify(src/planning/boundary_detector) by extension 'ignore_ament_install'
[0.182s] Level 1:colcon.colcon_core.package_identification:_identify(src/planning/boundary_detector) by extensions ['colcon_pkg']
[0.182s] Level 1:colcon.colcon_core.package_identification:_identify(src/planning/boundary_detector) by extension 'colcon_pkg'
[0.182s] Level 1:colcon.colcon_core.package_identification:_identify(src/planning/boundary_detector) by extensions ['colcon_meta']
[0.182s] Level 1:colcon.colcon_core.package_identification:_identify(src/planning/boundary_detector) by extension 'colcon_meta'
[0.182s] Level 1:colcon.colcon_core.package_identification:_identify(src/planning/boundary_detector) by extensions ['ros']
[0.182s] Level 1:colcon.colcon_core.package_identification:_identify(src/planning/boundary_detector) by extension 'ros'
[0.182s] DEBUG:colcon.colcon_core.package_identification:Package 'src/planning/boundary_detector' with type 'ros.ament_cmake' and name 'boundary_detector'
[0.182s] Level 1:colcon.colcon_core.package_identification:_identify(src/planning/path_generator) by extensions ['ignore', 'ignore_ament_install']
[0.182s] Level 1:colcon.colcon_core.package_identification:_identify(src/planning/path_generator) by extension 'ignore'
[0.182s] Level 1:colcon.colcon_core.package_identification:_identify(src/planning/path_generator) by extension 'ignore_ament_install'
[0.182s] Level 1:colcon.colcon_core.package_identification:_identify(src/planning/path_generator) by extensions ['colcon_pkg']
[0.182s] Level 1:colcon.colcon_core.package_identification:_identify(src/planning/path_generator) by extension 'colcon_pkg'
[0.182s] Level 1:colcon.colcon_core.package_identification:_identify(src/planning/path_generator) by extensions ['colcon_meta']
[0.182s] Level 1:colcon.colcon_core.package_identification:_identify(src/planning/path_generator) by extension 'colcon_meta'
[0.182s] Level 1:colcon.colcon_core.package_identification:_identify(src/planning/path_generator) by extensions ['ros']
[0.182s] Level 1:colcon.colcon_core.package_identification:_identify(src/planning/path_generator) by extension 'ros'
[0.183s] DEBUG:colcon.colcon_core.package_identification:Package 'src/planning/path_generator' with type 'ros.ament_cmake' and name 'path_generator'
[0.183s] Level 1:colcon.colcon_core.package_identification:_identify(src/system) by extensions ['ignore', 'ignore_ament_install']
[0.183s] Level 1:colcon.colcon_core.package_identification:_identify(src/system) by extension 'ignore'
[0.183s] Level 1:colcon.colcon_core.package_identification:_identify(src/system) by extension 'ignore_ament_install'
[0.183s] Level 1:colcon.colcon_core.package_identification:_identify(src/system) by extensions ['colcon_pkg']
[0.183s] Level 1:colcon.colcon_core.package_identification:_identify(src/system) by extension 'colcon_pkg'
[0.183s] Level 1:colcon.colcon_core.package_identification:_identify(src/system) by extensions ['colcon_meta']
[0.183s] Level 1:colcon.colcon_core.package_identification:_identify(src/system) by extension 'colcon_meta'
[0.183s] Level 1:colcon.colcon_core.package_identification:_identify(src/system) by extensions ['ros']
[0.183s] Level 1:colcon.colcon_core.package_identification:_identify(src/system) by extension 'ros'
[0.183s] Level 1:colcon.colcon_core.package_identification:_identify(src/system) by extensions ['cmake', 'python']
[0.183s] Level 1:colcon.colcon_core.package_identification:_identify(src/system) by extension 'cmake'
[0.183s] Level 1:colcon.colcon_core.package_identification:_identify(src/system) by extension 'python'
[0.183s] Level 1:colcon.colcon_core.package_identification:_identify(src/system) by extensions ['python_setup_py']
[0.183s] Level 1:colcon.colcon_core.package_identification:_identify(src/system) by extension 'python_setup_py'
[0.183s] Level 1:colcon.colcon_core.package_identification:_identify(src/system/mission_manager) by extensions ['ignore', 'ignore_ament_install']
[0.183s] Level 1:colcon.colcon_core.package_identification:_identify(src/system/mission_manager) by extension 'ignore'
[0.183s] Level 1:colcon.colcon_core.package_identification:_identify(src/system/mission_manager) by extension 'ignore_ament_install'
[0.183s] Level 1:colcon.colcon_core.package_identification:_identify(src/system/mission_manager) by extensions ['colcon_pkg']
[0.183s] Level 1:colcon.colcon_core.package_identification:_identify(src/system/mission_manager) by extension 'colcon_pkg'
[0.183s] Level 1:colcon.colcon_core.package_identification:_identify(src/system/mission_manager) by extensions ['colcon_meta']
[0.183s] Level 1:colcon.colcon_core.package_identification:_identify(src/system/mission_manager) by extension 'colcon_meta'
[0.183s] Level 1:colcon.colcon_core.package_identification:_identify(src/system/mission_manager) by extensions ['ros']
[0.183s] Level 1:colcon.colcon_core.package_identification:_identify(src/system/mission_manager) by extension 'ros'
[0.184s] DEBUG:colcon.colcon_core.package_identification:Package 'src/system/mission_manager' with type 'ros.ament_cmake' and name 'mission_manager'
[0.184s] Level 1:colcon.colcon_core.package_discovery:discover_packages(recursive) using defaults
[0.184s] Level 1:colcon.colcon_core.package_discovery:discover_packages(ignore) discover
[0.184s] Level 1:colcon.colcon_core.package_discovery:discover_packages(ignore) using defaults
[0.184s] Level 1:colcon.colcon_core.package_discovery:discover_packages(path) discover
[0.184s] Level 1:colcon.colcon_core.package_discovery:discover_packages(path) using defaults
[0.206s] Level 1:colcon.colcon_core.package_discovery:discover_packages(prefix_path) check parameters
[0.206s] Level 1:colcon.colcon_core.package_discovery:discover_packages(prefix_path) discover
[0.207s] DEBUG:colcon.colcon_installed_package_information.package_discovery:Found 289 installed packages in /opt/ros/humble
[0.208s] Level 1:colcon.colcon_core.package_discovery:discover_packages(prefix_path) using defaults
[0.231s] Level 5:colcon.colcon_core.verb:set package 'autoware_msgs' build argument 'cmake_args' from command line to '['-DCMAKE_MODULE_PATH=/home/starry1n/WUTA/WUTA-FSD/ros2_ws/cmake']'
[0.231s] Level 5:colcon.colcon_core.verb:set package 'autoware_msgs' build argument 'cmake_target' from command line to 'None'
[0.231s] Level 5:colcon.colcon_core.verb:set package 'autoware_msgs' build argument 'cmake_target_skip_unavailable' from command line to 'False'
[0.231s] Level 5:colcon.colcon_core.verb:set package 'autoware_msgs' build argument 'cmake_clean_cache' from command line to 'False'
[0.231s] Level 5:colcon.colcon_core.verb:set package 'autoware_msgs' build argument 'cmake_clean_first' from command line to 'False'
[0.231s] Level 5:colcon.colcon_core.verb:set package 'autoware_msgs' build argument 'cmake_force_configure' from command line to 'False'
[0.231s] Level 5:colcon.colcon_core.verb:set package 'autoware_msgs' build argument 'ament_cmake_args' from command line to 'None'
[0.231s] Level 5:colcon.colcon_core.verb:set package 'autoware_msgs' build argument 'catkin_cmake_args' from command line to 'None'
[0.231s] Level 5:colcon.colcon_core.verb:set package 'autoware_msgs' build argument 'catkin_skip_building_tests' from command line to 'False'
[0.231s] DEBUG:colcon.colcon_core.verb:Building package 'autoware_msgs' with the following arguments: {'ament_cmake_args': None, 'build_base': '/home/starry1n/WUTA/WUTA-FSD/ros2_ws/build/autoware_msgs', 'catkin_cmake_args': None, 'catkin_skip_building_tests': False, 'cmake_args': ['-DCMAKE_MODULE_PATH=/home/starry1n/WUTA/WUTA-FSD/ros2_ws/cmake'], 'cmake_clean_cache': False, 'cmake_clean_first': False, 'cmake_force_configure': False, 'cmake_target': None, 'cmake_target_skip_unavailable': False, 'install_base': '/home/starry1n/WUTA/WUTA-FSD/ros2_ws/install/autoware_msgs', 'merge_install': False, 'path': '/home/starry1n/WUTA/WUTA-FSD/ros2_ws/src/common/autoware_msgs', 'symlink_install': True, 'test_result_base': None}
[0.232s] Level 5:colcon.colcon_core.verb:set package 'kiss_icp' build argument 'cmake_args' from command line to '['-DCMAKE_MODULE_PATH=/home/starry1n/WUTA/WUTA-FSD/ros2_ws/cmake']'
[0.232s] Level 5:colcon.colcon_core.verb:set package 'kiss_icp' build argument 'cmake_target' from command line to 'None'
[0.232s] Level 5:colcon.colcon_core.verb:set package 'kiss_icp' build argument 'cmake_target_skip_unavailable' from command line to 'False'
[0.232s] Level 5:colcon.colcon_core.verb:set package 'kiss_icp' build argument 'cmake_clean_cache' from command line to 'False'
[0.232s] Level 5:colcon.colcon_core.verb:set package 'kiss_icp' build argument 'cmake_clean_first' from command line to 'False'
[0.232s] Level 5:colcon.colcon_core.verb:set package 'kiss_icp' build argument 'cmake_force_configure' from command line to 'False'
[0.232s] Level 5:colcon.colcon_core.verb:set package 'kiss_icp' build argument 'ament_cmake_args' from command line to 'None'
[0.232s] Level 5:colcon.colcon_core.verb:set package 'kiss_icp' build argument 'catkin_cmake_args' from command line to 'None'
[0.232s] Level 5:colcon.colcon_core.verb:set package 'kiss_icp' build argument 'catkin_skip_building_tests' from command line to 'False'
[0.232s] DEBUG:colcon.colcon_core.verb:Building package 'kiss_icp' with the following arguments: {'ament_cmake_args': None, 'build_base': '/home/starry1n/WUTA/WUTA-FSD/ros2_ws/build/kiss_icp', 'catkin_cmake_args': None, 'catkin_skip_building_tests': False, 'cmake_args': ['-DCMAKE_MODULE_PATH=/home/starry1n/WUTA/WUTA-FSD/ros2_ws/cmake'], 'cmake_clean_cache': False, 'cmake_clean_first': False, 'cmake_force_configure': False, 'cmake_target': None, 'cmake_target_skip_unavailable': False, 'install_base': '/home/starry1n/WUTA/WUTA-FSD/ros2_ws/install/kiss_icp', 'merge_install': False, 'path': '/home/starry1n/WUTA/WUTA-FSD/ros2_ws/src/localization/kiss-icp/ros', 'symlink_install': True, 'test_result_base': None}
[0.232s] Level 5:colcon.colcon_core.verb:set package 'robot_localization' build argument 'cmake_args' from command line to '['-DCMAKE_MODULE_PATH=/home/starry1n/WUTA/WUTA-FSD/ros2_ws/cmake']'
[0.232s] Level 5:colcon.colcon_core.verb:set package 'robot_localization' build argument 'cmake_target' from command line to 'None'
[0.232s] Level 5:colcon.colcon_core.verb:set package 'robot_localization' build argument 'cmake_target_skip_unavailable' from command line to 'False'
[0.232s] Level 5:colcon.colcon_core.verb:set package 'robot_localization' build argument 'cmake_clean_cache' from command line to 'False'
[0.232s] Level 5:colcon.colcon_core.verb:set package 'robot_localization' build argument 'cmake_clean_first' from command line to 'False'
[0.232s] Level 5:colcon.colcon_core.verb:set package 'robot_localization' build argument 'cmake_force_configure' from command line to 'False'
[0.232s] Level 5:colcon.colcon_core.verb:set package 'robot_localization' build argument 'ament_cmake_args' from command line to 'None'
[0.232s] Level 5:colcon.colcon_core.verb:set package 'robot_localization' build argument 'catkin_cmake_args' from command line to 'None'
[0.232s] Level 5:colcon.colcon_core.verb:set package 'robot_localization' build argument 'catkin_skip_building_tests' from command line to 'False'
[0.232s] DEBUG:colcon.colcon_core.verb:Building package 'robot_localization' with the following arguments: {'ament_cmake_args': None, 'build_base': '/home/starry1n/WUTA/WUTA-FSD/ros2_ws/build/robot_localization', 'catkin_cmake_args': None, 'catkin_skip_building_tests': False, 'cmake_args': ['-DCMAKE_MODULE_PATH=/home/starry1n/WUTA/WUTA-FSD/ros2_ws/cmake'], 'cmake_clean_cache': False, 'cmake_clean_first': False, 'cmake_force_configure': False, 'cmake_target': None, 'cmake_target_skip_unavailable': False, 'install_base': '/home/starry1n/WUTA/WUTA-FSD/ros2_ws/install/robot_localization', 'merge_install': False, 'path': '/home/starry1n/WUTA/WUTA-FSD/ros2_ws/src/localization/robot_localization', 'symlink_install': True, 'test_result_base': None}
[0.232s] Level 5:colcon.colcon_core.verb:set package 'wuta_msgs' build argument 'cmake_args' from command line to '['-DCMAKE_MODULE_PATH=/home/starry1n/WUTA/WUTA-FSD/ros2_ws/cmake']'
[0.232s] Level 5:colcon.colcon_core.verb:set package 'wuta_msgs' build argument 'cmake_target' from command line to 'None'
[0.232s] Level 5:colcon.colcon_core.verb:set package 'wuta_msgs' build argument 'cmake_target_skip_unavailable' from command line to 'False'
[0.232s] Level 5:colcon.colcon_core.verb:set package 'wuta_msgs' build argument 'cmake_clean_cache' from command line to 'False'
[0.232s] Level 5:colcon.colcon_core.verb:set package 'wuta_msgs' build argument 'cmake_clean_first' from command line to 'False'
[0.232s] Level 5:colcon.colcon_core.verb:set package 'wuta_msgs' build argument 'cmake_force_configure' from command line to 'False'
[0.232s] Level 5:colcon.colcon_core.verb:set package 'wuta_msgs' build argument 'ament_cmake_args' from command line to 'None'
[0.232s] Level 5:colcon.colcon_core.verb:set package 'wuta_msgs' build argument 'catkin_cmake_args' from command line to 'None'
[0.232s] Level 5:colcon.colcon_core.verb:set package 'wuta_msgs' build argument 'catkin_skip_building_tests' from command line to 'False'
[0.232s] DEBUG:colcon.colcon_core.verb:Building package 'wuta_msgs' with the following arguments: {'ament_cmake_args': None, 'build_base': '/home/starry1n/WUTA/WUTA-FSD/ros2_ws/build/wuta_msgs', 'catkin_cmake_args': None, 'catkin_skip_building_tests': False, 'cmake_args': ['-DCMAKE_MODULE_PATH=/home/starry1n/WUTA/WUTA-FSD/ros2_ws/cmake'], 'cmake_clean_cache': False, 'cmake_clean_first': False, 'cmake_force_configure': False, 'cmake_target': None, 'cmake_target_skip_unavailable': False, 'install_base': '/home/starry1n/WUTA/WUTA-FSD/ros2_ws/install/wuta_msgs', 'merge_install': False, 'path': '/home/starry1n/WUTA/WUTA-FSD/ros2_ws/src/common/wuta_msgs', 'symlink_install': True, 'test_result_base': None}
[0.233s] Level 5:colcon.colcon_core.verb:set package 'boundary_detector' build argument 'cmake_args' from command line to '['-DCMAKE_MODULE_PATH=/home/starry1n/WUTA/WUTA-FSD/ros2_ws/cmake']'
[0.233s] Level 5:colcon.colcon_core.verb:set package 'boundary_detector' build argument 'cmake_target' from command line to 'None'
[0.233s] Level 5:colcon.colcon_core.verb:set package 'boundary_detector' build argument 'cmake_target_skip_unavailable' from command line to 'False'
[0.233s] Level 5:colcon.colcon_core.verb:set package 'boundary_detector' build argument 'cmake_clean_cache' from command line to 'False'
[0.233s] Level 5:colcon.colcon_core.verb:set package 'boundary_detector' build argument 'cmake_clean_first' from command line to 'False'
[0.233s] Level 5:colcon.colcon_core.verb:set package 'boundary_detector' build argument 'cmake_force_configure' from command line to 'False'
[0.233s] Level 5:colcon.colcon_core.verb:set package 'boundary_detector' build argument 'ament_cmake_args' from command line to 'None'
[0.233s] Level 5:colcon.colcon_core.verb:set package 'boundary_detector' build argument 'catkin_cmake_args' from command line to 'None'
[0.233s] Level 5:colcon.colcon_core.verb:set package 'boundary_detector' build argument 'catkin_skip_building_tests' from command line to 'False'
[0.233s] DEBUG:colcon.colcon_core.verb:Building package 'boundary_detector' with the following arguments: {'ament_cmake_args': None, 'build_base': '/home/starry1n/WUTA/WUTA-FSD/ros2_ws/build/boundary_detector', 'catkin_cmake_args': None, 'catkin_skip_building_tests': False, 'cmake_args': ['-DCMAKE_MODULE_PATH=/home/starry1n/WUTA/WUTA-FSD/ros2_ws/cmake'], 'cmake_clean_cache': False, 'cmake_clean_first': False, 'cmake_force_configure': False, 'cmake_target': None, 'cmake_target_skip_unavailable': False, 'install_base': '/home/starry1n/WUTA/WUTA-FSD/ros2_ws/install/boundary_detector', 'merge_install': False, 'path': '/home/starry1n/WUTA/WUTA-FSD/ros2_ws/src/planning/boundary_detector', 'symlink_install': True, 'test_result_base': None}
[0.233s] Level 5:colcon.colcon_core.verb:set package 'camera_detection' build argument 'cmake_args' from command line to '['-DCMAKE_MODULE_PATH=/home/starry1n/WUTA/WUTA-FSD/ros2_ws/cmake']'
[0.233s] Level 5:colcon.colcon_core.verb:set package 'camera_detection' build argument 'cmake_target' from command line to 'None'
[0.233s] Level 5:colcon.colcon_core.verb:set package 'camera_detection' build argument 'cmake_target_skip_unavailable' from command line to 'False'
[0.233s] Level 5:colcon.colcon_core.verb:set package 'camera_detection' build argument 'cmake_clean_cache' from command line to 'False'
[0.233s] Level 5:colcon.colcon_core.verb:set package 'camera_detection' build argument 'cmake_clean_first' from command line to 'False'
[0.233s] Level 5:colcon.colcon_core.verb:set package 'camera_detection' build argument 'cmake_force_configure' from command line to 'False'
[0.233s] Level 5:colcon.colcon_core.verb:set package 'camera_detection' build argument 'ament_cmake_args' from command line to 'None'
[0.233s] Level 5:colcon.colcon_core.verb:set package 'camera_detection' build argument 'catkin_cmake_args' from command line to 'None'
[0.233s] Level 5:colcon.colcon_core.verb:set package 'camera_detection' build argument 'catkin_skip_building_tests' from command line to 'False'
[0.233s] DEBUG:colcon.colcon_core.verb:Building package 'camera_detection' with the following arguments: {'ament_cmake_args': None, 'build_base': '/home/starry1n/WUTA/WUTA-FSD/ros2_ws/build/camera_detection', 'catkin_cmake_args': None, 'catkin_skip_building_tests': False, 'cmake_args': ['-DCMAKE_MODULE_PATH=/home/starry1n/WUTA/WUTA-FSD/ros2_ws/cmake'], 'cmake_clean_cache': False, 'cmake_clean_first': False, 'cmake_force_configure': False, 'cmake_target': None, 'cmake_target_skip_unavailable': False, 'install_base': '/home/starry1n/WUTA/WUTA-FSD/ros2_ws/install/camera_detection', 'merge_install': False, 'path': '/home/starry1n/WUTA/WUTA-FSD/ros2_ws/src/perception/camera_detection', 'symlink_install': True, 'test_result_base': None}
[0.233s] Level 5:colcon.colcon_core.verb:set package 'cone_map_builder' build argument 'cmake_args' from command line to '['-DCMAKE_MODULE_PATH=/home/starry1n/WUTA/WUTA-FSD/ros2_ws/cmake']'
[0.233s] Level 5:colcon.colcon_core.verb:set package 'cone_map_builder' build argument 'cmake_target' from command line to 'None'
[0.233s] Level 5:colcon.colcon_core.verb:set package 'cone_map_builder' build argument 'cmake_target_skip_unavailable' from command line to 'False'
[0.233s] Level 5:colcon.colcon_core.verb:set package 'cone_map_builder' build argument 'cmake_clean_cache' from command line to 'False'
[0.233s] Level 5:colcon.colcon_core.verb:set package 'cone_map_builder' build argument 'cmake_clean_first' from command line to 'False'
[0.233s] Level 5:colcon.colcon_core.verb:set package 'cone_map_builder' build argument 'cmake_force_configure' from command line to 'False'
[0.233s] Level 5:colcon.colcon_core.verb:set package 'cone_map_builder' build argument 'ament_cmake_args' from command line to 'None'
[0.233s] Level 5:colcon.colcon_core.verb:set package 'cone_map_builder' build argument 'catkin_cmake_args' from command line to 'None'
[0.233s] Level 5:colcon.colcon_core.verb:set package 'cone_map_builder' build argument 'catkin_skip_building_tests' from command line to 'False'
[0.233s] DEBUG:colcon.colcon_core.verb:Building package 'cone_map_builder' with the following arguments: {'ament_cmake_args': None, 'build_base': '/home/starry1n/WUTA/WUTA-FSD/ros2_ws/build/cone_map_builder', 'catkin_cmake_args': None, 'catkin_skip_building_tests': False, 'cmake_args': ['-DCMAKE_MODULE_PATH=/home/starry1n/WUTA/WUTA-FSD/ros2_ws/cmake'], 'cmake_clean_cache': False, 'cmake_clean_first': False, 'cmake_force_configure': False, 'cmake_target': None, 'cmake_target_skip_unavailable': False, 'install_base': '/home/starry1n/WUTA/WUTA-FSD/ros2_ws/install/cone_map_builder', 'merge_install': False, 'path': '/home/starry1n/WUTA/WUTA-FSD/ros2_ws/src/mapping/cone_map_builder', 'symlink_install': True, 'test_result_base': None}
[0.234s] Level 5:colcon.colcon_core.verb:set package 'controller' build argument 'cmake_args' from command line to '['-DCMAKE_MODULE_PATH=/home/starry1n/WUTA/WUTA-FSD/ros2_ws/cmake']'
[0.234s] Level 5:colcon.colcon_core.verb:set package 'controller' build argument 'cmake_target' from command line to 'None'
[0.234s] Level 5:colcon.colcon_core.verb:set package 'controller' build argument 'cmake_target_skip_unavailable' from command line to 'False'
[0.234s] Level 5:colcon.colcon_core.verb:set package 'controller' build argument 'cmake_clean_cache' from command line to 'False'
[0.234s] Level 5:colcon.colcon_core.verb:set package 'controller' build argument 'cmake_clean_first' from command line to 'False'
[0.234s] Level 5:colcon.colcon_core.verb:set package 'controller' build argument 'cmake_force_configure' from command line to 'False'
[0.234s] Level 5:colcon.colcon_core.verb:set package 'controller' build argument 'ament_cmake_args' from command line to 'None'
[0.234s] Level 5:colcon.colcon_core.verb:set package 'controller' build argument 'catkin_cmake_args' from command line to 'None'
[0.234s] Level 5:colcon.colcon_core.verb:set package 'controller' build argument 'catkin_skip_building_tests' from command line to 'False'
[0.234s] DEBUG:colcon.colcon_core.verb:Building package 'controller' with the following arguments: {'ament_cmake_args': None, 'build_base': '/home/starry1n/WUTA/WUTA-FSD/ros2_ws/build/controller', 'catkin_cmake_args': None, 'catkin_skip_building_tests': False, 'cmake_args': ['-DCMAKE_MODULE_PATH=/home/starry1n/WUTA/WUTA-FSD/ros2_ws/cmake'], 'cmake_clean_cache': False, 'cmake_clean_first': False, 'cmake_force_configure': False, 'cmake_target': None, 'cmake_target_skip_unavailable': False, 'install_base': '/home/starry1n/WUTA/WUTA-FSD/ros2_ws/install/controller', 'merge_install': False, 'path': '/home/starry1n/WUTA/WUTA-FSD/ros2_ws/src/control/controller', 'symlink_install': True, 'test_result_base': None}
[0.234s] Level 5:colcon.colcon_core.verb:set package 'detection_fusion' build argument 'cmake_args' from command line to '['-DCMAKE_MODULE_PATH=/home/starry1n/WUTA/WUTA-FSD/ros2_ws/cmake']'
[0.234s] Level 5:colcon.colcon_core.verb:set package 'detection_fusion' build argument 'cmake_target' from command line to 'None'
[0.234s] Level 5:colcon.colcon_core.verb:set package 'detection_fusion' build argument 'cmake_target_skip_unavailable' from command line to 'False'
[0.234s] Level 5:colcon.colcon_core.verb:set package 'detection_fusion' build argument 'cmake_clean_cache' from command line to 'False'
[0.234s] Level 5:colcon.colcon_core.verb:set package 'detection_fusion' build argument 'cmake_clean_first' from command line to 'False'
[0.234s] Level 5:colcon.colcon_core.verb:set package 'detection_fusion' build argument 'cmake_force_configure' from command line to 'False'
[0.234s] Level 5:colcon.colcon_core.verb:set package 'detection_fusion' build argument 'ament_cmake_args' from command line to 'None'
[0.234s] Level 5:colcon.colcon_core.verb:set package 'detection_fusion' build argument 'catkin_cmake_args' from command line to 'None'
[0.234s] Level 5:colcon.colcon_core.verb:set package 'detection_fusion' build argument 'catkin_skip_building_tests' from command line to 'False'
[0.234s] DEBUG:colcon.colcon_core.verb:Building package 'detection_fusion' with the following arguments: {'ament_cmake_args': None, 'build_base': '/home/starry1n/WUTA/WUTA-FSD/ros2_ws/build/detection_fusion', 'catkin_cmake_args': None, 'catkin_skip_building_tests': False, 'cmake_args': ['-DCMAKE_MODULE_PATH=/home/starry1n/WUTA/WUTA-FSD/ros2_ws/cmake'], 'cmake_clean_cache': False, 'cmake_clean_first': False, 'cmake_force_configure': False, 'cmake_target': None, 'cmake_target_skip_unavailable': False, 'install_base': '/home/starry1n/WUTA/WUTA-FSD/ros2_ws/install/detection_fusion', 'merge_install': False, 'path': '/home/starry1n/WUTA/WUTA-FSD/ros2_ws/src/perception/detection_fusion', 'symlink_install': True, 'test_result_base': None}
[0.234s] Level 5:colcon.colcon_core.verb:set package 'kiss_icp_wrapper' build argument 'cmake_args' from command line to '['-DCMAKE_MODULE_PATH=/home/starry1n/WUTA/WUTA-FSD/ros2_ws/cmake']'
[0.234s] Level 5:colcon.colcon_core.verb:set package 'kiss_icp_wrapper' build argument 'cmake_target' from command line to 'None'
[0.235s] Level 5:colcon.colcon_core.verb:set package 'kiss_icp_wrapper' build argument 'cmake_target_skip_unavailable' from command line to 'False'
[0.235s] Level 5:colcon.colcon_core.verb:set package 'kiss_icp_wrapper' build argument 'cmake_clean_cache' from command line to 'False'
[0.235s] Level 5:colcon.colcon_core.verb:set package 'kiss_icp_wrapper' build argument 'cmake_clean_first' from command line to 'False'
[0.235s] Level 5:colcon.colcon_core.verb:set package 'kiss_icp_wrapper' build argument 'cmake_force_configure' from command line to 'False'
[0.235s] Level 5:colcon.colcon_core.verb:set package 'kiss_icp_wrapper' build argument 'ament_cmake_args' from command line to 'None'
[0.235s] Level 5:colcon.colcon_core.verb:set package 'kiss_icp_wrapper' build argument 'catkin_cmake_args' from command line to 'None'
[0.235s] Level 5:colcon.colcon_core.verb:set package 'kiss_icp_wrapper' build argument 'catkin_skip_building_tests' from command line to 'False'
[0.235s] DEBUG:colcon.colcon_core.verb:Building package 'kiss_icp_wrapper' with the following arguments: {'ament_cmake_args': None, 'build_base': '/home/starry1n/WUTA/WUTA-FSD/ros2_ws/build/kiss_icp_wrapper', 'catkin_cmake_args': None, 'catkin_skip_building_tests': False, 'cmake_args': ['-DCMAKE_MODULE_PATH=/home/starry1n/WUTA/WUTA-FSD/ros2_ws/cmake'], 'cmake_clean_cache': False, 'cmake_clean_first': False, 'cmake_force_configure': False, 'cmake_target': None, 'cmake_target_skip_unavailable': False, 'install_base': '/home/starry1n/WUTA/WUTA-FSD/ros2_ws/install/kiss_icp_wrapper', 'merge_install': False, 'path': '/home/starry1n/WUTA/WUTA-FSD/ros2_ws/src/localization/kiss_icp_wrapper', 'symlink_install': True, 'test_result_base': None}
[0.235s] Level 5:colcon.colcon_core.verb:set package 'lidar_detection' build argument 'cmake_args' from command line to '['-DCMAKE_MODULE_PATH=/home/starry1n/WUTA/WUTA-FSD/ros2_ws/cmake']'
[0.235s] Level 5:colcon.colcon_core.verb:set package 'lidar_detection' build argument 'cmake_target' from command line to 'None'
[0.235s] Level 5:colcon.colcon_core.verb:set package 'lidar_detection' build argument 'cmake_target_skip_unavailable' from command line to 'False'
[0.235s] Level 5:colcon.colcon_core.verb:set package 'lidar_detection' build argument 'cmake_clean_cache' from command line to 'False'
[0.235s] Level 5:colcon.colcon_core.verb:set package 'lidar_detection' build argument 'cmake_clean_first' from command line to 'False'
[0.235s] Level 5:colcon.colcon_core.verb:set package 'lidar_detection' build argument 'cmake_force_configure' from command line to 'False'
[0.235s] Level 5:colcon.colcon_core.verb:set package 'lidar_detection' build argument 'ament_cmake_args' from command line to 'None'
[0.235s] Level 5:colcon.colcon_core.verb:set package 'lidar_detection' build argument 'catkin_cmake_args' from command line to 'None'
[0.235s] Level 5:colcon.colcon_core.verb:set package 'lidar_detection' build argument 'catkin_skip_building_tests' from command line to 'False'
[0.235s] DEBUG:colcon.colcon_core.verb:Building package 'lidar_detection' with the following arguments: {'ament_cmake_args': None, 'build_base': '/home/starry1n/WUTA/WUTA-FSD/ros2_ws/build/lidar_detection', 'catkin_cmake_args': None, 'catkin_skip_building_tests': False, 'cmake_args': ['-DCMAKE_MODULE_PATH=/home/starry1n/WUTA/WUTA-FSD/ros2_ws/cmake'], 'cmake_clean_cache': False, 'cmake_clean_first': False, 'cmake_force_configure': False, 'cmake_target': None, 'cmake_target_skip_unavailable': False, 'install_base': '/home/starry1n/WUTA/WUTA-FSD/ros2_ws/install/lidar_detection', 'merge_install': False, 'path': '/home/starry1n/WUTA/WUTA-FSD/ros2_ws/src/perception/lidar_detection', 'symlink_install': True, 'test_result_base': None}
[0.235s] Level 5:colcon.colcon_core.verb:set package 'localization_manager' build argument 'cmake_args' from command line to '['-DCMAKE_MODULE_PATH=/home/starry1n/WUTA/WUTA-FSD/ros2_ws/cmake']'
[0.235s] Level 5:colcon.colcon_core.verb:set package 'localization_manager' build argument 'cmake_target' from command line to 'None'
[0.235s] Level 5:colcon.colcon_core.verb:set package 'localization_manager' build argument 'cmake_target_skip_unavailable' from command line to 'False'
[0.235s] Level 5:colcon.colcon_core.verb:set package 'localization_manager' build argument 'cmake_clean_cache' from command line to 'False'
[0.235s] Level 5:colcon.colcon_core.verb:set package 'localization_manager' build argument 'cmake_clean_first' from command line to 'False'
[0.235s] Level 5:colcon.colcon_core.verb:set package 'localization_manager' build argument 'cmake_force_configure' from command line to 'False'
[0.235s] Level 5:colcon.colcon_core.verb:set package 'localization_manager' build argument 'ament_cmake_args' from command line to 'None'
[0.235s] Level 5:colcon.colcon_core.verb:set package 'localization_manager' build argument 'catkin_cmake_args' from command line to 'None'
[0.235s] Level 5:colcon.colcon_core.verb:set package 'localization_manager' build argument 'catkin_skip_building_tests' from command line to 'False'
[0.235s] DEBUG:colcon.colcon_core.verb:Building package 'localization_manager' with the following arguments: {'ament_cmake_args': None, 'build_base': '/home/starry1n/WUTA/WUTA-FSD/ros2_ws/build/localization_manager', 'catkin_cmake_args': None, 'catkin_skip_building_tests': False, 'cmake_args': ['-DCMAKE_MODULE_PATH=/home/starry1n/WUTA/WUTA-FSD/ros2_ws/cmake'], 'cmake_clean_cache': False, 'cmake_clean_first': False, 'cmake_force_configure': False, 'cmake_target': None, 'cmake_target_skip_unavailable': False, 'install_base': '/home/starry1n/WUTA/WUTA-FSD/ros2_ws/install/localization_manager', 'merge_install': False, 'path': '/home/starry1n/WUTA/WUTA-FSD/ros2_ws/src/localization/localization_manager', 'symlink_install': True, 'test_result_base': None}
[0.235s] Level 5:colcon.colcon_core.verb:set package 'mission_manager' build argument 'cmake_args' from command line to '['-DCMAKE_MODULE_PATH=/home/starry1n/WUTA/WUTA-FSD/ros2_ws/cmake']'
[0.235s] Level 5:colcon.colcon_core.verb:set package 'mission_manager' build argument 'cmake_target' from command line to 'None'
[0.235s] Level 5:colcon.colcon_core.verb:set package 'mission_manager' build argument 'cmake_target_skip_unavailable' from command line to 'False'
[0.235s] Level 5:colcon.colcon_core.verb:set package 'mission_manager' build argument 'cmake_clean_cache' from command line to 'False'
[0.235s] Level 5:colcon.colcon_core.verb:set package 'mission_manager' build argument 'cmake_clean_first' from command line to 'False'
[0.235s] Level 5:colcon.colcon_core.verb:set package 'mission_manager' build argument 'cmake_force_configure' from command line to 'False'
[0.235s] Level 5:colcon.colcon_core.verb:set package 'mission_manager' build argument 'ament_cmake_args' from command line to 'None'
[0.235s] Level 5:colcon.colcon_core.verb:set package 'mission_manager' build argument 'catkin_cmake_args' from command line to 'None'
[0.235s] Level 5:colcon.colcon_core.verb:set package 'mission_manager' build argument 'catkin_skip_building_tests' from command line to 'False'
[0.235s] DEBUG:colcon.colcon_core.verb:Building package 'mission_manager' with the following arguments: {'ament_cmake_args': None, 'build_base': '/home/starry1n/WUTA/WUTA-FSD/ros2_ws/build/mission_manager', 'catkin_cmake_args': None, 'catkin_skip_building_tests': False, 'cmake_args': ['-DCMAKE_MODULE_PATH=/home/starry1n/WUTA/WUTA-FSD/ros2_ws/cmake'], 'cmake_clean_cache': False, 'cmake_clean_first': False, 'cmake_force_configure': False, 'cmake_target': None, 'cmake_target_skip_unavailable': False, 'install_base': '/home/starry1n/WUTA/WUTA-FSD/ros2_ws/install/mission_manager', 'merge_install': False, 'path': '/home/starry1n/WUTA/WUTA-FSD/ros2_ws/src/system/mission_manager', 'symlink_install': True, 'test_result_base': None}
[0.236s] Level 5:colcon.colcon_core.verb:set package 'ndt_localization' build argument 'cmake_args' from command line to '['-DCMAKE_MODULE_PATH=/home/starry1n/WUTA/WUTA-FSD/ros2_ws/cmake']'
[0.236s] Level 5:colcon.colcon_core.verb:set package 'ndt_localization' build argument 'cmake_target' from command line to 'None'
[0.236s] Level 5:colcon.colcon_core.verb:set package 'ndt_localization' build argument 'cmake_target_skip_unavailable' from command line to 'False'
[0.236s] Level 5:colcon.colcon_core.verb:set package 'ndt_localization' build argument 'cmake_clean_cache' from command line to 'False'
[0.236s] Level 5:colcon.colcon_core.verb:set package 'ndt_localization' build argument 'cmake_clean_first' from command line to 'False'
[0.236s] Level 5:colcon.colcon_core.verb:set package 'ndt_localization' build argument 'cmake_force_configure' from command line to 'False'
[0.236s] Level 5:colcon.colcon_core.verb:set package 'ndt_localization' build argument 'ament_cmake_args' from command line to 'None'
[0.236s] Level 5:colcon.colcon_core.verb:set package 'ndt_localization' build argument 'catkin_cmake_args' from command line to 'None'
[0.236s] Level 5:colcon.colcon_core.verb:set package 'ndt_localization' build argument 'catkin_skip_building_tests' from command line to 'False'
[0.236s] DEBUG:colcon.colcon_core.verb:Building package 'ndt_localization' with the following arguments: {'ament_cmake_args': None, 'build_base': '/home/starry1n/WUTA/WUTA-FSD/ros2_ws/build/ndt_localization', 'catkin_cmake_args': None, 'catkin_skip_building_tests': False, 'cmake_args': ['-DCMAKE_MODULE_PATH=/home/starry1n/WUTA/WUTA-FSD/ros2_ws/cmake'], 'cmake_clean_cache': False, 'cmake_clean_first': False, 'cmake_force_configure': False, 'cmake_target': None, 'cmake_target_skip_unavailable': False, 'install_base': '/home/starry1n/WUTA/WUTA-FSD/ros2_ws/install/ndt_localization', 'merge_install': False, 'path': '/home/starry1n/WUTA/WUTA-FSD/ros2_ws/src/localization/ndt_localization', 'symlink_install': True, 'test_result_base': None}
[0.236s] Level 5:colcon.colcon_core.verb:set package 'path_generator' build argument 'cmake_args' from command line to '['-DCMAKE_MODULE_PATH=/home/starry1n/WUTA/WUTA-FSD/ros2_ws/cmake']'
[0.236s] Level 5:colcon.colcon_core.verb:set package 'path_generator' build argument 'cmake_target' from command line to 'None'
[0.236s] Level 5:colcon.colcon_core.verb:set package 'path_generator' build argument 'cmake_target_skip_unavailable' from command line to 'False'
[0.236s] Level 5:colcon.colcon_core.verb:set package 'path_generator' build argument 'cmake_clean_cache' from command line to 'False'
[0.236s] Level 5:colcon.colcon_core.verb:set package 'path_generator' build argument 'cmake_clean_first' from command line to 'False'
[0.236s] Level 5:colcon.colcon_core.verb:set package 'path_generator' build argument 'cmake_force_configure' from command line to 'False'
[0.236s] Level 5:colcon.colcon_core.verb:set package 'path_generator' build argument 'ament_cmake_args' from command line to 'None'
[0.236s] Level 5:colcon.colcon_core.verb:set package 'path_generator' build argument 'catkin_cmake_args' from command line to 'None'
[0.236s] Level 5:colcon.colcon_core.verb:set package 'path_generator' build argument 'catkin_skip_building_tests' from command line to 'False'
[0.236s] DEBUG:colcon.colcon_core.verb:Building package 'path_generator' with the following arguments: {'ament_cmake_args': None, 'build_base': '/home/starry1n/WUTA/WUTA-FSD/ros2_ws/build/path_generator', 'catkin_cmake_args': None, 'catkin_skip_building_tests': False, 'cmake_args': ['-DCMAKE_MODULE_PATH=/home/starry1n/WUTA/WUTA-FSD/ros2_ws/cmake'], 'cmake_clean_cache': False, 'cmake_clean_first': False, 'cmake_force_configure': False, 'cmake_target': None, 'cmake_target_skip_unavailable': False, 'install_base': '/home/starry1n/WUTA/WUTA-FSD/ros2_ws/install/path_generator', 'merge_install': False, 'path': '/home/starry1n/WUTA/WUTA-FSD/ros2_ws/src/planning/path_generator', 'symlink_install': True, 'test_result_base': None}
[0.236s] Level 5:colcon.colcon_core.verb:set package 'wuta_tools' build argument 'cmake_args' from command line to '['-DCMAKE_MODULE_PATH=/home/starry1n/WUTA/WUTA-FSD/ros2_ws/cmake']'
[0.236s] Level 5:colcon.colcon_core.verb:set package 'wuta_tools' build argument 'cmake_target' from command line to 'None'
[0.236s] Level 5:colcon.colcon_core.verb:set package 'wuta_tools' build argument 'cmake_target_skip_unavailable' from command line to 'False'
[0.236s] Level 5:colcon.colcon_core.verb:set package 'wuta_tools' build argument 'cmake_clean_cache' from command line to 'False'
[0.236s] Level 5:colcon.colcon_core.verb:set package 'wuta_tools' build argument 'cmake_clean_first' from command line to 'False'
[0.236s] Level 5:colcon.colcon_core.verb:set package 'wuta_tools' build argument 'cmake_force_configure' from command line to 'False'
[0.236s] Level 5:colcon.colcon_core.verb:set package 'wuta_tools' build argument 'ament_cmake_args' from command line to 'None'
[0.236s] Level 5:colcon.colcon_core.verb:set package 'wuta_tools' build argument 'catkin_cmake_args' from command line to 'None'
[0.236s] Level 5:colcon.colcon_core.verb:set package 'wuta_tools' build argument 'catkin_skip_building_tests' from command line to 'False'
[0.236s] DEBUG:colcon.colcon_core.verb:Building package 'wuta_tools' with the following arguments: {'ament_cmake_args': None, 'build_base': '/home/starry1n/WUTA/WUTA-FSD/ros2_ws/build/wuta_tools', 'catkin_cmake_args': None, 'catkin_skip_building_tests': False, 'cmake_args': ['-DCMAKE_MODULE_PATH=/home/starry1n/WUTA/WUTA-FSD/ros2_ws/cmake'], 'cmake_clean_cache': False, 'cmake_clean_first': False, 'cmake_force_configure': False, 'cmake_target': None, 'cmake_target_skip_unavailable': False, 'install_base': '/home/starry1n/WUTA/WUTA-FSD/ros2_ws/install/wuta_tools', 'merge_install': False, 'path': '/home/starry1n/WUTA/WUTA-FSD/ros2_ws/src/common/wuta_tools', 'symlink_install': True, 'test_result_base': None}
[0.236s] INFO:colcon.colcon_core.executor:Executing jobs using 'parallel' executor
[0.237s] DEBUG:colcon.colcon_parallel_executor.executor.parallel:run_until_complete
[0.237s] INFO:colcon.colcon_ros.task.ament_cmake.build:Building ROS package in '/home/starry1n/WUTA/WUTA-FSD/ros2_ws/src/common/wuta_msgs' with build type 'ament_cmake'
[0.237s] INFO:colcon.colcon_cmake.task.cmake.build:Building CMake package in '/home/starry1n/WUTA/WUTA-FSD/ros2_ws/src/common/wuta_msgs'
[0.239s] INFO:colcon.colcon_core.plugin_system:Skipping extension 'colcon_core.shell.bat': Not used on non-Windows systems
[0.239s] INFO:colcon.colcon_core.shell:Skip shell extension 'powershell' for command environment: Not usable outside of PowerShell
[0.239s] DEBUG:colcon.colcon_core.shell:Skip shell extension 'dsv' for command environment
[0.241s] INFO:colcon.colcon_ros.task.ament_cmake.build:Building ROS package in '/home/starry1n/WUTA/WUTA-FSD/ros2_ws/src/common/autoware_msgs' with build type 'ament_cmake'
[0.242s] INFO:colcon.colcon_cmake.task.cmake.build:Building CMake package in '/home/starry1n/WUTA/WUTA-FSD/ros2_ws/src/common/autoware_msgs'
[0.242s] INFO:colcon.colcon_core.shell:Skip shell extension 'powershell' for command environment: Not usable outside of PowerShell
[0.242s] DEBUG:colcon.colcon_core.shell:Skip shell extension 'dsv' for command environment
[0.245s] INFO:colcon.colcon_ros.task.ament_cmake.build:Building ROS package in '/home/starry1n/WUTA/WUTA-FSD/ros2_ws/src/localization/kiss-icp/ros' with build type 'ament_cmake'
[0.245s] INFO:colcon.colcon_cmake.task.cmake.build:Building CMake package in '/home/starry1n/WUTA/WUTA-FSD/ros2_ws/src/localization/kiss-icp/ros'
[0.246s] INFO:colcon.colcon_core.shell:Skip shell extension 'powershell' for command environment: Not usable outside of PowerShell
[0.246s] DEBUG:colcon.colcon_core.shell:Skip shell extension 'dsv' for command environment
[0.249s] INFO:colcon.colcon_ros.task.ament_cmake.build:Building ROS package in '/home/starry1n/WUTA/WUTA-FSD/ros2_ws/src/localization/robot_localization' with build type 'ament_cmake'
[0.249s] INFO:colcon.colcon_cmake.task.cmake.build:Building CMake package in '/home/starry1n/WUTA/WUTA-FSD/ros2_ws/src/localization/robot_localization'
[0.250s] INFO:colcon.colcon_core.shell:Skip shell extension 'powershell' for command environment: Not usable outside of PowerShell
[0.250s] DEBUG:colcon.colcon_core.shell:Skip shell extension 'dsv' for command environment
[0.260s] DEBUG:colcon.colcon_core.event_handler.log_command:Invoking command in '/home/starry1n/WUTA/WUTA-FSD/ros2_ws/build/wuta_msgs': CMAKE_PREFIX_PATH=/opt/ros/humble /usr/bin/cmake --build /home/starry1n/WUTA/WUTA-FSD/ros2_ws/build/wuta_msgs -- -j8 -l8
[0.262s] DEBUG:colcon.colcon_core.event_handler.log_command:Invoking command in '/home/starry1n/WUTA/WUTA-FSD/ros2_ws/build/autoware_msgs': CMAKE_PREFIX_PATH=/opt/ros/humble /usr/bin/cmake --build /home/starry1n/WUTA/WUTA-FSD/ros2_ws/build/autoware_msgs -- -j8 -l8
[0.267s] DEBUG:colcon.colcon_core.event_handler.log_command:Invoking command in '/home/starry1n/WUTA/WUTA-FSD/ros2_ws/build/kiss_icp': CMAKE_PREFIX_PATH=/opt/ros/humble /usr/bin/cmake --build /home/starry1n/WUTA/WUTA-FSD/ros2_ws/build/kiss_icp -- -j8 -l8
[0.270s] DEBUG:colcon.colcon_core.event_handler.log_command:Invoking command in '/home/starry1n/WUTA/WUTA-FSD/ros2_ws/build/robot_localization': CMAKE_PREFIX_PATH=/opt/ros/humble /usr/bin/cmake --build /home/starry1n/WUTA/WUTA-FSD/ros2_ws/build/robot_localization -- -j8 -l8
[0.485s] DEBUG:colcon.colcon_core.event_handler.log_command:Invoked command in '/home/starry1n/WUTA/WUTA-FSD/ros2_ws/build/kiss_icp' returned '0': CMAKE_PREFIX_PATH=/opt/ros/humble /usr/bin/cmake --build /home/starry1n/WUTA/WUTA-FSD/ros2_ws/build/kiss_icp -- -j8 -l8
[0.496s] DEBUG:colcon.colcon_core.event_handler.log_command:Invoking command in '/home/starry1n/WUTA/WUTA-FSD/ros2_ws/build/kiss_icp': CMAKE_PREFIX_PATH=/opt/ros/humble /usr/bin/cmake --install /home/starry1n/WUTA/WUTA-FSD/ros2_ws/build/kiss_icp
[0.533s] Level 1:colcon.colcon_core.environment:create_environment_scripts_only(kiss_icp)
[0.534s] Level 1:colcon.colcon_core.environment:checking '/home/starry1n/WUTA/WUTA-FSD/ros2_ws/install/kiss_icp' for CMake module files
[0.534s] Level 1:colcon.colcon_core.environment:checking '/home/starry1n/WUTA/WUTA-FSD/ros2_ws/install/kiss_icp' for CMake config files
[0.535s] DEBUG:colcon.colcon_core.event_handler.log_command:Invoked command in '/home/starry1n/WUTA/WUTA-FSD/ros2_ws/build/kiss_icp' returned '0': CMAKE_PREFIX_PATH=/opt/ros/humble /usr/bin/cmake --install /home/starry1n/WUTA/WUTA-FSD/ros2_ws/build/kiss_icp
[0.537s] Level 1:colcon.colcon_core.shell:create_environment_hook('kiss_icp', 'cmake_prefix_path')
[0.538s] INFO:colcon.colcon_core.shell:Creating environment hook '/home/starry1n/WUTA/WUTA-FSD/ros2_ws/install/kiss_icp/share/kiss_icp/hook/cmake_prefix_path.ps1'
[0.538s] INFO:colcon.colcon_core.shell:Creating environment descriptor '/home/starry1n/WUTA/WUTA-FSD/ros2_ws/install/kiss_icp/share/kiss_icp/hook/cmake_prefix_path.dsv'
[0.539s] INFO:colcon.colcon_core.shell:Creating environment hook '/home/starry1n/WUTA/WUTA-FSD/ros2_ws/install/kiss_icp/share/kiss_icp/hook/cmake_prefix_path.sh'
[0.540s] Level 1:colcon.colcon_core.environment:checking '/home/starry1n/WUTA/WUTA-FSD/ros2_ws/install/kiss_icp/lib'
[0.540s] Level 1:colcon.colcon_core.shell:create_environment_hook('kiss_icp', 'ld_library_path_lib')
[0.541s] INFO:colcon.colcon_core.shell:Creating environment hook '/home/starry1n/WUTA/WUTA-FSD/ros2_ws/install/kiss_icp/share/kiss_icp/hook/ld_library_path_lib.ps1'
[0.541s] INFO:colcon.colcon_core.shell:Creating environment descriptor '/home/starry1n/WUTA/WUTA-FSD/ros2_ws/install/kiss_icp/share/kiss_icp/hook/ld_library_path_lib.dsv'
[0.546s] INFO:colcon.colcon_core.shell:Creating environment hook '/home/starry1n/WUTA/WUTA-FSD/ros2_ws/install/kiss_icp/share/kiss_icp/hook/ld_library_path_lib.sh'
[0.546s] Level 1:colcon.colcon_core.environment:checking '/home/starry1n/WUTA/WUTA-FSD/ros2_ws/install/kiss_icp/bin'
[0.546s] Level 1:colcon.colcon_core.environment:checking '/home/starry1n/WUTA/WUTA-FSD/ros2_ws/install/kiss_icp/lib/pkgconfig/kiss_icp.pc'
[0.546s] Level 1:colcon.colcon_core.environment:checking '/home/starry1n/WUTA/WUTA-FSD/ros2_ws/install/kiss_icp/lib/python3.10/site-packages'
[0.547s] Level 1:colcon.colcon_core.environment:checking '/home/starry1n/WUTA/WUTA-FSD/ros2_ws/install/kiss_icp/bin'
[0.547s] INFO:colcon.colcon_core.shell:Creating package script '/home/starry1n/WUTA/WUTA-FSD/ros2_ws/install/kiss_icp/share/kiss_icp/package.ps1'
[0.548s] INFO:colcon.colcon_core.shell:Creating package descriptor '/home/starry1n/WUTA/WUTA-FSD/ros2_ws/install/kiss_icp/share/kiss_icp/package.dsv'
[0.548s] INFO:colcon.colcon_core.shell:Creating package script '/home/starry1n/WUTA/WUTA-FSD/ros2_ws/install/kiss_icp/share/kiss_icp/package.sh'
[0.552s] INFO:colcon.colcon_core.shell:Creating package script '/home/starry1n/WUTA/WUTA-FSD/ros2_ws/install/kiss_icp/share/kiss_icp/package.bash'
[0.553s] INFO:colcon.colcon_core.shell:Creating package script '/home/starry1n/WUTA/WUTA-FSD/ros2_ws/install/kiss_icp/share/kiss_icp/package.zsh'
[0.554s] Level 1:colcon.colcon_core.environment:create_file_with_runtime_dependencies(/home/starry1n/WUTA/WUTA-FSD/ros2_ws/install/kiss_icp/share/colcon-core/packages/kiss_icp)
[0.558s] Level 1:colcon.colcon_core.environment:create_environment_scripts_only(kiss_icp)
[0.559s] Level 1:colcon.colcon_core.environment:checking '/home/starry1n/WUTA/WUTA-FSD/ros2_ws/install/kiss_icp' for CMake module files
[0.559s] Level 1:colcon.colcon_core.environment:checking '/home/starry1n/WUTA/WUTA-FSD/ros2_ws/install/kiss_icp' for CMake config files
[0.559s] Level 1:colcon.colcon_core.shell:create_environment_hook('kiss_icp', 'cmake_prefix_path')
[0.559s] INFO:colcon.colcon_core.shell:Creating environment hook '/home/starry1n/WUTA/WUTA-FSD/ros2_ws/install/kiss_icp/share/kiss_icp/hook/cmake_prefix_path.ps1'
[0.560s] INFO:colcon.colcon_core.shell:Creating environment descriptor '/home/starry1n/WUTA/WUTA-FSD/ros2_ws/install/kiss_icp/share/kiss_icp/hook/cmake_prefix_path.dsv'
[0.563s] INFO:colcon.colcon_core.shell:Creating environment hook '/home/starry1n/WUTA/WUTA-FSD/ros2_ws/install/kiss_icp/share/kiss_icp/hook/cmake_prefix_path.sh'
[0.563s] Level 1:colcon.colcon_core.environment:checking '/home/starry1n/WUTA/WUTA-FSD/ros2_ws/install/kiss_icp/lib'
[0.563s] Level 1:colcon.colcon_core.shell:create_environment_hook('kiss_icp', 'ld_library_path_lib')
[0.564s] INFO:colcon.colcon_core.shell:Creating environment hook '/home/starry1n/WUTA/WUTA-FSD/ros2_ws/install/kiss_icp/share/kiss_icp/hook/ld_library_path_lib.ps1'
[0.564s] INFO:colcon.colcon_core.shell:Creating environment descriptor '/home/starry1n/WUTA/WUTA-FSD/ros2_ws/install/kiss_icp/share/kiss_icp/hook/ld_library_path_lib.dsv'
[0.564s] INFO:colcon.colcon_core.shell:Creating environment hook '/home/starry1n/WUTA/WUTA-FSD/ros2_ws/install/kiss_icp/share/kiss_icp/hook/ld_library_path_lib.sh'
[0.565s] Level 1:colcon.colcon_core.environment:checking '/home/starry1n/WUTA/WUTA-FSD/ros2_ws/install/kiss_icp/bin'
[0.565s] Level 1:colcon.colcon_core.environment:checking '/home/starry1n/WUTA/WUTA-FSD/ros2_ws/install/kiss_icp/lib/pkgconfig/kiss_icp.pc'
[0.566s] Level 1:colcon.colcon_core.environment:checking '/home/starry1n/WUTA/WUTA-FSD/ros2_ws/install/kiss_icp/lib/python3.10/site-packages'
[0.566s] Level 1:colcon.colcon_core.environment:checking '/home/starry1n/WUTA/WUTA-FSD/ros2_ws/install/kiss_icp/bin'
[0.566s] INFO:colcon.colcon_core.shell:Creating package script '/home/starry1n/WUTA/WUTA-FSD/ros2_ws/install/kiss_icp/share/kiss_icp/package.ps1'
[0.567s] INFO:colcon.colcon_core.shell:Creating package descriptor '/home/starry1n/WUTA/WUTA-FSD/ros2_ws/install/kiss_icp/share/kiss_icp/package.dsv'
[0.571s] INFO:colcon.colcon_core.shell:Creating package script '/home/starry1n/WUTA/WUTA-FSD/ros2_ws/install/kiss_icp/share/kiss_icp/package.sh'
[0.572s] INFO:colcon.colcon_core.shell:Creating package script '/home/starry1n/WUTA/WUTA-FSD/ros2_ws/install/kiss_icp/share/kiss_icp/package.bash'
[0.572s] INFO:colcon.colcon_core.shell:Creating package script '/home/starry1n/WUTA/WUTA-FSD/ros2_ws/install/kiss_icp/share/kiss_icp/package.zsh'
[0.572s] Level 1:colcon.colcon_core.environment:create_file_with_runtime_dependencies(/home/starry1n/WUTA/WUTA-FSD/ros2_ws/install/kiss_icp/share/colcon-core/packages/kiss_icp)
[0.666s] DEBUG:colcon.colcon_core.event_handler.log_command:Invoked command in '/home/starry1n/WUTA/WUTA-FSD/ros2_ws/build/wuta_msgs' returned '0': CMAKE_PREFIX_PATH=/opt/ros/humble /usr/bin/cmake --build /home/starry1n/WUTA/WUTA-FSD/ros2_ws/build/wuta_msgs -- -j8 -l8
[0.667s] DEBUG:colcon.colcon_core.event_handler.log_command:Invoking command in '/home/starry1n/WUTA/WUTA-FSD/ros2_ws/build/wuta_msgs': CMAKE_PREFIX_PATH=/opt/ros/humble /usr/bin/cmake --install /home/starry1n/WUTA/WUTA-FSD/ros2_ws/build/wuta_msgs
[0.770s] Level 1:colcon.colcon_core.environment:create_environment_scripts_only(wuta_msgs)
[0.771s] DEBUG:colcon.colcon_core.event_handler.log_command:Invoked command in '/home/starry1n/WUTA/WUTA-FSD/ros2_ws/build/wuta_msgs' returned '0': CMAKE_PREFIX_PATH=/opt/ros/humble /usr/bin/cmake --install /home/starry1n/WUTA/WUTA-FSD/ros2_ws/build/wuta_msgs
[0.771s] Level 1:colcon.colcon_core.environment:checking '/home/starry1n/WUTA/WUTA-FSD/ros2_ws/install/wuta_msgs' for CMake module files
[0.771s] Level 1:colcon.colcon_core.environment:checking '/home/starry1n/WUTA/WUTA-FSD/ros2_ws/install/wuta_msgs' for CMake config files
[0.772s] Level 1:colcon.colcon_core.shell:create_environment_hook('wuta_msgs', 'cmake_prefix_path')
[0.772s] INFO:colcon.colcon_core.shell:Creating environment hook '/home/starry1n/WUTA/WUTA-FSD/ros2_ws/install/wuta_msgs/share/wuta_msgs/hook/cmake_prefix_path.ps1'
[0.786s] INFO:colcon.colcon_core.shell:Creating environment descriptor '/home/starry1n/WUTA/WUTA-FSD/ros2_ws/install/wuta_msgs/share/wuta_msgs/hook/cmake_prefix_path.dsv'
[0.786s] INFO:colcon.colcon_core.shell:Creating environment hook '/home/starry1n/WUTA/WUTA-FSD/ros2_ws/install/wuta_msgs/share/wuta_msgs/hook/cmake_prefix_path.sh'
[0.787s] Level 1:colcon.colcon_core.environment:checking '/home/starry1n/WUTA/WUTA-FSD/ros2_ws/install/wuta_msgs/lib'
[0.787s] Level 1:colcon.colcon_core.shell:create_environment_hook('wuta_msgs', 'ld_library_path_lib')
[0.787s] INFO:colcon.colcon_core.shell:Creating environment hook '/home/starry1n/WUTA/WUTA-FSD/ros2_ws/install/wuta_msgs/share/wuta_msgs/hook/ld_library_path_lib.ps1'
[0.788s] INFO:colcon.colcon_core.shell:Creating environment descriptor '/home/starry1n/WUTA/WUTA-FSD/ros2_ws/install/wuta_msgs/share/wuta_msgs/hook/ld_library_path_lib.dsv'
[0.788s] INFO:colcon.colcon_core.shell:Creating environment hook '/home/starry1n/WUTA/WUTA-FSD/ros2_ws/install/wuta_msgs/share/wuta_msgs/hook/ld_library_path_lib.sh'
[0.788s] Level 1:colcon.colcon_core.environment:checking '/home/starry1n/WUTA/WUTA-FSD/ros2_ws/install/wuta_msgs/bin'
[0.788s] Level 1:colcon.colcon_core.environment:checking '/home/starry1n/WUTA/WUTA-FSD/ros2_ws/install/wuta_msgs/lib/pkgconfig/wuta_msgs.pc'
[0.788s] Level 1:colcon.colcon_core.environment:checking '/home/starry1n/WUTA/WUTA-FSD/ros2_ws/install/wuta_msgs/lib/python3.10/site-packages'
[0.789s] Level 1:colcon.colcon_core.environment:checking '/home/starry1n/WUTA/WUTA-FSD/ros2_ws/install/wuta_msgs/bin'
[0.789s] INFO:colcon.colcon_core.shell:Creating package script '/home/starry1n/WUTA/WUTA-FSD/ros2_ws/install/wuta_msgs/share/wuta_msgs/package.ps1'
[0.789s] INFO:colcon.colcon_core.shell:Creating package descriptor '/home/starry1n/WUTA/WUTA-FSD/ros2_ws/install/wuta_msgs/share/wuta_msgs/package.dsv'
[0.790s] INFO:colcon.colcon_core.shell:Creating package script '/home/starry1n/WUTA/WUTA-FSD/ros2_ws/install/wuta_msgs/share/wuta_msgs/package.sh'
[0.790s] INFO:colcon.colcon_core.shell:Creating package script '/home/starry1n/WUTA/WUTA-FSD/ros2_ws/install/wuta_msgs/share/wuta_msgs/package.bash'
[0.790s] INFO:colcon.colcon_core.shell:Creating package script '/home/starry1n/WUTA/WUTA-FSD/ros2_ws/install/wuta_msgs/share/wuta_msgs/package.zsh'
[0.791s] Level 1:colcon.colcon_core.environment:create_file_with_runtime_dependencies(/home/starry1n/WUTA/WUTA-FSD/ros2_ws/install/wuta_msgs/share/colcon-core/packages/wuta_msgs)
[0.791s] Level 1:colcon.colcon_core.environment:create_environment_scripts_only(wuta_msgs)
[0.791s] Level 1:colcon.colcon_core.environment:checking '/home/starry1n/WUTA/WUTA-FSD/ros2_ws/install/wuta_msgs' for CMake module files
[0.792s] Level 1:colcon.colcon_core.environment:checking '/home/starry1n/WUTA/WUTA-FSD/ros2_ws/install/wuta_msgs' for CMake config files
[0.792s] Level 1:colcon.colcon_core.shell:create_environment_hook('wuta_msgs', 'cmake_prefix_path')
[0.792s] INFO:colcon.colcon_core.shell:Creating environment hook '/home/starry1n/WUTA/WUTA-FSD/ros2_ws/install/wuta_msgs/share/wuta_msgs/hook/cmake_prefix_path.ps1'
[0.792s] INFO:colcon.colcon_core.shell:Creating environment descriptor '/home/starry1n/WUTA/WUTA-FSD/ros2_ws/install/wuta_msgs/share/wuta_msgs/hook/cmake_prefix_path.dsv'
[0.793s] INFO:colcon.colcon_core.shell:Creating environment hook '/home/starry1n/WUTA/WUTA-FSD/ros2_ws/install/wuta_msgs/share/wuta_msgs/hook/cmake_prefix_path.sh'
[0.793s] Level 1:colcon.colcon_core.environment:checking '/home/starry1n/WUTA/WUTA-FSD/ros2_ws/install/wuta_msgs/lib'
[0.793s] Level 1:colcon.colcon_core.shell:create_environment_hook('wuta_msgs', 'ld_library_path_lib')
[0.794s] INFO:colcon.colcon_core.shell:Creating environment hook '/home/starry1n/WUTA/WUTA-FSD/ros2_ws/install/wuta_msgs/share/wuta_msgs/hook/ld_library_path_lib.ps1'
[0.794s] INFO:colcon.colcon_core.shell:Creating environment descriptor '/home/starry1n/WUTA/WUTA-FSD/ros2_ws/install/wuta_msgs/share/wuta_msgs/hook/ld_library_path_lib.dsv'
[0.794s] INFO:colcon.colcon_core.shell:Creating environment hook '/home/starry1n/WUTA/WUTA-FSD/ros2_ws/install/wuta_msgs/share/wuta_msgs/hook/ld_library_path_lib.sh'
[0.794s] Level 1:colcon.colcon_core.environment:checking '/home/starry1n/WUTA/WUTA-FSD/ros2_ws/install/wuta_msgs/bin'
[0.794s] Level 1:colcon.colcon_core.environment:checking '/home/starry1n/WUTA/WUTA-FSD/ros2_ws/install/wuta_msgs/lib/pkgconfig/wuta_msgs.pc'
[0.795s] Level 1:colcon.colcon_core.environment:checking '/home/starry1n/WUTA/WUTA-FSD/ros2_ws/install/wuta_msgs/lib/python3.10/site-packages'
[0.795s] Level 1:colcon.colcon_core.environment:checking '/home/starry1n/WUTA/WUTA-FSD/ros2_ws/install/wuta_msgs/bin'
[0.795s] INFO:colcon.colcon_core.shell:Creating package script '/home/starry1n/WUTA/WUTA-FSD/ros2_ws/install/wuta_msgs/share/wuta_msgs/package.ps1'
[0.795s] INFO:colcon.colcon_core.shell:Creating package descriptor '/home/starry1n/WUTA/WUTA-FSD/ros2_ws/install/wuta_msgs/share/wuta_msgs/package.dsv'
[0.796s] INFO:colcon.colcon_core.shell:Creating package script '/home/starry1n/WUTA/WUTA-FSD/ros2_ws/install/wuta_msgs/share/wuta_msgs/package.sh'
[0.796s] INFO:colcon.colcon_core.shell:Creating package script '/home/starry1n/WUTA/WUTA-FSD/ros2_ws/install/wuta_msgs/share/wuta_msgs/package.bash'
[0.797s] INFO:colcon.colcon_core.shell:Creating package script '/home/starry1n/WUTA/WUTA-FSD/ros2_ws/install/wuta_msgs/share/wuta_msgs/package.zsh'
[0.797s] Level 1:colcon.colcon_core.environment:create_file_with_runtime_dependencies(/home/starry1n/WUTA/WUTA-FSD/ros2_ws/install/wuta_msgs/share/colcon-core/packages/wuta_msgs)
[0.798s] INFO:colcon.colcon_ros.task.ament_cmake.build:Building ROS package in '/home/starry1n/WUTA/WUTA-FSD/ros2_ws/src/perception/camera_detection' with build type 'ament_cmake'
[0.798s] INFO:colcon.colcon_cmake.task.cmake.build:Building CMake package in '/home/starry1n/WUTA/WUTA-FSD/ros2_ws/src/perception/camera_detection'
[0.798s] INFO:colcon.colcon_core.shell:Skip shell extension 'powershell' for command environment: Not usable outside of PowerShell
[0.798s] DEBUG:colcon.colcon_core.shell:Skip shell extension 'dsv' for command environment
[0.800s] INFO:colcon.colcon_ros.task.ament_cmake.build:Building ROS package in '/home/starry1n/WUTA/WUTA-FSD/ros2_ws/src/mapping/cone_map_builder' with build type 'ament_cmake'
[0.801s] INFO:colcon.colcon_cmake.task.cmake.build:Building CMake package in '/home/starry1n/WUTA/WUTA-FSD/ros2_ws/src/mapping/cone_map_builder'
[0.801s] INFO:colcon.colcon_core.shell:Skip shell extension 'powershell' for command environment: Not usable outside of PowerShell
[0.801s] DEBUG:colcon.colcon_core.shell:Skip shell extension 'dsv' for command environment
[0.804s] INFO:colcon.colcon_ros.task.ament_cmake.build:Building ROS package in '/home/starry1n/WUTA/WUTA-FSD/ros2_ws/src/perception/detection_fusion' with build type 'ament_cmake'
[0.804s] INFO:colcon.colcon_cmake.task.cmake.build:Building CMake package in '/home/starry1n/WUTA/WUTA-FSD/ros2_ws/src/perception/detection_fusion'
[0.804s] INFO:colcon.colcon_core.shell:Skip shell extension 'powershell' for command environment: Not usable outside of PowerShell
[0.804s] DEBUG:colcon.colcon_core.shell:Skip shell extension 'dsv' for command environment
[0.807s] INFO:colcon.colcon_ros.task.ament_cmake.build:Building ROS package in '/home/starry1n/WUTA/WUTA-FSD/ros2_ws/src/localization/kiss_icp_wrapper' with build type 'ament_cmake'
[0.807s] INFO:colcon.colcon_cmake.task.cmake.build:Building CMake package in '/home/starry1n/WUTA/WUTA-FSD/ros2_ws/src/localization/kiss_icp_wrapper'
[0.808s] INFO:colcon.colcon_core.shell:Skip shell extension 'powershell' for command environment: Not usable outside of PowerShell
[0.808s] DEBUG:colcon.colcon_core.shell:Skip shell extension 'dsv' for command environment
[0.812s] INFO:colcon.colcon_ros.task.ament_cmake.build:Building ROS package in '/home/starry1n/WUTA/WUTA-FSD/ros2_ws/src/perception/lidar_detection' with build type 'ament_cmake'
[0.813s] INFO:colcon.colcon_cmake.task.cmake.build:Building CMake package in '/home/starry1n/WUTA/WUTA-FSD/ros2_ws/src/perception/lidar_detection'
[0.813s] INFO:colcon.colcon_core.shell:Skip shell extension 'powershell' for command environment: Not usable outside of PowerShell
[0.813s] DEBUG:colcon.colcon_core.shell:Skip shell extension 'dsv' for command environment
[0.821s] INFO:colcon.colcon_ros.task.ament_cmake.build:Building ROS package in '/home/starry1n/WUTA/WUTA-FSD/ros2_ws/src/system/mission_manager' with build type 'ament_cmake'
[0.821s] INFO:colcon.colcon_cmake.task.cmake.build:Building CMake package in '/home/starry1n/WUTA/WUTA-FSD/ros2_ws/src/system/mission_manager'
[0.822s] INFO:colcon.colcon_core.shell:Skip shell extension 'powershell' for command environment: Not usable outside of PowerShell
[0.822s] DEBUG:colcon.colcon_core.shell:Skip shell extension 'dsv' for command environment
[0.826s] DEBUG:colcon.colcon_core.event_handler.log_command:Invoked command in '/home/starry1n/WUTA/WUTA-FSD/ros2_ws/build/autoware_msgs' returned '0': CMAKE_PREFIX_PATH=/opt/ros/humble /usr/bin/cmake --build /home/starry1n/WUTA/WUTA-FSD/ros2_ws/build/autoware_msgs -- -j8 -l8
[0.827s] DEBUG:colcon.colcon_core.event_handler.log_command:Invoking command in '/home/starry1n/WUTA/WUTA-FSD/ros2_ws/build/autoware_msgs': CMAKE_PREFIX_PATH=/opt/ros/humble /usr/bin/cmake --install /home/starry1n/WUTA/WUTA-FSD/ros2_ws/build/autoware_msgs
[0.831s] DEBUG:colcon.colcon_core.event_handler.log_command:Invoked command in '/home/starry1n/WUTA/WUTA-FSD/ros2_ws/build/robot_localization' returned '0': CMAKE_PREFIX_PATH=/opt/ros/humble /usr/bin/cmake --build /home/starry1n/WUTA/WUTA-FSD/ros2_ws/build/robot_localization -- -j8 -l8
[0.832s] DEBUG:colcon.colcon_core.event_handler.log_command:Invoking command in '/home/starry1n/WUTA/WUTA-FSD/ros2_ws/build/robot_localization': CMAKE_PREFIX_PATH=/opt/ros/humble /usr/bin/cmake --install /home/starry1n/WUTA/WUTA-FSD/ros2_ws/build/robot_localization
[0.838s] DEBUG:colcon.colcon_core.event_handler.log_command:Invoking command in '/home/starry1n/WUTA/WUTA-FSD/ros2_ws/build/camera_detection': AMENT_PREFIX_PATH=/home/starry1n/WUTA/WUTA-FSD/ros2_ws/install/wuta_msgs:${AMENT_PREFIX_PATH} CMAKE_PREFIX_PATH=/home/starry1n/WUTA/WUTA-FSD/ros2_ws/install/wuta_msgs:/opt/ros/humble LD_LIBRARY_PATH=/home/starry1n/WUTA/WUTA-FSD/ros2_ws/install/wuta_msgs/lib:${LD_LIBRARY_PATH} PYTHONPATH=/home/starry1n/WUTA/WUTA-FSD/ros2_ws/install/wuta_msgs/local/lib/python3.10/dist-packages:${PYTHONPATH} /usr/bin/cmake --build /home/starry1n/WUTA/WUTA-FSD/ros2_ws/build/camera_detection -- -j8 -l8
[0.844s] DEBUG:colcon.colcon_core.event_handler.log_command:Invoking command in '/home/starry1n/WUTA/WUTA-FSD/ros2_ws/build/cone_map_builder': AMENT_PREFIX_PATH=/home/starry1n/WUTA/WUTA-FSD/ros2_ws/install/wuta_msgs:${AMENT_PREFIX_PATH} CMAKE_PREFIX_PATH=/home/starry1n/WUTA/WUTA-FSD/ros2_ws/install/wuta_msgs:/opt/ros/humble LD_LIBRARY_PATH=/home/starry1n/WUTA/WUTA-FSD/ros2_ws/install/wuta_msgs/lib:${LD_LIBRARY_PATH} PYTHONPATH=/home/starry1n/WUTA/WUTA-FSD/ros2_ws/install/wuta_msgs/local/lib/python3.10/dist-packages:${PYTHONPATH} /usr/bin/cmake --build /home/starry1n/WUTA/WUTA-FSD/ros2_ws/build/cone_map_builder -- -j8 -l8
[0.853s] DEBUG:colcon.colcon_core.event_handler.log_command:Invoking command in '/home/starry1n/WUTA/WUTA-FSD/ros2_ws/build/detection_fusion': AMENT_PREFIX_PATH=/home/starry1n/WUTA/WUTA-FSD/ros2_ws/install/wuta_msgs:${AMENT_PREFIX_PATH} CMAKE_PREFIX_PATH=/home/starry1n/WUTA/WUTA-FSD/ros2_ws/install/wuta_msgs:/opt/ros/humble LD_LIBRARY_PATH=/home/starry1n/WUTA/WUTA-FSD/ros2_ws/install/wuta_msgs/lib:${LD_LIBRARY_PATH} PYTHONPATH=/home/starry1n/WUTA/WUTA-FSD/ros2_ws/install/wuta_msgs/local/lib/python3.10/dist-packages:${PYTHONPATH} /usr/bin/cmake --build /home/starry1n/WUTA/WUTA-FSD/ros2_ws/build/detection_fusion -- -j8 -l8
[0.854s] DEBUG:colcon.colcon_core.event_handler.log_command:Invoking command in '/home/starry1n/WUTA/WUTA-FSD/ros2_ws/build/kiss_icp_wrapper': AMENT_PREFIX_PATH=/home/starry1n/WUTA/WUTA-FSD/ros2_ws/install/wuta_msgs:${AMENT_PREFIX_PATH} CMAKE_PREFIX_PATH=/home/starry1n/WUTA/WUTA-FSD/ros2_ws/install/wuta_msgs:/opt/ros/humble LD_LIBRARY_PATH=/home/starry1n/WUTA/WUTA-FSD/ros2_ws/install/wuta_msgs/lib:${LD_LIBRARY_PATH} PYTHONPATH=/home/starry1n/WUTA/WUTA-FSD/ros2_ws/install/wuta_msgs/local/lib/python3.10/dist-packages:${PYTHONPATH} /usr/bin/cmake --build /home/starry1n/WUTA/WUTA-FSD/ros2_ws/build/kiss_icp_wrapper -- -j8 -l8
[0.882s] DEBUG:colcon.colcon_core.event_handler.log_command:Invoking command in '/home/starry1n/WUTA/WUTA-FSD/ros2_ws/build/lidar_detection': AMENT_PREFIX_PATH=/home/starry1n/WUTA/WUTA-FSD/ros2_ws/install/wuta_msgs:${AMENT_PREFIX_PATH} CMAKE_PREFIX_PATH=/home/starry1n/WUTA/WUTA-FSD/ros2_ws/install/wuta_msgs:/opt/ros/humble LD_LIBRARY_PATH=/home/starry1n/WUTA/WUTA-FSD/ros2_ws/install/wuta_msgs/lib:${LD_LIBRARY_PATH} PYTHONPATH=/home/starry1n/WUTA/WUTA-FSD/ros2_ws/install/wuta_msgs/local/lib/python3.10/dist-packages:${PYTHONPATH} /usr/bin/cmake --build /home/starry1n/WUTA/WUTA-FSD/ros2_ws/build/lidar_detection -- -j8 -l8
[0.883s] DEBUG:colcon.colcon_core.event_handler.log_command:Invoking command in '/home/starry1n/WUTA/WUTA-FSD/ros2_ws/build/mission_manager': AMENT_PREFIX_PATH=/home/starry1n/WUTA/WUTA-FSD/ros2_ws/install/wuta_msgs:${AMENT_PREFIX_PATH} CMAKE_PREFIX_PATH=/home/starry1n/WUTA/WUTA-FSD/ros2_ws/install/wuta_msgs:/opt/ros/humble LD_LIBRARY_PATH=/home/starry1n/WUTA/WUTA-FSD/ros2_ws/install/wuta_msgs/lib:${LD_LIBRARY_PATH} PYTHONPATH=/home/starry1n/WUTA/WUTA-FSD/ros2_ws/install/wuta_msgs/local/lib/python3.10/dist-packages:${PYTHONPATH} /usr/bin/cmake --build /home/starry1n/WUTA/WUTA-FSD/ros2_ws/build/mission_manager -- -j8 -l8
[0.891s] DEBUG:colcon.colcon_core.event_handler.log_command:Invoked command in '/home/starry1n/WUTA/WUTA-FSD/ros2_ws/build/detection_fusion' returned '0': AMENT_PREFIX_PATH=/home/starry1n/WUTA/WUTA-FSD/ros2_ws/install/wuta_msgs:${AMENT_PREFIX_PATH} CMAKE_PREFIX_PATH=/home/starry1n/WUTA/WUTA-FSD/ros2_ws/install/wuta_msgs:/opt/ros/humble LD_LIBRARY_PATH=/home/starry1n/WUTA/WUTA-FSD/ros2_ws/install/wuta_msgs/lib:${LD_LIBRARY_PATH} PYTHONPATH=/home/starry1n/WUTA/WUTA-FSD/ros2_ws/install/wuta_msgs/local/lib/python3.10/dist-packages:${PYTHONPATH} /usr/bin/cmake --build /home/starry1n/WUTA/WUTA-FSD/ros2_ws/build/detection_fusion -- -j8 -l8
[0.894s] DEBUG:colcon.colcon_core.event_handler.log_command:Invoking command in '/home/starry1n/WUTA/WUTA-FSD/ros2_ws/build/detection_fusion': AMENT_PREFIX_PATH=/home/starry1n/WUTA/WUTA-FSD/ros2_ws/install/wuta_msgs:${AMENT_PREFIX_PATH} CMAKE_PREFIX_PATH=/home/starry1n/WUTA/WUTA-FSD/ros2_ws/install/wuta_msgs:/opt/ros/humble LD_LIBRARY_PATH=/home/starry1n/WUTA/WUTA-FSD/ros2_ws/install/wuta_msgs/lib:${LD_LIBRARY_PATH} PYTHONPATH=/home/starry1n/WUTA/WUTA-FSD/ros2_ws/install/wuta_msgs/local/lib/python3.10/dist-packages:${PYTHONPATH} /usr/bin/cmake --install /home/starry1n/WUTA/WUTA-FSD/ros2_ws/build/detection_fusion
[0.901s] Level 1:colcon.colcon_core.environment:create_environment_scripts_only(autoware_msgs)
[0.903s] Level 1:colcon.colcon_core.environment:checking '/home/starry1n/WUTA/WUTA-FSD/ros2_ws/install/autoware_msgs' for CMake module files
[0.902s] DEBUG:colcon.colcon_core.event_handler.log_command:Invoked command in '/home/starry1n/WUTA/WUTA-FSD/ros2_ws/build/autoware_msgs' returned '0': CMAKE_PREFIX_PATH=/opt/ros/humble /usr/bin/cmake --install /home/starry1n/WUTA/WUTA-FSD/ros2_ws/build/autoware_msgs
[0.904s] Level 1:colcon.colcon_core.environment:checking '/home/starry1n/WUTA/WUTA-FSD/ros2_ws/install/autoware_msgs' for CMake config files
[0.904s] Level 1:colcon.colcon_core.shell:create_environment_hook('autoware_msgs', 'cmake_prefix_path')
[0.904s] INFO:colcon.colcon_core.shell:Creating environment hook '/home/starry1n/WUTA/WUTA-FSD/ros2_ws/install/autoware_msgs/share/autoware_msgs/hook/cmake_prefix_path.ps1'
[0.905s] INFO:colcon.colcon_core.shell:Creating environment descriptor '/home/starry1n/WUTA/WUTA-FSD/ros2_ws/install/autoware_msgs/share/autoware_msgs/hook/cmake_prefix_path.dsv'
[0.907s] INFO:colcon.colcon_core.shell:Creating environment hook '/home/starry1n/WUTA/WUTA-FSD/ros2_ws/install/autoware_msgs/share/autoware_msgs/hook/cmake_prefix_path.sh'
[0.909s] Level 1:colcon.colcon_core.environment:checking '/home/starry1n/WUTA/WUTA-FSD/ros2_ws/install/autoware_msgs/lib'
[0.909s] Level 1:colcon.colcon_core.shell:create_environment_hook('autoware_msgs', 'ld_library_path_lib')
[0.909s] INFO:colcon.colcon_core.shell:Creating environment hook '/home/starry1n/WUTA/WUTA-FSD/ros2_ws/install/autoware_msgs/share/autoware_msgs/hook/ld_library_path_lib.ps1'
[0.910s] INFO:colcon.colcon_core.shell:Creating environment descriptor '/home/starry1n/WUTA/WUTA-FSD/ros2_ws/install/autoware_msgs/share/autoware_msgs/hook/ld_library_path_lib.dsv'
[0.911s] INFO:colcon.colcon_core.shell:Creating environment hook '/home/starry1n/WUTA/WUTA-FSD/ros2_ws/install/autoware_msgs/share/autoware_msgs/hook/ld_library_path_lib.sh'
[0.912s] Level 1:colcon.colcon_core.environment:checking '/home/starry1n/WUTA/WUTA-FSD/ros2_ws/install/autoware_msgs/bin'
[0.912s] Level 1:colcon.colcon_core.environment:checking '/home/starry1n/WUTA/WUTA-FSD/ros2_ws/install/autoware_msgs/lib/pkgconfig/autoware_msgs.pc'
[0.913s] Level 1:colcon.colcon_core.environment:checking '/home/starry1n/WUTA/WUTA-FSD/ros2_ws/install/autoware_msgs/lib/python3.10/site-packages'
[0.913s] Level 1:colcon.colcon_core.environment:checking '/home/starry1n/WUTA/WUTA-FSD/ros2_ws/install/autoware_msgs/bin'
[0.914s] INFO:colcon.colcon_core.shell:Creating package script '/home/starry1n/WUTA/WUTA-FSD/ros2_ws/install/autoware_msgs/share/autoware_msgs/package.ps1'
[0.915s] INFO:colcon.colcon_core.shell:Creating package descriptor '/home/starry1n/WUTA/WUTA-FSD/ros2_ws/install/autoware_msgs/share/autoware_msgs/package.dsv'
[0.916s] INFO:colcon.colcon_core.shell:Creating package script '/home/starry1n/WUTA/WUTA-FSD/ros2_ws/install/autoware_msgs/share/autoware_msgs/package.sh'
[0.916s] INFO:colcon.colcon_core.shell:Creating package script '/home/starry1n/WUTA/WUTA-FSD/ros2_ws/install/autoware_msgs/share/autoware_msgs/package.bash'
[0.917s] INFO:colcon.colcon_core.shell:Creating package script '/home/starry1n/WUTA/WUTA-FSD/ros2_ws/install/autoware_msgs/share/autoware_msgs/package.zsh'
[0.918s] Level 1:colcon.colcon_core.environment:create_file_with_runtime_dependencies(/home/starry1n/WUTA/WUTA-FSD/ros2_ws/install/autoware_msgs/share/colcon-core/packages/autoware_msgs)
[0.919s] Level 1:colcon.colcon_core.environment:create_environment_scripts_only(autoware_msgs)
[0.920s] Level 1:colcon.colcon_core.environment:checking '/home/starry1n/WUTA/WUTA-FSD/ros2_ws/install/autoware_msgs' for CMake module files
[0.920s] Level 1:colcon.colcon_core.environment:checking '/home/starry1n/WUTA/WUTA-FSD/ros2_ws/install/autoware_msgs' for CMake config files
[0.921s] Level 1:colcon.colcon_core.shell:create_environment_hook('autoware_msgs', 'cmake_prefix_path')
[0.921s] INFO:colcon.colcon_core.shell:Creating environment hook '/home/starry1n/WUTA/WUTA-FSD/ros2_ws/install/autoware_msgs/share/autoware_msgs/hook/cmake_prefix_path.ps1'
[0.922s] INFO:colcon.colcon_core.shell:Creating environment descriptor '/home/starry1n/WUTA/WUTA-FSD/ros2_ws/install/autoware_msgs/share/autoware_msgs/hook/cmake_prefix_path.dsv'
[0.922s] INFO:colcon.colcon_core.shell:Creating environment hook '/home/starry1n/WUTA/WUTA-FSD/ros2_ws/install/autoware_msgs/share/autoware_msgs/hook/cmake_prefix_path.sh'
[0.923s] Level 1:colcon.colcon_core.environment:checking '/home/starry1n/WUTA/WUTA-FSD/ros2_ws/install/autoware_msgs/lib'
[0.924s] Level 1:colcon.colcon_core.shell:create_environment_hook('autoware_msgs', 'ld_library_path_lib')
[0.924s] INFO:colcon.colcon_core.shell:Creating environment hook '/home/starry1n/WUTA/WUTA-FSD/ros2_ws/install/autoware_msgs/share/autoware_msgs/hook/ld_library_path_lib.ps1'
[0.926s] INFO:colcon.colcon_core.shell:Creating environment descriptor '/home/starry1n/WUTA/WUTA-FSD/ros2_ws/install/autoware_msgs/share/autoware_msgs/hook/ld_library_path_lib.dsv'
[0.927s] INFO:colcon.colcon_core.shell:Creating environment hook '/home/starry1n/WUTA/WUTA-FSD/ros2_ws/install/autoware_msgs/share/autoware_msgs/hook/ld_library_path_lib.sh'
[0.928s] Level 1:colcon.colcon_core.environment:checking '/home/starry1n/WUTA/WUTA-FSD/ros2_ws/install/autoware_msgs/bin'
[0.928s] Level 1:colcon.colcon_core.environment:checking '/home/starry1n/WUTA/WUTA-FSD/ros2_ws/install/autoware_msgs/lib/pkgconfig/autoware_msgs.pc'
[0.929s] Level 1:colcon.colcon_core.environment:checking '/home/starry1n/WUTA/WUTA-FSD/ros2_ws/install/autoware_msgs/lib/python3.10/site-packages'
[0.929s] Level 1:colcon.colcon_core.environment:checking '/home/starry1n/WUTA/WUTA-FSD/ros2_ws/install/autoware_msgs/bin'
[0.930s] INFO:colcon.colcon_core.shell:Creating package script '/home/starry1n/WUTA/WUTA-FSD/ros2_ws/install/autoware_msgs/share/autoware_msgs/package.ps1'
[0.931s] INFO:colcon.colcon_core.shell:Creating package descriptor '/home/starry1n/WUTA/WUTA-FSD/ros2_ws/install/autoware_msgs/share/autoware_msgs/package.dsv'
[0.933s] INFO:colcon.colcon_core.shell:Creating package script '/home/starry1n/WUTA/WUTA-FSD/ros2_ws/install/autoware_msgs/share/autoware_msgs/package.sh'
[0.934s] INFO:colcon.colcon_core.shell:Creating package script '/home/starry1n/WUTA/WUTA-FSD/ros2_ws/install/autoware_msgs/share/autoware_msgs/package.bash'
[0.935s] INFO:colcon.colcon_core.shell:Creating package script '/home/starry1n/WUTA/WUTA-FSD/ros2_ws/install/autoware_msgs/share/autoware_msgs/package.zsh'
[0.936s] Level 1:colcon.colcon_core.environment:create_file_with_runtime_dependencies(/home/starry1n/WUTA/WUTA-FSD/ros2_ws/install/autoware_msgs/share/colcon-core/packages/autoware_msgs)
[0.938s] INFO:colcon.colcon_ros.task.ament_cmake.build:Building ROS package in '/home/starry1n/WUTA/WUTA-FSD/ros2_ws/src/planning/boundary_detector' with build type 'ament_cmake'
[0.939s] INFO:colcon.colcon_cmake.task.cmake.build:Building CMake package in '/home/starry1n/WUTA/WUTA-FSD/ros2_ws/src/planning/boundary_detector'
[0.939s] INFO:colcon.colcon_core.shell:Skip shell extension 'powershell' for command environment: Not usable outside of PowerShell
[0.939s] DEBUG:colcon.colcon_core.shell:Skip shell extension 'dsv' for command environment
[0.960s] Level 1:colcon.colcon_core.environment:create_environment_scripts_only(robot_localization)
[0.960s] Level 1:colcon.colcon_core.environment:checking '/home/starry1n/WUTA/WUTA-FSD/ros2_ws/install/robot_localization' for CMake module files
[0.962s] DEBUG:colcon.colcon_core.event_handler.log_command:Invoked command in '/home/starry1n/WUTA/WUTA-FSD/ros2_ws/build/camera_detection' returned '0': AMENT_PREFIX_PATH=/home/starry1n/WUTA/WUTA-FSD/ros2_ws/install/wuta_msgs:${AMENT_PREFIX_PATH} CMAKE_PREFIX_PATH=/home/starry1n/WUTA/WUTA-FSD/ros2_ws/install/wuta_msgs:/opt/ros/humble LD_LIBRARY_PATH=/home/starry1n/WUTA/WUTA-FSD/ros2_ws/install/wuta_msgs/lib:${LD_LIBRARY_PATH} PYTHONPATH=/home/starry1n/WUTA/WUTA-FSD/ros2_ws/install/wuta_msgs/local/lib/python3.10/dist-packages:${PYTHONPATH} /usr/bin/cmake --build /home/starry1n/WUTA/WUTA-FSD/ros2_ws/build/camera_detection -- -j8 -l8
[0.963s] Level 1:colcon.colcon_core.environment:checking '/home/starry1n/WUTA/WUTA-FSD/ros2_ws/install/robot_localization' for CMake config files
[0.964s] Level 1:colcon.colcon_core.shell:create_environment_hook('robot_localization', 'cmake_prefix_path')
[0.965s] INFO:colcon.colcon_core.shell:Creating environment hook '/home/starry1n/WUTA/WUTA-FSD/ros2_ws/install/robot_localization/share/robot_localization/hook/cmake_prefix_path.ps1'
[0.964s] DEBUG:colcon.colcon_core.event_handler.log_command:Invoking command in '/home/starry1n/WUTA/WUTA-FSD/ros2_ws/build/camera_detection': AMENT_PREFIX_PATH=/home/starry1n/WUTA/WUTA-FSD/ros2_ws/install/wuta_msgs:${AMENT_PREFIX_PATH} CMAKE_PREFIX_PATH=/home/starry1n/WUTA/WUTA-FSD/ros2_ws/install/wuta_msgs:/opt/ros/humble LD_LIBRARY_PATH=/home/starry1n/WUTA/WUTA-FSD/ros2_ws/install/wuta_msgs/lib:${LD_LIBRARY_PATH} PYTHONPATH=/home/starry1n/WUTA/WUTA-FSD/ros2_ws/install/wuta_msgs/local/lib/python3.10/dist-packages:${PYTHONPATH} /usr/bin/cmake --install /home/starry1n/WUTA/WUTA-FSD/ros2_ws/build/camera_detection
[0.966s] INFO:colcon.colcon_core.shell:Creating environment descriptor '/home/starry1n/WUTA/WUTA-FSD/ros2_ws/install/robot_localization/share/robot_localization/hook/cmake_prefix_path.dsv'
[0.967s] DEBUG:colcon.colcon_core.event_handler.log_command:Invoked command in '/home/starry1n/WUTA/WUTA-FSD/ros2_ws/build/kiss_icp_wrapper' returned '0': AMENT_PREFIX_PATH=/home/starry1n/WUTA/WUTA-FSD/ros2_ws/install/wuta_msgs:${AMENT_PREFIX_PATH} CMAKE_PREFIX_PATH=/home/starry1n/WUTA/WUTA-FSD/ros2_ws/install/wuta_msgs:/opt/ros/humble LD_LIBRARY_PATH=/home/starry1n/WUTA/WUTA-FSD/ros2_ws/install/wuta_msgs/lib:${LD_LIBRARY_PATH} PYTHONPATH=/home/starry1n/WUTA/WUTA-FSD/ros2_ws/install/wuta_msgs/local/lib/python3.10/dist-packages:${PYTHONPATH} /usr/bin/cmake --build /home/starry1n/WUTA/WUTA-FSD/ros2_ws/build/kiss_icp_wrapper -- -j8 -l8
[0.967s] DEBUG:colcon.colcon_core.event_handler.log_command:Invoking command in '/home/starry1n/WUTA/WUTA-FSD/ros2_ws/build/kiss_icp_wrapper': AMENT_PREFIX_PATH=/home/starry1n/WUTA/WUTA-FSD/ros2_ws/install/wuta_msgs:${AMENT_PREFIX_PATH} CMAKE_PREFIX_PATH=/home/starry1n/WUTA/WUTA-FSD/ros2_ws/install/wuta_msgs:/opt/ros/humble LD_LIBRARY_PATH=/home/starry1n/WUTA/WUTA-FSD/ros2_ws/install/wuta_msgs/lib:${LD_LIBRARY_PATH} PYTHONPATH=/home/starry1n/WUTA/WUTA-FSD/ros2_ws/install/wuta_msgs/local/lib/python3.10/dist-packages:${PYTHONPATH} /usr/bin/cmake --install /home/starry1n/WUTA/WUTA-FSD/ros2_ws/build/kiss_icp_wrapper
[0.968s] INFO:colcon.colcon_core.shell:Creating environment hook '/home/starry1n/WUTA/WUTA-FSD/ros2_ws/install/robot_localization/share/robot_localization/hook/cmake_prefix_path.sh'
[0.969s] DEBUG:colcon.colcon_core.event_handler.log_command:Invoked command in '/home/starry1n/WUTA/WUTA-FSD/ros2_ws/build/robot_localization' returned '0': CMAKE_PREFIX_PATH=/opt/ros/humble /usr/bin/cmake --install /home/starry1n/WUTA/WUTA-FSD/ros2_ws/build/robot_localization
[0.969s] Level 1:colcon.colcon_core.environment:checking '/home/starry1n/WUTA/WUTA-FSD/ros2_ws/install/robot_localization/lib'
[0.969s] Level 1:colcon.colcon_core.shell:create_environment_hook('robot_localization', 'ld_library_path_lib')
[0.969s] INFO:colcon.colcon_core.shell:Creating environment hook '/home/starry1n/WUTA/WUTA-FSD/ros2_ws/install/robot_localization/share/robot_localization/hook/ld_library_path_lib.ps1'
[0.970s] INFO:colcon.colcon_core.shell:Creating environment descriptor '/home/starry1n/WUTA/WUTA-FSD/ros2_ws/install/robot_localization/share/robot_localization/hook/ld_library_path_lib.dsv'
[0.970s] INFO:colcon.colcon_core.shell:Creating environment hook '/home/starry1n/WUTA/WUTA-FSD/ros2_ws/install/robot_localization/share/robot_localization/hook/ld_library_path_lib.sh'
[0.971s] Level 1:colcon.colcon_core.environment:checking '/home/starry1n/WUTA/WUTA-FSD/ros2_ws/install/robot_localization/bin'
[0.971s] Level 1:colcon.colcon_core.environment:checking '/home/starry1n/WUTA/WUTA-FSD/ros2_ws/install/robot_localization/lib/pkgconfig/robot_localization.pc'
[0.971s] Level 1:colcon.colcon_core.environment:checking '/home/starry1n/WUTA/WUTA-FSD/ros2_ws/install/robot_localization/lib/python3.10/site-packages'
[0.971s] Level 1:colcon.colcon_core.environment:checking '/home/starry1n/WUTA/WUTA-FSD/ros2_ws/install/robot_localization/bin'
[0.971s] INFO:colcon.colcon_core.shell:Creating package script '/home/starry1n/WUTA/WUTA-FSD/ros2_ws/install/robot_localization/share/robot_localization/package.ps1'
[0.973s] INFO:colcon.colcon_core.shell:Creating package descriptor '/home/starry1n/WUTA/WUTA-FSD/ros2_ws/install/robot_localization/share/robot_localization/package.dsv'
[0.973s] INFO:colcon.colcon_core.shell:Creating package script '/home/starry1n/WUTA/WUTA-FSD/ros2_ws/install/robot_localization/share/robot_localization/package.sh'
[0.974s] INFO:colcon.colcon_core.shell:Creating package script '/home/starry1n/WUTA/WUTA-FSD/ros2_ws/install/robot_localization/share/robot_localization/package.bash'
[0.974s] INFO:colcon.colcon_core.shell:Creating package script '/home/starry1n/WUTA/WUTA-FSD/ros2_ws/install/robot_localization/share/robot_localization/package.zsh'
[0.974s] Level 1:colcon.colcon_core.environment:create_file_with_runtime_dependencies(/home/starry1n/WUTA/WUTA-FSD/ros2_ws/install/robot_localization/share/colcon-core/packages/robot_localization)
[0.975s] Level 1:colcon.colcon_core.environment:create_environment_scripts_only(robot_localization)
[0.976s] Level 1:colcon.colcon_core.environment:checking '/home/starry1n/WUTA/WUTA-FSD/ros2_ws/install/robot_localization' for CMake module files
[0.976s] Level 1:colcon.colcon_core.environment:checking '/home/starry1n/WUTA/WUTA-FSD/ros2_ws/install/robot_localization' for CMake config files
[0.976s] Level 1:colcon.colcon_core.shell:create_environment_hook('robot_localization', 'cmake_prefix_path')
[0.977s] INFO:colcon.colcon_core.shell:Creating environment hook '/home/starry1n/WUTA/WUTA-FSD/ros2_ws/install/robot_localization/share/robot_localization/hook/cmake_prefix_path.ps1'
[0.977s] INFO:colcon.colcon_core.shell:Creating environment descriptor '/home/starry1n/WUTA/WUTA-FSD/ros2_ws/install/robot_localization/share/robot_localization/hook/cmake_prefix_path.dsv'
[0.978s] INFO:colcon.colcon_core.shell:Creating environment hook '/home/starry1n/WUTA/WUTA-FSD/ros2_ws/install/robot_localization/share/robot_localization/hook/cmake_prefix_path.sh'
[0.978s] Level 1:colcon.colcon_core.environment:checking '/home/starry1n/WUTA/WUTA-FSD/ros2_ws/install/robot_localization/lib'
[0.978s] Level 1:colcon.colcon_core.shell:create_environment_hook('robot_localization', 'ld_library_path_lib')
[0.979s] INFO:colcon.colcon_core.shell:Creating environment hook '/home/starry1n/WUTA/WUTA-FSD/ros2_ws/install/robot_localization/share/robot_localization/hook/ld_library_path_lib.ps1'
[0.979s] INFO:colcon.colcon_core.shell:Creating environment descriptor '/home/starry1n/WUTA/WUTA-FSD/ros2_ws/install/robot_localization/share/robot_localization/hook/ld_library_path_lib.dsv'
[0.980s] INFO:colcon.colcon_core.shell:Creating environment hook '/home/starry1n/WUTA/WUTA-FSD/ros2_ws/install/robot_localization/share/robot_localization/hook/ld_library_path_lib.sh'
[0.980s] Level 1:colcon.colcon_core.environment:checking '/home/starry1n/WUTA/WUTA-FSD/ros2_ws/install/robot_localization/bin'
[0.980s] Level 1:colcon.colcon_core.environment:checking '/home/starry1n/WUTA/WUTA-FSD/ros2_ws/install/robot_localization/lib/pkgconfig/robot_localization.pc'
[0.981s] Level 1:colcon.colcon_core.environment:checking '/home/starry1n/WUTA/WUTA-FSD/ros2_ws/install/robot_localization/lib/python3.10/site-packages'
[0.981s] Level 1:colcon.colcon_core.environment:checking '/home/starry1n/WUTA/WUTA-FSD/ros2_ws/install/robot_localization/bin'
[0.981s] INFO:colcon.colcon_core.shell:Creating package script '/home/starry1n/WUTA/WUTA-FSD/ros2_ws/install/robot_localization/share/robot_localization/package.ps1'
[0.982s] INFO:colcon.colcon_core.shell:Creating package descriptor '/home/starry1n/WUTA/WUTA-FSD/ros2_ws/install/robot_localization/share/robot_localization/package.dsv'
[0.982s] INFO:colcon.colcon_core.shell:Creating package script '/home/starry1n/WUTA/WUTA-FSD/ros2_ws/install/robot_localization/share/robot_localization/package.sh'
[0.982s] INFO:colcon.colcon_core.shell:Creating package script '/home/starry1n/WUTA/WUTA-FSD/ros2_ws/install/robot_localization/share/robot_localization/package.bash'
[0.983s] INFO:colcon.colcon_core.shell:Creating package script '/home/starry1n/WUTA/WUTA-FSD/ros2_ws/install/robot_localization/share/robot_localization/package.zsh'
[0.983s] Level 1:colcon.colcon_core.environment:create_file_with_runtime_dependencies(/home/starry1n/WUTA/WUTA-FSD/ros2_ws/install/robot_localization/share/colcon-core/packages/robot_localization)
[0.983s] Level 1:colcon.colcon_core.environment:create_environment_scripts_only(detection_fusion)
[0.984s] Level 1:colcon.colcon_core.environment:checking '/home/starry1n/WUTA/WUTA-FSD/ros2_ws/install/detection_fusion' for CMake module files
[0.985s] DEBUG:colcon.colcon_core.event_handler.log_command:Invoked command in '/home/starry1n/WUTA/WUTA-FSD/ros2_ws/build/detection_fusion' returned '0': AMENT_PREFIX_PATH=/home/starry1n/WUTA/WUTA-FSD/ros2_ws/install/wuta_msgs:${AMENT_PREFIX_PATH} CMAKE_PREFIX_PATH=/home/starry1n/WUTA/WUTA-FSD/ros2_ws/install/wuta_msgs:/opt/ros/humble LD_LIBRARY_PATH=/home/starry1n/WUTA/WUTA-FSD/ros2_ws/install/wuta_msgs/lib:${LD_LIBRARY_PATH} PYTHONPATH=/home/starry1n/WUTA/WUTA-FSD/ros2_ws/install/wuta_msgs/local/lib/python3.10/dist-packages:${PYTHONPATH} /usr/bin/cmake --install /home/starry1n/WUTA/WUTA-FSD/ros2_ws/build/detection_fusion
[0.985s] Level 1:colcon.colcon_core.environment:checking '/home/starry1n/WUTA/WUTA-FSD/ros2_ws/install/detection_fusion' for CMake config files
[0.985s] Level 1:colcon.colcon_core.shell:create_environment_hook('detection_fusion', 'cmake_prefix_path')
[0.985s] INFO:colcon.colcon_core.shell:Creating environment hook '/home/starry1n/WUTA/WUTA-FSD/ros2_ws/install/detection_fusion/share/detection_fusion/hook/cmake_prefix_path.ps1'
[0.986s] INFO:colcon.colcon_core.shell:Creating environment descriptor '/home/starry1n/WUTA/WUTA-FSD/ros2_ws/install/detection_fusion/share/detection_fusion/hook/cmake_prefix_path.dsv'
[0.987s] INFO:colcon.colcon_core.shell:Creating environment hook '/home/starry1n/WUTA/WUTA-FSD/ros2_ws/install/detection_fusion/share/detection_fusion/hook/cmake_prefix_path.sh'
[0.987s] Level 1:colcon.colcon_core.environment:checking '/home/starry1n/WUTA/WUTA-FSD/ros2_ws/install/detection_fusion/bin'
[0.987s] Level 1:colcon.colcon_core.environment:checking '/home/starry1n/WUTA/WUTA-FSD/ros2_ws/install/detection_fusion/lib/pkgconfig/detection_fusion.pc'
[0.988s] Level 1:colcon.colcon_core.environment:checking '/home/starry1n/WUTA/WUTA-FSD/ros2_ws/install/detection_fusion/lib/python3.10/site-packages'
[0.988s] Level 1:colcon.colcon_core.environment:checking '/home/starry1n/WUTA/WUTA-FSD/ros2_ws/install/detection_fusion/bin'
[0.988s] INFO:colcon.colcon_core.shell:Creating package script '/home/starry1n/WUTA/WUTA-FSD/ros2_ws/install/detection_fusion/share/detection_fusion/package.ps1'
[0.988s] INFO:colcon.colcon_core.shell:Creating package descriptor '/home/starry1n/WUTA/WUTA-FSD/ros2_ws/install/detection_fusion/share/detection_fusion/package.dsv'
[0.989s] INFO:colcon.colcon_core.shell:Creating package script '/home/starry1n/WUTA/WUTA-FSD/ros2_ws/install/detection_fusion/share/detection_fusion/package.sh'
[0.989s] INFO:colcon.colcon_core.shell:Creating package script '/home/starry1n/WUTA/WUTA-FSD/ros2_ws/install/detection_fusion/share/detection_fusion/package.bash'
[0.989s] INFO:colcon.colcon_core.shell:Creating package script '/home/starry1n/WUTA/WUTA-FSD/ros2_ws/install/detection_fusion/share/detection_fusion/package.zsh'
[0.990s] Level 1:colcon.colcon_core.environment:create_file_with_runtime_dependencies(/home/starry1n/WUTA/WUTA-FSD/ros2_ws/install/detection_fusion/share/colcon-core/packages/detection_fusion)
[0.990s] Level 1:colcon.colcon_core.environment:create_environment_scripts_only(detection_fusion)
[0.990s] Level 1:colcon.colcon_core.environment:checking '/home/starry1n/WUTA/WUTA-FSD/ros2_ws/install/detection_fusion' for CMake module files
[0.991s] Level 1:colcon.colcon_core.environment:checking '/home/starry1n/WUTA/WUTA-FSD/ros2_ws/install/detection_fusion' for CMake config files
[0.991s] Level 1:colcon.colcon_core.shell:create_environment_hook('detection_fusion', 'cmake_prefix_path')
[0.991s] INFO:colcon.colcon_core.shell:Creating environment hook '/home/starry1n/WUTA/WUTA-FSD/ros2_ws/install/detection_fusion/share/detection_fusion/hook/cmake_prefix_path.ps1'
[0.991s] INFO:colcon.colcon_core.shell:Creating environment descriptor '/home/starry1n/WUTA/WUTA-FSD/ros2_ws/install/detection_fusion/share/detection_fusion/hook/cmake_prefix_path.dsv'
[0.992s] INFO:colcon.colcon_core.shell:Creating environment hook '/home/starry1n/WUTA/WUTA-FSD/ros2_ws/install/detection_fusion/share/detection_fusion/hook/cmake_prefix_path.sh'
[0.993s] Level 1:colcon.colcon_core.environment:checking '/home/starry1n/WUTA/WUTA-FSD/ros2_ws/install/detection_fusion/bin'
[0.993s] Level 1:colcon.colcon_core.environment:checking '/home/starry1n/WUTA/WUTA-FSD/ros2_ws/install/detection_fusion/lib/pkgconfig/detection_fusion.pc'
[0.993s] Level 1:colcon.colcon_core.environment:checking '/home/starry1n/WUTA/WUTA-FSD/ros2_ws/install/detection_fusion/lib/python3.10/site-packages'
[0.994s] Level 1:colcon.colcon_core.environment:checking '/home/starry1n/WUTA/WUTA-FSD/ros2_ws/install/detection_fusion/bin'
[0.994s] INFO:colcon.colcon_core.shell:Creating package script '/home/starry1n/WUTA/WUTA-FSD/ros2_ws/install/detection_fusion/share/detection_fusion/package.ps1'
[0.995s] INFO:colcon.colcon_core.shell:Creating package descriptor '/home/starry1n/WUTA/WUTA-FSD/ros2_ws/install/detection_fusion/share/detection_fusion/package.dsv'
[0.995s] INFO:colcon.colcon_core.shell:Creating package script '/home/starry1n/WUTA/WUTA-FSD/ros2_ws/install/detection_fusion/share/detection_fusion/package.sh'
[0.995s] INFO:colcon.colcon_core.shell:Creating package script '/home/starry1n/WUTA/WUTA-FSD/ros2_ws/install/detection_fusion/share/detection_fusion/package.bash'
[0.996s] INFO:colcon.colcon_core.shell:Creating package script '/home/starry1n/WUTA/WUTA-FSD/ros2_ws/install/detection_fusion/share/detection_fusion/package.zsh'
[0.997s] Level 1:colcon.colcon_core.environment:create_file_with_runtime_dependencies(/home/starry1n/WUTA/WUTA-FSD/ros2_ws/install/detection_fusion/share/colcon-core/packages/detection_fusion)
[0.998s] INFO:colcon.colcon_ros.task.ament_cmake.build:Building ROS package in '/home/starry1n/WUTA/WUTA-FSD/ros2_ws/src/control/controller' with build type 'ament_cmake'
[0.998s] INFO:colcon.colcon_cmake.task.cmake.build:Building CMake package in '/home/starry1n/WUTA/WUTA-FSD/ros2_ws/src/control/controller'
[0.998s] INFO:colcon.colcon_core.shell:Skip shell extension 'powershell' for command environment: Not usable outside of PowerShell
[0.998s] DEBUG:colcon.colcon_core.shell:Skip shell extension 'dsv' for command environment
[1.001s] INFO:colcon.colcon_ros.task.ament_cmake.build:Building ROS package in '/home/starry1n/WUTA/WUTA-FSD/ros2_ws/src/localization/localization_manager' with build type 'ament_cmake'
[1.002s] INFO:colcon.colcon_cmake.task.cmake.build:Building CMake package in '/home/starry1n/WUTA/WUTA-FSD/ros2_ws/src/localization/localization_manager'
[1.002s] INFO:colcon.colcon_core.shell:Skip shell extension 'powershell' for command environment: Not usable outside of PowerShell
[1.002s] DEBUG:colcon.colcon_core.shell:Skip shell extension 'dsv' for command environment
[1.010s] DEBUG:colcon.colcon_core.event_handler.log_command:Invoked command in '/home/starry1n/WUTA/WUTA-FSD/ros2_ws/build/mission_manager' returned '0': AMENT_PREFIX_PATH=/home/starry1n/WUTA/WUTA-FSD/ros2_ws/install/wuta_msgs:${AMENT_PREFIX_PATH} CMAKE_PREFIX_PATH=/home/starry1n/WUTA/WUTA-FSD/ros2_ws/install/wuta_msgs:/opt/ros/humble LD_LIBRARY_PATH=/home/starry1n/WUTA/WUTA-FSD/ros2_ws/install/wuta_msgs/lib:${LD_LIBRARY_PATH} PYTHONPATH=/home/starry1n/WUTA/WUTA-FSD/ros2_ws/install/wuta_msgs/local/lib/python3.10/dist-packages:${PYTHONPATH} /usr/bin/cmake --build /home/starry1n/WUTA/WUTA-FSD/ros2_ws/build/mission_manager -- -j8 -l8
[1.011s] DEBUG:colcon.colcon_core.event_handler.log_command:Invoking command in '/home/starry1n/WUTA/WUTA-FSD/ros2_ws/build/mission_manager': AMENT_PREFIX_PATH=/home/starry1n/WUTA/WUTA-FSD/ros2_ws/install/wuta_msgs:${AMENT_PREFIX_PATH} CMAKE_PREFIX_PATH=/home/starry1n/WUTA/WUTA-FSD/ros2_ws/install/wuta_msgs:/opt/ros/humble LD_LIBRARY_PATH=/home/starry1n/WUTA/WUTA-FSD/ros2_ws/install/wuta_msgs/lib:${LD_LIBRARY_PATH} PYTHONPATH=/home/starry1n/WUTA/WUTA-FSD/ros2_ws/install/wuta_msgs/local/lib/python3.10/dist-packages:${PYTHONPATH} /usr/bin/cmake --install /home/starry1n/WUTA/WUTA-FSD/ros2_ws/build/mission_manager
[1.013s] DEBUG:colcon.colcon_core.event_handler.log_command:Invoked command in '/home/starry1n/WUTA/WUTA-FSD/ros2_ws/build/lidar_detection' returned '0': AMENT_PREFIX_PATH=/home/starry1n/WUTA/WUTA-FSD/ros2_ws/install/wuta_msgs:${AMENT_PREFIX_PATH} CMAKE_PREFIX_PATH=/home/starry1n/WUTA/WUTA-FSD/ros2_ws/install/wuta_msgs:/opt/ros/humble LD_LIBRARY_PATH=/home/starry1n/WUTA/WUTA-FSD/ros2_ws/install/wuta_msgs/lib:${LD_LIBRARY_PATH} PYTHONPATH=/home/starry1n/WUTA/WUTA-FSD/ros2_ws/install/wuta_msgs/local/lib/python3.10/dist-packages:${PYTHONPATH} /usr/bin/cmake --build /home/starry1n/WUTA/WUTA-FSD/ros2_ws/build/lidar_detection -- -j8 -l8
[1.015s] DEBUG:colcon.colcon_core.event_handler.log_command:Invoking command in '/home/starry1n/WUTA/WUTA-FSD/ros2_ws/build/lidar_detection': AMENT_PREFIX_PATH=/home/starry1n/WUTA/WUTA-FSD/ros2_ws/install/wuta_msgs:${AMENT_PREFIX_PATH} CMAKE_PREFIX_PATH=/home/starry1n/WUTA/WUTA-FSD/ros2_ws/install/wuta_msgs:/opt/ros/humble LD_LIBRARY_PATH=/home/starry1n/WUTA/WUTA-FSD/ros2_ws/install/wuta_msgs/lib:${LD_LIBRARY_PATH} PYTHONPATH=/home/starry1n/WUTA/WUTA-FSD/ros2_ws/install/wuta_msgs/local/lib/python3.10/dist-packages:${PYTHONPATH} /usr/bin/cmake --install /home/starry1n/WUTA/WUTA-FSD/ros2_ws/build/lidar_detection
[1.020s] DEBUG:colcon.colcon_core.event_handler.log_command:Invoking command in '/home/starry1n/WUTA/WUTA-FSD/ros2_ws/build/boundary_detector': AMENT_PREFIX_PATH=/home/starry1n/WUTA/WUTA-FSD/ros2_ws/install/wuta_msgs:/home/starry1n/WUTA/WUTA-FSD/ros2_ws/install/autoware_msgs:${AMENT_PREFIX_PATH} CMAKE_PREFIX_PATH=/home/starry1n/WUTA/WUTA-FSD/ros2_ws/install/wuta_msgs:/home/starry1n/WUTA/WUTA-FSD/ros2_ws/install/autoware_msgs:/opt/ros/humble LD_LIBRARY_PATH=/home/starry1n/WUTA/WUTA-FSD/ros2_ws/install/wuta_msgs/lib:/home/starry1n/WUTA/WUTA-FSD/ros2_ws/install/autoware_msgs/lib:${LD_LIBRARY_PATH} PYTHONPATH=/home/starry1n/WUTA/WUTA-FSD/ros2_ws/install/wuta_msgs/local/lib/python3.10/dist-packages:/home/starry1n/WUTA/WUTA-FSD/ros2_ws/install/autoware_msgs/local/lib/python3.10/dist-packages:${PYTHONPATH} /usr/bin/cmake --build /home/starry1n/WUTA/WUTA-FSD/ros2_ws/build/boundary_detector -- -j8 -l8
[1.020s] Level 1:colcon.colcon_core.environment:create_environment_scripts_only(camera_detection)
[1.021s] Level 1:colcon.colcon_core.environment:checking '/home/starry1n/WUTA/WUTA-FSD/ros2_ws/install/camera_detection' for CMake module files
[1.022s] DEBUG:colcon.colcon_core.event_handler.log_command:Invoked command in '/home/starry1n/WUTA/WUTA-FSD/ros2_ws/build/camera_detection' returned '0': AMENT_PREFIX_PATH=/home/starry1n/WUTA/WUTA-FSD/ros2_ws/install/wuta_msgs:${AMENT_PREFIX_PATH} CMAKE_PREFIX_PATH=/home/starry1n/WUTA/WUTA-FSD/ros2_ws/install/wuta_msgs:/opt/ros/humble LD_LIBRARY_PATH=/home/starry1n/WUTA/WUTA-FSD/ros2_ws/install/wuta_msgs/lib:${LD_LIBRARY_PATH} PYTHONPATH=/home/starry1n/WUTA/WUTA-FSD/ros2_ws/install/wuta_msgs/local/lib/python3.10/dist-packages:${PYTHONPATH} /usr/bin/cmake --install /home/starry1n/WUTA/WUTA-FSD/ros2_ws/build/camera_detection
[1.022s] Level 1:colcon.colcon_core.environment:checking '/home/starry1n/WUTA/WUTA-FSD/ros2_ws/install/camera_detection' for CMake config files
[1.022s] Level 1:colcon.colcon_core.shell:create_environment_hook('camera_detection', 'cmake_prefix_path')
[1.023s] INFO:colcon.colcon_core.shell:Creating environment hook '/home/starry1n/WUTA/WUTA-FSD/ros2_ws/install/camera_detection/share/camera_detection/hook/cmake_prefix_path.ps1'
[1.023s] INFO:colcon.colcon_core.shell:Creating environment descriptor '/home/starry1n/WUTA/WUTA-FSD/ros2_ws/install/camera_detection/share/camera_detection/hook/cmake_prefix_path.dsv'
[1.024s] INFO:colcon.colcon_core.shell:Creating environment hook '/home/starry1n/WUTA/WUTA-FSD/ros2_ws/install/camera_detection/share/camera_detection/hook/cmake_prefix_path.sh'
[1.025s] Level 1:colcon.colcon_core.environment:checking '/home/starry1n/WUTA/WUTA-FSD/ros2_ws/install/camera_detection/bin'
[1.025s] Level 1:colcon.colcon_core.environment:checking '/home/starry1n/WUTA/WUTA-FSD/ros2_ws/install/camera_detection/lib/pkgconfig/camera_detection.pc'
[1.025s] Level 1:colcon.colcon_core.environment:checking '/home/starry1n/WUTA/WUTA-FSD/ros2_ws/install/camera_detection/lib/python3.10/site-packages'
[1.025s] Level 1:colcon.colcon_core.environment:checking '/home/starry1n/WUTA/WUTA-FSD/ros2_ws/install/camera_detection/bin'
[1.025s] INFO:colcon.colcon_core.shell:Creating package script '/home/starry1n/WUTA/WUTA-FSD/ros2_ws/install/camera_detection/share/camera_detection/package.ps1'
[1.026s] INFO:colcon.colcon_core.shell:Creating package descriptor '/home/starry1n/WUTA/WUTA-FSD/ros2_ws/install/camera_detection/share/camera_detection/package.dsv'
[1.027s] INFO:colcon.colcon_core.shell:Creating package script '/home/starry1n/WUTA/WUTA-FSD/ros2_ws/install/camera_detection/share/camera_detection/package.sh'
[1.027s] INFO:colcon.colcon_core.shell:Creating package script '/home/starry1n/WUTA/WUTA-FSD/ros2_ws/install/camera_detection/share/camera_detection/package.bash'
[1.028s] INFO:colcon.colcon_core.shell:Creating package script '/home/starry1n/WUTA/WUTA-FSD/ros2_ws/install/camera_detection/share/camera_detection/package.zsh'
[1.028s] Level 1:colcon.colcon_core.environment:create_file_with_runtime_dependencies(/home/starry1n/WUTA/WUTA-FSD/ros2_ws/install/camera_detection/share/colcon-core/packages/camera_detection)
[1.029s] Level 1:colcon.colcon_core.environment:create_environment_scripts_only(camera_detection)
[1.029s] Level 1:colcon.colcon_core.environment:checking '/home/starry1n/WUTA/WUTA-FSD/ros2_ws/install/camera_detection' for CMake module files
[1.029s] Level 1:colcon.colcon_core.environment:checking '/home/starry1n/WUTA/WUTA-FSD/ros2_ws/install/camera_detection' for CMake config files
[1.030s] Level 1:colcon.colcon_core.shell:create_environment_hook('camera_detection', 'cmake_prefix_path')
[1.030s] INFO:colcon.colcon_core.shell:Creating environment hook '/home/starry1n/WUTA/WUTA-FSD/ros2_ws/install/camera_detection/share/camera_detection/hook/cmake_prefix_path.ps1'
[1.030s] INFO:colcon.colcon_core.shell:Creating environment descriptor '/home/starry1n/WUTA/WUTA-FSD/ros2_ws/install/camera_detection/share/camera_detection/hook/cmake_prefix_path.dsv'
[1.031s] INFO:colcon.colcon_core.shell:Creating environment hook '/home/starry1n/WUTA/WUTA-FSD/ros2_ws/install/camera_detection/share/camera_detection/hook/cmake_prefix_path.sh'
[1.032s] Level 1:colcon.colcon_core.environment:checking '/home/starry1n/WUTA/WUTA-FSD/ros2_ws/install/camera_detection/bin'
[1.032s] Level 1:colcon.colcon_core.environment:checking '/home/starry1n/WUTA/WUTA-FSD/ros2_ws/install/camera_detection/lib/pkgconfig/camera_detection.pc'
[1.032s] Level 1:colcon.colcon_core.environment:checking '/home/starry1n/WUTA/WUTA-FSD/ros2_ws/install/camera_detection/lib/python3.10/site-packages'
[1.032s] Level 1:colcon.colcon_core.environment:checking '/home/starry1n/WUTA/WUTA-FSD/ros2_ws/install/camera_detection/bin'
[1.033s] INFO:colcon.colcon_core.shell:Creating package script '/home/starry1n/WUTA/WUTA-FSD/ros2_ws/install/camera_detection/share/camera_detection/package.ps1'
[1.034s] INFO:colcon.colcon_core.shell:Creating package descriptor '/home/starry1n/WUTA/WUTA-FSD/ros2_ws/install/camera_detection/share/camera_detection/package.dsv'
[1.036s] INFO:colcon.colcon_core.shell:Creating package script '/home/starry1n/WUTA/WUTA-FSD/ros2_ws/install/camera_detection/share/camera_detection/package.sh'
[1.037s] INFO:colcon.colcon_core.shell:Creating package script '/home/starry1n/WUTA/WUTA-FSD/ros2_ws/install/camera_detection/share/camera_detection/package.bash'
[1.038s] INFO:colcon.colcon_core.shell:Creating package script '/home/starry1n/WUTA/WUTA-FSD/ros2_ws/install/camera_detection/share/camera_detection/package.zsh'
[1.038s] Level 1:colcon.colcon_core.environment:create_file_with_runtime_dependencies(/home/starry1n/WUTA/WUTA-FSD/ros2_ws/install/camera_detection/share/colcon-core/packages/camera_detection)
[1.039s] Level 1:colcon.colcon_core.environment:create_environment_scripts_only(kiss_icp_wrapper)
[1.039s] Level 1:colcon.colcon_core.environment:checking '/home/starry1n/WUTA/WUTA-FSD/ros2_ws/install/kiss_icp_wrapper' for CMake module files
[1.039s] Level 1:colcon.colcon_core.environment:checking '/home/starry1n/WUTA/WUTA-FSD/ros2_ws/install/kiss_icp_wrapper' for CMake config files
[1.040s] Level 1:colcon.colcon_core.shell:create_environment_hook('kiss_icp_wrapper', 'cmake_prefix_path')
[1.040s] INFO:colcon.colcon_core.shell:Creating environment hook '/home/starry1n/WUTA/WUTA-FSD/ros2_ws/install/kiss_icp_wrapper/share/kiss_icp_wrapper/hook/cmake_prefix_path.ps1'
[1.040s] DEBUG:colcon.colcon_core.event_handler.log_command:Invoked command in '/home/starry1n/WUTA/WUTA-FSD/ros2_ws/build/kiss_icp_wrapper' returned '0': AMENT_PREFIX_PATH=/home/starry1n/WUTA/WUTA-FSD/ros2_ws/install/wuta_msgs:${AMENT_PREFIX_PATH} CMAKE_PREFIX_PATH=/home/starry1n/WUTA/WUTA-FSD/ros2_ws/install/wuta_msgs:/opt/ros/humble LD_LIBRARY_PATH=/home/starry1n/WUTA/WUTA-FSD/ros2_ws/install/wuta_msgs/lib:${LD_LIBRARY_PATH} PYTHONPATH=/home/starry1n/WUTA/WUTA-FSD/ros2_ws/install/wuta_msgs/local/lib/python3.10/dist-packages:${PYTHONPATH} /usr/bin/cmake --install /home/starry1n/WUTA/WUTA-FSD/ros2_ws/build/kiss_icp_wrapper
[1.040s] INFO:colcon.colcon_core.shell:Creating environment descriptor '/home/starry1n/WUTA/WUTA-FSD/ros2_ws/install/kiss_icp_wrapper/share/kiss_icp_wrapper/hook/cmake_prefix_path.dsv'
[1.041s] INFO:colcon.colcon_core.shell:Creating environment hook '/home/starry1n/WUTA/WUTA-FSD/ros2_ws/install/kiss_icp_wrapper/share/kiss_icp_wrapper/hook/cmake_prefix_path.sh'
[1.041s] Level 1:colcon.colcon_core.environment:checking '/home/starry1n/WUTA/WUTA-FSD/ros2_ws/install/kiss_icp_wrapper/bin'
[1.041s] Level 1:colcon.colcon_core.environment:checking '/home/starry1n/WUTA/WUTA-FSD/ros2_ws/install/kiss_icp_wrapper/lib/pkgconfig/kiss_icp_wrapper.pc'
[1.042s] Level 1:colcon.colcon_core.environment:checking '/home/starry1n/WUTA/WUTA-FSD/ros2_ws/install/kiss_icp_wrapper/lib/python3.10/site-packages'
[1.042s] Level 1:colcon.colcon_core.environment:checking '/home/starry1n/WUTA/WUTA-FSD/ros2_ws/install/kiss_icp_wrapper/bin'
[1.042s] INFO:colcon.colcon_core.shell:Creating package script '/home/starry1n/WUTA/WUTA-FSD/ros2_ws/install/kiss_icp_wrapper/share/kiss_icp_wrapper/package.ps1'
[1.042s] INFO:colcon.colcon_core.shell:Creating package descriptor '/home/starry1n/WUTA/WUTA-FSD/ros2_ws/install/kiss_icp_wrapper/share/kiss_icp_wrapper/package.dsv'
[1.043s] INFO:colcon.colcon_core.shell:Creating package script '/home/starry1n/WUTA/WUTA-FSD/ros2_ws/install/kiss_icp_wrapper/share/kiss_icp_wrapper/package.sh'
[1.043s] INFO:colcon.colcon_core.shell:Creating package script '/home/starry1n/WUTA/WUTA-FSD/ros2_ws/install/kiss_icp_wrapper/share/kiss_icp_wrapper/package.bash'
[1.043s] INFO:colcon.colcon_core.shell:Creating package script '/home/starry1n/WUTA/WUTA-FSD/ros2_ws/install/kiss_icp_wrapper/share/kiss_icp_wrapper/package.zsh'
[1.044s] Level 1:colcon.colcon_core.environment:create_file_with_runtime_dependencies(/home/starry1n/WUTA/WUTA-FSD/ros2_ws/install/kiss_icp_wrapper/share/colcon-core/packages/kiss_icp_wrapper)
[1.047s] Level 1:colcon.colcon_core.environment:create_environment_scripts_only(kiss_icp_wrapper)
[1.047s] Level 1:colcon.colcon_core.environment:checking '/home/starry1n/WUTA/WUTA-FSD/ros2_ws/install/kiss_icp_wrapper' for CMake module files
[1.048s] Level 1:colcon.colcon_core.environment:checking '/home/starry1n/WUTA/WUTA-FSD/ros2_ws/install/kiss_icp_wrapper' for CMake config files
[1.048s] Level 1:colcon.colcon_core.shell:create_environment_hook('kiss_icp_wrapper', 'cmake_prefix_path')
[1.049s] INFO:colcon.colcon_core.shell:Creating environment hook '/home/starry1n/WUTA/WUTA-FSD/ros2_ws/install/kiss_icp_wrapper/share/kiss_icp_wrapper/hook/cmake_prefix_path.ps1'
[1.050s] INFO:colcon.colcon_core.shell:Creating environment descriptor '/home/starry1n/WUTA/WUTA-FSD/ros2_ws/install/kiss_icp_wrapper/share/kiss_icp_wrapper/hook/cmake_prefix_path.dsv'
[1.051s] INFO:colcon.colcon_core.shell:Creating environment hook '/home/starry1n/WUTA/WUTA-FSD/ros2_ws/install/kiss_icp_wrapper/share/kiss_icp_wrapper/hook/cmake_prefix_path.sh'
[1.052s] Level 1:colcon.colcon_core.environment:checking '/home/starry1n/WUTA/WUTA-FSD/ros2_ws/install/kiss_icp_wrapper/bin'
[1.052s] Level 1:colcon.colcon_core.environment:checking '/home/starry1n/WUTA/WUTA-FSD/ros2_ws/install/kiss_icp_wrapper/lib/pkgconfig/kiss_icp_wrapper.pc'
[1.053s] Level 1:colcon.colcon_core.environment:checking '/home/starry1n/WUTA/WUTA-FSD/ros2_ws/install/kiss_icp_wrapper/lib/python3.10/site-packages'
[1.053s] Level 1:colcon.colcon_core.environment:checking '/home/starry1n/WUTA/WUTA-FSD/ros2_ws/install/kiss_icp_wrapper/bin'
[1.054s] INFO:colcon.colcon_core.shell:Creating package script '/home/starry1n/WUTA/WUTA-FSD/ros2_ws/install/kiss_icp_wrapper/share/kiss_icp_wrapper/package.ps1'
[1.056s] INFO:colcon.colcon_core.shell:Creating package descriptor '/home/starry1n/WUTA/WUTA-FSD/ros2_ws/install/kiss_icp_wrapper/share/kiss_icp_wrapper/package.dsv'
[1.057s] INFO:colcon.colcon_core.shell:Creating package script '/home/starry1n/WUTA/WUTA-FSD/ros2_ws/install/kiss_icp_wrapper/share/kiss_icp_wrapper/package.sh'
[1.058s] INFO:colcon.colcon_core.shell:Creating package script '/home/starry1n/WUTA/WUTA-FSD/ros2_ws/install/kiss_icp_wrapper/share/kiss_icp_wrapper/package.bash'
[1.060s] INFO:colcon.colcon_core.shell:Creating package script '/home/starry1n/WUTA/WUTA-FSD/ros2_ws/install/kiss_icp_wrapper/share/kiss_icp_wrapper/package.zsh'
[1.061s] Level 1:colcon.colcon_core.environment:create_file_with_runtime_dependencies(/home/starry1n/WUTA/WUTA-FSD/ros2_ws/install/kiss_icp_wrapper/share/colcon-core/packages/kiss_icp_wrapper)
[1.063s] INFO:colcon.colcon_ros.task.ament_cmake.build:Building ROS package in '/home/starry1n/WUTA/WUTA-FSD/ros2_ws/src/localization/ndt_localization' with build type 'ament_cmake'
[1.064s] INFO:colcon.colcon_cmake.task.cmake.build:Building CMake package in '/home/starry1n/WUTA/WUTA-FSD/ros2_ws/src/localization/ndt_localization'
[1.064s] INFO:colcon.colcon_core.shell:Skip shell extension 'powershell' for command environment: Not usable outside of PowerShell
[1.064s] DEBUG:colcon.colcon_core.shell:Skip shell extension 'dsv' for command environment
[1.068s] INFO:colcon.colcon_ros.task.ament_cmake.build:Building ROS package in '/home/starry1n/WUTA/WUTA-FSD/ros2_ws/src/planning/path_generator' with build type 'ament_cmake'
[1.068s] INFO:colcon.colcon_cmake.task.cmake.build:Building CMake package in '/home/starry1n/WUTA/WUTA-FSD/ros2_ws/src/planning/path_generator'
[1.068s] INFO:colcon.colcon_core.shell:Skip shell extension 'powershell' for command environment: Not usable outside of PowerShell
[1.069s] DEBUG:colcon.colcon_core.shell:Skip shell extension 'dsv' for command environment
[1.077s] Level 1:colcon.colcon_core.environment:create_environment_scripts_only(mission_manager)
[1.080s] Level 1:colcon.colcon_core.environment:checking '/home/starry1n/WUTA/WUTA-FSD/ros2_ws/install/mission_manager' for CMake module files
[1.080s] Level 1:colcon.colcon_core.environment:checking '/home/starry1n/WUTA/WUTA-FSD/ros2_ws/install/mission_manager' for CMake config files
[1.081s] Level 1:colcon.colcon_core.shell:create_environment_hook('mission_manager', 'cmake_prefix_path')
[1.079s] DEBUG:colcon.colcon_core.event_handler.log_command:Invoking command in '/home/starry1n/WUTA/WUTA-FSD/ros2_ws/build/controller': AMENT_PREFIX_PATH=/home/starry1n/WUTA/WUTA-FSD/ros2_ws/install/wuta_msgs:/home/starry1n/WUTA/WUTA-FSD/ros2_ws/install/autoware_msgs:${AMENT_PREFIX_PATH} CMAKE_PREFIX_PATH=/home/starry1n/WUTA/WUTA-FSD/ros2_ws/install/wuta_msgs:/home/starry1n/WUTA/WUTA-FSD/ros2_ws/install/autoware_msgs:/opt/ros/humble LD_LIBRARY_PATH=/home/starry1n/WUTA/WUTA-FSD/ros2_ws/install/wuta_msgs/lib:/home/starry1n/WUTA/WUTA-FSD/ros2_ws/install/autoware_msgs/lib:${LD_LIBRARY_PATH} PYTHONPATH=/home/starry1n/WUTA/WUTA-FSD/ros2_ws/install/wuta_msgs/local/lib/python3.10/dist-packages:/home/starry1n/WUTA/WUTA-FSD/ros2_ws/install/autoware_msgs/local/lib/python3.10/dist-packages:${PYTHONPATH} /usr/bin/cmake --build /home/starry1n/WUTA/WUTA-FSD/ros2_ws/build/controller -- -j8 -l8
[1.081s] INFO:colcon.colcon_core.shell:Creating environment hook '/home/starry1n/WUTA/WUTA-FSD/ros2_ws/install/mission_manager/share/mission_manager/hook/cmake_prefix_path.ps1'
[1.081s] DEBUG:colcon.colcon_core.event_handler.log_command:Invoked command in '/home/starry1n/WUTA/WUTA-FSD/ros2_ws/build/mission_manager' returned '0': AMENT_PREFIX_PATH=/home/starry1n/WUTA/WUTA-FSD/ros2_ws/install/wuta_msgs:${AMENT_PREFIX_PATH} CMAKE_PREFIX_PATH=/home/starry1n/WUTA/WUTA-FSD/ros2_ws/install/wuta_msgs:/opt/ros/humble LD_LIBRARY_PATH=/home/starry1n/WUTA/WUTA-FSD/ros2_ws/install/wuta_msgs/lib:${LD_LIBRARY_PATH} PYTHONPATH=/home/starry1n/WUTA/WUTA-FSD/ros2_ws/install/wuta_msgs/local/lib/python3.10/dist-packages:${PYTHONPATH} /usr/bin/cmake --install /home/starry1n/WUTA/WUTA-FSD/ros2_ws/build/mission_manager
[1.082s] INFO:colcon.colcon_core.shell:Creating environment descriptor '/home/starry1n/WUTA/WUTA-FSD/ros2_ws/install/mission_manager/share/mission_manager/hook/cmake_prefix_path.dsv'
[1.083s] INFO:colcon.colcon_core.shell:Creating environment hook '/home/starry1n/WUTA/WUTA-FSD/ros2_ws/install/mission_manager/share/mission_manager/hook/cmake_prefix_path.sh'
[1.083s] Level 1:colcon.colcon_core.environment:checking '/home/starry1n/WUTA/WUTA-FSD/ros2_ws/install/mission_manager/lib'
[1.083s] Level 1:colcon.colcon_core.environment:checking '/home/starry1n/WUTA/WUTA-FSD/ros2_ws/install/mission_manager/bin'
[1.084s] Level 1:colcon.colcon_core.environment:checking '/home/starry1n/WUTA/WUTA-FSD/ros2_ws/install/mission_manager/lib/pkgconfig/mission_manager.pc'
[1.084s] Level 1:colcon.colcon_core.environment:checking '/home/starry1n/WUTA/WUTA-FSD/ros2_ws/install/mission_manager/lib/python3.10/site-packages'
[1.084s] Level 1:colcon.colcon_core.environment:checking '/home/starry1n/WUTA/WUTA-FSD/ros2_ws/install/mission_manager/bin'
[1.084s] INFO:colcon.colcon_core.shell:Creating package script '/home/starry1n/WUTA/WUTA-FSD/ros2_ws/install/mission_manager/share/mission_manager/package.ps1'
[1.085s] INFO:colcon.colcon_core.shell:Creating package descriptor '/home/starry1n/WUTA/WUTA-FSD/ros2_ws/install/mission_manager/share/mission_manager/package.dsv'
[1.085s] INFO:colcon.colcon_core.shell:Creating package script '/home/starry1n/WUTA/WUTA-FSD/ros2_ws/install/mission_manager/share/mission_manager/package.sh'
[1.086s] INFO:colcon.colcon_core.shell:Creating package script '/home/starry1n/WUTA/WUTA-FSD/ros2_ws/install/mission_manager/share/mission_manager/package.bash'
[1.087s] INFO:colcon.colcon_core.shell:Creating package script '/home/starry1n/WUTA/WUTA-FSD/ros2_ws/install/mission_manager/share/mission_manager/package.zsh'
[1.088s] Level 1:colcon.colcon_core.environment:create_file_with_runtime_dependencies(/home/starry1n/WUTA/WUTA-FSD/ros2_ws/install/mission_manager/share/colcon-core/packages/mission_manager)
[1.090s] Level 1:colcon.colcon_core.environment:create_environment_scripts_only(mission_manager)
[1.091s] Level 1:colcon.colcon_core.environment:checking '/home/starry1n/WUTA/WUTA-FSD/ros2_ws/install/mission_manager' for CMake module files
[1.092s] Level 1:colcon.colcon_core.environment:checking '/home/starry1n/WUTA/WUTA-FSD/ros2_ws/install/mission_manager' for CMake config files
[1.092s] Level 1:colcon.colcon_core.shell:create_environment_hook('mission_manager', 'cmake_prefix_path')
[1.093s] INFO:colcon.colcon_core.shell:Creating environment hook '/home/starry1n/WUTA/WUTA-FSD/ros2_ws/install/mission_manager/share/mission_manager/hook/cmake_prefix_path.ps1'
[1.094s] INFO:colcon.colcon_core.shell:Creating environment descriptor '/home/starry1n/WUTA/WUTA-FSD/ros2_ws/install/mission_manager/share/mission_manager/hook/cmake_prefix_path.dsv'
[1.095s] INFO:colcon.colcon_core.shell:Creating environment hook '/home/starry1n/WUTA/WUTA-FSD/ros2_ws/install/mission_manager/share/mission_manager/hook/cmake_prefix_path.sh'
[1.096s] Level 1:colcon.colcon_core.environment:checking '/home/starry1n/WUTA/WUTA-FSD/ros2_ws/install/mission_manager/lib'
[1.096s] Level 1:colcon.colcon_core.environment:checking '/home/starry1n/WUTA/WUTA-FSD/ros2_ws/install/mission_manager/bin'
[1.096s] Level 1:colcon.colcon_core.environment:checking '/home/starry1n/WUTA/WUTA-FSD/ros2_ws/install/mission_manager/lib/pkgconfig/mission_manager.pc'
[1.097s] Level 1:colcon.colcon_core.environment:checking '/home/starry1n/WUTA/WUTA-FSD/ros2_ws/install/mission_manager/lib/python3.10/site-packages'
[1.097s] Level 1:colcon.colcon_core.environment:checking '/home/starry1n/WUTA/WUTA-FSD/ros2_ws/install/mission_manager/bin'
[1.097s] INFO:colcon.colcon_core.shell:Creating package script '/home/starry1n/WUTA/WUTA-FSD/ros2_ws/install/mission_manager/share/mission_manager/package.ps1'
[1.097s] INFO:colcon.colcon_core.shell:Creating package descriptor '/home/starry1n/WUTA/WUTA-FSD/ros2_ws/install/mission_manager/share/mission_manager/package.dsv'
[1.098s] INFO:colcon.colcon_core.shell:Creating package script '/home/starry1n/WUTA/WUTA-FSD/ros2_ws/install/mission_manager/share/mission_manager/package.sh'
[1.098s] INFO:colcon.colcon_core.shell:Creating package script '/home/starry1n/WUTA/WUTA-FSD/ros2_ws/install/mission_manager/share/mission_manager/package.bash'
[1.098s] INFO:colcon.colcon_core.shell:Creating package script '/home/starry1n/WUTA/WUTA-FSD/ros2_ws/install/mission_manager/share/mission_manager/package.zsh'
[1.099s] Level 1:colcon.colcon_core.environment:create_file_with_runtime_dependencies(/home/starry1n/WUTA/WUTA-FSD/ros2_ws/install/mission_manager/share/colcon-core/packages/mission_manager)
[1.103s] Level 1:colcon.colcon_core.environment:create_environment_scripts_only(lidar_detection)
[1.104s] Level 1:colcon.colcon_core.environment:checking '/home/starry1n/WUTA/WUTA-FSD/ros2_ws/install/lidar_detection' for CMake module files
[1.105s] Level 1:colcon.colcon_core.environment:checking '/home/starry1n/WUTA/WUTA-FSD/ros2_ws/install/lidar_detection' for CMake config files
[1.105s] DEBUG:colcon.colcon_core.event_handler.log_command:Invoking command in '/home/starry1n/WUTA/WUTA-FSD/ros2_ws/build/localization_manager': AMENT_PREFIX_PATH=/home/starry1n/WUTA/WUTA-FSD/ros2_ws/install/wuta_msgs:/home/starry1n/WUTA/WUTA-FSD/ros2_ws/install/robot_localization:/home/starry1n/WUTA/WUTA-FSD/ros2_ws/install/kiss_icp:${AMENT_PREFIX_PATH} CMAKE_PREFIX_PATH=/home/starry1n/WUTA/WUTA-FSD/ros2_ws/install/wuta_msgs:/home/starry1n/WUTA/WUTA-FSD/ros2_ws/install/robot_localization:/home/starry1n/WUTA/WUTA-FSD/ros2_ws/install/kiss_icp:/opt/ros/humble LD_LIBRARY_PATH=/home/starry1n/WUTA/WUTA-FSD/ros2_ws/install/wuta_msgs/lib:/home/starry1n/WUTA/WUTA-FSD/ros2_ws/install/robot_localization/lib:/home/starry1n/WUTA/WUTA-FSD/ros2_ws/install/kiss_icp/lib:${LD_LIBRARY_PATH} PYTHONPATH=/home/starry1n/WUTA/WUTA-FSD/ros2_ws/install/wuta_msgs/local/lib/python3.10/dist-packages:/home/starry1n/WUTA/WUTA-FSD/ros2_ws/install/robot_localization/local/lib/python3.10/dist-packages:${PYTHONPATH} /usr/bin/cmake --build /home/starry1n/WUTA/WUTA-FSD/ros2_ws/build/localization_manager -- -j8 -l8
[1.106s] DEBUG:colcon.colcon_core.event_handler.log_command:Invoked command in '/home/starry1n/WUTA/WUTA-FSD/ros2_ws/build/lidar_detection' returned '0': AMENT_PREFIX_PATH=/home/starry1n/WUTA/WUTA-FSD/ros2_ws/install/wuta_msgs:${AMENT_PREFIX_PATH} CMAKE_PREFIX_PATH=/home/starry1n/WUTA/WUTA-FSD/ros2_ws/install/wuta_msgs:/opt/ros/humble LD_LIBRARY_PATH=/home/starry1n/WUTA/WUTA-FSD/ros2_ws/install/wuta_msgs/lib:${LD_LIBRARY_PATH} PYTHONPATH=/home/starry1n/WUTA/WUTA-FSD/ros2_ws/install/wuta_msgs/local/lib/python3.10/dist-packages:${PYTHONPATH} /usr/bin/cmake --install /home/starry1n/WUTA/WUTA-FSD/ros2_ws/build/lidar_detection
[1.106s] Level 1:colcon.colcon_core.shell:create_environment_hook('lidar_detection', 'cmake_prefix_path')
[1.107s] INFO:colcon.colcon_core.shell:Creating environment hook '/home/starry1n/WUTA/WUTA-FSD/ros2_ws/install/lidar_detection/share/lidar_detection/hook/cmake_prefix_path.ps1'
[1.107s] INFO:colcon.colcon_core.shell:Creating environment descriptor '/home/starry1n/WUTA/WUTA-FSD/ros2_ws/install/lidar_detection/share/lidar_detection/hook/cmake_prefix_path.dsv'
[1.108s] INFO:colcon.colcon_core.shell:Creating environment hook '/home/starry1n/WUTA/WUTA-FSD/ros2_ws/install/lidar_detection/share/lidar_detection/hook/cmake_prefix_path.sh'
[1.109s] Level 1:colcon.colcon_core.environment:checking '/home/starry1n/WUTA/WUTA-FSD/ros2_ws/install/lidar_detection/lib'
[1.110s] Level 1:colcon.colcon_core.environment:checking '/home/starry1n/WUTA/WUTA-FSD/ros2_ws/install/lidar_detection/bin'
[1.110s] Level 1:colcon.colcon_core.environment:checking '/home/starry1n/WUTA/WUTA-FSD/ros2_ws/install/lidar_detection/lib/pkgconfig/lidar_detection.pc'
[1.110s] Level 1:colcon.colcon_core.environment:checking '/home/starry1n/WUTA/WUTA-FSD/ros2_ws/install/lidar_detection/lib/python3.10/site-packages'
[1.110s] Level 1:colcon.colcon_core.environment:checking '/home/starry1n/WUTA/WUTA-FSD/ros2_ws/install/lidar_detection/bin'
[1.110s] INFO:colcon.colcon_core.shell:Creating package script '/home/starry1n/WUTA/WUTA-FSD/ros2_ws/install/lidar_detection/share/lidar_detection/package.ps1'
[1.111s] INFO:colcon.colcon_core.shell:Creating package descriptor '/home/starry1n/WUTA/WUTA-FSD/ros2_ws/install/lidar_detection/share/lidar_detection/package.dsv'
[1.112s] INFO:colcon.colcon_core.shell:Creating package script '/home/starry1n/WUTA/WUTA-FSD/ros2_ws/install/lidar_detection/share/lidar_detection/package.sh'
[1.112s] INFO:colcon.colcon_core.shell:Creating package script '/home/starry1n/WUTA/WUTA-FSD/ros2_ws/install/lidar_detection/share/lidar_detection/package.bash'
[1.113s] INFO:colcon.colcon_core.shell:Creating package script '/home/starry1n/WUTA/WUTA-FSD/ros2_ws/install/lidar_detection/share/lidar_detection/package.zsh'
[1.113s] Level 1:colcon.colcon_core.environment:create_file_with_runtime_dependencies(/home/starry1n/WUTA/WUTA-FSD/ros2_ws/install/lidar_detection/share/colcon-core/packages/lidar_detection)
[1.115s] Level 1:colcon.colcon_core.environment:create_environment_scripts_only(lidar_detection)
[1.116s] Level 1:colcon.colcon_core.environment:checking '/home/starry1n/WUTA/WUTA-FSD/ros2_ws/install/lidar_detection' for CMake module files
[1.116s] Level 1:colcon.colcon_core.environment:checking '/home/starry1n/WUTA/WUTA-FSD/ros2_ws/install/lidar_detection' for CMake config files
[1.117s] Level 1:colcon.colcon_core.shell:create_environment_hook('lidar_detection', 'cmake_prefix_path')
[1.117s] INFO:colcon.colcon_core.shell:Creating environment hook '/home/starry1n/WUTA/WUTA-FSD/ros2_ws/install/lidar_detection/share/lidar_detection/hook/cmake_prefix_path.ps1'
[1.118s] INFO:colcon.colcon_core.shell:Creating environment descriptor '/home/starry1n/WUTA/WUTA-FSD/ros2_ws/install/lidar_detection/share/lidar_detection/hook/cmake_prefix_path.dsv'
[1.119s] INFO:colcon.colcon_core.shell:Creating environment hook '/home/starry1n/WUTA/WUTA-FSD/ros2_ws/install/lidar_detection/share/lidar_detection/hook/cmake_prefix_path.sh'
[1.121s] Level 1:colcon.colcon_core.environment:checking '/home/starry1n/WUTA/WUTA-FSD/ros2_ws/install/lidar_detection/lib'
[1.121s] Level 1:colcon.colcon_core.environment:checking '/home/starry1n/WUTA/WUTA-FSD/ros2_ws/install/lidar_detection/bin'
[1.121s] Level 1:colcon.colcon_core.environment:checking '/home/starry1n/WUTA/WUTA-FSD/ros2_ws/install/lidar_detection/lib/pkgconfig/lidar_detection.pc'
[1.121s] Level 1:colcon.colcon_core.environment:checking '/home/starry1n/WUTA/WUTA-FSD/ros2_ws/install/lidar_detection/lib/python3.10/site-packages'
[1.122s] Level 1:colcon.colcon_core.environment:checking '/home/starry1n/WUTA/WUTA-FSD/ros2_ws/install/lidar_detection/bin'
[1.122s] INFO:colcon.colcon_core.shell:Creating package script '/home/starry1n/WUTA/WUTA-FSD/ros2_ws/install/lidar_detection/share/lidar_detection/package.ps1'
[1.123s] INFO:colcon.colcon_core.shell:Creating package descriptor '/home/starry1n/WUTA/WUTA-FSD/ros2_ws/install/lidar_detection/share/lidar_detection/package.dsv'
[1.124s] INFO:colcon.colcon_core.shell:Creating package script '/home/starry1n/WUTA/WUTA-FSD/ros2_ws/install/lidar_detection/share/lidar_detection/package.sh'
[1.125s] INFO:colcon.colcon_core.shell:Creating package script '/home/starry1n/WUTA/WUTA-FSD/ros2_ws/install/lidar_detection/share/lidar_detection/package.bash'
[1.126s] INFO:colcon.colcon_core.shell:Creating package script '/home/starry1n/WUTA/WUTA-FSD/ros2_ws/install/lidar_detection/share/lidar_detection/package.zsh'
[1.127s] Level 1:colcon.colcon_core.environment:create_file_with_runtime_dependencies(/home/starry1n/WUTA/WUTA-FSD/ros2_ws/install/lidar_detection/share/colcon-core/packages/lidar_detection)
[1.129s] INFO:colcon.colcon_ros.task.ament_cmake.build:Building ROS package in '/home/starry1n/WUTA/WUTA-FSD/ros2_ws/src/common/wuta_tools' with build type 'ament_cmake'
[1.129s] INFO:colcon.colcon_cmake.task.cmake.build:Building CMake package in '/home/starry1n/WUTA/WUTA-FSD/ros2_ws/src/common/wuta_tools'
[1.130s] INFO:colcon.colcon_core.shell:Skip shell extension 'powershell' for command environment: Not usable outside of PowerShell
[1.130s] DEBUG:colcon.colcon_core.shell:Skip shell extension 'dsv' for command environment
[1.143s] DEBUG:colcon.colcon_core.event_handler.log_command:Invoking command in '/home/starry1n/WUTA/WUTA-FSD/ros2_ws/build/ndt_localization': AMENT_PREFIX_PATH=/home/starry1n/WUTA/WUTA-FSD/ros2_ws/install/wuta_msgs:${AMENT_PREFIX_PATH} CMAKE_PREFIX_PATH=/home/starry1n/WUTA/WUTA-FSD/ros2_ws/install/wuta_msgs:/opt/ros/humble LD_LIBRARY_PATH=/home/starry1n/WUTA/WUTA-FSD/ros2_ws/install/wuta_msgs/lib:${LD_LIBRARY_PATH} PYTHONPATH=/home/starry1n/WUTA/WUTA-FSD/ros2_ws/install/wuta_msgs/local/lib/python3.10/dist-packages:${PYTHONPATH} /usr/bin/cmake --build /home/starry1n/WUTA/WUTA-FSD/ros2_ws/build/ndt_localization -- -j8 -l8
[1.147s] DEBUG:colcon.colcon_core.event_handler.log_command:Invoking command in '/home/starry1n/WUTA/WUTA-FSD/ros2_ws/build/path_generator': AMENT_PREFIX_PATH=/home/starry1n/WUTA/WUTA-FSD/ros2_ws/install/wuta_msgs:/home/starry1n/WUTA/WUTA-FSD/ros2_ws/install/autoware_msgs:${AMENT_PREFIX_PATH} CMAKE_PREFIX_PATH=/home/starry1n/WUTA/WUTA-FSD/ros2_ws/install/wuta_msgs:/home/starry1n/WUTA/WUTA-FSD/ros2_ws/install/autoware_msgs:/opt/ros/humble LD_LIBRARY_PATH=/home/starry1n/WUTA/WUTA-FSD/ros2_ws/install/wuta_msgs/lib:/home/starry1n/WUTA/WUTA-FSD/ros2_ws/install/autoware_msgs/lib:${LD_LIBRARY_PATH} PYTHONPATH=/home/starry1n/WUTA/WUTA-FSD/ros2_ws/install/wuta_msgs/local/lib/python3.10/dist-packages:/home/starry1n/WUTA/WUTA-FSD/ros2_ws/install/autoware_msgs/local/lib/python3.10/dist-packages:${PYTHONPATH} /usr/bin/cmake --build /home/starry1n/WUTA/WUTA-FSD/ros2_ws/build/path_generator -- -j8 -l8
[1.148s] DEBUG:colcon.colcon_core.event_handler.log_command:Invoked command in '/home/starry1n/WUTA/WUTA-FSD/ros2_ws/build/boundary_detector' returned '0': AMENT_PREFIX_PATH=/home/starry1n/WUTA/WUTA-FSD/ros2_ws/install/wuta_msgs:/home/starry1n/WUTA/WUTA-FSD/ros2_ws/install/autoware_msgs:${AMENT_PREFIX_PATH} CMAKE_PREFIX_PATH=/home/starry1n/WUTA/WUTA-FSD/ros2_ws/install/wuta_msgs:/home/starry1n/WUTA/WUTA-FSD/ros2_ws/install/autoware_msgs:/opt/ros/humble LD_LIBRARY_PATH=/home/starry1n/WUTA/WUTA-FSD/ros2_ws/install/wuta_msgs/lib:/home/starry1n/WUTA/WUTA-FSD/ros2_ws/install/autoware_msgs/lib:${LD_LIBRARY_PATH} PYTHONPATH=/home/starry1n/WUTA/WUTA-FSD/ros2_ws/install/wuta_msgs/local/lib/python3.10/dist-packages:/home/starry1n/WUTA/WUTA-FSD/ros2_ws/install/autoware_msgs/local/lib/python3.10/dist-packages:${PYTHONPATH} /usr/bin/cmake --build /home/starry1n/WUTA/WUTA-FSD/ros2_ws/build/boundary_detector -- -j8 -l8
[1.148s] DEBUG:colcon.colcon_core.event_handler.log_command:Invoking command in '/home/starry1n/WUTA/WUTA-FSD/ros2_ws/build/boundary_detector': AMENT_PREFIX_PATH=/home/starry1n/WUTA/WUTA-FSD/ros2_ws/install/wuta_msgs:/home/starry1n/WUTA/WUTA-FSD/ros2_ws/install/autoware_msgs:${AMENT_PREFIX_PATH} CMAKE_PREFIX_PATH=/home/starry1n/WUTA/WUTA-FSD/ros2_ws/install/wuta_msgs:/home/starry1n/WUTA/WUTA-FSD/ros2_ws/install/autoware_msgs:/opt/ros/humble LD_LIBRARY_PATH=/home/starry1n/WUTA/WUTA-FSD/ros2_ws/install/wuta_msgs/lib:/home/starry1n/WUTA/WUTA-FSD/ros2_ws/install/autoware_msgs/lib:${LD_LIBRARY_PATH} PYTHONPATH=/home/starry1n/WUTA/WUTA-FSD/ros2_ws/install/wuta_msgs/local/lib/python3.10/dist-packages:/home/starry1n/WUTA/WUTA-FSD/ros2_ws/install/autoware_msgs/local/lib/python3.10/dist-packages:${PYTHONPATH} /usr/bin/cmake --install /home/starry1n/WUTA/WUTA-FSD/ros2_ws/build/boundary_detector
[1.151s] DEBUG:colcon.colcon_core.event_handler.log_command:Invoking command in '/home/starry1n/WUTA/WUTA-FSD/ros2_ws/build/wuta_tools': AMENT_PREFIX_PATH=/home/starry1n/WUTA/WUTA-FSD/ros2_ws/install/wuta_msgs:${AMENT_PREFIX_PATH} CMAKE_PREFIX_PATH=/home/starry1n/WUTA/WUTA-FSD/ros2_ws/install/wuta_msgs:/opt/ros/humble LD_LIBRARY_PATH=/home/starry1n/WUTA/WUTA-FSD/ros2_ws/install/wuta_msgs/lib:${LD_LIBRARY_PATH} PYTHONPATH=/home/starry1n/WUTA/WUTA-FSD/ros2_ws/install/wuta_msgs/local/lib/python3.10/dist-packages:${PYTHONPATH} /usr/bin/cmake --build /home/starry1n/WUTA/WUTA-FSD/ros2_ws/build/wuta_tools -- -j8 -l8
[1.176s] Level 1:colcon.colcon_core.environment:create_environment_scripts_only(boundary_detector)
[1.176s] DEBUG:colcon.colcon_core.event_handler.log_command:Invoked command in '/home/starry1n/WUTA/WUTA-FSD/ros2_ws/build/controller' returned '0': AMENT_PREFIX_PATH=/home/starry1n/WUTA/WUTA-FSD/ros2_ws/install/wuta_msgs:/home/starry1n/WUTA/WUTA-FSD/ros2_ws/install/autoware_msgs:${AMENT_PREFIX_PATH} CMAKE_PREFIX_PATH=/home/starry1n/WUTA/WUTA-FSD/ros2_ws/install/wuta_msgs:/home/starry1n/WUTA/WUTA-FSD/ros2_ws/install/autoware_msgs:/opt/ros/humble LD_LIBRARY_PATH=/home/starry1n/WUTA/WUTA-FSD/ros2_ws/install/wuta_msgs/lib:/home/starry1n/WUTA/WUTA-FSD/ros2_ws/install/autoware_msgs/lib:${LD_LIBRARY_PATH} PYTHONPATH=/home/starry1n/WUTA/WUTA-FSD/ros2_ws/install/wuta_msgs/local/lib/python3.10/dist-packages:/home/starry1n/WUTA/WUTA-FSD/ros2_ws/install/autoware_msgs/local/lib/python3.10/dist-packages:${PYTHONPATH} /usr/bin/cmake --build /home/starry1n/WUTA/WUTA-FSD/ros2_ws/build/controller -- -j8 -l8
[1.177s] Level 1:colcon.colcon_core.environment:checking '/home/starry1n/WUTA/WUTA-FSD/ros2_ws/install/boundary_detector' for CMake module files
[1.178s] Level 1:colcon.colcon_core.environment:checking '/home/starry1n/WUTA/WUTA-FSD/ros2_ws/install/boundary_detector' for CMake config files
[1.179s] Level 1:colcon.colcon_core.shell:create_environment_hook('boundary_detector', 'cmake_prefix_path')
[1.180s] INFO:colcon.colcon_core.shell:Creating environment hook '/home/starry1n/WUTA/WUTA-FSD/ros2_ws/install/boundary_detector/share/boundary_detector/hook/cmake_prefix_path.ps1'
[1.180s] INFO:colcon.colcon_core.shell:Creating environment descriptor '/home/starry1n/WUTA/WUTA-FSD/ros2_ws/install/boundary_detector/share/boundary_detector/hook/cmake_prefix_path.dsv'
[1.181s] INFO:colcon.colcon_core.shell:Creating environment hook '/home/starry1n/WUTA/WUTA-FSD/ros2_ws/install/boundary_detector/share/boundary_detector/hook/cmake_prefix_path.sh'
[1.182s] Level 1:colcon.colcon_core.environment:checking '/home/starry1n/WUTA/WUTA-FSD/ros2_ws/install/boundary_detector/lib'
[1.182s] Level 1:colcon.colcon_core.environment:checking '/home/starry1n/WUTA/WUTA-FSD/ros2_ws/install/boundary_detector/bin'
[1.182s] Level 1:colcon.colcon_core.environment:checking '/home/starry1n/WUTA/WUTA-FSD/ros2_ws/install/boundary_detector/lib/pkgconfig/boundary_detector.pc'
[1.182s] Level 1:colcon.colcon_core.environment:checking '/home/starry1n/WUTA/WUTA-FSD/ros2_ws/install/boundary_detector/lib/python3.10/site-packages'
[1.183s] Level 1:colcon.colcon_core.environment:checking '/home/starry1n/WUTA/WUTA-FSD/ros2_ws/install/boundary_detector/bin'
[1.183s] INFO:colcon.colcon_core.shell:Creating package script '/home/starry1n/WUTA/WUTA-FSD/ros2_ws/install/boundary_detector/share/boundary_detector/package.ps1'
[1.184s] INFO:colcon.colcon_core.shell:Creating package descriptor '/home/starry1n/WUTA/WUTA-FSD/ros2_ws/install/boundary_detector/share/boundary_detector/package.dsv'
[1.184s] DEBUG:colcon.colcon_core.event_handler.log_command:Invoking command in '/home/starry1n/WUTA/WUTA-FSD/ros2_ws/build/controller': AMENT_PREFIX_PATH=/home/starry1n/WUTA/WUTA-FSD/ros2_ws/install/wuta_msgs:/home/starry1n/WUTA/WUTA-FSD/ros2_ws/install/autoware_msgs:${AMENT_PREFIX_PATH} CMAKE_PREFIX_PATH=/home/starry1n/WUTA/WUTA-FSD/ros2_ws/install/wuta_msgs:/home/starry1n/WUTA/WUTA-FSD/ros2_ws/install/autoware_msgs:/opt/ros/humble LD_LIBRARY_PATH=/home/starry1n/WUTA/WUTA-FSD/ros2_ws/install/wuta_msgs/lib:/home/starry1n/WUTA/WUTA-FSD/ros2_ws/install/autoware_msgs/lib:${LD_LIBRARY_PATH} PYTHONPATH=/home/starry1n/WUTA/WUTA-FSD/ros2_ws/install/wuta_msgs/local/lib/python3.10/dist-packages:/home/starry1n/WUTA/WUTA-FSD/ros2_ws/install/autoware_msgs/local/lib/python3.10/dist-packages:${PYTHONPATH} /usr/bin/cmake --install /home/starry1n/WUTA/WUTA-FSD/ros2_ws/build/controller
[1.184s] DEBUG:colcon.colcon_core.event_handler.log_command:Invoked command in '/home/starry1n/WUTA/WUTA-FSD/ros2_ws/build/boundary_detector' returned '0': AMENT_PREFIX_PATH=/home/starry1n/WUTA/WUTA-FSD/ros2_ws/install/wuta_msgs:/home/starry1n/WUTA/WUTA-FSD/ros2_ws/install/autoware_msgs:${AMENT_PREFIX_PATH} CMAKE_PREFIX_PATH=/home/starry1n/WUTA/WUTA-FSD/ros2_ws/install/wuta_msgs:/home/starry1n/WUTA/WUTA-FSD/ros2_ws/install/autoware_msgs:/opt/ros/humble LD_LIBRARY_PATH=/home/starry1n/WUTA/WUTA-FSD/ros2_ws/install/wuta_msgs/lib:/home/starry1n/WUTA/WUTA-FSD/ros2_ws/install/autoware_msgs/lib:${LD_LIBRARY_PATH} PYTHONPATH=/home/starry1n/WUTA/WUTA-FSD/ros2_ws/install/wuta_msgs/local/lib/python3.10/dist-packages:/home/starry1n/WUTA/WUTA-FSD/ros2_ws/install/autoware_msgs/local/lib/python3.10/dist-packages:${PYTHONPATH} /usr/bin/cmake --install /home/starry1n/WUTA/WUTA-FSD/ros2_ws/build/boundary_detector
[1.185s] INFO:colcon.colcon_core.shell:Creating package script '/home/starry1n/WUTA/WUTA-FSD/ros2_ws/install/boundary_detector/share/boundary_detector/package.sh'
[1.185s] INFO:colcon.colcon_core.shell:Creating package script '/home/starry1n/WUTA/WUTA-FSD/ros2_ws/install/boundary_detector/share/boundary_detector/package.bash'
[1.187s] INFO:colcon.colcon_core.shell:Creating package script '/home/starry1n/WUTA/WUTA-FSD/ros2_ws/install/boundary_detector/share/boundary_detector/package.zsh'
[1.188s] Level 1:colcon.colcon_core.environment:create_file_with_runtime_dependencies(/home/starry1n/WUTA/WUTA-FSD/ros2_ws/install/boundary_detector/share/colcon-core/packages/boundary_detector)
[1.190s] Level 1:colcon.colcon_core.environment:create_environment_scripts_only(boundary_detector)
[1.191s] Level 1:colcon.colcon_core.environment:checking '/home/starry1n/WUTA/WUTA-FSD/ros2_ws/install/boundary_detector' for CMake module files
[1.191s] Level 1:colcon.colcon_core.environment:checking '/home/starry1n/WUTA/WUTA-FSD/ros2_ws/install/boundary_detector' for CMake config files
[1.191s] Level 1:colcon.colcon_core.shell:create_environment_hook('boundary_detector', 'cmake_prefix_path')
[1.191s] INFO:colcon.colcon_core.shell:Creating environment hook '/home/starry1n/WUTA/WUTA-FSD/ros2_ws/install/boundary_detector/share/boundary_detector/hook/cmake_prefix_path.ps1'
[1.192s] INFO:colcon.colcon_core.shell:Creating environment descriptor '/home/starry1n/WUTA/WUTA-FSD/ros2_ws/install/boundary_detector/share/boundary_detector/hook/cmake_prefix_path.dsv'
[1.192s] INFO:colcon.colcon_core.shell:Creating environment hook '/home/starry1n/WUTA/WUTA-FSD/ros2_ws/install/boundary_detector/share/boundary_detector/hook/cmake_prefix_path.sh'
[1.193s] Level 1:colcon.colcon_core.environment:checking '/home/starry1n/WUTA/WUTA-FSD/ros2_ws/install/boundary_detector/lib'
[1.193s] Level 1:colcon.colcon_core.environment:checking '/home/starry1n/WUTA/WUTA-FSD/ros2_ws/install/boundary_detector/bin'
[1.193s] Level 1:colcon.colcon_core.environment:checking '/home/starry1n/WUTA/WUTA-FSD/ros2_ws/install/boundary_detector/lib/pkgconfig/boundary_detector.pc'
[1.194s] Level 1:colcon.colcon_core.environment:checking '/home/starry1n/WUTA/WUTA-FSD/ros2_ws/install/boundary_detector/lib/python3.10/site-packages'
[1.194s] Level 1:colcon.colcon_core.environment:checking '/home/starry1n/WUTA/WUTA-FSD/ros2_ws/install/boundary_detector/bin'
[1.194s] INFO:colcon.colcon_core.shell:Creating package script '/home/starry1n/WUTA/WUTA-FSD/ros2_ws/install/boundary_detector/share/boundary_detector/package.ps1'
[1.196s] INFO:colcon.colcon_core.shell:Creating package descriptor '/home/starry1n/WUTA/WUTA-FSD/ros2_ws/install/boundary_detector/share/boundary_detector/package.dsv'
[1.197s] INFO:colcon.colcon_core.shell:Creating package script '/home/starry1n/WUTA/WUTA-FSD/ros2_ws/install/boundary_detector/share/boundary_detector/package.sh'
[1.198s] INFO:colcon.colcon_core.shell:Creating package script '/home/starry1n/WUTA/WUTA-FSD/ros2_ws/install/boundary_detector/share/boundary_detector/package.bash'
[1.198s] INFO:colcon.colcon_core.shell:Creating package script '/home/starry1n/WUTA/WUTA-FSD/ros2_ws/install/boundary_detector/share/boundary_detector/package.zsh'
[1.199s] Level 1:colcon.colcon_core.environment:create_file_with_runtime_dependencies(/home/starry1n/WUTA/WUTA-FSD/ros2_ws/install/boundary_detector/share/colcon-core/packages/boundary_detector)
[1.208s] Level 1:colcon.colcon_core.environment:create_environment_scripts_only(controller)
[1.208s] Level 1:colcon.colcon_core.environment:checking '/home/starry1n/WUTA/WUTA-FSD/ros2_ws/install/controller' for CMake module files
[1.210s] Level 1:colcon.colcon_core.environment:checking '/home/starry1n/WUTA/WUTA-FSD/ros2_ws/install/controller' for CMake config files
[1.211s] Level 1:colcon.colcon_core.shell:create_environment_hook('controller', 'cmake_prefix_path')
[1.211s] INFO:colcon.colcon_core.shell:Creating environment hook '/home/starry1n/WUTA/WUTA-FSD/ros2_ws/install/controller/share/controller/hook/cmake_prefix_path.ps1'
[1.212s] DEBUG:colcon.colcon_core.event_handler.log_command:Invoked command in '/home/starry1n/WUTA/WUTA-FSD/ros2_ws/build/wuta_tools' returned '0': AMENT_PREFIX_PATH=/home/starry1n/WUTA/WUTA-FSD/ros2_ws/install/wuta_msgs:${AMENT_PREFIX_PATH} CMAKE_PREFIX_PATH=/home/starry1n/WUTA/WUTA-FSD/ros2_ws/install/wuta_msgs:/opt/ros/humble LD_LIBRARY_PATH=/home/starry1n/WUTA/WUTA-FSD/ros2_ws/install/wuta_msgs/lib:${LD_LIBRARY_PATH} PYTHONPATH=/home/starry1n/WUTA/WUTA-FSD/ros2_ws/install/wuta_msgs/local/lib/python3.10/dist-packages:${PYTHONPATH} /usr/bin/cmake --build /home/starry1n/WUTA/WUTA-FSD/ros2_ws/build/wuta_tools -- -j8 -l8
[1.212s] DEBUG:colcon.colcon_core.event_handler.log_command:Invoking command in '/home/starry1n/WUTA/WUTA-FSD/ros2_ws/build/wuta_tools': AMENT_PREFIX_PATH=/home/starry1n/WUTA/WUTA-FSD/ros2_ws/install/wuta_msgs:${AMENT_PREFIX_PATH} CMAKE_PREFIX_PATH=/home/starry1n/WUTA/WUTA-FSD/ros2_ws/install/wuta_msgs:/opt/ros/humble LD_LIBRARY_PATH=/home/starry1n/WUTA/WUTA-FSD/ros2_ws/install/wuta_msgs/lib:${LD_LIBRARY_PATH} PYTHONPATH=/home/starry1n/WUTA/WUTA-FSD/ros2_ws/install/wuta_msgs/local/lib/python3.10/dist-packages:${PYTHONPATH} /usr/bin/cmake --install /home/starry1n/WUTA/WUTA-FSD/ros2_ws/build/wuta_tools
[1.212s] DEBUG:colcon.colcon_core.event_handler.log_command:Invoked command in '/home/starry1n/WUTA/WUTA-FSD/ros2_ws/build/controller' returned '0': AMENT_PREFIX_PATH=/home/starry1n/WUTA/WUTA-FSD/ros2_ws/install/wuta_msgs:/home/starry1n/WUTA/WUTA-FSD/ros2_ws/install/autoware_msgs:${AMENT_PREFIX_PATH} CMAKE_PREFIX_PATH=/home/starry1n/WUTA/WUTA-FSD/ros2_ws/install/wuta_msgs:/home/starry1n/WUTA/WUTA-FSD/ros2_ws/install/autoware_msgs:/opt/ros/humble LD_LIBRARY_PATH=/home/starry1n/WUTA/WUTA-FSD/ros2_ws/install/wuta_msgs/lib:/home/starry1n/WUTA/WUTA-FSD/ros2_ws/install/autoware_msgs/lib:${LD_LIBRARY_PATH} PYTHONPATH=/home/starry1n/WUTA/WUTA-FSD/ros2_ws/install/wuta_msgs/local/lib/python3.10/dist-packages:/home/starry1n/WUTA/WUTA-FSD/ros2_ws/install/autoware_msgs/local/lib/python3.10/dist-packages:${PYTHONPATH} /usr/bin/cmake --install /home/starry1n/WUTA/WUTA-FSD/ros2_ws/build/controller
[1.212s] INFO:colcon.colcon_core.shell:Creating environment descriptor '/home/starry1n/WUTA/WUTA-FSD/ros2_ws/install/controller/share/controller/hook/cmake_prefix_path.dsv'
[1.213s] INFO:colcon.colcon_core.shell:Creating environment hook '/home/starry1n/WUTA/WUTA-FSD/ros2_ws/install/controller/share/controller/hook/cmake_prefix_path.sh'
[1.213s] Level 1:colcon.colcon_core.environment:checking '/home/starry1n/WUTA/WUTA-FSD/ros2_ws/install/controller/lib'
[1.213s] Level 1:colcon.colcon_core.environment:checking '/home/starry1n/WUTA/WUTA-FSD/ros2_ws/install/controller/bin'
[1.214s] Level 1:colcon.colcon_core.environment:checking '/home/starry1n/WUTA/WUTA-FSD/ros2_ws/install/controller/lib/pkgconfig/controller.pc'
[1.214s] Level 1:colcon.colcon_core.environment:checking '/home/starry1n/WUTA/WUTA-FSD/ros2_ws/install/controller/lib/python3.10/site-packages'
[1.214s] Level 1:colcon.colcon_core.environment:checking '/home/starry1n/WUTA/WUTA-FSD/ros2_ws/install/controller/bin'
[1.214s] INFO:colcon.colcon_core.shell:Creating package script '/home/starry1n/WUTA/WUTA-FSD/ros2_ws/install/controller/share/controller/package.ps1'
[1.216s] INFO:colcon.colcon_core.shell:Creating package descriptor '/home/starry1n/WUTA/WUTA-FSD/ros2_ws/install/controller/share/controller/package.dsv'
[1.217s] INFO:colcon.colcon_core.shell:Creating package script '/home/starry1n/WUTA/WUTA-FSD/ros2_ws/install/controller/share/controller/package.sh'
[1.217s] INFO:colcon.colcon_core.shell:Creating package script '/home/starry1n/WUTA/WUTA-FSD/ros2_ws/install/controller/share/controller/package.bash'
[1.217s] INFO:colcon.colcon_core.shell:Creating package script '/home/starry1n/WUTA/WUTA-FSD/ros2_ws/install/controller/share/controller/package.zsh'
[1.218s] Level 1:colcon.colcon_core.environment:create_file_with_runtime_dependencies(/home/starry1n/WUTA/WUTA-FSD/ros2_ws/install/controller/share/colcon-core/packages/controller)
[1.219s] Level 1:colcon.colcon_core.environment:create_environment_scripts_only(controller)
[1.219s] Level 1:colcon.colcon_core.environment:checking '/home/starry1n/WUTA/WUTA-FSD/ros2_ws/install/controller' for CMake module files
[1.219s] Level 1:colcon.colcon_core.environment:checking '/home/starry1n/WUTA/WUTA-FSD/ros2_ws/install/controller' for CMake config files
[1.219s] Level 1:colcon.colcon_core.shell:create_environment_hook('controller', 'cmake_prefix_path')
[1.220s] INFO:colcon.colcon_core.shell:Creating environment hook '/home/starry1n/WUTA/WUTA-FSD/ros2_ws/install/controller/share/controller/hook/cmake_prefix_path.ps1'
[1.220s] INFO:colcon.colcon_core.shell:Creating environment descriptor '/home/starry1n/WUTA/WUTA-FSD/ros2_ws/install/controller/share/controller/hook/cmake_prefix_path.dsv'
[1.221s] INFO:colcon.colcon_core.shell:Creating environment hook '/home/starry1n/WUTA/WUTA-FSD/ros2_ws/install/controller/share/controller/hook/cmake_prefix_path.sh'
[1.222s] Level 1:colcon.colcon_core.environment:checking '/home/starry1n/WUTA/WUTA-FSD/ros2_ws/install/controller/lib'
[1.222s] Level 1:colcon.colcon_core.environment:checking '/home/starry1n/WUTA/WUTA-FSD/ros2_ws/install/controller/bin'
[1.222s] Level 1:colcon.colcon_core.environment:checking '/home/starry1n/WUTA/WUTA-FSD/ros2_ws/install/controller/lib/pkgconfig/controller.pc'
[1.222s] Level 1:colcon.colcon_core.environment:checking '/home/starry1n/WUTA/WUTA-FSD/ros2_ws/install/controller/lib/python3.10/site-packages'
[1.222s] Level 1:colcon.colcon_core.environment:checking '/home/starry1n/WUTA/WUTA-FSD/ros2_ws/install/controller/bin'
[1.223s] INFO:colcon.colcon_core.shell:Creating package script '/home/starry1n/WUTA/WUTA-FSD/ros2_ws/install/controller/share/controller/package.ps1'
[1.223s] INFO:colcon.colcon_core.shell:Creating package descriptor '/home/starry1n/WUTA/WUTA-FSD/ros2_ws/install/controller/share/controller/package.dsv'
[1.224s] INFO:colcon.colcon_core.shell:Creating package script '/home/starry1n/WUTA/WUTA-FSD/ros2_ws/install/controller/share/controller/package.sh'
[1.225s] INFO:colcon.colcon_core.shell:Creating package script '/home/starry1n/WUTA/WUTA-FSD/ros2_ws/install/controller/share/controller/package.bash'
[1.225s] INFO:colcon.colcon_core.shell:Creating package script '/home/starry1n/WUTA/WUTA-FSD/ros2_ws/install/controller/share/controller/package.zsh'
[1.226s] Level 1:colcon.colcon_core.environment:create_file_with_runtime_dependencies(/home/starry1n/WUTA/WUTA-FSD/ros2_ws/install/controller/share/colcon-core/packages/controller)
[1.227s] DEBUG:colcon.colcon_core.event_handler.log_command:Invoked command in '/home/starry1n/WUTA/WUTA-FSD/ros2_ws/build/localization_manager' returned '0': AMENT_PREFIX_PATH=/home/starry1n/WUTA/WUTA-FSD/ros2_ws/install/wuta_msgs:/home/starry1n/WUTA/WUTA-FSD/ros2_ws/install/robot_localization:/home/starry1n/WUTA/WUTA-FSD/ros2_ws/install/kiss_icp:${AMENT_PREFIX_PATH} CMAKE_PREFIX_PATH=/home/starry1n/WUTA/WUTA-FSD/ros2_ws/install/wuta_msgs:/home/starry1n/WUTA/WUTA-FSD/ros2_ws/install/robot_localization:/home/starry1n/WUTA/WUTA-FSD/ros2_ws/install/kiss_icp:/opt/ros/humble LD_LIBRARY_PATH=/home/starry1n/WUTA/WUTA-FSD/ros2_ws/install/wuta_msgs/lib:/home/starry1n/WUTA/WUTA-FSD/ros2_ws/install/robot_localization/lib:/home/starry1n/WUTA/WUTA-FSD/ros2_ws/install/kiss_icp/lib:${LD_LIBRARY_PATH} PYTHONPATH=/home/starry1n/WUTA/WUTA-FSD/ros2_ws/install/wuta_msgs/local/lib/python3.10/dist-packages:/home/starry1n/WUTA/WUTA-FSD/ros2_ws/install/robot_localization/local/lib/python3.10/dist-packages:${PYTHONPATH} /usr/bin/cmake --build /home/starry1n/WUTA/WUTA-FSD/ros2_ws/build/localization_manager -- -j8 -l8
[1.228s] DEBUG:colcon.colcon_core.event_handler.log_command:Invoking command in '/home/starry1n/WUTA/WUTA-FSD/ros2_ws/build/localization_manager': AMENT_PREFIX_PATH=/home/starry1n/WUTA/WUTA-FSD/ros2_ws/install/wuta_msgs:/home/starry1n/WUTA/WUTA-FSD/ros2_ws/install/robot_localization:/home/starry1n/WUTA/WUTA-FSD/ros2_ws/install/kiss_icp:${AMENT_PREFIX_PATH} CMAKE_PREFIX_PATH=/home/starry1n/WUTA/WUTA-FSD/ros2_ws/install/wuta_msgs:/home/starry1n/WUTA/WUTA-FSD/ros2_ws/install/robot_localization:/home/starry1n/WUTA/WUTA-FSD/ros2_ws/install/kiss_icp:/opt/ros/humble LD_LIBRARY_PATH=/home/starry1n/WUTA/WUTA-FSD/ros2_ws/install/wuta_msgs/lib:/home/starry1n/WUTA/WUTA-FSD/ros2_ws/install/robot_localization/lib:/home/starry1n/WUTA/WUTA-FSD/ros2_ws/install/kiss_icp/lib:${LD_LIBRARY_PATH} PYTHONPATH=/home/starry1n/WUTA/WUTA-FSD/ros2_ws/install/wuta_msgs/local/lib/python3.10/dist-packages:/home/starry1n/WUTA/WUTA-FSD/ros2_ws/install/robot_localization/local/lib/python3.10/dist-packages:${PYTHONPATH} /usr/bin/cmake --install /home/starry1n/WUTA/WUTA-FSD/ros2_ws/build/localization_manager
[1.240s] Level 1:colcon.colcon_core.environment:create_environment_scripts_only(wuta_tools)
[1.241s] Level 1:colcon.colcon_core.environment:checking '/home/starry1n/WUTA/WUTA-FSD/ros2_ws/install/wuta_tools' for CMake module files
[1.241s] Level 1:colcon.colcon_core.environment:checking '/home/starry1n/WUTA/WUTA-FSD/ros2_ws/install/wuta_tools' for CMake config files
[1.243s] Level 1:colcon.colcon_core.shell:create_environment_hook('wuta_tools', 'cmake_prefix_path')
[1.243s] INFO:colcon.colcon_core.shell:Creating environment hook '/home/starry1n/WUTA/WUTA-FSD/ros2_ws/install/wuta_tools/share/wuta_tools/hook/cmake_prefix_path.ps1'
[1.246s] DEBUG:colcon.colcon_core.event_handler.log_command:Invoked command in '/home/starry1n/WUTA/WUTA-FSD/ros2_ws/build/wuta_tools' returned '0': AMENT_PREFIX_PATH=/home/starry1n/WUTA/WUTA-FSD/ros2_ws/install/wuta_msgs:${AMENT_PREFIX_PATH} CMAKE_PREFIX_PATH=/home/starry1n/WUTA/WUTA-FSD/ros2_ws/install/wuta_msgs:/opt/ros/humble LD_LIBRARY_PATH=/home/starry1n/WUTA/WUTA-FSD/ros2_ws/install/wuta_msgs/lib:${LD_LIBRARY_PATH} PYTHONPATH=/home/starry1n/WUTA/WUTA-FSD/ros2_ws/install/wuta_msgs/local/lib/python3.10/dist-packages:${PYTHONPATH} /usr/bin/cmake --install /home/starry1n/WUTA/WUTA-FSD/ros2_ws/build/wuta_tools
[1.247s] INFO:colcon.colcon_core.shell:Creating environment descriptor '/home/starry1n/WUTA/WUTA-FSD/ros2_ws/install/wuta_tools/share/wuta_tools/hook/cmake_prefix_path.dsv'
[1.249s] INFO:colcon.colcon_core.shell:Creating environment hook '/home/starry1n/WUTA/WUTA-FSD/ros2_ws/install/wuta_tools/share/wuta_tools/hook/cmake_prefix_path.sh'
[1.250s] Level 1:colcon.colcon_core.environment:checking '/home/starry1n/WUTA/WUTA-FSD/ros2_ws/install/wuta_tools/bin'
[1.250s] Level 1:colcon.colcon_core.environment:checking '/home/starry1n/WUTA/WUTA-FSD/ros2_ws/install/wuta_tools/lib/pkgconfig/wuta_tools.pc'
[1.250s] Level 1:colcon.colcon_core.environment:checking '/home/starry1n/WUTA/WUTA-FSD/ros2_ws/install/wuta_tools/lib/python3.10/site-packages'
[1.251s] Level 1:colcon.colcon_core.environment:checking '/home/starry1n/WUTA/WUTA-FSD/ros2_ws/install/wuta_tools/bin'
[1.251s] INFO:colcon.colcon_core.shell:Creating package script '/home/starry1n/WUTA/WUTA-FSD/ros2_ws/install/wuta_tools/share/wuta_tools/package.ps1'
[1.253s] INFO:colcon.colcon_core.shell:Creating package descriptor '/home/starry1n/WUTA/WUTA-FSD/ros2_ws/install/wuta_tools/share/wuta_tools/package.dsv'
[1.254s] INFO:colcon.colcon_core.shell:Creating package script '/home/starry1n/WUTA/WUTA-FSD/ros2_ws/install/wuta_tools/share/wuta_tools/package.sh'
[1.255s] INFO:colcon.colcon_core.shell:Creating package script '/home/starry1n/WUTA/WUTA-FSD/ros2_ws/install/wuta_tools/share/wuta_tools/package.bash'
[1.256s] INFO:colcon.colcon_core.shell:Creating package script '/home/starry1n/WUTA/WUTA-FSD/ros2_ws/install/wuta_tools/share/wuta_tools/package.zsh'
[1.256s] Level 1:colcon.colcon_core.environment:create_file_with_runtime_dependencies(/home/starry1n/WUTA/WUTA-FSD/ros2_ws/install/wuta_tools/share/colcon-core/packages/wuta_tools)
[1.257s] Level 1:colcon.colcon_core.environment:create_environment_scripts_only(wuta_tools)
[1.257s] Level 1:colcon.colcon_core.environment:checking '/home/starry1n/WUTA/WUTA-FSD/ros2_ws/install/wuta_tools' for CMake module files
[1.258s] Level 1:colcon.colcon_core.environment:checking '/home/starry1n/WUTA/WUTA-FSD/ros2_ws/install/wuta_tools' for CMake config files
[1.258s] Level 1:colcon.colcon_core.shell:create_environment_hook('wuta_tools', 'cmake_prefix_path')
[1.258s] INFO:colcon.colcon_core.shell:Creating environment hook '/home/starry1n/WUTA/WUTA-FSD/ros2_ws/install/wuta_tools/share/wuta_tools/hook/cmake_prefix_path.ps1'
[1.258s] INFO:colcon.colcon_core.shell:Creating environment descriptor '/home/starry1n/WUTA/WUTA-FSD/ros2_ws/install/wuta_tools/share/wuta_tools/hook/cmake_prefix_path.dsv'
[1.259s] INFO:colcon.colcon_core.shell:Creating environment hook '/home/starry1n/WUTA/WUTA-FSD/ros2_ws/install/wuta_tools/share/wuta_tools/hook/cmake_prefix_path.sh'
[1.259s] Level 1:colcon.colcon_core.environment:checking '/home/starry1n/WUTA/WUTA-FSD/ros2_ws/install/wuta_tools/bin'
[1.259s] Level 1:colcon.colcon_core.environment:checking '/home/starry1n/WUTA/WUTA-FSD/ros2_ws/install/wuta_tools/lib/pkgconfig/wuta_tools.pc'
[1.259s] Level 1:colcon.colcon_core.environment:checking '/home/starry1n/WUTA/WUTA-FSD/ros2_ws/install/wuta_tools/lib/python3.10/site-packages'
[1.260s] Level 1:colcon.colcon_core.environment:checking '/home/starry1n/WUTA/WUTA-FSD/ros2_ws/install/wuta_tools/bin'
[1.260s] INFO:colcon.colcon_core.shell:Creating package script '/home/starry1n/WUTA/WUTA-FSD/ros2_ws/install/wuta_tools/share/wuta_tools/package.ps1'
[1.260s] INFO:colcon.colcon_core.shell:Creating package descriptor '/home/starry1n/WUTA/WUTA-FSD/ros2_ws/install/wuta_tools/share/wuta_tools/package.dsv'
[1.261s] INFO:colcon.colcon_core.shell:Creating package script '/home/starry1n/WUTA/WUTA-FSD/ros2_ws/install/wuta_tools/share/wuta_tools/package.sh'
[1.261s] INFO:colcon.colcon_core.shell:Creating package script '/home/starry1n/WUTA/WUTA-FSD/ros2_ws/install/wuta_tools/share/wuta_tools/package.bash'
[1.261s] INFO:colcon.colcon_core.shell:Creating package script '/home/starry1n/WUTA/WUTA-FSD/ros2_ws/install/wuta_tools/share/wuta_tools/package.zsh'
[1.262s] Level 1:colcon.colcon_core.environment:create_file_with_runtime_dependencies(/home/starry1n/WUTA/WUTA-FSD/ros2_ws/install/wuta_tools/share/colcon-core/packages/wuta_tools)
[1.264s] DEBUG:colcon.colcon_core.event_handler.log_command:Invoked command in '/home/starry1n/WUTA/WUTA-FSD/ros2_ws/build/ndt_localization' returned '0': AMENT_PREFIX_PATH=/home/starry1n/WUTA/WUTA-FSD/ros2_ws/install/wuta_msgs:${AMENT_PREFIX_PATH} CMAKE_PREFIX_PATH=/home/starry1n/WUTA/WUTA-FSD/ros2_ws/install/wuta_msgs:/opt/ros/humble LD_LIBRARY_PATH=/home/starry1n/WUTA/WUTA-FSD/ros2_ws/install/wuta_msgs/lib:${LD_LIBRARY_PATH} PYTHONPATH=/home/starry1n/WUTA/WUTA-FSD/ros2_ws/install/wuta_msgs/local/lib/python3.10/dist-packages:${PYTHONPATH} /usr/bin/cmake --build /home/starry1n/WUTA/WUTA-FSD/ros2_ws/build/ndt_localization -- -j8 -l8
[1.265s] DEBUG:colcon.colcon_core.event_handler.log_command:Invoking command in '/home/starry1n/WUTA/WUTA-FSD/ros2_ws/build/ndt_localization': AMENT_PREFIX_PATH=/home/starry1n/WUTA/WUTA-FSD/ros2_ws/install/wuta_msgs:${AMENT_PREFIX_PATH} CMAKE_PREFIX_PATH=/home/starry1n/WUTA/WUTA-FSD/ros2_ws/install/wuta_msgs:/opt/ros/humble LD_LIBRARY_PATH=/home/starry1n/WUTA/WUTA-FSD/ros2_ws/install/wuta_msgs/lib:${LD_LIBRARY_PATH} PYTHONPATH=/home/starry1n/WUTA/WUTA-FSD/ros2_ws/install/wuta_msgs/local/lib/python3.10/dist-packages:${PYTHONPATH} /usr/bin/cmake --install /home/starry1n/WUTA/WUTA-FSD/ros2_ws/build/ndt_localization
[1.266s] DEBUG:colcon.colcon_core.event_handler.log_command:Invoked command in '/home/starry1n/WUTA/WUTA-FSD/ros2_ws/build/path_generator' returned '0': AMENT_PREFIX_PATH=/home/starry1n/WUTA/WUTA-FSD/ros2_ws/install/wuta_msgs:/home/starry1n/WUTA/WUTA-FSD/ros2_ws/install/autoware_msgs:${AMENT_PREFIX_PATH} CMAKE_PREFIX_PATH=/home/starry1n/WUTA/WUTA-FSD/ros2_ws/install/wuta_msgs:/home/starry1n/WUTA/WUTA-FSD/ros2_ws/install/autoware_msgs:/opt/ros/humble LD_LIBRARY_PATH=/home/starry1n/WUTA/WUTA-FSD/ros2_ws/install/wuta_msgs/lib:/home/starry1n/WUTA/WUTA-FSD/ros2_ws/install/autoware_msgs/lib:${LD_LIBRARY_PATH} PYTHONPATH=/home/starry1n/WUTA/WUTA-FSD/ros2_ws/install/wuta_msgs/local/lib/python3.10/dist-packages:/home/starry1n/WUTA/WUTA-FSD/ros2_ws/install/autoware_msgs/local/lib/python3.10/dist-packages:${PYTHONPATH} /usr/bin/cmake --build /home/starry1n/WUTA/WUTA-FSD/ros2_ws/build/path_generator -- -j8 -l8
[1.268s] DEBUG:colcon.colcon_core.event_handler.log_command:Invoking command in '/home/starry1n/WUTA/WUTA-FSD/ros2_ws/build/path_generator': AMENT_PREFIX_PATH=/home/starry1n/WUTA/WUTA-FSD/ros2_ws/install/wuta_msgs:/home/starry1n/WUTA/WUTA-FSD/ros2_ws/install/autoware_msgs:${AMENT_PREFIX_PATH} CMAKE_PREFIX_PATH=/home/starry1n/WUTA/WUTA-FSD/ros2_ws/install/wuta_msgs:/home/starry1n/WUTA/WUTA-FSD/ros2_ws/install/autoware_msgs:/opt/ros/humble LD_LIBRARY_PATH=/home/starry1n/WUTA/WUTA-FSD/ros2_ws/install/wuta_msgs/lib:/home/starry1n/WUTA/WUTA-FSD/ros2_ws/install/autoware_msgs/lib:${LD_LIBRARY_PATH} PYTHONPATH=/home/starry1n/WUTA/WUTA-FSD/ros2_ws/install/wuta_msgs/local/lib/python3.10/dist-packages:/home/starry1n/WUTA/WUTA-FSD/ros2_ws/install/autoware_msgs/local/lib/python3.10/dist-packages:${PYTHONPATH} /usr/bin/cmake --install /home/starry1n/WUTA/WUTA-FSD/ros2_ws/build/path_generator
[1.269s] Level 1:colcon.colcon_core.environment:create_environment_scripts_only(localization_manager)
[1.269s] Level 1:colcon.colcon_core.environment:checking '/home/starry1n/WUTA/WUTA-FSD/ros2_ws/install/localization_manager' for CMake module files
[1.269s] DEBUG:colcon.colcon_core.event_handler.log_command:Invoked command in '/home/starry1n/WUTA/WUTA-FSD/ros2_ws/build/localization_manager' returned '0': AMENT_PREFIX_PATH=/home/starry1n/WUTA/WUTA-FSD/ros2_ws/install/wuta_msgs:/home/starry1n/WUTA/WUTA-FSD/ros2_ws/install/robot_localization:/home/starry1n/WUTA/WUTA-FSD/ros2_ws/install/kiss_icp:${AMENT_PREFIX_PATH} CMAKE_PREFIX_PATH=/home/starry1n/WUTA/WUTA-FSD/ros2_ws/install/wuta_msgs:/home/starry1n/WUTA/WUTA-FSD/ros2_ws/install/robot_localization:/home/starry1n/WUTA/WUTA-FSD/ros2_ws/install/kiss_icp:/opt/ros/humble LD_LIBRARY_PATH=/home/starry1n/WUTA/WUTA-FSD/ros2_ws/install/wuta_msgs/lib:/home/starry1n/WUTA/WUTA-FSD/ros2_ws/install/robot_localization/lib:/home/starry1n/WUTA/WUTA-FSD/ros2_ws/install/kiss_icp/lib:${LD_LIBRARY_PATH} PYTHONPATH=/home/starry1n/WUTA/WUTA-FSD/ros2_ws/install/wuta_msgs/local/lib/python3.10/dist-packages:/home/starry1n/WUTA/WUTA-FSD/ros2_ws/install/robot_localization/local/lib/python3.10/dist-packages:${PYTHONPATH} /usr/bin/cmake --install /home/starry1n/WUTA/WUTA-FSD/ros2_ws/build/localization_manager
[1.270s] Level 1:colcon.colcon_core.environment:checking '/home/starry1n/WUTA/WUTA-FSD/ros2_ws/install/localization_manager' for CMake config files
[1.270s] Level 1:colcon.colcon_core.shell:create_environment_hook('localization_manager', 'cmake_prefix_path')
[1.271s] INFO:colcon.colcon_core.shell:Creating environment hook '/home/starry1n/WUTA/WUTA-FSD/ros2_ws/install/localization_manager/share/localization_manager/hook/cmake_prefix_path.ps1'
[1.272s] INFO:colcon.colcon_core.shell:Creating environment descriptor '/home/starry1n/WUTA/WUTA-FSD/ros2_ws/install/localization_manager/share/localization_manager/hook/cmake_prefix_path.dsv'
[1.273s] INFO:colcon.colcon_core.shell:Creating environment hook '/home/starry1n/WUTA/WUTA-FSD/ros2_ws/install/localization_manager/share/localization_manager/hook/cmake_prefix_path.sh'
[1.275s] Level 1:colcon.colcon_core.environment:checking '/home/starry1n/WUTA/WUTA-FSD/ros2_ws/install/localization_manager/lib'
[1.275s] Level 1:colcon.colcon_core.environment:checking '/home/starry1n/WUTA/WUTA-FSD/ros2_ws/install/localization_manager/bin'
[1.275s] Level 1:colcon.colcon_core.environment:checking '/home/starry1n/WUTA/WUTA-FSD/ros2_ws/install/localization_manager/lib/pkgconfig/localization_manager.pc'
[1.276s] Level 1:colcon.colcon_core.environment:checking '/home/starry1n/WUTA/WUTA-FSD/ros2_ws/install/localization_manager/lib/python3.10/site-packages'
[1.276s] Level 1:colcon.colcon_core.environment:checking '/home/starry1n/WUTA/WUTA-FSD/ros2_ws/install/localization_manager/bin'
[1.276s] INFO:colcon.colcon_core.shell:Creating package script '/home/starry1n/WUTA/WUTA-FSD/ros2_ws/install/localization_manager/share/localization_manager/package.ps1'
[1.277s] INFO:colcon.colcon_core.shell:Creating package descriptor '/home/starry1n/WUTA/WUTA-FSD/ros2_ws/install/localization_manager/share/localization_manager/package.dsv'
[1.278s] INFO:colcon.colcon_core.shell:Creating package script '/home/starry1n/WUTA/WUTA-FSD/ros2_ws/install/localization_manager/share/localization_manager/package.sh'
[1.278s] INFO:colcon.colcon_core.shell:Creating package script '/home/starry1n/WUTA/WUTA-FSD/ros2_ws/install/localization_manager/share/localization_manager/package.bash'
[1.279s] INFO:colcon.colcon_core.shell:Creating package script '/home/starry1n/WUTA/WUTA-FSD/ros2_ws/install/localization_manager/share/localization_manager/package.zsh'
[1.280s] Level 1:colcon.colcon_core.environment:create_file_with_runtime_dependencies(/home/starry1n/WUTA/WUTA-FSD/ros2_ws/install/localization_manager/share/colcon-core/packages/localization_manager)
[1.282s] Level 1:colcon.colcon_core.environment:create_environment_scripts_only(localization_manager)
[1.282s] Level 1:colcon.colcon_core.environment:checking '/home/starry1n/WUTA/WUTA-FSD/ros2_ws/install/localization_manager' for CMake module files
[1.283s] Level 1:colcon.colcon_core.environment:checking '/home/starry1n/WUTA/WUTA-FSD/ros2_ws/install/localization_manager' for CMake config files
[1.283s] Level 1:colcon.colcon_core.shell:create_environment_hook('localization_manager', 'cmake_prefix_path')
[1.284s] INFO:colcon.colcon_core.shell:Creating environment hook '/home/starry1n/WUTA/WUTA-FSD/ros2_ws/install/localization_manager/share/localization_manager/hook/cmake_prefix_path.ps1'
[1.284s] INFO:colcon.colcon_core.shell:Creating environment descriptor '/home/starry1n/WUTA/WUTA-FSD/ros2_ws/install/localization_manager/share/localization_manager/hook/cmake_prefix_path.dsv'
[1.285s] INFO:colcon.colcon_core.shell:Creating environment hook '/home/starry1n/WUTA/WUTA-FSD/ros2_ws/install/localization_manager/share/localization_manager/hook/cmake_prefix_path.sh'
[1.287s] Level 1:colcon.colcon_core.environment:checking '/home/starry1n/WUTA/WUTA-FSD/ros2_ws/install/localization_manager/lib'
[1.287s] Level 1:colcon.colcon_core.environment:checking '/home/starry1n/WUTA/WUTA-FSD/ros2_ws/install/localization_manager/bin'
[1.287s] Level 1:colcon.colcon_core.environment:checking '/home/starry1n/WUTA/WUTA-FSD/ros2_ws/install/localization_manager/lib/pkgconfig/localization_manager.pc'
[1.287s] Level 1:colcon.colcon_core.environment:checking '/home/starry1n/WUTA/WUTA-FSD/ros2_ws/install/localization_manager/lib/python3.10/site-packages'
[1.288s] Level 1:colcon.colcon_core.environment:checking '/home/starry1n/WUTA/WUTA-FSD/ros2_ws/install/localization_manager/bin'
[1.288s] INFO:colcon.colcon_core.shell:Creating package script '/home/starry1n/WUTA/WUTA-FSD/ros2_ws/install/localization_manager/share/localization_manager/package.ps1'
[1.289s] INFO:colcon.colcon_core.shell:Creating package descriptor '/home/starry1n/WUTA/WUTA-FSD/ros2_ws/install/localization_manager/share/localization_manager/package.dsv'
[1.290s] INFO:colcon.colcon_core.shell:Creating package script '/home/starry1n/WUTA/WUTA-FSD/ros2_ws/install/localization_manager/share/localization_manager/package.sh'
[1.290s] INFO:colcon.colcon_core.shell:Creating package script '/home/starry1n/WUTA/WUTA-FSD/ros2_ws/install/localization_manager/share/localization_manager/package.bash'
[1.291s] INFO:colcon.colcon_core.shell:Creating package script '/home/starry1n/WUTA/WUTA-FSD/ros2_ws/install/localization_manager/share/localization_manager/package.zsh'
[1.291s] Level 1:colcon.colcon_core.environment:create_file_with_runtime_dependencies(/home/starry1n/WUTA/WUTA-FSD/ros2_ws/install/localization_manager/share/colcon-core/packages/localization_manager)
[1.292s] Level 1:colcon.colcon_core.environment:create_environment_scripts_only(ndt_localization)
[1.293s] Level 1:colcon.colcon_core.environment:checking '/home/starry1n/WUTA/WUTA-FSD/ros2_ws/install/ndt_localization' for CMake module files
[1.294s] Level 1:colcon.colcon_core.environment:checking '/home/starry1n/WUTA/WUTA-FSD/ros2_ws/install/ndt_localization' for CMake config files
[1.295s] Level 1:colcon.colcon_core.shell:create_environment_hook('ndt_localization', 'cmake_prefix_path')
[1.296s] INFO:colcon.colcon_core.shell:Creating environment hook '/home/starry1n/WUTA/WUTA-FSD/ros2_ws/install/ndt_localization/share/ndt_localization/hook/cmake_prefix_path.ps1'
[1.297s] INFO:colcon.colcon_core.shell:Creating environment descriptor '/home/starry1n/WUTA/WUTA-FSD/ros2_ws/install/ndt_localization/share/ndt_localization/hook/cmake_prefix_path.dsv'
[1.298s] INFO:colcon.colcon_core.shell:Creating environment hook '/home/starry1n/WUTA/WUTA-FSD/ros2_ws/install/ndt_localization/share/ndt_localization/hook/cmake_prefix_path.sh'
[1.300s] DEBUG:colcon.colcon_core.event_handler.log_command:Invoked command in '/home/starry1n/WUTA/WUTA-FSD/ros2_ws/build/ndt_localization' returned '0': AMENT_PREFIX_PATH=/home/starry1n/WUTA/WUTA-FSD/ros2_ws/install/wuta_msgs:${AMENT_PREFIX_PATH} CMAKE_PREFIX_PATH=/home/starry1n/WUTA/WUTA-FSD/ros2_ws/install/wuta_msgs:/opt/ros/humble LD_LIBRARY_PATH=/home/starry1n/WUTA/WUTA-FSD/ros2_ws/install/wuta_msgs/lib:${LD_LIBRARY_PATH} PYTHONPATH=/home/starry1n/WUTA/WUTA-FSD/ros2_ws/install/wuta_msgs/local/lib/python3.10/dist-packages:${PYTHONPATH} /usr/bin/cmake --install /home/starry1n/WUTA/WUTA-FSD/ros2_ws/build/ndt_localization
[1.301s] Level 1:colcon.colcon_core.environment:checking '/home/starry1n/WUTA/WUTA-FSD/ros2_ws/install/ndt_localization/lib'
[1.302s] Level 1:colcon.colcon_core.environment:checking '/home/starry1n/WUTA/WUTA-FSD/ros2_ws/install/ndt_localization/bin'
[1.302s] Level 1:colcon.colcon_core.environment:checking '/home/starry1n/WUTA/WUTA-FSD/ros2_ws/install/ndt_localization/lib/pkgconfig/ndt_localization.pc'
[1.303s] Level 1:colcon.colcon_core.environment:checking '/home/starry1n/WUTA/WUTA-FSD/ros2_ws/install/ndt_localization/lib/python3.10/site-packages'
[1.303s] Level 1:colcon.colcon_core.environment:checking '/home/starry1n/WUTA/WUTA-FSD/ros2_ws/install/ndt_localization/bin'
[1.304s] INFO:colcon.colcon_core.shell:Creating package script '/home/starry1n/WUTA/WUTA-FSD/ros2_ws/install/ndt_localization/share/ndt_localization/package.ps1'
[1.306s] INFO:colcon.colcon_core.shell:Creating package descriptor '/home/starry1n/WUTA/WUTA-FSD/ros2_ws/install/ndt_localization/share/ndt_localization/package.dsv'
[1.307s] INFO:colcon.colcon_core.shell:Creating package script '/home/starry1n/WUTA/WUTA-FSD/ros2_ws/install/ndt_localization/share/ndt_localization/package.sh'
[1.308s] INFO:colcon.colcon_core.shell:Creating package script '/home/starry1n/WUTA/WUTA-FSD/ros2_ws/install/ndt_localization/share/ndt_localization/package.bash'
[1.309s] INFO:colcon.colcon_core.shell:Creating package script '/home/starry1n/WUTA/WUTA-FSD/ros2_ws/install/ndt_localization/share/ndt_localization/package.zsh'
[1.310s] Level 1:colcon.colcon_core.environment:create_file_with_runtime_dependencies(/home/starry1n/WUTA/WUTA-FSD/ros2_ws/install/ndt_localization/share/colcon-core/packages/ndt_localization)
[1.314s] Level 1:colcon.colcon_core.environment:create_environment_scripts_only(ndt_localization)
[1.315s] Level 1:colcon.colcon_core.environment:checking '/home/starry1n/WUTA/WUTA-FSD/ros2_ws/install/ndt_localization' for CMake module files
[1.316s] Level 1:colcon.colcon_core.environment:checking '/home/starry1n/WUTA/WUTA-FSD/ros2_ws/install/ndt_localization' for CMake config files
[1.316s] Level 1:colcon.colcon_core.shell:create_environment_hook('ndt_localization', 'cmake_prefix_path')
[1.316s] INFO:colcon.colcon_core.shell:Creating environment hook '/home/starry1n/WUTA/WUTA-FSD/ros2_ws/install/ndt_localization/share/ndt_localization/hook/cmake_prefix_path.ps1'
[1.318s] INFO:colcon.colcon_core.shell:Creating environment descriptor '/home/starry1n/WUTA/WUTA-FSD/ros2_ws/install/ndt_localization/share/ndt_localization/hook/cmake_prefix_path.dsv'
[1.319s] INFO:colcon.colcon_core.shell:Creating environment hook '/home/starry1n/WUTA/WUTA-FSD/ros2_ws/install/ndt_localization/share/ndt_localization/hook/cmake_prefix_path.sh'
[1.320s] Level 1:colcon.colcon_core.environment:checking '/home/starry1n/WUTA/WUTA-FSD/ros2_ws/install/ndt_localization/lib'
[1.321s] Level 1:colcon.colcon_core.environment:checking '/home/starry1n/WUTA/WUTA-FSD/ros2_ws/install/ndt_localization/bin'
[1.321s] Level 1:colcon.colcon_core.environment:checking '/home/starry1n/WUTA/WUTA-FSD/ros2_ws/install/ndt_localization/lib/pkgconfig/ndt_localization.pc'
[1.321s] Level 1:colcon.colcon_core.environment:checking '/home/starry1n/WUTA/WUTA-FSD/ros2_ws/install/ndt_localization/lib/python3.10/site-packages'
[1.322s] Level 1:colcon.colcon_core.environment:checking '/home/starry1n/WUTA/WUTA-FSD/ros2_ws/install/ndt_localization/bin'
[1.322s] INFO:colcon.colcon_core.shell:Creating package script '/home/starry1n/WUTA/WUTA-FSD/ros2_ws/install/ndt_localization/share/ndt_localization/package.ps1'
[1.324s] INFO:colcon.colcon_core.shell:Creating package descriptor '/home/starry1n/WUTA/WUTA-FSD/ros2_ws/install/ndt_localization/share/ndt_localization/package.dsv'
[1.325s] INFO:colcon.colcon_core.shell:Creating package script '/home/starry1n/WUTA/WUTA-FSD/ros2_ws/install/ndt_localization/share/ndt_localization/package.sh'
[1.326s] INFO:colcon.colcon_core.shell:Creating package script '/home/starry1n/WUTA/WUTA-FSD/ros2_ws/install/ndt_localization/share/ndt_localization/package.bash'
[1.327s] INFO:colcon.colcon_core.shell:Creating package script '/home/starry1n/WUTA/WUTA-FSD/ros2_ws/install/ndt_localization/share/ndt_localization/package.zsh'
[1.328s] Level 1:colcon.colcon_core.environment:create_file_with_runtime_dependencies(/home/starry1n/WUTA/WUTA-FSD/ros2_ws/install/ndt_localization/share/colcon-core/packages/ndt_localization)
[1.328s] Level 1:colcon.colcon_core.environment:create_environment_scripts_only(path_generator)
[1.328s] Level 1:colcon.colcon_core.environment:checking '/home/starry1n/WUTA/WUTA-FSD/ros2_ws/install/path_generator' for CMake module files
[1.329s] Level 1:colcon.colcon_core.environment:checking '/home/starry1n/WUTA/WUTA-FSD/ros2_ws/install/path_generator' for CMake config files
[1.330s] Level 1:colcon.colcon_core.shell:create_environment_hook('path_generator', 'cmake_prefix_path')
[1.330s] INFO:colcon.colcon_core.shell:Creating environment hook '/home/starry1n/WUTA/WUTA-FSD/ros2_ws/install/path_generator/share/path_generator/hook/cmake_prefix_path.ps1'
[1.331s] DEBUG:colcon.colcon_core.event_handler.log_command:Invoked command in '/home/starry1n/WUTA/WUTA-FSD/ros2_ws/build/path_generator' returned '0': AMENT_PREFIX_PATH=/home/starry1n/WUTA/WUTA-FSD/ros2_ws/install/wuta_msgs:/home/starry1n/WUTA/WUTA-FSD/ros2_ws/install/autoware_msgs:${AMENT_PREFIX_PATH} CMAKE_PREFIX_PATH=/home/starry1n/WUTA/WUTA-FSD/ros2_ws/install/wuta_msgs:/home/starry1n/WUTA/WUTA-FSD/ros2_ws/install/autoware_msgs:/opt/ros/humble LD_LIBRARY_PATH=/home/starry1n/WUTA/WUTA-FSD/ros2_ws/install/wuta_msgs/lib:/home/starry1n/WUTA/WUTA-FSD/ros2_ws/install/autoware_msgs/lib:${LD_LIBRARY_PATH} PYTHONPATH=/home/starry1n/WUTA/WUTA-FSD/ros2_ws/install/wuta_msgs/local/lib/python3.10/dist-packages:/home/starry1n/WUTA/WUTA-FSD/ros2_ws/install/autoware_msgs/local/lib/python3.10/dist-packages:${PYTHONPATH} /usr/bin/cmake --install /home/starry1n/WUTA/WUTA-FSD/ros2_ws/build/path_generator
[1.331s] INFO:colcon.colcon_core.shell:Creating environment descriptor '/home/starry1n/WUTA/WUTA-FSD/ros2_ws/install/path_generator/share/path_generator/hook/cmake_prefix_path.dsv'
[1.332s] INFO:colcon.colcon_core.shell:Creating environment hook '/home/starry1n/WUTA/WUTA-FSD/ros2_ws/install/path_generator/share/path_generator/hook/cmake_prefix_path.sh'
[1.334s] Level 1:colcon.colcon_core.environment:checking '/home/starry1n/WUTA/WUTA-FSD/ros2_ws/install/path_generator/lib'
[1.334s] Level 1:colcon.colcon_core.environment:checking '/home/starry1n/WUTA/WUTA-FSD/ros2_ws/install/path_generator/bin'
[1.334s] Level 1:colcon.colcon_core.environment:checking '/home/starry1n/WUTA/WUTA-FSD/ros2_ws/install/path_generator/lib/pkgconfig/path_generator.pc'
[1.334s] Level 1:colcon.colcon_core.environment:checking '/home/starry1n/WUTA/WUTA-FSD/ros2_ws/install/path_generator/lib/python3.10/site-packages'
[1.334s] Level 1:colcon.colcon_core.environment:checking '/home/starry1n/WUTA/WUTA-FSD/ros2_ws/install/path_generator/bin'
[1.334s] INFO:colcon.colcon_core.shell:Creating package script '/home/starry1n/WUTA/WUTA-FSD/ros2_ws/install/path_generator/share/path_generator/package.ps1'
[1.335s] INFO:colcon.colcon_core.shell:Creating package descriptor '/home/starry1n/WUTA/WUTA-FSD/ros2_ws/install/path_generator/share/path_generator/package.dsv'
[1.335s] INFO:colcon.colcon_core.shell:Creating package script '/home/starry1n/WUTA/WUTA-FSD/ros2_ws/install/path_generator/share/path_generator/package.sh'
[1.335s] INFO:colcon.colcon_core.shell:Creating package script '/home/starry1n/WUTA/WUTA-FSD/ros2_ws/install/path_generator/share/path_generator/package.bash'
[1.336s] INFO:colcon.colcon_core.shell:Creating package script '/home/starry1n/WUTA/WUTA-FSD/ros2_ws/install/path_generator/share/path_generator/package.zsh'
[1.336s] Level 1:colcon.colcon_core.environment:create_file_with_runtime_dependencies(/home/starry1n/WUTA/WUTA-FSD/ros2_ws/install/path_generator/share/colcon-core/packages/path_generator)
[1.337s] Level 1:colcon.colcon_core.environment:create_environment_scripts_only(path_generator)
[1.337s] Level 1:colcon.colcon_core.environment:checking '/home/starry1n/WUTA/WUTA-FSD/ros2_ws/install/path_generator' for CMake module files
[1.337s] Level 1:colcon.colcon_core.environment:checking '/home/starry1n/WUTA/WUTA-FSD/ros2_ws/install/path_generator' for CMake config files
[1.337s] Level 1:colcon.colcon_core.shell:create_environment_hook('path_generator', 'cmake_prefix_path')
[1.337s] INFO:colcon.colcon_core.shell:Creating environment hook '/home/starry1n/WUTA/WUTA-FSD/ros2_ws/install/path_generator/share/path_generator/hook/cmake_prefix_path.ps1'
[1.338s] INFO:colcon.colcon_core.shell:Creating environment descriptor '/home/starry1n/WUTA/WUTA-FSD/ros2_ws/install/path_generator/share/path_generator/hook/cmake_prefix_path.dsv'
[1.338s] INFO:colcon.colcon_core.shell:Creating environment hook '/home/starry1n/WUTA/WUTA-FSD/ros2_ws/install/path_generator/share/path_generator/hook/cmake_prefix_path.sh'
[1.338s] Level 1:colcon.colcon_core.environment:checking '/home/starry1n/WUTA/WUTA-FSD/ros2_ws/install/path_generator/lib'
[1.338s] Level 1:colcon.colcon_core.environment:checking '/home/starry1n/WUTA/WUTA-FSD/ros2_ws/install/path_generator/bin'
[1.338s] Level 1:colcon.colcon_core.environment:checking '/home/starry1n/WUTA/WUTA-FSD/ros2_ws/install/path_generator/lib/pkgconfig/path_generator.pc'
[1.339s] Level 1:colcon.colcon_core.environment:checking '/home/starry1n/WUTA/WUTA-FSD/ros2_ws/install/path_generator/lib/python3.10/site-packages'
[1.339s] Level 1:colcon.colcon_core.environment:checking '/home/starry1n/WUTA/WUTA-FSD/ros2_ws/install/path_generator/bin'
[1.339s] INFO:colcon.colcon_core.shell:Creating package script '/home/starry1n/WUTA/WUTA-FSD/ros2_ws/install/path_generator/share/path_generator/package.ps1'
[1.339s] INFO:colcon.colcon_core.shell:Creating package descriptor '/home/starry1n/WUTA/WUTA-FSD/ros2_ws/install/path_generator/share/path_generator/package.dsv'
[1.340s] INFO:colcon.colcon_core.shell:Creating package script '/home/starry1n/WUTA/WUTA-FSD/ros2_ws/install/path_generator/share/path_generator/package.sh'
[1.340s] INFO:colcon.colcon_core.shell:Creating package script '/home/starry1n/WUTA/WUTA-FSD/ros2_ws/install/path_generator/share/path_generator/package.bash'
[1.341s] INFO:colcon.colcon_core.shell:Creating package script '/home/starry1n/WUTA/WUTA-FSD/ros2_ws/install/path_generator/share/path_generator/package.zsh'
[1.341s] Level 1:colcon.colcon_core.environment:create_file_with_runtime_dependencies(/home/starry1n/WUTA/WUTA-FSD/ros2_ws/install/path_generator/share/colcon-core/packages/path_generator)
[10.727s] DEBUG:colcon.colcon_core.event_handler.log_command:Invoked command in '/home/starry1n/WUTA/WUTA-FSD/ros2_ws/build/cone_map_builder' returned '0': AMENT_PREFIX_PATH=/home/starry1n/WUTA/WUTA-FSD/ros2_ws/install/wuta_msgs:${AMENT_PREFIX_PATH} CMAKE_PREFIX_PATH=/home/starry1n/WUTA/WUTA-FSD/ros2_ws/install/wuta_msgs:/opt/ros/humble LD_LIBRARY_PATH=/home/starry1n/WUTA/WUTA-FSD/ros2_ws/install/wuta_msgs/lib:${LD_LIBRARY_PATH} PYTHONPATH=/home/starry1n/WUTA/WUTA-FSD/ros2_ws/install/wuta_msgs/local/lib/python3.10/dist-packages:${PYTHONPATH} /usr/bin/cmake --build /home/starry1n/WUTA/WUTA-FSD/ros2_ws/build/cone_map_builder -- -j8 -l8
[10.728s] DEBUG:colcon.colcon_core.event_handler.log_command:Invoking command in '/home/starry1n/WUTA/WUTA-FSD/ros2_ws/build/cone_map_builder': AMENT_PREFIX_PATH=/home/starry1n/WUTA/WUTA-FSD/ros2_ws/install/wuta_msgs:${AMENT_PREFIX_PATH} CMAKE_PREFIX_PATH=/home/starry1n/WUTA/WUTA-FSD/ros2_ws/install/wuta_msgs:/opt/ros/humble LD_LIBRARY_PATH=/home/starry1n/WUTA/WUTA-FSD/ros2_ws/install/wuta_msgs/lib:${LD_LIBRARY_PATH} PYTHONPATH=/home/starry1n/WUTA/WUTA-FSD/ros2_ws/install/wuta_msgs/local/lib/python3.10/dist-packages:${PYTHONPATH} /usr/bin/cmake --install /home/starry1n/WUTA/WUTA-FSD/ros2_ws/build/cone_map_builder
[10.745s] Level 1:colcon.colcon_core.environment:create_environment_scripts_only(cone_map_builder)
[10.745s] Level 1:colcon.colcon_core.environment:checking '/home/starry1n/WUTA/WUTA-FSD/ros2_ws/install/cone_map_builder' for CMake module files
[10.746s] DEBUG:colcon.colcon_core.event_handler.log_command:Invoked command in '/home/starry1n/WUTA/WUTA-FSD/ros2_ws/build/cone_map_builder' returned '0': AMENT_PREFIX_PATH=/home/starry1n/WUTA/WUTA-FSD/ros2_ws/install/wuta_msgs:${AMENT_PREFIX_PATH} CMAKE_PREFIX_PATH=/home/starry1n/WUTA/WUTA-FSD/ros2_ws/install/wuta_msgs:/opt/ros/humble LD_LIBRARY_PATH=/home/starry1n/WUTA/WUTA-FSD/ros2_ws/install/wuta_msgs/lib:${LD_LIBRARY_PATH} PYTHONPATH=/home/starry1n/WUTA/WUTA-FSD/ros2_ws/install/wuta_msgs/local/lib/python3.10/dist-packages:${PYTHONPATH} /usr/bin/cmake --install /home/starry1n/WUTA/WUTA-FSD/ros2_ws/build/cone_map_builder
[10.746s] Level 1:colcon.colcon_core.environment:checking '/home/starry1n/WUTA/WUTA-FSD/ros2_ws/install/cone_map_builder' for CMake config files
[10.747s] Level 1:colcon.colcon_core.shell:create_environment_hook('cone_map_builder', 'cmake_prefix_path')
[10.748s] INFO:colcon.colcon_core.shell:Creating environment hook '/home/starry1n/WUTA/WUTA-FSD/ros2_ws/install/cone_map_builder/share/cone_map_builder/hook/cmake_prefix_path.ps1'
[10.749s] INFO:colcon.colcon_core.shell:Creating environment descriptor '/home/starry1n/WUTA/WUTA-FSD/ros2_ws/install/cone_map_builder/share/cone_map_builder/hook/cmake_prefix_path.dsv'
[10.749s] INFO:colcon.colcon_core.shell:Creating environment hook '/home/starry1n/WUTA/WUTA-FSD/ros2_ws/install/cone_map_builder/share/cone_map_builder/hook/cmake_prefix_path.sh'
[10.750s] Level 1:colcon.colcon_core.environment:checking '/home/starry1n/WUTA/WUTA-FSD/ros2_ws/install/cone_map_builder/lib'
[10.750s] Level 1:colcon.colcon_core.environment:checking '/home/starry1n/WUTA/WUTA-FSD/ros2_ws/install/cone_map_builder/bin'
[10.750s] Level 1:colcon.colcon_core.environment:checking '/home/starry1n/WUTA/WUTA-FSD/ros2_ws/install/cone_map_builder/lib/pkgconfig/cone_map_builder.pc'
[10.750s] Level 1:colcon.colcon_core.environment:checking '/home/starry1n/WUTA/WUTA-FSD/ros2_ws/install/cone_map_builder/lib/python3.10/site-packages'
[10.750s] Level 1:colcon.colcon_core.environment:checking '/home/starry1n/WUTA/WUTA-FSD/ros2_ws/install/cone_map_builder/bin'
[10.750s] INFO:colcon.colcon_core.shell:Creating package script '/home/starry1n/WUTA/WUTA-FSD/ros2_ws/install/cone_map_builder/share/cone_map_builder/package.ps1'
[10.751s] INFO:colcon.colcon_core.shell:Creating package descriptor '/home/starry1n/WUTA/WUTA-FSD/ros2_ws/install/cone_map_builder/share/cone_map_builder/package.dsv'
[10.751s] INFO:colcon.colcon_core.shell:Creating package script '/home/starry1n/WUTA/WUTA-FSD/ros2_ws/install/cone_map_builder/share/cone_map_builder/package.sh'
[10.751s] INFO:colcon.colcon_core.shell:Creating package script '/home/starry1n/WUTA/WUTA-FSD/ros2_ws/install/cone_map_builder/share/cone_map_builder/package.bash'
[10.752s] INFO:colcon.colcon_core.shell:Creating package script '/home/starry1n/WUTA/WUTA-FSD/ros2_ws/install/cone_map_builder/share/cone_map_builder/package.zsh'
[10.752s] Level 1:colcon.colcon_core.environment:create_file_with_runtime_dependencies(/home/starry1n/WUTA/WUTA-FSD/ros2_ws/install/cone_map_builder/share/colcon-core/packages/cone_map_builder)
[10.753s] Level 1:colcon.colcon_core.environment:create_environment_scripts_only(cone_map_builder)
[10.753s] Level 1:colcon.colcon_core.environment:checking '/home/starry1n/WUTA/WUTA-FSD/ros2_ws/install/cone_map_builder' for CMake module files
[10.754s] Level 1:colcon.colcon_core.environment:checking '/home/starry1n/WUTA/WUTA-FSD/ros2_ws/install/cone_map_builder' for CMake config files
[10.754s] Level 1:colcon.colcon_core.shell:create_environment_hook('cone_map_builder', 'cmake_prefix_path')
[10.754s] INFO:colcon.colcon_core.shell:Creating environment hook '/home/starry1n/WUTA/WUTA-FSD/ros2_ws/install/cone_map_builder/share/cone_map_builder/hook/cmake_prefix_path.ps1'
[10.754s] INFO:colcon.colcon_core.shell:Creating environment descriptor '/home/starry1n/WUTA/WUTA-FSD/ros2_ws/install/cone_map_builder/share/cone_map_builder/hook/cmake_prefix_path.dsv'
[10.755s] INFO:colcon.colcon_core.shell:Creating environment hook '/home/starry1n/WUTA/WUTA-FSD/ros2_ws/install/cone_map_builder/share/cone_map_builder/hook/cmake_prefix_path.sh'
[10.755s] Level 1:colcon.colcon_core.environment:checking '/home/starry1n/WUTA/WUTA-FSD/ros2_ws/install/cone_map_builder/lib'
[10.755s] Level 1:colcon.colcon_core.environment:checking '/home/starry1n/WUTA/WUTA-FSD/ros2_ws/install/cone_map_builder/bin'
[10.755s] Level 1:colcon.colcon_core.environment:checking '/home/starry1n/WUTA/WUTA-FSD/ros2_ws/install/cone_map_builder/lib/pkgconfig/cone_map_builder.pc'
[10.755s] Level 1:colcon.colcon_core.environment:checking '/home/starry1n/WUTA/WUTA-FSD/ros2_ws/install/cone_map_builder/lib/python3.10/site-packages'
[10.756s] Level 1:colcon.colcon_core.environment:checking '/home/starry1n/WUTA/WUTA-FSD/ros2_ws/install/cone_map_builder/bin'
[10.756s] INFO:colcon.colcon_core.shell:Creating package script '/home/starry1n/WUTA/WUTA-FSD/ros2_ws/install/cone_map_builder/share/cone_map_builder/package.ps1'
[10.756s] INFO:colcon.colcon_core.shell:Creating package descriptor '/home/starry1n/WUTA/WUTA-FSD/ros2_ws/install/cone_map_builder/share/cone_map_builder/package.dsv'
[10.756s] INFO:colcon.colcon_core.shell:Creating package script '/home/starry1n/WUTA/WUTA-FSD/ros2_ws/install/cone_map_builder/share/cone_map_builder/package.sh'
[10.757s] INFO:colcon.colcon_core.shell:Creating package script '/home/starry1n/WUTA/WUTA-FSD/ros2_ws/install/cone_map_builder/share/cone_map_builder/package.bash'
[10.757s] INFO:colcon.colcon_core.shell:Creating package script '/home/starry1n/WUTA/WUTA-FSD/ros2_ws/install/cone_map_builder/share/cone_map_builder/package.zsh'
[10.757s] Level 1:colcon.colcon_core.environment:create_file_with_runtime_dependencies(/home/starry1n/WUTA/WUTA-FSD/ros2_ws/install/cone_map_builder/share/colcon-core/packages/cone_map_builder)
[10.757s] DEBUG:colcon.colcon_parallel_executor.executor.parallel:closing loop
[10.758s] DEBUG:colcon.colcon_parallel_executor.executor.parallel:loop closed
[10.758s] DEBUG:colcon.colcon_parallel_executor.executor.parallel:run_until_complete finished with '0'
[10.758s] DEBUG:colcon.colcon_core.event_reactor:joining thread
[10.762s] INFO:colcon.colcon_core.plugin_system:Skipping extension 'colcon_notification.desktop_notification.terminal_notifier': Not used on non-Darwin systems
[10.762s] INFO:colcon.colcon_core.plugin_system:Skipping extension 'colcon_notification.desktop_notification.win32': Not used on non-Windows systems
[10.762s] INFO:colcon.colcon_notification.desktop_notification:Sending desktop notification using 'notify2'
[10.770s] DEBUG:colcon.colcon_core.event_reactor:joined thread
[10.770s] INFO:colcon.colcon_core.shell:Creating prefix script '/home/starry1n/WUTA/WUTA-FSD/ros2_ws/install/local_setup.ps1'
[10.771s] INFO:colcon.colcon_core.shell:Creating prefix util module '/home/starry1n/WUTA/WUTA-FSD/ros2_ws/install/_local_setup_util_ps1.py'
[10.772s] INFO:colcon.colcon_core.shell:Creating prefix chain script '/home/starry1n/WUTA/WUTA-FSD/ros2_ws/install/setup.ps1'
[10.773s] INFO:colcon.colcon_core.shell:Creating prefix script '/home/starry1n/WUTA/WUTA-FSD/ros2_ws/install/local_setup.sh'
[10.773s] INFO:colcon.colcon_core.shell:Creating prefix util module '/home/starry1n/WUTA/WUTA-FSD/ros2_ws/install/_local_setup_util_sh.py'
[10.774s] INFO:colcon.colcon_core.shell:Creating prefix chain script '/home/starry1n/WUTA/WUTA-FSD/ros2_ws/install/setup.sh'
[10.774s] INFO:colcon.colcon_core.shell:Creating prefix script '/home/starry1n/WUTA/WUTA-FSD/ros2_ws/install/local_setup.bash'
[10.775s] INFO:colcon.colcon_core.shell:Creating prefix chain script '/home/starry1n/WUTA/WUTA-FSD/ros2_ws/install/setup.bash'
[10.775s] INFO:colcon.colcon_core.shell:Creating prefix script '/home/starry1n/WUTA/WUTA-FSD/ros2_ws/install/local_setup.zsh'
[10.776s] INFO:colcon.colcon_core.shell:Creating prefix chain script '/home/starry1n/WUTA/WUTA-FSD/ros2_ws/install/setup.zsh'
