[0.000000] (-) TimerEvent: {}
[0.000119] (autoware_msgs) JobQueued: {'identifier': 'autoware_msgs', 'dependencies': OrderedDict()}
[0.000142] (kiss_icp) JobQueued: {'identifier': 'kiss_icp', 'dependencies': OrderedDict()}
[0.000175] (robot_localization) JobQueued: {'identifier': 'robot_localization', 'dependencies': OrderedDict()}
[0.000385] (wuta_msgs) JobQueued: {'identifier': 'wuta_msgs', 'dependencies': OrderedDict()}
[0.000411] (boundary_detector) JobQueued: {'identifier': 'boundary_detector', 'dependencies': OrderedDict([('autoware_msgs', '/home/starry1n/WUTA/WUTA-FSD/ros2_ws/install/autoware_msgs'), ('wuta_msgs', '/home/starry1n/WUTA/WUTA-FSD/ros2_ws/install/wuta_msgs')])}
[0.000426] (camera_detection) JobQueued: {'identifier': 'camera_detection', 'dependencies': OrderedDict([('wuta_msgs', '/home/starry1n/WUTA/WUTA-FSD/ros2_ws/install/wuta_msgs')])}
[0.000436] (cone_map_builder) JobQueued: {'identifier': 'cone_map_builder', 'dependencies': OrderedDict([('wuta_msgs', '/home/starry1n/WUTA/WUTA-FSD/ros2_ws/install/wuta_msgs')])}
[0.000446] (controller) JobQueued: {'identifier': 'controller', 'dependencies': OrderedDict([('autoware_msgs', '/home/starry1n/WUTA/WUTA-FSD/ros2_ws/install/autoware_msgs'), ('wuta_msgs', '/home/starry1n/WUTA/WUTA-FSD/ros2_ws/install/wuta_msgs')])}
[0.000455] (detection_fusion) JobQueued: {'identifier': 'detection_fusion', 'dependencies': OrderedDict([('wuta_msgs', '/home/starry1n/WUTA/WUTA-FSD/ros2_ws/install/wuta_msgs')])}
[0.000959] (kiss_icp_wrapper) JobQueued: {'identifier': 'kiss_icp_wrapper', 'dependencies': OrderedDict([('wuta_msgs', '/home/starry1n/WUTA/WUTA-FSD/ros2_ws/install/wuta_msgs')])}
[0.000977] (lidar_detection) JobQueued: {'identifier': 'lidar_detection', 'dependencies': OrderedDict([('wuta_msgs', '/home/starry1n/WUTA/WUTA-FSD/ros2_ws/install/wuta_msgs')])}
[0.000987] (localization_manager) JobQueued: {'identifier': 'localization_manager', 'dependencies': OrderedDict([('kiss_icp', '/home/starry1n/WUTA/WUTA-FSD/ros2_ws/install/kiss_icp'), ('robot_localization', '/home/starry1n/WUTA/WUTA-FSD/ros2_ws/install/robot_localization'), ('wuta_msgs', '/home/starry1n/WUTA/WUTA-FSD/ros2_ws/install/wuta_msgs')])}
[0.000999] (mission_manager) JobQueued: {'identifier': 'mission_manager', 'dependencies': OrderedDict([('wuta_msgs', '/home/starry1n/WUTA/WUTA-FSD/ros2_ws/install/wuta_msgs')])}
[0.001013] (ndt_localization) JobQueued: {'identifier': 'ndt_localization', 'dependencies': OrderedDict([('wuta_msgs', '/home/starry1n/WUTA/WUTA-FSD/ros2_ws/install/wuta_msgs')])}
[0.001023] (path_generator) JobQueued: {'identifier': 'path_generator', 'dependencies': OrderedDict([('autoware_msgs', '/home/starry1n/WUTA/WUTA-FSD/ros2_ws/install/autoware_msgs'), ('wuta_msgs', '/home/starry1n/WUTA/WUTA-FSD/ros2_ws/install/wuta_msgs')])}
[0.001206] (wuta_tools) JobQueued: {'identifier': 'wuta_tools', 'dependencies': OrderedDict([('wuta_msgs', '/home/starry1n/WUTA/WUTA-FSD/ros2_ws/install/wuta_msgs')])}
[0.001223] (wuta_msgs) JobStarted: {'identifier': 'wuta_msgs'}
[0.004653] (autoware_msgs) JobStarted: {'identifier': 'autoware_msgs'}
[0.007009] (kiss_icp) JobStarted: {'identifier': 'kiss_icp'}
[0.009565] (robot_localization) JobStarted: {'identifier': 'robot_localization'}
[0.012683] (wuta_msgs) JobProgress: {'identifier': 'wuta_msgs', 'progress': 'cmake'}
[0.013330] (wuta_msgs) JobProgress: {'identifier': 'wuta_msgs', 'progress': 'build'}
[0.014079] (wuta_msgs) Command: {'cmd': ['/usr/bin/cmake', '--build', '/home/starry1n/WUTA/WUTA-FSD/ros2_ws/build/wuta_msgs', '--', '-j8', '-l8'], 'cwd': '/home/starry1n/WUTA/WUTA-FSD/ros2_ws/build/wuta_msgs', 'env': OrderedDict([('LESSOPEN', '| /usr/bin/lesspipe %s'), ('LANGUAGE', 'zh_CN:zh'), ('USER', 'starry1n'), ('XDG_SESSION_TYPE', 'wayland'), ('SHLVL', '3'), ('LD_LIBRARY_PATH', '/opt/ros/humble/opt/rviz_ogre_vendor/lib:/opt/ros/humble/lib/x86_64-linux-gnu:/opt/ros/humble/lib'), ('HOME', '/home/starry1n'), ('OLDPWD', '/home/starry1n/WUTA/WUTA-FSD'), ('DESKTOP_SESSION', 'ubuntu'), ('ROS_PYTHON_VERSION', '3'), ('GNOME_SHELL_SESSION_MODE', 'ubuntu'), ('GTK_MODULES', 'gail:atk-bridge'), ('SYSTEMD_EXEC_PID', '2566'), ('DBUS_SESSION_BUS_ADDRESS', 'unix:path=/run/user/1000/bus'), ('COLORTERM', 'truecolor'), ('IM_CONFIG_PHASE', '1'), ('WAYLAND_DISPLAY', 'wayland-0'), ('ROS_DISTRO', 'humble'), ('LOGNAME', 'starry1n'), ('_', '/usr/bin/colcon'), ('ROS_VERSION', '2'), ('XDG_SESSION_CLASS', 'user'), ('USERNAME', 'starry1n'), ('TERM', 'xterm-256color'), ('GNOME_DESKTOP_SESSION_ID', 'this-is-deprecated'), ('ROS_LOCALHOST_ONLY', '0'), ('PATH', '/home/starry1n/.local/bin:/opt/ros/humble/bin:/home/starry1n/.local/bin:/usr/local/sbin:/usr/local/bin:/usr/sbin:/usr/bin:/sbin:/bin:/usr/games:/usr/local/games:/snap/bin:/snap/bin'), ('SESSION_MANAGER', 'local/starry1n-virtual-machine:@/tmp/.ICE-unix/2321,unix/starry1n-virtual-machine:/tmp/.ICE-unix/2321'), ('XDG_MENU_PREFIX', 'gnome-'), ('GNOME_TERMINAL_SCREEN', '/org/gnome/Terminal/screen/948911c1_b87d_475f_a792_006550dcd166'), ('GNOME_SETUP_DISPLAY', ':1'), ('XDG_RUNTIME_DIR', '/run/user/1000'), ('DISPLAY', ':0'), ('LANG', 'zh_CN.UTF-8'), ('XDG_CURRENT_DESKTOP', 'ubuntu:GNOME'), ('XMODIFIERS', '@im=ibus'), ('XDG_SESSION_DESKTOP', 'ubuntu'), ('XAUTHORITY', '/run/user/1000/.mutter-Xwaylandauth.H6FRS3'), ('LS_COLORS', 'rs=0:di=01;34:ln=01;36:mh=00:pi=40;33:so=01;35:do=01;35:bd=40;33;01:cd=40;33;01:or=40;31;01:mi=00:su=37;41:sg=30;43:ca=30;41:tw=30;42:ow=34;42:st=37;44:ex=01;32:*.tar=01;31:*.tgz=01;31:*.arc=01;31:*.arj=01;31:*.taz=01;31:*.lha=01;31:*.lz4=01;31:*.lzh=01;31:*.lzma=01;31:*.tlz=01;31:*.txz=01;31:*.tzo=01;31:*.t7z=01;31:*.zip=01;31:*.z=01;31:*.dz=01;31:*.gz=01;31:*.lrz=01;31:*.lz=01;31:*.lzo=01;31:*.xz=01;31:*.zst=01;31:*.tzst=01;31:*.bz2=01;31:*.bz=01;31:*.tbz=01;31:*.tbz2=01;31:*.tz=01;31:*.deb=01;31:*.rpm=01;31:*.jar=01;31:*.war=01;31:*.ear=01;31:*.sar=01;31:*.rar=01;31:*.alz=01;31:*.ace=01;31:*.zoo=01;31:*.cpio=01;31:*.7z=01;31:*.rz=01;31:*.cab=01;31:*.wim=01;31:*.swm=01;31:*.dwm=01;31:*.esd=01;31:*.jpg=01;35:*.jpeg=01;35:*.mjpg=01;35:*.mjpeg=01;35:*.gif=01;35:*.bmp=01;35:*.pbm=01;35:*.pgm=01;35:*.ppm=01;35:*.tga=01;35:*.xbm=01;35:*.xpm=01;35:*.tif=01;35:*.tiff=01;35:*.png=01;35:*.svg=01;35:*.svgz=01;35:*.mng=01;35:*.pcx=01;35:*.mov=01;35:*.mpg=01;35:*.mpeg=01;35:*.m2v=01;35:*.mkv=01;35:*.webm=01;35:*.webp=01;35:*.ogm=01;35:*.mp4=01;35:*.m4v=01;35:*.mp4v=01;35:*.vob=01;35:*.qt=01;35:*.nuv=01;35:*.wmv=01;35:*.asf=01;35:*.rm=01;35:*.rmvb=01;35:*.flc=01;35:*.avi=01;35:*.fli=01;35:*.flv=01;35:*.gl=01;35:*.dl=01;35:*.xcf=01;35:*.xwd=01;35:*.yuv=01;35:*.cgm=01;35:*.emf=01;35:*.ogv=01;35:*.ogx=01;35:*.aac=00;36:*.au=00;36:*.flac=00;36:*.m4a=00;36:*.mid=00;36:*.midi=00;36:*.mka=00;36:*.mp3=00;36:*.mpc=00;36:*.ogg=00;36:*.ra=00;36:*.wav=00;36:*.oga=00;36:*.opus=00;36:*.spx=00;36:*.xspf=00;36:'), ('GNOME_TERMINAL_SERVICE', ':1.155'), ('SSH_AGENT_LAUNCHER', 'gnome-keyring'), ('SSH_AUTH_SOCK', '/run/user/1000/keyring/ssh'), ('AMENT_PREFIX_PATH', '/opt/ros/humble'), ('SHELL', '/bin/bash'), ('QT_ACCESSIBILITY', '1'), ('GDMSESSION', 'ubuntu'), ('LESSCLOSE', '/usr/bin/lesspipe %s %s'), ('QT_IM_MODULE', 'ibus'), ('PWD', '/home/starry1n/WUTA/WUTA-FSD/ros2_ws/build/wuta_msgs'), ('XDG_CONFIG_DIRS', '/etc/xdg/xdg-ubuntu:/etc/xdg'), ('XDG_DATA_DIRS', '/usr/share/ubuntu:/usr/local/share/:/usr/share/:/var/lib/snapd/desktop'), ('PYTHONPATH', '/opt/ros/humble/lib/python3.10/site-packages:/opt/ros/humble/local/lib/python3.10/dist-packages'), ('COLCON', '1'), ('VTE_VERSION', '6800'), ('CMAKE_PREFIX_PATH', '/opt/ros/humble')]), 'shell': False}
[0.016330] (autoware_msgs) JobProgress: {'identifier': 'autoware_msgs', 'progress': 'cmake'}
[0.016883] (autoware_msgs) JobProgress: {'identifier': 'autoware_msgs', 'progress': 'build'}
[0.017646] (autoware_msgs) Command: {'cmd': ['/usr/bin/cmake', '--build', '/home/starry1n/WUTA/WUTA-FSD/ros2_ws/build/autoware_msgs', '--', '-j8', '-l8'], 'cwd': '/home/starry1n/WUTA/WUTA-FSD/ros2_ws/build/autoware_msgs', 'env': OrderedDict([('LESSOPEN', '| /usr/bin/lesspipe %s'), ('LANGUAGE', 'zh_CN:zh'), ('USER', 'starry1n'), ('XDG_SESSION_TYPE', 'wayland'), ('SHLVL', '3'), ('LD_LIBRARY_PATH', '/opt/ros/humble/opt/rviz_ogre_vendor/lib:/opt/ros/humble/lib/x86_64-linux-gnu:/opt/ros/humble/lib'), ('HOME', '/home/starry1n'), ('OLDPWD', '/home/starry1n/WUTA/WUTA-FSD'), ('DESKTOP_SESSION', 'ubuntu'), ('ROS_PYTHON_VERSION', '3'), ('GNOME_SHELL_SESSION_MODE', 'ubuntu'), ('GTK_MODULES', 'gail:atk-bridge'), ('SYSTEMD_EXEC_PID', '2566'), ('DBUS_SESSION_BUS_ADDRESS', 'unix:path=/run/user/1000/bus'), ('COLORTERM', 'truecolor'), ('IM_CONFIG_PHASE', '1'), ('WAYLAND_DISPLAY', 'wayland-0'), ('ROS_DISTRO', 'humble'), ('LOGNAME', 'starry1n'), ('_', '/usr/bin/colcon'), ('ROS_VERSION', '2'), ('XDG_SESSION_CLASS', 'user'), ('USERNAME', 'starry1n'), ('TERM', 'xterm-256color'), ('GNOME_DESKTOP_SESSION_ID', 'this-is-deprecated'), ('ROS_LOCALHOST_ONLY', '0'), ('PATH', '/home/starry1n/.local/bin:/opt/ros/humble/bin:/home/starry1n/.local/bin:/usr/local/sbin:/usr/local/bin:/usr/sbin:/usr/bin:/sbin:/bin:/usr/games:/usr/local/games:/snap/bin:/snap/bin'), ('SESSION_MANAGER', 'local/starry1n-virtual-machine:@/tmp/.ICE-unix/2321,unix/starry1n-virtual-machine:/tmp/.ICE-unix/2321'), ('XDG_MENU_PREFIX', 'gnome-'), ('GNOME_TERMINAL_SCREEN', '/org/gnome/Terminal/screen/948911c1_b87d_475f_a792_006550dcd166'), ('GNOME_SETUP_DISPLAY', ':1'), ('XDG_RUNTIME_DIR', '/run/user/1000'), ('DISPLAY', ':0'), ('LANG', 'zh_CN.UTF-8'), ('XDG_CURRENT_DESKTOP', 'ubuntu:GNOME'), ('XMODIFIERS', '@im=ibus'), ('XDG_SESSION_DESKTOP', 'ubuntu'), ('XAUTHORITY', '/run/user/1000/.mutter-Xwaylandauth.H6FRS3'), ('LS_COLORS', 'rs=0:di=01;34:ln=01;36:mh=00:pi=40;33:so=01;35:do=01;35:bd=40;33;01:cd=40;33;01:or=40;31;01:mi=00:su=37;41:sg=30;43:ca=30;41:tw=30;42:ow=34;42:st=37;44:ex=01;32:*.tar=01;31:*.tgz=01;31:*.arc=01;31:*.arj=01;31:*.taz=01;31:*.lha=01;31:*.lz4=01;31:*.lzh=01;31:*.lzma=01;31:*.tlz=01;31:*.txz=01;31:*.tzo=01;31:*.t7z=01;31:*.zip=01;31:*.z=01;31:*.dz=01;31:*.gz=01;31:*.lrz=01;31:*.lz=01;31:*.lzo=01;31:*.xz=01;31:*.zst=01;31:*.tzst=01;31:*.bz2=01;31:*.bz=01;31:*.tbz=01;31:*.tbz2=01;31:*.tz=01;31:*.deb=01;31:*.rpm=01;31:*.jar=01;31:*.war=01;31:*.ear=01;31:*.sar=01;31:*.rar=01;31:*.alz=01;31:*.ace=01;31:*.zoo=01;31:*.cpio=01;31:*.7z=01;31:*.rz=01;31:*.cab=01;31:*.wim=01;31:*.swm=01;31:*.dwm=01;31:*.esd=01;31:*.jpg=01;35:*.jpeg=01;35:*.mjpg=01;35:*.mjpeg=01;35:*.gif=01;35:*.bmp=01;35:*.pbm=01;35:*.pgm=01;35:*.ppm=01;35:*.tga=01;35:*.xbm=01;35:*.xpm=01;35:*.tif=01;35:*.tiff=01;35:*.png=01;35:*.svg=01;35:*.svgz=01;35:*.mng=01;35:*.pcx=01;35:*.mov=01;35:*.mpg=01;35:*.mpeg=01;35:*.m2v=01;35:*.mkv=01;35:*.webm=01;35:*.webp=01;35:*.ogm=01;35:*.mp4=01;35:*.m4v=01;35:*.mp4v=01;35:*.vob=01;35:*.qt=01;35:*.nuv=01;35:*.wmv=01;35:*.asf=01;35:*.rm=01;35:*.rmvb=01;35:*.flc=01;35:*.avi=01;35:*.fli=01;35:*.flv=01;35:*.gl=01;35:*.dl=01;35:*.xcf=01;35:*.xwd=01;35:*.yuv=01;35:*.cgm=01;35:*.emf=01;35:*.ogv=01;35:*.ogx=01;35:*.aac=00;36:*.au=00;36:*.flac=00;36:*.m4a=00;36:*.mid=00;36:*.midi=00;36:*.mka=00;36:*.mp3=00;36:*.mpc=00;36:*.ogg=00;36:*.ra=00;36:*.wav=00;36:*.oga=00;36:*.opus=00;36:*.spx=00;36:*.xspf=00;36:'), ('GNOME_TERMINAL_SERVICE', ':1.155'), ('SSH_AGENT_LAUNCHER', 'gnome-keyring'), ('SSH_AUTH_SOCK', '/run/user/1000/keyring/ssh'), ('AMENT_PREFIX_PATH', '/opt/ros/humble'), ('SHELL', '/bin/bash'), ('QT_ACCESSIBILITY', '1'), ('GDMSESSION', 'ubuntu'), ('LESSCLOSE', '/usr/bin/lesspipe %s %s'), ('QT_IM_MODULE', 'ibus'), ('PWD', '/home/starry1n/WUTA/WUTA-FSD/ros2_ws/build/autoware_msgs'), ('XDG_CONFIG_DIRS', '/etc/xdg/xdg-ubuntu:/etc/xdg'), ('XDG_DATA_DIRS', '/usr/share/ubuntu:/usr/local/share/:/usr/share/:/var/lib/snapd/desktop'), ('PYTHONPATH', '/opt/ros/humble/lib/python3.10/site-packages:/opt/ros/humble/local/lib/python3.10/dist-packages'), ('COLCON', '1'), ('VTE_VERSION', '6800'), ('CMAKE_PREFIX_PATH', '/opt/ros/humble')]), 'shell': False}
[0.020065] (kiss_icp) JobProgress: {'identifier': 'kiss_icp', 'progress': 'cmake'}
[0.020292] (kiss_icp) JobProgress: {'identifier': 'kiss_icp', 'progress': 'build'}
[0.021471] (kiss_icp) Command: {'cmd': ['/usr/bin/cmake', '--build', '/home/starry1n/WUTA/WUTA-FSD/ros2_ws/build/kiss_icp', '--', '-j8', '-l8'], 'cwd': '/home/starry1n/WUTA/WUTA-FSD/ros2_ws/build/kiss_icp', 'env': OrderedDict([('LESSOPEN', '| /usr/bin/lesspipe %s'), ('LANGUAGE', 'zh_CN:zh'), ('USER', 'starry1n'), ('XDG_SESSION_TYPE', 'wayland'), ('SHLVL', '3'), ('LD_LIBRARY_PATH', '/opt/ros/humble/opt/rviz_ogre_vendor/lib:/opt/ros/humble/lib/x86_64-linux-gnu:/opt/ros/humble/lib'), ('HOME', '/home/starry1n'), ('OLDPWD', '/home/starry1n/WUTA/WUTA-FSD'), ('DESKTOP_SESSION', 'ubuntu'), ('ROS_PYTHON_VERSION', '3'), ('GNOME_SHELL_SESSION_MODE', 'ubuntu'), ('GTK_MODULES', 'gail:atk-bridge'), ('SYSTEMD_EXEC_PID', '2566'), ('DBUS_SESSION_BUS_ADDRESS', 'unix:path=/run/user/1000/bus'), ('COLORTERM', 'truecolor'), ('IM_CONFIG_PHASE', '1'), ('WAYLAND_DISPLAY', 'wayland-0'), ('ROS_DISTRO', 'humble'), ('LOGNAME', 'starry1n'), ('_', '/usr/bin/colcon'), ('ROS_VERSION', '2'), ('XDG_SESSION_CLASS', 'user'), ('USERNAME', 'starry1n'), ('TERM', 'xterm-256color'), ('GNOME_DESKTOP_SESSION_ID', 'this-is-deprecated'), ('ROS_LOCALHOST_ONLY', '0'), ('PATH', '/home/starry1n/.local/bin:/opt/ros/humble/bin:/home/starry1n/.local/bin:/usr/local/sbin:/usr/local/bin:/usr/sbin:/usr/bin:/sbin:/bin:/usr/games:/usr/local/games:/snap/bin:/snap/bin'), ('SESSION_MANAGER', 'local/starry1n-virtual-machine:@/tmp/.ICE-unix/2321,unix/starry1n-virtual-machine:/tmp/.ICE-unix/2321'), ('XDG_MENU_PREFIX', 'gnome-'), ('GNOME_TERMINAL_SCREEN', '/org/gnome/Terminal/screen/948911c1_b87d_475f_a792_006550dcd166'), ('GNOME_SETUP_DISPLAY', ':1'), ('XDG_RUNTIME_DIR', '/run/user/1000'), ('DISPLAY', ':0'), ('LANG', 'zh_CN.UTF-8'), ('XDG_CURRENT_DESKTOP', 'ubuntu:GNOME'), ('XMODIFIERS', '@im=ibus'), ('XDG_SESSION_DESKTOP', 'ubuntu'), ('XAUTHORITY', '/run/user/1000/.mutter-Xwaylandauth.H6FRS3'), ('LS_COLORS', 'rs=0:di=01;34:ln=01;36:mh=00:pi=40;33:so=01;35:do=01;35:bd=40;33;01:cd=40;33;01:or=40;31;01:mi=00:su=37;41:sg=30;43:ca=30;41:tw=30;42:ow=34;42:st=37;44:ex=01;32:*.tar=01;31:*.tgz=01;31:*.arc=01;31:*.arj=01;31:*.taz=01;31:*.lha=01;31:*.lz4=01;31:*.lzh=01;31:*.lzma=01;31:*.tlz=01;31:*.txz=01;31:*.tzo=01;31:*.t7z=01;31:*.zip=01;31:*.z=01;31:*.dz=01;31:*.gz=01;31:*.lrz=01;31:*.lz=01;31:*.lzo=01;31:*.xz=01;31:*.zst=01;31:*.tzst=01;31:*.bz2=01;31:*.bz=01;31:*.tbz=01;31:*.tbz2=01;31:*.tz=01;31:*.deb=01;31:*.rpm=01;31:*.jar=01;31:*.war=01;31:*.ear=01;31:*.sar=01;31:*.rar=01;31:*.alz=01;31:*.ace=01;31:*.zoo=01;31:*.cpio=01;31:*.7z=01;31:*.rz=01;31:*.cab=01;31:*.wim=01;31:*.swm=01;31:*.dwm=01;31:*.esd=01;31:*.jpg=01;35:*.jpeg=01;35:*.mjpg=01;35:*.mjpeg=01;35:*.gif=01;35:*.bmp=01;35:*.pbm=01;35:*.pgm=01;35:*.ppm=01;35:*.tga=01;35:*.xbm=01;35:*.xpm=01;35:*.tif=01;35:*.tiff=01;35:*.png=01;35:*.svg=01;35:*.svgz=01;35:*.mng=01;35:*.pcx=01;35:*.mov=01;35:*.mpg=01;35:*.mpeg=01;35:*.m2v=01;35:*.mkv=01;35:*.webm=01;35:*.webp=01;35:*.ogm=01;35:*.mp4=01;35:*.m4v=01;35:*.mp4v=01;35:*.vob=01;35:*.qt=01;35:*.nuv=01;35:*.wmv=01;35:*.asf=01;35:*.rm=01;35:*.rmvb=01;35:*.flc=01;35:*.avi=01;35:*.fli=01;35:*.flv=01;35:*.gl=01;35:*.dl=01;35:*.xcf=01;35:*.xwd=01;35:*.yuv=01;35:*.cgm=01;35:*.emf=01;35:*.ogv=01;35:*.ogx=01;35:*.aac=00;36:*.au=00;36:*.flac=00;36:*.m4a=00;36:*.mid=00;36:*.midi=00;36:*.mka=00;36:*.mp3=00;36:*.mpc=00;36:*.ogg=00;36:*.ra=00;36:*.wav=00;36:*.oga=00;36:*.opus=00;36:*.spx=00;36:*.xspf=00;36:'), ('GNOME_TERMINAL_SERVICE', ':1.155'), ('SSH_AGENT_LAUNCHER', 'gnome-keyring'), ('SSH_AUTH_SOCK', '/run/user/1000/keyring/ssh'), ('AMENT_PREFIX_PATH', '/opt/ros/humble'), ('SHELL', '/bin/bash'), ('QT_ACCESSIBILITY', '1'), ('GDMSESSION', 'ubuntu'), ('LESSCLOSE', '/usr/bin/lesspipe %s %s'), ('QT_IM_MODULE', 'ibus'), ('PWD', '/home/starry1n/WUTA/WUTA-FSD/ros2_ws/build/kiss_icp'), ('XDG_CONFIG_DIRS', '/etc/xdg/xdg-ubuntu:/etc/xdg'), ('XDG_DATA_DIRS', '/usr/share/ubuntu:/usr/local/share/:/usr/share/:/var/lib/snapd/desktop'), ('PYTHONPATH', '/opt/ros/humble/lib/python3.10/site-packages:/opt/ros/humble/local/lib/python3.10/dist-packages'), ('COLCON', '1'), ('VTE_VERSION', '6800'), ('CMAKE_PREFIX_PATH', '/opt/ros/humble')]), 'shell': False}
[0.026138] (robot_localization) JobProgress: {'identifier': 'robot_localization', 'progress': 'cmake'}
[0.026461] (robot_localization) JobProgress: {'identifier': 'robot_localization', 'progress': 'build'}
[0.028515] (robot_localization) Command: {'cmd': ['/usr/bin/cmake', '--build', '/home/starry1n/WUTA/WUTA-FSD/ros2_ws/build/robot_localization', '--', '-j8', '-l8'], 'cwd': '/home/starry1n/WUTA/WUTA-FSD/ros2_ws/build/robot_localization', 'env': OrderedDict([('LESSOPEN', '| /usr/bin/lesspipe %s'), ('LANGUAGE', 'zh_CN:zh'), ('USER', 'starry1n'), ('XDG_SESSION_TYPE', 'wayland'), ('SHLVL', '3'), ('LD_LIBRARY_PATH', '/opt/ros/humble/opt/rviz_ogre_vendor/lib:/opt/ros/humble/lib/x86_64-linux-gnu:/opt/ros/humble/lib'), ('HOME', '/home/starry1n'), ('OLDPWD', '/home/starry1n/WUTA/WUTA-FSD'), ('DESKTOP_SESSION', 'ubuntu'), ('ROS_PYTHON_VERSION', '3'), ('GNOME_SHELL_SESSION_MODE', 'ubuntu'), ('GTK_MODULES', 'gail:atk-bridge'), ('SYSTEMD_EXEC_PID', '2566'), ('DBUS_SESSION_BUS_ADDRESS', 'unix:path=/run/user/1000/bus'), ('COLORTERM', 'truecolor'), ('IM_CONFIG_PHASE', '1'), ('WAYLAND_DISPLAY', 'wayland-0'), ('ROS_DISTRO', 'humble'), ('LOGNAME', 'starry1n'), ('_', '/usr/bin/colcon'), ('ROS_VERSION', '2'), ('XDG_SESSION_CLASS', 'user'), ('USERNAME', 'starry1n'), ('TERM', 'xterm-256color'), ('GNOME_DESKTOP_SESSION_ID', 'this-is-deprecated'), ('ROS_LOCALHOST_ONLY', '0'), ('PATH', '/home/starry1n/.local/bin:/opt/ros/humble/bin:/home/starry1n/.local/bin:/usr/local/sbin:/usr/local/bin:/usr/sbin:/usr/bin:/sbin:/bin:/usr/games:/usr/local/games:/snap/bin:/snap/bin'), ('SESSION_MANAGER', 'local/starry1n-virtual-machine:@/tmp/.ICE-unix/2321,unix/starry1n-virtual-machine:/tmp/.ICE-unix/2321'), ('XDG_MENU_PREFIX', 'gnome-'), ('GNOME_TERMINAL_SCREEN', '/org/gnome/Terminal/screen/948911c1_b87d_475f_a792_006550dcd166'), ('GNOME_SETUP_DISPLAY', ':1'), ('XDG_RUNTIME_DIR', '/run/user/1000'), ('DISPLAY', ':0'), ('LANG', 'zh_CN.UTF-8'), ('XDG_CURRENT_DESKTOP', 'ubuntu:GNOME'), ('XMODIFIERS', '@im=ibus'), ('XDG_SESSION_DESKTOP', 'ubuntu'), ('XAUTHORITY', '/run/user/1000/.mutter-Xwaylandauth.H6FRS3'), ('LS_COLORS', 'rs=0:di=01;34:ln=01;36:mh=00:pi=40;33:so=01;35:do=01;35:bd=40;33;01:cd=40;33;01:or=40;31;01:mi=00:su=37;41:sg=30;43:ca=30;41:tw=30;42:ow=34;42:st=37;44:ex=01;32:*.tar=01;31:*.tgz=01;31:*.arc=01;31:*.arj=01;31:*.taz=01;31:*.lha=01;31:*.lz4=01;31:*.lzh=01;31:*.lzma=01;31:*.tlz=01;31:*.txz=01;31:*.tzo=01;31:*.t7z=01;31:*.zip=01;31:*.z=01;31:*.dz=01;31:*.gz=01;31:*.lrz=01;31:*.lz=01;31:*.lzo=01;31:*.xz=01;31:*.zst=01;31:*.tzst=01;31:*.bz2=01;31:*.bz=01;31:*.tbz=01;31:*.tbz2=01;31:*.tz=01;31:*.deb=01;31:*.rpm=01;31:*.jar=01;31:*.war=01;31:*.ear=01;31:*.sar=01;31:*.rar=01;31:*.alz=01;31:*.ace=01;31:*.zoo=01;31:*.cpio=01;31:*.7z=01;31:*.rz=01;31:*.cab=01;31:*.wim=01;31:*.swm=01;31:*.dwm=01;31:*.esd=01;31:*.jpg=01;35:*.jpeg=01;35:*.mjpg=01;35:*.mjpeg=01;35:*.gif=01;35:*.bmp=01;35:*.pbm=01;35:*.pgm=01;35:*.ppm=01;35:*.tga=01;35:*.xbm=01;35:*.xpm=01;35:*.tif=01;35:*.tiff=01;35:*.png=01;35:*.svg=01;35:*.svgz=01;35:*.mng=01;35:*.pcx=01;35:*.mov=01;35:*.mpg=01;35:*.mpeg=01;35:*.m2v=01;35:*.mkv=01;35:*.webm=01;35:*.webp=01;35:*.ogm=01;35:*.mp4=01;35:*.m4v=01;35:*.mp4v=01;35:*.vob=01;35:*.qt=01;35:*.nuv=01;35:*.wmv=01;35:*.asf=01;35:*.rm=01;35:*.rmvb=01;35:*.flc=01;35:*.avi=01;35:*.fli=01;35:*.flv=01;35:*.gl=01;35:*.dl=01;35:*.xcf=01;35:*.xwd=01;35:*.yuv=01;35:*.cgm=01;35:*.emf=01;35:*.ogv=01;35:*.ogx=01;35:*.aac=00;36:*.au=00;36:*.flac=00;36:*.m4a=00;36:*.mid=00;36:*.midi=00;36:*.mka=00;36:*.mp3=00;36:*.mpc=00;36:*.ogg=00;36:*.ra=00;36:*.wav=00;36:*.oga=00;36:*.opus=00;36:*.spx=00;36:*.xspf=00;36:'), ('GNOME_TERMINAL_SERVICE', ':1.155'), ('SSH_AGENT_LAUNCHER', 'gnome-keyring'), ('SSH_AUTH_SOCK', '/run/user/1000/keyring/ssh'), ('AMENT_PREFIX_PATH', '/opt/ros/humble'), ('SHELL', '/bin/bash'), ('QT_ACCESSIBILITY', '1'), ('GDMSESSION', 'ubuntu'), ('LESSCLOSE', '/usr/bin/lesspipe %s %s'), ('QT_IM_MODULE', 'ibus'), ('PWD', '/home/starry1n/WUTA/WUTA-FSD/ros2_ws/build/robot_localization'), ('XDG_CONFIG_DIRS', '/etc/xdg/xdg-ubuntu:/etc/xdg'), ('XDG_DATA_DIRS', '/usr/share/ubuntu:/usr/local/share/:/usr/share/:/var/lib/snapd/desktop'), ('PYTHONPATH', '/opt/ros/humble/lib/python3.10/site-packages:/opt/ros/humble/local/lib/python3.10/dist-packages'), ('COLCON', '1'), ('VTE_VERSION', '6800'), ('CMAKE_PREFIX_PATH', '/opt/ros/humble')]), 'shell': False}
[0.074606] (wuta_msgs) StdoutLine: {'line': b'[  1%] Built target wuta_msgs__cpp\n'}
[0.076247] (wuta_msgs) StdoutLine: {'line': b'[ 14%] Built target wuta_msgs__rosidl_generator_c\n'}
[0.082253] (wuta_msgs) StdoutLine: {'line': b'[ 14%] Built target wuta_msgs__rs\n'}
[0.086582] (autoware_msgs) StdoutLine: {'line': b'[ 10%] Built target autoware_msgs__rosidl_generator_c\n'}
[0.089535] (autoware_msgs) StdoutLine: {'line': b'[ 12%] Built target autoware_msgs__cpp\n'}
[0.095539] (autoware_msgs) StdoutLine: {'line': b'[ 14%] Built target autoware_msgs__rs\n'}
[0.101635] (-) TimerEvent: {}
[0.105680] (kiss_icp) StdoutLine: {'line': b'[ 50%] Built target kiss_icp_core\n'}
[0.105977] (kiss_icp) StdoutLine: {'line': b'[ 57%] Built target kiss_icp_node\n'}
[0.108713] (wuta_msgs) StdoutLine: {'line': b'[ 14%] Built target ament_cmake_python_symlink_wuta_msgs\n'}
[0.123147] (autoware_msgs) StdoutLine: {'line': b'[ 14%] Built target ament_cmake_python_symlink_autoware_msgs\n'}
[0.123515] (kiss_icp) StdoutLine: {'line': b'[ 71%] Built target kiss_icp_metrics\n'}
[0.134417] (wuta_msgs) StdoutLine: {'line': b'[ 25%] Built target wuta_msgs__rosidl_typesupport_introspection_cpp\n'}
[0.135725] (kiss_icp) StdoutLine: {'line': b'[ 85%] Built target kiss_icp_pipeline\n'}
[0.143324] (robot_localization) StdoutLine: {'line': b'[  1%] Built target robot_localization__cpp\n'}
[0.143696] (autoware_msgs) StdoutLine: {'line': b'[ 25%] Built target autoware_msgs__rosidl_typesupport_fastrtps_c\n'}
[0.152554] (wuta_msgs) StdoutLine: {'line': b'[ 37%] Built target wuta_msgs__rosidl_typesupport_fastrtps_c\n'}
[0.152804] (wuta_msgs) StdoutLine: {'line': b'[ 48%] Built target wuta_msgs__rosidl_typesupport_c\n'}
[0.154800] (wuta_msgs) StdoutLine: {'line': b'[ 57%] Built target wuta_msgs__rosidl_typesupport_fastrtps_cpp\n'}
[0.155039] (wuta_msgs) StdoutLine: {'line': b'[ 67%] Built target wuta_msgs__rosidl_typesupport_introspection_c\n'}
[0.158921] (wuta_msgs) StdoutLine: {'line': b'[ 78%] Built target wuta_msgs__rosidl_typesupport_cpp\n'}
[0.159170] (autoware_msgs) StdoutLine: {'line': b'[ 35%] Built target autoware_msgs__rosidl_typesupport_c\n'}
[0.159240] (autoware_msgs) StdoutLine: {'line': b'[ 45%] Built target autoware_msgs__rosidl_typesupport_introspection_c\n'}
[0.160525] (robot_localization) StdoutLine: {'line': b'[  2%] Built target robot_localization__rs\n'}
[0.166442] (robot_localization) StdoutLine: {'line': b'[  4%] Built target gtest_main\n'}
[0.167362] (robot_localization) StdoutLine: {'line': b'[  7%] Built target gtest\n'}
[0.168714] (robot_localization) StdoutLine: {'line': b'[ 13%] Built target robot_localization__rosidl_generator_c\n'}
[0.169498] (autoware_msgs) StdoutLine: {'line': b'[ 56%] Built target autoware_msgs__rosidl_typesupport_fastrtps_cpp\n'}
[0.174877] (autoware_msgs) StdoutLine: {'line': b'[ 66%] Built target autoware_msgs__rosidl_typesupport_introspection_cpp\n'}
[0.177659] (autoware_msgs) StdoutLine: {'line': b'[ 77%] Built target autoware_msgs__rosidl_typesupport_cpp\n'}
[0.178249] (robot_localization) StdoutLine: {'line': b'[ 13%] Built target ament_cmake_python_symlink_robot_localization\n'}
[0.186534] (kiss_icp) StdoutLine: {'line': b'[100%] Built target odometry_component\n'}
[0.195239] (robot_localization) StdoutLine: {'line': b'[ 20%] Built target robot_localization__rosidl_typesupport_introspection_cpp\n'}
[0.196014] (robot_localization) StdoutLine: {'line': b'[ 27%] Built target robot_localization__rosidl_typesupport_fastrtps_cpp\n'}
[0.201821] (-) TimerEvent: {}
[0.202262] (robot_localization) StdoutLine: {'line': b'[ 34%] Built target robot_localization__rosidl_typesupport_cpp\n'}
[0.206596] (kiss_icp) CommandEnded: {'returncode': 0}
[0.210790] (wuta_msgs) StdoutLine: {'line': b'[ 78%] Built target wuta_msgs\n'}
[0.210856] (kiss_icp) JobProgress: {'identifier': 'kiss_icp', 'progress': 'install'}
[0.210870] (autoware_msgs) StdoutLine: {'line': b'[ 77%] Built target autoware_msgs\n'}
[0.211437] (robot_localization) StdoutLine: {'line': b'[ 41%] Built target robot_localization__rosidl_typesupport_introspection_c\n'}
[0.214476] (robot_localization) StdoutLine: {'line': b'[ 48%] Built target robot_localization__rosidl_typesupport_fastrtps_c\n'}
[0.218747] (kiss_icp) Command: {'cmd': ['/usr/bin/cmake', '--install', '/home/starry1n/WUTA/WUTA-FSD/ros2_ws/build/kiss_icp'], 'cwd': '/home/starry1n/WUTA/WUTA-FSD/ros2_ws/build/kiss_icp', 'env': OrderedDict([('LESSOPEN', '| /usr/bin/lesspipe %s'), ('LANGUAGE', 'zh_CN:zh'), ('USER', 'starry1n'), ('XDG_SESSION_TYPE', 'wayland'), ('SHLVL', '3'), ('LD_LIBRARY_PATH', '/opt/ros/humble/opt/rviz_ogre_vendor/lib:/opt/ros/humble/lib/x86_64-linux-gnu:/opt/ros/humble/lib'), ('HOME', '/home/starry1n'), ('OLDPWD', '/home/starry1n/WUTA/WUTA-FSD'), ('DESKTOP_SESSION', 'ubuntu'), ('ROS_PYTHON_VERSION', '3'), ('GNOME_SHELL_SESSION_MODE', 'ubuntu'), ('GTK_MODULES', 'gail:atk-bridge'), ('SYSTEMD_EXEC_PID', '2566'), ('DBUS_SESSION_BUS_ADDRESS', 'unix:path=/run/user/1000/bus'), ('COLORTERM', 'truecolor'), ('IM_CONFIG_PHASE', '1'), ('WAYLAND_DISPLAY', 'wayland-0'), ('ROS_DISTRO', 'humble'), ('LOGNAME', 'starry1n'), ('_', '/usr/bin/colcon'), ('ROS_VERSION', '2'), ('XDG_SESSION_CLASS', 'user'), ('USERNAME', 'starry1n'), ('TERM', 'xterm-256color'), ('GNOME_DESKTOP_SESSION_ID', 'this-is-deprecated'), ('ROS_LOCALHOST_ONLY', '0'), ('PATH', '/home/starry1n/.local/bin:/opt/ros/humble/bin:/home/starry1n/.local/bin:/usr/local/sbin:/usr/local/bin:/usr/sbin:/usr/bin:/sbin:/bin:/usr/games:/usr/local/games:/snap/bin:/snap/bin'), ('SESSION_MANAGER', 'local/starry1n-virtual-machine:@/tmp/.ICE-unix/2321,unix/starry1n-virtual-machine:/tmp/.ICE-unix/2321'), ('XDG_MENU_PREFIX', 'gnome-'), ('GNOME_TERMINAL_SCREEN', '/org/gnome/Terminal/screen/948911c1_b87d_475f_a792_006550dcd166'), ('GNOME_SETUP_DISPLAY', ':1'), ('XDG_RUNTIME_DIR', '/run/user/1000'), ('DISPLAY', ':0'), ('LANG', 'zh_CN.UTF-8'), ('XDG_CURRENT_DESKTOP', 'ubuntu:GNOME'), ('XMODIFIERS', '@im=ibus'), ('XDG_SESSION_DESKTOP', 'ubuntu'), ('XAUTHORITY', '/run/user/1000/.mutter-Xwaylandauth.H6FRS3'), ('LS_COLORS', 'rs=0:di=01;34:ln=01;36:mh=00:pi=40;33:so=01;35:do=01;35:bd=40;33;01:cd=40;33;01:or=40;31;01:mi=00:su=37;41:sg=30;43:ca=30;41:tw=30;42:ow=34;42:st=37;44:ex=01;32:*.tar=01;31:*.tgz=01;31:*.arc=01;31:*.arj=01;31:*.taz=01;31:*.lha=01;31:*.lz4=01;31:*.lzh=01;31:*.lzma=01;31:*.tlz=01;31:*.txz=01;31:*.tzo=01;31:*.t7z=01;31:*.zip=01;31:*.z=01;31:*.dz=01;31:*.gz=01;31:*.lrz=01;31:*.lz=01;31:*.lzo=01;31:*.xz=01;31:*.zst=01;31:*.tzst=01;31:*.bz2=01;31:*.bz=01;31:*.tbz=01;31:*.tbz2=01;31:*.tz=01;31:*.deb=01;31:*.rpm=01;31:*.jar=01;31:*.war=01;31:*.ear=01;31:*.sar=01;31:*.rar=01;31:*.alz=01;31:*.ace=01;31:*.zoo=01;31:*.cpio=01;31:*.7z=01;31:*.rz=01;31:*.cab=01;31:*.wim=01;31:*.swm=01;31:*.dwm=01;31:*.esd=01;31:*.jpg=01;35:*.jpeg=01;35:*.mjpg=01;35:*.mjpeg=01;35:*.gif=01;35:*.bmp=01;35:*.pbm=01;35:*.pgm=01;35:*.ppm=01;35:*.tga=01;35:*.xbm=01;35:*.xpm=01;35:*.tif=01;35:*.tiff=01;35:*.png=01;35:*.svg=01;35:*.svgz=01;35:*.mng=01;35:*.pcx=01;35:*.mov=01;35:*.mpg=01;35:*.mpeg=01;35:*.m2v=01;35:*.mkv=01;35:*.webm=01;35:*.webp=01;35:*.ogm=01;35:*.mp4=01;35:*.m4v=01;35:*.mp4v=01;35:*.vob=01;35:*.qt=01;35:*.nuv=01;35:*.wmv=01;35:*.asf=01;35:*.rm=01;35:*.rmvb=01;35:*.flc=01;35:*.avi=01;35:*.fli=01;35:*.flv=01;35:*.gl=01;35:*.dl=01;35:*.xcf=01;35:*.xwd=01;35:*.yuv=01;35:*.cgm=01;35:*.emf=01;35:*.ogv=01;35:*.ogx=01;35:*.aac=00;36:*.au=00;36:*.flac=00;36:*.m4a=00;36:*.mid=00;36:*.midi=00;36:*.mka=00;36:*.mp3=00;36:*.mpc=00;36:*.ogg=00;36:*.ra=00;36:*.wav=00;36:*.oga=00;36:*.opus=00;36:*.spx=00;36:*.xspf=00;36:'), ('GNOME_TERMINAL_SERVICE', ':1.155'), ('SSH_AGENT_LAUNCHER', 'gnome-keyring'), ('SSH_AUTH_SOCK', '/run/user/1000/keyring/ssh'), ('AMENT_PREFIX_PATH', '/opt/ros/humble'), ('SHELL', '/bin/bash'), ('QT_ACCESSIBILITY', '1'), ('GDMSESSION', 'ubuntu'), ('LESSCLOSE', '/usr/bin/lesspipe %s %s'), ('QT_IM_MODULE', 'ibus'), ('PWD', '/home/starry1n/WUTA/WUTA-FSD/ros2_ws/build/kiss_icp'), ('XDG_CONFIG_DIRS', '/etc/xdg/xdg-ubuntu:/etc/xdg'), ('XDG_DATA_DIRS', '/usr/share/ubuntu:/usr/local/share/:/usr/share/:/var/lib/snapd/desktop'), ('PYTHONPATH', '/opt/ros/humble/lib/python3.10/site-packages:/opt/ros/humble/local/lib/python3.10/dist-packages'), ('COLCON', '1'), ('VTE_VERSION', '6800'), ('CMAKE_PREFIX_PATH', '/opt/ros/humble')]), 'shell': False}
[0.221414] (robot_localization) StdoutLine: {'line': b'[ 55%] Built target robot_localization__rosidl_typesupport_c\n'}
[0.224908] (kiss_icp) StdoutLine: {'line': b'-- Install configuration: "Release"\n'}
[0.226130] (kiss_icp) StdoutLine: {'line': b'-- Execute custom install script\n'}
[0.226655] (kiss_icp) StdoutLine: {'line': b'-- Up-to-date symlink: /home/starry1n/WUTA/WUTA-FSD/ros2_ws/install/kiss_icp/lib/kiss_icp/kiss_icp_node\n'}
[0.226998] (kiss_icp) StdoutLine: {'line': b'-- Up-to-date symlink: /home/starry1n/WUTA/WUTA-FSD/ros2_ws/install/kiss_icp/lib/libodometry_component.so\n'}
[0.227391] (kiss_icp) StdoutLine: {'line': b'-- Up-to-date symlink: /home/starry1n/WUTA/WUTA-FSD/ros2_ws/install/kiss_icp/share/kiss_icp//launch/odometry.launch.py\n'}
[0.227734] (kiss_icp) StdoutLine: {'line': b'-- Up-to-date symlink: /home/starry1n/WUTA/WUTA-FSD/ros2_ws/install/kiss_icp/share/kiss_icp//rviz/kiss_icp.rviz\n'}
[0.228003] (kiss_icp) StdoutLine: {'line': b'-- Up-to-date symlink: /home/starry1n/WUTA/WUTA-FSD/ros2_ws/install/kiss_icp/share/kiss_icp//config/config.yaml\n'}
[0.228370] (kiss_icp) StdoutLine: {'line': b'-- Up-to-date symlink: /home/starry1n/WUTA/WUTA-FSD/ros2_ws/install/kiss_icp/share/ament_index/resource_index/package_run_dependencies/kiss_icp\n'}
[0.228657] (kiss_icp) StdoutLine: {'line': b'-- Up-to-date symlink: /home/starry1n/WUTA/WUTA-FSD/ros2_ws/install/kiss_icp/share/ament_index/resource_index/parent_prefix_path/kiss_icp\n'}
[0.228915] (kiss_icp) StdoutLine: {'line': b'-- Up-to-date symlink: /home/starry1n/WUTA/WUTA-FSD/ros2_ws/install/kiss_icp/share/kiss_icp/environment/ament_prefix_path.sh\n'}
[0.229140] (kiss_icp) StdoutLine: {'line': b'-- Up-to-date symlink: /home/starry1n/WUTA/WUTA-FSD/ros2_ws/install/kiss_icp/share/kiss_icp/environment/ament_prefix_path.dsv\n'}
[0.229483] (kiss_icp) StdoutLine: {'line': b'-- Up-to-date symlink: /home/starry1n/WUTA/WUTA-FSD/ros2_ws/install/kiss_icp/share/kiss_icp/environment/path.sh\n'}
[0.229775] (kiss_icp) StdoutLine: {'line': b'-- Up-to-date symlink: /home/starry1n/WUTA/WUTA-FSD/ros2_ws/install/kiss_icp/share/kiss_icp/environment/path.dsv\n'}
[0.229884] (kiss_icp) StdoutLine: {'line': b'-- Up-to-date symlink: /home/starry1n/WUTA/WUTA-FSD/ros2_ws/install/kiss_icp/share/kiss_icp/local_setup.bash\n'}
[0.230173] (kiss_icp) StdoutLine: {'line': b'-- Up-to-date symlink: /home/starry1n/WUTA/WUTA-FSD/ros2_ws/install/kiss_icp/share/kiss_icp/local_setup.sh\n'}
[0.230361] (kiss_icp) StdoutLine: {'line': b'-- Up-to-date symlink: /home/starry1n/WUTA/WUTA-FSD/ros2_ws/install/kiss_icp/share/kiss_icp/local_setup.zsh\n'}
[0.230888] (kiss_icp) StdoutLine: {'line': b'-- Up-to-date symlink: /home/starry1n/WUTA/WUTA-FSD/ros2_ws/install/kiss_icp/share/kiss_icp/local_setup.dsv\n'}
[0.231421] (kiss_icp) StdoutLine: {'line': b'-- Symlinking: /home/starry1n/WUTA/WUTA-FSD/ros2_ws/install/kiss_icp/share/kiss_icp/package.dsv\n'}
[0.234929] (wuta_msgs) StdoutLine: {'line': b'[ 80%] Built target wuta_msgs__py\n'}
[0.241533] (autoware_msgs) StdoutLine: {'line': b'[ 79%] Built target autoware_msgs__py\n'}
[0.248446] (kiss_icp) StdoutLine: {'line': b'-- Up-to-date symlink: /home/starry1n/WUTA/WUTA-FSD/ros2_ws/install/kiss_icp/share/ament_index/resource_index/packages/kiss_icp\n'}
[0.248694] (kiss_icp) StdoutLine: {'line': b'-- Up-to-date symlink: /home/starry1n/WUTA/WUTA-FSD/ros2_ws/install/kiss_icp/share/ament_index/resource_index/rclcpp_components/kiss_icp\n'}
[0.248748] (kiss_icp) StdoutLine: {'line': b'-- Up-to-date symlink: /home/starry1n/WUTA/WUTA-FSD/ros2_ws/install/kiss_icp/share/kiss_icp/cmake/kiss_icpConfig.cmake\n'}
[0.248792] (kiss_icp) StdoutLine: {'line': b'-- Up-to-date symlink: /home/starry1n/WUTA/WUTA-FSD/ros2_ws/install/kiss_icp/share/kiss_icp/cmake/kiss_icpConfig-version.cmake\n'}
[0.248834] (kiss_icp) StdoutLine: {'line': b'-- Up-to-date symlink: /home/starry1n/WUTA/WUTA-FSD/ros2_ws/install/kiss_icp/share/kiss_icp/package.xml\n'}
[0.253798] (kiss_icp) CommandEnded: {'returncode': 0}
[0.256224] (robot_localization) StdoutLine: {'line': b'[ 55%] Built target robot_localization\n'}
[0.261980] (wuta_msgs) StdoutLine: {'line': b'[ 89%] Built target wuta_msgs__rosidl_generator_py\n'}
[0.264127] (robot_localization) StdoutLine: {'line': b'[ 64%] Built target rl_lib\n'}
[0.274813] (autoware_msgs) StdoutLine: {'line': b'[ 87%] Built target autoware_msgs__rosidl_generator_py\n'}
[0.302550] (kiss_icp) JobEnded: {'identifier': 'kiss_icp', 'rc': 0}
[0.302893] (-) TimerEvent: {}
[0.303935] (wuta_msgs) StdoutLine: {'line': b'[ 92%] Built target wuta_msgs__rosidl_typesupport_introspection_c__pyext\n'}
[0.314734] (wuta_msgs) StdoutLine: {'line': b'[ 96%] Built target wuta_msgs__rosidl_typesupport_fastrtps_c__pyext\n'}
[0.317474] (robot_localization) StdoutLine: {'line': b'[ 65%] Built target robot_localization__py\n'}
[0.318047] (wuta_msgs) StdoutLine: {'line': b'[100%] Built target wuta_msgs__rosidl_typesupport_c__pyext\n'}
[0.328499] (robot_localization) StdoutLine: {'line': b'[ 66%] Built target ekf_node\n'}
[0.328860] (autoware_msgs) StdoutLine: {'line': b'[ 91%] Built target autoware_msgs__rosidl_typesupport_c__pyext\n'}
[0.329688] (robot_localization) StdoutLine: {'line': b'[ 68%] Built target ukf_node\n'}
[0.331297] (robot_localization) StdoutLine: {'line': b'[ 70%] Built target test_ekf\n'}
[0.339399] (robot_localization) StdoutLine: {'line': b'[ 73%] Built target robot_localization_listener_node\n'}
[0.340797] (autoware_msgs) StdoutLine: {'line': b'[ 95%] Built target autoware_msgs__rosidl_typesupport_fastrtps_c__pyext\n'}
[0.341513] (robot_localization) StdoutLine: {'line': b'[ 72%] Built target navsat_transform_node\n'}
[0.348595] (autoware_msgs) StdoutLine: {'line': b'[100%] Built target autoware_msgs__rosidl_typesupport_introspection_c__pyext\n'}
[0.355604] (robot_localization) StdoutLine: {'line': b'[ 75%] Built target filter_base-test\n'}
[0.371110] (wuta_msgs) StdoutLine: {'line': b'running egg_info\n'}
[0.373490] (wuta_msgs) StdoutLine: {'line': b'writing wuta_msgs.egg-info/PKG-INFO\n'}
[0.374006] (robot_localization) StdoutLine: {'line': b'[ 77%] Built target test_navsat_conversions\n'}
[0.374223] (wuta_msgs) StdoutLine: {'line': b'writing dependency_links to wuta_msgs.egg-info/dependency_links.txt\n'}
[0.374488] (robot_localization) StdoutLine: {'line': b'[ 78%] Built target test_ros_robot_localization_listener\n'}
[0.375663] (robot_localization) StdoutLine: {'line': b'[ 80%] Built target test_robot_localization_estimator\n'}
[0.376306] (wuta_msgs) StdoutLine: {'line': b'writing top-level names to wuta_msgs.egg-info/top_level.txt\n'}
[0.378715] (wuta_msgs) StdoutLine: {'line': b"reading manifest file 'wuta_msgs.egg-info/SOURCES.txt'\n"}
[0.379600] (wuta_msgs) StdoutLine: {'line': b"writing manifest file 'wuta_msgs.egg-info/SOURCES.txt'\n"}
[0.379722] (robot_localization) StdoutLine: {'line': b'[ 86%] Built target robot_localization__rosidl_generator_py\n'}
[0.382892] (robot_localization) StdoutLine: {'line': b'[ 88%] Built target test_ros_robot_localization_listener_publisher\n'}
[0.385267] (robot_localization) StdoutLine: {'line': b'[ 90%] Built target test_ukf\n'}
[0.386890] (autoware_msgs) StdoutLine: {'line': b'running egg_info\n'}
[0.387577] (autoware_msgs) StdoutLine: {'line': b'writing autoware_msgs.egg-info/PKG-INFO\n'}
[0.387770] (autoware_msgs) StdoutLine: {'line': b'writing dependency_links to autoware_msgs.egg-info/dependency_links.txt\n'}
[0.387854] (autoware_msgs) StdoutLine: {'line': b'writing top-level names to autoware_msgs.egg-info/top_level.txt\n'}
[0.389081] (autoware_msgs) StdoutLine: {'line': b"reading manifest file 'autoware_msgs.egg-info/SOURCES.txt'\n"}
[0.389418] (autoware_msgs) StdoutLine: {'line': b"writing manifest file 'autoware_msgs.egg-info/SOURCES.txt'\n"}
[0.398439] (robot_localization) StdoutLine: {'line': b'[ 92%] Built target test_filter_base_diagnostics_timestamps\n'}
[0.403218] (-) TimerEvent: {}
[0.407455] (robot_localization) StdoutLine: {'line': b'running egg_info\n'}
[0.408053] (robot_localization) StdoutLine: {'line': b'[ 94%] Built target robot_localization__rosidl_typesupport_fastrtps_c__pyext\n'}
[0.408475] (robot_localization) StdoutLine: {'line': b'writing robot_localization.egg-info/PKG-INFO\n'}
[0.409485] (robot_localization) StdoutLine: {'line': b'writing dependency_links to robot_localization.egg-info/dependency_links.txt\n'}
[0.410057] (robot_localization) StdoutLine: {'line': b'writing top-level names to robot_localization.egg-info/top_level.txt\n'}
[0.411956] (robot_localization) StdoutLine: {'line': b'[ 95%] Built target test_ekf_localization_node_interfaces\n'}
[0.412758] (autoware_msgs) StdoutLine: {'line': b'[100%] Built target ament_cmake_python_build_autoware_msgs_egg\n'}
[0.414252] (robot_localization) StdoutLine: {'line': b"reading manifest file 'robot_localization.egg-info/SOURCES.txt'\n"}
[0.415138] (robot_localization) StdoutLine: {'line': b"writing manifest file 'robot_localization.egg-info/SOURCES.txt'\n"}
[0.421799] (robot_localization) StdoutLine: {'line': b'[ 96%] Built target robot_localization__rosidl_typesupport_introspection_c__pyext\n'}
[0.422271] (wuta_msgs) StdoutLine: {'line': b'[100%] Built target ament_cmake_python_build_wuta_msgs_egg\n'}
[0.426534] (autoware_msgs) CommandEnded: {'returncode': 0}
[0.427193] (robot_localization) StdoutLine: {'line': b'[ 98%] Built target robot_localization__rosidl_typesupport_c__pyext\n'}
[0.428475] (autoware_msgs) JobProgress: {'identifier': 'autoware_msgs', 'progress': 'install'}
[0.428867] (autoware_msgs) Command: {'cmd': ['/usr/bin/cmake', '--install', '/home/starry1n/WUTA/WUTA-FSD/ros2_ws/build/autoware_msgs'], 'cwd': '/home/starry1n/WUTA/WUTA-FSD/ros2_ws/build/autoware_msgs', 'env': OrderedDict([('LESSOPEN', '| /usr/bin/lesspipe %s'), ('LANGUAGE', 'zh_CN:zh'), ('USER', 'starry1n'), ('XDG_SESSION_TYPE', 'wayland'), ('SHLVL', '3'), ('LD_LIBRARY_PATH', '/opt/ros/humble/opt/rviz_ogre_vendor/lib:/opt/ros/humble/lib/x86_64-linux-gnu:/opt/ros/humble/lib'), ('HOME', '/home/starry1n'), ('OLDPWD', '/home/starry1n/WUTA/WUTA-FSD'), ('DESKTOP_SESSION', 'ubuntu'), ('ROS_PYTHON_VERSION', '3'), ('GNOME_SHELL_SESSION_MODE', 'ubuntu'), ('GTK_MODULES', 'gail:atk-bridge'), ('SYSTEMD_EXEC_PID', '2566'), ('DBUS_SESSION_BUS_ADDRESS', 'unix:path=/run/user/1000/bus'), ('COLORTERM', 'truecolor'), ('IM_CONFIG_PHASE', '1'), ('WAYLAND_DISPLAY', 'wayland-0'), ('ROS_DISTRO', 'humble'), ('LOGNAME', 'starry1n'), ('_', '/usr/bin/colcon'), ('ROS_VERSION', '2'), ('XDG_SESSION_CLASS', 'user'), ('USERNAME', 'starry1n'), ('TERM', 'xterm-256color'), ('GNOME_DESKTOP_SESSION_ID', 'this-is-deprecated'), ('ROS_LOCALHOST_ONLY', '0'), ('PATH', '/home/starry1n/.local/bin:/opt/ros/humble/bin:/home/starry1n/.local/bin:/usr/local/sbin:/usr/local/bin:/usr/sbin:/usr/bin:/sbin:/bin:/usr/games:/usr/local/games:/snap/bin:/snap/bin'), ('SESSION_MANAGER', 'local/starry1n-virtual-machine:@/tmp/.ICE-unix/2321,unix/starry1n-virtual-machine:/tmp/.ICE-unix/2321'), ('XDG_MENU_PREFIX', 'gnome-'), ('GNOME_TERMINAL_SCREEN', '/org/gnome/Terminal/screen/948911c1_b87d_475f_a792_006550dcd166'), ('GNOME_SETUP_DISPLAY', ':1'), ('XDG_RUNTIME_DIR', '/run/user/1000'), ('DISPLAY', ':0'), ('LANG', 'zh_CN.UTF-8'), ('XDG_CURRENT_DESKTOP', 'ubuntu:GNOME'), ('XMODIFIERS', '@im=ibus'), ('XDG_SESSION_DESKTOP', 'ubuntu'), ('XAUTHORITY', '/run/user/1000/.mutter-Xwaylandauth.H6FRS3'), ('LS_COLORS', 'rs=0:di=01;34:ln=01;36:mh=00:pi=40;33:so=01;35:do=01;35:bd=40;33;01:cd=40;33;01:or=40;31;01:mi=00:su=37;41:sg=30;43:ca=30;41:tw=30;42:ow=34;42:st=37;44:ex=01;32:*.tar=01;31:*.tgz=01;31:*.arc=01;31:*.arj=01;31:*.taz=01;31:*.lha=01;31:*.lz4=01;31:*.lzh=01;31:*.lzma=01;31:*.tlz=01;31:*.txz=01;31:*.tzo=01;31:*.t7z=01;31:*.zip=01;31:*.z=01;31:*.dz=01;31:*.gz=01;31:*.lrz=01;31:*.lz=01;31:*.lzo=01;31:*.xz=01;31:*.zst=01;31:*.tzst=01;31:*.bz2=01;31:*.bz=01;31:*.tbz=01;31:*.tbz2=01;31:*.tz=01;31:*.deb=01;31:*.rpm=01;31:*.jar=01;31:*.war=01;31:*.ear=01;31:*.sar=01;31:*.rar=01;31:*.alz=01;31:*.ace=01;31:*.zoo=01;31:*.cpio=01;31:*.7z=01;31:*.rz=01;31:*.cab=01;31:*.wim=01;31:*.swm=01;31:*.dwm=01;31:*.esd=01;31:*.jpg=01;35:*.jpeg=01;35:*.mjpg=01;35:*.mjpeg=01;35:*.gif=01;35:*.bmp=01;35:*.pbm=01;35:*.pgm=01;35:*.ppm=01;35:*.tga=01;35:*.xbm=01;35:*.xpm=01;35:*.tif=01;35:*.tiff=01;35:*.png=01;35:*.svg=01;35:*.svgz=01;35:*.mng=01;35:*.pcx=01;35:*.mov=01;35:*.mpg=01;35:*.mpeg=01;35:*.m2v=01;35:*.mkv=01;35:*.webm=01;35:*.webp=01;35:*.ogm=01;35:*.mp4=01;35:*.m4v=01;35:*.mp4v=01;35:*.vob=01;35:*.qt=01;35:*.nuv=01;35:*.wmv=01;35:*.asf=01;35:*.rm=01;35:*.rmvb=01;35:*.flc=01;35:*.avi=01;35:*.fli=01;35:*.flv=01;35:*.gl=01;35:*.dl=01;35:*.xcf=01;35:*.xwd=01;35:*.yuv=01;35:*.cgm=01;35:*.emf=01;35:*.ogv=01;35:*.ogx=01;35:*.aac=00;36:*.au=00;36:*.flac=00;36:*.m4a=00;36:*.mid=00;36:*.midi=00;36:*.mka=00;36:*.mp3=00;36:*.mpc=00;36:*.ogg=00;36:*.ra=00;36:*.wav=00;36:*.oga=00;36:*.opus=00;36:*.spx=00;36:*.xspf=00;36:'), ('GNOME_TERMINAL_SERVICE', ':1.155'), ('SSH_AGENT_LAUNCHER', 'gnome-keyring'), ('SSH_AUTH_SOCK', '/run/user/1000/keyring/ssh'), ('AMENT_PREFIX_PATH', '/opt/ros/humble'), ('SHELL', '/bin/bash'), ('QT_ACCESSIBILITY', '1'), ('GDMSESSION', 'ubuntu'), ('LESSCLOSE', '/usr/bin/lesspipe %s %s'), ('QT_IM_MODULE', 'ibus'), ('PWD', '/home/starry1n/WUTA/WUTA-FSD/ros2_ws/build/autoware_msgs'), ('XDG_CONFIG_DIRS', '/etc/xdg/xdg-ubuntu:/etc/xdg'), ('XDG_DATA_DIRS', '/usr/share/ubuntu:/usr/local/share/:/usr/share/:/var/lib/snapd/desktop'), ('PYTHONPATH', '/opt/ros/humble/lib/python3.10/site-packages:/opt/ros/humble/local/lib/python3.10/dist-packages'), ('COLCON', '1'), ('VTE_VERSION', '6800'), ('CMAKE_PREFIX_PATH', '/opt/ros/humble')]), 'shell': False}
[0.429944] (robot_localization) StdoutLine: {'line': b'[100%] Built target test_ukf_localization_node_interfaces\n'}
[0.436093] (wuta_msgs) CommandEnded: {'returncode': 0}
[0.437113] (wuta_msgs) JobProgress: {'identifier': 'wuta_msgs', 'progress': 'install'}
[0.437145] (autoware_msgs) StdoutLine: {'line': b'-- Install configuration: ""\n'}
[0.437216] (autoware_msgs) StdoutLine: {'line': b'-- Execute custom install script\n'}
[0.437263] (autoware_msgs) StdoutLine: {'line': b'-- Up-to-date symlink: /home/starry1n/WUTA/WUTA-FSD/ros2_ws/install/autoware_msgs/share/ament_index/resource_index/rosidl_interfaces/autoware_msgs\n'}
[0.437440] (autoware_msgs) StdoutLine: {'line': b'-- Up-to-date symlink: /home/starry1n/WUTA/WUTA-FSD/ros2_ws/install/autoware_msgs/include/autoware_msgs/autoware_msgs/msg/command.h\n'}
[0.439275] (autoware_msgs) StdoutLine: {'line': b'-- Up-to-date symlink: /home/starry1n/WUTA/WUTA-FSD/ros2_ws/install/autoware_msgs/include/autoware_msgs/autoware_msgs/msg/detail/command__functions.h\n'}
[0.439557] (wuta_msgs) Command: {'cmd': ['/usr/bin/cmake', '--install', '/home/starry1n/WUTA/WUTA-FSD/ros2_ws/build/wuta_msgs'], 'cwd': '/home/starry1n/WUTA/WUTA-FSD/ros2_ws/build/wuta_msgs', 'env': OrderedDict([('LESSOPEN', '| /usr/bin/lesspipe %s'), ('LANGUAGE', 'zh_CN:zh'), ('USER', 'starry1n'), ('XDG_SESSION_TYPE', 'wayland'), ('SHLVL', '3'), ('LD_LIBRARY_PATH', '/opt/ros/humble/opt/rviz_ogre_vendor/lib:/opt/ros/humble/lib/x86_64-linux-gnu:/opt/ros/humble/lib'), ('HOME', '/home/starry1n'), ('OLDPWD', '/home/starry1n/WUTA/WUTA-FSD'), ('DESKTOP_SESSION', 'ubuntu'), ('ROS_PYTHON_VERSION', '3'), ('GNOME_SHELL_SESSION_MODE', 'ubuntu'), ('GTK_MODULES', 'gail:atk-bridge'), ('SYSTEMD_EXEC_PID', '2566'), ('DBUS_SESSION_BUS_ADDRESS', 'unix:path=/run/user/1000/bus'), ('COLORTERM', 'truecolor'), ('IM_CONFIG_PHASE', '1'), ('WAYLAND_DISPLAY', 'wayland-0'), ('ROS_DISTRO', 'humble'), ('LOGNAME', 'starry1n'), ('_', '/usr/bin/colcon'), ('ROS_VERSION', '2'), ('XDG_SESSION_CLASS', 'user'), ('USERNAME', 'starry1n'), ('TERM', 'xterm-256color'), ('GNOME_DESKTOP_SESSION_ID', 'this-is-deprecated'), ('ROS_LOCALHOST_ONLY', '0'), ('PATH', '/home/starry1n/.local/bin:/opt/ros/humble/bin:/home/starry1n/.local/bin:/usr/local/sbin:/usr/local/bin:/usr/sbin:/usr/bin:/sbin:/bin:/usr/games:/usr/local/games:/snap/bin:/snap/bin'), ('SESSION_MANAGER', 'local/starry1n-virtual-machine:@/tmp/.ICE-unix/2321,unix/starry1n-virtual-machine:/tmp/.ICE-unix/2321'), ('XDG_MENU_PREFIX', 'gnome-'), ('GNOME_TERMINAL_SCREEN', '/org/gnome/Terminal/screen/948911c1_b87d_475f_a792_006550dcd166'), ('GNOME_SETUP_DISPLAY', ':1'), ('XDG_RUNTIME_DIR', '/run/user/1000'), ('DISPLAY', ':0'), ('LANG', 'zh_CN.UTF-8'), ('XDG_CURRENT_DESKTOP', 'ubuntu:GNOME'), ('XMODIFIERS', '@im=ibus'), ('XDG_SESSION_DESKTOP', 'ubuntu'), ('XAUTHORITY', '/run/user/1000/.mutter-Xwaylandauth.H6FRS3'), ('LS_COLORS', 'rs=0:di=01;34:ln=01;36:mh=00:pi=40;33:so=01;35:do=01;35:bd=40;33;01:cd=40;33;01:or=40;31;01:mi=00:su=37;41:sg=30;43:ca=30;41:tw=30;42:ow=34;42:st=37;44:ex=01;32:*.tar=01;31:*.tgz=01;31:*.arc=01;31:*.arj=01;31:*.taz=01;31:*.lha=01;31:*.lz4=01;31:*.lzh=01;31:*.lzma=01;31:*.tlz=01;31:*.txz=01;31:*.tzo=01;31:*.t7z=01;31:*.zip=01;31:*.z=01;31:*.dz=01;31:*.gz=01;31:*.lrz=01;31:*.lz=01;31:*.lzo=01;31:*.xz=01;31:*.zst=01;31:*.tzst=01;31:*.bz2=01;31:*.bz=01;31:*.tbz=01;31:*.tbz2=01;31:*.tz=01;31:*.deb=01;31:*.rpm=01;31:*.jar=01;31:*.war=01;31:*.ear=01;31:*.sar=01;31:*.rar=01;31:*.alz=01;31:*.ace=01;31:*.zoo=01;31:*.cpio=01;31:*.7z=01;31:*.rz=01;31:*.cab=01;31:*.wim=01;31:*.swm=01;31:*.dwm=01;31:*.esd=01;31:*.jpg=01;35:*.jpeg=01;35:*.mjpg=01;35:*.mjpeg=01;35:*.gif=01;35:*.bmp=01;35:*.pbm=01;35:*.pgm=01;35:*.ppm=01;35:*.tga=01;35:*.xbm=01;35:*.xpm=01;35:*.tif=01;35:*.tiff=01;35:*.png=01;35:*.svg=01;35:*.svgz=01;35:*.mng=01;35:*.pcx=01;35:*.mov=01;35:*.mpg=01;35:*.mpeg=01;35:*.m2v=01;35:*.mkv=01;35:*.webm=01;35:*.webp=01;35:*.ogm=01;35:*.mp4=01;35:*.m4v=01;35:*.mp4v=01;35:*.vob=01;35:*.qt=01;35:*.nuv=01;35:*.wmv=01;35:*.asf=01;35:*.rm=01;35:*.rmvb=01;35:*.flc=01;35:*.avi=01;35:*.fli=01;35:*.flv=01;35:*.gl=01;35:*.dl=01;35:*.xcf=01;35:*.xwd=01;35:*.yuv=01;35:*.cgm=01;35:*.emf=01;35:*.ogv=01;35:*.ogx=01;35:*.aac=00;36:*.au=00;36:*.flac=00;36:*.m4a=00;36:*.mid=00;36:*.midi=00;36:*.mka=00;36:*.mp3=00;36:*.mpc=00;36:*.ogg=00;36:*.ra=00;36:*.wav=00;36:*.oga=00;36:*.opus=00;36:*.spx=00;36:*.xspf=00;36:'), ('GNOME_TERMINAL_SERVICE', ':1.155'), ('SSH_AGENT_LAUNCHER', 'gnome-keyring'), ('SSH_AUTH_SOCK', '/run/user/1000/keyring/ssh'), ('AMENT_PREFIX_PATH', '/opt/ros/humble'), ('SHELL', '/bin/bash'), ('QT_ACCESSIBILITY', '1'), ('GDMSESSION', 'ubuntu'), ('LESSCLOSE', '/usr/bin/lesspipe %s %s'), ('QT_IM_MODULE', 'ibus'), ('PWD', '/home/starry1n/WUTA/WUTA-FSD/ros2_ws/build/wuta_msgs'), ('XDG_CONFIG_DIRS', '/etc/xdg/xdg-ubuntu:/etc/xdg'), ('XDG_DATA_DIRS', '/usr/share/ubuntu:/usr/local/share/:/usr/share/:/var/lib/snapd/desktop'), ('PYTHONPATH', '/opt/ros/humble/lib/python3.10/site-packages:/opt/ros/humble/local/lib/python3.10/dist-packages'), ('COLCON', '1'), ('VTE_VERSION', '6800'), ('CMAKE_PREFIX_PATH', '/opt/ros/humble')]), 'shell': False}
[0.439921] (autoware_msgs) StdoutLine: {'line': b'-- Up-to-date symlink: /home/starry1n/WUTA/WUTA-FSD/ros2_ws/install/autoware_msgs/include/autoware_msgs/autoware_msgs/msg/detail/command__struct.h\n'}
[0.440033] (autoware_msgs) StdoutLine: {'line': b'-- Up-to-date symlink: /home/starry1n/WUTA/WUTA-FSD/ros2_ws/install/autoware_msgs/include/autoware_msgs/autoware_msgs/msg/detail/command__type_support.h\n'}
[0.440928] (autoware_msgs) StdoutLine: {'line': b'-- Up-to-date symlink: /home/starry1n/WUTA/WUTA-FSD/ros2_ws/install/autoware_msgs/include/autoware_msgs/autoware_msgs/msg/detail/lane__functions.h\n'}
[0.441018] (autoware_msgs) StdoutLine: {'line': b'-- Up-to-date symlink: /home/starry1n/WUTA/WUTA-FSD/ros2_ws/install/autoware_msgs/include/autoware_msgs/autoware_msgs/msg/detail/lane__struct.h\n'}
[0.441091] (autoware_msgs) StdoutLine: {'line': b'-- Up-to-date symlink: /home/starry1n/WUTA/WUTA-FSD/ros2_ws/install/autoware_msgs/include/autoware_msgs/autoware_msgs/msg/detail/lane__type_support.h\n'}
[0.441128] (autoware_msgs) StdoutLine: {'line': b'-- Up-to-date symlink: /home/starry1n/WUTA/WUTA-FSD/ros2_ws/install/autoware_msgs/include/autoware_msgs/autoware_msgs/msg/detail/waypoint__functions.h\n'}
[0.441159] (autoware_msgs) StdoutLine: {'line': b'-- Up-to-date symlink: /home/starry1n/WUTA/WUTA-FSD/ros2_ws/install/autoware_msgs/include/autoware_msgs/autoware_msgs/msg/detail/waypoint__struct.h\n'}
[0.441265] (autoware_msgs) StdoutLine: {'line': b'-- Up-to-date symlink: /home/starry1n/WUTA/WUTA-FSD/ros2_ws/install/autoware_msgs/include/autoware_msgs/autoware_msgs/msg/detail/waypoint__type_support.h\n'}
[0.441318] (autoware_msgs) StdoutLine: {'line': b'-- Up-to-date symlink: /home/starry1n/WUTA/WUTA-FSD/ros2_ws/install/autoware_msgs/include/autoware_msgs/autoware_msgs/msg/lane.h\n'}
[0.441439] (autoware_msgs) StdoutLine: {'line': b'-- Up-to-date symlink: /home/starry1n/WUTA/WUTA-FSD/ros2_ws/install/autoware_msgs/include/autoware_msgs/autoware_msgs/msg/rosidl_generator_c__visibility_control.h\n'}
[0.441488] (autoware_msgs) StdoutLine: {'line': b'-- Up-to-date symlink: /home/starry1n/WUTA/WUTA-FSD/ros2_ws/install/autoware_msgs/include/autoware_msgs/autoware_msgs/msg/waypoint.h\n'}
[0.441520] (autoware_msgs) StdoutLine: {'line': b'-- Up-to-date symlink: /home/starry1n/WUTA/WUTA-FSD/ros2_ws/install/autoware_msgs/share/autoware_msgs/environment/library_path.sh\n'}
[0.441546] (autoware_msgs) StdoutLine: {'line': b'-- Up-to-date symlink: /home/starry1n/WUTA/WUTA-FSD/ros2_ws/install/autoware_msgs/share/autoware_msgs/environment/library_path.dsv\n'}
[0.441571] (autoware_msgs) StdoutLine: {'line': b'-- Up-to-date symlink: /home/starry1n/WUTA/WUTA-FSD/ros2_ws/install/autoware_msgs/include/autoware_msgs/autoware_msgs/msg/detail/command__rosidl_typesupport_fastrtps_c.h\n'}
[0.441598] (autoware_msgs) StdoutLine: {'line': b'-- Up-to-date symlink: /home/starry1n/WUTA/WUTA-FSD/ros2_ws/install/autoware_msgs/include/autoware_msgs/autoware_msgs/msg/detail/lane__rosidl_typesupport_fastrtps_c.h\n'}
[0.441625] (autoware_msgs) StdoutLine: {'line': b'-- Up-to-date symlink: /home/starry1n/WUTA/WUTA-FSD/ros2_ws/install/autoware_msgs/include/autoware_msgs/autoware_msgs/msg/detail/waypoint__rosidl_typesupport_fastrtps_c.h\n'}
[0.441657] (autoware_msgs) StdoutLine: {'line': b'-- Up-to-date symlink: /home/starry1n/WUTA/WUTA-FSD/ros2_ws/install/autoware_msgs/include/autoware_msgs/autoware_msgs/msg/rosidl_typesupport_fastrtps_c__visibility_control.h\n'}
[0.441682] (autoware_msgs) StdoutLine: {'line': b'-- Up-to-date symlink: /home/starry1n/WUTA/WUTA-FSD/ros2_ws/install/autoware_msgs/include/autoware_msgs/autoware_msgs/msg/detail/command__rosidl_typesupport_introspection_c.h\n'}
[0.441707] (autoware_msgs) StdoutLine: {'line': b'-- Up-to-date symlink: /home/starry1n/WUTA/WUTA-FSD/ros2_ws/install/autoware_msgs/include/autoware_msgs/autoware_msgs/msg/detail/lane__rosidl_typesupport_introspection_c.h\n'}
[0.441734] (autoware_msgs) StdoutLine: {'line': b'-- Up-to-date symlink: /home/starry1n/WUTA/WUTA-FSD/ros2_ws/install/autoware_msgs/include/autoware_msgs/autoware_msgs/msg/detail/waypoint__rosidl_typesupport_introspection_c.h\n'}
[0.441761] (autoware_msgs) StdoutLine: {'line': b'-- Up-to-date symlink: /home/starry1n/WUTA/WUTA-FSD/ros2_ws/install/autoware_msgs/include/autoware_msgs/autoware_msgs/msg/rosidl_typesupport_introspection_c__visibility_control.h\n'}
[0.441888] (autoware_msgs) StdoutLine: {'line': b'-- Up-to-date symlink: /home/starry1n/WUTA/WUTA-FSD/ros2_ws/install/autoware_msgs/include/autoware_msgs/autoware_msgs/msg/command.hpp\n'}
[0.442046] (autoware_msgs) StdoutLine: {'line': b'-- Up-to-date symlink: /home/starry1n/WUTA/WUTA-FSD/ros2_ws/install/autoware_msgs/include/autoware_msgs/autoware_msgs/msg/detail/command__builder.hpp\n'}
[0.442131] (autoware_msgs) StdoutLine: {'line': b'-- Up-to-date symlink: /home/starry1n/WUTA/WUTA-FSD/ros2_ws/install/autoware_msgs/include/autoware_msgs/autoware_msgs/msg/detail/command__struct.hpp\n'}
[0.442165] (autoware_msgs) StdoutLine: {'line': b'-- Up-to-date symlink: /home/starry1n/WUTA/WUTA-FSD/ros2_ws/install/autoware_msgs/include/autoware_msgs/autoware_msgs/msg/detail/command__traits.hpp\n'}
[0.442193] (autoware_msgs) StdoutLine: {'line': b'-- Up-to-date symlink: /home/starry1n/WUTA/WUTA-FSD/ros2_ws/install/autoware_msgs/include/autoware_msgs/autoware_msgs/msg/detail/command__type_support.hpp\n'}
[0.442220] (autoware_msgs) StdoutLine: {'line': b'-- Up-to-date symlink: /home/starry1n/WUTA/WUTA-FSD/ros2_ws/install/autoware_msgs/include/autoware_msgs/autoware_msgs/msg/detail/lane__builder.hpp\n'}
[0.442642] (autoware_msgs) StdoutLine: {'line': b'-- Up-to-date symlink: /home/starry1n/WUTA/WUTA-FSD/ros2_ws/install/autoware_msgs/include/autoware_msgs/autoware_msgs/msg/detail/lane__struct.hpp\n'}
[0.442810] (autoware_msgs) StdoutLine: {'line': b'-- Up-to-date symlink: /home/starry1n/WUTA/WUTA-FSD/ros2_ws/install/autoware_msgs/include/autoware_msgs/autoware_msgs/msg/detail/lane__traits.hpp\n'}
[0.442886] (autoware_msgs) StdoutLine: {'line': b'-- Up-to-date symlink: /home/starry1n/WUTA/WUTA-FSD/ros2_ws/install/autoware_msgs/include/autoware_msgs/autoware_msgs/msg/detail/lane__type_support.hpp\n'}
[0.443109] (autoware_msgs) StdoutLine: {'line': b'-- Up-to-date symlink: /home/starry1n/WUTA/WUTA-FSD/ros2_ws/install/autoware_msgs/include/autoware_msgs/autoware_msgs/msg/detail/waypoint__builder.hpp\n'}
[0.443161] (autoware_msgs) StdoutLine: {'line': b'-- Up-to-date symlink: /home/starry1n/WUTA/WUTA-FSD/ros2_ws/install/autoware_msgs/include/autoware_msgs/autoware_msgs/msg/detail/waypoint__struct.hpp\n'}
[0.443192] (autoware_msgs) StdoutLine: {'line': b'-- Up-to-date symlink: /home/starry1n/WUTA/WUTA-FSD/ros2_ws/install/autoware_msgs/include/autoware_msgs/autoware_msgs/msg/detail/waypoint__traits.hpp\n'}
[0.443219] (autoware_msgs) StdoutLine: {'line': b'-- Up-to-date symlink: /home/starry1n/WUTA/WUTA-FSD/ros2_ws/install/autoware_msgs/include/autoware_msgs/autoware_msgs/msg/detail/waypoint__type_support.hpp\n'}
[0.443245] (autoware_msgs) StdoutLine: {'line': b'-- Up-to-date symlink: /home/starry1n/WUTA/WUTA-FSD/ros2_ws/install/autoware_msgs/include/autoware_msgs/autoware_msgs/msg/lane.hpp\n'}
[0.443280] (autoware_msgs) StdoutLine: {'line': b'-- Up-to-date symlink: /home/starry1n/WUTA/WUTA-FSD/ros2_ws/install/autoware_msgs/include/autoware_msgs/autoware_msgs/msg/rosidl_generator_cpp__visibility_control.hpp\n'}
[0.443307] (autoware_msgs) StdoutLine: {'line': b'-- Up-to-date symlink: /home/starry1n/WUTA/WUTA-FSD/ros2_ws/install/autoware_msgs/include/autoware_msgs/autoware_msgs/msg/waypoint.hpp\n'}
[0.443333] (autoware_msgs) StdoutLine: {'line': b'-- Up-to-date symlink: /home/starry1n/WUTA/WUTA-FSD/ros2_ws/install/autoware_msgs/include/autoware_msgs/autoware_msgs/msg/detail/command__rosidl_typesupport_fastrtps_cpp.hpp\n'}
[0.443451] (autoware_msgs) StdoutLine: {'line': b'-- Up-to-date symlink: /home/starry1n/WUTA/WUTA-FSD/ros2_ws/install/autoware_msgs/include/autoware_msgs/autoware_msgs/msg/detail/lane__rosidl_typesupport_fastrtps_cpp.hpp\n'}
[0.443596] (autoware_msgs) StdoutLine: {'line': b'-- Up-to-date symlink: /home/starry1n/WUTA/WUTA-FSD/ros2_ws/install/autoware_msgs/include/autoware_msgs/autoware_msgs/msg/detail/waypoint__rosidl_typesupport_fastrtps_cpp.hpp\n'}
[0.443670] (autoware_msgs) StdoutLine: {'line': b'-- Up-to-date symlink: /home/starry1n/WUTA/WUTA-FSD/ros2_ws/install/autoware_msgs/include/autoware_msgs/autoware_msgs/msg/rosidl_typesupport_fastrtps_cpp__visibility_control.h\n'}
[0.443790] (autoware_msgs) StdoutLine: {'line': b'-- Up-to-date symlink: /home/starry1n/WUTA/WUTA-FSD/ros2_ws/install/autoware_msgs/include/autoware_msgs/autoware_msgs/msg/detail/command__rosidl_typesupport_introspection_cpp.hpp\n'}
[0.443974] (autoware_msgs) StdoutLine: {'line': b'-- Up-to-date symlink: /home/starry1n/WUTA/WUTA-FSD/ros2_ws/install/autoware_msgs/include/autoware_msgs/autoware_msgs/msg/detail/lane__rosidl_typesupport_introspection_cpp.hpp\n'}
[0.444085] (autoware_msgs) StdoutLine: {'line': b'-- Up-to-date symlink: /home/starry1n/WUTA/WUTA-FSD/ros2_ws/install/autoware_msgs/include/autoware_msgs/autoware_msgs/msg/detail/waypoint__rosidl_typesupport_introspection_cpp.hpp\n'}
[0.444153] (autoware_msgs) StdoutLine: {'line': b'-- Up-to-date symlink: /home/starry1n/WUTA/WUTA-FSD/ros2_ws/install/autoware_msgs/share/autoware_msgs/environment/pythonpath.sh\n'}
[0.444348] (autoware_msgs) StdoutLine: {'line': b'-- Up-to-date symlink: /home/starry1n/WUTA/WUTA-FSD/ros2_ws/install/autoware_msgs/share/autoware_msgs/environment/pythonpath.dsv\n'}
[0.444446] (autoware_msgs) StdoutLine: {'line': b'-- Up-to-date symlink: /home/starry1n/WUTA/WUTA-FSD/ros2_ws/install/autoware_msgs/local/lib/python3.10/dist-packages/autoware_msgs-0.1.0-py3.10.egg-info/PKG-INFO\n'}
[0.444633] (autoware_msgs) StdoutLine: {'line': b'-- Up-to-date symlink: /home/starry1n/WUTA/WUTA-FSD/ros2_ws/install/autoware_msgs/local/lib/python3.10/dist-packages/autoware_msgs-0.1.0-py3.10.egg-info/SOURCES.txt\n'}
[0.444723] (autoware_msgs) StdoutLine: {'line': b'-- Up-to-date symlink: /home/starry1n/WUTA/WUTA-FSD/ros2_ws/install/autoware_msgs/local/lib/python3.10/dist-packages/autoware_msgs-0.1.0-py3.10.egg-info/dependency_links.txt\n'}
[0.444763] (autoware_msgs) StdoutLine: {'line': b'-- Up-to-date symlink: /home/starry1n/WUTA/WUTA-FSD/ros2_ws/install/autoware_msgs/local/lib/python3.10/dist-packages/autoware_msgs-0.1.0-py3.10.egg-info/top_level.txt\n'}
[0.444792] (autoware_msgs) StdoutLine: {'line': b'-- Up-to-date symlink: /home/starry1n/WUTA/WUTA-FSD/ros2_ws/install/autoware_msgs/local/lib/python3.10/dist-packages/autoware_msgs/__init__.py\n'}
[0.444914] (autoware_msgs) StdoutLine: {'line': b'-- Up-to-date symlink: /home/starry1n/WUTA/WUTA-FSD/ros2_ws/install/autoware_msgs/local/lib/python3.10/dist-packages/autoware_msgs/_autoware_msgs_s.ep.rosidl_typesupport_c.c\n'}
[0.445009] (autoware_msgs) StdoutLine: {'line': b'-- Up-to-date symlink: /home/starry1n/WUTA/WUTA-FSD/ros2_ws/install/autoware_msgs/local/lib/python3.10/dist-packages/autoware_msgs/_autoware_msgs_s.ep.rosidl_typesupport_fastrtps_c.c\n'}
[0.445043] (autoware_msgs) StdoutLine: {'line': b'-- Up-to-date symlink: /home/starry1n/WUTA/WUTA-FSD/ros2_ws/install/autoware_msgs/local/lib/python3.10/dist-packages/autoware_msgs/_autoware_msgs_s.ep.rosidl_typesupport_introspection_c.c\n'}
[0.445072] (autoware_msgs) StdoutLine: {'line': b'-- Up-to-date symlink: /home/starry1n/WUTA/WUTA-FSD/ros2_ws/install/autoware_msgs/local/lib/python3.10/dist-packages/autoware_msgs/autoware_msgs_s__rosidl_typesupport_c.cpython-310-x86_64-linux-gnu.so\n'}
[0.445103] (autoware_msgs) StdoutLine: {'line': b'-- Up-to-date symlink: /home/starry1n/WUTA/WUTA-FSD/ros2_ws/install/autoware_msgs/local/lib/python3.10/dist-packages/autoware_msgs/autoware_msgs_s__rosidl_typesupport_fastrtps_c.cpython-310-x86_64-linux-gnu.so\n'}
[0.445176] (autoware_msgs) StdoutLine: {'line': b'-- Up-to-date symlink: /home/starry1n/WUTA/WUTA-FSD/ros2_ws/install/autoware_msgs/local/lib/python3.10/dist-packages/autoware_msgs/autoware_msgs_s__rosidl_typesupport_introspection_c.cpython-310-x86_64-linux-gnu.so\n'}
[0.445296] (autoware_msgs) StdoutLine: {'line': b'-- Up-to-date symlink: /home/starry1n/WUTA/WUTA-FSD/ros2_ws/install/autoware_msgs/local/lib/python3.10/dist-packages/autoware_msgs/libautoware_msgs__rosidl_generator_py.so\n'}
[0.445626] (autoware_msgs) StdoutLine: {'line': b'-- Up-to-date symlink: /home/starry1n/WUTA/WUTA-FSD/ros2_ws/install/autoware_msgs/local/lib/python3.10/dist-packages/autoware_msgs/msg/__init__.py\n'}
[0.445672] (autoware_msgs) StdoutLine: {'line': b'-- Up-to-date symlink: /home/starry1n/WUTA/WUTA-FSD/ros2_ws/install/autoware_msgs/local/lib/python3.10/dist-packages/autoware_msgs/msg/_command.py\n'}
[0.445708] (autoware_msgs) StdoutLine: {'line': b'-- Up-to-date symlink: /home/starry1n/WUTA/WUTA-FSD/ros2_ws/install/autoware_msgs/local/lib/python3.10/dist-packages/autoware_msgs/msg/_command_s.c\n'}
[0.445817] (autoware_msgs) StdoutLine: {'line': b'-- Up-to-date symlink: /home/starry1n/WUTA/WUTA-FSD/ros2_ws/install/autoware_msgs/local/lib/python3.10/dist-packages/autoware_msgs/msg/_lane.py\n'}
[0.445885] (autoware_msgs) StdoutLine: {'line': b'-- Up-to-date symlink: /home/starry1n/WUTA/WUTA-FSD/ros2_ws/install/autoware_msgs/local/lib/python3.10/dist-packages/autoware_msgs/msg/_lane_s.c\n'}
[0.446002] (autoware_msgs) StdoutLine: {'line': b'-- Up-to-date symlink: /home/starry1n/WUTA/WUTA-FSD/ros2_ws/install/autoware_msgs/local/lib/python3.10/dist-packages/autoware_msgs/msg/_waypoint.py\n'}
[0.446200] (autoware_msgs) StdoutLine: {'line': b'-- Up-to-date symlink: /home/starry1n/WUTA/WUTA-FSD/ros2_ws/install/autoware_msgs/local/lib/python3.10/dist-packages/autoware_msgs/msg/_waypoint_s.c\n'}
[0.446566] (wuta_msgs) StdoutLine: {'line': b'-- Install configuration: ""\n'}
[0.446760] (autoware_msgs) StdoutLine: {'line': b'-- Up-to-date symlink: /home/starry1n/WUTA/WUTA-FSD/ros2_ws/install/autoware_msgs/local/lib/python3.10/dist-packages/autoware_msgs/autoware_msgs_s__rosidl_typesupport_fastrtps_c.cpython-310-x86_64-linux-gnu.so\n'}
[0.447205] (autoware_msgs) StdoutLine: {'line': b'-- Up-to-date symlink: /home/starry1n/WUTA/WUTA-FSD/ros2_ws/install/autoware_msgs/local/lib/python3.10/dist-packages/autoware_msgs/autoware_msgs_s__rosidl_typesupport_introspection_c.cpython-310-x86_64-linux-gnu.so\n'}
[0.447320] (autoware_msgs) StdoutLine: {'line': b'-- Up-to-date symlink: /home/starry1n/WUTA/WUTA-FSD/ros2_ws/install/autoware_msgs/local/lib/python3.10/dist-packages/autoware_msgs/autoware_msgs_s__rosidl_typesupport_c.cpython-310-x86_64-linux-gnu.so\n'}
[0.447570] (wuta_msgs) StdoutLine: {'line': b'-- Execute custom install script\n'}
[0.447648] (autoware_msgs) StdoutLine: {'line': b'-- Up-to-date symlink: /home/starry1n/WUTA/WUTA-FSD/ros2_ws/install/autoware_msgs/share/ament_index/resource_index/rust_packages/autoware_msgs\n'}
[0.447796] (autoware_msgs) StdoutLine: {'line': b'-- Up-to-date symlink: /home/starry1n/WUTA/WUTA-FSD/ros2_ws/install/autoware_msgs/share/autoware_msgs/rust/Cargo.toml\n'}
[0.447917] (autoware_msgs) StdoutLine: {'line': b'-- Up-to-date symlink: /home/starry1n/WUTA/WUTA-FSD/ros2_ws/install/autoware_msgs/share/autoware_msgs/rust/build.rs\n'}
[0.448222] (wuta_msgs) StdoutLine: {'line': b'-- Up-to-date symlink: /home/starry1n/WUTA/WUTA-FSD/ros2_ws/install/wuta_msgs/share/ament_index/resource_index/rosidl_interfaces/wuta_msgs\n'}
[0.448459] (autoware_msgs) StdoutLine: {'line': b'-- Up-to-date symlink: /home/starry1n/WUTA/WUTA-FSD/ros2_ws/install/autoware_msgs/share/autoware_msgs/rust/src/lib.rs\n'}
[0.448555] (autoware_msgs) StdoutLine: {'line': b'-- Up-to-date symlink: /home/starry1n/WUTA/WUTA-FSD/ros2_ws/install/autoware_msgs/share/autoware_msgs/rust/src/msg.rs\n'}
[0.448695] (wuta_msgs) StdoutLine: {'line': b'-- Up-to-date symlink: /home/starry1n/WUTA/WUTA-FSD/ros2_ws/install/wuta_msgs/include/wuta_msgs/wuta_msgs/msg/cone.h\n'}
[0.448750] (wuta_msgs) StdoutLine: {'line': b'-- Up-to-date symlink: /home/starry1n/WUTA/WUTA-FSD/ros2_ws/install/wuta_msgs/include/wuta_msgs/wuta_msgs/msg/cone_array.h\n'}
[0.448783] (wuta_msgs) StdoutLine: {'line': b'-- Up-to-date symlink: /home/starry1n/WUTA/WUTA-FSD/ros2_ws/install/wuta_msgs/include/wuta_msgs/wuta_msgs/msg/cone_map.h\n'}
[0.448814] (wuta_msgs) StdoutLine: {'line': b'-- Up-to-date symlink: /home/starry1n/WUTA/WUTA-FSD/ros2_ws/install/wuta_msgs/include/wuta_msgs/wuta_msgs/msg/detail/cone__functions.h\n'}
[0.448844] (wuta_msgs) StdoutLine: {'line': b'-- Up-to-date symlink: /home/starry1n/WUTA/WUTA-FSD/ros2_ws/install/wuta_msgs/include/wuta_msgs/wuta_msgs/msg/detail/cone__struct.h\n'}
[0.448940] (autoware_msgs) StdoutLine: {'line': b'-- Up-to-date symlink: /home/starry1n/WUTA/WUTA-FSD/ros2_ws/install/autoware_msgs/share/autoware_msgs/rust/src/msg/rmw.rs\n'}
[0.449035] (autoware_msgs) StdoutLine: {'line': b'-- Up-to-date symlink: /home/starry1n/WUTA/WUTA-FSD/ros2_ws/install/autoware_msgs/share/autoware_msgs/msg/Waypoint.idl\n'}
[0.449133] (autoware_msgs) StdoutLine: {'line': b'-- Up-to-date symlink: /home/starry1n/WUTA/WUTA-FSD/ros2_ws/install/autoware_msgs/share/autoware_msgs/msg/Lane.idl\n'}
[0.449169] (autoware_msgs) StdoutLine: {'line': b'-- Up-to-date symlink: /home/starry1n/WUTA/WUTA-FSD/ros2_ws/install/autoware_msgs/share/autoware_msgs/msg/Command.idl\n'}
[0.449197] (autoware_msgs) StdoutLine: {'line': b'-- Up-to-date symlink: /home/starry1n/WUTA/WUTA-FSD/ros2_ws/install/autoware_msgs/share/autoware_msgs/msg/Waypoint.msg\n'}
[0.449226] (autoware_msgs) StdoutLine: {'line': b'-- Up-to-date symlink: /home/starry1n/WUTA/WUTA-FSD/ros2_ws/install/autoware_msgs/share/autoware_msgs/msg/Lane.msg\n'}
[0.449250] (autoware_msgs) StdoutLine: {'line': b'-- Up-to-date symlink: /home/starry1n/WUTA/WUTA-FSD/ros2_ws/install/autoware_msgs/share/autoware_msgs/msg/Command.msg\n'}
[0.449421] (wuta_msgs) StdoutLine: {'line': b'-- Up-to-date symlink: /home/starry1n/WUTA/WUTA-FSD/ros2_ws/install/wuta_msgs/include/wuta_msgs/wuta_msgs/msg/detail/cone__type_support.h\n'}
[0.449458] (wuta_msgs) StdoutLine: {'line': b'-- Up-to-date symlink: /home/starry1n/WUTA/WUTA-FSD/ros2_ws/install/wuta_msgs/include/wuta_msgs/wuta_msgs/msg/detail/cone_array__functions.h\n'}
[0.449565] (wuta_msgs) StdoutLine: {'line': b'-- Up-to-date symlink: /home/starry1n/WUTA/WUTA-FSD/ros2_ws/install/wuta_msgs/include/wuta_msgs/wuta_msgs/msg/detail/cone_array__struct.h\n'}
[0.449625] (wuta_msgs) StdoutLine: {'line': b'-- Up-to-date symlink: /home/starry1n/WUTA/WUTA-FSD/ros2_ws/install/wuta_msgs/include/wuta_msgs/wuta_msgs/msg/detail/cone_array__type_support.h\n'}
[0.449665] (wuta_msgs) StdoutLine: {'line': b'-- Up-to-date symlink: /home/starry1n/WUTA/WUTA-FSD/ros2_ws/install/wuta_msgs/include/wuta_msgs/wuta_msgs/msg/detail/cone_map__functions.h\n'}
[0.449795] (autoware_msgs) StdoutLine: {'line': b'-- Up-to-date symlink: /home/starry1n/WUTA/WUTA-FSD/ros2_ws/install/autoware_msgs/share/ament_index/resource_index/package_run_dependencies/autoware_msgs\n'}
[0.449928] (autoware_msgs) StdoutLine: {'line': b'-- Up-to-date symlink: /home/starry1n/WUTA/WUTA-FSD/ros2_ws/install/autoware_msgs/share/ament_index/resource_index/parent_prefix_path/autoware_msgs\n'}
[0.450022] (autoware_msgs) StdoutLine: {'line': b'-- Up-to-date symlink: /home/starry1n/WUTA/WUTA-FSD/ros2_ws/install/autoware_msgs/share/autoware_msgs/environment/ament_prefix_path.sh\n'}
[0.450054] (autoware_msgs) StdoutLine: {'line': b'-- Up-to-date symlink: /home/starry1n/WUTA/WUTA-FSD/ros2_ws/install/autoware_msgs/share/autoware_msgs/environment/ament_prefix_path.dsv\n'}
[0.450082] (autoware_msgs) StdoutLine: {'line': b'-- Up-to-date symlink: /home/starry1n/WUTA/WUTA-FSD/ros2_ws/install/autoware_msgs/share/autoware_msgs/environment/path.sh\n'}
[0.450214] (wuta_msgs) StdoutLine: {'line': b'-- Up-to-date symlink: /home/starry1n/WUTA/WUTA-FSD/ros2_ws/install/wuta_msgs/include/wuta_msgs/wuta_msgs/msg/detail/cone_map__struct.h\n'}
[0.450263] (wuta_msgs) StdoutLine: {'line': b'-- Up-to-date symlink: /home/starry1n/WUTA/WUTA-FSD/ros2_ws/install/wuta_msgs/include/wuta_msgs/wuta_msgs/msg/detail/cone_map__type_support.h\n'}
[0.450294] (wuta_msgs) StdoutLine: {'line': b'-- Up-to-date symlink: /home/starry1n/WUTA/WUTA-FSD/ros2_ws/install/wuta_msgs/include/wuta_msgs/wuta_msgs/msg/detail/mission_state__functions.h\n'}
[0.450327] (wuta_msgs) StdoutLine: {'line': b'-- Up-to-date symlink: /home/starry1n/WUTA/WUTA-FSD/ros2_ws/install/wuta_msgs/include/wuta_msgs/wuta_msgs/msg/detail/mission_state__struct.h\n'}
[0.450368] (wuta_msgs) StdoutLine: {'line': b'-- Up-to-date symlink: /home/starry1n/WUTA/WUTA-FSD/ros2_ws/install/wuta_msgs/include/wuta_msgs/wuta_msgs/msg/detail/mission_state__type_support.h\n'}
[0.450396] (autoware_msgs) StdoutLine: {'line': b'-- Up-to-date symlink: /home/starry1n/WUTA/WUTA-FSD/ros2_ws/install/autoware_msgs/share/autoware_msgs/environment/path.dsv\n'}
[0.450426] (wuta_msgs) StdoutLine: {'line': b'-- Up-to-date symlink: /home/starry1n/WUTA/WUTA-FSD/ros2_ws/install/wuta_msgs/include/wuta_msgs/wuta_msgs/msg/mission_state.h\n'}
[0.450453] (wuta_msgs) StdoutLine: {'line': b'-- Up-to-date symlink: /home/starry1n/WUTA/WUTA-FSD/ros2_ws/install/wuta_msgs/include/wuta_msgs/wuta_msgs/msg/rosidl_generator_c__visibility_control.h\n'}
[0.450479] (wuta_msgs) StdoutLine: {'line': b'-- Up-to-date symlink: /home/starry1n/WUTA/WUTA-FSD/ros2_ws/install/wuta_msgs/share/wuta_msgs/environment/library_path.sh\n'}
[0.450578] (wuta_msgs) StdoutLine: {'line': b'-- Up-to-date symlink: /home/starry1n/WUTA/WUTA-FSD/ros2_ws/install/wuta_msgs/share/wuta_msgs/environment/library_path.dsv\n'}
[0.450628] (autoware_msgs) StdoutLine: {'line': b'-- Up-to-date symlink: /home/starry1n/WUTA/WUTA-FSD/ros2_ws/install/autoware_msgs/share/autoware_msgs/local_setup.bash\n'}
[0.450662] (autoware_msgs) StdoutLine: {'line': b'-- Up-to-date symlink: /home/starry1n/WUTA/WUTA-FSD/ros2_ws/install/autoware_msgs/share/autoware_msgs/local_setup.sh\n'}
[0.450816] (autoware_msgs) StdoutLine: {'line': b'-- Up-to-date symlink: /home/starry1n/WUTA/WUTA-FSD/ros2_ws/install/autoware_msgs/share/autoware_msgs/local_setup.zsh\n'}
[0.450850] (autoware_msgs) StdoutLine: {'line': b'-- Up-to-date symlink: /home/starry1n/WUTA/WUTA-FSD/ros2_ws/install/autoware_msgs/share/autoware_msgs/local_setup.dsv\n'}
[0.450880] (autoware_msgs) StdoutLine: {'line': b'-- Symlinking: /home/starry1n/WUTA/WUTA-FSD/ros2_ws/install/autoware_msgs/share/autoware_msgs/package.dsv\n'}
[0.450907] (wuta_msgs) StdoutLine: {'line': b'-- Up-to-date symlink: /home/starry1n/WUTA/WUTA-FSD/ros2_ws/install/wuta_msgs/include/wuta_msgs/wuta_msgs/msg/detail/cone__rosidl_typesupport_fastrtps_c.h\n'}
[0.450944] (wuta_msgs) StdoutLine: {'line': b'-- Up-to-date symlink: /home/starry1n/WUTA/WUTA-FSD/ros2_ws/install/wuta_msgs/include/wuta_msgs/wuta_msgs/msg/detail/cone_array__rosidl_typesupport_fastrtps_c.h\n'}
[0.451044] (wuta_msgs) StdoutLine: {'line': b'-- Up-to-date symlink: /home/starry1n/WUTA/WUTA-FSD/ros2_ws/install/wuta_msgs/include/wuta_msgs/wuta_msgs/msg/detail/cone_map__rosidl_typesupport_fastrtps_c.h\n'}
[0.451430] (wuta_msgs) StdoutLine: {'line': b'-- Up-to-date symlink: /home/starry1n/WUTA/WUTA-FSD/ros2_ws/install/wuta_msgs/include/wuta_msgs/wuta_msgs/msg/detail/mission_state__rosidl_typesupport_fastrtps_c.h\n'}
[0.451544] (wuta_msgs) StdoutLine: {'line': b'-- Up-to-date symlink: /home/starry1n/WUTA/WUTA-FSD/ros2_ws/install/wuta_msgs/include/wuta_msgs/wuta_msgs/msg/rosidl_typesupport_fastrtps_c__visibility_control.h\n'}
[0.451732] (wuta_msgs) StdoutLine: {'line': b'-- Up-to-date symlink: /home/starry1n/WUTA/WUTA-FSD/ros2_ws/install/wuta_msgs/include/wuta_msgs/wuta_msgs/msg/detail/cone__rosidl_typesupport_introspection_c.h\n'}
[0.451819] (wuta_msgs) StdoutLine: {'line': b'-- Up-to-date symlink: /home/starry1n/WUTA/WUTA-FSD/ros2_ws/install/wuta_msgs/include/wuta_msgs/wuta_msgs/msg/detail/cone_array__rosidl_typesupport_introspection_c.h\n'}
[0.451914] (wuta_msgs) StdoutLine: {'line': b'-- Up-to-date symlink: /home/starry1n/WUTA/WUTA-FSD/ros2_ws/install/wuta_msgs/include/wuta_msgs/wuta_msgs/msg/detail/cone_map__rosidl_typesupport_introspection_c.h\n'}
[0.451959] (wuta_msgs) StdoutLine: {'line': b'-- Up-to-date symlink: /home/starry1n/WUTA/WUTA-FSD/ros2_ws/install/wuta_msgs/include/wuta_msgs/wuta_msgs/msg/detail/mission_state__rosidl_typesupport_introspection_c.h\n'}
[0.452047] (wuta_msgs) StdoutLine: {'line': b'-- Up-to-date symlink: /home/starry1n/WUTA/WUTA-FSD/ros2_ws/install/wuta_msgs/include/wuta_msgs/wuta_msgs/msg/rosidl_typesupport_introspection_c__visibility_control.h\n'}
[0.452244] (wuta_msgs) StdoutLine: {'line': b'-- Up-to-date symlink: /home/starry1n/WUTA/WUTA-FSD/ros2_ws/install/wuta_msgs/include/wuta_msgs/wuta_msgs/msg/cone.hpp\n'}
[0.452385] (wuta_msgs) StdoutLine: {'line': b'-- Up-to-date symlink: /home/starry1n/WUTA/WUTA-FSD/ros2_ws/install/wuta_msgs/include/wuta_msgs/wuta_msgs/msg/cone_array.hpp\n'}
[0.452430] (wuta_msgs) StdoutLine: {'line': b'-- Up-to-date symlink: /home/starry1n/WUTA/WUTA-FSD/ros2_ws/install/wuta_msgs/include/wuta_msgs/wuta_msgs/msg/cone_map.hpp\n'}
[0.452464] (wuta_msgs) StdoutLine: {'line': b'-- Up-to-date symlink: /home/starry1n/WUTA/WUTA-FSD/ros2_ws/install/wuta_msgs/include/wuta_msgs/wuta_msgs/msg/detail/cone__builder.hpp\n'}
[0.452499] (wuta_msgs) StdoutLine: {'line': b'-- Up-to-date symlink: /home/starry1n/WUTA/WUTA-FSD/ros2_ws/install/wuta_msgs/include/wuta_msgs/wuta_msgs/msg/detail/cone__struct.hpp\n'}
[0.452530] (wuta_msgs) StdoutLine: {'line': b'-- Up-to-date symlink: /home/starry1n/WUTA/WUTA-FSD/ros2_ws/install/wuta_msgs/include/wuta_msgs/wuta_msgs/msg/detail/cone__traits.hpp\n'}
[0.452727] (wuta_msgs) StdoutLine: {'line': b'-- Up-to-date symlink: /home/starry1n/WUTA/WUTA-FSD/ros2_ws/install/wuta_msgs/include/wuta_msgs/wuta_msgs/msg/detail/cone__type_support.hpp\n'}
[0.452770] (wuta_msgs) StdoutLine: {'line': b'-- Up-to-date symlink: /home/starry1n/WUTA/WUTA-FSD/ros2_ws/install/wuta_msgs/include/wuta_msgs/wuta_msgs/msg/detail/cone_array__builder.hpp\n'}
[0.452810] (wuta_msgs) StdoutLine: {'line': b'-- Up-to-date symlink: /home/starry1n/WUTA/WUTA-FSD/ros2_ws/install/wuta_msgs/include/wuta_msgs/wuta_msgs/msg/detail/cone_array__struct.hpp\n'}
[0.452955] (wuta_msgs) StdoutLine: {'line': b'-- Up-to-date symlink: /home/starry1n/WUTA/WUTA-FSD/ros2_ws/install/wuta_msgs/include/wuta_msgs/wuta_msgs/msg/detail/cone_array__traits.hpp\n'}
[0.453104] (wuta_msgs) StdoutLine: {'line': b'-- Up-to-date symlink: /home/starry1n/WUTA/WUTA-FSD/ros2_ws/install/wuta_msgs/include/wuta_msgs/wuta_msgs/msg/detail/cone_array__type_support.hpp\n'}
[0.453408] (wuta_msgs) StdoutLine: {'line': b'-- Up-to-date symlink: /home/starry1n/WUTA/WUTA-FSD/ros2_ws/install/wuta_msgs/include/wuta_msgs/wuta_msgs/msg/detail/cone_map__builder.hpp\n'}
[0.453639] (wuta_msgs) StdoutLine: {'line': b'-- Up-to-date symlink: /home/starry1n/WUTA/WUTA-FSD/ros2_ws/install/wuta_msgs/include/wuta_msgs/wuta_msgs/msg/detail/cone_map__struct.hpp\n'}
[0.453713] (wuta_msgs) StdoutLine: {'line': b'-- Up-to-date symlink: /home/starry1n/WUTA/WUTA-FSD/ros2_ws/install/wuta_msgs/include/wuta_msgs/wuta_msgs/msg/detail/cone_map__traits.hpp\n'}
[0.453771] (wuta_msgs) StdoutLine: {'line': b'-- Up-to-date symlink: /home/starry1n/WUTA/WUTA-FSD/ros2_ws/install/wuta_msgs/include/wuta_msgs/wuta_msgs/msg/detail/cone_map__type_support.hpp\n'}
[0.453831] (wuta_msgs) StdoutLine: {'line': b'-- Up-to-date symlink: /home/starry1n/WUTA/WUTA-FSD/ros2_ws/install/wuta_msgs/include/wuta_msgs/wuta_msgs/msg/detail/mission_state__builder.hpp\n'}
[0.453994] (wuta_msgs) StdoutLine: {'line': b'-- Up-to-date symlink: /home/starry1n/WUTA/WUTA-FSD/ros2_ws/install/wuta_msgs/include/wuta_msgs/wuta_msgs/msg/detail/mission_state__struct.hpp\n'}
[0.454057] (wuta_msgs) StdoutLine: {'line': b'-- Up-to-date symlink: /home/starry1n/WUTA/WUTA-FSD/ros2_ws/install/wuta_msgs/include/wuta_msgs/wuta_msgs/msg/detail/mission_state__traits.hpp\n'}
[0.454168] (wuta_msgs) StdoutLine: {'line': b'-- Up-to-date symlink: /home/starry1n/WUTA/WUTA-FSD/ros2_ws/install/wuta_msgs/include/wuta_msgs/wuta_msgs/msg/detail/mission_state__type_support.hpp\n'}
[0.454365] (wuta_msgs) StdoutLine: {'line': b'-- Up-to-date symlink: /home/starry1n/WUTA/WUTA-FSD/ros2_ws/install/wuta_msgs/include/wuta_msgs/wuta_msgs/msg/mission_state.hpp\n'}
[0.454564] (wuta_msgs) StdoutLine: {'line': b'-- Up-to-date symlink: /home/starry1n/WUTA/WUTA-FSD/ros2_ws/install/wuta_msgs/include/wuta_msgs/wuta_msgs/msg/rosidl_generator_cpp__visibility_control.hpp\n'}
[0.454606] (wuta_msgs) StdoutLine: {'line': b'-- Up-to-date symlink: /home/starry1n/WUTA/WUTA-FSD/ros2_ws/install/wuta_msgs/include/wuta_msgs/wuta_msgs/msg/detail/cone__rosidl_typesupport_fastrtps_cpp.hpp\n'}
[0.454639] (wuta_msgs) StdoutLine: {'line': b'-- Up-to-date symlink: /home/starry1n/WUTA/WUTA-FSD/ros2_ws/install/wuta_msgs/include/wuta_msgs/wuta_msgs/msg/detail/cone_array__rosidl_typesupport_fastrtps_cpp.hpp\n'}
[0.454667] (wuta_msgs) StdoutLine: {'line': b'-- Up-to-date symlink: /home/starry1n/WUTA/WUTA-FSD/ros2_ws/install/wuta_msgs/include/wuta_msgs/wuta_msgs/msg/detail/cone_map__rosidl_typesupport_fastrtps_cpp.hpp\n'}
[0.454695] (wuta_msgs) StdoutLine: {'line': b'-- Up-to-date symlink: /home/starry1n/WUTA/WUTA-FSD/ros2_ws/install/wuta_msgs/include/wuta_msgs/wuta_msgs/msg/detail/mission_state__rosidl_typesupport_fastrtps_cpp.hpp\n'}
[0.455034] (wuta_msgs) StdoutLine: {'line': b'-- Up-to-date symlink: /home/starry1n/WUTA/WUTA-FSD/ros2_ws/install/wuta_msgs/include/wuta_msgs/wuta_msgs/msg/rosidl_typesupport_fastrtps_cpp__visibility_control.h\n'}
[0.455150] (wuta_msgs) StdoutLine: {'line': b'-- Up-to-date symlink: /home/starry1n/WUTA/WUTA-FSD/ros2_ws/install/wuta_msgs/include/wuta_msgs/wuta_msgs/msg/detail/cone__rosidl_typesupport_introspection_cpp.hpp\n'}
[0.455365] (wuta_msgs) StdoutLine: {'line': b'-- Up-to-date symlink: /home/starry1n/WUTA/WUTA-FSD/ros2_ws/install/wuta_msgs/include/wuta_msgs/wuta_msgs/msg/detail/cone_array__rosidl_typesupport_introspection_cpp.hpp\n'}
[0.455698] (wuta_msgs) StdoutLine: {'line': b'-- Up-to-date symlink: /home/starry1n/WUTA/WUTA-FSD/ros2_ws/install/wuta_msgs/include/wuta_msgs/wuta_msgs/msg/detail/cone_map__rosidl_typesupport_introspection_cpp.hpp\n'}
[0.455772] (wuta_msgs) StdoutLine: {'line': b'-- Up-to-date symlink: /home/starry1n/WUTA/WUTA-FSD/ros2_ws/install/wuta_msgs/include/wuta_msgs/wuta_msgs/msg/detail/mission_state__rosidl_typesupport_introspection_cpp.hpp\n'}
[0.456159] (wuta_msgs) StdoutLine: {'line': b'-- Up-to-date symlink: /home/starry1n/WUTA/WUTA-FSD/ros2_ws/install/wuta_msgs/share/wuta_msgs/environment/pythonpath.sh\n'}
[0.456536] (robot_localization) StdoutLine: {'line': b'[100%] Built target ament_cmake_python_build_robot_localization_egg\n'}
[0.456699] (wuta_msgs) StdoutLine: {'line': b'-- Up-to-date symlink: /home/starry1n/WUTA/WUTA-FSD/ros2_ws/install/wuta_msgs/share/wuta_msgs/environment/pythonpath.dsv\n'}
[0.456771] (wuta_msgs) StdoutLine: {'line': b'-- Up-to-date symlink: /home/starry1n/WUTA/WUTA-FSD/ros2_ws/install/wuta_msgs/local/lib/python3.10/dist-packages/wuta_msgs-1.0.0-py3.10.egg-info/PKG-INFO\n'}
[0.456880] (wuta_msgs) StdoutLine: {'line': b'-- Up-to-date symlink: /home/starry1n/WUTA/WUTA-FSD/ros2_ws/install/wuta_msgs/local/lib/python3.10/dist-packages/wuta_msgs-1.0.0-py3.10.egg-info/SOURCES.txt\n'}
[0.456970] (wuta_msgs) StdoutLine: {'line': b'-- Up-to-date symlink: /home/starry1n/WUTA/WUTA-FSD/ros2_ws/install/wuta_msgs/local/lib/python3.10/dist-packages/wuta_msgs-1.0.0-py3.10.egg-info/dependency_links.txt\n'}
[0.457183] (wuta_msgs) StdoutLine: {'line': b'-- Up-to-date symlink: /home/starry1n/WUTA/WUTA-FSD/ros2_ws/install/wuta_msgs/local/lib/python3.10/dist-packages/wuta_msgs-1.0.0-py3.10.egg-info/top_level.txt\n'}
[0.457369] (wuta_msgs) StdoutLine: {'line': b'-- Up-to-date symlink: /home/starry1n/WUTA/WUTA-FSD/ros2_ws/install/wuta_msgs/local/lib/python3.10/dist-packages/wuta_msgs/__init__.py\n'}
[0.457560] (wuta_msgs) StdoutLine: {'line': b'-- Up-to-date symlink: /home/starry1n/WUTA/WUTA-FSD/ros2_ws/install/wuta_msgs/local/lib/python3.10/dist-packages/wuta_msgs/_wuta_msgs_s.ep.rosidl_typesupport_c.c\n'}
[0.457609] (wuta_msgs) StdoutLine: {'line': b'-- Up-to-date symlink: /home/starry1n/WUTA/WUTA-FSD/ros2_ws/install/wuta_msgs/local/lib/python3.10/dist-packages/wuta_msgs/_wuta_msgs_s.ep.rosidl_typesupport_fastrtps_c.c\n'}
[0.457647] (wuta_msgs) StdoutLine: {'line': b'-- Up-to-date symlink: /home/starry1n/WUTA/WUTA-FSD/ros2_ws/install/wuta_msgs/local/lib/python3.10/dist-packages/wuta_msgs/_wuta_msgs_s.ep.rosidl_typesupport_introspection_c.c\n'}
[0.457682] (wuta_msgs) StdoutLine: {'line': b'-- Up-to-date symlink: /home/starry1n/WUTA/WUTA-FSD/ros2_ws/install/wuta_msgs/local/lib/python3.10/dist-packages/wuta_msgs/libwuta_msgs__rosidl_generator_py.so\n'}
[0.457814] (wuta_msgs) StdoutLine: {'line': b'-- Up-to-date symlink: /home/starry1n/WUTA/WUTA-FSD/ros2_ws/install/wuta_msgs/local/lib/python3.10/dist-packages/wuta_msgs/msg/__init__.py\n'}
[0.457926] (wuta_msgs) StdoutLine: {'line': b'-- Up-to-date symlink: /home/starry1n/WUTA/WUTA-FSD/ros2_ws/install/wuta_msgs/local/lib/python3.10/dist-packages/wuta_msgs/msg/_cone.py\n'}
[0.457960] (wuta_msgs) StdoutLine: {'line': b'-- Up-to-date symlink: /home/starry1n/WUTA/WUTA-FSD/ros2_ws/install/wuta_msgs/local/lib/python3.10/dist-packages/wuta_msgs/msg/_cone_array.py\n'}
[0.457989] (wuta_msgs) StdoutLine: {'line': b'-- Up-to-date symlink: /home/starry1n/WUTA/WUTA-FSD/ros2_ws/install/wuta_msgs/local/lib/python3.10/dist-packages/wuta_msgs/msg/_cone_array_s.c\n'}
[0.458015] (wuta_msgs) StdoutLine: {'line': b'-- Up-to-date symlink: /home/starry1n/WUTA/WUTA-FSD/ros2_ws/install/wuta_msgs/local/lib/python3.10/dist-packages/wuta_msgs/msg/_cone_map.py\n'}
[0.458056] (wuta_msgs) StdoutLine: {'line': b'-- Up-to-date symlink: /home/starry1n/WUTA/WUTA-FSD/ros2_ws/install/wuta_msgs/local/lib/python3.10/dist-packages/wuta_msgs/msg/_cone_map_s.c\n'}
[0.458083] (wuta_msgs) StdoutLine: {'line': b'-- Up-to-date symlink: /home/starry1n/WUTA/WUTA-FSD/ros2_ws/install/wuta_msgs/local/lib/python3.10/dist-packages/wuta_msgs/msg/_cone_s.c\n'}
[0.458113] (wuta_msgs) StdoutLine: {'line': b'-- Up-to-date symlink: /home/starry1n/WUTA/WUTA-FSD/ros2_ws/install/wuta_msgs/local/lib/python3.10/dist-packages/wuta_msgs/msg/_mission_state.py\n'}
[0.458140] (wuta_msgs) StdoutLine: {'line': b'-- Up-to-date symlink: /home/starry1n/WUTA/WUTA-FSD/ros2_ws/install/wuta_msgs/local/lib/python3.10/dist-packages/wuta_msgs/msg/_mission_state_s.c\n'}
[0.458166] (wuta_msgs) StdoutLine: {'line': b'-- Up-to-date symlink: /home/starry1n/WUTA/WUTA-FSD/ros2_ws/install/wuta_msgs/local/lib/python3.10/dist-packages/wuta_msgs/wuta_msgs_s__rosidl_typesupport_c.cpython-310-x86_64-linux-gnu.so\n'}
[0.458194] (wuta_msgs) StdoutLine: {'line': b'-- Up-to-date symlink: /home/starry1n/WUTA/WUTA-FSD/ros2_ws/install/wuta_msgs/local/lib/python3.10/dist-packages/wuta_msgs/wuta_msgs_s__rosidl_typesupport_fastrtps_c.cpython-310-x86_64-linux-gnu.so\n'}
[0.458219] (wuta_msgs) StdoutLine: {'line': b'-- Up-to-date symlink: /home/starry1n/WUTA/WUTA-FSD/ros2_ws/install/wuta_msgs/local/lib/python3.10/dist-packages/wuta_msgs/wuta_msgs_s__rosidl_typesupport_introspection_c.cpython-310-x86_64-linux-gnu.so\n'}
[0.458314] (wuta_msgs) StdoutLine: {'line': b'-- Up-to-date symlink: /home/starry1n/WUTA/WUTA-FSD/ros2_ws/install/wuta_msgs/local/lib/python3.10/dist-packages/wuta_msgs/wuta_msgs_s__rosidl_typesupport_fastrtps_c.cpython-310-x86_64-linux-gnu.so\n'}
[0.458403] (wuta_msgs) StdoutLine: {'line': b'-- Up-to-date symlink: /home/starry1n/WUTA/WUTA-FSD/ros2_ws/install/wuta_msgs/local/lib/python3.10/dist-packages/wuta_msgs/wuta_msgs_s__rosidl_typesupport_introspection_c.cpython-310-x86_64-linux-gnu.so\n'}
[0.458441] (wuta_msgs) StdoutLine: {'line': b'-- Up-to-date symlink: /home/starry1n/WUTA/WUTA-FSD/ros2_ws/install/wuta_msgs/local/lib/python3.10/dist-packages/wuta_msgs/wuta_msgs_s__rosidl_typesupport_c.cpython-310-x86_64-linux-gnu.so\n'}
[0.458474] (wuta_msgs) StdoutLine: {'line': b'-- Up-to-date symlink: /home/starry1n/WUTA/WUTA-FSD/ros2_ws/install/wuta_msgs/share/ament_index/resource_index/rust_packages/wuta_msgs\n'}
[0.458505] (wuta_msgs) StdoutLine: {'line': b'-- Up-to-date symlink: /home/starry1n/WUTA/WUTA-FSD/ros2_ws/install/wuta_msgs/share/wuta_msgs/rust/Cargo.toml\n'}
[0.458535] (wuta_msgs) StdoutLine: {'line': b'-- Up-to-date symlink: /home/starry1n/WUTA/WUTA-FSD/ros2_ws/install/wuta_msgs/share/wuta_msgs/rust/build.rs\n'}
[0.458562] (wuta_msgs) StdoutLine: {'line': b'-- Up-to-date symlink: /home/starry1n/WUTA/WUTA-FSD/ros2_ws/install/wuta_msgs/share/wuta_msgs/rust/src/lib.rs\n'}
[0.458590] (wuta_msgs) StdoutLine: {'line': b'-- Up-to-date symlink: /home/starry1n/WUTA/WUTA-FSD/ros2_ws/install/wuta_msgs/share/wuta_msgs/rust/src/msg.rs\n'}
[0.458618] (wuta_msgs) StdoutLine: {'line': b'-- Up-to-date symlink: /home/starry1n/WUTA/WUTA-FSD/ros2_ws/install/wuta_msgs/share/wuta_msgs/rust/src/msg/rmw.rs\n'}
[0.458654] (wuta_msgs) StdoutLine: {'line': b'-- Up-to-date symlink: /home/starry1n/WUTA/WUTA-FSD/ros2_ws/install/wuta_msgs/share/wuta_msgs/msg/Cone.idl\n'}
[0.458683] (wuta_msgs) StdoutLine: {'line': b'-- Up-to-date symlink: /home/starry1n/WUTA/WUTA-FSD/ros2_ws/install/wuta_msgs/share/wuta_msgs/msg/ConeArray.idl\n'}
[0.458708] (wuta_msgs) StdoutLine: {'line': b'-- Up-to-date symlink: /home/starry1n/WUTA/WUTA-FSD/ros2_ws/install/wuta_msgs/share/wuta_msgs/msg/ConeMap.idl\n'}
[0.458865] (wuta_msgs) StdoutLine: {'line': b'-- Up-to-date symlink: /home/starry1n/WUTA/WUTA-FSD/ros2_ws/install/wuta_msgs/share/wuta_msgs/msg/MissionState.idl\n'}
[0.458950] (autoware_msgs) StdoutLine: {'line': b'-- Up-to-date symlink: /home/starry1n/WUTA/WUTA-FSD/ros2_ws/install/autoware_msgs/share/ament_index/resource_index/packages/autoware_msgs\n'}
[0.458998] (autoware_msgs) StdoutLine: {'line': b'-- Up-to-date symlink: /home/starry1n/WUTA/WUTA-FSD/ros2_ws/install/autoware_msgs/share/autoware_msgs/cmake/rosidl_cmake-extras.cmake\n'}
[0.459027] (autoware_msgs) StdoutLine: {'line': b'-- Up-to-date symlink: /home/starry1n/WUTA/WUTA-FSD/ros2_ws/install/autoware_msgs/share/autoware_msgs/cmake/ament_cmake_export_dependencies-extras.cmake\n'}
[0.459061] (wuta_msgs) StdoutLine: {'line': b'-- Up-to-date symlink: /home/starry1n/WUTA/WUTA-FSD/ros2_ws/install/wuta_msgs/share/wuta_msgs/msg/Cone.msg\n'}
[0.459088] (wuta_msgs) StdoutLine: {'line': b'-- Up-to-date symlink: /home/starry1n/WUTA/WUTA-FSD/ros2_ws/install/wuta_msgs/share/wuta_msgs/msg/ConeArray.msg\n'}
[0.459285] (wuta_msgs) StdoutLine: {'line': b'-- Up-to-date symlink: /home/starry1n/WUTA/WUTA-FSD/ros2_ws/install/wuta_msgs/share/wuta_msgs/msg/ConeMap.msg\n'}
[0.459363] (wuta_msgs) StdoutLine: {'line': b'-- Up-to-date symlink: /home/starry1n/WUTA/WUTA-FSD/ros2_ws/install/wuta_msgs/share/wuta_msgs/msg/MissionState.msg\n'}
[0.459601] (autoware_msgs) StdoutLine: {'line': b'-- Up-to-date symlink: /home/starry1n/WUTA/WUTA-FSD/ros2_ws/install/autoware_msgs/share/autoware_msgs/cmake/ament_cmake_export_include_directories-extras.cmake\n'}
[0.459788] (autoware_msgs) StdoutLine: {'line': b'-- Up-to-date symlink: /home/starry1n/WUTA/WUTA-FSD/ros2_ws/install/autoware_msgs/share/autoware_msgs/cmake/ament_cmake_export_libraries-extras.cmake\n'}
[0.459852] (autoware_msgs) StdoutLine: {'line': b'-- Up-to-date symlink: /home/starry1n/WUTA/WUTA-FSD/ros2_ws/install/autoware_msgs/share/autoware_msgs/cmake/ament_cmake_export_targets-extras.cmake\n'}
[0.460078] (wuta_msgs) StdoutLine: {'line': b'-- Up-to-date symlink: /home/starry1n/WUTA/WUTA-FSD/ros2_ws/install/wuta_msgs/share/ament_index/resource_index/package_run_dependencies/wuta_msgs\n'}
[0.460132] (wuta_msgs) StdoutLine: {'line': b'-- Up-to-date symlink: /home/starry1n/WUTA/WUTA-FSD/ros2_ws/install/wuta_msgs/share/ament_index/resource_index/parent_prefix_path/wuta_msgs\n'}
[0.460163] (wuta_msgs) StdoutLine: {'line': b'-- Up-to-date symlink: /home/starry1n/WUTA/WUTA-FSD/ros2_ws/install/wuta_msgs/share/wuta_msgs/environment/ament_prefix_path.sh\n'}
[0.460193] (wuta_msgs) StdoutLine: {'line': b'-- Up-to-date symlink: /home/starry1n/WUTA/WUTA-FSD/ros2_ws/install/wuta_msgs/share/wuta_msgs/environment/ament_prefix_path.dsv\n'}
[0.460219] (wuta_msgs) StdoutLine: {'line': b'-- Up-to-date symlink: /home/starry1n/WUTA/WUTA-FSD/ros2_ws/install/wuta_msgs/share/wuta_msgs/environment/path.sh\n'}
[0.460243] (wuta_msgs) StdoutLine: {'line': b'-- Up-to-date symlink: /home/starry1n/WUTA/WUTA-FSD/ros2_ws/install/wuta_msgs/share/wuta_msgs/environment/path.dsv\n'}
[0.460276] (wuta_msgs) StdoutLine: {'line': b'-- Up-to-date symlink: /home/starry1n/WUTA/WUTA-FSD/ros2_ws/install/wuta_msgs/share/wuta_msgs/local_setup.bash\n'}
[0.460302] (wuta_msgs) StdoutLine: {'line': b'-- Up-to-date symlink: /home/starry1n/WUTA/WUTA-FSD/ros2_ws/install/wuta_msgs/share/wuta_msgs/local_setup.sh\n'}
[0.460331] (wuta_msgs) StdoutLine: {'line': b'-- Up-to-date symlink: /home/starry1n/WUTA/WUTA-FSD/ros2_ws/install/wuta_msgs/share/wuta_msgs/local_setup.zsh\n'}
[0.460370] (wuta_msgs) StdoutLine: {'line': b'-- Up-to-date symlink: /home/starry1n/WUTA/WUTA-FSD/ros2_ws/install/wuta_msgs/share/wuta_msgs/local_setup.dsv\n'}
[0.460396] (wuta_msgs) StdoutLine: {'line': b'-- Symlinking: /home/starry1n/WUTA/WUTA-FSD/ros2_ws/install/wuta_msgs/share/wuta_msgs/package.dsv\n'}
[0.460420] (autoware_msgs) StdoutLine: {'line': b'-- Up-to-date symlink: /home/starry1n/WUTA/WUTA-FSD/ros2_ws/install/autoware_msgs/share/autoware_msgs/cmake/rosidl_cmake_export_typesupport_targets-extras.cmake\n'}
[0.460448] (autoware_msgs) StdoutLine: {'line': b'-- Up-to-date symlink: /home/starry1n/WUTA/WUTA-FSD/ros2_ws/install/autoware_msgs/share/autoware_msgs/cmake/rosidl_cmake_export_typesupport_libraries-extras.cmake\n'}
[0.460472] (autoware_msgs) StdoutLine: {'line': b'-- Up-to-date symlink: /home/starry1n/WUTA/WUTA-FSD/ros2_ws/install/autoware_msgs/share/autoware_msgs/cmake/rosidl_cmake_aggregate_target-extras.cmake\n'}
[0.460496] (autoware_msgs) StdoutLine: {'line': b'-- Up-to-date symlink: /home/starry1n/WUTA/WUTA-FSD/ros2_ws/install/autoware_msgs/share/autoware_msgs/cmake/autoware_msgsConfig.cmake\n'}
[0.460523] (autoware_msgs) StdoutLine: {'line': b'-- Up-to-date symlink: /home/starry1n/WUTA/WUTA-FSD/ros2_ws/install/autoware_msgs/share/autoware_msgs/cmake/autoware_msgsConfig-version.cmake\n'}
[0.460550] (autoware_msgs) StdoutLine: {'line': b'-- Up-to-date symlink: /home/starry1n/WUTA/WUTA-FSD/ros2_ws/install/autoware_msgs/share/autoware_msgs/package.xml\n'}
[0.460573] (autoware_msgs) StdoutLine: {'line': b'-- Up-to-date: /home/starry1n/WUTA/WUTA-FSD/ros2_ws/install/autoware_msgs/lib/libautoware_msgs__rosidl_generator_c.so\n'}
[0.460596] (autoware_msgs) StdoutLine: {'line': b'-- Up-to-date: /home/starry1n/WUTA/WUTA-FSD/ros2_ws/install/autoware_msgs/lib/libautoware_msgs__rosidl_typesupport_fastrtps_c.so\n'}
[0.460619] (autoware_msgs) StdoutLine: {'line': b'-- Up-to-date: /home/starry1n/WUTA/WUTA-FSD/ros2_ws/install/autoware_msgs/lib/libautoware_msgs__rosidl_typesupport_introspection_c.so\n'}
[0.460644] (autoware_msgs) StdoutLine: {'line': b'-- Up-to-date: /home/starry1n/WUTA/WUTA-FSD/ros2_ws/install/autoware_msgs/lib/libautoware_msgs__rosidl_typesupport_c.so\n'}
[0.460669] (autoware_msgs) StdoutLine: {'line': b'-- Up-to-date: /home/starry1n/WUTA/WUTA-FSD/ros2_ws/install/autoware_msgs/lib/libautoware_msgs__rosidl_typesupport_fastrtps_cpp.so\n'}
[0.460692] (autoware_msgs) StdoutLine: {'line': b'-- Up-to-date: /home/starry1n/WUTA/WUTA-FSD/ros2_ws/install/autoware_msgs/lib/libautoware_msgs__rosidl_typesupport_introspection_cpp.so\n'}
[0.460714] (autoware_msgs) StdoutLine: {'line': b'-- Up-to-date: /home/starry1n/WUTA/WUTA-FSD/ros2_ws/install/autoware_msgs/lib/libautoware_msgs__rosidl_typesupport_cpp.so\n'}
[0.462006] (robot_localization) CommandEnded: {'returncode': 0}
[0.462851] (robot_localization) JobProgress: {'identifier': 'robot_localization', 'progress': 'install'}
[0.463685] (robot_localization) Command: {'cmd': ['/usr/bin/cmake', '--install', '/home/starry1n/WUTA/WUTA-FSD/ros2_ws/build/robot_localization'], 'cwd': '/home/starry1n/WUTA/WUTA-FSD/ros2_ws/build/robot_localization', 'env': OrderedDict([('LESSOPEN', '| /usr/bin/lesspipe %s'), ('LANGUAGE', 'zh_CN:zh'), ('USER', 'starry1n'), ('XDG_SESSION_TYPE', 'wayland'), ('SHLVL', '3'), ('LD_LIBRARY_PATH', '/opt/ros/humble/opt/rviz_ogre_vendor/lib:/opt/ros/humble/lib/x86_64-linux-gnu:/opt/ros/humble/lib'), ('HOME', '/home/starry1n'), ('OLDPWD', '/home/starry1n/WUTA/WUTA-FSD'), ('DESKTOP_SESSION', 'ubuntu'), ('ROS_PYTHON_VERSION', '3'), ('GNOME_SHELL_SESSION_MODE', 'ubuntu'), ('GTK_MODULES', 'gail:atk-bridge'), ('SYSTEMD_EXEC_PID', '2566'), ('DBUS_SESSION_BUS_ADDRESS', 'unix:path=/run/user/1000/bus'), ('COLORTERM', 'truecolor'), ('IM_CONFIG_PHASE', '1'), ('WAYLAND_DISPLAY', 'wayland-0'), ('ROS_DISTRO', 'humble'), ('LOGNAME', 'starry1n'), ('_', '/usr/bin/colcon'), ('ROS_VERSION', '2'), ('XDG_SESSION_CLASS', 'user'), ('USERNAME', 'starry1n'), ('TERM', 'xterm-256color'), ('GNOME_DESKTOP_SESSION_ID', 'this-is-deprecated'), ('ROS_LOCALHOST_ONLY', '0'), ('PATH', '/home/starry1n/.local/bin:/opt/ros/humble/bin:/home/starry1n/.local/bin:/usr/local/sbin:/usr/local/bin:/usr/sbin:/usr/bin:/sbin:/bin:/usr/games:/usr/local/games:/snap/bin:/snap/bin'), ('SESSION_MANAGER', 'local/starry1n-virtual-machine:@/tmp/.ICE-unix/2321,unix/starry1n-virtual-machine:/tmp/.ICE-unix/2321'), ('XDG_MENU_PREFIX', 'gnome-'), ('GNOME_TERMINAL_SCREEN', '/org/gnome/Terminal/screen/948911c1_b87d_475f_a792_006550dcd166'), ('GNOME_SETUP_DISPLAY', ':1'), ('XDG_RUNTIME_DIR', '/run/user/1000'), ('DISPLAY', ':0'), ('LANG', 'zh_CN.UTF-8'), ('XDG_CURRENT_DESKTOP', 'ubuntu:GNOME'), ('XMODIFIERS', '@im=ibus'), ('XDG_SESSION_DESKTOP', 'ubuntu'), ('XAUTHORITY', '/run/user/1000/.mutter-Xwaylandauth.H6FRS3'), ('LS_COLORS', 'rs=0:di=01;34:ln=01;36:mh=00:pi=40;33:so=01;35:do=01;35:bd=40;33;01:cd=40;33;01:or=40;31;01:mi=00:su=37;41:sg=30;43:ca=30;41:tw=30;42:ow=34;42:st=37;44:ex=01;32:*.tar=01;31:*.tgz=01;31:*.arc=01;31:*.arj=01;31:*.taz=01;31:*.lha=01;31:*.lz4=01;31:*.lzh=01;31:*.lzma=01;31:*.tlz=01;31:*.txz=01;31:*.tzo=01;31:*.t7z=01;31:*.zip=01;31:*.z=01;31:*.dz=01;31:*.gz=01;31:*.lrz=01;31:*.lz=01;31:*.lzo=01;31:*.xz=01;31:*.zst=01;31:*.tzst=01;31:*.bz2=01;31:*.bz=01;31:*.tbz=01;31:*.tbz2=01;31:*.tz=01;31:*.deb=01;31:*.rpm=01;31:*.jar=01;31:*.war=01;31:*.ear=01;31:*.sar=01;31:*.rar=01;31:*.alz=01;31:*.ace=01;31:*.zoo=01;31:*.cpio=01;31:*.7z=01;31:*.rz=01;31:*.cab=01;31:*.wim=01;31:*.swm=01;31:*.dwm=01;31:*.esd=01;31:*.jpg=01;35:*.jpeg=01;35:*.mjpg=01;35:*.mjpeg=01;35:*.gif=01;35:*.bmp=01;35:*.pbm=01;35:*.pgm=01;35:*.ppm=01;35:*.tga=01;35:*.xbm=01;35:*.xpm=01;35:*.tif=01;35:*.tiff=01;35:*.png=01;35:*.svg=01;35:*.svgz=01;35:*.mng=01;35:*.pcx=01;35:*.mov=01;35:*.mpg=01;35:*.mpeg=01;35:*.m2v=01;35:*.mkv=01;35:*.webm=01;35:*.webp=01;35:*.ogm=01;35:*.mp4=01;35:*.m4v=01;35:*.mp4v=01;35:*.vob=01;35:*.qt=01;35:*.nuv=01;35:*.wmv=01;35:*.asf=01;35:*.rm=01;35:*.rmvb=01;35:*.flc=01;35:*.avi=01;35:*.fli=01;35:*.flv=01;35:*.gl=01;35:*.dl=01;35:*.xcf=01;35:*.xwd=01;35:*.yuv=01;35:*.cgm=01;35:*.emf=01;35:*.ogv=01;35:*.ogx=01;35:*.aac=00;36:*.au=00;36:*.flac=00;36:*.m4a=00;36:*.mid=00;36:*.midi=00;36:*.mka=00;36:*.mp3=00;36:*.mpc=00;36:*.ogg=00;36:*.ra=00;36:*.wav=00;36:*.oga=00;36:*.opus=00;36:*.spx=00;36:*.xspf=00;36:'), ('GNOME_TERMINAL_SERVICE', ':1.155'), ('SSH_AGENT_LAUNCHER', 'gnome-keyring'), ('SSH_AUTH_SOCK', '/run/user/1000/keyring/ssh'), ('AMENT_PREFIX_PATH', '/opt/ros/humble'), ('SHELL', '/bin/bash'), ('QT_ACCESSIBILITY', '1'), ('GDMSESSION', 'ubuntu'), ('LESSCLOSE', '/usr/bin/lesspipe %s %s'), ('QT_IM_MODULE', 'ibus'), ('PWD', '/home/starry1n/WUTA/WUTA-FSD/ros2_ws/build/robot_localization'), ('XDG_CONFIG_DIRS', '/etc/xdg/xdg-ubuntu:/etc/xdg'), ('XDG_DATA_DIRS', '/usr/share/ubuntu:/usr/local/share/:/usr/share/:/var/lib/snapd/desktop'), ('PYTHONPATH', '/opt/ros/humble/lib/python3.10/site-packages:/opt/ros/humble/local/lib/python3.10/dist-packages'), ('COLCON', '1'), ('VTE_VERSION', '6800'), ('CMAKE_PREFIX_PATH', '/opt/ros/humble')]), 'shell': False}
[0.465179] (wuta_msgs) StdoutLine: {'line': b'-- Up-to-date symlink: /home/starry1n/WUTA/WUTA-FSD/ros2_ws/install/wuta_msgs/share/ament_index/resource_index/packages/wuta_msgs\n'}
[0.465299] (wuta_msgs) StdoutLine: {'line': b'-- Up-to-date symlink: /home/starry1n/WUTA/WUTA-FSD/ros2_ws/install/wuta_msgs/share/wuta_msgs/cmake/rosidl_cmake-extras.cmake\n'}
[0.465447] (wuta_msgs) StdoutLine: {'line': b'-- Up-to-date symlink: /home/starry1n/WUTA/WUTA-FSD/ros2_ws/install/wuta_msgs/share/wuta_msgs/cmake/ament_cmake_export_dependencies-extras.cmake\n'}
[0.465508] (wuta_msgs) StdoutLine: {'line': b'-- Up-to-date symlink: /home/starry1n/WUTA/WUTA-FSD/ros2_ws/install/wuta_msgs/share/wuta_msgs/cmake/ament_cmake_export_include_directories-extras.cmake\n'}
[0.465543] (wuta_msgs) StdoutLine: {'line': b'-- Up-to-date symlink: /home/starry1n/WUTA/WUTA-FSD/ros2_ws/install/wuta_msgs/share/wuta_msgs/cmake/ament_cmake_export_libraries-extras.cmake\n'}
[0.465736] (wuta_msgs) StdoutLine: {'line': b'-- Up-to-date symlink: /home/starry1n/WUTA/WUTA-FSD/ros2_ws/install/wuta_msgs/share/wuta_msgs/cmake/ament_cmake_export_targets-extras.cmake\n'}
[0.465833] (wuta_msgs) StdoutLine: {'line': b'-- Up-to-date symlink: /home/starry1n/WUTA/WUTA-FSD/ros2_ws/install/wuta_msgs/share/wuta_msgs/cmake/rosidl_cmake_export_typesupport_targets-extras.cmake\n'}
[0.465921] (wuta_msgs) StdoutLine: {'line': b'-- Up-to-date symlink: /home/starry1n/WUTA/WUTA-FSD/ros2_ws/install/wuta_msgs/share/wuta_msgs/cmake/rosidl_cmake_export_typesupport_libraries-extras.cmake\n'}
[0.466007] (wuta_msgs) StdoutLine: {'line': b'-- Up-to-date symlink: /home/starry1n/WUTA/WUTA-FSD/ros2_ws/install/wuta_msgs/share/wuta_msgs/cmake/rosidl_cmake_aggregate_target-extras.cmake\n'}
[0.466066] (wuta_msgs) StdoutLine: {'line': b'-- Up-to-date symlink: /home/starry1n/WUTA/WUTA-FSD/ros2_ws/install/wuta_msgs/share/wuta_msgs/cmake/wuta_msgsConfig.cmake\n'}
[0.466138] (wuta_msgs) StdoutLine: {'line': b'-- Up-to-date symlink: /home/starry1n/WUTA/WUTA-FSD/ros2_ws/install/wuta_msgs/share/wuta_msgs/cmake/wuta_msgsConfig-version.cmake\n'}
[0.466198] (wuta_msgs) StdoutLine: {'line': b'-- Up-to-date symlink: /home/starry1n/WUTA/WUTA-FSD/ros2_ws/install/wuta_msgs/share/wuta_msgs/package.xml\n'}
[0.466501] (wuta_msgs) StdoutLine: {'line': b'-- Up-to-date: /home/starry1n/WUTA/WUTA-FSD/ros2_ws/install/wuta_msgs/lib/libwuta_msgs__rosidl_generator_c.so\n'}
[0.466696] (wuta_msgs) StdoutLine: {'line': b'-- Up-to-date: /home/starry1n/WUTA/WUTA-FSD/ros2_ws/install/wuta_msgs/lib/libwuta_msgs__rosidl_typesupport_fastrtps_c.so\n'}
[0.466890] (wuta_msgs) StdoutLine: {'line': b'-- Up-to-date: /home/starry1n/WUTA/WUTA-FSD/ros2_ws/install/wuta_msgs/lib/libwuta_msgs__rosidl_typesupport_introspection_c.so\n'}
[0.467095] (wuta_msgs) StdoutLine: {'line': b'-- Up-to-date: /home/starry1n/WUTA/WUTA-FSD/ros2_ws/install/wuta_msgs/lib/libwuta_msgs__rosidl_typesupport_c.so\n'}
[0.467276] (wuta_msgs) StdoutLine: {'line': b'-- Up-to-date: /home/starry1n/WUTA/WUTA-FSD/ros2_ws/install/wuta_msgs/lib/libwuta_msgs__rosidl_typesupport_fastrtps_cpp.so\n'}
[0.467654] (wuta_msgs) StdoutLine: {'line': b'-- Up-to-date: /home/starry1n/WUTA/WUTA-FSD/ros2_ws/install/wuta_msgs/lib/libwuta_msgs__rosidl_typesupport_introspection_cpp.so\n'}
[0.467897] (wuta_msgs) StdoutLine: {'line': b'-- Up-to-date: /home/starry1n/WUTA/WUTA-FSD/ros2_ws/install/wuta_msgs/lib/libwuta_msgs__rosidl_typesupport_cpp.so\n'}
[0.469698] (robot_localization) StdoutLine: {'line': b'-- Install configuration: "RelWithDebInfo"\n'}
[0.470198] (robot_localization) StdoutLine: {'line': b'-- Execute custom install script\n'}
[0.470458] (robot_localization) StdoutLine: {'line': b'-- Up-to-date symlink: /home/starry1n/WUTA/WUTA-FSD/ros2_ws/install/robot_localization/share/ament_index/resource_index/rosidl_interfaces/robot_localization\n'}
[0.470746] (robot_localization) StdoutLine: {'line': b'-- Up-to-date symlink: /home/starry1n/WUTA/WUTA-FSD/ros2_ws/install/robot_localization/include/robot_localization/robot_localization/msg/rosidl_generator_c__visibility_control.h\n'}
[0.471040] (robot_localization) StdoutLine: {'line': b'-- Up-to-date symlink: /home/starry1n/WUTA/WUTA-FSD/ros2_ws/install/robot_localization/include/robot_localization/robot_localization/srv/detail/from_ll__functions.h\n'}
[0.471118] (robot_localization) StdoutLine: {'line': b'-- Up-to-date symlink: /home/starry1n/WUTA/WUTA-FSD/ros2_ws/install/robot_localization/include/robot_localization/robot_localization/srv/detail/from_ll__struct.h\n'}
[0.471394] (robot_localization) StdoutLine: {'line': b'-- Up-to-date symlink: /home/starry1n/WUTA/WUTA-FSD/ros2_ws/install/robot_localization/include/robot_localization/robot_localization/srv/detail/from_ll__type_support.h\n'}
[0.471609] (robot_localization) StdoutLine: {'line': b'-- Up-to-date symlink: /home/starry1n/WUTA/WUTA-FSD/ros2_ws/install/robot_localization/include/robot_localization/robot_localization/srv/detail/get_state__functions.h\n'}
[0.471932] (robot_localization) StdoutLine: {'line': b'-- Up-to-date symlink: /home/starry1n/WUTA/WUTA-FSD/ros2_ws/install/robot_localization/include/robot_localization/robot_localization/srv/detail/get_state__struct.h\n'}
[0.472100] (robot_localization) StdoutLine: {'line': b'-- Up-to-date symlink: /home/starry1n/WUTA/WUTA-FSD/ros2_ws/install/robot_localization/include/robot_localization/robot_localization/srv/detail/get_state__type_support.h\n'}
[0.472269] (robot_localization) StdoutLine: {'line': b'-- Up-to-date symlink: /home/starry1n/WUTA/WUTA-FSD/ros2_ws/install/robot_localization/include/robot_localization/robot_localization/srv/detail/set_datum__functions.h\n'}
[0.472334] (robot_localization) StdoutLine: {'line': b'-- Up-to-date symlink: /home/starry1n/WUTA/WUTA-FSD/ros2_ws/install/robot_localization/include/robot_localization/robot_localization/srv/detail/set_datum__struct.h\n'}
[0.472519] (robot_localization) StdoutLine: {'line': b'-- Up-to-date symlink: /home/starry1n/WUTA/WUTA-FSD/ros2_ws/install/robot_localization/include/robot_localization/robot_localization/srv/detail/set_datum__type_support.h\n'}
[0.472620] (robot_localization) StdoutLine: {'line': b'-- Up-to-date symlink: /home/starry1n/WUTA/WUTA-FSD/ros2_ws/install/robot_localization/include/robot_localization/robot_localization/srv/detail/set_pose__functions.h\n'}
[0.472719] (robot_localization) StdoutLine: {'line': b'-- Up-to-date symlink: /home/starry1n/WUTA/WUTA-FSD/ros2_ws/install/robot_localization/include/robot_localization/robot_localization/srv/detail/set_pose__struct.h\n'}
[0.472764] (robot_localization) StdoutLine: {'line': b'-- Up-to-date symlink: /home/starry1n/WUTA/WUTA-FSD/ros2_ws/install/robot_localization/include/robot_localization/robot_localization/srv/detail/set_pose__type_support.h\n'}
[0.472797] (robot_localization) StdoutLine: {'line': b'-- Up-to-date symlink: /home/starry1n/WUTA/WUTA-FSD/ros2_ws/install/robot_localization/include/robot_localization/robot_localization/srv/detail/to_ll__functions.h\n'}
[0.472828] (robot_localization) StdoutLine: {'line': b'-- Up-to-date symlink: /home/starry1n/WUTA/WUTA-FSD/ros2_ws/install/robot_localization/include/robot_localization/robot_localization/srv/detail/to_ll__struct.h\n'}
[0.472916] (robot_localization) StdoutLine: {'line': b'-- Up-to-date symlink: /home/starry1n/WUTA/WUTA-FSD/ros2_ws/install/robot_localization/include/robot_localization/robot_localization/srv/detail/to_ll__type_support.h\n'}
[0.472949] (robot_localization) StdoutLine: {'line': b'-- Up-to-date symlink: /home/starry1n/WUTA/WUTA-FSD/ros2_ws/install/robot_localization/include/robot_localization/robot_localization/srv/detail/toggle_filter_processing__functions.h\n'}
[0.472977] (robot_localization) StdoutLine: {'line': b'-- Up-to-date symlink: /home/starry1n/WUTA/WUTA-FSD/ros2_ws/install/robot_localization/include/robot_localization/robot_localization/srv/detail/toggle_filter_processing__struct.h\n'}
[0.473003] (robot_localization) StdoutLine: {'line': b'-- Up-to-date symlink: /home/starry1n/WUTA/WUTA-FSD/ros2_ws/install/robot_localization/include/robot_localization/robot_localization/srv/detail/toggle_filter_processing__type_support.h\n'}
[0.473029] (robot_localization) StdoutLine: {'line': b'-- Up-to-date symlink: /home/starry1n/WUTA/WUTA-FSD/ros2_ws/install/robot_localization/include/robot_localization/robot_localization/srv/from_ll.h\n'}
[0.473055] (robot_localization) StdoutLine: {'line': b'-- Up-to-date symlink: /home/starry1n/WUTA/WUTA-FSD/ros2_ws/install/robot_localization/include/robot_localization/robot_localization/srv/get_state.h\n'}
[0.473080] (robot_localization) StdoutLine: {'line': b'-- Up-to-date symlink: /home/starry1n/WUTA/WUTA-FSD/ros2_ws/install/robot_localization/include/robot_localization/robot_localization/srv/set_datum.h\n'}
[0.473105] (robot_localization) StdoutLine: {'line': b'-- Up-to-date symlink: /home/starry1n/WUTA/WUTA-FSD/ros2_ws/install/robot_localization/include/robot_localization/robot_localization/srv/set_pose.h\n'}
[0.473130] (robot_localization) StdoutLine: {'line': b'-- Up-to-date symlink: /home/starry1n/WUTA/WUTA-FSD/ros2_ws/install/robot_localization/include/robot_localization/robot_localization/srv/to_ll.h\n'}
[0.473155] (robot_localization) StdoutLine: {'line': b'-- Up-to-date symlink: /home/starry1n/WUTA/WUTA-FSD/ros2_ws/install/robot_localization/include/robot_localization/robot_localization/srv/toggle_filter_processing.h\n'}
[0.473179] (robot_localization) StdoutLine: {'line': b'-- Up-to-date symlink: /home/starry1n/WUTA/WUTA-FSD/ros2_ws/install/robot_localization/share/robot_localization/environment/library_path.sh\n'}
[0.473206] (robot_localization) StdoutLine: {'line': b'-- Up-to-date symlink: /home/starry1n/WUTA/WUTA-FSD/ros2_ws/install/robot_localization/share/robot_localization/environment/library_path.dsv\n'}
[0.473361] (robot_localization) StdoutLine: {'line': b'-- Up-to-date symlink: /home/starry1n/WUTA/WUTA-FSD/ros2_ws/install/robot_localization/include/robot_localization/robot_localization/msg/rosidl_typesupport_fastrtps_c__visibility_control.h\n'}
[0.473745] (robot_localization) StdoutLine: {'line': b'-- Up-to-date symlink: /home/starry1n/WUTA/WUTA-FSD/ros2_ws/install/robot_localization/include/robot_localization/robot_localization/srv/detail/from_ll__rosidl_typesupport_fastrtps_c.h\n'}
[0.473865] (robot_localization) StdoutLine: {'line': b'-- Up-to-date symlink: /home/starry1n/WUTA/WUTA-FSD/ros2_ws/install/robot_localization/include/robot_localization/robot_localization/srv/detail/get_state__rosidl_typesupport_fastrtps_c.h\n'}
[0.473932] (robot_localization) StdoutLine: {'line': b'-- Up-to-date symlink: /home/starry1n/WUTA/WUTA-FSD/ros2_ws/install/robot_localization/include/robot_localization/robot_localization/srv/detail/set_datum__rosidl_typesupport_fastrtps_c.h\n'}
[0.473987] (robot_localization) StdoutLine: {'line': b'-- Up-to-date symlink: /home/starry1n/WUTA/WUTA-FSD/ros2_ws/install/robot_localization/include/robot_localization/robot_localization/srv/detail/set_pose__rosidl_typesupport_fastrtps_c.h\n'}
[0.474083] (robot_localization) StdoutLine: {'line': b'-- Up-to-date symlink: /home/starry1n/WUTA/WUTA-FSD/ros2_ws/install/robot_localization/include/robot_localization/robot_localization/srv/detail/to_ll__rosidl_typesupport_fastrtps_c.h\n'}
[0.474245] (robot_localization) StdoutLine: {'line': b'-- Up-to-date symlink: /home/starry1n/WUTA/WUTA-FSD/ros2_ws/install/robot_localization/include/robot_localization/robot_localization/srv/detail/toggle_filter_processing__rosidl_typesupport_fastrtps_c.h\n'}
[0.474420] (robot_localization) StdoutLine: {'line': b'-- Up-to-date symlink: /home/starry1n/WUTA/WUTA-FSD/ros2_ws/install/robot_localization/include/robot_localization/robot_localization/msg/rosidl_generator_cpp__visibility_control.hpp\n'}
[0.474729] (robot_localization) StdoutLine: {'line': b'-- Up-to-date symlink: /home/starry1n/WUTA/WUTA-FSD/ros2_ws/install/robot_localization/include/robot_localization/robot_localization/srv/detail/from_ll__builder.hpp\n'}
[0.474842] (robot_localization) StdoutLine: {'line': b'-- Up-to-date symlink: /home/starry1n/WUTA/WUTA-FSD/ros2_ws/install/robot_localization/include/robot_localization/robot_localization/srv/detail/from_ll__struct.hpp\n'}
[0.475078] (robot_localization) StdoutLine: {'line': b'-- Up-to-date symlink: /home/starry1n/WUTA/WUTA-FSD/ros2_ws/install/robot_localization/include/robot_localization/robot_localization/srv/detail/from_ll__traits.hpp\n'}
[0.475133] (robot_localization) StdoutLine: {'line': b'-- Up-to-date symlink: /home/starry1n/WUTA/WUTA-FSD/ros2_ws/install/robot_localization/include/robot_localization/robot_localization/srv/detail/from_ll__type_support.hpp\n'}
[0.475171] (robot_localization) StdoutLine: {'line': b'-- Up-to-date symlink: /home/starry1n/WUTA/WUTA-FSD/ros2_ws/install/robot_localization/include/robot_localization/robot_localization/srv/detail/get_state__builder.hpp\n'}
[0.475324] (robot_localization) StdoutLine: {'line': b'-- Up-to-date symlink: /home/starry1n/WUTA/WUTA-FSD/ros2_ws/install/robot_localization/include/robot_localization/robot_localization/srv/detail/get_state__struct.hpp\n'}
[0.475478] (robot_localization) StdoutLine: {'line': b'-- Up-to-date symlink: /home/starry1n/WUTA/WUTA-FSD/ros2_ws/install/robot_localization/include/robot_localization/robot_localization/srv/detail/get_state__traits.hpp\n'}
[0.475518] (robot_localization) StdoutLine: {'line': b'-- Up-to-date symlink: /home/starry1n/WUTA/WUTA-FSD/ros2_ws/install/robot_localization/include/robot_localization/robot_localization/srv/detail/get_state__type_support.hpp\n'}
[0.475557] (robot_localization) StdoutLine: {'line': b'-- Up-to-date symlink: /home/starry1n/WUTA/WUTA-FSD/ros2_ws/install/robot_localization/include/robot_localization/robot_localization/srv/detail/set_datum__builder.hpp\n'}
[0.475670] (robot_localization) StdoutLine: {'line': b'-- Up-to-date symlink: /home/starry1n/WUTA/WUTA-FSD/ros2_ws/install/robot_localization/include/robot_localization/robot_localization/srv/detail/set_datum__struct.hpp\n'}
[0.475709] (robot_localization) StdoutLine: {'line': b'-- Up-to-date symlink: /home/starry1n/WUTA/WUTA-FSD/ros2_ws/install/robot_localization/include/robot_localization/robot_localization/srv/detail/set_datum__traits.hpp\n'}
[0.475738] (robot_localization) StdoutLine: {'line': b'-- Up-to-date symlink: /home/starry1n/WUTA/WUTA-FSD/ros2_ws/install/robot_localization/include/robot_localization/robot_localization/srv/detail/set_datum__type_support.hpp\n'}
[0.475771] (robot_localization) StdoutLine: {'line': b'-- Up-to-date symlink: /home/starry1n/WUTA/WUTA-FSD/ros2_ws/install/robot_localization/include/robot_localization/robot_localization/srv/detail/set_pose__builder.hpp\n'}
[0.475863] (robot_localization) StdoutLine: {'line': b'-- Up-to-date symlink: /home/starry1n/WUTA/WUTA-FSD/ros2_ws/install/robot_localization/include/robot_localization/robot_localization/srv/detail/set_pose__struct.hpp\n'}
[0.475891] (robot_localization) StdoutLine: {'line': b'-- Up-to-date symlink: /home/starry1n/WUTA/WUTA-FSD/ros2_ws/install/robot_localization/include/robot_localization/robot_localization/srv/detail/set_pose__traits.hpp\n'}
[0.475989] (robot_localization) StdoutLine: {'line': b'-- Up-to-date symlink: /home/starry1n/WUTA/WUTA-FSD/ros2_ws/install/robot_localization/include/robot_localization/robot_localization/srv/detail/set_pose__type_support.hpp\n'}
[0.476030] (robot_localization) StdoutLine: {'line': b'-- Up-to-date symlink: /home/starry1n/WUTA/WUTA-FSD/ros2_ws/install/robot_localization/include/robot_localization/robot_localization/srv/detail/to_ll__builder.hpp\n'}
[0.476061] (robot_localization) StdoutLine: {'line': b'-- Up-to-date symlink: /home/starry1n/WUTA/WUTA-FSD/ros2_ws/install/robot_localization/include/robot_localization/robot_localization/srv/detail/to_ll__struct.hpp\n'}
[0.476091] (robot_localization) StdoutLine: {'line': b'-- Up-to-date symlink: /home/starry1n/WUTA/WUTA-FSD/ros2_ws/install/robot_localization/include/robot_localization/robot_localization/srv/detail/to_ll__traits.hpp\n'}
[0.476120] (robot_localization) StdoutLine: {'line': b'-- Up-to-date symlink: /home/starry1n/WUTA/WUTA-FSD/ros2_ws/install/robot_localization/include/robot_localization/robot_localization/srv/detail/to_ll__type_support.hpp\n'}
[0.476148] (robot_localization) StdoutLine: {'line': b'-- Up-to-date symlink: /home/starry1n/WUTA/WUTA-FSD/ros2_ws/install/robot_localization/include/robot_localization/robot_localization/srv/detail/toggle_filter_processing__builder.hpp\n'}
[0.476255] (robot_localization) StdoutLine: {'line': b'-- Up-to-date symlink: /home/starry1n/WUTA/WUTA-FSD/ros2_ws/install/robot_localization/include/robot_localization/robot_localization/srv/detail/toggle_filter_processing__struct.hpp\n'}
[0.476295] (robot_localization) StdoutLine: {'line': b'-- Up-to-date symlink: /home/starry1n/WUTA/WUTA-FSD/ros2_ws/install/robot_localization/include/robot_localization/robot_localization/srv/detail/toggle_filter_processing__traits.hpp\n'}
[0.476321] (robot_localization) StdoutLine: {'line': b'-- Up-to-date symlink: /home/starry1n/WUTA/WUTA-FSD/ros2_ws/install/robot_localization/include/robot_localization/robot_localization/srv/detail/toggle_filter_processing__type_support.hpp\n'}
[0.476361] (robot_localization) StdoutLine: {'line': b'-- Up-to-date symlink: /home/starry1n/WUTA/WUTA-FSD/ros2_ws/install/robot_localization/include/robot_localization/robot_localization/srv/from_ll.hpp\n'}
[0.476699] (robot_localization) StdoutLine: {'line': b'-- Up-to-date symlink: /home/starry1n/WUTA/WUTA-FSD/ros2_ws/install/robot_localization/include/robot_localization/robot_localization/srv/get_state.hpp\n'}
[0.476767] (robot_localization) StdoutLine: {'line': b'-- Up-to-date symlink: /home/starry1n/WUTA/WUTA-FSD/ros2_ws/install/robot_localization/include/robot_localization/robot_localization/srv/set_datum.hpp\n'}
[0.476815] (robot_localization) StdoutLine: {'line': b'-- Up-to-date symlink: /home/starry1n/WUTA/WUTA-FSD/ros2_ws/install/robot_localization/include/robot_localization/robot_localization/srv/set_pose.hpp\n'}
[0.476858] (robot_localization) StdoutLine: {'line': b'-- Up-to-date symlink: /home/starry1n/WUTA/WUTA-FSD/ros2_ws/install/robot_localization/include/robot_localization/robot_localization/srv/to_ll.hpp\n'}
[0.476908] (robot_localization) StdoutLine: {'line': b'-- Up-to-date symlink: /home/starry1n/WUTA/WUTA-FSD/ros2_ws/install/robot_localization/include/robot_localization/robot_localization/srv/toggle_filter_processing.hpp\n'}
[0.477643] (robot_localization) StdoutLine: {'line': b'-- Up-to-date symlink: /home/starry1n/WUTA/WUTA-FSD/ros2_ws/install/robot_localization/include/robot_localization/robot_localization/msg/rosidl_typesupport_fastrtps_cpp__visibility_control.h\n'}
[0.477737] (robot_localization) StdoutLine: {'line': b'-- Up-to-date symlink: /home/starry1n/WUTA/WUTA-FSD/ros2_ws/install/robot_localization/include/robot_localization/robot_localization/srv/detail/from_ll__rosidl_typesupport_fastrtps_cpp.hpp\n'}
[0.477767] (robot_localization) StdoutLine: {'line': b'-- Up-to-date symlink: /home/starry1n/WUTA/WUTA-FSD/ros2_ws/install/robot_localization/include/robot_localization/robot_localization/srv/detail/get_state__rosidl_typesupport_fastrtps_cpp.hpp\n'}
[0.477797] (robot_localization) StdoutLine: {'line': b'-- Up-to-date symlink: /home/starry1n/WUTA/WUTA-FSD/ros2_ws/install/robot_localization/include/robot_localization/robot_localization/srv/detail/set_datum__rosidl_typesupport_fastrtps_cpp.hpp\n'}
[0.477823] (robot_localization) StdoutLine: {'line': b'-- Up-to-date symlink: /home/starry1n/WUTA/WUTA-FSD/ros2_ws/install/robot_localization/include/robot_localization/robot_localization/srv/detail/set_pose__rosidl_typesupport_fastrtps_cpp.hpp\n'}
[0.477849] (robot_localization) StdoutLine: {'line': b'-- Up-to-date symlink: /home/starry1n/WUTA/WUTA-FSD/ros2_ws/install/robot_localization/include/robot_localization/robot_localization/srv/detail/to_ll__rosidl_typesupport_fastrtps_cpp.hpp\n'}
[0.477874] (robot_localization) StdoutLine: {'line': b'-- Up-to-date symlink: /home/starry1n/WUTA/WUTA-FSD/ros2_ws/install/robot_localization/include/robot_localization/robot_localization/srv/detail/toggle_filter_processing__rosidl_typesupport_fastrtps_cpp.hpp\n'}
[0.477950] (robot_localization) StdoutLine: {'line': b'-- Up-to-date symlink: /home/starry1n/WUTA/WUTA-FSD/ros2_ws/install/robot_localization/include/robot_localization/robot_localization/msg/rosidl_typesupport_introspection_c__visibility_control.h\n'}
[0.478040] (robot_localization) StdoutLine: {'line': b'-- Up-to-date symlink: /home/starry1n/WUTA/WUTA-FSD/ros2_ws/install/robot_localization/include/robot_localization/robot_localization/srv/detail/from_ll__rosidl_typesupport_introspection_c.h\n'}
[0.478070] (robot_localization) StdoutLine: {'line': b'-- Up-to-date symlink: /home/starry1n/WUTA/WUTA-FSD/ros2_ws/install/robot_localization/include/robot_localization/robot_localization/srv/detail/get_state__rosidl_typesupport_introspection_c.h\n'}
[0.478099] (robot_localization) StdoutLine: {'line': b'-- Up-to-date symlink: /home/starry1n/WUTA/WUTA-FSD/ros2_ws/install/robot_localization/include/robot_localization/robot_localization/srv/detail/set_datum__rosidl_typesupport_introspection_c.h\n'}
[0.478127] (robot_localization) StdoutLine: {'line': b'-- Up-to-date symlink: /home/starry1n/WUTA/WUTA-FSD/ros2_ws/install/robot_localization/include/robot_localization/robot_localization/srv/detail/set_pose__rosidl_typesupport_introspection_c.h\n'}
[0.478151] (robot_localization) StdoutLine: {'line': b'-- Up-to-date symlink: /home/starry1n/WUTA/WUTA-FSD/ros2_ws/install/robot_localization/include/robot_localization/robot_localization/srv/detail/to_ll__rosidl_typesupport_introspection_c.h\n'}
[0.478176] (robot_localization) StdoutLine: {'line': b'-- Up-to-date symlink: /home/starry1n/WUTA/WUTA-FSD/ros2_ws/install/robot_localization/include/robot_localization/robot_localization/srv/detail/toggle_filter_processing__rosidl_typesupport_introspection_c.h\n'}
[0.478200] (robot_localization) StdoutLine: {'line': b'-- Up-to-date symlink: /home/starry1n/WUTA/WUTA-FSD/ros2_ws/install/robot_localization/include/robot_localization/robot_localization/srv/detail/from_ll__rosidl_typesupport_introspection_cpp.hpp\n'}
[0.478226] (robot_localization) StdoutLine: {'line': b'-- Up-to-date symlink: /home/starry1n/WUTA/WUTA-FSD/ros2_ws/install/robot_localization/include/robot_localization/robot_localization/srv/detail/get_state__rosidl_typesupport_introspection_cpp.hpp\n'}
[0.478410] (robot_localization) StdoutLine: {'line': b'-- Up-to-date symlink: /home/starry1n/WUTA/WUTA-FSD/ros2_ws/install/robot_localization/include/robot_localization/robot_localization/srv/detail/set_datum__rosidl_typesupport_introspection_cpp.hpp\n'}
[0.478536] (robot_localization) StdoutLine: {'line': b'-- Up-to-date symlink: /home/starry1n/WUTA/WUTA-FSD/ros2_ws/install/robot_localization/include/robot_localization/robot_localization/srv/detail/set_pose__rosidl_typesupport_introspection_cpp.hpp\n'}
[0.478572] (robot_localization) StdoutLine: {'line': b'-- Up-to-date symlink: /home/starry1n/WUTA/WUTA-FSD/ros2_ws/install/robot_localization/include/robot_localization/robot_localization/srv/detail/to_ll__rosidl_typesupport_introspection_cpp.hpp\n'}
[0.478670] (robot_localization) StdoutLine: {'line': b'-- Up-to-date symlink: /home/starry1n/WUTA/WUTA-FSD/ros2_ws/install/robot_localization/include/robot_localization/robot_localization/srv/detail/toggle_filter_processing__rosidl_typesupport_introspection_cpp.hpp\n'}
[0.478845] (robot_localization) StdoutLine: {'line': b'-- Up-to-date symlink: /home/starry1n/WUTA/WUTA-FSD/ros2_ws/install/robot_localization/share/robot_localization/environment/pythonpath.sh\n'}
[0.478899] (robot_localization) StdoutLine: {'line': b'-- Up-to-date symlink: /home/starry1n/WUTA/WUTA-FSD/ros2_ws/install/robot_localization/share/robot_localization/environment/pythonpath.dsv\n'}
[0.479313] (robot_localization) StdoutLine: {'line': b'-- Up-to-date symlink: /home/starry1n/WUTA/WUTA-FSD/ros2_ws/install/robot_localization/local/lib/python3.10/dist-packages/robot_localization-3.5.4-py3.10.egg-info/PKG-INFO\n'}
[0.479382] (robot_localization) StdoutLine: {'line': b'-- Up-to-date symlink: /home/starry1n/WUTA/WUTA-FSD/ros2_ws/install/robot_localization/local/lib/python3.10/dist-packages/robot_localization-3.5.4-py3.10.egg-info/SOURCES.txt\n'}
[0.479656] (robot_localization) StdoutLine: {'line': b'-- Up-to-date symlink: /home/starry1n/WUTA/WUTA-FSD/ros2_ws/install/robot_localization/local/lib/python3.10/dist-packages/robot_localization-3.5.4-py3.10.egg-info/dependency_links.txt\n'}
[0.479832] (robot_localization) StdoutLine: {'line': b'-- Up-to-date symlink: /home/starry1n/WUTA/WUTA-FSD/ros2_ws/install/robot_localization/local/lib/python3.10/dist-packages/robot_localization-3.5.4-py3.10.egg-info/top_level.txt\n'}
[0.480337] (robot_localization) StdoutLine: {'line': b'-- Up-to-date symlink: /home/starry1n/WUTA/WUTA-FSD/ros2_ws/install/robot_localization/local/lib/python3.10/dist-packages/robot_localization/__init__.py\n'}
[0.480443] (robot_localization) StdoutLine: {'line': b'-- Up-to-date symlink: /home/starry1n/WUTA/WUTA-FSD/ros2_ws/install/robot_localization/local/lib/python3.10/dist-packages/robot_localization/_robot_localization_s.ep.rosidl_typesupport_c.c\n'}
[0.480482] (robot_localization) StdoutLine: {'line': b'-- Up-to-date symlink: /home/starry1n/WUTA/WUTA-FSD/ros2_ws/install/robot_localization/local/lib/python3.10/dist-packages/robot_localization/_robot_localization_s.ep.rosidl_typesupport_fastrtps_c.c\n'}
[0.481701] (robot_localization) StdoutLine: {'line': b'-- Up-to-date symlink: /home/starry1n/WUTA/WUTA-FSD/ros2_ws/install/robot_localization/local/lib/python3.10/dist-packages/robot_localization/_robot_localization_s.ep.rosidl_typesupport_introspection_c.c\n'}
[0.481882] (robot_localization) StdoutLine: {'line': b'-- Up-to-date symlink: /home/starry1n/WUTA/WUTA-FSD/ros2_ws/install/robot_localization/local/lib/python3.10/dist-packages/robot_localization/librobot_localization__rosidl_generator_py.so\n'}
[0.482054] (robot_localization) StdoutLine: {'line': b'-- Up-to-date symlink: /home/starry1n/WUTA/WUTA-FSD/ros2_ws/install/robot_localization/local/lib/python3.10/dist-packages/robot_localization/robot_localization_s__rosidl_typesupport_c.cpython-310-x86_64-linux-gnu.so\n'}
[0.482100] (robot_localization) StdoutLine: {'line': b'-- Up-to-date symlink: /home/starry1n/WUTA/WUTA-FSD/ros2_ws/install/robot_localization/local/lib/python3.10/dist-packages/robot_localization/robot_localization_s__rosidl_typesupport_fastrtps_c.cpython-310-x86_64-linux-gnu.so\n'}
[0.482136] (robot_localization) StdoutLine: {'line': b'-- Up-to-date symlink: /home/starry1n/WUTA/WUTA-FSD/ros2_ws/install/robot_localization/local/lib/python3.10/dist-packages/robot_localization/robot_localization_s__rosidl_typesupport_introspection_c.cpython-310-x86_64-linux-gnu.so\n'}
[0.482178] (robot_localization) StdoutLine: {'line': b'-- Up-to-date symlink: /home/starry1n/WUTA/WUTA-FSD/ros2_ws/install/robot_localization/local/lib/python3.10/dist-packages/robot_localization/srv/__init__.py\n'}
[0.482275] (robot_localization) StdoutLine: {'line': b'-- Up-to-date symlink: /home/starry1n/WUTA/WUTA-FSD/ros2_ws/install/robot_localization/local/lib/python3.10/dist-packages/robot_localization/srv/_from_ll.py\n'}
[0.482305] (robot_localization) StdoutLine: {'line': b'-- Up-to-date symlink: /home/starry1n/WUTA/WUTA-FSD/ros2_ws/install/robot_localization/local/lib/python3.10/dist-packages/robot_localization/srv/_from_ll_s.c\n'}
[0.482331] (robot_localization) StdoutLine: {'line': b'-- Up-to-date symlink: /home/starry1n/WUTA/WUTA-FSD/ros2_ws/install/robot_localization/local/lib/python3.10/dist-packages/robot_localization/srv/_get_state.py\n'}
[0.482369] (robot_localization) StdoutLine: {'line': b'-- Up-to-date symlink: /home/starry1n/WUTA/WUTA-FSD/ros2_ws/install/robot_localization/local/lib/python3.10/dist-packages/robot_localization/srv/_get_state_s.c\n'}
[0.482468] (robot_localization) StdoutLine: {'line': b'-- Up-to-date symlink: /home/starry1n/WUTA/WUTA-FSD/ros2_ws/install/robot_localization/local/lib/python3.10/dist-packages/robot_localization/srv/_set_datum.py\n'}
[0.482501] (robot_localization) StdoutLine: {'line': b'-- Up-to-date symlink: /home/starry1n/WUTA/WUTA-FSD/ros2_ws/install/robot_localization/local/lib/python3.10/dist-packages/robot_localization/srv/_set_datum_s.c\n'}
[0.482531] (robot_localization) StdoutLine: {'line': b'-- Up-to-date symlink: /home/starry1n/WUTA/WUTA-FSD/ros2_ws/install/robot_localization/local/lib/python3.10/dist-packages/robot_localization/srv/_set_pose.py\n'}
[0.482559] (robot_localization) StdoutLine: {'line': b'-- Up-to-date symlink: /home/starry1n/WUTA/WUTA-FSD/ros2_ws/install/robot_localization/local/lib/python3.10/dist-packages/robot_localization/srv/_set_pose_s.c\n'}
[0.482586] (robot_localization) StdoutLine: {'line': b'-- Up-to-date symlink: /home/starry1n/WUTA/WUTA-FSD/ros2_ws/install/robot_localization/local/lib/python3.10/dist-packages/robot_localization/srv/_to_ll.py\n'}
[0.482716] (robot_localization) StdoutLine: {'line': b'-- Up-to-date symlink: /home/starry1n/WUTA/WUTA-FSD/ros2_ws/install/robot_localization/local/lib/python3.10/dist-packages/robot_localization/srv/_to_ll_s.c\n'}
[0.482884] (robot_localization) StdoutLine: {'line': b'-- Up-to-date symlink: /home/starry1n/WUTA/WUTA-FSD/ros2_ws/install/robot_localization/local/lib/python3.10/dist-packages/robot_localization/srv/_toggle_filter_processing.py\n'}
[0.482927] (robot_localization) StdoutLine: {'line': b'-- Up-to-date symlink: /home/starry1n/WUTA/WUTA-FSD/ros2_ws/install/robot_localization/local/lib/python3.10/dist-packages/robot_localization/srv/_toggle_filter_processing_s.c\n'}
[0.482954] (robot_localization) StdoutLine: {'line': b'-- Up-to-date symlink: /home/starry1n/WUTA/WUTA-FSD/ros2_ws/install/robot_localization/local/lib/python3.10/dist-packages/robot_localization/robot_localization_s__rosidl_typesupport_fastrtps_c.cpython-310-x86_64-linux-gnu.so\n'}
[0.482980] (robot_localization) StdoutLine: {'line': b'-- Up-to-date symlink: /home/starry1n/WUTA/WUTA-FSD/ros2_ws/install/robot_localization/local/lib/python3.10/dist-packages/robot_localization/robot_localization_s__rosidl_typesupport_introspection_c.cpython-310-x86_64-linux-gnu.so\n'}
[0.483006] (robot_localization) StdoutLine: {'line': b'-- Up-to-date symlink: /home/starry1n/WUTA/WUTA-FSD/ros2_ws/install/robot_localization/local/lib/python3.10/dist-packages/robot_localization/robot_localization_s__rosidl_typesupport_c.cpython-310-x86_64-linux-gnu.so\n'}
[0.483126] (robot_localization) StdoutLine: {'line': b'-- Up-to-date symlink: /home/starry1n/WUTA/WUTA-FSD/ros2_ws/install/robot_localization/share/ament_index/resource_index/rust_packages/robot_localization\n'}
[0.483476] (robot_localization) StdoutLine: {'line': b'-- Up-to-date symlink: /home/starry1n/WUTA/WUTA-FSD/ros2_ws/install/robot_localization/share/robot_localization/rust/Cargo.toml\n'}
[0.483797] (robot_localization) StdoutLine: {'line': b'-- Up-to-date symlink: /home/starry1n/WUTA/WUTA-FSD/ros2_ws/install/robot_localization/share/robot_localization/rust/build.rs\n'}
[0.483912] (robot_localization) StdoutLine: {'line': b'-- Up-to-date symlink: /home/starry1n/WUTA/WUTA-FSD/ros2_ws/install/robot_localization/share/robot_localization/rust/src/lib.rs\n'}
[0.483946] (robot_localization) StdoutLine: {'line': b'-- Up-to-date symlink: /home/starry1n/WUTA/WUTA-FSD/ros2_ws/install/robot_localization/share/robot_localization/rust/src/srv.rs\n'}
[0.484007] (robot_localization) StdoutLine: {'line': b'-- Up-to-date symlink: /home/starry1n/WUTA/WUTA-FSD/ros2_ws/install/robot_localization/share/robot_localization/rust/src/srv/rmw.rs\n'}
[0.484092] (robot_localization) StdoutLine: {'line': b'-- Up-to-date symlink: /home/starry1n/WUTA/WUTA-FSD/ros2_ws/install/robot_localization/share/robot_localization/srv/FromLL.idl\n'}
[0.484129] (robot_localization) StdoutLine: {'line': b'-- Up-to-date symlink: /home/starry1n/WUTA/WUTA-FSD/ros2_ws/install/robot_localization/share/robot_localization/srv/GetState.idl\n'}
[0.484212] (robot_localization) StdoutLine: {'line': b'-- Up-to-date symlink: /home/starry1n/WUTA/WUTA-FSD/ros2_ws/install/robot_localization/share/robot_localization/srv/SetDatum.idl\n'}
[0.484542] (robot_localization) StdoutLine: {'line': b'-- Up-to-date symlink: /home/starry1n/WUTA/WUTA-FSD/ros2_ws/install/robot_localization/share/robot_localization/srv/SetPose.idl\n'}
[0.484664] (robot_localization) StdoutLine: {'line': b'-- Up-to-date symlink: /home/starry1n/WUTA/WUTA-FSD/ros2_ws/install/robot_localization/share/robot_localization/srv/ToggleFilterProcessing.idl\n'}
[0.484728] (robot_localization) StdoutLine: {'line': b'-- Up-to-date symlink: /home/starry1n/WUTA/WUTA-FSD/ros2_ws/install/robot_localization/share/robot_localization/srv/ToLL.idl\n'}
[0.484767] (autoware_msgs) StdoutLine: {'line': b"Listing '/home/starry1n/WUTA/WUTA-FSD/ros2_ws/install/autoware_msgs/local/lib/python3.10/dist-packages/autoware_msgs'...\n"}
[0.484915] (autoware_msgs) StdoutLine: {'line': b"Listing '/home/starry1n/WUTA/WUTA-FSD/ros2_ws/install/autoware_msgs/local/lib/python3.10/dist-packages/autoware_msgs/msg'...\n"}
[0.484963] (robot_localization) StdoutLine: {'line': b'-- Up-to-date symlink: /home/starry1n/WUTA/WUTA-FSD/ros2_ws/install/robot_localization/share/robot_localization/srv/FromLL.srv\n'}
[0.485246] (robot_localization) StdoutLine: {'line': b'-- Up-to-date symlink: /home/starry1n/WUTA/WUTA-FSD/ros2_ws/install/robot_localization/share/robot_localization/srv/FromLL_Request.msg\n'}
[0.485456] (robot_localization) StdoutLine: {'line': b'-- Up-to-date symlink: /home/starry1n/WUTA/WUTA-FSD/ros2_ws/install/robot_localization/share/robot_localization/srv/FromLL_Response.msg\n'}
[0.485539] (robot_localization) StdoutLine: {'line': b'-- Up-to-date symlink: /home/starry1n/WUTA/WUTA-FSD/ros2_ws/install/robot_localization/share/robot_localization/srv/GetState.srv\n'}
[0.485602] (robot_localization) StdoutLine: {'line': b'-- Up-to-date symlink: /home/starry1n/WUTA/WUTA-FSD/ros2_ws/install/robot_localization/share/robot_localization/srv/GetState_Request.msg\n'}
[0.485747] (robot_localization) StdoutLine: {'line': b'-- Up-to-date symlink: /home/starry1n/WUTA/WUTA-FSD/ros2_ws/install/robot_localization/share/robot_localization/srv/GetState_Response.msg\n'}
[0.485819] (robot_localization) StdoutLine: {'line': b'-- Up-to-date symlink: /home/starry1n/WUTA/WUTA-FSD/ros2_ws/install/robot_localization/share/robot_localization/srv/SetDatum.srv\n'}
[0.485880] (robot_localization) StdoutLine: {'line': b'-- Up-to-date symlink: /home/starry1n/WUTA/WUTA-FSD/ros2_ws/install/robot_localization/share/robot_localization/srv/SetDatum_Request.msg\n'}
[0.485930] (robot_localization) StdoutLine: {'line': b'-- Up-to-date symlink: /home/starry1n/WUTA/WUTA-FSD/ros2_ws/install/robot_localization/share/robot_localization/srv/SetDatum_Response.msg\n'}
[0.486064] (robot_localization) StdoutLine: {'line': b'-- Up-to-date symlink: /home/starry1n/WUTA/WUTA-FSD/ros2_ws/install/robot_localization/share/robot_localization/srv/SetPose.srv\n'}
[0.486153] (robot_localization) StdoutLine: {'line': b'-- Up-to-date symlink: /home/starry1n/WUTA/WUTA-FSD/ros2_ws/install/robot_localization/share/robot_localization/srv/SetPose_Request.msg\n'}
[0.486183] (robot_localization) StdoutLine: {'line': b'-- Up-to-date symlink: /home/starry1n/WUTA/WUTA-FSD/ros2_ws/install/robot_localization/share/robot_localization/srv/SetPose_Response.msg\n'}
[0.486209] (robot_localization) StdoutLine: {'line': b'-- Up-to-date symlink: /home/starry1n/WUTA/WUTA-FSD/ros2_ws/install/robot_localization/share/robot_localization/srv/ToggleFilterProcessing.srv\n'}
[0.486234] (robot_localization) StdoutLine: {'line': b'-- Up-to-date symlink: /home/starry1n/WUTA/WUTA-FSD/ros2_ws/install/robot_localization/share/robot_localization/srv/ToggleFilterProcessing_Request.msg\n'}
[0.486260] (robot_localization) StdoutLine: {'line': b'-- Up-to-date symlink: /home/starry1n/WUTA/WUTA-FSD/ros2_ws/install/robot_localization/share/robot_localization/srv/ToggleFilterProcessing_Response.msg\n'}
[0.486285] (robot_localization) StdoutLine: {'line': b'-- Up-to-date symlink: /home/starry1n/WUTA/WUTA-FSD/ros2_ws/install/robot_localization/share/robot_localization/srv/ToLL.srv\n'}
[0.486423] (robot_localization) StdoutLine: {'line': b'-- Up-to-date symlink: /home/starry1n/WUTA/WUTA-FSD/ros2_ws/install/robot_localization/share/robot_localization/srv/ToLL_Request.msg\n'}
[0.486509] (robot_localization) StdoutLine: {'line': b'-- Up-to-date symlink: /home/starry1n/WUTA/WUTA-FSD/ros2_ws/install/robot_localization/share/robot_localization/srv/ToLL_Response.msg\n'}
[0.486543] (robot_localization) StdoutLine: {'line': b'-- Up-to-date symlink: /home/starry1n/WUTA/WUTA-FSD/ros2_ws/install/robot_localization/lib/robot_localization/filter_base-test\n'}
[0.486635] (robot_localization) StdoutLine: {'line': b'-- Up-to-date symlink: /home/starry1n/WUTA/WUTA-FSD/ros2_ws/install/robot_localization/lib/robot_localization/test_filter_base_diagnostics_timestamps\n'}
[0.486671] (robot_localization) StdoutLine: {'line': b'-- Up-to-date symlink: /home/starry1n/WUTA/WUTA-FSD/ros2_ws/install/robot_localization/lib/robot_localization/test_ekf\n'}
[0.486774] (robot_localization) StdoutLine: {'line': b'-- Up-to-date symlink: /home/starry1n/WUTA/WUTA-FSD/ros2_ws/install/robot_localization/lib/robot_localization/test_ekf_localization_node_interfaces\n'}
[0.486828] (robot_localization) StdoutLine: {'line': b'-- Up-to-date symlink: /home/starry1n/WUTA/WUTA-FSD/ros2_ws/install/robot_localization/lib/robot_localization/test_ukf\n'}
[0.487073] (robot_localization) StdoutLine: {'line': b'-- Up-to-date symlink: /home/starry1n/WUTA/WUTA-FSD/ros2_ws/install/robot_localization/lib/robot_localization/test_ukf_localization_node_interfaces\n'}
[0.487180] (robot_localization) StdoutLine: {'line': b'-- Up-to-date symlink: /home/starry1n/WUTA/WUTA-FSD/ros2_ws/install/robot_localization/lib/robot_localization/test_robot_localization_estimator\n'}
[0.487503] (autoware_msgs) StdoutLine: {'line': b'-- Up-to-date: /home/starry1n/WUTA/WUTA-FSD/ros2_ws/install/autoware_msgs/lib/libautoware_msgs__rosidl_generator_py.so\n'}
[0.487820] (autoware_msgs) StdoutLine: {'line': b'-- Up-to-date: /home/starry1n/WUTA/WUTA-FSD/ros2_ws/install/autoware_msgs/share/autoware_msgs/cmake/export_autoware_msgs__rosidl_generator_cExport.cmake\n'}
[0.488653] (autoware_msgs) StdoutLine: {'line': b'-- Up-to-date: /home/starry1n/WUTA/WUTA-FSD/ros2_ws/install/autoware_msgs/share/autoware_msgs/cmake/export_autoware_msgs__rosidl_generator_cExport-noconfig.cmake\n'}
[0.488799] (autoware_msgs) StdoutLine: {'line': b'-- Up-to-date: /home/starry1n/WUTA/WUTA-FSD/ros2_ws/install/autoware_msgs/share/autoware_msgs/cmake/export_autoware_msgs__rosidl_typesupport_fastrtps_cExport.cmake\n'}
[0.488865] (autoware_msgs) StdoutLine: {'line': b'-- Up-to-date: /home/starry1n/WUTA/WUTA-FSD/ros2_ws/install/autoware_msgs/share/autoware_msgs/cmake/export_autoware_msgs__rosidl_typesupport_fastrtps_cExport-noconfig.cmake\n'}
[0.489250] (autoware_msgs) StdoutLine: {'line': b'-- Up-to-date: /home/starry1n/WUTA/WUTA-FSD/ros2_ws/install/autoware_msgs/share/autoware_msgs/cmake/autoware_msgs__rosidl_typesupport_introspection_cExport.cmake\n'}
[0.489353] (autoware_msgs) StdoutLine: {'line': b'-- Up-to-date: /home/starry1n/WUTA/WUTA-FSD/ros2_ws/install/autoware_msgs/share/autoware_msgs/cmake/autoware_msgs__rosidl_typesupport_introspection_cExport-noconfig.cmake\n'}
[0.489498] (autoware_msgs) StdoutLine: {'line': b'-- Up-to-date: /home/starry1n/WUTA/WUTA-FSD/ros2_ws/install/autoware_msgs/share/autoware_msgs/cmake/autoware_msgs__rosidl_typesupport_cExport.cmake\n'}
[0.489566] (autoware_msgs) StdoutLine: {'line': b'-- Up-to-date: /home/starry1n/WUTA/WUTA-FSD/ros2_ws/install/autoware_msgs/share/autoware_msgs/cmake/autoware_msgs__rosidl_typesupport_cExport-noconfig.cmake\n'}
[0.489732] (autoware_msgs) StdoutLine: {'line': b'-- Up-to-date: /home/starry1n/WUTA/WUTA-FSD/ros2_ws/install/autoware_msgs/share/autoware_msgs/cmake/export_autoware_msgs__rosidl_generator_cppExport.cmake\n'}
[0.489816] (autoware_msgs) StdoutLine: {'line': b'-- Up-to-date: /home/starry1n/WUTA/WUTA-FSD/ros2_ws/install/autoware_msgs/share/autoware_msgs/cmake/export_autoware_msgs__rosidl_typesupport_fastrtps_cppExport.cmake\n'}
[0.490190] (autoware_msgs) StdoutLine: {'line': b'-- Up-to-date: /home/starry1n/WUTA/WUTA-FSD/ros2_ws/install/autoware_msgs/share/autoware_msgs/cmake/export_autoware_msgs__rosidl_typesupport_fastrtps_cppExport-noconfig.cmake\n'}
[0.490376] (autoware_msgs) StdoutLine: {'line': b'-- Up-to-date: /home/starry1n/WUTA/WUTA-FSD/ros2_ws/install/autoware_msgs/share/autoware_msgs/cmake/autoware_msgs__rosidl_typesupport_introspection_cppExport.cmake\n'}
[0.490562] (autoware_msgs) StdoutLine: {'line': b'-- Up-to-date: /home/starry1n/WUTA/WUTA-FSD/ros2_ws/install/autoware_msgs/share/autoware_msgs/cmake/autoware_msgs__rosidl_typesupport_introspection_cppExport-noconfig.cmake\n'}
[0.490766] (autoware_msgs) StdoutLine: {'line': b'-- Up-to-date: /home/starry1n/WUTA/WUTA-FSD/ros2_ws/install/autoware_msgs/share/autoware_msgs/cmake/autoware_msgs__rosidl_typesupport_cppExport.cmake\n'}
[0.490837] (autoware_msgs) StdoutLine: {'line': b'-- Up-to-date: /home/starry1n/WUTA/WUTA-FSD/ros2_ws/install/autoware_msgs/share/autoware_msgs/cmake/autoware_msgs__rosidl_typesupport_cppExport-noconfig.cmake\n'}
[0.490877] (autoware_msgs) StdoutLine: {'line': b'-- Up-to-date: /home/starry1n/WUTA/WUTA-FSD/ros2_ws/install/autoware_msgs/share/autoware_msgs/cmake/export_autoware_msgs__rosidl_generator_pyExport.cmake\n'}
[0.490910] (autoware_msgs) StdoutLine: {'line': b'-- Up-to-date: /home/starry1n/WUTA/WUTA-FSD/ros2_ws/install/autoware_msgs/share/autoware_msgs/cmake/export_autoware_msgs__rosidl_generator_pyExport-noconfig.cmake\n'}
[0.491007] (robot_localization) StdoutLine: {'line': b'-- Up-to-date symlink: /home/starry1n/WUTA/WUTA-FSD/ros2_ws/install/robot_localization/lib/robot_localization/test_navsat_conversions\n'}
[0.491061] (robot_localization) StdoutLine: {'line': b'-- Up-to-date symlink: /home/starry1n/WUTA/WUTA-FSD/ros2_ws/install/robot_localization/lib/robot_localization/test_ros_robot_localization_listener\n'}
[0.491094] (robot_localization) StdoutLine: {'line': b'-- Up-to-date symlink: /home/starry1n/WUTA/WUTA-FSD/ros2_ws/install/robot_localization/lib/robot_localization/test_ros_robot_localization_listener_publisher\n'}
[0.491127] (robot_localization) StdoutLine: {'line': b'-- Up-to-date symlink: /home/starry1n/WUTA/WUTA-FSD/ros2_ws/install/robot_localization/lib/robot_localization/navsat_transform_node\n'}
[0.491157] (robot_localization) StdoutLine: {'line': b'-- Up-to-date symlink: /home/starry1n/WUTA/WUTA-FSD/ros2_ws/install/robot_localization/lib/robot_localization/ekf_node\n'}
[0.491318] (robot_localization) StdoutLine: {'line': b'-- Up-to-date symlink: /home/starry1n/WUTA/WUTA-FSD/ros2_ws/install/robot_localization/lib/robot_localization/ukf_node\n'}
[0.491463] (robot_localization) StdoutLine: {'line': b'-- Up-to-date symlink: /home/starry1n/WUTA/WUTA-FSD/ros2_ws/install/robot_localization/lib/robot_localization/robot_localization_listener_node\n'}
[0.491532] (robot_localization) StdoutLine: {'line': b'-- Up-to-date symlink: /home/starry1n/WUTA/WUTA-FSD/ros2_ws/install/robot_localization/lib/librl_lib.so\n'}
[0.492048] (robot_localization) StdoutLine: {'line': b'-- Up-to-date symlink: /home/starry1n/WUTA/WUTA-FSD/ros2_ws/install/robot_localization/share/ament_index/resource_index/package_run_dependencies/robot_localization\n'}
[0.492797] (robot_localization) StdoutLine: {'line': b'-- Up-to-date symlink: /home/starry1n/WUTA/WUTA-FSD/ros2_ws/install/robot_localization/share/ament_index/resource_index/parent_prefix_path/robot_localization\n'}
[0.493108] (robot_localization) StdoutLine: {'line': b'-- Up-to-date symlink: /home/starry1n/WUTA/WUTA-FSD/ros2_ws/install/robot_localization/share/robot_localization/environment/ament_prefix_path.sh\n'}
[0.493453] (robot_localization) StdoutLine: {'line': b'-- Up-to-date symlink: /home/starry1n/WUTA/WUTA-FSD/ros2_ws/install/robot_localization/share/robot_localization/environment/ament_prefix_path.dsv\n'}
[0.493588] (robot_localization) StdoutLine: {'line': b'-- Up-to-date symlink: /home/starry1n/WUTA/WUTA-FSD/ros2_ws/install/robot_localization/share/robot_localization/environment/path.sh\n'}
[0.493632] (robot_localization) StdoutLine: {'line': b'-- Up-to-date symlink: /home/starry1n/WUTA/WUTA-FSD/ros2_ws/install/robot_localization/share/robot_localization/environment/path.dsv\n'}
[0.493665] (robot_localization) StdoutLine: {'line': b'-- Up-to-date symlink: /home/starry1n/WUTA/WUTA-FSD/ros2_ws/install/robot_localization/share/robot_localization/local_setup.bash\n'}
[0.493696] (robot_localization) StdoutLine: {'line': b'-- Up-to-date symlink: /home/starry1n/WUTA/WUTA-FSD/ros2_ws/install/robot_localization/share/robot_localization/local_setup.sh\n'}
[0.493777] (robot_localization) StdoutLine: {'line': b'-- Up-to-date symlink: /home/starry1n/WUTA/WUTA-FSD/ros2_ws/install/robot_localization/share/robot_localization/local_setup.zsh\n'}
[0.493856] (robot_localization) StdoutLine: {'line': b'-- Up-to-date symlink: /home/starry1n/WUTA/WUTA-FSD/ros2_ws/install/robot_localization/share/robot_localization/local_setup.dsv\n'}
[0.493962] (robot_localization) StdoutLine: {'line': b'-- Symlinking: /home/starry1n/WUTA/WUTA-FSD/ros2_ws/install/robot_localization/share/robot_localization/package.dsv\n'}
[0.494009] (autoware_msgs) CommandEnded: {'returncode': 0}
[0.494176] (wuta_msgs) StdoutLine: {'line': b"Listing '/home/starry1n/WUTA/WUTA-FSD/ros2_ws/install/wuta_msgs/local/lib/python3.10/dist-packages/wuta_msgs'...\n"}
[0.494231] (wuta_msgs) StdoutLine: {'line': b"Listing '/home/starry1n/WUTA/WUTA-FSD/ros2_ws/install/wuta_msgs/local/lib/python3.10/dist-packages/wuta_msgs/msg'...\n"}
[0.497513] (wuta_msgs) StdoutLine: {'line': b'-- Up-to-date: /home/starry1n/WUTA/WUTA-FSD/ros2_ws/install/wuta_msgs/lib/libwuta_msgs__rosidl_generator_py.so\n'}
[0.498986] (wuta_msgs) StdoutLine: {'line': b'-- Up-to-date: /home/starry1n/WUTA/WUTA-FSD/ros2_ws/install/wuta_msgs/share/wuta_msgs/cmake/export_wuta_msgs__rosidl_generator_cExport.cmake\n'}
[0.499192] (wuta_msgs) StdoutLine: {'line': b'-- Up-to-date: /home/starry1n/WUTA/WUTA-FSD/ros2_ws/install/wuta_msgs/share/wuta_msgs/cmake/export_wuta_msgs__rosidl_generator_cExport-noconfig.cmake\n'}
[0.499331] (wuta_msgs) StdoutLine: {'line': b'-- Up-to-date: /home/starry1n/WUTA/WUTA-FSD/ros2_ws/install/wuta_msgs/share/wuta_msgs/cmake/export_wuta_msgs__rosidl_typesupport_fastrtps_cExport.cmake\n'}
[0.500776] (robot_localization) StdoutLine: {'line': b'-- Up-to-date symlink: /home/starry1n/WUTA/WUTA-FSD/ros2_ws/install/robot_localization/share/ament_index/resource_index/packages/robot_localization\n'}
[0.502037] (robot_localization) StdoutLine: {'line': b'-- Up-to-date symlink: /home/starry1n/WUTA/WUTA-FSD/ros2_ws/install/robot_localization/share/robot_localization/cmake/rosidl_cmake-extras.cmake\n'}
[0.502417] (robot_localization) StdoutLine: {'line': b'-- Up-to-date symlink: /home/starry1n/WUTA/WUTA-FSD/ros2_ws/install/robot_localization/share/robot_localization/cmake/ament_cmake_export_dependencies-extras.cmake\n'}
[0.502528] (robot_localization) StdoutLine: {'line': b'-- Up-to-date symlink: /home/starry1n/WUTA/WUTA-FSD/ros2_ws/install/robot_localization/share/robot_localization/cmake/ament_cmake_export_include_directories-extras.cmake\n'}
[0.502577] (robot_localization) StdoutLine: {'line': b'-- Up-to-date symlink: /home/starry1n/WUTA/WUTA-FSD/ros2_ws/install/robot_localization/share/robot_localization/cmake/ament_cmake_export_libraries-extras.cmake\n'}
[0.502715] (robot_localization) StdoutLine: {'line': b'-- Up-to-date symlink: /home/starry1n/WUTA/WUTA-FSD/ros2_ws/install/robot_localization/share/robot_localization/cmake/ament_cmake_export_targets-extras.cmake\n'}
[0.502785] (robot_localization) StdoutLine: {'line': b'-- Up-to-date symlink: /home/starry1n/WUTA/WUTA-FSD/ros2_ws/install/robot_localization/share/robot_localization/cmake/rosidl_cmake_export_typesupport_targets-extras.cmake\n'}
[0.502823] (robot_localization) StdoutLine: {'line': b'-- Up-to-date symlink: /home/starry1n/WUTA/WUTA-FSD/ros2_ws/install/robot_localization/share/robot_localization/cmake/rosidl_cmake_export_typesupport_libraries-extras.cmake\n'}
[0.503480] (-) TimerEvent: {}
[0.503694] (robot_localization) StdoutLine: {'line': b'-- Up-to-date symlink: /home/starry1n/WUTA/WUTA-FSD/ros2_ws/install/robot_localization/share/robot_localization/cmake/rosidl_cmake_aggregate_target-extras.cmake\n'}
[0.503832] (robot_localization) StdoutLine: {'line': b'-- Up-to-date symlink: /home/starry1n/WUTA/WUTA-FSD/ros2_ws/install/robot_localization/share/robot_localization/cmake/robot_localizationConfig.cmake\n'}
[0.503945] (robot_localization) StdoutLine: {'line': b'-- Up-to-date symlink: /home/starry1n/WUTA/WUTA-FSD/ros2_ws/install/robot_localization/share/robot_localization/cmake/robot_localizationConfig-version.cmake\n'}
[0.504067] (robot_localization) StdoutLine: {'line': b'-- Up-to-date symlink: /home/starry1n/WUTA/WUTA-FSD/ros2_ws/install/robot_localization/share/robot_localization/package.xml\n'}
[0.504308] (robot_localization) StdoutLine: {'line': b'-- Up-to-date: /home/starry1n/WUTA/WUTA-FSD/ros2_ws/install/robot_localization/lib/librobot_localization__rosidl_generator_c.so\n'}
[0.504443] (robot_localization) StdoutLine: {'line': b'-- Up-to-date: /home/starry1n/WUTA/WUTA-FSD/ros2_ws/install/robot_localization/lib/librobot_localization__rosidl_typesupport_fastrtps_c.so\n'}
[0.504533] (robot_localization) StdoutLine: {'line': b'-- Up-to-date: /home/starry1n/WUTA/WUTA-FSD/ros2_ws/install/robot_localization/lib/librobot_localization__rosidl_typesupport_fastrtps_cpp.so\n'}
[0.505026] (robot_localization) StdoutLine: {'line': b'-- Up-to-date: /home/starry1n/WUTA/WUTA-FSD/ros2_ws/install/robot_localization/lib/librobot_localization__rosidl_typesupport_introspection_c.so\n'}
[0.506574] (robot_localization) StdoutLine: {'line': b'-- Up-to-date: /home/starry1n/WUTA/WUTA-FSD/ros2_ws/install/robot_localization/lib/librobot_localization__rosidl_typesupport_c.so\n'}
[0.506651] (wuta_msgs) StdoutLine: {'line': b'-- Up-to-date: /home/starry1n/WUTA/WUTA-FSD/ros2_ws/install/wuta_msgs/share/wuta_msgs/cmake/export_wuta_msgs__rosidl_typesupport_fastrtps_cExport-noconfig.cmake\n'}
[0.506825] (wuta_msgs) StdoutLine: {'line': b'-- Up-to-date: /home/starry1n/WUTA/WUTA-FSD/ros2_ws/install/wuta_msgs/share/wuta_msgs/cmake/wuta_msgs__rosidl_typesupport_introspection_cExport.cmake\n'}
[0.507184] (wuta_msgs) StdoutLine: {'line': b'-- Up-to-date: /home/starry1n/WUTA/WUTA-FSD/ros2_ws/install/wuta_msgs/share/wuta_msgs/cmake/wuta_msgs__rosidl_typesupport_introspection_cExport-noconfig.cmake\n'}
[0.507459] (wuta_msgs) StdoutLine: {'line': b'-- Up-to-date: /home/starry1n/WUTA/WUTA-FSD/ros2_ws/install/wuta_msgs/share/wuta_msgs/cmake/wuta_msgs__rosidl_typesupport_cExport.cmake\n'}
[0.507816] (wuta_msgs) StdoutLine: {'line': b'-- Up-to-date: /home/starry1n/WUTA/WUTA-FSD/ros2_ws/install/wuta_msgs/share/wuta_msgs/cmake/wuta_msgs__rosidl_typesupport_cExport-noconfig.cmake\n'}
[0.507872] (wuta_msgs) StdoutLine: {'line': b'-- Up-to-date: /home/starry1n/WUTA/WUTA-FSD/ros2_ws/install/wuta_msgs/share/wuta_msgs/cmake/export_wuta_msgs__rosidl_generator_cppExport.cmake\n'}
[0.507923] (wuta_msgs) StdoutLine: {'line': b'-- Up-to-date: /home/starry1n/WUTA/WUTA-FSD/ros2_ws/install/wuta_msgs/share/wuta_msgs/cmake/export_wuta_msgs__rosidl_typesupport_fastrtps_cppExport.cmake\n'}
[0.508037] (wuta_msgs) StdoutLine: {'line': b'-- Up-to-date: /home/starry1n/WUTA/WUTA-FSD/ros2_ws/install/wuta_msgs/share/wuta_msgs/cmake/export_wuta_msgs__rosidl_typesupport_fastrtps_cppExport-noconfig.cmake\n'}
[0.508078] (wuta_msgs) StdoutLine: {'line': b'-- Up-to-date: /home/starry1n/WUTA/WUTA-FSD/ros2_ws/install/wuta_msgs/share/wuta_msgs/cmake/wuta_msgs__rosidl_typesupport_introspection_cppExport.cmake\n'}
[0.508112] (wuta_msgs) StdoutLine: {'line': b'-- Up-to-date: /home/starry1n/WUTA/WUTA-FSD/ros2_ws/install/wuta_msgs/share/wuta_msgs/cmake/wuta_msgs__rosidl_typesupport_introspection_cppExport-noconfig.cmake\n'}
[0.508153] (wuta_msgs) StdoutLine: {'line': b'-- Up-to-date: /home/starry1n/WUTA/WUTA-FSD/ros2_ws/install/wuta_msgs/share/wuta_msgs/cmake/wuta_msgs__rosidl_typesupport_cppExport.cmake\n'}
[0.508234] (wuta_msgs) StdoutLine: {'line': b'-- Up-to-date: /home/starry1n/WUTA/WUTA-FSD/ros2_ws/install/wuta_msgs/share/wuta_msgs/cmake/wuta_msgs__rosidl_typesupport_cppExport-noconfig.cmake\n'}
[0.508604] (wuta_msgs) StdoutLine: {'line': b'-- Up-to-date: /home/starry1n/WUTA/WUTA-FSD/ros2_ws/install/wuta_msgs/share/wuta_msgs/cmake/export_wuta_msgs__rosidl_generator_pyExport.cmake\n'}
[0.508667] (wuta_msgs) StdoutLine: {'line': b'-- Up-to-date: /home/starry1n/WUTA/WUTA-FSD/ros2_ws/install/wuta_msgs/share/wuta_msgs/cmake/export_wuta_msgs__rosidl_generator_pyExport-noconfig.cmake\n'}
[0.508699] (robot_localization) StdoutLine: {'line': b'-- Up-to-date: /home/starry1n/WUTA/WUTA-FSD/ros2_ws/install/robot_localization/lib/librobot_localization__rosidl_typesupport_introspection_cpp.so\n'}
[0.508738] (robot_localization) StdoutLine: {'line': b'-- Up-to-date: /home/starry1n/WUTA/WUTA-FSD/ros2_ws/install/robot_localization/lib/librobot_localization__rosidl_typesupport_cpp.so\n'}
[0.517566] (autoware_msgs) JobEnded: {'identifier': 'autoware_msgs', 'rc': 0}
[0.518864] (wuta_msgs) CommandEnded: {'returncode': 0}
[0.525913] (robot_localization) StdoutLine: {'line': b"Listing '/home/starry1n/WUTA/WUTA-FSD/ros2_ws/install/robot_localization/local/lib/python3.10/dist-packages/robot_localization'...\n"}
[0.526068] (robot_localization) StdoutLine: {'line': b"Listing '/home/starry1n/WUTA/WUTA-FSD/ros2_ws/install/robot_localization/local/lib/python3.10/dist-packages/robot_localization/srv'...\n"}
[0.530066] (robot_localization) StdoutLine: {'line': b'-- Up-to-date: /home/starry1n/WUTA/WUTA-FSD/ros2_ws/install/robot_localization/lib/librobot_localization__rosidl_generator_py.so\n'}
[0.530421] (robot_localization) StdoutLine: {'line': b'-- Up-to-date: /home/starry1n/WUTA/WUTA-FSD/ros2_ws/install/robot_localization/share/robot_localization/test\n'}
[0.531984] (robot_localization) StdoutLine: {'line': b'-- Up-to-date: /home/starry1n/WUTA/WUTA-FSD/ros2_ws/install/robot_localization/share/robot_localization/test/test_ekf_localization_node_bag3.launch.py\n'}
[0.532134] (robot_localization) StdoutLine: {'line': b'-- Up-to-date: /home/starry1n/WUTA/WUTA-FSD/ros2_ws/install/robot_localization/share/robot_localization/test/test_ekf_localization_node_bag2.sh\n'}
[0.532328] (robot_localization) StdoutLine: {'line': b'-- Up-to-date: /home/starry1n/WUTA/WUTA-FSD/ros2_ws/install/robot_localization/share/robot_localization/test/test3.bag\n'}
[0.532403] (robot_localization) StdoutLine: {'line': b'-- Up-to-date: /home/starry1n/WUTA/WUTA-FSD/ros2_ws/install/robot_localization/share/robot_localization/test/test_ukf_localization_node_bag2.launch.py\n'}
[0.532466] (robot_localization) StdoutLine: {'line': b'-- Up-to-date: /home/starry1n/WUTA/WUTA-FSD/ros2_ws/install/robot_localization/share/robot_localization/test/test_ros_robot_localization_listener.cpp\n'}
[0.532839] (robot_localization) StdoutLine: {'line': b'-- Up-to-date: /home/starry1n/WUTA/WUTA-FSD/ros2_ws/install/robot_localization/share/robot_localization/test/test_ekf_localization_node_bag1.sh\n'}
[0.533288] (robot_localization) StdoutLine: {'line': b'-- Up-to-date: /home/starry1n/WUTA/WUTA-FSD/ros2_ws/install/robot_localization/share/robot_localization/test/test_ukf_localization_node_bag3.yaml\n'}
[0.533418] (robot_localization) StdoutLine: {'line': b'-- Up-to-date: /home/starry1n/WUTA/WUTA-FSD/ros2_ws/install/robot_localization/share/robot_localization/test/test_ekf_localization_node_interfaces.cpp\n'}
[0.533467] (robot_localization) StdoutLine: {'line': b'-- Up-to-date: /home/starry1n/WUTA/WUTA-FSD/ros2_ws/install/robot_localization/share/robot_localization/test/test_ros_robot_localization_listener_publisher.cpp\n'}
[0.533536] (robot_localization) StdoutLine: {'line': b'-- Up-to-date: /home/starry1n/WUTA/WUTA-FSD/ros2_ws/install/robot_localization/share/robot_localization/test/test_localization_node_bag_pose_tester.cpp\n'}
[0.533582] (robot_localization) StdoutLine: {'line': b'-- Up-to-date: /home/starry1n/WUTA/WUTA-FSD/ros2_ws/install/robot_localization/share/robot_localization/test/test_filter_base.cpp\n'}
[0.533621] (robot_localization) StdoutLine: {'line': b'-- Up-to-date: /home/starry1n/WUTA/WUTA-FSD/ros2_ws/install/robot_localization/share/robot_localization/test/test_ekf_localization_node_bag1.launch.py\n'}
[0.533675] (robot_localization) StdoutLine: {'line': b'-- Up-to-date: /home/starry1n/WUTA/WUTA-FSD/ros2_ws/install/robot_localization/share/robot_localization/test/test1.bag\n'}
[0.533724] (robot_localization) StdoutLine: {'line': b'-- Up-to-date: /home/starry1n/WUTA/WUTA-FSD/ros2_ws/install/robot_localization/share/robot_localization/test/test_ros_robot_localization_listener.yaml\n'}
[0.534066] (robot_localization) StdoutLine: {'line': b'-- Up-to-date: /home/starry1n/WUTA/WUTA-FSD/ros2_ws/install/robot_localization/share/robot_localization/test/test_ros_robot_localization_listener.launch.py\n'}
[0.534137] (robot_localization) StdoutLine: {'line': b'-- Up-to-date: /home/starry1n/WUTA/WUTA-FSD/ros2_ws/install/robot_localization/share/robot_localization/test/test_robot_localization_estimator.launch.py\n'}
[0.534168] (robot_localization) StdoutLine: {'line': b'-- Up-to-date: /home/starry1n/WUTA/WUTA-FSD/ros2_ws/install/robot_localization/share/robot_localization/test/test_ukf_localization_node_bag2.sh\n'}
[0.534200] (robot_localization) StdoutLine: {'line': b'-- Up-to-date: /home/starry1n/WUTA/WUTA-FSD/ros2_ws/install/robot_localization/share/robot_localization/test/test_ukf_localization_node_bag1.launch.py\n'}
[0.534229] (robot_localization) StdoutLine: {'line': b'-- Up-to-date: /home/starry1n/WUTA/WUTA-FSD/ros2_ws/install/robot_localization/share/robot_localization/test/test_filter_base_diagnostics_timestamps.yaml\n'}
[0.534308] (robot_localization) StdoutLine: {'line': b'-- Up-to-date: /home/starry1n/WUTA/WUTA-FSD/ros2_ws/install/robot_localization/share/robot_localization/test/test_ukf_localization_node_bag3.sh\n'}
[0.534352] (robot_localization) StdoutLine: {'line': b'-- Up-to-date: /home/starry1n/WUTA/WUTA-FSD/ros2_ws/install/robot_localization/share/robot_localization/test/test_ekf.cpp\n'}
[0.534417] (robot_localization) StdoutLine: {'line': b'-- Up-to-date: /home/starry1n/WUTA/WUTA-FSD/ros2_ws/install/robot_localization/share/robot_localization/test/test_ekf_localization_node_bag2.yaml\n'}
[0.534465] (robot_localization) StdoutLine: {'line': b'-- Up-to-date: /home/starry1n/WUTA/WUTA-FSD/ros2_ws/install/robot_localization/share/robot_localization/test/test_ekf_localization_node_bag3.yaml\n'}
[0.534700] (robot_localization) StdoutLine: {'line': b'-- Up-to-date: /home/starry1n/WUTA/WUTA-FSD/ros2_ws/install/robot_localization/share/robot_localization/test/test_ekf_localization_node_interfaces.yaml\n'}
[0.534763] (robot_localization) StdoutLine: {'line': b'-- Up-to-date: /home/starry1n/WUTA/WUTA-FSD/ros2_ws/install/robot_localization/share/robot_localization/test/test_ukf_localization_node_bag2.yaml\n'}
[0.534859] (robot_localization) StdoutLine: {'line': b'-- Up-to-date: /home/starry1n/WUTA/WUTA-FSD/ros2_ws/install/robot_localization/share/robot_localization/test/test_ukf_localization_node_bag1.sh\n'}
[0.534895] (robot_localization) StdoutLine: {'line': b'-- Up-to-date: /home/starry1n/WUTA/WUTA-FSD/ros2_ws/install/robot_localization/share/robot_localization/test/test_ekf_localization_node_interfaces.launch.py\n'}
[0.534925] (robot_localization) StdoutLine: {'line': b'-- Up-to-date: /home/starry1n/WUTA/WUTA-FSD/ros2_ws/install/robot_localization/share/robot_localization/test/test_ukf_localization_node_interfaces.yaml\n'}
[0.534988] (robot_localization) StdoutLine: {'line': b'-- Up-to-date: /home/starry1n/WUTA/WUTA-FSD/ros2_ws/install/robot_localization/share/robot_localization/test/test_ukf_localization_node_interfaces.launch.py\n'}
[0.535022] (robot_localization) StdoutLine: {'line': b'-- Up-to-date: /home/starry1n/WUTA/WUTA-FSD/ros2_ws/install/robot_localization/share/robot_localization/test/test_filter_base_diagnostics_timestamps.cpp\n'}
[0.535052] (robot_localization) StdoutLine: {'line': b'-- Up-to-date: /home/starry1n/WUTA/WUTA-FSD/ros2_ws/install/robot_localization/share/robot_localization/test/test_ukf_localization_node_bag1.yaml\n'}
[0.535115] (robot_localization) StdoutLine: {'line': b'-- Up-to-date: /home/starry1n/WUTA/WUTA-FSD/ros2_ws/install/robot_localization/share/robot_localization/test/test2.bag\n'}
[0.535167] (robot_localization) StdoutLine: {'line': b'-- Up-to-date: /home/starry1n/WUTA/WUTA-FSD/ros2_ws/install/robot_localization/share/robot_localization/test/test_navsat_conversions.cpp\n'}
[0.535592] (robot_localization) StdoutLine: {'line': b'-- Up-to-date: /home/starry1n/WUTA/WUTA-FSD/ros2_ws/install/robot_localization/share/robot_localization/test/test_ekf_localization_node_bag3.sh\n'}
[0.535648] (robot_localization) StdoutLine: {'line': b'-- Up-to-date: /home/starry1n/WUTA/WUTA-FSD/ros2_ws/install/robot_localization/share/robot_localization/test/test_ekf_localization_node_bag2.launch.py\n'}
[0.535712] (robot_localization) StdoutLine: {'line': b'-- Up-to-date: /home/starry1n/WUTA/WUTA-FSD/ros2_ws/install/robot_localization/share/robot_localization/test/test_ukf.cpp\n'}
[0.535751] (robot_localization) StdoutLine: {'line': b'-- Up-to-date: /home/starry1n/WUTA/WUTA-FSD/ros2_ws/install/robot_localization/share/robot_localization/test/test_filter_base_diagnostics_timestamps.launch.py\n'}
[0.536228] (robot_localization) StdoutLine: {'line': b'-- Up-to-date: /home/starry1n/WUTA/WUTA-FSD/ros2_ws/install/robot_localization/share/robot_localization/test/test_ukf_localization_node_interfaces.cpp\n'}
[0.536881] (robot_localization) StdoutLine: {'line': b'-- Up-to-date: /home/starry1n/WUTA/WUTA-FSD/ros2_ws/install/robot_localization/share/robot_localization/test/test_ekf_localization_node_bag1.yaml\n'}
[0.536968] (robot_localization) StdoutLine: {'line': b'-- Up-to-date: /home/starry1n/WUTA/WUTA-FSD/ros2_ws/install/robot_localization/share/robot_localization/test/test_robot_localization_estimator.cpp\n'}
[0.537084] (robot_localization) StdoutLine: {'line': b'-- Up-to-date: /home/starry1n/WUTA/WUTA-FSD/ros2_ws/install/robot_localization/share/robot_localization/test/test_ukf_localization_node_bag3.launch.py\n'}
[0.537151] (robot_localization) StdoutLine: {'line': b'-- Up-to-date: /home/starry1n/WUTA/WUTA-FSD/ros2_ws/install/robot_localization/include/robot_localization\n'}
[0.537192] (robot_localization) StdoutLine: {'line': b'-- Up-to-date: /home/starry1n/WUTA/WUTA-FSD/ros2_ws/install/robot_localization/include/robot_localization/robot_localization\n'}
[0.537574] (robot_localization) StdoutLine: {'line': b'-- Up-to-date: /home/starry1n/WUTA/WUTA-FSD/ros2_ws/install/robot_localization/include/robot_localization/robot_localization/filter_base.hpp\n'}
[0.537678] (robot_localization) StdoutLine: {'line': b'-- Up-to-date: /home/starry1n/WUTA/WUTA-FSD/ros2_ws/install/robot_localization/include/robot_localization/robot_localization/ukf.hpp\n'}
[0.537725] (robot_localization) StdoutLine: {'line': b'-- Up-to-date: /home/starry1n/WUTA/WUTA-FSD/ros2_ws/install/robot_localization/include/robot_localization/robot_localization/ros_filter_utilities.hpp\n'}
[0.538764] (robot_localization) StdoutLine: {'line': b'-- Up-to-date: /home/starry1n/WUTA/WUTA-FSD/ros2_ws/install/robot_localization/include/robot_localization/robot_localization/filter_common.hpp\n'}
[0.539003] (robot_localization) StdoutLine: {'line': b'-- Up-to-date: /home/starry1n/WUTA/WUTA-FSD/ros2_ws/install/robot_localization/include/robot_localization/robot_localization/measurement.hpp\n'}
[0.539064] (robot_localization) StdoutLine: {'line': b'-- Up-to-date: /home/starry1n/WUTA/WUTA-FSD/ros2_ws/install/robot_localization/include/robot_localization/robot_localization/ekf.hpp\n'}
[0.539325] (robot_localization) StdoutLine: {'line': b'-- Up-to-date: /home/starry1n/WUTA/WUTA-FSD/ros2_ws/install/robot_localization/include/robot_localization/robot_localization/navsat_transform.hpp\n'}
[0.540044] (robot_localization) StdoutLine: {'line': b'-- Up-to-date: /home/starry1n/WUTA/WUTA-FSD/ros2_ws/install/robot_localization/include/robot_localization/robot_localization/ros_filter.hpp\n'}
[0.540650] (robot_localization) StdoutLine: {'line': b'-- Up-to-date: /home/starry1n/WUTA/WUTA-FSD/ros2_ws/install/robot_localization/include/robot_localization/robot_localization/ros_filter_types.hpp\n'}
[0.540704] (robot_localization) StdoutLine: {'line': b'-- Up-to-date: /home/starry1n/WUTA/WUTA-FSD/ros2_ws/install/robot_localization/include/robot_localization/robot_localization/ros_robot_localization_listener.hpp\n'}
[0.540754] (robot_localization) StdoutLine: {'line': b'-- Up-to-date: /home/starry1n/WUTA/WUTA-FSD/ros2_ws/install/robot_localization/include/robot_localization/robot_localization/navsat_conversions.hpp\n'}
[0.540785] (robot_localization) StdoutLine: {'line': b'-- Up-to-date: /home/starry1n/WUTA/WUTA-FSD/ros2_ws/install/robot_localization/include/robot_localization/robot_localization/filter_state.hpp\n'}
[0.540821] (robot_localization) StdoutLine: {'line': b'-- Up-to-date: /home/starry1n/WUTA/WUTA-FSD/ros2_ws/install/robot_localization/include/robot_localization/robot_localization/filter_utilities.hpp\n'}
[0.540850] (robot_localization) StdoutLine: {'line': b'-- Up-to-date: /home/starry1n/WUTA/WUTA-FSD/ros2_ws/install/robot_localization/include/robot_localization/robot_localization/robot_localization_estimator.hpp\n'}
[0.540882] (robot_localization) StdoutLine: {'line': b'-- Up-to-date: /home/starry1n/WUTA/WUTA-FSD/ros2_ws/install/robot_localization/share/robot_localization/params\n'}
[0.540914] (robot_localization) StdoutLine: {'line': b'-- Up-to-date: /home/starry1n/WUTA/WUTA-FSD/ros2_ws/install/robot_localization/share/robot_localization/params/ukf.yaml\n'}
[0.540961] (robot_localization) StdoutLine: {'line': b'-- Up-to-date: /home/starry1n/WUTA/WUTA-FSD/ros2_ws/install/robot_localization/share/robot_localization/params/dual_ekf_navsat_example.yaml\n'}
[0.540990] (robot_localization) StdoutLine: {'line': b'-- Up-to-date: /home/starry1n/WUTA/WUTA-FSD/ros2_ws/install/robot_localization/share/robot_localization/params/ekf.yaml\n'}
[0.541021] (robot_localization) StdoutLine: {'line': b'-- Up-to-date: /home/starry1n/WUTA/WUTA-FSD/ros2_ws/install/robot_localization/share/robot_localization/params/navsat_transform.yaml\n'}
[0.541237] (robot_localization) StdoutLine: {'line': b'-- Up-to-date: /home/starry1n/WUTA/WUTA-FSD/ros2_ws/install/robot_localization/share/robot_localization/launch\n'}
[0.541299] (robot_localization) StdoutLine: {'line': b'-- Up-to-date: /home/starry1n/WUTA/WUTA-FSD/ros2_ws/install/robot_localization/share/robot_localization/launch/ekf.launch.py\n'}
[0.541334] (robot_localization) StdoutLine: {'line': b'-- Up-to-date: /home/starry1n/WUTA/WUTA-FSD/ros2_ws/install/robot_localization/share/robot_localization/launch/ukf.launch.py\n'}
[0.541366] (robot_localization) StdoutLine: {'line': b'-- Up-to-date: /home/starry1n/WUTA/WUTA-FSD/ros2_ws/install/robot_localization/share/robot_localization/launch/dual_ekf_navsat_example.launch.py\n'}
[0.541401] (robot_localization) StdoutLine: {'line': b'-- Up-to-date: /home/starry1n/WUTA/WUTA-FSD/ros2_ws/install/robot_localization/share/robot_localization/launch/navsat_transform.launch.py\n'}
[0.541500] (robot_localization) StdoutLine: {'line': b'-- Up-to-date: /home/starry1n/WUTA/WUTA-FSD/ros2_ws/install/robot_localization/share/robot_localization/cmake/export_robot_localization__rosidl_generator_cExport.cmake\n'}
[0.541540] (robot_localization) StdoutLine: {'line': b'-- Up-to-date: /home/starry1n/WUTA/WUTA-FSD/ros2_ws/install/robot_localization/share/robot_localization/cmake/export_robot_localization__rosidl_generator_cExport-relwithdebinfo.cmake\n'}
[0.541574] (robot_localization) StdoutLine: {'line': b'-- Up-to-date: /home/starry1n/WUTA/WUTA-FSD/ros2_ws/install/robot_localization/share/robot_localization/cmake/export_robot_localization__rosidl_typesupport_fastrtps_cExport.cmake\n'}
[0.541605] (robot_localization) StdoutLine: {'line': b'-- Up-to-date: /home/starry1n/WUTA/WUTA-FSD/ros2_ws/install/robot_localization/share/robot_localization/cmake/export_robot_localization__rosidl_typesupport_fastrtps_cExport-relwithdebinfo.cmake\n'}
[0.541637] (robot_localization) StdoutLine: {'line': b'-- Up-to-date: /home/starry1n/WUTA/WUTA-FSD/ros2_ws/install/robot_localization/share/robot_localization/cmake/export_robot_localization__rosidl_generator_cppExport.cmake\n'}
[0.541663] (robot_localization) StdoutLine: {'line': b'-- Up-to-date: /home/starry1n/WUTA/WUTA-FSD/ros2_ws/install/robot_localization/share/robot_localization/cmake/export_robot_localization__rosidl_typesupport_fastrtps_cppExport.cmake\n'}
[0.541698] (robot_localization) StdoutLine: {'line': b'-- Up-to-date: /home/starry1n/WUTA/WUTA-FSD/ros2_ws/install/robot_localization/share/robot_localization/cmake/export_robot_localization__rosidl_typesupport_fastrtps_cppExport-relwithdebinfo.cmake\n'}
[0.541725] (robot_localization) StdoutLine: {'line': b'-- Up-to-date: /home/starry1n/WUTA/WUTA-FSD/ros2_ws/install/robot_localization/share/robot_localization/cmake/robot_localization__rosidl_typesupport_introspection_cExport.cmake\n'}
[0.541764] (robot_localization) StdoutLine: {'line': b'-- Up-to-date: /home/starry1n/WUTA/WUTA-FSD/ros2_ws/install/robot_localization/share/robot_localization/cmake/robot_localization__rosidl_typesupport_introspection_cExport-relwithdebinfo.cmake\n'}
[0.541793] (robot_localization) StdoutLine: {'line': b'-- Up-to-date: /home/starry1n/WUTA/WUTA-FSD/ros2_ws/install/robot_localization/share/robot_localization/cmake/robot_localization__rosidl_typesupport_cExport.cmake\n'}
[0.541822] (robot_localization) StdoutLine: {'line': b'-- Up-to-date: /home/starry1n/WUTA/WUTA-FSD/ros2_ws/install/robot_localization/share/robot_localization/cmake/robot_localization__rosidl_typesupport_cExport-relwithdebinfo.cmake\n'}
[0.541846] (robot_localization) StdoutLine: {'line': b'-- Up-to-date: /home/starry1n/WUTA/WUTA-FSD/ros2_ws/install/robot_localization/share/robot_localization/cmake/robot_localization__rosidl_typesupport_introspection_cppExport.cmake\n'}
[0.541876] (robot_localization) StdoutLine: {'line': b'-- Up-to-date: /home/starry1n/WUTA/WUTA-FSD/ros2_ws/install/robot_localization/share/robot_localization/cmake/robot_localization__rosidl_typesupport_introspection_cppExport-relwithdebinfo.cmake\n'}
[0.541966] (robot_localization) StdoutLine: {'line': b'-- Up-to-date: /home/starry1n/WUTA/WUTA-FSD/ros2_ws/install/robot_localization/share/robot_localization/cmake/robot_localization__rosidl_typesupport_cppExport.cmake\n'}
[0.542007] (robot_localization) StdoutLine: {'line': b'-- Up-to-date: /home/starry1n/WUTA/WUTA-FSD/ros2_ws/install/robot_localization/share/robot_localization/cmake/robot_localization__rosidl_typesupport_cppExport-relwithdebinfo.cmake\n'}
[0.542321] (robot_localization) StdoutLine: {'line': b'-- Up-to-date: /home/starry1n/WUTA/WUTA-FSD/ros2_ws/install/robot_localization/share/robot_localization/cmake/export_robot_localization__rosidl_generator_pyExport.cmake\n'}
[0.542400] (robot_localization) StdoutLine: {'line': b'-- Up-to-date: /home/starry1n/WUTA/WUTA-FSD/ros2_ws/install/robot_localization/share/robot_localization/cmake/export_robot_localization__rosidl_generator_pyExport-relwithdebinfo.cmake\n'}
[0.542507] (wuta_msgs) JobEnded: {'identifier': 'wuta_msgs', 'rc': 0}
[0.542859] (boundary_detector) JobStarted: {'identifier': 'boundary_detector'}
[0.544980] (camera_detection) JobStarted: {'identifier': 'camera_detection'}
[0.546802] (cone_map_builder) JobStarted: {'identifier': 'cone_map_builder'}
[0.548912] (controller) JobStarted: {'identifier': 'controller'}
[0.550993] (detection_fusion) JobStarted: {'identifier': 'detection_fusion'}
[0.555743] (kiss_icp_wrapper) JobStarted: {'identifier': 'kiss_icp_wrapper'}
[0.558015] (lidar_detection) JobStarted: {'identifier': 'lidar_detection'}
[0.561778] (robot_localization) CommandEnded: {'returncode': 0}
[0.574529] (robot_localization) JobEnded: {'identifier': 'robot_localization', 'rc': 0}
[0.575521] (boundary_detector) JobProgress: {'identifier': 'boundary_detector', 'progress': 'cmake'}
[0.576731] (boundary_detector) JobProgress: {'identifier': 'boundary_detector', 'progress': 'build'}
[0.576779] (boundary_detector) Command: {'cmd': ['/usr/bin/cmake', '--build', '/home/starry1n/WUTA/WUTA-FSD/ros2_ws/build/boundary_detector', '--', '-j8', '-l8'], 'cwd': '/home/starry1n/WUTA/WUTA-FSD/ros2_ws/build/boundary_detector', 'env': OrderedDict([('LESSOPEN', '| /usr/bin/lesspipe %s'), ('LANGUAGE', 'zh_CN:zh'), ('USER', 'starry1n'), ('XDG_SESSION_TYPE', 'wayland'), ('SHLVL', '3'), ('LD_LIBRARY_PATH', '/home/starry1n/WUTA/WUTA-FSD/ros2_ws/install/wuta_msgs/lib:/home/starry1n/WUTA/WUTA-FSD/ros2_ws/install/autoware_msgs/lib:/opt/ros/humble/opt/rviz_ogre_vendor/lib:/opt/ros/humble/lib/x86_64-linux-gnu:/opt/ros/humble/lib'), ('HOME', '/home/starry1n'), ('OLDPWD', '/home/starry1n/WUTA/WUTA-FSD'), ('DESKTOP_SESSION', 'ubuntu'), ('ROS_PYTHON_VERSION', '3'), ('GNOME_SHELL_SESSION_MODE', 'ubuntu'), ('GTK_MODULES', 'gail:atk-bridge'), ('SYSTEMD_EXEC_PID', '2566'), ('DBUS_SESSION_BUS_ADDRESS', 'unix:path=/run/user/1000/bus'), ('COLORTERM', 'truecolor'), ('IM_CONFIG_PHASE', '1'), ('WAYLAND_DISPLAY', 'wayland-0'), ('ROS_DISTRO', 'humble'), ('LOGNAME', 'starry1n'), ('_', '/usr/bin/colcon'), ('ROS_VERSION', '2'), ('XDG_SESSION_CLASS', 'user'), ('USERNAME', 'starry1n'), ('TERM', 'xterm-256color'), ('GNOME_DESKTOP_SESSION_ID', 'this-is-deprecated'), ('ROS_LOCALHOST_ONLY', '0'), ('PATH', '/home/starry1n/.local/bin:/opt/ros/humble/bin:/home/starry1n/.local/bin:/usr/local/sbin:/usr/local/bin:/usr/sbin:/usr/bin:/sbin:/bin:/usr/games:/usr/local/games:/snap/bin:/snap/bin'), ('SESSION_MANAGER', 'local/starry1n-virtual-machine:@/tmp/.ICE-unix/2321,unix/starry1n-virtual-machine:/tmp/.ICE-unix/2321'), ('XDG_MENU_PREFIX', 'gnome-'), ('GNOME_TERMINAL_SCREEN', '/org/gnome/Terminal/screen/948911c1_b87d_475f_a792_006550dcd166'), ('GNOME_SETUP_DISPLAY', ':1'), ('XDG_RUNTIME_DIR', '/run/user/1000'), ('DISPLAY', ':0'), ('LANG', 'zh_CN.UTF-8'), ('XDG_CURRENT_DESKTOP', 'ubuntu:GNOME'), ('XMODIFIERS', '@im=ibus'), ('XDG_SESSION_DESKTOP', 'ubuntu'), ('XAUTHORITY', '/run/user/1000/.mutter-Xwaylandauth.H6FRS3'), ('LS_COLORS', 'rs=0:di=01;34:ln=01;36:mh=00:pi=40;33:so=01;35:do=01;35:bd=40;33;01:cd=40;33;01:or=40;31;01:mi=00:su=37;41:sg=30;43:ca=30;41:tw=30;42:ow=34;42:st=37;44:ex=01;32:*.tar=01;31:*.tgz=01;31:*.arc=01;31:*.arj=01;31:*.taz=01;31:*.lha=01;31:*.lz4=01;31:*.lzh=01;31:*.lzma=01;31:*.tlz=01;31:*.txz=01;31:*.tzo=01;31:*.t7z=01;31:*.zip=01;31:*.z=01;31:*.dz=01;31:*.gz=01;31:*.lrz=01;31:*.lz=01;31:*.lzo=01;31:*.xz=01;31:*.zst=01;31:*.tzst=01;31:*.bz2=01;31:*.bz=01;31:*.tbz=01;31:*.tbz2=01;31:*.tz=01;31:*.deb=01;31:*.rpm=01;31:*.jar=01;31:*.war=01;31:*.ear=01;31:*.sar=01;31:*.rar=01;31:*.alz=01;31:*.ace=01;31:*.zoo=01;31:*.cpio=01;31:*.7z=01;31:*.rz=01;31:*.cab=01;31:*.wim=01;31:*.swm=01;31:*.dwm=01;31:*.esd=01;31:*.jpg=01;35:*.jpeg=01;35:*.mjpg=01;35:*.mjpeg=01;35:*.gif=01;35:*.bmp=01;35:*.pbm=01;35:*.pgm=01;35:*.ppm=01;35:*.tga=01;35:*.xbm=01;35:*.xpm=01;35:*.tif=01;35:*.tiff=01;35:*.png=01;35:*.svg=01;35:*.svgz=01;35:*.mng=01;35:*.pcx=01;35:*.mov=01;35:*.mpg=01;35:*.mpeg=01;35:*.m2v=01;35:*.mkv=01;35:*.webm=01;35:*.webp=01;35:*.ogm=01;35:*.mp4=01;35:*.m4v=01;35:*.mp4v=01;35:*.vob=01;35:*.qt=01;35:*.nuv=01;35:*.wmv=01;35:*.asf=01;35:*.rm=01;35:*.rmvb=01;35:*.flc=01;35:*.avi=01;35:*.fli=01;35:*.flv=01;35:*.gl=01;35:*.dl=01;35:*.xcf=01;35:*.xwd=01;35:*.yuv=01;35:*.cgm=01;35:*.emf=01;35:*.ogv=01;35:*.ogx=01;35:*.aac=00;36:*.au=00;36:*.flac=00;36:*.m4a=00;36:*.mid=00;36:*.midi=00;36:*.mka=00;36:*.mp3=00;36:*.mpc=00;36:*.ogg=00;36:*.ra=00;36:*.wav=00;36:*.oga=00;36:*.opus=00;36:*.spx=00;36:*.xspf=00;36:'), ('GNOME_TERMINAL_SERVICE', ':1.155'), ('SSH_AGENT_LAUNCHER', 'gnome-keyring'), ('SSH_AUTH_SOCK', '/run/user/1000/keyring/ssh'), ('AMENT_PREFIX_PATH', '/home/starry1n/WUTA/WUTA-FSD/ros2_ws/install/wuta_msgs:/home/starry1n/WUTA/WUTA-FSD/ros2_ws/install/autoware_msgs:/opt/ros/humble'), ('SHELL', '/bin/bash'), ('QT_ACCESSIBILITY', '1'), ('GDMSESSION', 'ubuntu'), ('LESSCLOSE', '/usr/bin/lesspipe %s %s'), ('QT_IM_MODULE', 'ibus'), ('PWD', '/home/starry1n/WUTA/WUTA-FSD/ros2_ws/build/boundary_detector'), ('XDG_CONFIG_DIRS', '/etc/xdg/xdg-ubuntu:/etc/xdg'), ('XDG_DATA_DIRS', '/usr/share/ubuntu:/usr/local/share/:/usr/share/:/var/lib/snapd/desktop'), ('PYTHONPATH', '/home/starry1n/WUTA/WUTA-FSD/ros2_ws/install/wuta_msgs/local/lib/python3.10/dist-packages:/home/starry1n/WUTA/WUTA-FSD/ros2_ws/install/autoware_msgs/local/lib/python3.10/dist-packages:/opt/ros/humble/lib/python3.10/site-packages:/opt/ros/humble/local/lib/python3.10/dist-packages'), ('COLCON', '1'), ('VTE_VERSION', '6800'), ('CMAKE_PREFIX_PATH', '/home/starry1n/WUTA/WUTA-FSD/ros2_ws/install/wuta_msgs:/home/starry1n/WUTA/WUTA-FSD/ros2_ws/install/autoware_msgs:/opt/ros/humble')]), 'shell': False}
[0.577918] (camera_detection) JobProgress: {'identifier': 'camera_detection', 'progress': 'cmake'}
[0.578238] (camera_detection) JobProgress: {'identifier': 'camera_detection', 'progress': 'build'}
[0.579557] (camera_detection) Command: {'cmd': ['/usr/bin/cmake', '--build', '/home/starry1n/WUTA/WUTA-FSD/ros2_ws/build/camera_detection', '--', '-j8', '-l8'], 'cwd': '/home/starry1n/WUTA/WUTA-FSD/ros2_ws/build/camera_detection', 'env': OrderedDict([('LESSOPEN', '| /usr/bin/lesspipe %s'), ('LANGUAGE', 'zh_CN:zh'), ('USER', 'starry1n'), ('XDG_SESSION_TYPE', 'wayland'), ('SHLVL', '3'), ('LD_LIBRARY_PATH', '/home/starry1n/WUTA/WUTA-FSD/ros2_ws/install/wuta_msgs/lib:/opt/ros/humble/opt/rviz_ogre_vendor/lib:/opt/ros/humble/lib/x86_64-linux-gnu:/opt/ros/humble/lib'), ('HOME', '/home/starry1n'), ('OLDPWD', '/home/starry1n/WUTA/WUTA-FSD'), ('DESKTOP_SESSION', 'ubuntu'), ('ROS_PYTHON_VERSION', '3'), ('GNOME_SHELL_SESSION_MODE', 'ubuntu'), ('GTK_MODULES', 'gail:atk-bridge'), ('SYSTEMD_EXEC_PID', '2566'), ('DBUS_SESSION_BUS_ADDRESS', 'unix:path=/run/user/1000/bus'), ('COLORTERM', 'truecolor'), ('IM_CONFIG_PHASE', '1'), ('WAYLAND_DISPLAY', 'wayland-0'), ('ROS_DISTRO', 'humble'), ('LOGNAME', 'starry1n'), ('_', '/usr/bin/colcon'), ('ROS_VERSION', '2'), ('XDG_SESSION_CLASS', 'user'), ('USERNAME', 'starry1n'), ('TERM', 'xterm-256color'), ('GNOME_DESKTOP_SESSION_ID', 'this-is-deprecated'), ('ROS_LOCALHOST_ONLY', '0'), ('PATH', '/home/starry1n/.local/bin:/opt/ros/humble/bin:/home/starry1n/.local/bin:/usr/local/sbin:/usr/local/bin:/usr/sbin:/usr/bin:/sbin:/bin:/usr/games:/usr/local/games:/snap/bin:/snap/bin'), ('SESSION_MANAGER', 'local/starry1n-virtual-machine:@/tmp/.ICE-unix/2321,unix/starry1n-virtual-machine:/tmp/.ICE-unix/2321'), ('XDG_MENU_PREFIX', 'gnome-'), ('GNOME_TERMINAL_SCREEN', '/org/gnome/Terminal/screen/948911c1_b87d_475f_a792_006550dcd166'), ('GNOME_SETUP_DISPLAY', ':1'), ('XDG_RUNTIME_DIR', '/run/user/1000'), ('DISPLAY', ':0'), ('LANG', 'zh_CN.UTF-8'), ('XDG_CURRENT_DESKTOP', 'ubuntu:GNOME'), ('XMODIFIERS', '@im=ibus'), ('XDG_SESSION_DESKTOP', 'ubuntu'), ('XAUTHORITY', '/run/user/1000/.mutter-Xwaylandauth.H6FRS3'), ('LS_COLORS', 'rs=0:di=01;34:ln=01;36:mh=00:pi=40;33:so=01;35:do=01;35:bd=40;33;01:cd=40;33;01:or=40;31;01:mi=00:su=37;41:sg=30;43:ca=30;41:tw=30;42:ow=34;42:st=37;44:ex=01;32:*.tar=01;31:*.tgz=01;31:*.arc=01;31:*.arj=01;31:*.taz=01;31:*.lha=01;31:*.lz4=01;31:*.lzh=01;31:*.lzma=01;31:*.tlz=01;31:*.txz=01;31:*.tzo=01;31:*.t7z=01;31:*.zip=01;31:*.z=01;31:*.dz=01;31:*.gz=01;31:*.lrz=01;31:*.lz=01;31:*.lzo=01;31:*.xz=01;31:*.zst=01;31:*.tzst=01;31:*.bz2=01;31:*.bz=01;31:*.tbz=01;31:*.tbz2=01;31:*.tz=01;31:*.deb=01;31:*.rpm=01;31:*.jar=01;31:*.war=01;31:*.ear=01;31:*.sar=01;31:*.rar=01;31:*.alz=01;31:*.ace=01;31:*.zoo=01;31:*.cpio=01;31:*.7z=01;31:*.rz=01;31:*.cab=01;31:*.wim=01;31:*.swm=01;31:*.dwm=01;31:*.esd=01;31:*.jpg=01;35:*.jpeg=01;35:*.mjpg=01;35:*.mjpeg=01;35:*.gif=01;35:*.bmp=01;35:*.pbm=01;35:*.pgm=01;35:*.ppm=01;35:*.tga=01;35:*.xbm=01;35:*.xpm=01;35:*.tif=01;35:*.tiff=01;35:*.png=01;35:*.svg=01;35:*.svgz=01;35:*.mng=01;35:*.pcx=01;35:*.mov=01;35:*.mpg=01;35:*.mpeg=01;35:*.m2v=01;35:*.mkv=01;35:*.webm=01;35:*.webp=01;35:*.ogm=01;35:*.mp4=01;35:*.m4v=01;35:*.mp4v=01;35:*.vob=01;35:*.qt=01;35:*.nuv=01;35:*.wmv=01;35:*.asf=01;35:*.rm=01;35:*.rmvb=01;35:*.flc=01;35:*.avi=01;35:*.fli=01;35:*.flv=01;35:*.gl=01;35:*.dl=01;35:*.xcf=01;35:*.xwd=01;35:*.yuv=01;35:*.cgm=01;35:*.emf=01;35:*.ogv=01;35:*.ogx=01;35:*.aac=00;36:*.au=00;36:*.flac=00;36:*.m4a=00;36:*.mid=00;36:*.midi=00;36:*.mka=00;36:*.mp3=00;36:*.mpc=00;36:*.ogg=00;36:*.ra=00;36:*.wav=00;36:*.oga=00;36:*.opus=00;36:*.spx=00;36:*.xspf=00;36:'), ('GNOME_TERMINAL_SERVICE', ':1.155'), ('SSH_AGENT_LAUNCHER', 'gnome-keyring'), ('SSH_AUTH_SOCK', '/run/user/1000/keyring/ssh'), ('AMENT_PREFIX_PATH', '/home/starry1n/WUTA/WUTA-FSD/ros2_ws/install/wuta_msgs:/opt/ros/humble'), ('SHELL', '/bin/bash'), ('QT_ACCESSIBILITY', '1'), ('GDMSESSION', 'ubuntu'), ('LESSCLOSE', '/usr/bin/lesspipe %s %s'), ('QT_IM_MODULE', 'ibus'), ('PWD', '/home/starry1n/WUTA/WUTA-FSD/ros2_ws/build/camera_detection'), ('XDG_CONFIG_DIRS', '/etc/xdg/xdg-ubuntu:/etc/xdg'), ('XDG_DATA_DIRS', '/usr/share/ubuntu:/usr/local/share/:/usr/share/:/var/lib/snapd/desktop'), ('PYTHONPATH', '/home/starry1n/WUTA/WUTA-FSD/ros2_ws/install/wuta_msgs/local/lib/python3.10/dist-packages:/opt/ros/humble/lib/python3.10/site-packages:/opt/ros/humble/local/lib/python3.10/dist-packages'), ('COLCON', '1'), ('VTE_VERSION', '6800'), ('CMAKE_PREFIX_PATH', '/home/starry1n/WUTA/WUTA-FSD/ros2_ws/install/wuta_msgs:/opt/ros/humble')]), 'shell': False}
[0.581566] (cone_map_builder) JobProgress: {'identifier': 'cone_map_builder', 'progress': 'cmake'}
[0.581774] (cone_map_builder) JobProgress: {'identifier': 'cone_map_builder', 'progress': 'build'}
[0.582640] (cone_map_builder) Command: {'cmd': ['/usr/bin/cmake', '--build', '/home/starry1n/WUTA/WUTA-FSD/ros2_ws/build/cone_map_builder', '--', '-j8', '-l8'], 'cwd': '/home/starry1n/WUTA/WUTA-FSD/ros2_ws/build/cone_map_builder', 'env': OrderedDict([('LESSOPEN', '| /usr/bin/lesspipe %s'), ('LANGUAGE', 'zh_CN:zh'), ('USER', 'starry1n'), ('XDG_SESSION_TYPE', 'wayland'), ('SHLVL', '3'), ('LD_LIBRARY_PATH', '/home/starry1n/WUTA/WUTA-FSD/ros2_ws/install/wuta_msgs/lib:/opt/ros/humble/opt/rviz_ogre_vendor/lib:/opt/ros/humble/lib/x86_64-linux-gnu:/opt/ros/humble/lib'), ('HOME', '/home/starry1n'), ('OLDPWD', '/home/starry1n/WUTA/WUTA-FSD'), ('DESKTOP_SESSION', 'ubuntu'), ('ROS_PYTHON_VERSION', '3'), ('GNOME_SHELL_SESSION_MODE', 'ubuntu'), ('GTK_MODULES', 'gail:atk-bridge'), ('SYSTEMD_EXEC_PID', '2566'), ('DBUS_SESSION_BUS_ADDRESS', 'unix:path=/run/user/1000/bus'), ('COLORTERM', 'truecolor'), ('IM_CONFIG_PHASE', '1'), ('WAYLAND_DISPLAY', 'wayland-0'), ('ROS_DISTRO', 'humble'), ('LOGNAME', 'starry1n'), ('_', '/usr/bin/colcon'), ('ROS_VERSION', '2'), ('XDG_SESSION_CLASS', 'user'), ('USERNAME', 'starry1n'), ('TERM', 'xterm-256color'), ('GNOME_DESKTOP_SESSION_ID', 'this-is-deprecated'), ('ROS_LOCALHOST_ONLY', '0'), ('PATH', '/home/starry1n/.local/bin:/opt/ros/humble/bin:/home/starry1n/.local/bin:/usr/local/sbin:/usr/local/bin:/usr/sbin:/usr/bin:/sbin:/bin:/usr/games:/usr/local/games:/snap/bin:/snap/bin'), ('SESSION_MANAGER', 'local/starry1n-virtual-machine:@/tmp/.ICE-unix/2321,unix/starry1n-virtual-machine:/tmp/.ICE-unix/2321'), ('XDG_MENU_PREFIX', 'gnome-'), ('GNOME_TERMINAL_SCREEN', '/org/gnome/Terminal/screen/948911c1_b87d_475f_a792_006550dcd166'), ('GNOME_SETUP_DISPLAY', ':1'), ('XDG_RUNTIME_DIR', '/run/user/1000'), ('DISPLAY', ':0'), ('LANG', 'zh_CN.UTF-8'), ('XDG_CURRENT_DESKTOP', 'ubuntu:GNOME'), ('XMODIFIERS', '@im=ibus'), ('XDG_SESSION_DESKTOP', 'ubuntu'), ('XAUTHORITY', '/run/user/1000/.mutter-Xwaylandauth.H6FRS3'), ('LS_COLORS', 'rs=0:di=01;34:ln=01;36:mh=00:pi=40;33:so=01;35:do=01;35:bd=40;33;01:cd=40;33;01:or=40;31;01:mi=00:su=37;41:sg=30;43:ca=30;41:tw=30;42:ow=34;42:st=37;44:ex=01;32:*.tar=01;31:*.tgz=01;31:*.arc=01;31:*.arj=01;31:*.taz=01;31:*.lha=01;31:*.lz4=01;31:*.lzh=01;31:*.lzma=01;31:*.tlz=01;31:*.txz=01;31:*.tzo=01;31:*.t7z=01;31:*.zip=01;31:*.z=01;31:*.dz=01;31:*.gz=01;31:*.lrz=01;31:*.lz=01;31:*.lzo=01;31:*.xz=01;31:*.zst=01;31:*.tzst=01;31:*.bz2=01;31:*.bz=01;31:*.tbz=01;31:*.tbz2=01;31:*.tz=01;31:*.deb=01;31:*.rpm=01;31:*.jar=01;31:*.war=01;31:*.ear=01;31:*.sar=01;31:*.rar=01;31:*.alz=01;31:*.ace=01;31:*.zoo=01;31:*.cpio=01;31:*.7z=01;31:*.rz=01;31:*.cab=01;31:*.wim=01;31:*.swm=01;31:*.dwm=01;31:*.esd=01;31:*.jpg=01;35:*.jpeg=01;35:*.mjpg=01;35:*.mjpeg=01;35:*.gif=01;35:*.bmp=01;35:*.pbm=01;35:*.pgm=01;35:*.ppm=01;35:*.tga=01;35:*.xbm=01;35:*.xpm=01;35:*.tif=01;35:*.tiff=01;35:*.png=01;35:*.svg=01;35:*.svgz=01;35:*.mng=01;35:*.pcx=01;35:*.mov=01;35:*.mpg=01;35:*.mpeg=01;35:*.m2v=01;35:*.mkv=01;35:*.webm=01;35:*.webp=01;35:*.ogm=01;35:*.mp4=01;35:*.m4v=01;35:*.mp4v=01;35:*.vob=01;35:*.qt=01;35:*.nuv=01;35:*.wmv=01;35:*.asf=01;35:*.rm=01;35:*.rmvb=01;35:*.flc=01;35:*.avi=01;35:*.fli=01;35:*.flv=01;35:*.gl=01;35:*.dl=01;35:*.xcf=01;35:*.xwd=01;35:*.yuv=01;35:*.cgm=01;35:*.emf=01;35:*.ogv=01;35:*.ogx=01;35:*.aac=00;36:*.au=00;36:*.flac=00;36:*.m4a=00;36:*.mid=00;36:*.midi=00;36:*.mka=00;36:*.mp3=00;36:*.mpc=00;36:*.ogg=00;36:*.ra=00;36:*.wav=00;36:*.oga=00;36:*.opus=00;36:*.spx=00;36:*.xspf=00;36:'), ('GNOME_TERMINAL_SERVICE', ':1.155'), ('SSH_AGENT_LAUNCHER', 'gnome-keyring'), ('SSH_AUTH_SOCK', '/run/user/1000/keyring/ssh'), ('AMENT_PREFIX_PATH', '/home/starry1n/WUTA/WUTA-FSD/ros2_ws/install/wuta_msgs:/opt/ros/humble'), ('SHELL', '/bin/bash'), ('QT_ACCESSIBILITY', '1'), ('GDMSESSION', 'ubuntu'), ('LESSCLOSE', '/usr/bin/lesspipe %s %s'), ('QT_IM_MODULE', 'ibus'), ('PWD', '/home/starry1n/WUTA/WUTA-FSD/ros2_ws/build/cone_map_builder'), ('XDG_CONFIG_DIRS', '/etc/xdg/xdg-ubuntu:/etc/xdg'), ('XDG_DATA_DIRS', '/usr/share/ubuntu:/usr/local/share/:/usr/share/:/var/lib/snapd/desktop'), ('PYTHONPATH', '/home/starry1n/WUTA/WUTA-FSD/ros2_ws/install/wuta_msgs/local/lib/python3.10/dist-packages:/opt/ros/humble/lib/python3.10/site-packages:/opt/ros/humble/local/lib/python3.10/dist-packages'), ('COLCON', '1'), ('VTE_VERSION', '6800'), ('CMAKE_PREFIX_PATH', '/home/starry1n/WUTA/WUTA-FSD/ros2_ws/install/wuta_msgs:/opt/ros/humble')]), 'shell': False}
[0.584970] (controller) JobProgress: {'identifier': 'controller', 'progress': 'cmake'}
[0.586556] (controller) JobProgress: {'identifier': 'controller', 'progress': 'build'}
[0.589525] (controller) Command: {'cmd': ['/usr/bin/cmake', '--build', '/home/starry1n/WUTA/WUTA-FSD/ros2_ws/build/controller', '--', '-j8', '-l8'], 'cwd': '/home/starry1n/WUTA/WUTA-FSD/ros2_ws/build/controller', 'env': OrderedDict([('LESSOPEN', '| /usr/bin/lesspipe %s'), ('LANGUAGE', 'zh_CN:zh'), ('USER', 'starry1n'), ('XDG_SESSION_TYPE', 'wayland'), ('SHLVL', '3'), ('LD_LIBRARY_PATH', '/home/starry1n/WUTA/WUTA-FSD/ros2_ws/install/wuta_msgs/lib:/home/starry1n/WUTA/WUTA-FSD/ros2_ws/install/autoware_msgs/lib:/opt/ros/humble/opt/rviz_ogre_vendor/lib:/opt/ros/humble/lib/x86_64-linux-gnu:/opt/ros/humble/lib'), ('HOME', '/home/starry1n'), ('OLDPWD', '/home/starry1n/WUTA/WUTA-FSD'), ('DESKTOP_SESSION', 'ubuntu'), ('ROS_PYTHON_VERSION', '3'), ('GNOME_SHELL_SESSION_MODE', 'ubuntu'), ('GTK_MODULES', 'gail:atk-bridge'), ('SYSTEMD_EXEC_PID', '2566'), ('DBUS_SESSION_BUS_ADDRESS', 'unix:path=/run/user/1000/bus'), ('COLORTERM', 'truecolor'), ('IM_CONFIG_PHASE', '1'), ('WAYLAND_DISPLAY', 'wayland-0'), ('ROS_DISTRO', 'humble'), ('LOGNAME', 'starry1n'), ('_', '/usr/bin/colcon'), ('ROS_VERSION', '2'), ('XDG_SESSION_CLASS', 'user'), ('USERNAME', 'starry1n'), ('TERM', 'xterm-256color'), ('GNOME_DESKTOP_SESSION_ID', 'this-is-deprecated'), ('ROS_LOCALHOST_ONLY', '0'), ('PATH', '/home/starry1n/.local/bin:/opt/ros/humble/bin:/home/starry1n/.local/bin:/usr/local/sbin:/usr/local/bin:/usr/sbin:/usr/bin:/sbin:/bin:/usr/games:/usr/local/games:/snap/bin:/snap/bin'), ('SESSION_MANAGER', 'local/starry1n-virtual-machine:@/tmp/.ICE-unix/2321,unix/starry1n-virtual-machine:/tmp/.ICE-unix/2321'), ('XDG_MENU_PREFIX', 'gnome-'), ('GNOME_TERMINAL_SCREEN', '/org/gnome/Terminal/screen/948911c1_b87d_475f_a792_006550dcd166'), ('GNOME_SETUP_DISPLAY', ':1'), ('XDG_RUNTIME_DIR', '/run/user/1000'), ('DISPLAY', ':0'), ('LANG', 'zh_CN.UTF-8'), ('XDG_CURRENT_DESKTOP', 'ubuntu:GNOME'), ('XMODIFIERS', '@im=ibus'), ('XDG_SESSION_DESKTOP', 'ubuntu'), ('XAUTHORITY', '/run/user/1000/.mutter-Xwaylandauth.H6FRS3'), ('LS_COLORS', 'rs=0:di=01;34:ln=01;36:mh=00:pi=40;33:so=01;35:do=01;35:bd=40;33;01:cd=40;33;01:or=40;31;01:mi=00:su=37;41:sg=30;43:ca=30;41:tw=30;42:ow=34;42:st=37;44:ex=01;32:*.tar=01;31:*.tgz=01;31:*.arc=01;31:*.arj=01;31:*.taz=01;31:*.lha=01;31:*.lz4=01;31:*.lzh=01;31:*.lzma=01;31:*.tlz=01;31:*.txz=01;31:*.tzo=01;31:*.t7z=01;31:*.zip=01;31:*.z=01;31:*.dz=01;31:*.gz=01;31:*.lrz=01;31:*.lz=01;31:*.lzo=01;31:*.xz=01;31:*.zst=01;31:*.tzst=01;31:*.bz2=01;31:*.bz=01;31:*.tbz=01;31:*.tbz2=01;31:*.tz=01;31:*.deb=01;31:*.rpm=01;31:*.jar=01;31:*.war=01;31:*.ear=01;31:*.sar=01;31:*.rar=01;31:*.alz=01;31:*.ace=01;31:*.zoo=01;31:*.cpio=01;31:*.7z=01;31:*.rz=01;31:*.cab=01;31:*.wim=01;31:*.swm=01;31:*.dwm=01;31:*.esd=01;31:*.jpg=01;35:*.jpeg=01;35:*.mjpg=01;35:*.mjpeg=01;35:*.gif=01;35:*.bmp=01;35:*.pbm=01;35:*.pgm=01;35:*.ppm=01;35:*.tga=01;35:*.xbm=01;35:*.xpm=01;35:*.tif=01;35:*.tiff=01;35:*.png=01;35:*.svg=01;35:*.svgz=01;35:*.mng=01;35:*.pcx=01;35:*.mov=01;35:*.mpg=01;35:*.mpeg=01;35:*.m2v=01;35:*.mkv=01;35:*.webm=01;35:*.webp=01;35:*.ogm=01;35:*.mp4=01;35:*.m4v=01;35:*.mp4v=01;35:*.vob=01;35:*.qt=01;35:*.nuv=01;35:*.wmv=01;35:*.asf=01;35:*.rm=01;35:*.rmvb=01;35:*.flc=01;35:*.avi=01;35:*.fli=01;35:*.flv=01;35:*.gl=01;35:*.dl=01;35:*.xcf=01;35:*.xwd=01;35:*.yuv=01;35:*.cgm=01;35:*.emf=01;35:*.ogv=01;35:*.ogx=01;35:*.aac=00;36:*.au=00;36:*.flac=00;36:*.m4a=00;36:*.mid=00;36:*.midi=00;36:*.mka=00;36:*.mp3=00;36:*.mpc=00;36:*.ogg=00;36:*.ra=00;36:*.wav=00;36:*.oga=00;36:*.opus=00;36:*.spx=00;36:*.xspf=00;36:'), ('GNOME_TERMINAL_SERVICE', ':1.155'), ('SSH_AGENT_LAUNCHER', 'gnome-keyring'), ('SSH_AUTH_SOCK', '/run/user/1000/keyring/ssh'), ('AMENT_PREFIX_PATH', '/home/starry1n/WUTA/WUTA-FSD/ros2_ws/install/wuta_msgs:/home/starry1n/WUTA/WUTA-FSD/ros2_ws/install/autoware_msgs:/opt/ros/humble'), ('SHELL', '/bin/bash'), ('QT_ACCESSIBILITY', '1'), ('GDMSESSION', 'ubuntu'), ('LESSCLOSE', '/usr/bin/lesspipe %s %s'), ('QT_IM_MODULE', 'ibus'), ('PWD', '/home/starry1n/WUTA/WUTA-FSD/ros2_ws/build/controller'), ('XDG_CONFIG_DIRS', '/etc/xdg/xdg-ubuntu:/etc/xdg'), ('XDG_DATA_DIRS', '/usr/share/ubuntu:/usr/local/share/:/usr/share/:/var/lib/snapd/desktop'), ('PYTHONPATH', '/home/starry1n/WUTA/WUTA-FSD/ros2_ws/install/wuta_msgs/local/lib/python3.10/dist-packages:/home/starry1n/WUTA/WUTA-FSD/ros2_ws/install/autoware_msgs/local/lib/python3.10/dist-packages:/opt/ros/humble/lib/python3.10/site-packages:/opt/ros/humble/local/lib/python3.10/dist-packages'), ('COLCON', '1'), ('VTE_VERSION', '6800'), ('CMAKE_PREFIX_PATH', '/home/starry1n/WUTA/WUTA-FSD/ros2_ws/install/wuta_msgs:/home/starry1n/WUTA/WUTA-FSD/ros2_ws/install/autoware_msgs:/opt/ros/humble')]), 'shell': False}
[0.591597] (localization_manager) JobStarted: {'identifier': 'localization_manager'}
[0.596758] (detection_fusion) JobProgress: {'identifier': 'detection_fusion', 'progress': 'cmake'}
[0.598816] (detection_fusion) JobProgress: {'identifier': 'detection_fusion', 'progress': 'build'}
[0.598957] (detection_fusion) Command: {'cmd': ['/usr/bin/cmake', '--build', '/home/starry1n/WUTA/WUTA-FSD/ros2_ws/build/detection_fusion', '--', '-j8', '-l8'], 'cwd': '/home/starry1n/WUTA/WUTA-FSD/ros2_ws/build/detection_fusion', 'env': OrderedDict([('LESSOPEN', '| /usr/bin/lesspipe %s'), ('LANGUAGE', 'zh_CN:zh'), ('USER', 'starry1n'), ('XDG_SESSION_TYPE', 'wayland'), ('SHLVL', '3'), ('LD_LIBRARY_PATH', '/home/starry1n/WUTA/WUTA-FSD/ros2_ws/install/wuta_msgs/lib:/opt/ros/humble/opt/rviz_ogre_vendor/lib:/opt/ros/humble/lib/x86_64-linux-gnu:/opt/ros/humble/lib'), ('HOME', '/home/starry1n'), ('OLDPWD', '/home/starry1n/WUTA/WUTA-FSD'), ('DESKTOP_SESSION', 'ubuntu'), ('ROS_PYTHON_VERSION', '3'), ('GNOME_SHELL_SESSION_MODE', 'ubuntu'), ('GTK_MODULES', 'gail:atk-bridge'), ('SYSTEMD_EXEC_PID', '2566'), ('DBUS_SESSION_BUS_ADDRESS', 'unix:path=/run/user/1000/bus'), ('COLORTERM', 'truecolor'), ('IM_CONFIG_PHASE', '1'), ('WAYLAND_DISPLAY', 'wayland-0'), ('ROS_DISTRO', 'humble'), ('LOGNAME', 'starry1n'), ('_', '/usr/bin/colcon'), ('ROS_VERSION', '2'), ('XDG_SESSION_CLASS', 'user'), ('USERNAME', 'starry1n'), ('TERM', 'xterm-256color'), ('GNOME_DESKTOP_SESSION_ID', 'this-is-deprecated'), ('ROS_LOCALHOST_ONLY', '0'), ('PATH', '/home/starry1n/.local/bin:/opt/ros/humble/bin:/home/starry1n/.local/bin:/usr/local/sbin:/usr/local/bin:/usr/sbin:/usr/bin:/sbin:/bin:/usr/games:/usr/local/games:/snap/bin:/snap/bin'), ('SESSION_MANAGER', 'local/starry1n-virtual-machine:@/tmp/.ICE-unix/2321,unix/starry1n-virtual-machine:/tmp/.ICE-unix/2321'), ('XDG_MENU_PREFIX', 'gnome-'), ('GNOME_TERMINAL_SCREEN', '/org/gnome/Terminal/screen/948911c1_b87d_475f_a792_006550dcd166'), ('GNOME_SETUP_DISPLAY', ':1'), ('XDG_RUNTIME_DIR', '/run/user/1000'), ('DISPLAY', ':0'), ('LANG', 'zh_CN.UTF-8'), ('XDG_CURRENT_DESKTOP', 'ubuntu:GNOME'), ('XMODIFIERS', '@im=ibus'), ('XDG_SESSION_DESKTOP', 'ubuntu'), ('XAUTHORITY', '/run/user/1000/.mutter-Xwaylandauth.H6FRS3'), ('LS_COLORS', 'rs=0:di=01;34:ln=01;36:mh=00:pi=40;33:so=01;35:do=01;35:bd=40;33;01:cd=40;33;01:or=40;31;01:mi=00:su=37;41:sg=30;43:ca=30;41:tw=30;42:ow=34;42:st=37;44:ex=01;32:*.tar=01;31:*.tgz=01;31:*.arc=01;31:*.arj=01;31:*.taz=01;31:*.lha=01;31:*.lz4=01;31:*.lzh=01;31:*.lzma=01;31:*.tlz=01;31:*.txz=01;31:*.tzo=01;31:*.t7z=01;31:*.zip=01;31:*.z=01;31:*.dz=01;31:*.gz=01;31:*.lrz=01;31:*.lz=01;31:*.lzo=01;31:*.xz=01;31:*.zst=01;31:*.tzst=01;31:*.bz2=01;31:*.bz=01;31:*.tbz=01;31:*.tbz2=01;31:*.tz=01;31:*.deb=01;31:*.rpm=01;31:*.jar=01;31:*.war=01;31:*.ear=01;31:*.sar=01;31:*.rar=01;31:*.alz=01;31:*.ace=01;31:*.zoo=01;31:*.cpio=01;31:*.7z=01;31:*.rz=01;31:*.cab=01;31:*.wim=01;31:*.swm=01;31:*.dwm=01;31:*.esd=01;31:*.jpg=01;35:*.jpeg=01;35:*.mjpg=01;35:*.mjpeg=01;35:*.gif=01;35:*.bmp=01;35:*.pbm=01;35:*.pgm=01;35:*.ppm=01;35:*.tga=01;35:*.xbm=01;35:*.xpm=01;35:*.tif=01;35:*.tiff=01;35:*.png=01;35:*.svg=01;35:*.svgz=01;35:*.mng=01;35:*.pcx=01;35:*.mov=01;35:*.mpg=01;35:*.mpeg=01;35:*.m2v=01;35:*.mkv=01;35:*.webm=01;35:*.webp=01;35:*.ogm=01;35:*.mp4=01;35:*.m4v=01;35:*.mp4v=01;35:*.vob=01;35:*.qt=01;35:*.nuv=01;35:*.wmv=01;35:*.asf=01;35:*.rm=01;35:*.rmvb=01;35:*.flc=01;35:*.avi=01;35:*.fli=01;35:*.flv=01;35:*.gl=01;35:*.dl=01;35:*.xcf=01;35:*.xwd=01;35:*.yuv=01;35:*.cgm=01;35:*.emf=01;35:*.ogv=01;35:*.ogx=01;35:*.aac=00;36:*.au=00;36:*.flac=00;36:*.m4a=00;36:*.mid=00;36:*.midi=00;36:*.mka=00;36:*.mp3=00;36:*.mpc=00;36:*.ogg=00;36:*.ra=00;36:*.wav=00;36:*.oga=00;36:*.opus=00;36:*.spx=00;36:*.xspf=00;36:'), ('GNOME_TERMINAL_SERVICE', ':1.155'), ('SSH_AGENT_LAUNCHER', 'gnome-keyring'), ('SSH_AUTH_SOCK', '/run/user/1000/keyring/ssh'), ('AMENT_PREFIX_PATH', '/home/starry1n/WUTA/WUTA-FSD/ros2_ws/install/wuta_msgs:/opt/ros/humble'), ('SHELL', '/bin/bash'), ('QT_ACCESSIBILITY', '1'), ('GDMSESSION', 'ubuntu'), ('LESSCLOSE', '/usr/bin/lesspipe %s %s'), ('QT_IM_MODULE', 'ibus'), ('PWD', '/home/starry1n/WUTA/WUTA-FSD/ros2_ws/build/detection_fusion'), ('XDG_CONFIG_DIRS', '/etc/xdg/xdg-ubuntu:/etc/xdg'), ('XDG_DATA_DIRS', '/usr/share/ubuntu:/usr/local/share/:/usr/share/:/var/lib/snapd/desktop'), ('PYTHONPATH', '/home/starry1n/WUTA/WUTA-FSD/ros2_ws/install/wuta_msgs/local/lib/python3.10/dist-packages:/opt/ros/humble/lib/python3.10/site-packages:/opt/ros/humble/local/lib/python3.10/dist-packages'), ('COLCON', '1'), ('VTE_VERSION', '6800'), ('CMAKE_PREFIX_PATH', '/home/starry1n/WUTA/WUTA-FSD/ros2_ws/install/wuta_msgs:/opt/ros/humble')]), 'shell': False}
[0.603475] (kiss_icp_wrapper) JobProgress: {'identifier': 'kiss_icp_wrapper', 'progress': 'cmake'}
[0.603578] (-) TimerEvent: {}
[0.605172] (kiss_icp_wrapper) JobProgress: {'identifier': 'kiss_icp_wrapper', 'progress': 'build'}
[0.605226] (kiss_icp_wrapper) Command: {'cmd': ['/usr/bin/cmake', '--build', '/home/starry1n/WUTA/WUTA-FSD/ros2_ws/build/kiss_icp_wrapper', '--', '-j8', '-l8'], 'cwd': '/home/starry1n/WUTA/WUTA-FSD/ros2_ws/build/kiss_icp_wrapper', 'env': OrderedDict([('LESSOPEN', '| /usr/bin/lesspipe %s'), ('LANGUAGE', 'zh_CN:zh'), ('USER', 'starry1n'), ('XDG_SESSION_TYPE', 'wayland'), ('SHLVL', '3'), ('LD_LIBRARY_PATH', '/home/starry1n/WUTA/WUTA-FSD/ros2_ws/install/wuta_msgs/lib:/opt/ros/humble/opt/rviz_ogre_vendor/lib:/opt/ros/humble/lib/x86_64-linux-gnu:/opt/ros/humble/lib'), ('HOME', '/home/starry1n'), ('OLDPWD', '/home/starry1n/WUTA/WUTA-FSD'), ('DESKTOP_SESSION', 'ubuntu'), ('ROS_PYTHON_VERSION', '3'), ('GNOME_SHELL_SESSION_MODE', 'ubuntu'), ('GTK_MODULES', 'gail:atk-bridge'), ('SYSTEMD_EXEC_PID', '2566'), ('DBUS_SESSION_BUS_ADDRESS', 'unix:path=/run/user/1000/bus'), ('COLORTERM', 'truecolor'), ('IM_CONFIG_PHASE', '1'), ('WAYLAND_DISPLAY', 'wayland-0'), ('ROS_DISTRO', 'humble'), ('LOGNAME', 'starry1n'), ('_', '/usr/bin/colcon'), ('ROS_VERSION', '2'), ('XDG_SESSION_CLASS', 'user'), ('USERNAME', 'starry1n'), ('TERM', 'xterm-256color'), ('GNOME_DESKTOP_SESSION_ID', 'this-is-deprecated'), ('ROS_LOCALHOST_ONLY', '0'), ('PATH', '/home/starry1n/.local/bin:/opt/ros/humble/bin:/home/starry1n/.local/bin:/usr/local/sbin:/usr/local/bin:/usr/sbin:/usr/bin:/sbin:/bin:/usr/games:/usr/local/games:/snap/bin:/snap/bin'), ('SESSION_MANAGER', 'local/starry1n-virtual-machine:@/tmp/.ICE-unix/2321,unix/starry1n-virtual-machine:/tmp/.ICE-unix/2321'), ('XDG_MENU_PREFIX', 'gnome-'), ('GNOME_TERMINAL_SCREEN', '/org/gnome/Terminal/screen/948911c1_b87d_475f_a792_006550dcd166'), ('GNOME_SETUP_DISPLAY', ':1'), ('XDG_RUNTIME_DIR', '/run/user/1000'), ('DISPLAY', ':0'), ('LANG', 'zh_CN.UTF-8'), ('XDG_CURRENT_DESKTOP', 'ubuntu:GNOME'), ('XMODIFIERS', '@im=ibus'), ('XDG_SESSION_DESKTOP', 'ubuntu'), ('XAUTHORITY', '/run/user/1000/.mutter-Xwaylandauth.H6FRS3'), ('LS_COLORS', 'rs=0:di=01;34:ln=01;36:mh=00:pi=40;33:so=01;35:do=01;35:bd=40;33;01:cd=40;33;01:or=40;31;01:mi=00:su=37;41:sg=30;43:ca=30;41:tw=30;42:ow=34;42:st=37;44:ex=01;32:*.tar=01;31:*.tgz=01;31:*.arc=01;31:*.arj=01;31:*.taz=01;31:*.lha=01;31:*.lz4=01;31:*.lzh=01;31:*.lzma=01;31:*.tlz=01;31:*.txz=01;31:*.tzo=01;31:*.t7z=01;31:*.zip=01;31:*.z=01;31:*.dz=01;31:*.gz=01;31:*.lrz=01;31:*.lz=01;31:*.lzo=01;31:*.xz=01;31:*.zst=01;31:*.tzst=01;31:*.bz2=01;31:*.bz=01;31:*.tbz=01;31:*.tbz2=01;31:*.tz=01;31:*.deb=01;31:*.rpm=01;31:*.jar=01;31:*.war=01;31:*.ear=01;31:*.sar=01;31:*.rar=01;31:*.alz=01;31:*.ace=01;31:*.zoo=01;31:*.cpio=01;31:*.7z=01;31:*.rz=01;31:*.cab=01;31:*.wim=01;31:*.swm=01;31:*.dwm=01;31:*.esd=01;31:*.jpg=01;35:*.jpeg=01;35:*.mjpg=01;35:*.mjpeg=01;35:*.gif=01;35:*.bmp=01;35:*.pbm=01;35:*.pgm=01;35:*.ppm=01;35:*.tga=01;35:*.xbm=01;35:*.xpm=01;35:*.tif=01;35:*.tiff=01;35:*.png=01;35:*.svg=01;35:*.svgz=01;35:*.mng=01;35:*.pcx=01;35:*.mov=01;35:*.mpg=01;35:*.mpeg=01;35:*.m2v=01;35:*.mkv=01;35:*.webm=01;35:*.webp=01;35:*.ogm=01;35:*.mp4=01;35:*.m4v=01;35:*.mp4v=01;35:*.vob=01;35:*.qt=01;35:*.nuv=01;35:*.wmv=01;35:*.asf=01;35:*.rm=01;35:*.rmvb=01;35:*.flc=01;35:*.avi=01;35:*.fli=01;35:*.flv=01;35:*.gl=01;35:*.dl=01;35:*.xcf=01;35:*.xwd=01;35:*.yuv=01;35:*.cgm=01;35:*.emf=01;35:*.ogv=01;35:*.ogx=01;35:*.aac=00;36:*.au=00;36:*.flac=00;36:*.m4a=00;36:*.mid=00;36:*.midi=00;36:*.mka=00;36:*.mp3=00;36:*.mpc=00;36:*.ogg=00;36:*.ra=00;36:*.wav=00;36:*.oga=00;36:*.opus=00;36:*.spx=00;36:*.xspf=00;36:'), ('GNOME_TERMINAL_SERVICE', ':1.155'), ('SSH_AGENT_LAUNCHER', 'gnome-keyring'), ('SSH_AUTH_SOCK', '/run/user/1000/keyring/ssh'), ('AMENT_PREFIX_PATH', '/home/starry1n/WUTA/WUTA-FSD/ros2_ws/install/wuta_msgs:/opt/ros/humble'), ('SHELL', '/bin/bash'), ('QT_ACCESSIBILITY', '1'), ('GDMSESSION', 'ubuntu'), ('LESSCLOSE', '/usr/bin/lesspipe %s %s'), ('QT_IM_MODULE', 'ibus'), ('PWD', '/home/starry1n/WUTA/WUTA-FSD/ros2_ws/build/kiss_icp_wrapper'), ('XDG_CONFIG_DIRS', '/etc/xdg/xdg-ubuntu:/etc/xdg'), ('XDG_DATA_DIRS', '/usr/share/ubuntu:/usr/local/share/:/usr/share/:/var/lib/snapd/desktop'), ('PYTHONPATH', '/home/starry1n/WUTA/WUTA-FSD/ros2_ws/install/wuta_msgs/local/lib/python3.10/dist-packages:/opt/ros/humble/lib/python3.10/site-packages:/opt/ros/humble/local/lib/python3.10/dist-packages'), ('COLCON', '1'), ('VTE_VERSION', '6800'), ('CMAKE_PREFIX_PATH', '/home/starry1n/WUTA/WUTA-FSD/ros2_ws/install/wuta_msgs:/opt/ros/humble')]), 'shell': False}
[0.606777] (lidar_detection) JobProgress: {'identifier': 'lidar_detection', 'progress': 'cmake'}
[0.606824] (lidar_detection) JobProgress: {'identifier': 'lidar_detection', 'progress': 'build'}
[0.608748] (lidar_detection) Command: {'cmd': ['/usr/bin/cmake', '--build', '/home/starry1n/WUTA/WUTA-FSD/ros2_ws/build/lidar_detection', '--', '-j8', '-l8'], 'cwd': '/home/starry1n/WUTA/WUTA-FSD/ros2_ws/build/lidar_detection', 'env': OrderedDict([('LESSOPEN', '| /usr/bin/lesspipe %s'), ('LANGUAGE', 'zh_CN:zh'), ('USER', 'starry1n'), ('XDG_SESSION_TYPE', 'wayland'), ('SHLVL', '3'), ('LD_LIBRARY_PATH', '/home/starry1n/WUTA/WUTA-FSD/ros2_ws/install/wuta_msgs/lib:/opt/ros/humble/opt/rviz_ogre_vendor/lib:/opt/ros/humble/lib/x86_64-linux-gnu:/opt/ros/humble/lib'), ('HOME', '/home/starry1n'), ('OLDPWD', '/home/starry1n/WUTA/WUTA-FSD'), ('DESKTOP_SESSION', 'ubuntu'), ('ROS_PYTHON_VERSION', '3'), ('GNOME_SHELL_SESSION_MODE', 'ubuntu'), ('GTK_MODULES', 'gail:atk-bridge'), ('SYSTEMD_EXEC_PID', '2566'), ('DBUS_SESSION_BUS_ADDRESS', 'unix:path=/run/user/1000/bus'), ('COLORTERM', 'truecolor'), ('IM_CONFIG_PHASE', '1'), ('WAYLAND_DISPLAY', 'wayland-0'), ('ROS_DISTRO', 'humble'), ('LOGNAME', 'starry1n'), ('_', '/usr/bin/colcon'), ('ROS_VERSION', '2'), ('XDG_SESSION_CLASS', 'user'), ('USERNAME', 'starry1n'), ('TERM', 'xterm-256color'), ('GNOME_DESKTOP_SESSION_ID', 'this-is-deprecated'), ('ROS_LOCALHOST_ONLY', '0'), ('PATH', '/home/starry1n/.local/bin:/opt/ros/humble/bin:/home/starry1n/.local/bin:/usr/local/sbin:/usr/local/bin:/usr/sbin:/usr/bin:/sbin:/bin:/usr/games:/usr/local/games:/snap/bin:/snap/bin'), ('SESSION_MANAGER', 'local/starry1n-virtual-machine:@/tmp/.ICE-unix/2321,unix/starry1n-virtual-machine:/tmp/.ICE-unix/2321'), ('XDG_MENU_PREFIX', 'gnome-'), ('GNOME_TERMINAL_SCREEN', '/org/gnome/Terminal/screen/948911c1_b87d_475f_a792_006550dcd166'), ('GNOME_SETUP_DISPLAY', ':1'), ('XDG_RUNTIME_DIR', '/run/user/1000'), ('DISPLAY', ':0'), ('LANG', 'zh_CN.UTF-8'), ('XDG_CURRENT_DESKTOP', 'ubuntu:GNOME'), ('XMODIFIERS', '@im=ibus'), ('XDG_SESSION_DESKTOP', 'ubuntu'), ('XAUTHORITY', '/run/user/1000/.mutter-Xwaylandauth.H6FRS3'), ('LS_COLORS', 'rs=0:di=01;34:ln=01;36:mh=00:pi=40;33:so=01;35:do=01;35:bd=40;33;01:cd=40;33;01:or=40;31;01:mi=00:su=37;41:sg=30;43:ca=30;41:tw=30;42:ow=34;42:st=37;44:ex=01;32:*.tar=01;31:*.tgz=01;31:*.arc=01;31:*.arj=01;31:*.taz=01;31:*.lha=01;31:*.lz4=01;31:*.lzh=01;31:*.lzma=01;31:*.tlz=01;31:*.txz=01;31:*.tzo=01;31:*.t7z=01;31:*.zip=01;31:*.z=01;31:*.dz=01;31:*.gz=01;31:*.lrz=01;31:*.lz=01;31:*.lzo=01;31:*.xz=01;31:*.zst=01;31:*.tzst=01;31:*.bz2=01;31:*.bz=01;31:*.tbz=01;31:*.tbz2=01;31:*.tz=01;31:*.deb=01;31:*.rpm=01;31:*.jar=01;31:*.war=01;31:*.ear=01;31:*.sar=01;31:*.rar=01;31:*.alz=01;31:*.ace=01;31:*.zoo=01;31:*.cpio=01;31:*.7z=01;31:*.rz=01;31:*.cab=01;31:*.wim=01;31:*.swm=01;31:*.dwm=01;31:*.esd=01;31:*.jpg=01;35:*.jpeg=01;35:*.mjpg=01;35:*.mjpeg=01;35:*.gif=01;35:*.bmp=01;35:*.pbm=01;35:*.pgm=01;35:*.ppm=01;35:*.tga=01;35:*.xbm=01;35:*.xpm=01;35:*.tif=01;35:*.tiff=01;35:*.png=01;35:*.svg=01;35:*.svgz=01;35:*.mng=01;35:*.pcx=01;35:*.mov=01;35:*.mpg=01;35:*.mpeg=01;35:*.m2v=01;35:*.mkv=01;35:*.webm=01;35:*.webp=01;35:*.ogm=01;35:*.mp4=01;35:*.m4v=01;35:*.mp4v=01;35:*.vob=01;35:*.qt=01;35:*.nuv=01;35:*.wmv=01;35:*.asf=01;35:*.rm=01;35:*.rmvb=01;35:*.flc=01;35:*.avi=01;35:*.fli=01;35:*.flv=01;35:*.gl=01;35:*.dl=01;35:*.xcf=01;35:*.xwd=01;35:*.yuv=01;35:*.cgm=01;35:*.emf=01;35:*.ogv=01;35:*.ogx=01;35:*.aac=00;36:*.au=00;36:*.flac=00;36:*.m4a=00;36:*.mid=00;36:*.midi=00;36:*.mka=00;36:*.mp3=00;36:*.mpc=00;36:*.ogg=00;36:*.ra=00;36:*.wav=00;36:*.oga=00;36:*.opus=00;36:*.spx=00;36:*.xspf=00;36:'), ('GNOME_TERMINAL_SERVICE', ':1.155'), ('SSH_AGENT_LAUNCHER', 'gnome-keyring'), ('SSH_AUTH_SOCK', '/run/user/1000/keyring/ssh'), ('AMENT_PREFIX_PATH', '/home/starry1n/WUTA/WUTA-FSD/ros2_ws/install/wuta_msgs:/opt/ros/humble'), ('SHELL', '/bin/bash'), ('QT_ACCESSIBILITY', '1'), ('GDMSESSION', 'ubuntu'), ('LESSCLOSE', '/usr/bin/lesspipe %s %s'), ('QT_IM_MODULE', 'ibus'), ('PWD', '/home/starry1n/WUTA/WUTA-FSD/ros2_ws/build/lidar_detection'), ('XDG_CONFIG_DIRS', '/etc/xdg/xdg-ubuntu:/etc/xdg'), ('XDG_DATA_DIRS', '/usr/share/ubuntu:/usr/local/share/:/usr/share/:/var/lib/snapd/desktop'), ('PYTHONPATH', '/home/starry1n/WUTA/WUTA-FSD/ros2_ws/install/wuta_msgs/local/lib/python3.10/dist-packages:/opt/ros/humble/lib/python3.10/site-packages:/opt/ros/humble/local/lib/python3.10/dist-packages'), ('COLCON', '1'), ('VTE_VERSION', '6800'), ('CMAKE_PREFIX_PATH', '/home/starry1n/WUTA/WUTA-FSD/ros2_ws/install/wuta_msgs:/opt/ros/humble')]), 'shell': False}
[0.614578] (localization_manager) JobProgress: {'identifier': 'localization_manager', 'progress': 'cmake'}
[0.615786] (localization_manager) JobProgress: {'identifier': 'localization_manager', 'progress': 'build'}
[0.616848] (localization_manager) Command: {'cmd': ['/usr/bin/cmake', '--build', '/home/starry1n/WUTA/WUTA-FSD/ros2_ws/build/localization_manager', '--', '-j8', '-l8'], 'cwd': '/home/starry1n/WUTA/WUTA-FSD/ros2_ws/build/localization_manager', 'env': OrderedDict([('LESSOPEN', '| /usr/bin/lesspipe %s'), ('LANGUAGE', 'zh_CN:zh'), ('USER', 'starry1n'), ('XDG_SESSION_TYPE', 'wayland'), ('SHLVL', '3'), ('LD_LIBRARY_PATH', '/home/starry1n/WUTA/WUTA-FSD/ros2_ws/install/wuta_msgs/lib:/home/starry1n/WUTA/WUTA-FSD/ros2_ws/install/robot_localization/lib:/home/starry1n/WUTA/WUTA-FSD/ros2_ws/install/kiss_icp/lib:/opt/ros/humble/opt/rviz_ogre_vendor/lib:/opt/ros/humble/lib/x86_64-linux-gnu:/opt/ros/humble/lib'), ('HOME', '/home/starry1n'), ('OLDPWD', '/home/starry1n/WUTA/WUTA-FSD'), ('DESKTOP_SESSION', 'ubuntu'), ('ROS_PYTHON_VERSION', '3'), ('GNOME_SHELL_SESSION_MODE', 'ubuntu'), ('GTK_MODULES', 'gail:atk-bridge'), ('SYSTEMD_EXEC_PID', '2566'), ('DBUS_SESSION_BUS_ADDRESS', 'unix:path=/run/user/1000/bus'), ('COLORTERM', 'truecolor'), ('IM_CONFIG_PHASE', '1'), ('WAYLAND_DISPLAY', 'wayland-0'), ('ROS_DISTRO', 'humble'), ('LOGNAME', 'starry1n'), ('_', '/usr/bin/colcon'), ('ROS_VERSION', '2'), ('XDG_SESSION_CLASS', 'user'), ('USERNAME', 'starry1n'), ('TERM', 'xterm-256color'), ('GNOME_DESKTOP_SESSION_ID', 'this-is-deprecated'), ('ROS_LOCALHOST_ONLY', '0'), ('PATH', '/home/starry1n/.local/bin:/opt/ros/humble/bin:/home/starry1n/.local/bin:/usr/local/sbin:/usr/local/bin:/usr/sbin:/usr/bin:/sbin:/bin:/usr/games:/usr/local/games:/snap/bin:/snap/bin'), ('SESSION_MANAGER', 'local/starry1n-virtual-machine:@/tmp/.ICE-unix/2321,unix/starry1n-virtual-machine:/tmp/.ICE-unix/2321'), ('XDG_MENU_PREFIX', 'gnome-'), ('GNOME_TERMINAL_SCREEN', '/org/gnome/Terminal/screen/948911c1_b87d_475f_a792_006550dcd166'), ('GNOME_SETUP_DISPLAY', ':1'), ('XDG_RUNTIME_DIR', '/run/user/1000'), ('DISPLAY', ':0'), ('LANG', 'zh_CN.UTF-8'), ('XDG_CURRENT_DESKTOP', 'ubuntu:GNOME'), ('XMODIFIERS', '@im=ibus'), ('XDG_SESSION_DESKTOP', 'ubuntu'), ('XAUTHORITY', '/run/user/1000/.mutter-Xwaylandauth.H6FRS3'), ('LS_COLORS', 'rs=0:di=01;34:ln=01;36:mh=00:pi=40;33:so=01;35:do=01;35:bd=40;33;01:cd=40;33;01:or=40;31;01:mi=00:su=37;41:sg=30;43:ca=30;41:tw=30;42:ow=34;42:st=37;44:ex=01;32:*.tar=01;31:*.tgz=01;31:*.arc=01;31:*.arj=01;31:*.taz=01;31:*.lha=01;31:*.lz4=01;31:*.lzh=01;31:*.lzma=01;31:*.tlz=01;31:*.txz=01;31:*.tzo=01;31:*.t7z=01;31:*.zip=01;31:*.z=01;31:*.dz=01;31:*.gz=01;31:*.lrz=01;31:*.lz=01;31:*.lzo=01;31:*.xz=01;31:*.zst=01;31:*.tzst=01;31:*.bz2=01;31:*.bz=01;31:*.tbz=01;31:*.tbz2=01;31:*.tz=01;31:*.deb=01;31:*.rpm=01;31:*.jar=01;31:*.war=01;31:*.ear=01;31:*.sar=01;31:*.rar=01;31:*.alz=01;31:*.ace=01;31:*.zoo=01;31:*.cpio=01;31:*.7z=01;31:*.rz=01;31:*.cab=01;31:*.wim=01;31:*.swm=01;31:*.dwm=01;31:*.esd=01;31:*.jpg=01;35:*.jpeg=01;35:*.mjpg=01;35:*.mjpeg=01;35:*.gif=01;35:*.bmp=01;35:*.pbm=01;35:*.pgm=01;35:*.ppm=01;35:*.tga=01;35:*.xbm=01;35:*.xpm=01;35:*.tif=01;35:*.tiff=01;35:*.png=01;35:*.svg=01;35:*.svgz=01;35:*.mng=01;35:*.pcx=01;35:*.mov=01;35:*.mpg=01;35:*.mpeg=01;35:*.m2v=01;35:*.mkv=01;35:*.webm=01;35:*.webp=01;35:*.ogm=01;35:*.mp4=01;35:*.m4v=01;35:*.mp4v=01;35:*.vob=01;35:*.qt=01;35:*.nuv=01;35:*.wmv=01;35:*.asf=01;35:*.rm=01;35:*.rmvb=01;35:*.flc=01;35:*.avi=01;35:*.fli=01;35:*.flv=01;35:*.gl=01;35:*.dl=01;35:*.xcf=01;35:*.xwd=01;35:*.yuv=01;35:*.cgm=01;35:*.emf=01;35:*.ogv=01;35:*.ogx=01;35:*.aac=00;36:*.au=00;36:*.flac=00;36:*.m4a=00;36:*.mid=00;36:*.midi=00;36:*.mka=00;36:*.mp3=00;36:*.mpc=00;36:*.ogg=00;36:*.ra=00;36:*.wav=00;36:*.oga=00;36:*.opus=00;36:*.spx=00;36:*.xspf=00;36:'), ('GNOME_TERMINAL_SERVICE', ':1.155'), ('SSH_AGENT_LAUNCHER', 'gnome-keyring'), ('SSH_AUTH_SOCK', '/run/user/1000/keyring/ssh'), ('AMENT_PREFIX_PATH', '/home/starry1n/WUTA/WUTA-FSD/ros2_ws/install/wuta_msgs:/home/starry1n/WUTA/WUTA-FSD/ros2_ws/install/robot_localization:/home/starry1n/WUTA/WUTA-FSD/ros2_ws/install/kiss_icp:/opt/ros/humble'), ('SHELL', '/bin/bash'), ('QT_ACCESSIBILITY', '1'), ('GDMSESSION', 'ubuntu'), ('LESSCLOSE', '/usr/bin/lesspipe %s %s'), ('QT_IM_MODULE', 'ibus'), ('PWD', '/home/starry1n/WUTA/WUTA-FSD/ros2_ws/build/localization_manager'), ('XDG_CONFIG_DIRS', '/etc/xdg/xdg-ubuntu:/etc/xdg'), ('XDG_DATA_DIRS', '/usr/share/ubuntu:/usr/local/share/:/usr/share/:/var/lib/snapd/desktop'), ('PYTHONPATH', '/home/starry1n/WUTA/WUTA-FSD/ros2_ws/install/wuta_msgs/local/lib/python3.10/dist-packages:/home/starry1n/WUTA/WUTA-FSD/ros2_ws/install/robot_localization/local/lib/python3.10/dist-packages:/opt/ros/humble/lib/python3.10/site-packages:/opt/ros/humble/local/lib/python3.10/dist-packages'), ('COLCON', '1'), ('VTE_VERSION', '6800'), ('CMAKE_PREFIX_PATH', '/home/starry1n/WUTA/WUTA-FSD/ros2_ws/install/wuta_msgs:/home/starry1n/WUTA/WUTA-FSD/ros2_ws/install/robot_localization:/home/starry1n/WUTA/WUTA-FSD/ros2_ws/install/kiss_icp:/opt/ros/humble')]), 'shell': False}
[0.631869] (camera_detection) CommandEnded: {'returncode': 0}
[0.636457] (camera_detection) JobProgress: {'identifier': 'camera_detection', 'progress': 'install'}
[0.636554] (camera_detection) Command: {'cmd': ['/usr/bin/cmake', '--install', '/home/starry1n/WUTA/WUTA-FSD/ros2_ws/build/camera_detection'], 'cwd': '/home/starry1n/WUTA/WUTA-FSD/ros2_ws/build/camera_detection', 'env': OrderedDict([('LESSOPEN', '| /usr/bin/lesspipe %s'), ('LANGUAGE', 'zh_CN:zh'), ('USER', 'starry1n'), ('XDG_SESSION_TYPE', 'wayland'), ('SHLVL', '3'), ('LD_LIBRARY_PATH', '/home/starry1n/WUTA/WUTA-FSD/ros2_ws/install/wuta_msgs/lib:/opt/ros/humble/opt/rviz_ogre_vendor/lib:/opt/ros/humble/lib/x86_64-linux-gnu:/opt/ros/humble/lib'), ('HOME', '/home/starry1n'), ('OLDPWD', '/home/starry1n/WUTA/WUTA-FSD'), ('DESKTOP_SESSION', 'ubuntu'), ('ROS_PYTHON_VERSION', '3'), ('GNOME_SHELL_SESSION_MODE', 'ubuntu'), ('GTK_MODULES', 'gail:atk-bridge'), ('SYSTEMD_EXEC_PID', '2566'), ('DBUS_SESSION_BUS_ADDRESS', 'unix:path=/run/user/1000/bus'), ('COLORTERM', 'truecolor'), ('IM_CONFIG_PHASE', '1'), ('WAYLAND_DISPLAY', 'wayland-0'), ('ROS_DISTRO', 'humble'), ('LOGNAME', 'starry1n'), ('_', '/usr/bin/colcon'), ('ROS_VERSION', '2'), ('XDG_SESSION_CLASS', 'user'), ('USERNAME', 'starry1n'), ('TERM', 'xterm-256color'), ('GNOME_DESKTOP_SESSION_ID', 'this-is-deprecated'), ('ROS_LOCALHOST_ONLY', '0'), ('PATH', '/home/starry1n/.local/bin:/opt/ros/humble/bin:/home/starry1n/.local/bin:/usr/local/sbin:/usr/local/bin:/usr/sbin:/usr/bin:/sbin:/bin:/usr/games:/usr/local/games:/snap/bin:/snap/bin'), ('SESSION_MANAGER', 'local/starry1n-virtual-machine:@/tmp/.ICE-unix/2321,unix/starry1n-virtual-machine:/tmp/.ICE-unix/2321'), ('XDG_MENU_PREFIX', 'gnome-'), ('GNOME_TERMINAL_SCREEN', '/org/gnome/Terminal/screen/948911c1_b87d_475f_a792_006550dcd166'), ('GNOME_SETUP_DISPLAY', ':1'), ('XDG_RUNTIME_DIR', '/run/user/1000'), ('DISPLAY', ':0'), ('LANG', 'zh_CN.UTF-8'), ('XDG_CURRENT_DESKTOP', 'ubuntu:GNOME'), ('XMODIFIERS', '@im=ibus'), ('XDG_SESSION_DESKTOP', 'ubuntu'), ('XAUTHORITY', '/run/user/1000/.mutter-Xwaylandauth.H6FRS3'), ('LS_COLORS', 'rs=0:di=01;34:ln=01;36:mh=00:pi=40;33:so=01;35:do=01;35:bd=40;33;01:cd=40;33;01:or=40;31;01:mi=00:su=37;41:sg=30;43:ca=30;41:tw=30;42:ow=34;42:st=37;44:ex=01;32:*.tar=01;31:*.tgz=01;31:*.arc=01;31:*.arj=01;31:*.taz=01;31:*.lha=01;31:*.lz4=01;31:*.lzh=01;31:*.lzma=01;31:*.tlz=01;31:*.txz=01;31:*.tzo=01;31:*.t7z=01;31:*.zip=01;31:*.z=01;31:*.dz=01;31:*.gz=01;31:*.lrz=01;31:*.lz=01;31:*.lzo=01;31:*.xz=01;31:*.zst=01;31:*.tzst=01;31:*.bz2=01;31:*.bz=01;31:*.tbz=01;31:*.tbz2=01;31:*.tz=01;31:*.deb=01;31:*.rpm=01;31:*.jar=01;31:*.war=01;31:*.ear=01;31:*.sar=01;31:*.rar=01;31:*.alz=01;31:*.ace=01;31:*.zoo=01;31:*.cpio=01;31:*.7z=01;31:*.rz=01;31:*.cab=01;31:*.wim=01;31:*.swm=01;31:*.dwm=01;31:*.esd=01;31:*.jpg=01;35:*.jpeg=01;35:*.mjpg=01;35:*.mjpeg=01;35:*.gif=01;35:*.bmp=01;35:*.pbm=01;35:*.pgm=01;35:*.ppm=01;35:*.tga=01;35:*.xbm=01;35:*.xpm=01;35:*.tif=01;35:*.tiff=01;35:*.png=01;35:*.svg=01;35:*.svgz=01;35:*.mng=01;35:*.pcx=01;35:*.mov=01;35:*.mpg=01;35:*.mpeg=01;35:*.m2v=01;35:*.mkv=01;35:*.webm=01;35:*.webp=01;35:*.ogm=01;35:*.mp4=01;35:*.m4v=01;35:*.mp4v=01;35:*.vob=01;35:*.qt=01;35:*.nuv=01;35:*.wmv=01;35:*.asf=01;35:*.rm=01;35:*.rmvb=01;35:*.flc=01;35:*.avi=01;35:*.fli=01;35:*.flv=01;35:*.gl=01;35:*.dl=01;35:*.xcf=01;35:*.xwd=01;35:*.yuv=01;35:*.cgm=01;35:*.emf=01;35:*.ogv=01;35:*.ogx=01;35:*.aac=00;36:*.au=00;36:*.flac=00;36:*.m4a=00;36:*.mid=00;36:*.midi=00;36:*.mka=00;36:*.mp3=00;36:*.mpc=00;36:*.ogg=00;36:*.ra=00;36:*.wav=00;36:*.oga=00;36:*.opus=00;36:*.spx=00;36:*.xspf=00;36:'), ('GNOME_TERMINAL_SERVICE', ':1.155'), ('SSH_AGENT_LAUNCHER', 'gnome-keyring'), ('SSH_AUTH_SOCK', '/run/user/1000/keyring/ssh'), ('AMENT_PREFIX_PATH', '/home/starry1n/WUTA/WUTA-FSD/ros2_ws/install/wuta_msgs:/opt/ros/humble'), ('SHELL', '/bin/bash'), ('QT_ACCESSIBILITY', '1'), ('GDMSESSION', 'ubuntu'), ('LESSCLOSE', '/usr/bin/lesspipe %s %s'), ('QT_IM_MODULE', 'ibus'), ('PWD', '/home/starry1n/WUTA/WUTA-FSD/ros2_ws/build/camera_detection'), ('XDG_CONFIG_DIRS', '/etc/xdg/xdg-ubuntu:/etc/xdg'), ('XDG_DATA_DIRS', '/usr/share/ubuntu:/usr/local/share/:/usr/share/:/var/lib/snapd/desktop'), ('PYTHONPATH', '/home/starry1n/WUTA/WUTA-FSD/ros2_ws/install/wuta_msgs/local/lib/python3.10/dist-packages:/opt/ros/humble/lib/python3.10/site-packages:/opt/ros/humble/local/lib/python3.10/dist-packages'), ('COLCON', '1'), ('VTE_VERSION', '6800'), ('CMAKE_PREFIX_PATH', '/home/starry1n/WUTA/WUTA-FSD/ros2_ws/install/wuta_msgs:/opt/ros/humble')]), 'shell': False}
[0.646472] (boundary_detector) StdoutLine: {'line': b'[ 87%] Built target pathplanning\n'}
[0.647568] (cone_map_builder) StdoutLine: {'line': b'[100%] Built target cone_map_builder_node\n'}
[0.651602] (detection_fusion) CommandEnded: {'returncode': 0}
[0.653512] (detection_fusion) JobProgress: {'identifier': 'detection_fusion', 'progress': 'install'}
[0.653558] (detection_fusion) Command: {'cmd': ['/usr/bin/cmake', '--install', '/home/starry1n/WUTA/WUTA-FSD/ros2_ws/build/detection_fusion'], 'cwd': '/home/starry1n/WUTA/WUTA-FSD/ros2_ws/build/detection_fusion', 'env': OrderedDict([('LESSOPEN', '| /usr/bin/lesspipe %s'), ('LANGUAGE', 'zh_CN:zh'), ('USER', 'starry1n'), ('XDG_SESSION_TYPE', 'wayland'), ('SHLVL', '3'), ('LD_LIBRARY_PATH', '/home/starry1n/WUTA/WUTA-FSD/ros2_ws/install/wuta_msgs/lib:/opt/ros/humble/opt/rviz_ogre_vendor/lib:/opt/ros/humble/lib/x86_64-linux-gnu:/opt/ros/humble/lib'), ('HOME', '/home/starry1n'), ('OLDPWD', '/home/starry1n/WUTA/WUTA-FSD'), ('DESKTOP_SESSION', 'ubuntu'), ('ROS_PYTHON_VERSION', '3'), ('GNOME_SHELL_SESSION_MODE', 'ubuntu'), ('GTK_MODULES', 'gail:atk-bridge'), ('SYSTEMD_EXEC_PID', '2566'), ('DBUS_SESSION_BUS_ADDRESS', 'unix:path=/run/user/1000/bus'), ('COLORTERM', 'truecolor'), ('IM_CONFIG_PHASE', '1'), ('WAYLAND_DISPLAY', 'wayland-0'), ('ROS_DISTRO', 'humble'), ('LOGNAME', 'starry1n'), ('_', '/usr/bin/colcon'), ('ROS_VERSION', '2'), ('XDG_SESSION_CLASS', 'user'), ('USERNAME', 'starry1n'), ('TERM', 'xterm-256color'), ('GNOME_DESKTOP_SESSION_ID', 'this-is-deprecated'), ('ROS_LOCALHOST_ONLY', '0'), ('PATH', '/home/starry1n/.local/bin:/opt/ros/humble/bin:/home/starry1n/.local/bin:/usr/local/sbin:/usr/local/bin:/usr/sbin:/usr/bin:/sbin:/bin:/usr/games:/usr/local/games:/snap/bin:/snap/bin'), ('SESSION_MANAGER', 'local/starry1n-virtual-machine:@/tmp/.ICE-unix/2321,unix/starry1n-virtual-machine:/tmp/.ICE-unix/2321'), ('XDG_MENU_PREFIX', 'gnome-'), ('GNOME_TERMINAL_SCREEN', '/org/gnome/Terminal/screen/948911c1_b87d_475f_a792_006550dcd166'), ('GNOME_SETUP_DISPLAY', ':1'), ('XDG_RUNTIME_DIR', '/run/user/1000'), ('DISPLAY', ':0'), ('LANG', 'zh_CN.UTF-8'), ('XDG_CURRENT_DESKTOP', 'ubuntu:GNOME'), ('XMODIFIERS', '@im=ibus'), ('XDG_SESSION_DESKTOP', 'ubuntu'), ('XAUTHORITY', '/run/user/1000/.mutter-Xwaylandauth.H6FRS3'), ('LS_COLORS', 'rs=0:di=01;34:ln=01;36:mh=00:pi=40;33:so=01;35:do=01;35:bd=40;33;01:cd=40;33;01:or=40;31;01:mi=00:su=37;41:sg=30;43:ca=30;41:tw=30;42:ow=34;42:st=37;44:ex=01;32:*.tar=01;31:*.tgz=01;31:*.arc=01;31:*.arj=01;31:*.taz=01;31:*.lha=01;31:*.lz4=01;31:*.lzh=01;31:*.lzma=01;31:*.tlz=01;31:*.txz=01;31:*.tzo=01;31:*.t7z=01;31:*.zip=01;31:*.z=01;31:*.dz=01;31:*.gz=01;31:*.lrz=01;31:*.lz=01;31:*.lzo=01;31:*.xz=01;31:*.zst=01;31:*.tzst=01;31:*.bz2=01;31:*.bz=01;31:*.tbz=01;31:*.tbz2=01;31:*.tz=01;31:*.deb=01;31:*.rpm=01;31:*.jar=01;31:*.war=01;31:*.ear=01;31:*.sar=01;31:*.rar=01;31:*.alz=01;31:*.ace=01;31:*.zoo=01;31:*.cpio=01;31:*.7z=01;31:*.rz=01;31:*.cab=01;31:*.wim=01;31:*.swm=01;31:*.dwm=01;31:*.esd=01;31:*.jpg=01;35:*.jpeg=01;35:*.mjpg=01;35:*.mjpeg=01;35:*.gif=01;35:*.bmp=01;35:*.pbm=01;35:*.pgm=01;35:*.ppm=01;35:*.tga=01;35:*.xbm=01;35:*.xpm=01;35:*.tif=01;35:*.tiff=01;35:*.png=01;35:*.svg=01;35:*.svgz=01;35:*.mng=01;35:*.pcx=01;35:*.mov=01;35:*.mpg=01;35:*.mpeg=01;35:*.m2v=01;35:*.mkv=01;35:*.webm=01;35:*.webp=01;35:*.ogm=01;35:*.mp4=01;35:*.m4v=01;35:*.mp4v=01;35:*.vob=01;35:*.qt=01;35:*.nuv=01;35:*.wmv=01;35:*.asf=01;35:*.rm=01;35:*.rmvb=01;35:*.flc=01;35:*.avi=01;35:*.fli=01;35:*.flv=01;35:*.gl=01;35:*.dl=01;35:*.xcf=01;35:*.xwd=01;35:*.yuv=01;35:*.cgm=01;35:*.emf=01;35:*.ogv=01;35:*.ogx=01;35:*.aac=00;36:*.au=00;36:*.flac=00;36:*.m4a=00;36:*.mid=00;36:*.midi=00;36:*.mka=00;36:*.mp3=00;36:*.mpc=00;36:*.ogg=00;36:*.ra=00;36:*.wav=00;36:*.oga=00;36:*.opus=00;36:*.spx=00;36:*.xspf=00;36:'), ('GNOME_TERMINAL_SERVICE', ':1.155'), ('SSH_AGENT_LAUNCHER', 'gnome-keyring'), ('SSH_AUTH_SOCK', '/run/user/1000/keyring/ssh'), ('AMENT_PREFIX_PATH', '/home/starry1n/WUTA/WUTA-FSD/ros2_ws/install/wuta_msgs:/opt/ros/humble'), ('SHELL', '/bin/bash'), ('QT_ACCESSIBILITY', '1'), ('GDMSESSION', 'ubuntu'), ('LESSCLOSE', '/usr/bin/lesspipe %s %s'), ('QT_IM_MODULE', 'ibus'), ('PWD', '/home/starry1n/WUTA/WUTA-FSD/ros2_ws/build/detection_fusion'), ('XDG_CONFIG_DIRS', '/etc/xdg/xdg-ubuntu:/etc/xdg'), ('XDG_DATA_DIRS', '/usr/share/ubuntu:/usr/local/share/:/usr/share/:/var/lib/snapd/desktop'), ('PYTHONPATH', '/home/starry1n/WUTA/WUTA-FSD/ros2_ws/install/wuta_msgs/local/lib/python3.10/dist-packages:/opt/ros/humble/lib/python3.10/site-packages:/opt/ros/humble/local/lib/python3.10/dist-packages'), ('COLCON', '1'), ('VTE_VERSION', '6800'), ('CMAKE_PREFIX_PATH', '/home/starry1n/WUTA/WUTA-FSD/ros2_ws/install/wuta_msgs:/opt/ros/humble')]), 'shell': False}
[0.660974] (kiss_icp_wrapper) CommandEnded: {'returncode': 0}
[0.662017] (camera_detection) StdoutLine: {'line': b'-- Install configuration: ""\n'}
[0.662174] (camera_detection) StdoutLine: {'line': b'-- Execute custom install script\n'}
[0.662237] (camera_detection) StdoutLine: {'line': b'-- Up-to-date symlink: /home/starry1n/WUTA/WUTA-FSD/ros2_ws/install/camera_detection/share/ament_index/resource_index/package_run_dependencies/camera_detection\n'}
[0.662297] (camera_detection) StdoutLine: {'line': b'-- Up-to-date symlink: /home/starry1n/WUTA/WUTA-FSD/ros2_ws/install/camera_detection/share/ament_index/resource_index/parent_prefix_path/camera_detection\n'}
[0.662818] (camera_detection) StdoutLine: {'line': b'-- Up-to-date symlink: /home/starry1n/WUTA/WUTA-FSD/ros2_ws/install/camera_detection/share/camera_detection/environment/ament_prefix_path.sh\n'}
[0.666522] (camera_detection) StdoutLine: {'line': b'-- Up-to-date symlink: /home/starry1n/WUTA/WUTA-FSD/ros2_ws/install/camera_detection/share/camera_detection/environment/ament_prefix_path.dsv\n'}
[0.666632] (camera_detection) StdoutLine: {'line': b'-- Up-to-date symlink: /home/starry1n/WUTA/WUTA-FSD/ros2_ws/install/camera_detection/share/camera_detection/environment/path.sh\n'}
[0.666691] (camera_detection) StdoutLine: {'line': b'-- Up-to-date symlink: /home/starry1n/WUTA/WUTA-FSD/ros2_ws/install/camera_detection/share/camera_detection/environment/path.dsv\n'}
[0.666722] (camera_detection) StdoutLine: {'line': b'-- Up-to-date symlink: /home/starry1n/WUTA/WUTA-FSD/ros2_ws/install/camera_detection/share/camera_detection/local_setup.bash\n'}
[0.666751] (camera_detection) StdoutLine: {'line': b'-- Up-to-date symlink: /home/starry1n/WUTA/WUTA-FSD/ros2_ws/install/camera_detection/share/camera_detection/local_setup.sh\n'}
[0.666946] (camera_detection) StdoutLine: {'line': b'-- Up-to-date symlink: /home/starry1n/WUTA/WUTA-FSD/ros2_ws/install/camera_detection/share/camera_detection/local_setup.zsh\n'}
[0.667662] (camera_detection) StdoutLine: {'line': b'-- Up-to-date symlink: /home/starry1n/WUTA/WUTA-FSD/ros2_ws/install/camera_detection/share/camera_detection/local_setup.dsv\n'}
[0.667793] (camera_detection) StdoutLine: {'line': b'-- Symlinking: /home/starry1n/WUTA/WUTA-FSD/ros2_ws/install/camera_detection/share/camera_detection/package.dsv\n'}
[0.667908] (camera_detection) StdoutLine: {'line': b'-- Up-to-date symlink: /home/starry1n/WUTA/WUTA-FSD/ros2_ws/install/camera_detection/share/ament_index/resource_index/packages/camera_detection\n'}
[0.668003] (camera_detection) StdoutLine: {'line': b'-- Up-to-date symlink: /home/starry1n/WUTA/WUTA-FSD/ros2_ws/install/camera_detection/share/camera_detection/cmake/camera_detectionConfig.cmake\n'}
[0.668046] (camera_detection) StdoutLine: {'line': b'-- Up-to-date symlink: /home/starry1n/WUTA/WUTA-FSD/ros2_ws/install/camera_detection/share/camera_detection/cmake/camera_detectionConfig-version.cmake\n'}
[0.668077] (camera_detection) StdoutLine: {'line': b'-- Up-to-date symlink: /home/starry1n/WUTA/WUTA-FSD/ros2_ws/install/camera_detection/share/camera_detection/package.xml\n'}
[0.668109] (kiss_icp_wrapper) JobProgress: {'identifier': 'kiss_icp_wrapper', 'progress': 'install'}
[0.668123] (kiss_icp_wrapper) Command: {'cmd': ['/usr/bin/cmake', '--install', '/home/starry1n/WUTA/WUTA-FSD/ros2_ws/build/kiss_icp_wrapper'], 'cwd': '/home/starry1n/WUTA/WUTA-FSD/ros2_ws/build/kiss_icp_wrapper', 'env': OrderedDict([('LESSOPEN', '| /usr/bin/lesspipe %s'), ('LANGUAGE', 'zh_CN:zh'), ('USER', 'starry1n'), ('XDG_SESSION_TYPE', 'wayland'), ('SHLVL', '3'), ('LD_LIBRARY_PATH', '/home/starry1n/WUTA/WUTA-FSD/ros2_ws/install/wuta_msgs/lib:/opt/ros/humble/opt/rviz_ogre_vendor/lib:/opt/ros/humble/lib/x86_64-linux-gnu:/opt/ros/humble/lib'), ('HOME', '/home/starry1n'), ('OLDPWD', '/home/starry1n/WUTA/WUTA-FSD'), ('DESKTOP_SESSION', 'ubuntu'), ('ROS_PYTHON_VERSION', '3'), ('GNOME_SHELL_SESSION_MODE', 'ubuntu'), ('GTK_MODULES', 'gail:atk-bridge'), ('SYSTEMD_EXEC_PID', '2566'), ('DBUS_SESSION_BUS_ADDRESS', 'unix:path=/run/user/1000/bus'), ('COLORTERM', 'truecolor'), ('IM_CONFIG_PHASE', '1'), ('WAYLAND_DISPLAY', 'wayland-0'), ('ROS_DISTRO', 'humble'), ('LOGNAME', 'starry1n'), ('_', '/usr/bin/colcon'), ('ROS_VERSION', '2'), ('XDG_SESSION_CLASS', 'user'), ('USERNAME', 'starry1n'), ('TERM', 'xterm-256color'), ('GNOME_DESKTOP_SESSION_ID', 'this-is-deprecated'), ('ROS_LOCALHOST_ONLY', '0'), ('PATH', '/home/starry1n/.local/bin:/opt/ros/humble/bin:/home/starry1n/.local/bin:/usr/local/sbin:/usr/local/bin:/usr/sbin:/usr/bin:/sbin:/bin:/usr/games:/usr/local/games:/snap/bin:/snap/bin'), ('SESSION_MANAGER', 'local/starry1n-virtual-machine:@/tmp/.ICE-unix/2321,unix/starry1n-virtual-machine:/tmp/.ICE-unix/2321'), ('XDG_MENU_PREFIX', 'gnome-'), ('GNOME_TERMINAL_SCREEN', '/org/gnome/Terminal/screen/948911c1_b87d_475f_a792_006550dcd166'), ('GNOME_SETUP_DISPLAY', ':1'), ('XDG_RUNTIME_DIR', '/run/user/1000'), ('DISPLAY', ':0'), ('LANG', 'zh_CN.UTF-8'), ('XDG_CURRENT_DESKTOP', 'ubuntu:GNOME'), ('XMODIFIERS', '@im=ibus'), ('XDG_SESSION_DESKTOP', 'ubuntu'), ('XAUTHORITY', '/run/user/1000/.mutter-Xwaylandauth.H6FRS3'), ('LS_COLORS', 'rs=0:di=01;34:ln=01;36:mh=00:pi=40;33:so=01;35:do=01;35:bd=40;33;01:cd=40;33;01:or=40;31;01:mi=00:su=37;41:sg=30;43:ca=30;41:tw=30;42:ow=34;42:st=37;44:ex=01;32:*.tar=01;31:*.tgz=01;31:*.arc=01;31:*.arj=01;31:*.taz=01;31:*.lha=01;31:*.lz4=01;31:*.lzh=01;31:*.lzma=01;31:*.tlz=01;31:*.txz=01;31:*.tzo=01;31:*.t7z=01;31:*.zip=01;31:*.z=01;31:*.dz=01;31:*.gz=01;31:*.lrz=01;31:*.lz=01;31:*.lzo=01;31:*.xz=01;31:*.zst=01;31:*.tzst=01;31:*.bz2=01;31:*.bz=01;31:*.tbz=01;31:*.tbz2=01;31:*.tz=01;31:*.deb=01;31:*.rpm=01;31:*.jar=01;31:*.war=01;31:*.ear=01;31:*.sar=01;31:*.rar=01;31:*.alz=01;31:*.ace=01;31:*.zoo=01;31:*.cpio=01;31:*.7z=01;31:*.rz=01;31:*.cab=01;31:*.wim=01;31:*.swm=01;31:*.dwm=01;31:*.esd=01;31:*.jpg=01;35:*.jpeg=01;35:*.mjpg=01;35:*.mjpeg=01;35:*.gif=01;35:*.bmp=01;35:*.pbm=01;35:*.pgm=01;35:*.ppm=01;35:*.tga=01;35:*.xbm=01;35:*.xpm=01;35:*.tif=01;35:*.tiff=01;35:*.png=01;35:*.svg=01;35:*.svgz=01;35:*.mng=01;35:*.pcx=01;35:*.mov=01;35:*.mpg=01;35:*.mpeg=01;35:*.m2v=01;35:*.mkv=01;35:*.webm=01;35:*.webp=01;35:*.ogm=01;35:*.mp4=01;35:*.m4v=01;35:*.mp4v=01;35:*.vob=01;35:*.qt=01;35:*.nuv=01;35:*.wmv=01;35:*.asf=01;35:*.rm=01;35:*.rmvb=01;35:*.flc=01;35:*.avi=01;35:*.fli=01;35:*.flv=01;35:*.gl=01;35:*.dl=01;35:*.xcf=01;35:*.xwd=01;35:*.yuv=01;35:*.cgm=01;35:*.emf=01;35:*.ogv=01;35:*.ogx=01;35:*.aac=00;36:*.au=00;36:*.flac=00;36:*.m4a=00;36:*.mid=00;36:*.midi=00;36:*.mka=00;36:*.mp3=00;36:*.mpc=00;36:*.ogg=00;36:*.ra=00;36:*.wav=00;36:*.oga=00;36:*.opus=00;36:*.spx=00;36:*.xspf=00;36:'), ('GNOME_TERMINAL_SERVICE', ':1.155'), ('SSH_AGENT_LAUNCHER', 'gnome-keyring'), ('SSH_AUTH_SOCK', '/run/user/1000/keyring/ssh'), ('AMENT_PREFIX_PATH', '/home/starry1n/WUTA/WUTA-FSD/ros2_ws/install/wuta_msgs:/opt/ros/humble'), ('SHELL', '/bin/bash'), ('QT_ACCESSIBILITY', '1'), ('GDMSESSION', 'ubuntu'), ('LESSCLOSE', '/usr/bin/lesspipe %s %s'), ('QT_IM_MODULE', 'ibus'), ('PWD', '/home/starry1n/WUTA/WUTA-FSD/ros2_ws/build/kiss_icp_wrapper'), ('XDG_CONFIG_DIRS', '/etc/xdg/xdg-ubuntu:/etc/xdg'), ('XDG_DATA_DIRS', '/usr/share/ubuntu:/usr/local/share/:/usr/share/:/var/lib/snapd/desktop'), ('PYTHONPATH', '/home/starry1n/WUTA/WUTA-FSD/ros2_ws/install/wuta_msgs/local/lib/python3.10/dist-packages:/opt/ros/humble/lib/python3.10/site-packages:/opt/ros/humble/local/lib/python3.10/dist-packages'), ('COLCON', '1'), ('VTE_VERSION', '6800'), ('CMAKE_PREFIX_PATH', '/home/starry1n/WUTA/WUTA-FSD/ros2_ws/install/wuta_msgs:/opt/ros/humble')]), 'shell': False}
[0.668690] (detection_fusion) StdoutLine: {'line': b'-- Install configuration: ""\n'}
[0.670304] (detection_fusion) StdoutLine: {'line': b'-- Execute custom install script\n'}
[0.670504] (detection_fusion) StdoutLine: {'line': b'-- Up-to-date symlink: /home/starry1n/WUTA/WUTA-FSD/ros2_ws/install/detection_fusion/share/ament_index/resource_index/package_run_dependencies/detection_fusion\n'}
[0.671160] (detection_fusion) StdoutLine: {'line': b'-- Up-to-date symlink: /home/starry1n/WUTA/WUTA-FSD/ros2_ws/install/detection_fusion/share/ament_index/resource_index/parent_prefix_path/detection_fusion\n'}
[0.671318] (detection_fusion) StdoutLine: {'line': b'-- Up-to-date symlink: /home/starry1n/WUTA/WUTA-FSD/ros2_ws/install/detection_fusion/share/detection_fusion/environment/ament_prefix_path.sh\n'}
[0.671463] (detection_fusion) StdoutLine: {'line': b'-- Up-to-date symlink: /home/starry1n/WUTA/WUTA-FSD/ros2_ws/install/detection_fusion/share/detection_fusion/environment/ament_prefix_path.dsv\n'}
[0.671522] (detection_fusion) StdoutLine: {'line': b'-- Up-to-date symlink: /home/starry1n/WUTA/WUTA-FSD/ros2_ws/install/detection_fusion/share/detection_fusion/environment/path.sh\n'}
[0.671574] (detection_fusion) StdoutLine: {'line': b'-- Up-to-date symlink: /home/starry1n/WUTA/WUTA-FSD/ros2_ws/install/detection_fusion/share/detection_fusion/environment/path.dsv\n'}
[0.671619] (detection_fusion) StdoutLine: {'line': b'-- Up-to-date symlink: /home/starry1n/WUTA/WUTA-FSD/ros2_ws/install/detection_fusion/share/detection_fusion/local_setup.bash\n'}
[0.671826] (detection_fusion) StdoutLine: {'line': b'-- Up-to-date symlink: /home/starry1n/WUTA/WUTA-FSD/ros2_ws/install/detection_fusion/share/detection_fusion/local_setup.sh\n'}
[0.672050] (detection_fusion) StdoutLine: {'line': b'-- Up-to-date symlink: /home/starry1n/WUTA/WUTA-FSD/ros2_ws/install/detection_fusion/share/detection_fusion/local_setup.zsh\n'}
[0.672209] (detection_fusion) StdoutLine: {'line': b'-- Up-to-date symlink: /home/starry1n/WUTA/WUTA-FSD/ros2_ws/install/detection_fusion/share/detection_fusion/local_setup.dsv\n'}
[0.672265] (detection_fusion) StdoutLine: {'line': b'-- Symlinking: /home/starry1n/WUTA/WUTA-FSD/ros2_ws/install/detection_fusion/share/detection_fusion/package.dsv\n'}
[0.672373] (camera_detection) CommandEnded: {'returncode': 0}
[0.673795] (controller) StdoutLine: {'line': b'[100%] Built target controller_node\n'}
[0.674201] (detection_fusion) StdoutLine: {'line': b'-- Up-to-date symlink: /home/starry1n/WUTA/WUTA-FSD/ros2_ws/install/detection_fusion/share/ament_index/resource_index/packages/detection_fusion\n'}
[0.674940] (detection_fusion) StdoutLine: {'line': b'-- Up-to-date symlink: /home/starry1n/WUTA/WUTA-FSD/ros2_ws/install/detection_fusion/share/detection_fusion/cmake/detection_fusionConfig.cmake\n'}
[0.674980] (kiss_icp_wrapper) StdoutLine: {'line': b'-- Install configuration: ""\n'}
[0.675034] (kiss_icp_wrapper) StdoutLine: {'line': b'-- Execute custom install script\n'}
[0.675066] (kiss_icp_wrapper) StdoutLine: {'line': b'-- Up-to-date symlink: /home/starry1n/WUTA/WUTA-FSD/ros2_ws/install/kiss_icp_wrapper/share/kiss_icp_wrapper/config/kiss_icp_hesai128.yaml\n'}
[0.675096] (kiss_icp_wrapper) StdoutLine: {'line': b'-- Up-to-date symlink: /home/starry1n/WUTA/WUTA-FSD/ros2_ws/install/kiss_icp_wrapper/share/ament_index/resource_index/package_run_dependencies/kiss_icp_wrapper\n'}
[0.675127] (kiss_icp_wrapper) StdoutLine: {'line': b'-- Up-to-date symlink: /home/starry1n/WUTA/WUTA-FSD/ros2_ws/install/kiss_icp_wrapper/share/ament_index/resource_index/parent_prefix_path/kiss_icp_wrapper\n'}
[0.675155] (kiss_icp_wrapper) StdoutLine: {'line': b'-- Up-to-date symlink: /home/starry1n/WUTA/WUTA-FSD/ros2_ws/install/kiss_icp_wrapper/share/kiss_icp_wrapper/environment/ament_prefix_path.sh\n'}
[0.675375] (kiss_icp_wrapper) StdoutLine: {'line': b'-- Up-to-date symlink: /home/starry1n/WUTA/WUTA-FSD/ros2_ws/install/kiss_icp_wrapper/share/kiss_icp_wrapper/environment/ament_prefix_path.dsv\n'}
[0.681828] (kiss_icp_wrapper) StdoutLine: {'line': b'-- Up-to-date symlink: /home/starry1n/WUTA/WUTA-FSD/ros2_ws/install/kiss_icp_wrapper/share/kiss_icp_wrapper/environment/path.sh\n'}
[0.682083] (kiss_icp_wrapper) StdoutLine: {'line': b'-- Up-to-date symlink: /home/starry1n/WUTA/WUTA-FSD/ros2_ws/install/kiss_icp_wrapper/share/kiss_icp_wrapper/environment/path.dsv\n'}
[0.682263] (kiss_icp_wrapper) StdoutLine: {'line': b'-- Up-to-date symlink: /home/starry1n/WUTA/WUTA-FSD/ros2_ws/install/kiss_icp_wrapper/share/kiss_icp_wrapper/local_setup.bash\n'}
[0.682419] (kiss_icp_wrapper) StdoutLine: {'line': b'-- Up-to-date symlink: /home/starry1n/WUTA/WUTA-FSD/ros2_ws/install/kiss_icp_wrapper/share/kiss_icp_wrapper/local_setup.sh\n'}
[0.682913] (detection_fusion) StdoutLine: {'line': b'-- Up-to-date symlink: /home/starry1n/WUTA/WUTA-FSD/ros2_ws/install/detection_fusion/share/detection_fusion/cmake/detection_fusionConfig-version.cmake\n'}
[0.683026] (kiss_icp_wrapper) StdoutLine: {'line': b'-- Up-to-date symlink: /home/starry1n/WUTA/WUTA-FSD/ros2_ws/install/kiss_icp_wrapper/share/kiss_icp_wrapper/local_setup.zsh\n'}
[0.683570] (detection_fusion) StdoutLine: {'line': b'-- Up-to-date symlink: /home/starry1n/WUTA/WUTA-FSD/ros2_ws/install/detection_fusion/share/detection_fusion/package.xml\n'}
[0.683785] (kiss_icp_wrapper) StdoutLine: {'line': b'-- Up-to-date symlink: /home/starry1n/WUTA/WUTA-FSD/ros2_ws/install/kiss_icp_wrapper/share/kiss_icp_wrapper/local_setup.dsv\n'}
[0.684526] (kiss_icp_wrapper) StdoutLine: {'line': b'-- Symlinking: /home/starry1n/WUTA/WUTA-FSD/ros2_ws/install/kiss_icp_wrapper/share/kiss_icp_wrapper/package.dsv\n'}
[0.685137] (boundary_detector) StdoutLine: {'line': b'[100%] Built target boundary_detector_node\n'}
[0.685441] (lidar_detection) StdoutLine: {'line': b'[100%] Built target lidar_detection_node\n'}
[0.685871] (kiss_icp_wrapper) StdoutLine: {'line': b'-- Up-to-date symlink: /home/starry1n/WUTA/WUTA-FSD/ros2_ws/install/kiss_icp_wrapper/share/ament_index/resource_index/packages/kiss_icp_wrapper\n'}
[0.685989] (kiss_icp_wrapper) StdoutLine: {'line': b'-- Up-to-date symlink: /home/starry1n/WUTA/WUTA-FSD/ros2_ws/install/kiss_icp_wrapper/share/kiss_icp_wrapper/cmake/kiss_icp_wrapperConfig.cmake\n'}
[0.686088] (kiss_icp_wrapper) StdoutLine: {'line': b'-- Up-to-date symlink: /home/starry1n/WUTA/WUTA-FSD/ros2_ws/install/kiss_icp_wrapper/share/kiss_icp_wrapper/cmake/kiss_icp_wrapperConfig-version.cmake\n'}
[0.686209] (kiss_icp_wrapper) StdoutLine: {'line': b'-- Up-to-date symlink: /home/starry1n/WUTA/WUTA-FSD/ros2_ws/install/kiss_icp_wrapper/share/kiss_icp_wrapper/package.xml\n'}
[0.687043] (localization_manager) StdoutLine: {'line': b'[100%] Built target localization_manager_node\n'}
[0.697528] (camera_detection) JobEnded: {'identifier': 'camera_detection', 'rc': 0}
[0.698980] (mission_manager) JobStarted: {'identifier': 'mission_manager'}
[0.700766] (cone_map_builder) CommandEnded: {'returncode': 0}
[0.701631] (cone_map_builder) JobProgress: {'identifier': 'cone_map_builder', 'progress': 'install'}
[0.702930] (cone_map_builder) Command: {'cmd': ['/usr/bin/cmake', '--install', '/home/starry1n/WUTA/WUTA-FSD/ros2_ws/build/cone_map_builder'], 'cwd': '/home/starry1n/WUTA/WUTA-FSD/ros2_ws/build/cone_map_builder', 'env': OrderedDict([('LESSOPEN', '| /usr/bin/lesspipe %s'), ('LANGUAGE', 'zh_CN:zh'), ('USER', 'starry1n'), ('XDG_SESSION_TYPE', 'wayland'), ('SHLVL', '3'), ('LD_LIBRARY_PATH', '/home/starry1n/WUTA/WUTA-FSD/ros2_ws/install/wuta_msgs/lib:/opt/ros/humble/opt/rviz_ogre_vendor/lib:/opt/ros/humble/lib/x86_64-linux-gnu:/opt/ros/humble/lib'), ('HOME', '/home/starry1n'), ('OLDPWD', '/home/starry1n/WUTA/WUTA-FSD'), ('DESKTOP_SESSION', 'ubuntu'), ('ROS_PYTHON_VERSION', '3'), ('GNOME_SHELL_SESSION_MODE', 'ubuntu'), ('GTK_MODULES', 'gail:atk-bridge'), ('SYSTEMD_EXEC_PID', '2566'), ('DBUS_SESSION_BUS_ADDRESS', 'unix:path=/run/user/1000/bus'), ('COLORTERM', 'truecolor'), ('IM_CONFIG_PHASE', '1'), ('WAYLAND_DISPLAY', 'wayland-0'), ('ROS_DISTRO', 'humble'), ('LOGNAME', 'starry1n'), ('_', '/usr/bin/colcon'), ('ROS_VERSION', '2'), ('XDG_SESSION_CLASS', 'user'), ('USERNAME', 'starry1n'), ('TERM', 'xterm-256color'), ('GNOME_DESKTOP_SESSION_ID', 'this-is-deprecated'), ('ROS_LOCALHOST_ONLY', '0'), ('PATH', '/home/starry1n/.local/bin:/opt/ros/humble/bin:/home/starry1n/.local/bin:/usr/local/sbin:/usr/local/bin:/usr/sbin:/usr/bin:/sbin:/bin:/usr/games:/usr/local/games:/snap/bin:/snap/bin'), ('SESSION_MANAGER', 'local/starry1n-virtual-machine:@/tmp/.ICE-unix/2321,unix/starry1n-virtual-machine:/tmp/.ICE-unix/2321'), ('XDG_MENU_PREFIX', 'gnome-'), ('GNOME_TERMINAL_SCREEN', '/org/gnome/Terminal/screen/948911c1_b87d_475f_a792_006550dcd166'), ('GNOME_SETUP_DISPLAY', ':1'), ('XDG_RUNTIME_DIR', '/run/user/1000'), ('DISPLAY', ':0'), ('LANG', 'zh_CN.UTF-8'), ('XDG_CURRENT_DESKTOP', 'ubuntu:GNOME'), ('XMODIFIERS', '@im=ibus'), ('XDG_SESSION_DESKTOP', 'ubuntu'), ('XAUTHORITY', '/run/user/1000/.mutter-Xwaylandauth.H6FRS3'), ('LS_COLORS', 'rs=0:di=01;34:ln=01;36:mh=00:pi=40;33:so=01;35:do=01;35:bd=40;33;01:cd=40;33;01:or=40;31;01:mi=00:su=37;41:sg=30;43:ca=30;41:tw=30;42:ow=34;42:st=37;44:ex=01;32:*.tar=01;31:*.tgz=01;31:*.arc=01;31:*.arj=01;31:*.taz=01;31:*.lha=01;31:*.lz4=01;31:*.lzh=01;31:*.lzma=01;31:*.tlz=01;31:*.txz=01;31:*.tzo=01;31:*.t7z=01;31:*.zip=01;31:*.z=01;31:*.dz=01;31:*.gz=01;31:*.lrz=01;31:*.lz=01;31:*.lzo=01;31:*.xz=01;31:*.zst=01;31:*.tzst=01;31:*.bz2=01;31:*.bz=01;31:*.tbz=01;31:*.tbz2=01;31:*.tz=01;31:*.deb=01;31:*.rpm=01;31:*.jar=01;31:*.war=01;31:*.ear=01;31:*.sar=01;31:*.rar=01;31:*.alz=01;31:*.ace=01;31:*.zoo=01;31:*.cpio=01;31:*.7z=01;31:*.rz=01;31:*.cab=01;31:*.wim=01;31:*.swm=01;31:*.dwm=01;31:*.esd=01;31:*.jpg=01;35:*.jpeg=01;35:*.mjpg=01;35:*.mjpeg=01;35:*.gif=01;35:*.bmp=01;35:*.pbm=01;35:*.pgm=01;35:*.ppm=01;35:*.tga=01;35:*.xbm=01;35:*.xpm=01;35:*.tif=01;35:*.tiff=01;35:*.png=01;35:*.svg=01;35:*.svgz=01;35:*.mng=01;35:*.pcx=01;35:*.mov=01;35:*.mpg=01;35:*.mpeg=01;35:*.m2v=01;35:*.mkv=01;35:*.webm=01;35:*.webp=01;35:*.ogm=01;35:*.mp4=01;35:*.m4v=01;35:*.mp4v=01;35:*.vob=01;35:*.qt=01;35:*.nuv=01;35:*.wmv=01;35:*.asf=01;35:*.rm=01;35:*.rmvb=01;35:*.flc=01;35:*.avi=01;35:*.fli=01;35:*.flv=01;35:*.gl=01;35:*.dl=01;35:*.xcf=01;35:*.xwd=01;35:*.yuv=01;35:*.cgm=01;35:*.emf=01;35:*.ogv=01;35:*.ogx=01;35:*.aac=00;36:*.au=00;36:*.flac=00;36:*.m4a=00;36:*.mid=00;36:*.midi=00;36:*.mka=00;36:*.mp3=00;36:*.mpc=00;36:*.ogg=00;36:*.ra=00;36:*.wav=00;36:*.oga=00;36:*.opus=00;36:*.spx=00;36:*.xspf=00;36:'), ('GNOME_TERMINAL_SERVICE', ':1.155'), ('SSH_AGENT_LAUNCHER', 'gnome-keyring'), ('SSH_AUTH_SOCK', '/run/user/1000/keyring/ssh'), ('AMENT_PREFIX_PATH', '/home/starry1n/WUTA/WUTA-FSD/ros2_ws/install/wuta_msgs:/opt/ros/humble'), ('SHELL', '/bin/bash'), ('QT_ACCESSIBILITY', '1'), ('GDMSESSION', 'ubuntu'), ('LESSCLOSE', '/usr/bin/lesspipe %s %s'), ('QT_IM_MODULE', 'ibus'), ('PWD', '/home/starry1n/WUTA/WUTA-FSD/ros2_ws/build/cone_map_builder'), ('XDG_CONFIG_DIRS', '/etc/xdg/xdg-ubuntu:/etc/xdg'), ('XDG_DATA_DIRS', '/usr/share/ubuntu:/usr/local/share/:/usr/share/:/var/lib/snapd/desktop'), ('PYTHONPATH', '/home/starry1n/WUTA/WUTA-FSD/ros2_ws/install/wuta_msgs/local/lib/python3.10/dist-packages:/opt/ros/humble/lib/python3.10/site-packages:/opt/ros/humble/local/lib/python3.10/dist-packages'), ('COLCON', '1'), ('VTE_VERSION', '6800'), ('CMAKE_PREFIX_PATH', '/home/starry1n/WUTA/WUTA-FSD/ros2_ws/install/wuta_msgs:/opt/ros/humble')]), 'shell': False}
[0.703712] (-) TimerEvent: {}
[0.706755] (detection_fusion) CommandEnded: {'returncode': 0}
[0.709224] (cone_map_builder) StdoutLine: {'line': b'-- Install configuration: ""\n'}
[0.709675] (cone_map_builder) StdoutLine: {'line': b'-- Execute custom install script\n'}
[0.710218] (cone_map_builder) StdoutLine: {'line': b'-- Up-to-date symlink: /home/starry1n/WUTA/WUTA-FSD/ros2_ws/install/cone_map_builder/lib/cone_map_builder/cone_map_builder_node\n'}
[0.711242] (cone_map_builder) StdoutLine: {'line': b'-- Up-to-date symlink: /home/starry1n/WUTA/WUTA-FSD/ros2_ws/install/cone_map_builder/share/cone_map_builder/config/cone_map_builder.yaml\n'}
[0.711924] (cone_map_builder) StdoutLine: {'line': b'-- Up-to-date symlink: /home/starry1n/WUTA/WUTA-FSD/ros2_ws/install/cone_map_builder/share/ament_index/resource_index/package_run_dependencies/cone_map_builder\n'}
[0.712009] (cone_map_builder) StdoutLine: {'line': b'-- Up-to-date symlink: /home/starry1n/WUTA/WUTA-FSD/ros2_ws/install/cone_map_builder/share/ament_index/resource_index/parent_prefix_path/cone_map_builder\n'}
[0.712054] (cone_map_builder) StdoutLine: {'line': b'-- Up-to-date symlink: /home/starry1n/WUTA/WUTA-FSD/ros2_ws/install/cone_map_builder/share/cone_map_builder/environment/ament_prefix_path.sh\n'}
[0.712099] (cone_map_builder) StdoutLine: {'line': b'-- Up-to-date symlink: /home/starry1n/WUTA/WUTA-FSD/ros2_ws/install/cone_map_builder/share/cone_map_builder/environment/ament_prefix_path.dsv\n'}
[0.712172] (cone_map_builder) StdoutLine: {'line': b'-- Up-to-date symlink: /home/starry1n/WUTA/WUTA-FSD/ros2_ws/install/cone_map_builder/share/cone_map_builder/environment/path.sh\n'}
[0.712567] (cone_map_builder) StdoutLine: {'line': b'-- Up-to-date symlink: /home/starry1n/WUTA/WUTA-FSD/ros2_ws/install/cone_map_builder/share/cone_map_builder/environment/path.dsv\n'}
[0.712776] (cone_map_builder) StdoutLine: {'line': b'-- Up-to-date symlink: /home/starry1n/WUTA/WUTA-FSD/ros2_ws/install/cone_map_builder/share/cone_map_builder/local_setup.bash\n'}
[0.712952] (cone_map_builder) StdoutLine: {'line': b'-- Up-to-date symlink: /home/starry1n/WUTA/WUTA-FSD/ros2_ws/install/cone_map_builder/share/cone_map_builder/local_setup.sh\n'}
[0.713034] (cone_map_builder) StdoutLine: {'line': b'-- Up-to-date symlink: /home/starry1n/WUTA/WUTA-FSD/ros2_ws/install/cone_map_builder/share/cone_map_builder/local_setup.zsh\n'}
[0.713890] (cone_map_builder) StdoutLine: {'line': b'-- Up-to-date symlink: /home/starry1n/WUTA/WUTA-FSD/ros2_ws/install/cone_map_builder/share/cone_map_builder/local_setup.dsv\n'}
[0.713976] (cone_map_builder) StdoutLine: {'line': b'-- Symlinking: /home/starry1n/WUTA/WUTA-FSD/ros2_ws/install/cone_map_builder/share/cone_map_builder/package.dsv\n'}
[0.719919] (cone_map_builder) StdoutLine: {'line': b'-- Up-to-date symlink: /home/starry1n/WUTA/WUTA-FSD/ros2_ws/install/cone_map_builder/share/ament_index/resource_index/packages/cone_map_builder\n'}
[0.720044] (cone_map_builder) StdoutLine: {'line': b'-- Up-to-date symlink: /home/starry1n/WUTA/WUTA-FSD/ros2_ws/install/cone_map_builder/share/cone_map_builder/cmake/cone_map_builderConfig.cmake\n'}
[0.720150] (cone_map_builder) StdoutLine: {'line': b'-- Up-to-date symlink: /home/starry1n/WUTA/WUTA-FSD/ros2_ws/install/cone_map_builder/share/cone_map_builder/cmake/cone_map_builderConfig-version.cmake\n'}
[0.720210] (cone_map_builder) StdoutLine: {'line': b'-- Up-to-date symlink: /home/starry1n/WUTA/WUTA-FSD/ros2_ws/install/cone_map_builder/share/cone_map_builder/package.xml\n'}
[0.723725] (detection_fusion) JobEnded: {'identifier': 'detection_fusion', 'rc': 0}
[0.724225] (kiss_icp_wrapper) CommandEnded: {'returncode': 0}
[0.732836] (kiss_icp_wrapper) JobEnded: {'identifier': 'kiss_icp_wrapper', 'rc': 0}
[0.733164] (controller) CommandEnded: {'returncode': 0}
[0.733787] (controller) JobProgress: {'identifier': 'controller', 'progress': 'install'}
[0.734723] (controller) Command: {'cmd': ['/usr/bin/cmake', '--install', '/home/starry1n/WUTA/WUTA-FSD/ros2_ws/build/controller'], 'cwd': '/home/starry1n/WUTA/WUTA-FSD/ros2_ws/build/controller', 'env': OrderedDict([('LESSOPEN', '| /usr/bin/lesspipe %s'), ('LANGUAGE', 'zh_CN:zh'), ('USER', 'starry1n'), ('XDG_SESSION_TYPE', 'wayland'), ('SHLVL', '3'), ('LD_LIBRARY_PATH', '/home/starry1n/WUTA/WUTA-FSD/ros2_ws/install/wuta_msgs/lib:/home/starry1n/WUTA/WUTA-FSD/ros2_ws/install/autoware_msgs/lib:/opt/ros/humble/opt/rviz_ogre_vendor/lib:/opt/ros/humble/lib/x86_64-linux-gnu:/opt/ros/humble/lib'), ('HOME', '/home/starry1n'), ('OLDPWD', '/home/starry1n/WUTA/WUTA-FSD'), ('DESKTOP_SESSION', 'ubuntu'), ('ROS_PYTHON_VERSION', '3'), ('GNOME_SHELL_SESSION_MODE', 'ubuntu'), ('GTK_MODULES', 'gail:atk-bridge'), ('SYSTEMD_EXEC_PID', '2566'), ('DBUS_SESSION_BUS_ADDRESS', 'unix:path=/run/user/1000/bus'), ('COLORTERM', 'truecolor'), ('IM_CONFIG_PHASE', '1'), ('WAYLAND_DISPLAY', 'wayland-0'), ('ROS_DISTRO', 'humble'), ('LOGNAME', 'starry1n'), ('_', '/usr/bin/colcon'), ('ROS_VERSION', '2'), ('XDG_SESSION_CLASS', 'user'), ('USERNAME', 'starry1n'), ('TERM', 'xterm-256color'), ('GNOME_DESKTOP_SESSION_ID', 'this-is-deprecated'), ('ROS_LOCALHOST_ONLY', '0'), ('PATH', '/home/starry1n/.local/bin:/opt/ros/humble/bin:/home/starry1n/.local/bin:/usr/local/sbin:/usr/local/bin:/usr/sbin:/usr/bin:/sbin:/bin:/usr/games:/usr/local/games:/snap/bin:/snap/bin'), ('SESSION_MANAGER', 'local/starry1n-virtual-machine:@/tmp/.ICE-unix/2321,unix/starry1n-virtual-machine:/tmp/.ICE-unix/2321'), ('XDG_MENU_PREFIX', 'gnome-'), ('GNOME_TERMINAL_SCREEN', '/org/gnome/Terminal/screen/948911c1_b87d_475f_a792_006550dcd166'), ('GNOME_SETUP_DISPLAY', ':1'), ('XDG_RUNTIME_DIR', '/run/user/1000'), ('DISPLAY', ':0'), ('LANG', 'zh_CN.UTF-8'), ('XDG_CURRENT_DESKTOP', 'ubuntu:GNOME'), ('XMODIFIERS', '@im=ibus'), ('XDG_SESSION_DESKTOP', 'ubuntu'), ('XAUTHORITY', '/run/user/1000/.mutter-Xwaylandauth.H6FRS3'), ('LS_COLORS', 'rs=0:di=01;34:ln=01;36:mh=00:pi=40;33:so=01;35:do=01;35:bd=40;33;01:cd=40;33;01:or=40;31;01:mi=00:su=37;41:sg=30;43:ca=30;41:tw=30;42:ow=34;42:st=37;44:ex=01;32:*.tar=01;31:*.tgz=01;31:*.arc=01;31:*.arj=01;31:*.taz=01;31:*.lha=01;31:*.lz4=01;31:*.lzh=01;31:*.lzma=01;31:*.tlz=01;31:*.txz=01;31:*.tzo=01;31:*.t7z=01;31:*.zip=01;31:*.z=01;31:*.dz=01;31:*.gz=01;31:*.lrz=01;31:*.lz=01;31:*.lzo=01;31:*.xz=01;31:*.zst=01;31:*.tzst=01;31:*.bz2=01;31:*.bz=01;31:*.tbz=01;31:*.tbz2=01;31:*.tz=01;31:*.deb=01;31:*.rpm=01;31:*.jar=01;31:*.war=01;31:*.ear=01;31:*.sar=01;31:*.rar=01;31:*.alz=01;31:*.ace=01;31:*.zoo=01;31:*.cpio=01;31:*.7z=01;31:*.rz=01;31:*.cab=01;31:*.wim=01;31:*.swm=01;31:*.dwm=01;31:*.esd=01;31:*.jpg=01;35:*.jpeg=01;35:*.mjpg=01;35:*.mjpeg=01;35:*.gif=01;35:*.bmp=01;35:*.pbm=01;35:*.pgm=01;35:*.ppm=01;35:*.tga=01;35:*.xbm=01;35:*.xpm=01;35:*.tif=01;35:*.tiff=01;35:*.png=01;35:*.svg=01;35:*.svgz=01;35:*.mng=01;35:*.pcx=01;35:*.mov=01;35:*.mpg=01;35:*.mpeg=01;35:*.m2v=01;35:*.mkv=01;35:*.webm=01;35:*.webp=01;35:*.ogm=01;35:*.mp4=01;35:*.m4v=01;35:*.mp4v=01;35:*.vob=01;35:*.qt=01;35:*.nuv=01;35:*.wmv=01;35:*.asf=01;35:*.rm=01;35:*.rmvb=01;35:*.flc=01;35:*.avi=01;35:*.fli=01;35:*.flv=01;35:*.gl=01;35:*.dl=01;35:*.xcf=01;35:*.xwd=01;35:*.yuv=01;35:*.cgm=01;35:*.emf=01;35:*.ogv=01;35:*.ogx=01;35:*.aac=00;36:*.au=00;36:*.flac=00;36:*.m4a=00;36:*.mid=00;36:*.midi=00;36:*.mka=00;36:*.mp3=00;36:*.mpc=00;36:*.ogg=00;36:*.ra=00;36:*.wav=00;36:*.oga=00;36:*.opus=00;36:*.spx=00;36:*.xspf=00;36:'), ('GNOME_TERMINAL_SERVICE', ':1.155'), ('SSH_AGENT_LAUNCHER', 'gnome-keyring'), ('SSH_AUTH_SOCK', '/run/user/1000/keyring/ssh'), ('AMENT_PREFIX_PATH', '/home/starry1n/WUTA/WUTA-FSD/ros2_ws/install/wuta_msgs:/home/starry1n/WUTA/WUTA-FSD/ros2_ws/install/autoware_msgs:/opt/ros/humble'), ('SHELL', '/bin/bash'), ('QT_ACCESSIBILITY', '1'), ('GDMSESSION', 'ubuntu'), ('LESSCLOSE', '/usr/bin/lesspipe %s %s'), ('QT_IM_MODULE', 'ibus'), ('PWD', '/home/starry1n/WUTA/WUTA-FSD/ros2_ws/build/controller'), ('XDG_CONFIG_DIRS', '/etc/xdg/xdg-ubuntu:/etc/xdg'), ('XDG_DATA_DIRS', '/usr/share/ubuntu:/usr/local/share/:/usr/share/:/var/lib/snapd/desktop'), ('PYTHONPATH', '/home/starry1n/WUTA/WUTA-FSD/ros2_ws/install/wuta_msgs/local/lib/python3.10/dist-packages:/home/starry1n/WUTA/WUTA-FSD/ros2_ws/install/autoware_msgs/local/lib/python3.10/dist-packages:/opt/ros/humble/lib/python3.10/site-packages:/opt/ros/humble/local/lib/python3.10/dist-packages'), ('COLCON', '1'), ('VTE_VERSION', '6800'), ('CMAKE_PREFIX_PATH', '/home/starry1n/WUTA/WUTA-FSD/ros2_ws/install/wuta_msgs:/home/starry1n/WUTA/WUTA-FSD/ros2_ws/install/autoware_msgs:/opt/ros/humble')]), 'shell': False}
[0.734950] (boundary_detector) CommandEnded: {'returncode': 0}
[0.735551] (boundary_detector) JobProgress: {'identifier': 'boundary_detector', 'progress': 'install'}
[0.736122] (boundary_detector) Command: {'cmd': ['/usr/bin/cmake', '--install', '/home/starry1n/WUTA/WUTA-FSD/ros2_ws/build/boundary_detector'], 'cwd': '/home/starry1n/WUTA/WUTA-FSD/ros2_ws/build/boundary_detector', 'env': OrderedDict([('LESSOPEN', '| /usr/bin/lesspipe %s'), ('LANGUAGE', 'zh_CN:zh'), ('USER', 'starry1n'), ('XDG_SESSION_TYPE', 'wayland'), ('SHLVL', '3'), ('LD_LIBRARY_PATH', '/home/starry1n/WUTA/WUTA-FSD/ros2_ws/install/wuta_msgs/lib:/home/starry1n/WUTA/WUTA-FSD/ros2_ws/install/autoware_msgs/lib:/opt/ros/humble/opt/rviz_ogre_vendor/lib:/opt/ros/humble/lib/x86_64-linux-gnu:/opt/ros/humble/lib'), ('HOME', '/home/starry1n'), ('OLDPWD', '/home/starry1n/WUTA/WUTA-FSD'), ('DESKTOP_SESSION', 'ubuntu'), ('ROS_PYTHON_VERSION', '3'), ('GNOME_SHELL_SESSION_MODE', 'ubuntu'), ('GTK_MODULES', 'gail:atk-bridge'), ('SYSTEMD_EXEC_PID', '2566'), ('DBUS_SESSION_BUS_ADDRESS', 'unix:path=/run/user/1000/bus'), ('COLORTERM', 'truecolor'), ('IM_CONFIG_PHASE', '1'), ('WAYLAND_DISPLAY', 'wayland-0'), ('ROS_DISTRO', 'humble'), ('LOGNAME', 'starry1n'), ('_', '/usr/bin/colcon'), ('ROS_VERSION', '2'), ('XDG_SESSION_CLASS', 'user'), ('USERNAME', 'starry1n'), ('TERM', 'xterm-256color'), ('GNOME_DESKTOP_SESSION_ID', 'this-is-deprecated'), ('ROS_LOCALHOST_ONLY', '0'), ('PATH', '/home/starry1n/.local/bin:/opt/ros/humble/bin:/home/starry1n/.local/bin:/usr/local/sbin:/usr/local/bin:/usr/sbin:/usr/bin:/sbin:/bin:/usr/games:/usr/local/games:/snap/bin:/snap/bin'), ('SESSION_MANAGER', 'local/starry1n-virtual-machine:@/tmp/.ICE-unix/2321,unix/starry1n-virtual-machine:/tmp/.ICE-unix/2321'), ('XDG_MENU_PREFIX', 'gnome-'), ('GNOME_TERMINAL_SCREEN', '/org/gnome/Terminal/screen/948911c1_b87d_475f_a792_006550dcd166'), ('GNOME_SETUP_DISPLAY', ':1'), ('XDG_RUNTIME_DIR', '/run/user/1000'), ('DISPLAY', ':0'), ('LANG', 'zh_CN.UTF-8'), ('XDG_CURRENT_DESKTOP', 'ubuntu:GNOME'), ('XMODIFIERS', '@im=ibus'), ('XDG_SESSION_DESKTOP', 'ubuntu'), ('XAUTHORITY', '/run/user/1000/.mutter-Xwaylandauth.H6FRS3'), ('LS_COLORS', 'rs=0:di=01;34:ln=01;36:mh=00:pi=40;33:so=01;35:do=01;35:bd=40;33;01:cd=40;33;01:or=40;31;01:mi=00:su=37;41:sg=30;43:ca=30;41:tw=30;42:ow=34;42:st=37;44:ex=01;32:*.tar=01;31:*.tgz=01;31:*.arc=01;31:*.arj=01;31:*.taz=01;31:*.lha=01;31:*.lz4=01;31:*.lzh=01;31:*.lzma=01;31:*.tlz=01;31:*.txz=01;31:*.tzo=01;31:*.t7z=01;31:*.zip=01;31:*.z=01;31:*.dz=01;31:*.gz=01;31:*.lrz=01;31:*.lz=01;31:*.lzo=01;31:*.xz=01;31:*.zst=01;31:*.tzst=01;31:*.bz2=01;31:*.bz=01;31:*.tbz=01;31:*.tbz2=01;31:*.tz=01;31:*.deb=01;31:*.rpm=01;31:*.jar=01;31:*.war=01;31:*.ear=01;31:*.sar=01;31:*.rar=01;31:*.alz=01;31:*.ace=01;31:*.zoo=01;31:*.cpio=01;31:*.7z=01;31:*.rz=01;31:*.cab=01;31:*.wim=01;31:*.swm=01;31:*.dwm=01;31:*.esd=01;31:*.jpg=01;35:*.jpeg=01;35:*.mjpg=01;35:*.mjpeg=01;35:*.gif=01;35:*.bmp=01;35:*.pbm=01;35:*.pgm=01;35:*.ppm=01;35:*.tga=01;35:*.xbm=01;35:*.xpm=01;35:*.tif=01;35:*.tiff=01;35:*.png=01;35:*.svg=01;35:*.svgz=01;35:*.mng=01;35:*.pcx=01;35:*.mov=01;35:*.mpg=01;35:*.mpeg=01;35:*.m2v=01;35:*.mkv=01;35:*.webm=01;35:*.webp=01;35:*.ogm=01;35:*.mp4=01;35:*.m4v=01;35:*.mp4v=01;35:*.vob=01;35:*.qt=01;35:*.nuv=01;35:*.wmv=01;35:*.asf=01;35:*.rm=01;35:*.rmvb=01;35:*.flc=01;35:*.avi=01;35:*.fli=01;35:*.flv=01;35:*.gl=01;35:*.dl=01;35:*.xcf=01;35:*.xwd=01;35:*.yuv=01;35:*.cgm=01;35:*.emf=01;35:*.ogv=01;35:*.ogx=01;35:*.aac=00;36:*.au=00;36:*.flac=00;36:*.m4a=00;36:*.mid=00;36:*.midi=00;36:*.mka=00;36:*.mp3=00;36:*.mpc=00;36:*.ogg=00;36:*.ra=00;36:*.wav=00;36:*.oga=00;36:*.opus=00;36:*.spx=00;36:*.xspf=00;36:'), ('GNOME_TERMINAL_SERVICE', ':1.155'), ('SSH_AGENT_LAUNCHER', 'gnome-keyring'), ('SSH_AUTH_SOCK', '/run/user/1000/keyring/ssh'), ('AMENT_PREFIX_PATH', '/home/starry1n/WUTA/WUTA-FSD/ros2_ws/install/wuta_msgs:/home/starry1n/WUTA/WUTA-FSD/ros2_ws/install/autoware_msgs:/opt/ros/humble'), ('SHELL', '/bin/bash'), ('QT_ACCESSIBILITY', '1'), ('GDMSESSION', 'ubuntu'), ('LESSCLOSE', '/usr/bin/lesspipe %s %s'), ('QT_IM_MODULE', 'ibus'), ('PWD', '/home/starry1n/WUTA/WUTA-FSD/ros2_ws/build/boundary_detector'), ('XDG_CONFIG_DIRS', '/etc/xdg/xdg-ubuntu:/etc/xdg'), ('XDG_DATA_DIRS', '/usr/share/ubuntu:/usr/local/share/:/usr/share/:/var/lib/snapd/desktop'), ('PYTHONPATH', '/home/starry1n/WUTA/WUTA-FSD/ros2_ws/install/wuta_msgs/local/lib/python3.10/dist-packages:/home/starry1n/WUTA/WUTA-FSD/ros2_ws/install/autoware_msgs/local/lib/python3.10/dist-packages:/opt/ros/humble/lib/python3.10/site-packages:/opt/ros/humble/local/lib/python3.10/dist-packages'), ('COLCON', '1'), ('VTE_VERSION', '6800'), ('CMAKE_PREFIX_PATH', '/home/starry1n/WUTA/WUTA-FSD/ros2_ws/install/wuta_msgs:/home/starry1n/WUTA/WUTA-FSD/ros2_ws/install/autoware_msgs:/opt/ros/humble')]), 'shell': False}
[0.737536] (ndt_localization) JobStarted: {'identifier': 'ndt_localization'}
[0.741668] (path_generator) JobStarted: {'identifier': 'path_generator'}
[0.745888] (localization_manager) CommandEnded: {'returncode': 0}
[0.746814] (controller) StdoutLine: {'line': b'-- Install configuration: ""\n'}
[0.747001] (controller) StdoutLine: {'line': b'-- Execute custom install script\n'}
[0.747050] (controller) StdoutLine: {'line': b'-- Up-to-date symlink: /home/starry1n/WUTA/WUTA-FSD/ros2_ws/install/controller/lib/controller/controller_node\n'}
[0.747137] (controller) StdoutLine: {'line': b'-- Up-to-date symlink: /home/starry1n/WUTA/WUTA-FSD/ros2_ws/install/controller/share/controller/controller.yaml\n'}
[0.747211] (controller) StdoutLine: {'line': b'-- Up-to-date symlink: /home/starry1n/WUTA/WUTA-FSD/ros2_ws/install/controller/share/ament_index/resource_index/package_run_dependencies/controller\n'}
[0.747294] (controller) StdoutLine: {'line': b'-- Up-to-date symlink: /home/starry1n/WUTA/WUTA-FSD/ros2_ws/install/controller/share/ament_index/resource_index/parent_prefix_path/controller\n'}
[0.749686] (controller) StdoutLine: {'line': b'-- Up-to-date symlink: /home/starry1n/WUTA/WUTA-FSD/ros2_ws/install/controller/share/controller/environment/ament_prefix_path.sh\n'}
[0.749838] (controller) StdoutLine: {'line': b'-- Up-to-date symlink: /home/starry1n/WUTA/WUTA-FSD/ros2_ws/install/controller/share/controller/environment/ament_prefix_path.dsv\n'}
[0.749951] (controller) StdoutLine: {'line': b'-- Up-to-date symlink: /home/starry1n/WUTA/WUTA-FSD/ros2_ws/install/controller/share/controller/environment/path.sh\n'}
[0.750012] (controller) StdoutLine: {'line': b'-- Up-to-date symlink: /home/starry1n/WUTA/WUTA-FSD/ros2_ws/install/controller/share/controller/environment/path.dsv\n'}
[0.750533] (controller) StdoutLine: {'line': b'-- Up-to-date symlink: /home/starry1n/WUTA/WUTA-FSD/ros2_ws/install/controller/share/controller/local_setup.bash\n'}
[0.750847] (controller) StdoutLine: {'line': b'-- Up-to-date symlink: /home/starry1n/WUTA/WUTA-FSD/ros2_ws/install/controller/share/controller/local_setup.sh\n'}
[0.750945] (controller) StdoutLine: {'line': b'-- Up-to-date symlink: /home/starry1n/WUTA/WUTA-FSD/ros2_ws/install/controller/share/controller/local_setup.zsh\n'}
[0.750995] (controller) StdoutLine: {'line': b'-- Up-to-date symlink: /home/starry1n/WUTA/WUTA-FSD/ros2_ws/install/controller/share/controller/local_setup.dsv\n'}
[0.752104] (controller) StdoutLine: {'line': b'-- Symlinking: /home/starry1n/WUTA/WUTA-FSD/ros2_ws/install/controller/share/controller/package.dsv\n'}
[0.753927] (localization_manager) JobProgress: {'identifier': 'localization_manager', 'progress': 'install'}
[0.753959] (localization_manager) Command: {'cmd': ['/usr/bin/cmake', '--install', '/home/starry1n/WUTA/WUTA-FSD/ros2_ws/build/localization_manager'], 'cwd': '/home/starry1n/WUTA/WUTA-FSD/ros2_ws/build/localization_manager', 'env': OrderedDict([('LESSOPEN', '| /usr/bin/lesspipe %s'), ('LANGUAGE', 'zh_CN:zh'), ('USER', 'starry1n'), ('XDG_SESSION_TYPE', 'wayland'), ('SHLVL', '3'), ('LD_LIBRARY_PATH', '/home/starry1n/WUTA/WUTA-FSD/ros2_ws/install/wuta_msgs/lib:/home/starry1n/WUTA/WUTA-FSD/ros2_ws/install/robot_localization/lib:/home/starry1n/WUTA/WUTA-FSD/ros2_ws/install/kiss_icp/lib:/opt/ros/humble/opt/rviz_ogre_vendor/lib:/opt/ros/humble/lib/x86_64-linux-gnu:/opt/ros/humble/lib'), ('HOME', '/home/starry1n'), ('OLDPWD', '/home/starry1n/WUTA/WUTA-FSD'), ('DESKTOP_SESSION', 'ubuntu'), ('ROS_PYTHON_VERSION', '3'), ('GNOME_SHELL_SESSION_MODE', 'ubuntu'), ('GTK_MODULES', 'gail:atk-bridge'), ('SYSTEMD_EXEC_PID', '2566'), ('DBUS_SESSION_BUS_ADDRESS', 'unix:path=/run/user/1000/bus'), ('COLORTERM', 'truecolor'), ('IM_CONFIG_PHASE', '1'), ('WAYLAND_DISPLAY', 'wayland-0'), ('ROS_DISTRO', 'humble'), ('LOGNAME', 'starry1n'), ('_', '/usr/bin/colcon'), ('ROS_VERSION', '2'), ('XDG_SESSION_CLASS', 'user'), ('USERNAME', 'starry1n'), ('TERM', 'xterm-256color'), ('GNOME_DESKTOP_SESSION_ID', 'this-is-deprecated'), ('ROS_LOCALHOST_ONLY', '0'), ('PATH', '/home/starry1n/.local/bin:/opt/ros/humble/bin:/home/starry1n/.local/bin:/usr/local/sbin:/usr/local/bin:/usr/sbin:/usr/bin:/sbin:/bin:/usr/games:/usr/local/games:/snap/bin:/snap/bin'), ('SESSION_MANAGER', 'local/starry1n-virtual-machine:@/tmp/.ICE-unix/2321,unix/starry1n-virtual-machine:/tmp/.ICE-unix/2321'), ('XDG_MENU_PREFIX', 'gnome-'), ('GNOME_TERMINAL_SCREEN', '/org/gnome/Terminal/screen/948911c1_b87d_475f_a792_006550dcd166'), ('GNOME_SETUP_DISPLAY', ':1'), ('XDG_RUNTIME_DIR', '/run/user/1000'), ('DISPLAY', ':0'), ('LANG', 'zh_CN.UTF-8'), ('XDG_CURRENT_DESKTOP', 'ubuntu:GNOME'), ('XMODIFIERS', '@im=ibus'), ('XDG_SESSION_DESKTOP', 'ubuntu'), ('XAUTHORITY', '/run/user/1000/.mutter-Xwaylandauth.H6FRS3'), ('LS_COLORS', 'rs=0:di=01;34:ln=01;36:mh=00:pi=40;33:so=01;35:do=01;35:bd=40;33;01:cd=40;33;01:or=40;31;01:mi=00:su=37;41:sg=30;43:ca=30;41:tw=30;42:ow=34;42:st=37;44:ex=01;32:*.tar=01;31:*.tgz=01;31:*.arc=01;31:*.arj=01;31:*.taz=01;31:*.lha=01;31:*.lz4=01;31:*.lzh=01;31:*.lzma=01;31:*.tlz=01;31:*.txz=01;31:*.tzo=01;31:*.t7z=01;31:*.zip=01;31:*.z=01;31:*.dz=01;31:*.gz=01;31:*.lrz=01;31:*.lz=01;31:*.lzo=01;31:*.xz=01;31:*.zst=01;31:*.tzst=01;31:*.bz2=01;31:*.bz=01;31:*.tbz=01;31:*.tbz2=01;31:*.tz=01;31:*.deb=01;31:*.rpm=01;31:*.jar=01;31:*.war=01;31:*.ear=01;31:*.sar=01;31:*.rar=01;31:*.alz=01;31:*.ace=01;31:*.zoo=01;31:*.cpio=01;31:*.7z=01;31:*.rz=01;31:*.cab=01;31:*.wim=01;31:*.swm=01;31:*.dwm=01;31:*.esd=01;31:*.jpg=01;35:*.jpeg=01;35:*.mjpg=01;35:*.mjpeg=01;35:*.gif=01;35:*.bmp=01;35:*.pbm=01;35:*.pgm=01;35:*.ppm=01;35:*.tga=01;35:*.xbm=01;35:*.xpm=01;35:*.tif=01;35:*.tiff=01;35:*.png=01;35:*.svg=01;35:*.svgz=01;35:*.mng=01;35:*.pcx=01;35:*.mov=01;35:*.mpg=01;35:*.mpeg=01;35:*.m2v=01;35:*.mkv=01;35:*.webm=01;35:*.webp=01;35:*.ogm=01;35:*.mp4=01;35:*.m4v=01;35:*.mp4v=01;35:*.vob=01;35:*.qt=01;35:*.nuv=01;35:*.wmv=01;35:*.asf=01;35:*.rm=01;35:*.rmvb=01;35:*.flc=01;35:*.avi=01;35:*.fli=01;35:*.flv=01;35:*.gl=01;35:*.dl=01;35:*.xcf=01;35:*.xwd=01;35:*.yuv=01;35:*.cgm=01;35:*.emf=01;35:*.ogv=01;35:*.ogx=01;35:*.aac=00;36:*.au=00;36:*.flac=00;36:*.m4a=00;36:*.mid=00;36:*.midi=00;36:*.mka=00;36:*.mp3=00;36:*.mpc=00;36:*.ogg=00;36:*.ra=00;36:*.wav=00;36:*.oga=00;36:*.opus=00;36:*.spx=00;36:*.xspf=00;36:'), ('GNOME_TERMINAL_SERVICE', ':1.155'), ('SSH_AGENT_LAUNCHER', 'gnome-keyring'), ('SSH_AUTH_SOCK', '/run/user/1000/keyring/ssh'), ('AMENT_PREFIX_PATH', '/home/starry1n/WUTA/WUTA-FSD/ros2_ws/install/wuta_msgs:/home/starry1n/WUTA/WUTA-FSD/ros2_ws/install/robot_localization:/home/starry1n/WUTA/WUTA-FSD/ros2_ws/install/kiss_icp:/opt/ros/humble'), ('SHELL', '/bin/bash'), ('QT_ACCESSIBILITY', '1'), ('GDMSESSION', 'ubuntu'), ('LESSCLOSE', '/usr/bin/lesspipe %s %s'), ('QT_IM_MODULE', 'ibus'), ('PWD', '/home/starry1n/WUTA/WUTA-FSD/ros2_ws/build/localization_manager'), ('XDG_CONFIG_DIRS', '/etc/xdg/xdg-ubuntu:/etc/xdg'), ('XDG_DATA_DIRS', '/usr/share/ubuntu:/usr/local/share/:/usr/share/:/var/lib/snapd/desktop'), ('PYTHONPATH', '/home/starry1n/WUTA/WUTA-FSD/ros2_ws/install/wuta_msgs/local/lib/python3.10/dist-packages:/home/starry1n/WUTA/WUTA-FSD/ros2_ws/install/robot_localization/local/lib/python3.10/dist-packages:/opt/ros/humble/lib/python3.10/site-packages:/opt/ros/humble/local/lib/python3.10/dist-packages'), ('COLCON', '1'), ('VTE_VERSION', '6800'), ('CMAKE_PREFIX_PATH', '/home/starry1n/WUTA/WUTA-FSD/ros2_ws/install/wuta_msgs:/home/starry1n/WUTA/WUTA-FSD/ros2_ws/install/robot_localization:/home/starry1n/WUTA/WUTA-FSD/ros2_ws/install/kiss_icp:/opt/ros/humble')]), 'shell': False}
[0.755477] (lidar_detection) CommandEnded: {'returncode': 0}
[0.755703] (controller) StdoutLine: {'line': b'-- Up-to-date symlink: /home/starry1n/WUTA/WUTA-FSD/ros2_ws/install/controller/share/ament_index/resource_index/packages/controller\n'}
[0.755771] (controller) StdoutLine: {'line': b'-- Up-to-date symlink: /home/starry1n/WUTA/WUTA-FSD/ros2_ws/install/controller/share/controller/cmake/controllerConfig.cmake\n'}
[0.756484] (controller) StdoutLine: {'line': b'-- Up-to-date symlink: /home/starry1n/WUTA/WUTA-FSD/ros2_ws/install/controller/share/controller/cmake/controllerConfig-version.cmake\n'}
[0.757332] (controller) StdoutLine: {'line': b'-- Up-to-date symlink: /home/starry1n/WUTA/WUTA-FSD/ros2_ws/install/controller/share/controller/package.xml\n'}
[0.757449] (lidar_detection) JobProgress: {'identifier': 'lidar_detection', 'progress': 'install'}
[0.757465] (lidar_detection) Command: {'cmd': ['/usr/bin/cmake', '--install', '/home/starry1n/WUTA/WUTA-FSD/ros2_ws/build/lidar_detection'], 'cwd': '/home/starry1n/WUTA/WUTA-FSD/ros2_ws/build/lidar_detection', 'env': OrderedDict([('LESSOPEN', '| /usr/bin/lesspipe %s'), ('LANGUAGE', 'zh_CN:zh'), ('USER', 'starry1n'), ('XDG_SESSION_TYPE', 'wayland'), ('SHLVL', '3'), ('LD_LIBRARY_PATH', '/home/starry1n/WUTA/WUTA-FSD/ros2_ws/install/wuta_msgs/lib:/opt/ros/humble/opt/rviz_ogre_vendor/lib:/opt/ros/humble/lib/x86_64-linux-gnu:/opt/ros/humble/lib'), ('HOME', '/home/starry1n'), ('OLDPWD', '/home/starry1n/WUTA/WUTA-FSD'), ('DESKTOP_SESSION', 'ubuntu'), ('ROS_PYTHON_VERSION', '3'), ('GNOME_SHELL_SESSION_MODE', 'ubuntu'), ('GTK_MODULES', 'gail:atk-bridge'), ('SYSTEMD_EXEC_PID', '2566'), ('DBUS_SESSION_BUS_ADDRESS', 'unix:path=/run/user/1000/bus'), ('COLORTERM', 'truecolor'), ('IM_CONFIG_PHASE', '1'), ('WAYLAND_DISPLAY', 'wayland-0'), ('ROS_DISTRO', 'humble'), ('LOGNAME', 'starry1n'), ('_', '/usr/bin/colcon'), ('ROS_VERSION', '2'), ('XDG_SESSION_CLASS', 'user'), ('USERNAME', 'starry1n'), ('TERM', 'xterm-256color'), ('GNOME_DESKTOP_SESSION_ID', 'this-is-deprecated'), ('ROS_LOCALHOST_ONLY', '0'), ('PATH', '/home/starry1n/.local/bin:/opt/ros/humble/bin:/home/starry1n/.local/bin:/usr/local/sbin:/usr/local/bin:/usr/sbin:/usr/bin:/sbin:/bin:/usr/games:/usr/local/games:/snap/bin:/snap/bin'), ('SESSION_MANAGER', 'local/starry1n-virtual-machine:@/tmp/.ICE-unix/2321,unix/starry1n-virtual-machine:/tmp/.ICE-unix/2321'), ('XDG_MENU_PREFIX', 'gnome-'), ('GNOME_TERMINAL_SCREEN', '/org/gnome/Terminal/screen/948911c1_b87d_475f_a792_006550dcd166'), ('GNOME_SETUP_DISPLAY', ':1'), ('XDG_RUNTIME_DIR', '/run/user/1000'), ('DISPLAY', ':0'), ('LANG', 'zh_CN.UTF-8'), ('XDG_CURRENT_DESKTOP', 'ubuntu:GNOME'), ('XMODIFIERS', '@im=ibus'), ('XDG_SESSION_DESKTOP', 'ubuntu'), ('XAUTHORITY', '/run/user/1000/.mutter-Xwaylandauth.H6FRS3'), ('LS_COLORS', 'rs=0:di=01;34:ln=01;36:mh=00:pi=40;33:so=01;35:do=01;35:bd=40;33;01:cd=40;33;01:or=40;31;01:mi=00:su=37;41:sg=30;43:ca=30;41:tw=30;42:ow=34;42:st=37;44:ex=01;32:*.tar=01;31:*.tgz=01;31:*.arc=01;31:*.arj=01;31:*.taz=01;31:*.lha=01;31:*.lz4=01;31:*.lzh=01;31:*.lzma=01;31:*.tlz=01;31:*.txz=01;31:*.tzo=01;31:*.t7z=01;31:*.zip=01;31:*.z=01;31:*.dz=01;31:*.gz=01;31:*.lrz=01;31:*.lz=01;31:*.lzo=01;31:*.xz=01;31:*.zst=01;31:*.tzst=01;31:*.bz2=01;31:*.bz=01;31:*.tbz=01;31:*.tbz2=01;31:*.tz=01;31:*.deb=01;31:*.rpm=01;31:*.jar=01;31:*.war=01;31:*.ear=01;31:*.sar=01;31:*.rar=01;31:*.alz=01;31:*.ace=01;31:*.zoo=01;31:*.cpio=01;31:*.7z=01;31:*.rz=01;31:*.cab=01;31:*.wim=01;31:*.swm=01;31:*.dwm=01;31:*.esd=01;31:*.jpg=01;35:*.jpeg=01;35:*.mjpg=01;35:*.mjpeg=01;35:*.gif=01;35:*.bmp=01;35:*.pbm=01;35:*.pgm=01;35:*.ppm=01;35:*.tga=01;35:*.xbm=01;35:*.xpm=01;35:*.tif=01;35:*.tiff=01;35:*.png=01;35:*.svg=01;35:*.svgz=01;35:*.mng=01;35:*.pcx=01;35:*.mov=01;35:*.mpg=01;35:*.mpeg=01;35:*.m2v=01;35:*.mkv=01;35:*.webm=01;35:*.webp=01;35:*.ogm=01;35:*.mp4=01;35:*.m4v=01;35:*.mp4v=01;35:*.vob=01;35:*.qt=01;35:*.nuv=01;35:*.wmv=01;35:*.asf=01;35:*.rm=01;35:*.rmvb=01;35:*.flc=01;35:*.avi=01;35:*.fli=01;35:*.flv=01;35:*.gl=01;35:*.dl=01;35:*.xcf=01;35:*.xwd=01;35:*.yuv=01;35:*.cgm=01;35:*.emf=01;35:*.ogv=01;35:*.ogx=01;35:*.aac=00;36:*.au=00;36:*.flac=00;36:*.m4a=00;36:*.mid=00;36:*.midi=00;36:*.mka=00;36:*.mp3=00;36:*.mpc=00;36:*.ogg=00;36:*.ra=00;36:*.wav=00;36:*.oga=00;36:*.opus=00;36:*.spx=00;36:*.xspf=00;36:'), ('GNOME_TERMINAL_SERVICE', ':1.155'), ('SSH_AGENT_LAUNCHER', 'gnome-keyring'), ('SSH_AUTH_SOCK', '/run/user/1000/keyring/ssh'), ('AMENT_PREFIX_PATH', '/home/starry1n/WUTA/WUTA-FSD/ros2_ws/install/wuta_msgs:/opt/ros/humble'), ('SHELL', '/bin/bash'), ('QT_ACCESSIBILITY', '1'), ('GDMSESSION', 'ubuntu'), ('LESSCLOSE', '/usr/bin/lesspipe %s %s'), ('QT_IM_MODULE', 'ibus'), ('PWD', '/home/starry1n/WUTA/WUTA-FSD/ros2_ws/build/lidar_detection'), ('XDG_CONFIG_DIRS', '/etc/xdg/xdg-ubuntu:/etc/xdg'), ('XDG_DATA_DIRS', '/usr/share/ubuntu:/usr/local/share/:/usr/share/:/var/lib/snapd/desktop'), ('PYTHONPATH', '/home/starry1n/WUTA/WUTA-FSD/ros2_ws/install/wuta_msgs/local/lib/python3.10/dist-packages:/opt/ros/humble/lib/python3.10/site-packages:/opt/ros/humble/local/lib/python3.10/dist-packages'), ('COLCON', '1'), ('VTE_VERSION', '6800'), ('CMAKE_PREFIX_PATH', '/home/starry1n/WUTA/WUTA-FSD/ros2_ws/install/wuta_msgs:/opt/ros/humble')]), 'shell': False}
[0.758775] (boundary_detector) StdoutLine: {'line': b'-- Install configuration: ""\n'}
[0.758894] (boundary_detector) StdoutLine: {'line': b'-- Execute custom install script\n'}
[0.758938] (boundary_detector) StdoutLine: {'line': b'-- Up-to-date symlink: /home/starry1n/WUTA/WUTA-FSD/ros2_ws/install/boundary_detector/lib/boundary_detector/boundary_detector_node\n'}
[0.758980] (boundary_detector) StdoutLine: {'line': b'-- Up-to-date symlink: /home/starry1n/WUTA/WUTA-FSD/ros2_ws/install/boundary_detector/share/boundary_detector/config/boundary_detector.yaml\n'}
[0.759019] (boundary_detector) StdoutLine: {'line': b'-- Up-to-date symlink: /home/starry1n/WUTA/WUTA-FSD/ros2_ws/install/boundary_detector/share/ament_index/resource_index/package_run_dependencies/boundary_detector\n'}
[0.759067] (boundary_detector) StdoutLine: {'line': b'-- Up-to-date symlink: /home/starry1n/WUTA/WUTA-FSD/ros2_ws/install/boundary_detector/share/ament_index/resource_index/parent_prefix_path/boundary_detector\n'}
[0.759098] (boundary_detector) StdoutLine: {'line': b'-- Up-to-date symlink: /home/starry1n/WUTA/WUTA-FSD/ros2_ws/install/boundary_detector/share/boundary_detector/environment/ament_prefix_path.sh\n'}
[0.759128] (boundary_detector) StdoutLine: {'line': b'-- Up-to-date symlink: /home/starry1n/WUTA/WUTA-FSD/ros2_ws/install/boundary_detector/share/boundary_detector/environment/ament_prefix_path.dsv\n'}
[0.759153] (boundary_detector) StdoutLine: {'line': b'-- Up-to-date symlink: /home/starry1n/WUTA/WUTA-FSD/ros2_ws/install/boundary_detector/share/boundary_detector/environment/path.sh\n'}
[0.759180] (boundary_detector) StdoutLine: {'line': b'-- Up-to-date symlink: /home/starry1n/WUTA/WUTA-FSD/ros2_ws/install/boundary_detector/share/boundary_detector/environment/path.dsv\n'}
[0.759206] (boundary_detector) StdoutLine: {'line': b'-- Up-to-date symlink: /home/starry1n/WUTA/WUTA-FSD/ros2_ws/install/boundary_detector/share/boundary_detector/local_setup.bash\n'}
[0.759230] (boundary_detector) StdoutLine: {'line': b'-- Up-to-date symlink: /home/starry1n/WUTA/WUTA-FSD/ros2_ws/install/boundary_detector/share/boundary_detector/local_setup.sh\n'}
[0.759258] (boundary_detector) StdoutLine: {'line': b'-- Up-to-date symlink: /home/starry1n/WUTA/WUTA-FSD/ros2_ws/install/boundary_detector/share/boundary_detector/local_setup.zsh\n'}
[0.759283] (boundary_detector) StdoutLine: {'line': b'-- Up-to-date symlink: /home/starry1n/WUTA/WUTA-FSD/ros2_ws/install/boundary_detector/share/boundary_detector/local_setup.dsv\n'}
[0.759307] (boundary_detector) StdoutLine: {'line': b'-- Symlinking: /home/starry1n/WUTA/WUTA-FSD/ros2_ws/install/boundary_detector/share/boundary_detector/package.dsv\n'}
[0.759333] (boundary_detector) StdoutLine: {'line': b'-- Up-to-date symlink: /home/starry1n/WUTA/WUTA-FSD/ros2_ws/install/boundary_detector/share/ament_index/resource_index/packages/boundary_detector\n'}
[0.759424] (boundary_detector) StdoutLine: {'line': b'-- Up-to-date symlink: /home/starry1n/WUTA/WUTA-FSD/ros2_ws/install/boundary_detector/share/boundary_detector/cmake/boundary_detectorConfig.cmake\n'}
[0.759626] (boundary_detector) StdoutLine: {'line': b'-- Up-to-date symlink: /home/starry1n/WUTA/WUTA-FSD/ros2_ws/install/boundary_detector/share/boundary_detector/cmake/boundary_detectorConfig-version.cmake\n'}
[0.759674] (boundary_detector) StdoutLine: {'line': b'-- Up-to-date symlink: /home/starry1n/WUTA/WUTA-FSD/ros2_ws/install/boundary_detector/share/boundary_detector/package.xml\n'}
[0.760795] (localization_manager) StdoutLine: {'line': b'-- Install configuration: ""\n'}
[0.761215] (localization_manager) StdoutLine: {'line': b'-- Execute custom install script\n'}
[0.761379] (localization_manager) StdoutLine: {'line': b'-- Up-to-date symlink: /home/starry1n/WUTA/WUTA-FSD/ros2_ws/install/localization_manager/lib/localization_manager/localization_manager_node\n'}
[0.763383] (localization_manager) StdoutLine: {'line': b'-- Up-to-date symlink: /home/starry1n/WUTA/WUTA-FSD/ros2_ws/install/localization_manager/share/localization_manager/ekf.yaml\n'}
[0.763547] (localization_manager) StdoutLine: {'line': b'-- Up-to-date symlink: /home/starry1n/WUTA/WUTA-FSD/ros2_ws/install/localization_manager/share/localization_manager/localization.launch.py\n'}
[0.763602] (localization_manager) StdoutLine: {'line': b'-- Up-to-date symlink: /home/starry1n/WUTA/WUTA-FSD/ros2_ws/install/localization_manager/share/ament_index/resource_index/package_run_dependencies/localization_manager\n'}
[0.763637] (localization_manager) StdoutLine: {'line': b'-- Up-to-date symlink: /home/starry1n/WUTA/WUTA-FSD/ros2_ws/install/localization_manager/share/ament_index/resource_index/parent_prefix_path/localization_manager\n'}
[0.763670] (localization_manager) StdoutLine: {'line': b'-- Up-to-date symlink: /home/starry1n/WUTA/WUTA-FSD/ros2_ws/install/localization_manager/share/localization_manager/environment/ament_prefix_path.sh\n'}
[0.763713] (localization_manager) StdoutLine: {'line': b'-- Up-to-date symlink: /home/starry1n/WUTA/WUTA-FSD/ros2_ws/install/localization_manager/share/localization_manager/environment/ament_prefix_path.dsv\n'}
[0.763746] (localization_manager) StdoutLine: {'line': b'-- Up-to-date symlink: /home/starry1n/WUTA/WUTA-FSD/ros2_ws/install/localization_manager/share/localization_manager/environment/path.sh\n'}
[0.763774] (localization_manager) StdoutLine: {'line': b'-- Up-to-date symlink: /home/starry1n/WUTA/WUTA-FSD/ros2_ws/install/localization_manager/share/localization_manager/environment/path.dsv\n'}
[0.763913] (localization_manager) StdoutLine: {'line': b'-- Up-to-date symlink: /home/starry1n/WUTA/WUTA-FSD/ros2_ws/install/localization_manager/share/localization_manager/local_setup.bash\n'}
[0.763972] (localization_manager) StdoutLine: {'line': b'-- Up-to-date symlink: /home/starry1n/WUTA/WUTA-FSD/ros2_ws/install/localization_manager/share/localization_manager/local_setup.sh\n'}
[0.764002] (localization_manager) StdoutLine: {'line': b'-- Up-to-date symlink: /home/starry1n/WUTA/WUTA-FSD/ros2_ws/install/localization_manager/share/localization_manager/local_setup.zsh\n'}
[0.764502] (localization_manager) StdoutLine: {'line': b'-- Up-to-date symlink: /home/starry1n/WUTA/WUTA-FSD/ros2_ws/install/localization_manager/share/localization_manager/local_setup.dsv\n'}
[0.764724] (localization_manager) StdoutLine: {'line': b'-- Symlinking: /home/starry1n/WUTA/WUTA-FSD/ros2_ws/install/localization_manager/share/localization_manager/package.dsv\n'}
[0.764794] (cone_map_builder) CommandEnded: {'returncode': 0}
[0.765040] (lidar_detection) StdoutLine: {'line': b'-- Install configuration: ""\n'}
[0.765162] (lidar_detection) StdoutLine: {'line': b'-- Execute custom install script\n'}
[0.765213] (lidar_detection) StdoutLine: {'line': b'-- Up-to-date symlink: /home/starry1n/WUTA/WUTA-FSD/ros2_ws/install/lidar_detection/lib/lidar_detection/lidar_detection_node\n'}
[0.765434] (lidar_detection) StdoutLine: {'line': b'-- Up-to-date symlink: /home/starry1n/WUTA/WUTA-FSD/ros2_ws/install/lidar_detection/share/lidar_detection/config/lidar_detection.yaml\n'}
[0.765817] (lidar_detection) StdoutLine: {'line': b'-- Up-to-date symlink: /home/starry1n/WUTA/WUTA-FSD/ros2_ws/install/lidar_detection/share/ament_index/resource_index/package_run_dependencies/lidar_detection\n'}
[0.765870] (lidar_detection) StdoutLine: {'line': b'-- Up-to-date symlink: /home/starry1n/WUTA/WUTA-FSD/ros2_ws/install/lidar_detection/share/ament_index/resource_index/parent_prefix_path/lidar_detection\n'}
[0.765972] (lidar_detection) StdoutLine: {'line': b'-- Up-to-date symlink: /home/starry1n/WUTA/WUTA-FSD/ros2_ws/install/lidar_detection/share/lidar_detection/environment/ament_prefix_path.sh\n'}
[0.766013] (lidar_detection) StdoutLine: {'line': b'-- Up-to-date symlink: /home/starry1n/WUTA/WUTA-FSD/ros2_ws/install/lidar_detection/share/lidar_detection/environment/ament_prefix_path.dsv\n'}
[0.766045] (lidar_detection) StdoutLine: {'line': b'-- Up-to-date symlink: /home/starry1n/WUTA/WUTA-FSD/ros2_ws/install/lidar_detection/share/lidar_detection/environment/path.sh\n'}
[0.766073] (lidar_detection) StdoutLine: {'line': b'-- Up-to-date symlink: /home/starry1n/WUTA/WUTA-FSD/ros2_ws/install/lidar_detection/share/lidar_detection/environment/path.dsv\n'}
[0.766144] (lidar_detection) StdoutLine: {'line': b'-- Up-to-date symlink: /home/starry1n/WUTA/WUTA-FSD/ros2_ws/install/lidar_detection/share/lidar_detection/local_setup.bash\n'}
[0.766184] (lidar_detection) StdoutLine: {'line': b'-- Up-to-date symlink: /home/starry1n/WUTA/WUTA-FSD/ros2_ws/install/lidar_detection/share/lidar_detection/local_setup.sh\n'}
[0.766279] (lidar_detection) StdoutLine: {'line': b'-- Up-to-date symlink: /home/starry1n/WUTA/WUTA-FSD/ros2_ws/install/lidar_detection/share/lidar_detection/local_setup.zsh\n'}
[0.766324] (lidar_detection) StdoutLine: {'line': b'-- Up-to-date symlink: /home/starry1n/WUTA/WUTA-FSD/ros2_ws/install/lidar_detection/share/lidar_detection/local_setup.dsv\n'}
[0.766422] (lidar_detection) StdoutLine: {'line': b'-- Symlinking: /home/starry1n/WUTA/WUTA-FSD/ros2_ws/install/lidar_detection/share/lidar_detection/package.dsv\n'}
[0.766462] (localization_manager) StdoutLine: {'line': b'-- Up-to-date symlink: /home/starry1n/WUTA/WUTA-FSD/ros2_ws/install/localization_manager/share/ament_index/resource_index/packages/localization_manager\n'}
[0.766497] (localization_manager) StdoutLine: {'line': b'-- Up-to-date symlink: /home/starry1n/WUTA/WUTA-FSD/ros2_ws/install/localization_manager/share/localization_manager/cmake/localization_managerConfig.cmake\n'}
[0.766562] (localization_manager) StdoutLine: {'line': b'-- Up-to-date symlink: /home/starry1n/WUTA/WUTA-FSD/ros2_ws/install/localization_manager/share/localization_manager/cmake/localization_managerConfig-version.cmake\n'}
[0.766600] (localization_manager) StdoutLine: {'line': b'-- Up-to-date symlink: /home/starry1n/WUTA/WUTA-FSD/ros2_ws/install/localization_manager/share/localization_manager/package.xml\n'}
[0.771277] (lidar_detection) StdoutLine: {'line': b'-- Up-to-date symlink: /home/starry1n/WUTA/WUTA-FSD/ros2_ws/install/lidar_detection/share/ament_index/resource_index/packages/lidar_detection\n'}
[0.772507] (lidar_detection) StdoutLine: {'line': b'-- Up-to-date symlink: /home/starry1n/WUTA/WUTA-FSD/ros2_ws/install/lidar_detection/share/lidar_detection/cmake/lidar_detectionConfig.cmake\n'}
[0.772593] (lidar_detection) StdoutLine: {'line': b'-- Up-to-date symlink: /home/starry1n/WUTA/WUTA-FSD/ros2_ws/install/lidar_detection/share/lidar_detection/cmake/lidar_detectionConfig-version.cmake\n'}
[0.772848] (lidar_detection) StdoutLine: {'line': b'-- Up-to-date symlink: /home/starry1n/WUTA/WUTA-FSD/ros2_ws/install/lidar_detection/share/lidar_detection/package.xml\n'}
[0.776609] (cone_map_builder) JobEnded: {'identifier': 'cone_map_builder', 'rc': 0}
[0.777415] (mission_manager) JobProgress: {'identifier': 'mission_manager', 'progress': 'cmake'}
[0.777591] (mission_manager) JobProgress: {'identifier': 'mission_manager', 'progress': 'build'}
[0.778267] (mission_manager) Command: {'cmd': ['/usr/bin/cmake', '--build', '/home/starry1n/WUTA/WUTA-FSD/ros2_ws/build/mission_manager', '--', '-j8', '-l8'], 'cwd': '/home/starry1n/WUTA/WUTA-FSD/ros2_ws/build/mission_manager', 'env': OrderedDict([('LESSOPEN', '| /usr/bin/lesspipe %s'), ('LANGUAGE', 'zh_CN:zh'), ('USER', 'starry1n'), ('XDG_SESSION_TYPE', 'wayland'), ('SHLVL', '3'), ('LD_LIBRARY_PATH', '/home/starry1n/WUTA/WUTA-FSD/ros2_ws/install/wuta_msgs/lib:/opt/ros/humble/opt/rviz_ogre_vendor/lib:/opt/ros/humble/lib/x86_64-linux-gnu:/opt/ros/humble/lib'), ('HOME', '/home/starry1n'), ('OLDPWD', '/home/starry1n/WUTA/WUTA-FSD'), ('DESKTOP_SESSION', 'ubuntu'), ('ROS_PYTHON_VERSION', '3'), ('GNOME_SHELL_SESSION_MODE', 'ubuntu'), ('GTK_MODULES', 'gail:atk-bridge'), ('SYSTEMD_EXEC_PID', '2566'), ('DBUS_SESSION_BUS_ADDRESS', 'unix:path=/run/user/1000/bus'), ('COLORTERM', 'truecolor'), ('IM_CONFIG_PHASE', '1'), ('WAYLAND_DISPLAY', 'wayland-0'), ('ROS_DISTRO', 'humble'), ('LOGNAME', 'starry1n'), ('_', '/usr/bin/colcon'), ('ROS_VERSION', '2'), ('XDG_SESSION_CLASS', 'user'), ('USERNAME', 'starry1n'), ('TERM', 'xterm-256color'), ('GNOME_DESKTOP_SESSION_ID', 'this-is-deprecated'), ('ROS_LOCALHOST_ONLY', '0'), ('PATH', '/home/starry1n/.local/bin:/opt/ros/humble/bin:/home/starry1n/.local/bin:/usr/local/sbin:/usr/local/bin:/usr/sbin:/usr/bin:/sbin:/bin:/usr/games:/usr/local/games:/snap/bin:/snap/bin'), ('SESSION_MANAGER', 'local/starry1n-virtual-machine:@/tmp/.ICE-unix/2321,unix/starry1n-virtual-machine:/tmp/.ICE-unix/2321'), ('XDG_MENU_PREFIX', 'gnome-'), ('GNOME_TERMINAL_SCREEN', '/org/gnome/Terminal/screen/948911c1_b87d_475f_a792_006550dcd166'), ('GNOME_SETUP_DISPLAY', ':1'), ('XDG_RUNTIME_DIR', '/run/user/1000'), ('DISPLAY', ':0'), ('LANG', 'zh_CN.UTF-8'), ('XDG_CURRENT_DESKTOP', 'ubuntu:GNOME'), ('XMODIFIERS', '@im=ibus'), ('XDG_SESSION_DESKTOP', 'ubuntu'), ('XAUTHORITY', '/run/user/1000/.mutter-Xwaylandauth.H6FRS3'), ('LS_COLORS', 'rs=0:di=01;34:ln=01;36:mh=00:pi=40;33:so=01;35:do=01;35:bd=40;33;01:cd=40;33;01:or=40;31;01:mi=00:su=37;41:sg=30;43:ca=30;41:tw=30;42:ow=34;42:st=37;44:ex=01;32:*.tar=01;31:*.tgz=01;31:*.arc=01;31:*.arj=01;31:*.taz=01;31:*.lha=01;31:*.lz4=01;31:*.lzh=01;31:*.lzma=01;31:*.tlz=01;31:*.txz=01;31:*.tzo=01;31:*.t7z=01;31:*.zip=01;31:*.z=01;31:*.dz=01;31:*.gz=01;31:*.lrz=01;31:*.lz=01;31:*.lzo=01;31:*.xz=01;31:*.zst=01;31:*.tzst=01;31:*.bz2=01;31:*.bz=01;31:*.tbz=01;31:*.tbz2=01;31:*.tz=01;31:*.deb=01;31:*.rpm=01;31:*.jar=01;31:*.war=01;31:*.ear=01;31:*.sar=01;31:*.rar=01;31:*.alz=01;31:*.ace=01;31:*.zoo=01;31:*.cpio=01;31:*.7z=01;31:*.rz=01;31:*.cab=01;31:*.wim=01;31:*.swm=01;31:*.dwm=01;31:*.esd=01;31:*.jpg=01;35:*.jpeg=01;35:*.mjpg=01;35:*.mjpeg=01;35:*.gif=01;35:*.bmp=01;35:*.pbm=01;35:*.pgm=01;35:*.ppm=01;35:*.tga=01;35:*.xbm=01;35:*.xpm=01;35:*.tif=01;35:*.tiff=01;35:*.png=01;35:*.svg=01;35:*.svgz=01;35:*.mng=01;35:*.pcx=01;35:*.mov=01;35:*.mpg=01;35:*.mpeg=01;35:*.m2v=01;35:*.mkv=01;35:*.webm=01;35:*.webp=01;35:*.ogm=01;35:*.mp4=01;35:*.m4v=01;35:*.mp4v=01;35:*.vob=01;35:*.qt=01;35:*.nuv=01;35:*.wmv=01;35:*.asf=01;35:*.rm=01;35:*.rmvb=01;35:*.flc=01;35:*.avi=01;35:*.fli=01;35:*.flv=01;35:*.gl=01;35:*.dl=01;35:*.xcf=01;35:*.xwd=01;35:*.yuv=01;35:*.cgm=01;35:*.emf=01;35:*.ogv=01;35:*.ogx=01;35:*.aac=00;36:*.au=00;36:*.flac=00;36:*.m4a=00;36:*.mid=00;36:*.midi=00;36:*.mka=00;36:*.mp3=00;36:*.mpc=00;36:*.ogg=00;36:*.ra=00;36:*.wav=00;36:*.oga=00;36:*.opus=00;36:*.spx=00;36:*.xspf=00;36:'), ('GNOME_TERMINAL_SERVICE', ':1.155'), ('SSH_AGENT_LAUNCHER', 'gnome-keyring'), ('SSH_AUTH_SOCK', '/run/user/1000/keyring/ssh'), ('AMENT_PREFIX_PATH', '/home/starry1n/WUTA/WUTA-FSD/ros2_ws/install/wuta_msgs:/opt/ros/humble'), ('SHELL', '/bin/bash'), ('QT_ACCESSIBILITY', '1'), ('GDMSESSION', 'ubuntu'), ('LESSCLOSE', '/usr/bin/lesspipe %s %s'), ('QT_IM_MODULE', 'ibus'), ('PWD', '/home/starry1n/WUTA/WUTA-FSD/ros2_ws/build/mission_manager'), ('XDG_CONFIG_DIRS', '/etc/xdg/xdg-ubuntu:/etc/xdg'), ('XDG_DATA_DIRS', '/usr/share/ubuntu:/usr/local/share/:/usr/share/:/var/lib/snapd/desktop'), ('PYTHONPATH', '/home/starry1n/WUTA/WUTA-FSD/ros2_ws/install/wuta_msgs/local/lib/python3.10/dist-packages:/opt/ros/humble/lib/python3.10/site-packages:/opt/ros/humble/local/lib/python3.10/dist-packages'), ('COLCON', '1'), ('VTE_VERSION', '6800'), ('CMAKE_PREFIX_PATH', '/home/starry1n/WUTA/WUTA-FSD/ros2_ws/install/wuta_msgs:/opt/ros/humble')]), 'shell': False}
[0.780209] (wuta_tools) JobStarted: {'identifier': 'wuta_tools'}
[0.782560] (boundary_detector) CommandEnded: {'returncode': 0}
[0.794301] (boundary_detector) JobEnded: {'identifier': 'boundary_detector', 'rc': 0}
[0.794997] (controller) CommandEnded: {'returncode': 0}
[0.803888] (-) TimerEvent: {}
[0.804359] (controller) JobEnded: {'identifier': 'controller', 'rc': 0}
[0.806022] (ndt_localization) JobProgress: {'identifier': 'ndt_localization', 'progress': 'cmake'}
[0.808027] (ndt_localization) JobProgress: {'identifier': 'ndt_localization', 'progress': 'build'}
[0.808089] (ndt_localization) Command: {'cmd': ['/usr/bin/cmake', '--build', '/home/starry1n/WUTA/WUTA-FSD/ros2_ws/build/ndt_localization', '--', '-j8', '-l8'], 'cwd': '/home/starry1n/WUTA/WUTA-FSD/ros2_ws/build/ndt_localization', 'env': OrderedDict([('LESSOPEN', '| /usr/bin/lesspipe %s'), ('LANGUAGE', 'zh_CN:zh'), ('USER', 'starry1n'), ('XDG_SESSION_TYPE', 'wayland'), ('SHLVL', '3'), ('LD_LIBRARY_PATH', '/home/starry1n/WUTA/WUTA-FSD/ros2_ws/install/wuta_msgs/lib:/opt/ros/humble/opt/rviz_ogre_vendor/lib:/opt/ros/humble/lib/x86_64-linux-gnu:/opt/ros/humble/lib'), ('HOME', '/home/starry1n'), ('OLDPWD', '/home/starry1n/WUTA/WUTA-FSD'), ('DESKTOP_SESSION', 'ubuntu'), ('ROS_PYTHON_VERSION', '3'), ('GNOME_SHELL_SESSION_MODE', 'ubuntu'), ('GTK_MODULES', 'gail:atk-bridge'), ('SYSTEMD_EXEC_PID', '2566'), ('DBUS_SESSION_BUS_ADDRESS', 'unix:path=/run/user/1000/bus'), ('COLORTERM', 'truecolor'), ('IM_CONFIG_PHASE', '1'), ('WAYLAND_DISPLAY', 'wayland-0'), ('ROS_DISTRO', 'humble'), ('LOGNAME', 'starry1n'), ('_', '/usr/bin/colcon'), ('ROS_VERSION', '2'), ('XDG_SESSION_CLASS', 'user'), ('USERNAME', 'starry1n'), ('TERM', 'xterm-256color'), ('GNOME_DESKTOP_SESSION_ID', 'this-is-deprecated'), ('ROS_LOCALHOST_ONLY', '0'), ('PATH', '/home/starry1n/.local/bin:/opt/ros/humble/bin:/home/starry1n/.local/bin:/usr/local/sbin:/usr/local/bin:/usr/sbin:/usr/bin:/sbin:/bin:/usr/games:/usr/local/games:/snap/bin:/snap/bin'), ('SESSION_MANAGER', 'local/starry1n-virtual-machine:@/tmp/.ICE-unix/2321,unix/starry1n-virtual-machine:/tmp/.ICE-unix/2321'), ('XDG_MENU_PREFIX', 'gnome-'), ('GNOME_TERMINAL_SCREEN', '/org/gnome/Terminal/screen/948911c1_b87d_475f_a792_006550dcd166'), ('GNOME_SETUP_DISPLAY', ':1'), ('XDG_RUNTIME_DIR', '/run/user/1000'), ('DISPLAY', ':0'), ('LANG', 'zh_CN.UTF-8'), ('XDG_CURRENT_DESKTOP', 'ubuntu:GNOME'), ('XMODIFIERS', '@im=ibus'), ('XDG_SESSION_DESKTOP', 'ubuntu'), ('XAUTHORITY', '/run/user/1000/.mutter-Xwaylandauth.H6FRS3'), ('LS_COLORS', 'rs=0:di=01;34:ln=01;36:mh=00:pi=40;33:so=01;35:do=01;35:bd=40;33;01:cd=40;33;01:or=40;31;01:mi=00:su=37;41:sg=30;43:ca=30;41:tw=30;42:ow=34;42:st=37;44:ex=01;32:*.tar=01;31:*.tgz=01;31:*.arc=01;31:*.arj=01;31:*.taz=01;31:*.lha=01;31:*.lz4=01;31:*.lzh=01;31:*.lzma=01;31:*.tlz=01;31:*.txz=01;31:*.tzo=01;31:*.t7z=01;31:*.zip=01;31:*.z=01;31:*.dz=01;31:*.gz=01;31:*.lrz=01;31:*.lz=01;31:*.lzo=01;31:*.xz=01;31:*.zst=01;31:*.tzst=01;31:*.bz2=01;31:*.bz=01;31:*.tbz=01;31:*.tbz2=01;31:*.tz=01;31:*.deb=01;31:*.rpm=01;31:*.jar=01;31:*.war=01;31:*.ear=01;31:*.sar=01;31:*.rar=01;31:*.alz=01;31:*.ace=01;31:*.zoo=01;31:*.cpio=01;31:*.7z=01;31:*.rz=01;31:*.cab=01;31:*.wim=01;31:*.swm=01;31:*.dwm=01;31:*.esd=01;31:*.jpg=01;35:*.jpeg=01;35:*.mjpg=01;35:*.mjpeg=01;35:*.gif=01;35:*.bmp=01;35:*.pbm=01;35:*.pgm=01;35:*.ppm=01;35:*.tga=01;35:*.xbm=01;35:*.xpm=01;35:*.tif=01;35:*.tiff=01;35:*.png=01;35:*.svg=01;35:*.svgz=01;35:*.mng=01;35:*.pcx=01;35:*.mov=01;35:*.mpg=01;35:*.mpeg=01;35:*.m2v=01;35:*.mkv=01;35:*.webm=01;35:*.webp=01;35:*.ogm=01;35:*.mp4=01;35:*.m4v=01;35:*.mp4v=01;35:*.vob=01;35:*.qt=01;35:*.nuv=01;35:*.wmv=01;35:*.asf=01;35:*.rm=01;35:*.rmvb=01;35:*.flc=01;35:*.avi=01;35:*.fli=01;35:*.flv=01;35:*.gl=01;35:*.dl=01;35:*.xcf=01;35:*.xwd=01;35:*.yuv=01;35:*.cgm=01;35:*.emf=01;35:*.ogv=01;35:*.ogx=01;35:*.aac=00;36:*.au=00;36:*.flac=00;36:*.m4a=00;36:*.mid=00;36:*.midi=00;36:*.mka=00;36:*.mp3=00;36:*.mpc=00;36:*.ogg=00;36:*.ra=00;36:*.wav=00;36:*.oga=00;36:*.opus=00;36:*.spx=00;36:*.xspf=00;36:'), ('GNOME_TERMINAL_SERVICE', ':1.155'), ('SSH_AGENT_LAUNCHER', 'gnome-keyring'), ('SSH_AUTH_SOCK', '/run/user/1000/keyring/ssh'), ('AMENT_PREFIX_PATH', '/home/starry1n/WUTA/WUTA-FSD/ros2_ws/install/wuta_msgs:/opt/ros/humble'), ('SHELL', '/bin/bash'), ('QT_ACCESSIBILITY', '1'), ('GDMSESSION', 'ubuntu'), ('LESSCLOSE', '/usr/bin/lesspipe %s %s'), ('QT_IM_MODULE', 'ibus'), ('PWD', '/home/starry1n/WUTA/WUTA-FSD/ros2_ws/build/ndt_localization'), ('XDG_CONFIG_DIRS', '/etc/xdg/xdg-ubuntu:/etc/xdg'), ('XDG_DATA_DIRS', '/usr/share/ubuntu:/usr/local/share/:/usr/share/:/var/lib/snapd/desktop'), ('PYTHONPATH', '/home/starry1n/WUTA/WUTA-FSD/ros2_ws/install/wuta_msgs/local/lib/python3.10/dist-packages:/opt/ros/humble/lib/python3.10/site-packages:/opt/ros/humble/local/lib/python3.10/dist-packages'), ('COLCON', '1'), ('VTE_VERSION', '6800'), ('CMAKE_PREFIX_PATH', '/home/starry1n/WUTA/WUTA-FSD/ros2_ws/install/wuta_msgs:/opt/ros/humble')]), 'shell': False}
[0.809731] (path_generator) JobProgress: {'identifier': 'path_generator', 'progress': 'cmake'}
[0.810710] (path_generator) JobProgress: {'identifier': 'path_generator', 'progress': 'build'}
[0.810754] (path_generator) Command: {'cmd': ['/usr/bin/cmake', '--build', '/home/starry1n/WUTA/WUTA-FSD/ros2_ws/build/path_generator', '--', '-j8', '-l8'], 'cwd': '/home/starry1n/WUTA/WUTA-FSD/ros2_ws/build/path_generator', 'env': OrderedDict([('LESSOPEN', '| /usr/bin/lesspipe %s'), ('LANGUAGE', 'zh_CN:zh'), ('USER', 'starry1n'), ('XDG_SESSION_TYPE', 'wayland'), ('SHLVL', '3'), ('LD_LIBRARY_PATH', '/home/starry1n/WUTA/WUTA-FSD/ros2_ws/install/wuta_msgs/lib:/home/starry1n/WUTA/WUTA-FSD/ros2_ws/install/autoware_msgs/lib:/opt/ros/humble/opt/rviz_ogre_vendor/lib:/opt/ros/humble/lib/x86_64-linux-gnu:/opt/ros/humble/lib'), ('HOME', '/home/starry1n'), ('OLDPWD', '/home/starry1n/WUTA/WUTA-FSD'), ('DESKTOP_SESSION', 'ubuntu'), ('ROS_PYTHON_VERSION', '3'), ('GNOME_SHELL_SESSION_MODE', 'ubuntu'), ('GTK_MODULES', 'gail:atk-bridge'), ('SYSTEMD_EXEC_PID', '2566'), ('DBUS_SESSION_BUS_ADDRESS', 'unix:path=/run/user/1000/bus'), ('COLORTERM', 'truecolor'), ('IM_CONFIG_PHASE', '1'), ('WAYLAND_DISPLAY', 'wayland-0'), ('ROS_DISTRO', 'humble'), ('LOGNAME', 'starry1n'), ('_', '/usr/bin/colcon'), ('ROS_VERSION', '2'), ('XDG_SESSION_CLASS', 'user'), ('USERNAME', 'starry1n'), ('TERM', 'xterm-256color'), ('GNOME_DESKTOP_SESSION_ID', 'this-is-deprecated'), ('ROS_LOCALHOST_ONLY', '0'), ('PATH', '/home/starry1n/.local/bin:/opt/ros/humble/bin:/home/starry1n/.local/bin:/usr/local/sbin:/usr/local/bin:/usr/sbin:/usr/bin:/sbin:/bin:/usr/games:/usr/local/games:/snap/bin:/snap/bin'), ('SESSION_MANAGER', 'local/starry1n-virtual-machine:@/tmp/.ICE-unix/2321,unix/starry1n-virtual-machine:/tmp/.ICE-unix/2321'), ('XDG_MENU_PREFIX', 'gnome-'), ('GNOME_TERMINAL_SCREEN', '/org/gnome/Terminal/screen/948911c1_b87d_475f_a792_006550dcd166'), ('GNOME_SETUP_DISPLAY', ':1'), ('XDG_RUNTIME_DIR', '/run/user/1000'), ('DISPLAY', ':0'), ('LANG', 'zh_CN.UTF-8'), ('XDG_CURRENT_DESKTOP', 'ubuntu:GNOME'), ('XMODIFIERS', '@im=ibus'), ('XDG_SESSION_DESKTOP', 'ubuntu'), ('XAUTHORITY', '/run/user/1000/.mutter-Xwaylandauth.H6FRS3'), ('LS_COLORS', 'rs=0:di=01;34:ln=01;36:mh=00:pi=40;33:so=01;35:do=01;35:bd=40;33;01:cd=40;33;01:or=40;31;01:mi=00:su=37;41:sg=30;43:ca=30;41:tw=30;42:ow=34;42:st=37;44:ex=01;32:*.tar=01;31:*.tgz=01;31:*.arc=01;31:*.arj=01;31:*.taz=01;31:*.lha=01;31:*.lz4=01;31:*.lzh=01;31:*.lzma=01;31:*.tlz=01;31:*.txz=01;31:*.tzo=01;31:*.t7z=01;31:*.zip=01;31:*.z=01;31:*.dz=01;31:*.gz=01;31:*.lrz=01;31:*.lz=01;31:*.lzo=01;31:*.xz=01;31:*.zst=01;31:*.tzst=01;31:*.bz2=01;31:*.bz=01;31:*.tbz=01;31:*.tbz2=01;31:*.tz=01;31:*.deb=01;31:*.rpm=01;31:*.jar=01;31:*.war=01;31:*.ear=01;31:*.sar=01;31:*.rar=01;31:*.alz=01;31:*.ace=01;31:*.zoo=01;31:*.cpio=01;31:*.7z=01;31:*.rz=01;31:*.cab=01;31:*.wim=01;31:*.swm=01;31:*.dwm=01;31:*.esd=01;31:*.jpg=01;35:*.jpeg=01;35:*.mjpg=01;35:*.mjpeg=01;35:*.gif=01;35:*.bmp=01;35:*.pbm=01;35:*.pgm=01;35:*.ppm=01;35:*.tga=01;35:*.xbm=01;35:*.xpm=01;35:*.tif=01;35:*.tiff=01;35:*.png=01;35:*.svg=01;35:*.svgz=01;35:*.mng=01;35:*.pcx=01;35:*.mov=01;35:*.mpg=01;35:*.mpeg=01;35:*.m2v=01;35:*.mkv=01;35:*.webm=01;35:*.webp=01;35:*.ogm=01;35:*.mp4=01;35:*.m4v=01;35:*.mp4v=01;35:*.vob=01;35:*.qt=01;35:*.nuv=01;35:*.wmv=01;35:*.asf=01;35:*.rm=01;35:*.rmvb=01;35:*.flc=01;35:*.avi=01;35:*.fli=01;35:*.flv=01;35:*.gl=01;35:*.dl=01;35:*.xcf=01;35:*.xwd=01;35:*.yuv=01;35:*.cgm=01;35:*.emf=01;35:*.ogv=01;35:*.ogx=01;35:*.aac=00;36:*.au=00;36:*.flac=00;36:*.m4a=00;36:*.mid=00;36:*.midi=00;36:*.mka=00;36:*.mp3=00;36:*.mpc=00;36:*.ogg=00;36:*.ra=00;36:*.wav=00;36:*.oga=00;36:*.opus=00;36:*.spx=00;36:*.xspf=00;36:'), ('GNOME_TERMINAL_SERVICE', ':1.155'), ('SSH_AGENT_LAUNCHER', 'gnome-keyring'), ('SSH_AUTH_SOCK', '/run/user/1000/keyring/ssh'), ('AMENT_PREFIX_PATH', '/home/starry1n/WUTA/WUTA-FSD/ros2_ws/install/wuta_msgs:/home/starry1n/WUTA/WUTA-FSD/ros2_ws/install/autoware_msgs:/opt/ros/humble'), ('SHELL', '/bin/bash'), ('QT_ACCESSIBILITY', '1'), ('GDMSESSION', 'ubuntu'), ('LESSCLOSE', '/usr/bin/lesspipe %s %s'), ('QT_IM_MODULE', 'ibus'), ('PWD', '/home/starry1n/WUTA/WUTA-FSD/ros2_ws/build/path_generator'), ('XDG_CONFIG_DIRS', '/etc/xdg/xdg-ubuntu:/etc/xdg'), ('XDG_DATA_DIRS', '/usr/share/ubuntu:/usr/local/share/:/usr/share/:/var/lib/snapd/desktop'), ('PYTHONPATH', '/home/starry1n/WUTA/WUTA-FSD/ros2_ws/install/wuta_msgs/local/lib/python3.10/dist-packages:/home/starry1n/WUTA/WUTA-FSD/ros2_ws/install/autoware_msgs/local/lib/python3.10/dist-packages:/opt/ros/humble/lib/python3.10/site-packages:/opt/ros/humble/local/lib/python3.10/dist-packages'), ('COLCON', '1'), ('VTE_VERSION', '6800'), ('CMAKE_PREFIX_PATH', '/home/starry1n/WUTA/WUTA-FSD/ros2_ws/install/wuta_msgs:/home/starry1n/WUTA/WUTA-FSD/ros2_ws/install/autoware_msgs:/opt/ros/humble')]), 'shell': False}
[0.813868] (lidar_detection) CommandEnded: {'returncode': 0}
[0.830711] (lidar_detection) JobEnded: {'identifier': 'lidar_detection', 'rc': 0}
[0.831119] (localization_manager) CommandEnded: {'returncode': 0}
[0.833960] (mission_manager) StdoutLine: {'line': b'[100%] Built target mission_manager_node\n'}
[0.844933] (localization_manager) JobEnded: {'identifier': 'localization_manager', 'rc': 0}
[0.847102] (wuta_tools) JobProgress: {'identifier': 'wuta_tools', 'progress': 'cmake'}
[0.848226] (wuta_tools) JobProgress: {'identifier': 'wuta_tools', 'progress': 'build'}
[0.848556] (wuta_tools) Command: {'cmd': ['/usr/bin/cmake', '--build', '/home/starry1n/WUTA/WUTA-FSD/ros2_ws/build/wuta_tools', '--', '-j8', '-l8'], 'cwd': '/home/starry1n/WUTA/WUTA-FSD/ros2_ws/build/wuta_tools', 'env': OrderedDict([('LESSOPEN', '| /usr/bin/lesspipe %s'), ('LANGUAGE', 'zh_CN:zh'), ('USER', 'starry1n'), ('XDG_SESSION_TYPE', 'wayland'), ('SHLVL', '3'), ('LD_LIBRARY_PATH', '/home/starry1n/WUTA/WUTA-FSD/ros2_ws/install/wuta_msgs/lib:/opt/ros/humble/opt/rviz_ogre_vendor/lib:/opt/ros/humble/lib/x86_64-linux-gnu:/opt/ros/humble/lib'), ('HOME', '/home/starry1n'), ('OLDPWD', '/home/starry1n/WUTA/WUTA-FSD'), ('DESKTOP_SESSION', 'ubuntu'), ('ROS_PYTHON_VERSION', '3'), ('GNOME_SHELL_SESSION_MODE', 'ubuntu'), ('GTK_MODULES', 'gail:atk-bridge'), ('SYSTEMD_EXEC_PID', '2566'), ('DBUS_SESSION_BUS_ADDRESS', 'unix:path=/run/user/1000/bus'), ('COLORTERM', 'truecolor'), ('IM_CONFIG_PHASE', '1'), ('WAYLAND_DISPLAY', 'wayland-0'), ('ROS_DISTRO', 'humble'), ('LOGNAME', 'starry1n'), ('_', '/usr/bin/colcon'), ('ROS_VERSION', '2'), ('XDG_SESSION_CLASS', 'user'), ('USERNAME', 'starry1n'), ('TERM', 'xterm-256color'), ('GNOME_DESKTOP_SESSION_ID', 'this-is-deprecated'), ('ROS_LOCALHOST_ONLY', '0'), ('PATH', '/home/starry1n/.local/bin:/opt/ros/humble/bin:/home/starry1n/.local/bin:/usr/local/sbin:/usr/local/bin:/usr/sbin:/usr/bin:/sbin:/bin:/usr/games:/usr/local/games:/snap/bin:/snap/bin'), ('SESSION_MANAGER', 'local/starry1n-virtual-machine:@/tmp/.ICE-unix/2321,unix/starry1n-virtual-machine:/tmp/.ICE-unix/2321'), ('XDG_MENU_PREFIX', 'gnome-'), ('GNOME_TERMINAL_SCREEN', '/org/gnome/Terminal/screen/948911c1_b87d_475f_a792_006550dcd166'), ('GNOME_SETUP_DISPLAY', ':1'), ('XDG_RUNTIME_DIR', '/run/user/1000'), ('DISPLAY', ':0'), ('LANG', 'zh_CN.UTF-8'), ('XDG_CURRENT_DESKTOP', 'ubuntu:GNOME'), ('XMODIFIERS', '@im=ibus'), ('XDG_SESSION_DESKTOP', 'ubuntu'), ('XAUTHORITY', '/run/user/1000/.mutter-Xwaylandauth.H6FRS3'), ('LS_COLORS', 'rs=0:di=01;34:ln=01;36:mh=00:pi=40;33:so=01;35:do=01;35:bd=40;33;01:cd=40;33;01:or=40;31;01:mi=00:su=37;41:sg=30;43:ca=30;41:tw=30;42:ow=34;42:st=37;44:ex=01;32:*.tar=01;31:*.tgz=01;31:*.arc=01;31:*.arj=01;31:*.taz=01;31:*.lha=01;31:*.lz4=01;31:*.lzh=01;31:*.lzma=01;31:*.tlz=01;31:*.txz=01;31:*.tzo=01;31:*.t7z=01;31:*.zip=01;31:*.z=01;31:*.dz=01;31:*.gz=01;31:*.lrz=01;31:*.lz=01;31:*.lzo=01;31:*.xz=01;31:*.zst=01;31:*.tzst=01;31:*.bz2=01;31:*.bz=01;31:*.tbz=01;31:*.tbz2=01;31:*.tz=01;31:*.deb=01;31:*.rpm=01;31:*.jar=01;31:*.war=01;31:*.ear=01;31:*.sar=01;31:*.rar=01;31:*.alz=01;31:*.ace=01;31:*.zoo=01;31:*.cpio=01;31:*.7z=01;31:*.rz=01;31:*.cab=01;31:*.wim=01;31:*.swm=01;31:*.dwm=01;31:*.esd=01;31:*.jpg=01;35:*.jpeg=01;35:*.mjpg=01;35:*.mjpeg=01;35:*.gif=01;35:*.bmp=01;35:*.pbm=01;35:*.pgm=01;35:*.ppm=01;35:*.tga=01;35:*.xbm=01;35:*.xpm=01;35:*.tif=01;35:*.tiff=01;35:*.png=01;35:*.svg=01;35:*.svgz=01;35:*.mng=01;35:*.pcx=01;35:*.mov=01;35:*.mpg=01;35:*.mpeg=01;35:*.m2v=01;35:*.mkv=01;35:*.webm=01;35:*.webp=01;35:*.ogm=01;35:*.mp4=01;35:*.m4v=01;35:*.mp4v=01;35:*.vob=01;35:*.qt=01;35:*.nuv=01;35:*.wmv=01;35:*.asf=01;35:*.rm=01;35:*.rmvb=01;35:*.flc=01;35:*.avi=01;35:*.fli=01;35:*.flv=01;35:*.gl=01;35:*.dl=01;35:*.xcf=01;35:*.xwd=01;35:*.yuv=01;35:*.cgm=01;35:*.emf=01;35:*.ogv=01;35:*.ogx=01;35:*.aac=00;36:*.au=00;36:*.flac=00;36:*.m4a=00;36:*.mid=00;36:*.midi=00;36:*.mka=00;36:*.mp3=00;36:*.mpc=00;36:*.ogg=00;36:*.ra=00;36:*.wav=00;36:*.oga=00;36:*.opus=00;36:*.spx=00;36:*.xspf=00;36:'), ('GNOME_TERMINAL_SERVICE', ':1.155'), ('SSH_AGENT_LAUNCHER', 'gnome-keyring'), ('SSH_AUTH_SOCK', '/run/user/1000/keyring/ssh'), ('AMENT_PREFIX_PATH', '/home/starry1n/WUTA/WUTA-FSD/ros2_ws/install/wuta_msgs:/opt/ros/humble'), ('SHELL', '/bin/bash'), ('QT_ACCESSIBILITY', '1'), ('GDMSESSION', 'ubuntu'), ('LESSCLOSE', '/usr/bin/lesspipe %s %s'), ('QT_IM_MODULE', 'ibus'), ('PWD', '/home/starry1n/WUTA/WUTA-FSD/ros2_ws/build/wuta_tools'), ('XDG_CONFIG_DIRS', '/etc/xdg/xdg-ubuntu:/etc/xdg'), ('XDG_DATA_DIRS', '/usr/share/ubuntu:/usr/local/share/:/usr/share/:/var/lib/snapd/desktop'), ('PYTHONPATH', '/home/starry1n/WUTA/WUTA-FSD/ros2_ws/install/wuta_msgs/local/lib/python3.10/dist-packages:/opt/ros/humble/lib/python3.10/site-packages:/opt/ros/humble/local/lib/python3.10/dist-packages'), ('COLCON', '1'), ('VTE_VERSION', '6800'), ('CMAKE_PREFIX_PATH', '/home/starry1n/WUTA/WUTA-FSD/ros2_ws/install/wuta_msgs:/opt/ros/humble')]), 'shell': False}
[0.852780] (mission_manager) CommandEnded: {'returncode': 0}
[0.853452] (mission_manager) JobProgress: {'identifier': 'mission_manager', 'progress': 'install'}
[0.853501] (mission_manager) Command: {'cmd': ['/usr/bin/cmake', '--install', '/home/starry1n/WUTA/WUTA-FSD/ros2_ws/build/mission_manager'], 'cwd': '/home/starry1n/WUTA/WUTA-FSD/ros2_ws/build/mission_manager', 'env': OrderedDict([('LESSOPEN', '| /usr/bin/lesspipe %s'), ('LANGUAGE', 'zh_CN:zh'), ('USER', 'starry1n'), ('XDG_SESSION_TYPE', 'wayland'), ('SHLVL', '3'), ('LD_LIBRARY_PATH', '/home/starry1n/WUTA/WUTA-FSD/ros2_ws/install/wuta_msgs/lib:/opt/ros/humble/opt/rviz_ogre_vendor/lib:/opt/ros/humble/lib/x86_64-linux-gnu:/opt/ros/humble/lib'), ('HOME', '/home/starry1n'), ('OLDPWD', '/home/starry1n/WUTA/WUTA-FSD'), ('DESKTOP_SESSION', 'ubuntu'), ('ROS_PYTHON_VERSION', '3'), ('GNOME_SHELL_SESSION_MODE', 'ubuntu'), ('GTK_MODULES', 'gail:atk-bridge'), ('SYSTEMD_EXEC_PID', '2566'), ('DBUS_SESSION_BUS_ADDRESS', 'unix:path=/run/user/1000/bus'), ('COLORTERM', 'truecolor'), ('IM_CONFIG_PHASE', '1'), ('WAYLAND_DISPLAY', 'wayland-0'), ('ROS_DISTRO', 'humble'), ('LOGNAME', 'starry1n'), ('_', '/usr/bin/colcon'), ('ROS_VERSION', '2'), ('XDG_SESSION_CLASS', 'user'), ('USERNAME', 'starry1n'), ('TERM', 'xterm-256color'), ('GNOME_DESKTOP_SESSION_ID', 'this-is-deprecated'), ('ROS_LOCALHOST_ONLY', '0'), ('PATH', '/home/starry1n/.local/bin:/opt/ros/humble/bin:/home/starry1n/.local/bin:/usr/local/sbin:/usr/local/bin:/usr/sbin:/usr/bin:/sbin:/bin:/usr/games:/usr/local/games:/snap/bin:/snap/bin'), ('SESSION_MANAGER', 'local/starry1n-virtual-machine:@/tmp/.ICE-unix/2321,unix/starry1n-virtual-machine:/tmp/.ICE-unix/2321'), ('XDG_MENU_PREFIX', 'gnome-'), ('GNOME_TERMINAL_SCREEN', '/org/gnome/Terminal/screen/948911c1_b87d_475f_a792_006550dcd166'), ('GNOME_SETUP_DISPLAY', ':1'), ('XDG_RUNTIME_DIR', '/run/user/1000'), ('DISPLAY', ':0'), ('LANG', 'zh_CN.UTF-8'), ('XDG_CURRENT_DESKTOP', 'ubuntu:GNOME'), ('XMODIFIERS', '@im=ibus'), ('XDG_SESSION_DESKTOP', 'ubuntu'), ('XAUTHORITY', '/run/user/1000/.mutter-Xwaylandauth.H6FRS3'), ('LS_COLORS', 'rs=0:di=01;34:ln=01;36:mh=00:pi=40;33:so=01;35:do=01;35:bd=40;33;01:cd=40;33;01:or=40;31;01:mi=00:su=37;41:sg=30;43:ca=30;41:tw=30;42:ow=34;42:st=37;44:ex=01;32:*.tar=01;31:*.tgz=01;31:*.arc=01;31:*.arj=01;31:*.taz=01;31:*.lha=01;31:*.lz4=01;31:*.lzh=01;31:*.lzma=01;31:*.tlz=01;31:*.txz=01;31:*.tzo=01;31:*.t7z=01;31:*.zip=01;31:*.z=01;31:*.dz=01;31:*.gz=01;31:*.lrz=01;31:*.lz=01;31:*.lzo=01;31:*.xz=01;31:*.zst=01;31:*.tzst=01;31:*.bz2=01;31:*.bz=01;31:*.tbz=01;31:*.tbz2=01;31:*.tz=01;31:*.deb=01;31:*.rpm=01;31:*.jar=01;31:*.war=01;31:*.ear=01;31:*.sar=01;31:*.rar=01;31:*.alz=01;31:*.ace=01;31:*.zoo=01;31:*.cpio=01;31:*.7z=01;31:*.rz=01;31:*.cab=01;31:*.wim=01;31:*.swm=01;31:*.dwm=01;31:*.esd=01;31:*.jpg=01;35:*.jpeg=01;35:*.mjpg=01;35:*.mjpeg=01;35:*.gif=01;35:*.bmp=01;35:*.pbm=01;35:*.pgm=01;35:*.ppm=01;35:*.tga=01;35:*.xbm=01;35:*.xpm=01;35:*.tif=01;35:*.tiff=01;35:*.png=01;35:*.svg=01;35:*.svgz=01;35:*.mng=01;35:*.pcx=01;35:*.mov=01;35:*.mpg=01;35:*.mpeg=01;35:*.m2v=01;35:*.mkv=01;35:*.webm=01;35:*.webp=01;35:*.ogm=01;35:*.mp4=01;35:*.m4v=01;35:*.mp4v=01;35:*.vob=01;35:*.qt=01;35:*.nuv=01;35:*.wmv=01;35:*.asf=01;35:*.rm=01;35:*.rmvb=01;35:*.flc=01;35:*.avi=01;35:*.fli=01;35:*.flv=01;35:*.gl=01;35:*.dl=01;35:*.xcf=01;35:*.xwd=01;35:*.yuv=01;35:*.cgm=01;35:*.emf=01;35:*.ogv=01;35:*.ogx=01;35:*.aac=00;36:*.au=00;36:*.flac=00;36:*.m4a=00;36:*.mid=00;36:*.midi=00;36:*.mka=00;36:*.mp3=00;36:*.mpc=00;36:*.ogg=00;36:*.ra=00;36:*.wav=00;36:*.oga=00;36:*.opus=00;36:*.spx=00;36:*.xspf=00;36:'), ('GNOME_TERMINAL_SERVICE', ':1.155'), ('SSH_AGENT_LAUNCHER', 'gnome-keyring'), ('SSH_AUTH_SOCK', '/run/user/1000/keyring/ssh'), ('AMENT_PREFIX_PATH', '/home/starry1n/WUTA/WUTA-FSD/ros2_ws/install/wuta_msgs:/opt/ros/humble'), ('SHELL', '/bin/bash'), ('QT_ACCESSIBILITY', '1'), ('GDMSESSION', 'ubuntu'), ('LESSCLOSE', '/usr/bin/lesspipe %s %s'), ('QT_IM_MODULE', 'ibus'), ('PWD', '/home/starry1n/WUTA/WUTA-FSD/ros2_ws/build/mission_manager'), ('XDG_CONFIG_DIRS', '/etc/xdg/xdg-ubuntu:/etc/xdg'), ('XDG_DATA_DIRS', '/usr/share/ubuntu:/usr/local/share/:/usr/share/:/var/lib/snapd/desktop'), ('PYTHONPATH', '/home/starry1n/WUTA/WUTA-FSD/ros2_ws/install/wuta_msgs/local/lib/python3.10/dist-packages:/opt/ros/humble/lib/python3.10/site-packages:/opt/ros/humble/local/lib/python3.10/dist-packages'), ('COLCON', '1'), ('VTE_VERSION', '6800'), ('CMAKE_PREFIX_PATH', '/home/starry1n/WUTA/WUTA-FSD/ros2_ws/install/wuta_msgs:/opt/ros/humble')]), 'shell': False}
[0.859669] (mission_manager) StdoutLine: {'line': b'-- Install configuration: ""\n'}
[0.860527] (mission_manager) StdoutLine: {'line': b'-- Execute custom install script\n'}
[0.860793] (mission_manager) StdoutLine: {'line': b'-- Up-to-date symlink: /home/starry1n/WUTA/WUTA-FSD/ros2_ws/install/mission_manager/lib/mission_manager/mission_manager_node\n'}
[0.861154] (mission_manager) StdoutLine: {'line': b'-- Up-to-date symlink: /home/starry1n/WUTA/WUTA-FSD/ros2_ws/install/mission_manager/share/mission_manager/config/.gitkeep\n'}
[0.861594] (mission_manager) StdoutLine: {'line': b'-- Up-to-date symlink: /home/starry1n/WUTA/WUTA-FSD/ros2_ws/install/mission_manager/share/ament_index/resource_index/package_run_dependencies/mission_manager\n'}
[0.861880] (mission_manager) StdoutLine: {'line': b'-- Up-to-date symlink: /home/starry1n/WUTA/WUTA-FSD/ros2_ws/install/mission_manager/share/ament_index/resource_index/parent_prefix_path/mission_manager\n'}
[0.862228] (mission_manager) StdoutLine: {'line': b'-- Up-to-date symlink: /home/starry1n/WUTA/WUTA-FSD/ros2_ws/install/mission_manager/share/mission_manager/environment/ament_prefix_path.sh\n'}
[0.862440] (mission_manager) StdoutLine: {'line': b'-- Up-to-date symlink: /home/starry1n/WUTA/WUTA-FSD/ros2_ws/install/mission_manager/share/mission_manager/environment/ament_prefix_path.dsv\n'}
[0.862572] (mission_manager) StdoutLine: {'line': b'-- Up-to-date symlink: /home/starry1n/WUTA/WUTA-FSD/ros2_ws/install/mission_manager/share/mission_manager/environment/path.sh\n'}
[0.862622] (mission_manager) StdoutLine: {'line': b'-- Up-to-date symlink: /home/starry1n/WUTA/WUTA-FSD/ros2_ws/install/mission_manager/share/mission_manager/environment/path.dsv\n'}
[0.862658] (mission_manager) StdoutLine: {'line': b'-- Up-to-date symlink: /home/starry1n/WUTA/WUTA-FSD/ros2_ws/install/mission_manager/share/mission_manager/local_setup.bash\n'}
[0.862696] (mission_manager) StdoutLine: {'line': b'-- Up-to-date symlink: /home/starry1n/WUTA/WUTA-FSD/ros2_ws/install/mission_manager/share/mission_manager/local_setup.sh\n'}
[0.862727] (mission_manager) StdoutLine: {'line': b'-- Up-to-date symlink: /home/starry1n/WUTA/WUTA-FSD/ros2_ws/install/mission_manager/share/mission_manager/local_setup.zsh\n'}
[0.862758] (mission_manager) StdoutLine: {'line': b'-- Up-to-date symlink: /home/starry1n/WUTA/WUTA-FSD/ros2_ws/install/mission_manager/share/mission_manager/local_setup.dsv\n'}
[0.862788] (mission_manager) StdoutLine: {'line': b'-- Symlinking: /home/starry1n/WUTA/WUTA-FSD/ros2_ws/install/mission_manager/share/mission_manager/package.dsv\n'}
[0.873755] (path_generator) StdoutLine: {'line': b'[100%] Built target path_generator_node\n'}
[0.874314] (mission_manager) StdoutLine: {'line': b'-- Up-to-date symlink: /home/starry1n/WUTA/WUTA-FSD/ros2_ws/install/mission_manager/share/ament_index/resource_index/packages/mission_manager\n'}
[0.874592] (mission_manager) StdoutLine: {'line': b'-- Up-to-date symlink: /home/starry1n/WUTA/WUTA-FSD/ros2_ws/install/mission_manager/share/mission_manager/cmake/mission_managerConfig.cmake\n'}
[0.875025] (mission_manager) StdoutLine: {'line': b'-- Up-to-date symlink: /home/starry1n/WUTA/WUTA-FSD/ros2_ws/install/mission_manager/share/mission_manager/cmake/mission_managerConfig-version.cmake\n'}
[0.875371] (mission_manager) StdoutLine: {'line': b'-- Up-to-date symlink: /home/starry1n/WUTA/WUTA-FSD/ros2_ws/install/mission_manager/share/mission_manager/package.xml\n'}
[0.875462] (mission_manager) CommandEnded: {'returncode': 0}
[0.876013] (ndt_localization) StdoutLine: {'line': b'[ 50%] Built target ndt_localization_node\n'}
[0.876282] (ndt_localization) StdoutLine: {'line': b'[100%] Built target map_saver_node\n'}
[0.889419] (mission_manager) JobEnded: {'identifier': 'mission_manager', 'rc': 0}
[0.892029] (path_generator) CommandEnded: {'returncode': 0}
[0.892269] (path_generator) JobProgress: {'identifier': 'path_generator', 'progress': 'install'}
[0.892290] (path_generator) Command: {'cmd': ['/usr/bin/cmake', '--install', '/home/starry1n/WUTA/WUTA-FSD/ros2_ws/build/path_generator'], 'cwd': '/home/starry1n/WUTA/WUTA-FSD/ros2_ws/build/path_generator', 'env': OrderedDict([('LESSOPEN', '| /usr/bin/lesspipe %s'), ('LANGUAGE', 'zh_CN:zh'), ('USER', 'starry1n'), ('XDG_SESSION_TYPE', 'wayland'), ('SHLVL', '3'), ('LD_LIBRARY_PATH', '/home/starry1n/WUTA/WUTA-FSD/ros2_ws/install/wuta_msgs/lib:/home/starry1n/WUTA/WUTA-FSD/ros2_ws/install/autoware_msgs/lib:/opt/ros/humble/opt/rviz_ogre_vendor/lib:/opt/ros/humble/lib/x86_64-linux-gnu:/opt/ros/humble/lib'), ('HOME', '/home/starry1n'), ('OLDPWD', '/home/starry1n/WUTA/WUTA-FSD'), ('DESKTOP_SESSION', 'ubuntu'), ('ROS_PYTHON_VERSION', '3'), ('GNOME_SHELL_SESSION_MODE', 'ubuntu'), ('GTK_MODULES', 'gail:atk-bridge'), ('SYSTEMD_EXEC_PID', '2566'), ('DBUS_SESSION_BUS_ADDRESS', 'unix:path=/run/user/1000/bus'), ('COLORTERM', 'truecolor'), ('IM_CONFIG_PHASE', '1'), ('WAYLAND_DISPLAY', 'wayland-0'), ('ROS_DISTRO', 'humble'), ('LOGNAME', 'starry1n'), ('_', '/usr/bin/colcon'), ('ROS_VERSION', '2'), ('XDG_SESSION_CLASS', 'user'), ('USERNAME', 'starry1n'), ('TERM', 'xterm-256color'), ('GNOME_DESKTOP_SESSION_ID', 'this-is-deprecated'), ('ROS_LOCALHOST_ONLY', '0'), ('PATH', '/home/starry1n/.local/bin:/opt/ros/humble/bin:/home/starry1n/.local/bin:/usr/local/sbin:/usr/local/bin:/usr/sbin:/usr/bin:/sbin:/bin:/usr/games:/usr/local/games:/snap/bin:/snap/bin'), ('SESSION_MANAGER', 'local/starry1n-virtual-machine:@/tmp/.ICE-unix/2321,unix/starry1n-virtual-machine:/tmp/.ICE-unix/2321'), ('XDG_MENU_PREFIX', 'gnome-'), ('GNOME_TERMINAL_SCREEN', '/org/gnome/Terminal/screen/948911c1_b87d_475f_a792_006550dcd166'), ('GNOME_SETUP_DISPLAY', ':1'), ('XDG_RUNTIME_DIR', '/run/user/1000'), ('DISPLAY', ':0'), ('LANG', 'zh_CN.UTF-8'), ('XDG_CURRENT_DESKTOP', 'ubuntu:GNOME'), ('XMODIFIERS', '@im=ibus'), ('XDG_SESSION_DESKTOP', 'ubuntu'), ('XAUTHORITY', '/run/user/1000/.mutter-Xwaylandauth.H6FRS3'), ('LS_COLORS', 'rs=0:di=01;34:ln=01;36:mh=00:pi=40;33:so=01;35:do=01;35:bd=40;33;01:cd=40;33;01:or=40;31;01:mi=00:su=37;41:sg=30;43:ca=30;41:tw=30;42:ow=34;42:st=37;44:ex=01;32:*.tar=01;31:*.tgz=01;31:*.arc=01;31:*.arj=01;31:*.taz=01;31:*.lha=01;31:*.lz4=01;31:*.lzh=01;31:*.lzma=01;31:*.tlz=01;31:*.txz=01;31:*.tzo=01;31:*.t7z=01;31:*.zip=01;31:*.z=01;31:*.dz=01;31:*.gz=01;31:*.lrz=01;31:*.lz=01;31:*.lzo=01;31:*.xz=01;31:*.zst=01;31:*.tzst=01;31:*.bz2=01;31:*.bz=01;31:*.tbz=01;31:*.tbz2=01;31:*.tz=01;31:*.deb=01;31:*.rpm=01;31:*.jar=01;31:*.war=01;31:*.ear=01;31:*.sar=01;31:*.rar=01;31:*.alz=01;31:*.ace=01;31:*.zoo=01;31:*.cpio=01;31:*.7z=01;31:*.rz=01;31:*.cab=01;31:*.wim=01;31:*.swm=01;31:*.dwm=01;31:*.esd=01;31:*.jpg=01;35:*.jpeg=01;35:*.mjpg=01;35:*.mjpeg=01;35:*.gif=01;35:*.bmp=01;35:*.pbm=01;35:*.pgm=01;35:*.ppm=01;35:*.tga=01;35:*.xbm=01;35:*.xpm=01;35:*.tif=01;35:*.tiff=01;35:*.png=01;35:*.svg=01;35:*.svgz=01;35:*.mng=01;35:*.pcx=01;35:*.mov=01;35:*.mpg=01;35:*.mpeg=01;35:*.m2v=01;35:*.mkv=01;35:*.webm=01;35:*.webp=01;35:*.ogm=01;35:*.mp4=01;35:*.m4v=01;35:*.mp4v=01;35:*.vob=01;35:*.qt=01;35:*.nuv=01;35:*.wmv=01;35:*.asf=01;35:*.rm=01;35:*.rmvb=01;35:*.flc=01;35:*.avi=01;35:*.fli=01;35:*.flv=01;35:*.gl=01;35:*.dl=01;35:*.xcf=01;35:*.xwd=01;35:*.yuv=01;35:*.cgm=01;35:*.emf=01;35:*.ogv=01;35:*.ogx=01;35:*.aac=00;36:*.au=00;36:*.flac=00;36:*.m4a=00;36:*.mid=00;36:*.midi=00;36:*.mka=00;36:*.mp3=00;36:*.mpc=00;36:*.ogg=00;36:*.ra=00;36:*.wav=00;36:*.oga=00;36:*.opus=00;36:*.spx=00;36:*.xspf=00;36:'), ('GNOME_TERMINAL_SERVICE', ':1.155'), ('SSH_AGENT_LAUNCHER', 'gnome-keyring'), ('SSH_AUTH_SOCK', '/run/user/1000/keyring/ssh'), ('AMENT_PREFIX_PATH', '/home/starry1n/WUTA/WUTA-FSD/ros2_ws/install/wuta_msgs:/home/starry1n/WUTA/WUTA-FSD/ros2_ws/install/autoware_msgs:/opt/ros/humble'), ('SHELL', '/bin/bash'), ('QT_ACCESSIBILITY', '1'), ('GDMSESSION', 'ubuntu'), ('LESSCLOSE', '/usr/bin/lesspipe %s %s'), ('QT_IM_MODULE', 'ibus'), ('PWD', '/home/starry1n/WUTA/WUTA-FSD/ros2_ws/build/path_generator'), ('XDG_CONFIG_DIRS', '/etc/xdg/xdg-ubuntu:/etc/xdg'), ('XDG_DATA_DIRS', '/usr/share/ubuntu:/usr/local/share/:/usr/share/:/var/lib/snapd/desktop'), ('PYTHONPATH', '/home/starry1n/WUTA/WUTA-FSD/ros2_ws/install/wuta_msgs/local/lib/python3.10/dist-packages:/home/starry1n/WUTA/WUTA-FSD/ros2_ws/install/autoware_msgs/local/lib/python3.10/dist-packages:/opt/ros/humble/lib/python3.10/site-packages:/opt/ros/humble/local/lib/python3.10/dist-packages'), ('COLCON', '1'), ('VTE_VERSION', '6800'), ('CMAKE_PREFIX_PATH', '/home/starry1n/WUTA/WUTA-FSD/ros2_ws/install/wuta_msgs:/home/starry1n/WUTA/WUTA-FSD/ros2_ws/install/autoware_msgs:/opt/ros/humble')]), 'shell': False}
[0.893105] (wuta_tools) CommandEnded: {'returncode': 0}
[0.893816] (wuta_tools) JobProgress: {'identifier': 'wuta_tools', 'progress': 'install'}
[0.894305] (wuta_tools) Command: {'cmd': ['/usr/bin/cmake', '--install', '/home/starry1n/WUTA/WUTA-FSD/ros2_ws/build/wuta_tools'], 'cwd': '/home/starry1n/WUTA/WUTA-FSD/ros2_ws/build/wuta_tools', 'env': OrderedDict([('LESSOPEN', '| /usr/bin/lesspipe %s'), ('LANGUAGE', 'zh_CN:zh'), ('USER', 'starry1n'), ('XDG_SESSION_TYPE', 'wayland'), ('SHLVL', '3'), ('LD_LIBRARY_PATH', '/home/starry1n/WUTA/WUTA-FSD/ros2_ws/install/wuta_msgs/lib:/opt/ros/humble/opt/rviz_ogre_vendor/lib:/opt/ros/humble/lib/x86_64-linux-gnu:/opt/ros/humble/lib'), ('HOME', '/home/starry1n'), ('OLDPWD', '/home/starry1n/WUTA/WUTA-FSD'), ('DESKTOP_SESSION', 'ubuntu'), ('ROS_PYTHON_VERSION', '3'), ('GNOME_SHELL_SESSION_MODE', 'ubuntu'), ('GTK_MODULES', 'gail:atk-bridge'), ('SYSTEMD_EXEC_PID', '2566'), ('DBUS_SESSION_BUS_ADDRESS', 'unix:path=/run/user/1000/bus'), ('COLORTERM', 'truecolor'), ('IM_CONFIG_PHASE', '1'), ('WAYLAND_DISPLAY', 'wayland-0'), ('ROS_DISTRO', 'humble'), ('LOGNAME', 'starry1n'), ('_', '/usr/bin/colcon'), ('ROS_VERSION', '2'), ('XDG_SESSION_CLASS', 'user'), ('USERNAME', 'starry1n'), ('TERM', 'xterm-256color'), ('GNOME_DESKTOP_SESSION_ID', 'this-is-deprecated'), ('ROS_LOCALHOST_ONLY', '0'), ('PATH', '/home/starry1n/.local/bin:/opt/ros/humble/bin:/home/starry1n/.local/bin:/usr/local/sbin:/usr/local/bin:/usr/sbin:/usr/bin:/sbin:/bin:/usr/games:/usr/local/games:/snap/bin:/snap/bin'), ('SESSION_MANAGER', 'local/starry1n-virtual-machine:@/tmp/.ICE-unix/2321,unix/starry1n-virtual-machine:/tmp/.ICE-unix/2321'), ('XDG_MENU_PREFIX', 'gnome-'), ('GNOME_TERMINAL_SCREEN', '/org/gnome/Terminal/screen/948911c1_b87d_475f_a792_006550dcd166'), ('GNOME_SETUP_DISPLAY', ':1'), ('XDG_RUNTIME_DIR', '/run/user/1000'), ('DISPLAY', ':0'), ('LANG', 'zh_CN.UTF-8'), ('XDG_CURRENT_DESKTOP', 'ubuntu:GNOME'), ('XMODIFIERS', '@im=ibus'), ('XDG_SESSION_DESKTOP', 'ubuntu'), ('XAUTHORITY', '/run/user/1000/.mutter-Xwaylandauth.H6FRS3'), ('LS_COLORS', 'rs=0:di=01;34:ln=01;36:mh=00:pi=40;33:so=01;35:do=01;35:bd=40;33;01:cd=40;33;01:or=40;31;01:mi=00:su=37;41:sg=30;43:ca=30;41:tw=30;42:ow=34;42:st=37;44:ex=01;32:*.tar=01;31:*.tgz=01;31:*.arc=01;31:*.arj=01;31:*.taz=01;31:*.lha=01;31:*.lz4=01;31:*.lzh=01;31:*.lzma=01;31:*.tlz=01;31:*.txz=01;31:*.tzo=01;31:*.t7z=01;31:*.zip=01;31:*.z=01;31:*.dz=01;31:*.gz=01;31:*.lrz=01;31:*.lz=01;31:*.lzo=01;31:*.xz=01;31:*.zst=01;31:*.tzst=01;31:*.bz2=01;31:*.bz=01;31:*.tbz=01;31:*.tbz2=01;31:*.tz=01;31:*.deb=01;31:*.rpm=01;31:*.jar=01;31:*.war=01;31:*.ear=01;31:*.sar=01;31:*.rar=01;31:*.alz=01;31:*.ace=01;31:*.zoo=01;31:*.cpio=01;31:*.7z=01;31:*.rz=01;31:*.cab=01;31:*.wim=01;31:*.swm=01;31:*.dwm=01;31:*.esd=01;31:*.jpg=01;35:*.jpeg=01;35:*.mjpg=01;35:*.mjpeg=01;35:*.gif=01;35:*.bmp=01;35:*.pbm=01;35:*.pgm=01;35:*.ppm=01;35:*.tga=01;35:*.xbm=01;35:*.xpm=01;35:*.tif=01;35:*.tiff=01;35:*.png=01;35:*.svg=01;35:*.svgz=01;35:*.mng=01;35:*.pcx=01;35:*.mov=01;35:*.mpg=01;35:*.mpeg=01;35:*.m2v=01;35:*.mkv=01;35:*.webm=01;35:*.webp=01;35:*.ogm=01;35:*.mp4=01;35:*.m4v=01;35:*.mp4v=01;35:*.vob=01;35:*.qt=01;35:*.nuv=01;35:*.wmv=01;35:*.asf=01;35:*.rm=01;35:*.rmvb=01;35:*.flc=01;35:*.avi=01;35:*.fli=01;35:*.flv=01;35:*.gl=01;35:*.dl=01;35:*.xcf=01;35:*.xwd=01;35:*.yuv=01;35:*.cgm=01;35:*.emf=01;35:*.ogv=01;35:*.ogx=01;35:*.aac=00;36:*.au=00;36:*.flac=00;36:*.m4a=00;36:*.mid=00;36:*.midi=00;36:*.mka=00;36:*.mp3=00;36:*.mpc=00;36:*.ogg=00;36:*.ra=00;36:*.wav=00;36:*.oga=00;36:*.opus=00;36:*.spx=00;36:*.xspf=00;36:'), ('GNOME_TERMINAL_SERVICE', ':1.155'), ('SSH_AGENT_LAUNCHER', 'gnome-keyring'), ('SSH_AUTH_SOCK', '/run/user/1000/keyring/ssh'), ('AMENT_PREFIX_PATH', '/home/starry1n/WUTA/WUTA-FSD/ros2_ws/install/wuta_msgs:/opt/ros/humble'), ('SHELL', '/bin/bash'), ('QT_ACCESSIBILITY', '1'), ('GDMSESSION', 'ubuntu'), ('LESSCLOSE', '/usr/bin/lesspipe %s %s'), ('QT_IM_MODULE', 'ibus'), ('PWD', '/home/starry1n/WUTA/WUTA-FSD/ros2_ws/build/wuta_tools'), ('XDG_CONFIG_DIRS', '/etc/xdg/xdg-ubuntu:/etc/xdg'), ('XDG_DATA_DIRS', '/usr/share/ubuntu:/usr/local/share/:/usr/share/:/var/lib/snapd/desktop'), ('PYTHONPATH', '/home/starry1n/WUTA/WUTA-FSD/ros2_ws/install/wuta_msgs/local/lib/python3.10/dist-packages:/opt/ros/humble/lib/python3.10/site-packages:/opt/ros/humble/local/lib/python3.10/dist-packages'), ('COLCON', '1'), ('VTE_VERSION', '6800'), ('CMAKE_PREFIX_PATH', '/home/starry1n/WUTA/WUTA-FSD/ros2_ws/install/wuta_msgs:/opt/ros/humble')]), 'shell': False}
[0.894785] (ndt_localization) CommandEnded: {'returncode': 0}
[0.896910] (ndt_localization) JobProgress: {'identifier': 'ndt_localization', 'progress': 'install'}
[0.897960] (ndt_localization) Command: {'cmd': ['/usr/bin/cmake', '--install', '/home/starry1n/WUTA/WUTA-FSD/ros2_ws/build/ndt_localization'], 'cwd': '/home/starry1n/WUTA/WUTA-FSD/ros2_ws/build/ndt_localization', 'env': OrderedDict([('LESSOPEN', '| /usr/bin/lesspipe %s'), ('LANGUAGE', 'zh_CN:zh'), ('USER', 'starry1n'), ('XDG_SESSION_TYPE', 'wayland'), ('SHLVL', '3'), ('LD_LIBRARY_PATH', '/home/starry1n/WUTA/WUTA-FSD/ros2_ws/install/wuta_msgs/lib:/opt/ros/humble/opt/rviz_ogre_vendor/lib:/opt/ros/humble/lib/x86_64-linux-gnu:/opt/ros/humble/lib'), ('HOME', '/home/starry1n'), ('OLDPWD', '/home/starry1n/WUTA/WUTA-FSD'), ('DESKTOP_SESSION', 'ubuntu'), ('ROS_PYTHON_VERSION', '3'), ('GNOME_SHELL_SESSION_MODE', 'ubuntu'), ('GTK_MODULES', 'gail:atk-bridge'), ('SYSTEMD_EXEC_PID', '2566'), ('DBUS_SESSION_BUS_ADDRESS', 'unix:path=/run/user/1000/bus'), ('COLORTERM', 'truecolor'), ('IM_CONFIG_PHASE', '1'), ('WAYLAND_DISPLAY', 'wayland-0'), ('ROS_DISTRO', 'humble'), ('LOGNAME', 'starry1n'), ('_', '/usr/bin/colcon'), ('ROS_VERSION', '2'), ('XDG_SESSION_CLASS', 'user'), ('USERNAME', 'starry1n'), ('TERM', 'xterm-256color'), ('GNOME_DESKTOP_SESSION_ID', 'this-is-deprecated'), ('ROS_LOCALHOST_ONLY', '0'), ('PATH', '/home/starry1n/.local/bin:/opt/ros/humble/bin:/home/starry1n/.local/bin:/usr/local/sbin:/usr/local/bin:/usr/sbin:/usr/bin:/sbin:/bin:/usr/games:/usr/local/games:/snap/bin:/snap/bin'), ('SESSION_MANAGER', 'local/starry1n-virtual-machine:@/tmp/.ICE-unix/2321,unix/starry1n-virtual-machine:/tmp/.ICE-unix/2321'), ('XDG_MENU_PREFIX', 'gnome-'), ('GNOME_TERMINAL_SCREEN', '/org/gnome/Terminal/screen/948911c1_b87d_475f_a792_006550dcd166'), ('GNOME_SETUP_DISPLAY', ':1'), ('XDG_RUNTIME_DIR', '/run/user/1000'), ('DISPLAY', ':0'), ('LANG', 'zh_CN.UTF-8'), ('XDG_CURRENT_DESKTOP', 'ubuntu:GNOME'), ('XMODIFIERS', '@im=ibus'), ('XDG_SESSION_DESKTOP', 'ubuntu'), ('XAUTHORITY', '/run/user/1000/.mutter-Xwaylandauth.H6FRS3'), ('LS_COLORS', 'rs=0:di=01;34:ln=01;36:mh=00:pi=40;33:so=01;35:do=01;35:bd=40;33;01:cd=40;33;01:or=40;31;01:mi=00:su=37;41:sg=30;43:ca=30;41:tw=30;42:ow=34;42:st=37;44:ex=01;32:*.tar=01;31:*.tgz=01;31:*.arc=01;31:*.arj=01;31:*.taz=01;31:*.lha=01;31:*.lz4=01;31:*.lzh=01;31:*.lzma=01;31:*.tlz=01;31:*.txz=01;31:*.tzo=01;31:*.t7z=01;31:*.zip=01;31:*.z=01;31:*.dz=01;31:*.gz=01;31:*.lrz=01;31:*.lz=01;31:*.lzo=01;31:*.xz=01;31:*.zst=01;31:*.tzst=01;31:*.bz2=01;31:*.bz=01;31:*.tbz=01;31:*.tbz2=01;31:*.tz=01;31:*.deb=01;31:*.rpm=01;31:*.jar=01;31:*.war=01;31:*.ear=01;31:*.sar=01;31:*.rar=01;31:*.alz=01;31:*.ace=01;31:*.zoo=01;31:*.cpio=01;31:*.7z=01;31:*.rz=01;31:*.cab=01;31:*.wim=01;31:*.swm=01;31:*.dwm=01;31:*.esd=01;31:*.jpg=01;35:*.jpeg=01;35:*.mjpg=01;35:*.mjpeg=01;35:*.gif=01;35:*.bmp=01;35:*.pbm=01;35:*.pgm=01;35:*.ppm=01;35:*.tga=01;35:*.xbm=01;35:*.xpm=01;35:*.tif=01;35:*.tiff=01;35:*.png=01;35:*.svg=01;35:*.svgz=01;35:*.mng=01;35:*.pcx=01;35:*.mov=01;35:*.mpg=01;35:*.mpeg=01;35:*.m2v=01;35:*.mkv=01;35:*.webm=01;35:*.webp=01;35:*.ogm=01;35:*.mp4=01;35:*.m4v=01;35:*.mp4v=01;35:*.vob=01;35:*.qt=01;35:*.nuv=01;35:*.wmv=01;35:*.asf=01;35:*.rm=01;35:*.rmvb=01;35:*.flc=01;35:*.avi=01;35:*.fli=01;35:*.flv=01;35:*.gl=01;35:*.dl=01;35:*.xcf=01;35:*.xwd=01;35:*.yuv=01;35:*.cgm=01;35:*.emf=01;35:*.ogv=01;35:*.ogx=01;35:*.aac=00;36:*.au=00;36:*.flac=00;36:*.m4a=00;36:*.mid=00;36:*.midi=00;36:*.mka=00;36:*.mp3=00;36:*.mpc=00;36:*.ogg=00;36:*.ra=00;36:*.wav=00;36:*.oga=00;36:*.opus=00;36:*.spx=00;36:*.xspf=00;36:'), ('GNOME_TERMINAL_SERVICE', ':1.155'), ('SSH_AGENT_LAUNCHER', 'gnome-keyring'), ('SSH_AUTH_SOCK', '/run/user/1000/keyring/ssh'), ('AMENT_PREFIX_PATH', '/home/starry1n/WUTA/WUTA-FSD/ros2_ws/install/wuta_msgs:/opt/ros/humble'), ('SHELL', '/bin/bash'), ('QT_ACCESSIBILITY', '1'), ('GDMSESSION', 'ubuntu'), ('LESSCLOSE', '/usr/bin/lesspipe %s %s'), ('QT_IM_MODULE', 'ibus'), ('PWD', '/home/starry1n/WUTA/WUTA-FSD/ros2_ws/build/ndt_localization'), ('XDG_CONFIG_DIRS', '/etc/xdg/xdg-ubuntu:/etc/xdg'), ('XDG_DATA_DIRS', '/usr/share/ubuntu:/usr/local/share/:/usr/share/:/var/lib/snapd/desktop'), ('PYTHONPATH', '/home/starry1n/WUTA/WUTA-FSD/ros2_ws/install/wuta_msgs/local/lib/python3.10/dist-packages:/opt/ros/humble/lib/python3.10/site-packages:/opt/ros/humble/local/lib/python3.10/dist-packages'), ('COLCON', '1'), ('VTE_VERSION', '6800'), ('CMAKE_PREFIX_PATH', '/home/starry1n/WUTA/WUTA-FSD/ros2_ws/install/wuta_msgs:/opt/ros/humble')]), 'shell': False}
[0.900424] (path_generator) StdoutLine: {'line': b'-- Install configuration: ""\n'}
[0.900754] (path_generator) StdoutLine: {'line': b'-- Execute custom install script\n'}
[0.901152] (path_generator) StdoutLine: {'line': b'-- Up-to-date symlink: /home/starry1n/WUTA/WUTA-FSD/ros2_ws/install/path_generator/lib/path_generator/path_generator_node\n'}
[0.901206] (path_generator) StdoutLine: {'line': b'-- Up-to-date symlink: /home/starry1n/WUTA/WUTA-FSD/ros2_ws/install/path_generator/share/path_generator/config/path_generator.yaml\n'}
[0.901243] (path_generator) StdoutLine: {'line': b'-- Up-to-date symlink: /home/starry1n/WUTA/WUTA-FSD/ros2_ws/install/path_generator/share/ament_index/resource_index/package_run_dependencies/path_generator\n'}
[0.901275] (path_generator) StdoutLine: {'line': b'-- Up-to-date symlink: /home/starry1n/WUTA/WUTA-FSD/ros2_ws/install/path_generator/share/ament_index/resource_index/parent_prefix_path/path_generator\n'}
[0.901305] (path_generator) StdoutLine: {'line': b'-- Up-to-date symlink: /home/starry1n/WUTA/WUTA-FSD/ros2_ws/install/path_generator/share/path_generator/environment/ament_prefix_path.sh\n'}
[0.901332] (path_generator) StdoutLine: {'line': b'-- Up-to-date symlink: /home/starry1n/WUTA/WUTA-FSD/ros2_ws/install/path_generator/share/path_generator/environment/ament_prefix_path.dsv\n'}
[0.901386] (path_generator) StdoutLine: {'line': b'-- Up-to-date symlink: /home/starry1n/WUTA/WUTA-FSD/ros2_ws/install/path_generator/share/path_generator/environment/path.sh\n'}
[0.901415] (path_generator) StdoutLine: {'line': b'-- Up-to-date symlink: /home/starry1n/WUTA/WUTA-FSD/ros2_ws/install/path_generator/share/path_generator/environment/path.dsv\n'}
[0.901442] (wuta_tools) StdoutLine: {'line': b'-- Install configuration: ""\n'}
[0.901488] (wuta_tools) StdoutLine: {'line': b'-- Execute custom install script\n'}
[0.901516] (wuta_tools) StdoutLine: {'line': b'-- Up-to-date symlink: /home/starry1n/WUTA/WUTA-FSD/ros2_ws/install/wuta_tools/share/ament_index/resource_index/package_run_dependencies/wuta_tools\n'}
[0.901543] (wuta_tools) StdoutLine: {'line': b'-- Up-to-date symlink: /home/starry1n/WUTA/WUTA-FSD/ros2_ws/install/wuta_tools/share/ament_index/resource_index/parent_prefix_path/wuta_tools\n'}
[0.901568] (wuta_tools) StdoutLine: {'line': b'-- Up-to-date symlink: /home/starry1n/WUTA/WUTA-FSD/ros2_ws/install/wuta_tools/share/wuta_tools/environment/ament_prefix_path.sh\n'}
[0.901592] (wuta_tools) StdoutLine: {'line': b'-- Up-to-date symlink: /home/starry1n/WUTA/WUTA-FSD/ros2_ws/install/wuta_tools/share/wuta_tools/environment/ament_prefix_path.dsv\n'}
[0.901615] (wuta_tools) StdoutLine: {'line': b'-- Up-to-date symlink: /home/starry1n/WUTA/WUTA-FSD/ros2_ws/install/wuta_tools/share/wuta_tools/environment/path.sh\n'}
[0.901640] (wuta_tools) StdoutLine: {'line': b'-- Up-to-date symlink: /home/starry1n/WUTA/WUTA-FSD/ros2_ws/install/wuta_tools/share/wuta_tools/environment/path.dsv\n'}
[0.901665] (wuta_tools) StdoutLine: {'line': b'-- Up-to-date symlink: /home/starry1n/WUTA/WUTA-FSD/ros2_ws/install/wuta_tools/share/wuta_tools/local_setup.bash\n'}
[0.901688] (wuta_tools) StdoutLine: {'line': b'-- Up-to-date symlink: /home/starry1n/WUTA/WUTA-FSD/ros2_ws/install/wuta_tools/share/wuta_tools/local_setup.sh\n'}
[0.901712] (wuta_tools) StdoutLine: {'line': b'-- Up-to-date symlink: /home/starry1n/WUTA/WUTA-FSD/ros2_ws/install/wuta_tools/share/wuta_tools/local_setup.zsh\n'}
[0.901737] (wuta_tools) StdoutLine: {'line': b'-- Up-to-date symlink: /home/starry1n/WUTA/WUTA-FSD/ros2_ws/install/wuta_tools/share/wuta_tools/local_setup.dsv\n'}
[0.901761] (wuta_tools) StdoutLine: {'line': b'-- Symlinking: /home/starry1n/WUTA/WUTA-FSD/ros2_ws/install/wuta_tools/share/wuta_tools/package.dsv\n'}
[0.903269] (path_generator) StdoutLine: {'line': b'-- Up-to-date symlink: /home/starry1n/WUTA/WUTA-FSD/ros2_ws/install/path_generator/share/path_generator/local_setup.bash\n'}
[0.903413] (path_generator) StdoutLine: {'line': b'-- Up-to-date symlink: /home/starry1n/WUTA/WUTA-FSD/ros2_ws/install/path_generator/share/path_generator/local_setup.sh\n'}
[0.903457] (path_generator) StdoutLine: {'line': b'-- Up-to-date symlink: /home/starry1n/WUTA/WUTA-FSD/ros2_ws/install/path_generator/share/path_generator/local_setup.zsh\n'}
[0.903502] (path_generator) StdoutLine: {'line': b'-- Up-to-date symlink: /home/starry1n/WUTA/WUTA-FSD/ros2_ws/install/path_generator/share/path_generator/local_setup.dsv\n'}
[0.903533] (path_generator) StdoutLine: {'line': b'-- Symlinking: /home/starry1n/WUTA/WUTA-FSD/ros2_ws/install/path_generator/share/path_generator/package.dsv\n'}
[0.903746] (ndt_localization) StdoutLine: {'line': b'-- Install configuration: ""\n'}
[0.903898] (ndt_localization) StdoutLine: {'line': b'-- Execute custom install script\n'}
[0.904093] (-) TimerEvent: {}
[0.904393] (ndt_localization) StdoutLine: {'line': b'-- Up-to-date symlink: /home/starry1n/WUTA/WUTA-FSD/ros2_ws/install/ndt_localization/lib/ndt_localization/ndt_localization_node\n'}
[0.904499] (ndt_localization) StdoutLine: {'line': b'-- Up-to-date symlink: /home/starry1n/WUTA/WUTA-FSD/ros2_ws/install/ndt_localization/lib/ndt_localization/map_saver_node\n'}
[0.904547] (ndt_localization) StdoutLine: {'line': b'-- Up-to-date symlink: /home/starry1n/WUTA/WUTA-FSD/ros2_ws/install/ndt_localization/share/ndt_localization/ndt_localization.yaml\n'}
[0.904628] (ndt_localization) StdoutLine: {'line': b'-- Up-to-date symlink: /home/starry1n/WUTA/WUTA-FSD/ros2_ws/install/ndt_localization/share/ament_index/resource_index/package_run_dependencies/ndt_localization\n'}
[0.905107] (ndt_localization) StdoutLine: {'line': b'-- Up-to-date symlink: /home/starry1n/WUTA/WUTA-FSD/ros2_ws/install/ndt_localization/share/ament_index/resource_index/parent_prefix_path/ndt_localization\n'}
[0.905380] (ndt_localization) StdoutLine: {'line': b'-- Up-to-date symlink: /home/starry1n/WUTA/WUTA-FSD/ros2_ws/install/ndt_localization/share/ndt_localization/environment/ament_prefix_path.sh\n'}
[0.905527] (ndt_localization) StdoutLine: {'line': b'-- Up-to-date symlink: /home/starry1n/WUTA/WUTA-FSD/ros2_ws/install/ndt_localization/share/ndt_localization/environment/ament_prefix_path.dsv\n'}
[0.905584] (ndt_localization) StdoutLine: {'line': b'-- Up-to-date symlink: /home/starry1n/WUTA/WUTA-FSD/ros2_ws/install/ndt_localization/share/ndt_localization/environment/path.sh\n'}
[0.905634] (ndt_localization) StdoutLine: {'line': b'-- Up-to-date symlink: /home/starry1n/WUTA/WUTA-FSD/ros2_ws/install/ndt_localization/share/ndt_localization/environment/path.dsv\n'}
[0.905679] (ndt_localization) StdoutLine: {'line': b'-- Up-to-date symlink: /home/starry1n/WUTA/WUTA-FSD/ros2_ws/install/ndt_localization/share/ndt_localization/local_setup.bash\n'}
[0.905729] (ndt_localization) StdoutLine: {'line': b'-- Up-to-date symlink: /home/starry1n/WUTA/WUTA-FSD/ros2_ws/install/ndt_localization/share/ndt_localization/local_setup.sh\n'}
[0.905858] (ndt_localization) StdoutLine: {'line': b'-- Up-to-date symlink: /home/starry1n/WUTA/WUTA-FSD/ros2_ws/install/ndt_localization/share/ndt_localization/local_setup.zsh\n'}
[0.905920] (ndt_localization) StdoutLine: {'line': b'-- Up-to-date symlink: /home/starry1n/WUTA/WUTA-FSD/ros2_ws/install/ndt_localization/share/ndt_localization/local_setup.dsv\n'}
[0.905971] (ndt_localization) StdoutLine: {'line': b'-- Symlinking: /home/starry1n/WUTA/WUTA-FSD/ros2_ws/install/ndt_localization/share/ndt_localization/package.dsv\n'}
[0.908576] (wuta_tools) StdoutLine: {'line': b'-- Up-to-date symlink: /home/starry1n/WUTA/WUTA-FSD/ros2_ws/install/wuta_tools/share/ament_index/resource_index/packages/wuta_tools\n'}
[0.908839] (wuta_tools) StdoutLine: {'line': b'-- Up-to-date symlink: /home/starry1n/WUTA/WUTA-FSD/ros2_ws/install/wuta_tools/share/wuta_tools/cmake/wuta_toolsConfig.cmake\n'}
[0.908895] (wuta_tools) StdoutLine: {'line': b'-- Up-to-date symlink: /home/starry1n/WUTA/WUTA-FSD/ros2_ws/install/wuta_tools/share/wuta_tools/cmake/wuta_toolsConfig-version.cmake\n'}
[0.909067] (path_generator) StdoutLine: {'line': b'-- Up-to-date symlink: /home/starry1n/WUTA/WUTA-FSD/ros2_ws/install/path_generator/share/ament_index/resource_index/packages/path_generator\n'}
[0.909265] (path_generator) StdoutLine: {'line': b'-- Up-to-date symlink: /home/starry1n/WUTA/WUTA-FSD/ros2_ws/install/path_generator/share/path_generator/cmake/path_generatorConfig.cmake\n'}
[0.909457] (path_generator) StdoutLine: {'line': b'-- Up-to-date symlink: /home/starry1n/WUTA/WUTA-FSD/ros2_ws/install/path_generator/share/path_generator/cmake/path_generatorConfig-version.cmake\n'}
[0.909601] (wuta_tools) StdoutLine: {'line': b'-- Up-to-date symlink: /home/starry1n/WUTA/WUTA-FSD/ros2_ws/install/wuta_tools/share/wuta_tools/package.xml\n'}
[0.909699] (path_generator) StdoutLine: {'line': b'-- Up-to-date symlink: /home/starry1n/WUTA/WUTA-FSD/ros2_ws/install/path_generator/share/path_generator/package.xml\n'}
[0.910924] (wuta_tools) CommandEnded: {'returncode': 0}
[0.914304] (ndt_localization) StdoutLine: {'line': b'-- Up-to-date symlink: /home/starry1n/WUTA/WUTA-FSD/ros2_ws/install/ndt_localization/share/ament_index/resource_index/packages/ndt_localization\n'}
[0.914513] (ndt_localization) StdoutLine: {'line': b'-- Up-to-date symlink: /home/starry1n/WUTA/WUTA-FSD/ros2_ws/install/ndt_localization/share/ndt_localization/cmake/ndt_localizationConfig.cmake\n'}
[0.915501] (ndt_localization) StdoutLine: {'line': b'-- Up-to-date symlink: /home/starry1n/WUTA/WUTA-FSD/ros2_ws/install/ndt_localization/share/ndt_localization/cmake/ndt_localizationConfig-version.cmake\n'}
[0.915787] (ndt_localization) StdoutLine: {'line': b'-- Up-to-date symlink: /home/starry1n/WUTA/WUTA-FSD/ros2_ws/install/ndt_localization/share/ndt_localization/package.xml\n'}
[0.922816] (wuta_tools) JobEnded: {'identifier': 'wuta_tools', 'rc': 0}
[0.923215] (path_generator) CommandEnded: {'returncode': 0}
[0.931401] (path_generator) JobEnded: {'identifier': 'path_generator', 'rc': 0}
[0.932653] (ndt_localization) CommandEnded: {'returncode': 0}
[0.941313] (ndt_localization) JobEnded: {'identifier': 'ndt_localization', 'rc': 0}
[0.941950] (-) EventReactorShutdown: {}
